Price,AdjClose
Ticker,FTSE100_EXT_D
Date,
1984-01-03,1167.4500254492173
1984-01-04,1168.7374104374842
1984-01-05,1188.8678913285373
1984-01-06,1204.3168683581398
1984-01-09,1210.8709451905386
1984-01-10,1210.5199181218256
1984-01-11,1197.7627915257412
1984-01-12,1207.0087902257378
1984-01-13,1220.350961936344
1984-01-16,1224.2132597693044
1984-01-17,1219.4147468849496
1984-01-18,1239.076977382146
1984-01-19,1238.0237533078473
1984-01-20,1239.4281473190185
1984-01-23,1225.1496176888586
1984-01-24,1234.9806615033767
1984-01-25,1256.3985988167767
1984-01-26,1254.760043891637
1984-01-27,1259.2075297072788
1984-01-30,1250.6637280128678
1984-01-31,1244.109651180469
1984-02-01,1240.949693221254
1984-02-02,1229.831121550309
1984-02-03,1240.3645052385725
1984-02-06,1215.0842700922121
1984-02-07,1195.7731380978087
1984-02-08,1205.1360743866298
1984-02-09,1190.1553477508842
1984-02-10,1191.442732739151
1984-02-13,1191.7938312419437
1984-02-14,1201.9761164274146
1984-02-15,1208.9983722195905
1984-02-16,1211.3391241503157
1984-02-17,1216.0206280117661
1984-02-20,1211.8073031100926
1984-02-21,1222.3406867983563
1984-02-22,1220.7021318732166
1984-02-23,1207.476826317355
1984-02-24,1213.5628670581366
1984-02-27,1218.7125498793641
1984-02-28,1216.2546460575747
1984-02-29,1217.5421739140015
1984-03-01,1224.3302687922087
1984-03-02,1241.4177293128712
1984-03-05,1233.2250975553327
1984-03-06,1245.865215128513
1984-03-07,1235.4488404631536
1984-03-08,1235.683001377122
1984-03-09,1240.7155323072855
1984-03-12,1244.8118481860547
1984-03-13,1266.9319825050402
1984-03-14,1273.0178803776619
1984-03-15,1288.7009468871531
1984-03-16,1320.769276911721
1984-03-19,1298.7661516156397
1984-03-20,1314.6833790390992
1984-03-21,1323.3440468882548
1984-03-22,1307.5439713558594
1984-03-23,1312.342627108374
1984-03-26,1310.4699112692658
1984-03-27,1289.637304806707
1984-03-28,1291.6268868005595
1984-03-29,1303.3306464541859
1984-03-30,1302.043261465919
1984-04-02,1296.8935786446914
1984-04-03,1282.02986103185
1984-04-04,1279.9231271469334
1984-04-05,1289.98833187542
1984-04-06,1283.0832279743083
1984-04-09,1283.5512640659256
1984-04-10,1293.7336206854764
1984-04-11,1299.819518558098
1984-04-12,1307.3099533100508
1984-04-13,1321.4714739173066
1984-04-16,1294.3188086681575
1984-04-17,1299.351339598321
1984-04-18,1306.3735953904968
1984-04-19,1297.2447485815642
1984-04-24,1293.7336206854764
1984-04-25,1310.58706316033
1984-04-26,1323.5782078022232
1984-04-27,1332.1218666284744
1984-04-30,1332.2390185195386
1984-05-01,1330.4834545714946
1984-05-02,1334.3456095362953
1984-05-03,1335.984164461435
1984-05-04,1327.2063447212154
1984-05-08,1308.0121503156363
1984-05-09,1299.0003125296082
1984-05-10,1280.8594850664874
1984-05-11,1262.4844966893984
1984-05-14,1266.8149734821359
1984-05-15,1281.093503112296
1984-05-16,1292.680253743018
1984-05-17,1302.6284494486003
1984-05-18,1293.148432702795
1984-05-21,1297.5957756502771
1984-05-22,1269.3897434586697
1984-05-23,1258.6223417245976
1984-05-24,1230.7673366017032
1984-05-25,1235.3318314402493
1984-05-29,1236.034028445835
1984-05-30,1201.5079374676377
1984-05-31,1194.953860635239
1984-06-01,1235.683001377122
1984-06-04,1261.6652906609083
1984-06-05,1261.4312726151
1984-06-06,1273.2520412916303
1984-06-07,1254.6430348687327
1984-06-08,1250.6637280128678
1984-06-11,1259.2075297072788
1984-06-12,1248.908164064824
1984-06-13,1246.0992331743216
1984-06-14,1221.6384897927705
1984-06-15,1217.308013000033
1984-06-18,1220.2339529134397
1984-06-19,1235.9170194229307
1984-06-20,1212.0413211559012
1984-06-21,1219.063576948077
1984-06-22,1209.1153812424945
1984-06-25,1209.1153812424945
1984-06-26,1198.8161584681995
1984-06-27,1215.2014219832763
1984-06-28,1204.6680382950126
1984-06-29,1218.8295589022684
1984-07-02,1226.0858327402527
1984-07-03,1229.1287816765637
1984-07-04,1244.4608211173418
1984-07-05,1243.4074541748835
1984-07-06,1219.8829258447267
1984-07-09,1209.5835602022717
1984-07-10,1187.2294078374775
1984-07-11,1172.3656187905563
1984-07-12,1160.3107606341373
1984-07-13,1165.4603720212847
1984-07-16,1173.8870932587117
1984-07-17,1179.5048836056362
1984-07-18,1180.9093490508874
1984-07-19,1173.8870932587117
1984-07-20,1181.8456355363614
1984-07-23,1155.0440687900054
1984-07-24,1158.2040267492205
1984-07-25,1165.9285509810618
1984-07-26,1169.3225984201654
1984-07-27,1165.2262825413964
1984-07-30,1166.2796494838547
1984-07-31,1182.1967340391543
1984-08-01,1191.5597417620554
1984-08-02,1216.1376370346704
1984-08-03,1246.4504031111944
1984-08-06,1242.2370782095209
1984-08-07,1250.780737035772
1984-08-08,1264.8252486201236
1984-08-09,1252.7704618977846
1984-08-10,1282.380888100563
1984-08-13,1268.8045554759885
1984-08-14,1277.8165361301765
1984-08-15,1267.4001614648173
1984-08-16,1258.8563597704062
1984-08-17,1261.6652906609083
1984-08-20,1257.451965759235
1984-08-21,1266.8149734821359
1984-08-22,1275.9438202910685
1984-08-23,1265.2934275799007
1984-08-24,1272.4326923949807
1984-08-28,1266.6979644592316
1984-08-29,1282.7320580374358
1984-08-30,1289.637304806707
1984-08-31,1291.9780567374323
1984-09-03,1293.616611662572
1984-09-04,1268.3363765162114
1984-09-05,1267.0489915279445
1984-09-06,1281.9128520089457
1984-09-07,1286.5943558703962
1984-09-10,1277.5823752162082
1984-09-11,1291.0416988178783
1984-09-12,1291.5098777776554
1984-09-13,1293.616611662572
1984-09-14,1298.6491425927354
1984-09-17,1299.7025095351937
1984-09-18,1299.0003125296082
1984-09-19,1316.9069790787603
1984-09-20,1321.705634831275
1984-09-21,1319.013712963677
1984-09-24,1313.2788421597681
1984-09-25,1316.5559520100473
1984-09-26,1328.9619086692594
1984-09-27,1339.027113397746
1984-09-28,1334.5797704502638
1984-10-01,1319.832918992167
1984-10-02,1309.8847232865846
1984-10-03,1313.2788421597681
1984-10-04,1319.5989009463583
1984-10-05,1328.6107387323866
1984-10-08,1333.0582245480284
1984-10-09,1330.2492936575263
1984-10-10,1330.132284634622
1984-10-11,1335.7501464156264
1984-10-12,1338.558934437969
1984-10-15,1341.250856305567
1984-10-16,1315.8537550044618
1984-10-17,1287.1795438530776
1984-10-18,1274.422417256993
1984-10-19,1300.6388674547477
1984-10-22,1305.4373803391024
1984-10-23,1320.5352588659123
1984-10-24,1317.1411399927288
1984-10-25,1322.6418498826692
1984-10-26,1323.1100288424461
1984-10-29,1329.664105674845
1984-10-30,1340.314498386013
1984-10-31,1347.10273613238
1984-11-01,1355.7635468496953
1984-11-02,1367.7013245491303
1984-11-05,1361.2642567396358
1984-11-06,1359.2746747457832
1984-11-07,1354.4761618614284
1984-11-08,1355.646537826791
1984-11-09,1362.5516417279027
1984-11-12,1375.3087683239874
1984-11-13,1385.3739730524737
1984-11-14,1382.7992030759399
1984-11-15,1363.3709906245524
1984-11-16,1373.436195353039
1984-11-19,1366.296930537959
1984-11-20,1356.5827528781851
1984-11-21,1365.5947335323733
1984-11-22,1355.5293859357269
1984-11-23,1356.2317258094724
1984-11-26,1372.0318013418678
1984-11-27,1378.7028871971709
1984-11-28,1389.8214588681158
1984-11-29,1390.2896378278926
1984-11-30,1382.5651850301315
1984-12-03,1394.7369807753748
1984-12-04,1385.491124943538
1984-12-05,1384.4377580010796
1984-12-06,1376.128117220637
1984-12-07,1392.8644078044265
1984-12-10,1401.993397481519
1984-12-11,1402.812603510009
1984-12-12,1393.5666048100122
1984-12-13,1400.5888606021879
1984-12-14,1410.0690202161531
1984-12-17,1419.0808580021812
1984-12-18,1423.411191926759
1984-12-19,1428.5608747479866
1984-12-20,1412.8778082384954
1984-12-21,1409.951868325089
1984-12-24,1410.5370563077702
1984-12-27,1417.2082850312331
1984-12-28,1434.4127545747997
1984-12-31,1442.137207372561
1985-01-02,1427.858677742401
1985-01-03,1411.5904232502285
1985-01-04,1421.538618955811
1985-01-07,1438.3920614306646
1985-01-08,1455.3625129284226
1985-01-09,1473.737358437352
1985-01-10,1475.8440923222686
1985-01-11,1461.3314017781402
1985-01-14,1428.4438657250823
1985-01-15,1443.3075833379237
1985-01-16,1467.7684695876346
1985-01-17,1475.141895316683
1985-01-18,1495.6234747105289
1985-01-21,1496.9108596987958
1985-01-22,1528.159840826714
1985-01-23,1502.4115695887363
1985-01-24,1491.8781859004725
1985-01-25,1507.4442433870595
1985-01-28,1481.4619541032732
1985-01-29,1462.1507506747898
1985-01-30,1494.9212777049433
1985-01-31,1499.0175935837124
1985-02-01,1489.420424946843
1985-02-04,1484.2707421256155
1985-02-05,1508.7316283753264
1985-02-06,1509.1998073351033
1985-02-07,1517.1584210468332
1985-02-08,1515.9880450814705
1985-02-11,1518.5628150580044
1985-02-12,1489.8886039066201
1985-02-13,1500.4219875948836
1985-02-14,1509.550977271976
1985-02-15,1499.8367996122024
1985-02-18,1484.855930108297
1985-02-19,1493.2827227798036
1985-02-20,1493.1657137568993
1985-02-21,1497.0278687217
1985-02-22,1485.0900910222654
1985-02-25,1473.9715193513205
1985-02-26,1474.0885283742246
1985-02-27,1473.2693223457347
1985-02-28,1474.3225464200332
1985-03-01,1463.9063146228339
1985-03-04,1481.344802212209
1985-03-05,1492.112346814441
1985-03-06,1504.4012944507485
1985-03-07,1504.8694734105256
1985-03-08,1508.146440392645
1985-03-11,1510.7213532373387
1985-03-12,1521.488754971411
1985-03-13,1515.8708931904064
1985-03-14,1521.1375850345382
1985-03-15,1533.0755056021328
1985-03-18,1521.8399249082836
1985-03-19,1526.7554468155427
1985-03-20,1529.915404774758
1985-03-21,1522.3079609999008
1985-03-22,1524.8828738445945
1985-03-25,1518.9139849948772
1985-03-26,1510.2531742775616
1985-03-27,1507.4442433870595
1985-03-28,1506.3908764446012
1985-03-29,1494.5701077680706
1985-04-01,1496.091653670306
1985-04-02,1506.0398493758883
1985-04-03,1491.9953377915367
1985-04-04,1496.3256717161146
1985-04-09,1486.6114940563407
1985-04-10,1490.0056129295244
1985-04-11,1485.5582699820422
1985-04-12,1493.1657137568993
1985-04-15,1508.0294313697407
1985-04-16,1510.7213532373387
1985-04-17,1526.1702588328615
1985-04-18,1527.9258227809053
1985-04-19,1521.1375850345382
1985-04-22,1515.5198661216934
1985-04-23,1503.8161064680673
1985-04-24,1504.7523215194615
1985-04-25,1509.1998073351033
1985-04-26,1515.9880450814705
1985-04-29,1513.1791141909682
1985-04-30,1510.9553712831473
1985-05-01,1523.2443189194548
1985-05-02,1532.1391476825788
1985-05-03,1534.2458815674954
1985-05-07,1527.9258227809053
1985-05-08,1530.7347536714076
1985-05-09,1528.8621807004595
1985-05-10,1539.9807523714044
1985-05-13,1560.1111618283776
1985-05-14,1552.5037180535205
1985-05-15,1571.1127244764182
1985-05-16,1573.219315493175
1985-05-17,1553.5570849959788
1985-05-20,1557.5363918518437
1985-05-21,1561.3985468166445
1985-05-22,1561.0475197479316
1985-05-23,1551.0993240423493
1985-05-24,1537.6400004406792
1985-05-28,1541.8533253423525
1985-05-29,1535.5332665557623
1985-05-30,1538.6932245149776
1985-05-31,1536.703642521125
1985-06-03,1550.2799751456994
1985-06-04,1564.324486730051
1985-06-05,1563.505280701561
1985-06-06,1547.2370262093887
1985-06-07,1533.8947116306229
1985-06-10,1521.020576011634
1985-06-11,1530.9687717172162
1985-06-12,1511.4235502429244
1985-06-13,1496.7938506758915
1985-06-14,1492.8145438200265
1985-06-17,1503.230918485386
1985-06-18,1502.762739525609
1985-06-19,1502.8797485485131
1985-06-20,1493.7509017395807
1985-06-21,1477.0144682876312
1985-06-24,1482.3981691546674
1985-06-25,1460.9803747094272
1985-06-26,1447.1698811708843
1985-06-27,1444.5951111943505
1985-06-28,1445.297308199936
1985-07-01,1459.2248107613832
1985-07-02,1463.9063146228339
1985-07-03,1450.4469910211635
1985-07-04,1461.9165897608214
1985-07-05,1474.673716356906
1985-07-08,1472.5669824719894
1985-07-09,1450.7980180898765
1985-07-10,1440.0306163558043
1985-07-11,1449.3936240787052
1985-07-12,1440.4987953155812
1985-07-15,1455.479521951327
1985-07-16,1450.6810090669721
1985-07-17,1459.8099987440646
1985-07-18,1461.3314017781402
1985-07-19,1465.8958966166863
1985-07-22,1452.5535820379205
1985-07-23,1443.1905743150194
1985-07-24,1446.8187112340115
1985-07-25,1429.8482597362536
1985-07-26,1450.9150271127808
1985-07-29,1461.6825717150127
1985-07-30,1465.6618785708777
1985-07-31,1476.6632983507584
1985-08-01,1506.5078854675055
1985-08-02,1498.5494146239355
1985-08-05,1488.4842098954489
1985-08-06,1506.859055404378
1985-08-07,1505.8056884619198
1985-08-08,1505.1034914563343
1985-08-09,1505.4546613932068
1985-08-12,1507.5612524099638
1985-08-13,1504.0501245138757
1985-08-14,1513.4131322367768
1985-08-15,1524.0635249479446
1985-08-16,1520.4353880289525
1985-08-19,1515.5198661216934
1985-08-20,1529.7983957518536
1985-08-21,1537.7570094635832
1985-08-22,1532.8413446881643
1985-08-23,1537.2888305038064
1985-08-27,1534.128872544591
1985-08-28,1531.0857807401205
1985-08-29,1549.4607691172096
1985-08-30,1569.2401515054698
1985-09-02,1568.6549635227886
1985-09-03,1563.037101741784
1985-09-04,1552.7377360993291
1985-09-05,1547.2370262093887
1985-09-06,1559.1748039088234
1985-09-09,1555.7808279037997
1985-09-10,1534.8310695501768
1985-09-11,1524.0635249479446
1985-09-12,1537.0548124579977
1985-09-13,1531.7881206138659
1985-09-16,1521.7227730172194
1985-09-17,1516.8072511099604
1985-09-18,1515.4028570987891
1985-09-19,1529.4473686831407
1985-09-20,1519.9672090691756
1985-09-23,1512.2427562714142
1985-09-24,1498.1982446870627
1985-09-25,1492.463373883154
1985-09-26,1487.3138339300863
1985-09-27,1498.9004416926484
1985-09-30,1509.7849953177847
1985-10-01,1516.8072511099604
1985-10-02,1527.808813758001
1985-10-03,1527.6918047350969
1985-10-04,1536.703642521125
1985-10-07,1529.564377706045
1985-10-08,1525.3510528043714
1985-10-09,1530.9687717172162
1985-10-10,1537.9910275093919
1985-10-11,1547.5881961462615
1985-10-14,1546.1836592669304
1985-10-15,1545.9496412211217
1985-10-16,1552.1525481166477
1985-10-17,1563.2711197875926
1985-10-18,1569.708187597087
1985-10-21,1568.6549635227886
1985-10-22,1558.3555978803336
1985-10-23,1575.7942283378686
1985-10-24,1579.539374279765
1985-10-25,1577.1986223490399
1985-10-28,1577.4327832630083
1985-10-29,1596.8609957143958
1985-10-30,1607.8625583624364
1985-10-31,1611.8417223501415
1985-11-01,1613.9484562350583
1985-11-04,1616.1721991428792
1985-11-05,1619.4491661249986
1985-11-06,1632.6744716808603
1985-11-07,1620.7366939814253
1985-11-08,1626.9396008769513
1985-11-11,1609.852140356289
1985-11-12,1616.991405171369
1985-11-13,1634.8982145886812
1985-11-14,1628.8121738478997
1985-11-15,1643.0908463462195
1985-11-18,1644.4952403573907
1985-11-19,1652.6878721149292
1985-11-20,1666.966544613249
1985-11-21,1688.9695270411705
1985-11-22,1698.215525741167
1985-11-25,1703.482217585299
1985-11-26,1675.861373376373
1985-11-27,1683.000638191453
1985-11-28,1672.818424440062
1985-11-29,1684.2880231797199
1985-12-02,1660.178306866882
1985-12-03,1656.7841879936982
1985-12-04,1638.0581725478962
1985-12-05,1633.0256416177328
1985-12-06,1640.7500944154942
1985-12-09,1629.3973618305808
1985-12-10,1626.2374038713658
1985-12-11,1612.07588326411
1985-12-12,1613.3632682523769
1985-12-13,1616.7573871255604
1985-12-16,1611.0225163216517
1985-12-17,1598.0313716797584
1985-12-18,1613.7144381892497
1985-12-19,1627.641797882537
1985-12-20,1622.726275975278
1985-12-23,1625.1840369289075
1985-12-24,1628.578155802091
1985-12-27,1637.2389665194064
1985-12-30,1654.443436062973
1985-12-31,1653.2730600976104
1986-01-02,1662.5190587976072
1986-01-03,1673.4036124227434
1986-01-06,1666.7323836992805
1986-01-07,1656.3160090339213
1986-01-08,1643.4418734149324
1986-01-09,1614.6506532406438
1986-01-10,1632.0892836981789
1986-01-13,1620.5025330674569
1986-01-14,1603.532081569699
1986-01-15,1627.4077798367284
1986-01-16,1632.0892836981789
1986-01-17,1633.844847646223
1986-01-20,1613.1292502065683
1986-01-21,1612.8950892925998
1986-01-22,1627.8759587965053
1986-01-23,1618.3959420507001
1986-01-24,1629.1633437847722
1986-01-27,1644.3782313344864
1986-01-28,1669.3072965439742
1986-01-29,1663.1042467802883
1986-01-30,1672.5842635260938
1986-01-31,1679.489510295365
1986-02-03,1667.902759664643
1986-02-04,1675.5102034395002
1986-02-05,1666.7323836992805
1986-02-06,1670.00949354956
1986-02-07,1691.1932699489914
1986-02-10,1710.5044733774746
1986-02-11,1701.6096446143506
1986-02-12,1720.452669083057
1986-02-13,1724.5489849618261
1986-02-14,1729.6986677830537
1986-02-17,1726.6557188467427
1986-02-18,1746.0839312981304
1986-02-19,1745.498743315449
1986-02-20,1746.317949343939
1986-02-21,1776.6307154204628
1986-02-24,1794.1863549009022
1986-02-25,1787.9833051372163
1986-02-26,1796.0589278718505
1986-02-27,1813.4975583293856
1986-02-28,1806.9434814969868
1986-03-03,1796.4100978087233
1986-03-04,1812.7953613237999
1986-03-05,1836.4368986768611
1986-03-06,1832.925770780773
1986-03-07,1841.9377514349612
1986-03-10,1840.0650355958533
1986-03-11,1869.2074257070144
1986-03-12,1901.2757557315824
1986-03-13,1892.14676605449
1986-03-14,1901.158746708678
1986-03-17,1899.0520128237613
1986-03-18,1924.5662660159305
1986-03-19,1942.590084456147
1986-03-20,1978.0523904857384
1986-03-21,1975.9457994689817
1986-03-24,1947.3885973405017
1986-03-25,1912.1603093567187
1986-03-26,1935.6848376868754
1986-03-27,1953.1234681444105
1986-04-01,1970.9131256706585
1986-04-02,1993.033259989644
1986-04-03,2010.2377295332105
1986-04-04,2000.991730833214
1986-04-07,1976.1798175147903
1986-04-08,1961.1989480108848
1986-04-09,1941.6537265365928
1986-04-10,1978.286551399707
1986-04-11,1982.7338943471889
1986-04-14,1969.8597587282002
1986-04-15,1936.7382046293337
1986-04-16,1945.1648544326806
1986-04-17,1967.2849887516663
1986-04-18,1966.4656398550164
1986-04-21,1952.1871102248565
1986-04-22,1948.9100003745773
1986-04-23,1910.872781500292
1986-04-24,1890.7423720433187
1986-04-25,1899.0520128237613
1986-04-28,1906.3084295299057
1986-04-29,1938.4937685773778
1986-04-30,1943.4092904846368
1986-05-01,1919.5335922176073
1986-05-02,1934.0462827617357
1986-05-06,1914.9690973790612
1986-05-07,1884.4223132567286
1986-05-08,1875.6444935165089
1986-05-09,1874.4741175511463
1986-05-12,1877.04903039584
1986-05-13,1899.8713617204112
1986-05-14,1865.930458724895
1986-05-15,1844.1613514746223
1986-05-16,1831.5213767696018
1986-05-19,1841.1184025383116
1986-05-20,1855.9822630193128
1986-05-21,1863.1215278343927
1986-05-22,1871.197150569027
1986-05-23,1892.9661149511396
1986-05-27,1886.7630651874538
1986-05-28,1901.626925668455
1986-05-29,1883.1349282684616
1986-05-30,1875.8786544304774
1986-06-02,1868.505228701429
1986-06-03,1875.176314556732
1986-06-04,1874.2400995053376
1986-06-05,1887.3482531701352
1986-06-06,1886.5290471416452
1986-06-09,1877.985245447234
1986-06-10,1856.6844600248983
1986-06-11,1839.128820544459
1986-06-12,1839.596999504236
1986-06-13,1852.0029561634478
1986-06-16,1865.1111098282454
1986-06-17,1878.804594343884
1986-06-18,1894.838687922088
1986-06-19,1907.2446445812998
1986-06-20,1916.1394733444238
1986-06-23,1899.2861737377298
1986-06-24,1901.7439346913593
1986-06-25,1907.0106265354912
1986-06-26,1916.4906432812963
1986-06-27,1918.3632162522447
1986-06-30,1930.8863248025207
1986-07-01,1943.7604604215096
1986-07-02,1938.9618046689948
1986-07-03,1938.3766166863136
1986-07-04,1930.4181458427436
1986-07-07,1908.8831995064395
1986-07-08,1871.4311686148353
1986-07-09,1889.6890051008604
1986-07-10,1903.8505257081163
1986-07-11,1903.4994986394033
1986-07-14,1869.441586620983
1986-07-15,1864.4089128226597
1986-07-16,1869.441586620983
1986-07-17,1883.4860982053344
1986-07-18,1854.343708094173
1986-07-21,1826.0205240115017
1986-07-22,1824.850148046139
1986-07-23,1840.1821874869172
1986-07-24,1811.390824444469
1986-07-25,1809.1672244048077
1986-07-28,1813.3805493064813
1986-07-29,1821.5731810640195
1986-07-30,1833.1599316947415
1986-07-31,1823.5627630578722
1986-08-01,1827.8932398506097
1986-08-04,1808.6990454450308
1986-08-05,1827.6590789366414
1986-08-06,1802.8471656182176
1986-08-07,1790.55821798191
1986-08-08,1786.8129291718537
1986-08-11,1805.6560965087199
1986-08-12,1823.6797720807765
1986-08-13,1850.3644012383081
1986-08-14,1858.7910510416552
1986-08-15,1874.825287488019
1986-08-18,1883.1349282684616
1986-08-19,1877.7512274014255
1986-08-20,1877.985245447234
1986-08-21,1880.5601582919278
1986-08-22,1880.9111853606407
1986-08-26,1891.5615780718085
1986-08-27,1907.4788054952683
1986-08-28,1915.6714372528065
1986-08-29,1944.2284965131266
1986-09-01,1957.804972005861
1986-09-02,1951.9530921790479
1986-09-03,1955.3470681840715
1986-09-04,1966.5827917460806
1986-09-05,1971.8494835902125
1986-09-08,1950.5485552997168
1986-09-09,1958.5071690114466
1986-09-10,1946.9204183807246
1986-09-11,1915.3202673159337
1986-09-12,1882.6667493086848
1986-09-15,1905.7232415472242
1986-09-16,1868.7392467472375
1986-09-17,1884.7734831936014
1986-09-18,1889.2208261410833
1986-09-19,1873.069723539975
1986-09-22,1892.614945014267
1986-09-23,1884.3053042338242
1986-09-24,1876.5808514360629
1986-09-25,1844.3955123885908
1986-09-26,1835.8517106941797
1986-09-29,1801.4426287388867
1986-09-30,1820.870984058434
1986-10-01,1847.204443279093
1986-10-02,1841.1184025383116
1986-10-03,1826.722863885247
1986-10-06,1847.9066402846786
1986-10-07,1863.5897067941698
1986-10-08,1858.323014950038
1986-10-09,1882.6667493086848
1986-10-10,1871.8993475746124
1986-10-13,1886.9972261014223
1986-10-14,1863.8237248399785
1986-10-15,1881.3793643204178
1986-10-16,1878.4534244070112
1986-10-17,1884.3053042338242
1986-10-20,1861.1318029723805
1986-10-21,1862.302178937743
1986-10-22,1860.4296059667947
1986-10-23,1840.4162055327258
1986-10-24,1845.799906399762
1986-10-27,1856.45029911093
1986-10-28,1853.407350174619
1986-10-29,1869.09041668411
1986-10-30,1891.0935419801915
1986-10-31,1910.1705844947064
1986-11-03,1918.480225275149
1986-11-04,1916.724661327105
1986-11-05,1924.5662660159305
1986-11-06,1929.3647789002853
1986-11-07,1945.8670514382663
1986-11-10,1938.3766166863136
1986-11-11,1943.877469444414
1986-11-12,1936.3870346924612
1986-11-13,1924.8002840617391
1986-11-14,1924.4492569930262
1986-11-17,1906.0742686159372
1986-11-18,1893.083123974044
1986-11-19,1877.6342183785212
1986-11-20,1885.1245102623143
1986-11-21,1901.7439346913593
1986-11-24,1915.3202673159337
1986-11-25,1895.1898578589605
1986-11-26,1911.2239514371647
1986-11-27,1910.6387634544833
1986-11-28,1915.5542853617424
1986-12-01,1893.4342939109167
1986-12-02,1902.446131696945
1986-12-03,1890.2741930835416
1986-12-04,1884.4223132567286
1986-12-05,1888.4016201125935
1986-12-08,1899.9883707433155
1986-12-09,1914.6180703103482
1986-12-10,1913.0965244081128
1986-12-11,1912.3943274025273
1986-12-12,1907.4788054952683
1986-12-15,1915.9054552986152
1986-12-16,1916.9588222410734
1986-12-17,1915.0862492701253
1986-12-18,1908.4150205466624
1986-12-19,1910.2875935176105
1986-12-22,1933.6951128248631
1986-12-23,1943.877469444414
1986-12-24,1948.792991351673
1986-12-29,1956.40043512653
1986-12-30,1958.1559990745739
1986-12-31,1965.0612458438454
1987-01-02,1967.519006797475
1987-01-05,1966.231621809208
1987-01-06,1978.7545874913242
1987-01-07,2015.6214304002467
1987-01-08,2028.3785569963313
1987-01-09,2050.8498612521894
1987-01-12,2054.7120162169904
1987-01-13,2063.7239968711783
1987-01-14,2065.9475969108394
1987-01-15,2093.802602033734
1987-01-16,2093.802602033734
1987-01-19,2081.396645374522
1987-01-20,2081.9818333572034
1987-01-21,2061.734272009166
1987-01-22,2080.343278432064
1987-01-23,2101.1760277627823
1987-01-26,2085.375952230387
1987-01-27,2123.5301801275764
1987-01-28,2120.8382582599784
1987-01-29,2104.452994744902
1987-01-30,2116.3909153124964
1987-02-02,2145.065126463881
1987-02-03,2140.149461688462
1987-02-04,2161.3332380878933
1987-02-05,2184.03856038956
1987-02-06,2221.841761218037
1987-02-09,2236.237299871101
1987-02-10,2194.3379260320153
1987-02-11,2218.798812281726
1987-02-12,2198.668259956593
1987-02-13,2221.490591281164
1987-02-16,2253.9100912426047
1987-02-17,2272.8701247342156
1987-02-18,2284.5738843878416
1987-02-19,2258.942622172768
1987-02-20,2295.692456058787
1987-02-23,2270.1782028666175
1987-02-24,2278.4879865152197
1987-02-25,2309.268788683361
1987-02-26,2317.578429463804
1987-02-27,2316.408053498441
1987-03-02,2320.972548336987
1987-03-03,2338.762348731395
1987-03-04,2343.9118886844626
1987-03-05,2344.029040575527
1987-03-06,2338.6451968403308
1987-03-09,2309.9709856889467
1987-03-10,2326.3562492040232
1987-03-11,2316.6422144124094
1987-03-12,2328.6970011347485
1987-03-13,2340.7519307252473
1987-03-16,2331.154904956538
1987-03-17,2348.1253564542963
1987-03-18,2348.4763835230087
1987-03-19,2330.218547036984
1987-03-20,2361.2335101190934
1987-03-23,2379.374337582214
1987-03-24,2406.527002831363
1987-03-25,2390.961088212936
1987-03-26,2384.992199363219
1987-03-27,2397.632316936399
1987-03-30,2343.677870638654
1987-03-31,2337.9429998347455
1987-04-01,2309.268788683361
1987-04-02,2326.3562492040232
1987-04-03,2299.90578096046
1987-04-06,2328.579992111844
1987-04-07,2325.5370431755337
1987-04-08,2313.4821135850343
1987-04-09,2297.214001961022
1987-04-10,2266.6670749705295
1987-04-13,2243.727734623054
1987-04-14,2234.1307088543444
1987-04-15,2249.6966234727715
1987-04-16,2281.5309354515307
1987-04-21,2270.7633908492985
1987-04-22,2288.9042183124193
1987-04-23,2303.651069770516
1987-04-24,2342.5074946732916
1987-04-27,2325.0688642157565
1987-04-28,2366.6172109861295
1987-04-29,2385.9284144146127
1987-04-30,2399.85591697606
1987-05-01,2420.922684352587
1987-05-05,2416.9435203648823
1987-05-06,2441.9894517291145
1987-05-07,2431.924104132468
1987-05-08,2488.8044903436194
1987-05-11,2531.874383016228
1987-05-12,2508.4668637089753
1987-05-13,2531.9912491709724
1987-05-14,2551.4196044905198
1987-05-15,2562.7721942072735
1987-05-18,2565.5812679659352
1987-05-19,2591.5635572497217
1987-05-20,2544.397348698344
1987-05-21,2520.638659454219
1987-05-22,2536.789904923487
1987-05-26,2520.2874895173463
1987-05-27,2511.275651731318
1987-05-28,2524.9689933787968
1987-05-29,2578.33825169386
1987-06-01,2607.8316688737345
1987-06-02,2597.766607013408
1987-06-03,2616.258318677081
1987-06-04,2591.4464053586576
1987-06-05,2608.5340087474797
1987-06-08,2608.065686919543
1987-06-09,2651.1355795921513
1987-06-10,2640.4853297491436
1987-06-11,2632.5267160374137
1987-06-12,2679.575772697727
1987-06-15,2700.7596919653183
1987-06-16,2702.3981040222984
1987-06-17,2715.740275732904
1987-06-18,2683.906106622305
1987-06-19,2652.1890894027697
1987-06-22,2627.0260061474733
1987-06-23,2651.486749529024
1987-06-24,2673.1387048882325
1987-06-25,2665.180091176503
1987-06-26,2681.682506582644
1987-06-29,2679.3417546519186
1987-06-30,2673.2558567792967
1987-07-01,2656.5194233273473
1987-07-02,2688.821628529564
1987-07-03,2724.7523992552524
1987-07-06,2752.607118641827
1987-07-07,2768.4071941742222
1987-07-08,2758.45899846864
1987-07-09,2774.961413874781
1987-07-10,2787.83554949377
1987-07-13,2793.2193932289656
1987-07-14,2812.413444766385
1987-07-15,2831.3734782579954
1987-07-16,2859.696519472507
1987-07-17,2842.4920499289406
1987-07-20,2809.721522898787
1987-07-21,2797.7837451993523
1987-07-22,2743.9464507926714
1987-07-23,2738.913776994348
1987-07-24,2746.755238815014
1987-07-27,2731.5403512652997
1987-07-28,2761.970126364728
1987-07-29,2789.1230773501966
1987-07-30,2774.3762258920997
1987-07-31,2763.140502330091
1987-08-03,2732.0086730932367
1987-08-04,2700.993710011127
1987-08-05,2712.2291478368165
1987-08-06,2646.6880937765095
1987-08-07,2605.4909169430093
1987-08-10,2624.216932388811
1987-08-11,2663.0733572915865
1987-08-12,2675.596608710022
1987-08-13,2680.278112571473
1987-08-14,2686.4808765988387
1987-08-17,2686.4808765988387
1987-08-18,2603.8525048860292
1987-08-19,2572.01833577543
1987-08-20,2557.622654254206
1987-08-21,2581.6153615441394
1987-08-24,2604.203674822902
1987-08-25,2631.1223220262423
1987-08-26,2632.8778859742865
1987-08-27,2628.4304001586443
1987-08-28,2632.994752129031
1987-09-01,2660.0305512234354
1987-09-02,2632.7607340832224
1987-09-03,2654.529841333495
1987-09-04,2662.488169308905
1987-09-07,2672.6706687966157
1987-09-08,2662.6053211999692
1987-09-09,2632.292697991605
1987-09-10,2637.0910680078
1987-09-11,2646.454075730701
1987-09-14,2658.8601752580726
1987-09-15,2650.3163735636617
1987-09-16,2668.2231829809734
1987-09-17,2697.1314121781666
1987-09-18,2724.986417301061
1987-09-21,2732.593861075918
1987-09-22,2734.2322731328977
1987-09-23,2753.192306624508
1987-09-24,2707.547643975366
1987-09-25,2741.7228507530103
1987-09-28,2771.567437869757
1987-09-29,2771.801455915566
1987-09-30,2769.109534047968
1987-10-01,2778.23852372506
1987-10-02,2788.0695675395787
1987-10-05,2792.283035309412
1987-10-06,2771.333134087629
1987-10-07,2761.8532602099835
1987-10-08,2780.228105718913
1987-10-09,2769.6947220306492
1987-10-12,2736.9241950004957
1987-10-13,2750.6175366479747
1987-10-14,2718.666215646311
1987-10-15,2694.0883203736958
1987-10-16,2694.0883203736958
1987-10-19,2401.9626508609767
1987-10-20,2108.549310623671
1987-10-21,2274.976858619132
1987-10-22,2145.533162555498
1987-10-23,2101.058875871718
1987-10-26,1971.0301346935628
1987-10-27,1994.2036359550066
1987-10-28,1940.9515295310073
1987-10-29,1968.5723737399333
1987-10-30,2047.923921338783
1987-11-02,2017.3769943482907
1987-11-03,1935.6848376868754
1987-11-04,1882.0815613260033
1987-11-05,1918.0121891835317
1987-11-06,1896.9454218070045
1987-11-09,1831.8724038383148
1987-11-10,1841.5865814980884
1987-11-11,1918.5973771662132
1987-11-12,1992.565081029867
1987-11-13,1964.2420398153554
1987-11-16,1971.8494835902125
1987-11-17,1942.9411115248597
1987-11-18,1947.1544364265333
1987-11-19,1918.3632162522447
1987-11-20,1911.2239514371647
1987-11-23,1940.1321806343576
1987-11-24,1976.8820145203758
1987-11-25,1947.6226153863104
1987-11-26,1943.6433085304454
1987-11-27,1932.9929158192774
1987-11-30,1849.0770162500412
1987-12-01,1847.4384613249017
1987-12-02,1861.2489548634446
1987-12-03,1859.0252119556235
1987-12-04,1852.3539832321608
1987-12-07,1870.2607926494727
1987-12-08,1901.158746708678
1987-12-09,1918.5973771662132
1987-12-10,1895.5408849276735
1987-12-11,1932.9929158192774
1987-12-14,1934.16329178464
1987-12-15,1954.5278621555817
1987-12-16,1977.7013634170255
1987-12-17,1996.8954149544447
1987-12-18,2009.535532527625
1987-12-21,2048.3919574304
1987-12-22,2045.1149904482809
1987-12-23,2073.204013616984
1987-12-24,2096.2603629873634
1987-12-29,2025.1015900142118
1987-12-30,2059.6276809924093
1987-12-31,2005.907395608633
1988-01-05,2094.5047990393196
1988-01-06,2091.578859125913
1988-01-07,2091.695868148817
1988-01-08,2075.544765547709
1988-01-11,2060.0957170840265
1988-01-12,2035.5178218114113
1988-01-13,2028.7297269332041
1988-01-14,2040.4334865868302
1988-01-15,2091.110680166136
1988-01-18,2094.9729779990967
1988-01-19,2069.224706761119
1988-01-20,2051.435049234871
1988-01-21,2044.8808295343124
1988-01-22,2072.6188256343025
1988-01-25,2062.4364690147518
1988-01-26,2068.4055007326288
1988-01-27,2065.9475969108394
1988-01-28,2087.8337131840167
1988-01-29,2095.9093359186504
1988-02-01,2079.641081426478
1988-02-02,2076.7151415130716
1988-02-03,2067.2351247672664
1988-02-04,2067.937321772852
1988-02-05,2033.8794097544314
1988-02-08,1983.202073306966
1988-02-09,1998.0657909198073
1988-02-10,2011.291096475669
1988-02-11,2024.5164020315306
1988-02-12,2029.4319239387896
1988-02-15,2035.5178218114113
1988-02-16,2030.485290881248
1988-02-17,2045.9341964767707
1988-02-18,2031.8896848924192
1988-02-19,2024.5164020315306
1988-02-22,2044.8808295343124
1988-02-23,2057.4039380845884
1988-02-24,2059.9787080611222
1988-02-25,2086.0781492359724
1988-02-26,2067.469142813075
1988-02-29,2070.161064680673
1988-03-01,2085.4929612532915
1988-03-02,2116.8589514041137
1988-03-03,2122.2427951393097
1988-03-04,2147.0547084577333
1988-03-07,2127.977523075059
1988-03-08,2124.232377133162
1988-03-09,2124.583547070035
1988-03-10,2147.1717174806377
1988-03-11,2120.2530702772974
1988-03-14,2129.499068977294
1988-03-15,2149.3954603884586
1988-03-16,2136.7553428152783
1988-03-17,2139.5642737057806
1988-03-18,2171.6326037303484
1988-03-21,2154.7791612554947
1988-03-22,2148.108075400192
1988-03-23,2144.3627865901353
1988-03-24,2086.4291763046854
1988-03-25,2069.1076977382145
1988-03-28,2044.0616235058224
1988-03-29,2065.830587887935
1988-03-30,2056.2335621192256
1988-03-31,2039.380119644372
1988-04-05,2033.6452488404632
1988-04-06,2042.3060595577786
1988-04-07,2061.0320750035803
1988-04-08,2082.9180484085978
1988-04-11,2118.9656852890303
1988-04-12,2112.879787416409
1988-04-13,2118.848676266126
1988-04-14,2091.695868148817
1988-04-15,2081.6306634203306
1988-04-18,2092.398208022563
1988-04-19,2105.389352664456
1988-04-20,2091.2278320572
1988-04-21,2097.1967209069176
1988-04-22,2073.438031662792
1988-04-25,2080.4602874549682
1988-04-26,2107.613095572277
1988-04-27,2114.050163381771
1988-04-28,2111.8264204739503
1988-04-29,2109.2515076292566
1988-05-03,2115.10338745607
1988-05-04,2100.473687889037
1988-05-05,2094.3877900164152
1988-05-06,2107.96412264099
1988-05-09,2100.7078488030056
1988-05-10,2098.0159269354076
1988-05-11,2056.1165530963212
1988-05-12,2074.257380559442
1988-05-13,2085.375952230387
1988-05-16,2079.2899114896054
1988-05-17,2094.0366200795424
1988-05-18,2080.4602874549682
1988-05-19,2060.5638960438037
1988-05-20,2071.7994767376526
1988-05-23,2061.383244940453
1988-05-24,2086.663337218654
1988-05-25,2092.515217045467
1988-05-26,2089.472268109156
1988-05-27,2087.599552270048
1988-05-31,2088.535910189602
1988-06-01,2113.3478235080256
1988-06-02,2118.7316672432216
1988-06-03,2129.147899040421
1988-06-06,2144.9479745728167
1988-06-07,2130.318275005784
1988-06-08,2139.681282728685
1988-06-09,2155.247340215272
1988-06-10,2164.9615178750455
1988-06-13,2152.0873822560566
1988-06-14,2184.1555694124645
1988-06-15,2187.7838491996167
1988-06-16,2179.123038482301
1988-06-17,2165.3125449437584
1988-06-20,2158.1732801286785
1988-06-21,2177.0163045973845
1988-06-22,2199.487608853243
1988-06-23,2199.0194298934657
1988-06-24,2190.124601130342
1988-06-27,2155.247340215272
1988-06-28,2173.271158655488
1988-06-29,2171.1644247705713
1988-06-30,2174.090364683978
1988-07-01,2174.7925616895636
1988-07-04,2162.854783990129
1988-07-05,2170.8133977018583
1988-07-06,2188.6030552281063
1988-07-07,2171.6326037303484
1988-07-08,2197.0297050314534
1988-07-11,2196.561668939836
1988-07-12,2175.1437316264364
1988-07-13,2190.124601130342
1988-07-14,2180.7615934074406
1988-07-15,2178.654859522524
1988-07-18,2164.376329892364
1988-07-19,2159.1096380482322
1988-07-20,2185.3259453778273
1988-07-21,2182.0489783957078
1988-07-22,2159.1096380482322
1988-07-25,2151.736212319184
1988-07-26,2150.7998543996296
1988-07-27,2154.428134186782
1988-07-28,2155.013322169463
1988-07-29,2169.4088608225275
1988-08-01,2179.474065551014
1988-08-02,2171.6326037303484
1988-08-03,2182.868184424198
1988-08-04,2188.251885291234
1988-08-05,2195.508301997378
1988-08-08,2195.6253110202824
1988-08-09,2179.942244510791
1988-08-10,2153.3747672443233
1988-08-11,2147.8739144862234
1988-08-12,2157.4710831230927
1988-08-15,2126.3391110180787
1988-08-16,2136.287306723661
1988-08-17,2142.84138355606
1988-08-18,2146.3525114521476
1988-08-19,2158.524450065551
1988-08-22,2144.4799384811995
1988-08-23,2127.626496006346
1988-08-24,2129.147899040421
1988-08-25,2083.5032363912787
1988-08-26,2072.384664720334
1988-08-30,2053.775801165596
1988-08-31,2052.371264286265
1988-09-01,2025.3356080600204
1988-09-02,2044.5298024655995
1988-09-05,2065.12839088235
1988-09-06,2069.224706761119
1988-09-07,2055.297204199672
1988-09-08,2036.2201616851569
1988-09-09,2034.5816067600172
1988-09-12,2041.8378805980014
1988-09-13,2055.5313651136403
1988-09-14,2065.830587887935
1988-09-15,2070.746252663354
1988-09-16,2067.7031608588836
1988-09-19,2059.7446900153136
1988-09-20,2074.0232196454735
1988-09-21,2102.9315917108265
1988-09-22,2093.451432096861
1988-09-23,2097.781908889599
1988-09-26,2098.132935958312
1988-09-27,2116.0397453756236
1988-09-28,2121.3064372197555
1988-09-29,2140.617640648239
1988-09-30,2137.6917007348325
1988-10-03,2109.7196865890337
1988-10-04,2115.220539347134
1988-10-05,2137.457682689024
1988-10-06,2152.204391278961
1988-10-07,2158.992486157168
1988-10-10,2158.2902891515823
1988-10-11,2151.502194273375
1988-10-12,2123.413171104672
1988-10-13,2142.6072226420915
1988-10-14,2154.1939732728133
1988-10-17,2176.89929557448
1988-10-18,2173.388167678392
1988-10-19,2179.825235487887
1988-10-20,2181.9319693728035
1988-10-21,2176.08008954599
1988-10-24,2163.3229629499056
1988-10-25,2161.4503899789574
1988-10-26,2166.0147419493437
1988-10-27,2167.6532968744837
1988-10-28,2175.026722603532
1988-10-31,2168.0044668113565
1988-11-01,2174.3245255979464
1988-11-02,2157.2369222091243
1988-11-03,2150.6828453767257
1988-11-04,2146.8206904119247
1988-11-07,2129.7330870231026
1988-11-08,2154.1939732728133
1988-11-09,2136.7553428152783
1988-11-10,2133.8294029018716
1988-11-11,2109.836695611938
1988-11-14,2100.00565179742
1988-11-15,2109.3686595203208
1988-11-16,2115.220539347134
1988-11-17,2134.2975818616487
1988-11-18,2134.06356381584
1988-11-21,2119.667882294616
1988-11-22,2131.6058028622106
1988-11-23,2150.0976573940443
1988-11-24,2145.416153532594
1988-11-25,2100.473687889037
1988-11-28,2085.0247822935144
1988-11-29,2091.3448410801043
1988-11-30,2097.781908889599
1988-12-01,2081.747672443235
1988-12-02,2065.713578865031
1988-12-05,2061.734272009166
1988-12-06,2068.522509755533
1988-12-07,2073.5550406856964
1988-12-08,2057.4039380845884
1988-12-09,2048.509109321464
1988-12-12,2045.700178430962
1988-12-13,2051.2008883209023
1988-12-14,2055.297204199672
1988-12-15,2063.606844980114
1988-12-16,2075.8957926164217
1988-12-19,2072.1506466745254
1988-12-20,2080.2262694091596
1988-12-21,2074.608407628155
1988-12-22,2070.043912789609
1988-12-23,2076.2469625532945
1988-12-28,2092.2810561314986
1988-12-29,2110.656044508588
1988-12-30,2098.6011149180886
1989-01-03,2086.5463281957495
1989-01-04,2098.4841058951843
1989-01-05,2106.0915496700413
1989-01-06,2119.9020432085845
1989-01-09,2143.5435805616453
1989-01-10,2148.810272405777
1989-01-11,2146.5865294979562
1989-01-12,2166.248902863312
1989-01-13,2179.3570565281098
1989-01-16,2190.709789113023
1989-01-17,2185.9111333605083
1989-01-18,2214.4683354889885
1989-01-19,2236.3544517621654
1989-01-20,2244.195913582831
1989-01-23,2252.622563386178
1989-01-24,2271.816757791757
1989-01-25,2269.3589968381275
1989-01-26,2293.702874064934
1989-01-27,2347.657177494519
1989-01-30,2390.961088212936
1989-01-31,2401.3774628782953
1989-02-01,2387.21579940288
1989-02-02,2391.5462761956173
1989-02-03,2422.561096409567
1989-02-06,2392.599643138076
1989-02-07,2425.9553581509103
1989-02-08,2453.342041445868
1989-02-09,2433.328783879959
1989-02-10,2406.4101366766185
1989-02-13,2379.0231676453413
1989-02-14,2398.21750491908
1989-02-15,2396.344789079972
1989-02-16,2380.3106955017684
1989-02-17,2390.961088212936
1989-02-20,2417.7627263933723
1989-02-21,2412.1448646123677
1989-02-22,2380.193543610704
1989-02-23,2360.1801431766353
1989-02-24,2363.5742620498186
1989-02-27,2336.889632892287
1989-02-28,2343.5608616157497
1989-03-01,2365.680995934735
1989-03-02,2387.21579940288
1989-03-03,2410.038130727451
1989-03-06,2425.9553581509103
1989-03-07,2438.4783238330265
1989-03-08,2438.244305787218
1989-03-09,2429.583352201743
1989-03-10,2440.4679058268794
1989-03-13,2461.3006551575977
1989-03-14,2487.516962487193
1989-03-15,2482.6014405799338
1989-03-16,2472.536378719607
1989-03-17,2426.306528087783
1989-03-20,2403.484196763212
1989-03-21,2425.253018277165
1989-03-22,2397.632316936399
1989-03-23,2407.463360750917
1989-03-28,2423.2634362833123
1989-03-29,2424.667830294484
1989-03-30,2398.568389119633
1989-03-31,2428.530128127444
1989-04-03,2433.91397186264
1989-04-04,2437.659117804537
1989-04-05,2432.275274069341
1989-04-06,2402.1966689067854
1989-04-07,2394.2380551950555
1989-04-10,2370.0113298593133
1989-04-11,2377.3847555883617
1989-04-12,2379.374337582214
1989-04-13,2374.341663783891
1989-04-14,2403.484196763212
1989-04-17,2404.771438883319
1989-04-18,2427.827788253699
1989-04-19,2442.574639711796
1989-04-20,2416.1240286000725
1989-04-21,2412.1448646123677
1989-04-24,2413.31524057773
1989-04-25,2424.0826423118024
1989-04-26,2450.064931595589
1989-04-27,2476.164372770439
1989-04-28,2478.856294638037
1989-05-02,2461.417807048662
1989-05-03,2464.460613116813
1989-05-04,2480.0266706034
1989-05-05,2496.177916072668
1989-05-08,2480.729010477145
1989-05-09,2487.1660782866397
1989-05-10,2477.6859186726747
1989-05-11,2470.195626788882
1989-05-12,2499.5718920776917
1989-05-15,2516.191173638577
1989-05-16,2500.742268043054
1989-05-17,2523.0965632760085
1989-05-18,2548.2596465313045
1989-05-19,2580.327833687713
1989-05-22,2538.545468871531
1989-05-23,2518.181041368749
1989-05-24,2496.0607641816036
1989-05-25,2500.6254018883096
1989-05-26,2504.9557358128877
1989-05-30,2492.900806222389
1989-05-31,2474.642826868204
1989-06-01,2461.768691249215
1989-06-02,2460.8326190659805
1989-06-05,2444.3302036598398
1989-06-06,2466.4501951106654
1989-06-07,2478.739142746973
1989-06-08,2508.58372986372
1989-06-09,2507.0624696978043
1989-06-12,2502.6149838821625
1989-06-13,2484.7081744648503
1989-06-14,2497.114273992222
1989-06-15,2492.4327701307716
1989-06-16,2509.168917846401
1989-06-19,2521.8090354195815
1989-06-20,2533.6299469642718
1989-06-21,2542.2906148134275
1989-06-22,2551.4196044905198
1989-06-23,2536.789904923487
1989-06-26,2550.9515683989025
1989-06-27,2582.3174156815653
1989-06-28,2585.828543577653
1989-06-29,2553.760356421245
1989-06-30,2517.478701495004
1989-07-03,2534.566304883826
1989-07-04,2544.8653847899614
1989-07-05,2531.406061188291
1989-07-06,2529.4164791944386
1989-07-07,2562.0701400698476
1989-07-10,2569.2092620167678
1989-07-11,2634.399146140202
1989-07-12,2641.187383886569
1989-07-13,2642.7089297888047
1989-07-14,2661.0837752977336
1989-07-17,2662.488169308905
1989-07-18,2660.381721160308
1989-07-19,2683.0869005938152
1989-07-20,2682.8528825480066
1989-07-21,2671.96832892287
1989-07-24,2643.996457645231
1989-07-25,2656.0511014994104
1989-07-26,2650.3163735636617
1989-07-27,2672.78753495136
1989-07-28,2698.8869761262104
1989-07-31,2688.3535924379466
1989-08-01,2682.8528825480066
1989-08-02,2700.993710011127
1989-08-03,2699.238146063083
1989-08-04,2724.050059381507
1989-08-07,2740.435322896584
1989-08-08,2748.1599185625046
1989-08-09,2762.5553143474094
1989-08-10,2747.223560642951
1989-08-11,2755.299040509425
1989-08-14,2722.177343542399
1989-08-15,2722.5285134792716
1989-08-16,2745.467996694907
1989-08-17,2762.087278255792
1989-08-18,2779.7600696272957
1989-08-21,2779.2917477993587
1989-08-22,2774.7273958289725
1989-08-23,2788.303585585387
1989-08-24,2800.8268370038227
1989-08-25,2805.859225065826
1989-08-29,2786.4311554825986
1989-08-30,2787.01634346528
1989-08-31,2794.7406533948815
1989-09-01,2817.680136610517
1989-09-04,2831.3734782579954
1989-09-05,2839.3320919697253
1989-09-06,2798.1349151362247
1989-09-07,2827.511180425035
1989-09-08,2836.874188147936
1989-09-11,2809.6046567440426
1989-09-12,2806.0935288479545
1989-09-13,2810.657880818341
1989-09-14,2787.83554949377
1989-09-15,2769.6947220306492
1989-09-18,2778.23852372506
1989-09-19,2763.842842203836
1989-09-20,2773.5570198636096
1989-09-21,2786.548021637343
1989-09-22,2774.025055955227
1989-09-25,2761.619242164175
1989-09-26,2734.1154069781533
1989-09-27,2728.3803933060844
1989-09-28,2682.150542674261
1989-09-29,2691.162380460289
1989-10-02,2679.2246027608544
1989-10-03,2713.6338275843073
1989-10-04,2706.02638380945
1989-10-05,2670.3299168658905
1989-10-06,2665.531261113376
1989-10-09,2629.8347941698157
1989-10-10,2596.8302490938536
1989-10-11,2596.8302490938536
1989-10-12,2619.0673924357434
1989-10-13,2614.5027547290374
1989-10-16,2531.9912491709724
1989-10-17,2499.337874031883
1989-10-18,2539.832996727958
1989-10-19,2562.3041581156563
1989-10-20,2550.3663804162215
1989-10-23,2562.7721942072735
1989-10-24,2515.4891195011514
1989-10-25,2530.2356852229286
1989-10-26,2492.1984663486433
1989-10-27,2436.839911776047
1989-10-30,2472.06805689167
1989-10-31,2507.6476576804857
1989-11-01,2528.1292370743313
1989-11-02,2521.1069812821556
1989-11-03,2543.3441246240454
1989-11-06,2539.2478087452764
1989-11-07,2549.312870605603
1989-11-08,2579.274609613414
1989-11-09,2576.816705791625
1989-11-10,2594.372345272064
1989-11-13,2590.276029393295
1989-11-14,2592.031593341339
1989-11-15,2578.8062877854773
1989-11-16,2586.29686540559
1989-11-17,2599.8730551620047
1989-11-20,2555.047884277672
1989-11-21,2557.388636208397
1989-11-22,2565.815286011744
1989-11-23,2598.819831087706
1989-11-24,2601.043431127367
1989-11-27,2603.267316903348
1989-11-28,2623.9829143430024
1989-11-29,2639.900141766462
1989-11-30,2664.712055084886
1989-12-01,2704.856007844088
1989-12-04,2695.8438843217396
1989-12-05,2724.050059381507
1989-12-06,2754.7138525267437
1989-12-07,2746.5212207692052
1989-12-08,2766.183594134561
1989-12-11,2752.0219306591457
1989-12-12,2766.183594134561
1989-12-13,2792.751071401029
1989-12-14,2770.2799100133307
1989-12-15,2744.18046883848
1989-12-18,2760.3317143077484
1989-12-19,2741.137662770329
1989-12-20,2762.906484284282
1989-12-21,2753.8946464982537
1989-12-22,2764.4280301865174
1989-12-27,2803.986794963038
1989-12-28,2807.497922859126
1989-12-29,2835.469794136765
1990-01-02,2848.8122515836903
1990-01-03,2883.455208716632
1990-01-04,2869.2938309775363
1990-01-05,2860.9840473289337
1990-01-08,2845.535141733411
1990-01-09,2851.387021560224
1990-01-10,2823.649168328394
1990-01-11,2829.8519323557603
1990-01-12,2785.6119494541085
1990-01-15,2769.3435520937765
1990-01-16,2749.3302945278674
1990-01-17,2778.3553898798045
1990-01-18,2735.0514791613878
1990-01-19,2732.8278791217267
1990-01-22,2688.470744329011
1990-01-23,2681.448488536835
1990-01-24,2666.8187889698024
1990-01-25,2680.0438087893444
1990-01-26,2708.8351718317926
1990-01-29,2725.571605283742
1990-01-30,2717.6129915720126
1990-01-31,2735.5198009893247
1990-02-01,2745.467996694907
1990-02-02,2756.352550320043
1990-02-05,2748.5108027630577
1990-02-06,2716.559767497714
1990-02-07,2700.5253881831904
1990-02-08,2728.146375260276
1990-02-09,2707.7819477574944
1990-02-12,2676.5326808932564
1990-02-13,2683.906106622305
1990-02-14,2689.8751383401823
1990-02-15,2708.015965803303
1990-02-16,2722.177343542399
1990-02-19,2688.470744329011
1990-02-20,2664.9460731306945
1990-02-21,2644.698511782657
1990-02-22,2655.8170834536018
1990-02-23,2602.5649770296027
1990-02-26,2632.5267160374137
1990-02-27,2638.963783846908
1990-02-28,2639.665837984334
1990-03-01,2619.7694465731693
1990-03-02,2638.963783846908
1990-03-05,2610.5235907413326
1990-03-06,2593.553139243574
1990-03-07,2610.289572695524
1990-03-08,2633.3459220659033
1990-03-09,2614.9710765569744
1990-03-12,2601.511752955304
1990-03-13,2603.5013349491564
1990-03-14,2605.374050788265
1990-03-15,2615.6731306944002
1990-03-16,2649.614033689916
1990-03-19,2619.301410481552
1990-03-20,2644.698511782657
1990-03-21,2633.697092002776
1990-03-22,2643.762153863103
1990-03-23,2673.021552997169
1990-03-26,2689.757986449118
1990-03-27,2652.305955557514
1990-03-28,2662.6053211999692
1990-03-29,2648.5608096156175
1990-03-30,2630.888018244114
1990-04-02,2600.107358944133
1990-04-03,2622.4613684407673
1990-04-04,2611.811118597759
1990-04-05,2621.056974429596
1990-04-06,2599.5221709614516
1990-04-09,2607.246480891053
1990-04-10,2595.3087031916184
1990-04-11,2592.967951260893
1990-04-12,2600.692546926814
1990-04-17,2591.7975752955304
1990-04-18,2581.732227698884
1990-04-19,2556.9203143804602
1990-04-20,2559.7293881391224
1990-04-23,2527.0757272637134
1990-04-24,2527.8949332922034
1990-04-25,2508.2328456631667
1990-04-26,2497.114273992222
1990-04-27,2465.5141229274313
1990-04-30,2461.768691249215
1990-05-01,2478.739142746973
1990-05-02,2501.7957778536725
1990-05-03,2498.6355341581375
1990-05-04,2530.5868551598014
1990-05-08,2553.760356421245
1990-05-09,2531.1720431424824
1990-05-10,2524.5009572871795
1990-05-11,2546.620948738005
1990-05-14,2591.7975752955304
1990-05-15,2589.1056534279323
1990-05-16,2600.692546926814
1990-05-17,2673.6067409798497
1990-05-18,2655.7002172988573
1990-05-21,2670.9151048485714
1990-05-22,2705.0900258898964
1990-05-23,2677.117868875938
1990-05-24,2665.0632250217586
1990-05-25,2651.6039014200883
1990-05-29,2686.715180380967
1990-05-30,2745.936032786524
1990-05-31,2744.648790666417
1990-06-01,2775.4294499663984
1990-06-04,2784.324421597682
1990-06-05,2785.6119494541085
1990-06-06,2760.3317143077484
1990-06-07,2783.6220817239364
1990-06-08,2769.8118739217134
1990-06-11,2748.9791245909946
1990-06-12,2774.6102439379083
1990-06-13,2815.2222327887275
1990-06-14,2812.413444766385
1990-06-15,2799.890479084269
1990-06-18,2774.3762258920997
1990-06-19,2773.4398679725455
1990-06-20,2775.1954319205897
1990-06-21,2774.142207846291
1990-06-22,2783.7392336150006
1990-06-25,2807.146752922253
1990-06-26,2808.6682988244884
1990-06-27,2777.8873537881877
1990-06-28,2757.054604457469
1990-06-29,2779.1748816446143
1990-07-02,2776.1317898401435
1990-07-03,2775.7806199032707
1990-07-04,2756.8205864116603
1990-07-05,2728.614411351893
1990-07-06,2738.6797589485395
1990-07-09,2735.753819035133
1990-07-10,2724.050059381507
1990-07-11,2762.6724662384736
1990-07-12,2774.3762258920997
1990-07-13,2788.0695675395787
1990-07-16,2816.509760645154
1990-07-17,2826.4579563507364
1990-07-18,2811.243068801022
1990-07-19,2794.0385992574556
1990-07-20,2809.019468761361
1990-07-23,2761.7361083189194
1990-07-24,2763.140502330091
1990-07-25,2767.5879881457327
1990-07-26,2743.478414701054
1990-07-27,2727.0931511859776
1990-07-30,2711.175923762518
1990-07-31,2722.5285134792716
1990-08-01,2737.509382983177
1990-08-02,2697.1314121781666
1990-08-03,2673.841044761978
1990-08-06,2598.468661150833
1990-08-07,2616.726640505018
1990-08-08,2618.7162224988706
1990-08-09,2627.3768903480263
1990-08-10,2614.385888574293
1990-08-13,2597.6494551223436
1990-08-14,2614.6199066201016
1990-08-15,2620.822956383787
1990-08-16,2600.692546926814
1990-08-17,2547.791324703368
1990-08-20,2524.0329211955623
1990-08-21,2467.269686875475
1990-08-22,2463.4073890425143
1990-08-23,2428.530128127444
1990-08-24,2441.8722998380504
1990-08-28,2488.336454252002
1990-08-29,2487.8681324240656
1990-08-30,2520.5217932994747
1990-08-31,2531.2891950335465
1990-09-03,2535.7366808491884
1990-09-04,2513.967573598916
1990-09-05,2518.883095506175
1990-09-06,2482.250270643061
1990-09-07,2484.591022573786
1990-09-10,2512.7971976335534
1990-09-11,2509.637239674338
1990-09-12,2507.296487743613
1990-09-13,2489.506830217365
1990-09-14,2450.533253423526
1990-09-17,2451.118441406207
1990-09-18,2415.6559925084557
1990-09-19,2417.7627263933723
1990-09-20,2360.531313113508
1990-09-21,2370.5965178419947
1990-09-24,2329.399341008494
1990-09-25,2339.8155728056936
1990-09-26,2340.7519307252473
1990-09-27,2351.4023234364154
1990-09-28,2329.28218911743
1990-10-01,2376.9165766285846
1990-10-02,2409.218924698961
1990-10-03,2442.574639711796
1990-10-04,2423.1462843922486
1990-10-05,2509.168917846401
1990-10-08,2576.6998396368804
1990-10-09,2497.6994619749034
1990-10-10,2483.303780453679
1990-10-11,2460.364297238044
1990-10-12,2458.2575633531274
1990-10-15,2460.013127301171
1990-10-16,2438.5954757240906
1990-10-17,2420.337496369906
1990-10-18,2437.4250997587283
1990-10-19,2444.915391642521
1990-10-22,2460.1302791922353
1990-10-23,2489.389678326301
1990-10-24,2470.0784748978176
1990-10-25,2444.5642217056484
1990-10-26,2414.602768434157
1990-10-29,2413.432392468794
1990-10-30,2380.4277045246727
1990-10-31,2399.6218989302515
1990-11-01,2373.522457755401
1990-11-02,2376.682415714616
1990-11-05,2399.387880884443
1990-11-06,2422.4442302548227
1990-11-07,2422.4442302548227
1990-11-08,2410.038130727451
1990-11-09,2388.269166345338
1990-11-12,2401.49432903304
1990-11-13,2406.2929847855544
1990-11-14,2394.5892251319283
1990-11-15,2410.974488647005
1990-11-16,2420.337496369906
1990-11-19,2452.9908715089955
1990-11-20,2475.579184787758
1990-11-21,2488.5704722978107
1990-11-22,2490.4429024005995
1990-11-23,2540.301032819575
1990-11-26,2518.531925569302
1990-11-27,2527.426897200586
1990-11-28,2509.637239674338
1990-11-29,2499.4550259229472
1990-11-30,2515.605985655896
1990-12-03,2531.1720431424824
1990-12-04,2511.9779916050634
1990-12-05,2519.351417334112
1990-12-06,2548.493664577113
1990-12-07,2555.398768478225
1990-12-10,2554.3455444039264
1990-12-11,2534.8003229296346
1990-12-12,2524.3838053961153
1990-12-13,2542.2906148134275
1990-12-14,2537.8431289977857
1990-12-17,2525.554181361478
1990-12-18,2530.118819068184
1990-12-19,2549.8980585882846
1990-12-20,2526.607691172096
1990-12-21,2533.1616251363353
1990-12-24,2523.6817512586895
1990-12-27,2537.14107486036
1990-12-28,2528.4801212748844
1990-12-31,2508.700881754784
1991-01-02,2490.911224228536
1991-01-03,2478.6222765922284
1991-01-04,2488.336454252002
1991-01-07,2473.3555847480966
1991-01-08,2457.672375370446
1991-01-09,2491.613278365962
1991-01-10,2467.971741012901
1991-01-11,2464.92893494475
1991-01-14,2435.3183658738117
1991-01-15,2423.7314723749296
1991-01-16,2404.8885907743834
1991-01-17,2463.1733709967057
1991-01-18,2460.949485220725
1991-01-21,2439.063511815708
1991-01-22,2436.2547237933654
1991-01-23,2434.967195936939
1991-01-24,2456.97032123302
1991-01-25,2461.3006551575977
1991-01-28,2478.856294638037
1991-01-29,2473.940772730778
1991-01-30,2519.351417334112
1991-01-31,2540.0670147737665
1991-02-01,2534.6831710385704
1991-02-04,2542.524632859236
1991-02-05,2577.1678757284976
1991-02-06,2568.7412259251505
1991-02-07,2625.972496336855
1991-02-08,2627.728060284899
1991-02-11,2667.2868250614197
1991-02-12,2650.3163735636617
1991-02-13,2654.178671396622
1991-02-14,2685.3105006334763
1991-02-15,2688.2364405468825
1991-02-18,2713.2826576474345
1991-02-19,2706.3772680100033
1991-02-20,2688.119574392138
1991-02-21,2706.3772680100033
1991-02-22,2708.601153785984
1991-02-25,2733.4130671044077
1991-02-26,2717.847009617821
1991-02-27,2748.042766671441
1991-02-28,2786.548021637343
1991-03-01,2793.5702774295187
1991-03-04,2788.8887735680682
1991-03-05,2832.426988068614
1991-03-06,2879.0077229009903
1991-03-07,2853.0254336172043
1991-03-08,2873.272994965241
1991-03-11,2878.071650717756
1991-03-12,2873.0389769194326
1991-03-13,2865.314381253512
1991-03-14,2926.642253280305
1991-03-15,2919.1516756601923
1991-03-18,2914.938493626679
1991-03-19,2877.954498826692
1991-03-20,2857.1217494959733
1991-03-21,2896.446496226685
1991-03-22,2856.3025434674832
1991-03-25,2846.237195870837
1991-03-26,2852.3233794797784
1991-03-27,2884.5087185272505
1991-03-28,2875.0285589132855
1991-04-02,2912.246571759081
1991-04-03,2948.2942086395133
1991-04-04,2954.614124557944
1991-04-05,2978.95800178475
1991-04-08,2960.934040476374
1991-04-09,2957.774082517159
1991-04-10,2947.943038702641
1991-04-11,2962.9239082065465
1991-04-12,2956.4868403970518
1991-04-15,2976.0320618713436
1991-04-16,2948.7622447311305
1991-04-17,2978.6068318478774
1991-04-18,2970.882236181956
1991-04-19,2949.464584604876
1991-04-22,2915.1725116724874
1991-04-23,2930.3873992222016
1991-04-24,2912.5977416959536
1991-04-25,2904.9902979210965
1991-04-26,2892.350180347916
1991-04-29,2923.8331795216427
1991-04-30,2909.7886679372914
1991-05-01,2935.7709572210774
1991-05-02,2961.870398395928
1991-05-03,2952.507390673027
1991-05-07,2973.3401400037455
1991-05-08,2953.326596701517
1991-05-09,2974.861685905981
1991-05-10,2954.380106512135
1991-05-13,2910.2569897652284
1991-05-14,2883.455208716632
1991-05-15,2878.422534918309
1991-05-16,2893.052234485342
1991-05-17,2871.9854671088146
1991-05-20,2886.8494704579757
1991-05-21,2905.692352058522
1991-05-22,2886.029978693166
1991-05-23,2905.809503949586
1991-05-24,2892.1161623021076
1991-05-28,2902.1812241624343
1991-05-29,2917.630129757957
1991-05-30,2915.640547764104
1991-05-31,2925.3547254238783
1991-06-03,2944.431910806553
1991-06-04,2932.9621691987354
1991-06-05,2951.1029966618557
1991-06-06,2955.5504824774976
1991-06-07,2933.3133391356077
1991-06-10,2939.867273099847
1991-06-11,2975.798043825535
1991-06-12,2949.5814507596206
1991-06-13,2943.0275167953814
1991-06-14,2952.03935458141
1991-06-17,2954.0289365752624
1991-06-18,2944.6659288523615
1991-06-19,2908.0331039892476
1991-06-20,2902.415242208243
1991-06-21,2911.3102138395266
1991-06-24,2877.135292798202
1991-06-25,2880.529268803226
1991-06-26,2852.557397525587
1991-06-27,2870.347055051835
1991-06-28,2826.2239383049277
1991-07-01,2859.9308232546355
1991-07-02,2879.358892837863
1991-07-03,2865.314381253512
1991-07-04,2891.296670537298
1991-07-05,2908.0331039892476
1991-07-08,2887.0834885037843
1991-07-09,2911.778249931144
1991-07-10,2935.7709572210774
1991-07-11,2938.228861042867
1991-07-12,2922.896821602089
1991-07-16,2992.4173253864205
1991-07-17,2997.3328472936796
1991-07-18,2981.2987537154754
1991-07-19,2974.5105159691084
1991-07-22,2994.406907380273
1991-07-23,3028.815846467406
1991-07-24,3020.155178618251
1991-07-25,3019.101954543952
1991-07-26,3030.454544260706
1991-07-29,3037.125630116009
1991-07-30,3037.8279699897544
1991-07-31,3029.8693562780245
1991-08-01,3033.263332283048
1991-08-02,3044.9670919366745
1991-08-05,3025.8899065539995
1991-08-06,3011.7285288149037
1991-08-07,3039.9344181383512
1991-08-08,3043.679849816567
1991-08-09,3008.5685708556884
1991-08-12,3007.1638911081977
1991-08-13,3025.3047185713185
1991-08-14,3053.2768755852767
1991-08-15,3063.107919399795
1991-08-16,3067.555405215437
1991-08-19,2973.3401400037455
1991-08-20,2989.7254035188225
1991-08-21,3045.201109982483
1991-08-22,3069.8961571461623
1991-08-23,3090.6117545858165
1991-08-27,3066.1510112042656
1991-08-28,3071.3005511573333
1991-08-29,3087.6858146724103
1991-08-30,3096.4636344126297
1991-09-02,3136.1395510802145
1991-09-03,3123.733451552843
1991-09-04,3118.583911599775
1991-09-05,3117.06236569754
1991-09-06,3121.860735713735
1991-09-09,3105.2414541528497
1991-09-10,3079.0251468232545
1991-09-11,3074.1096249159955
1991-09-12,3092.016148596988
1991-09-13,3073.1732669964413
1991-09-16,3049.9997657349977
1991-09-17,3036.423290242263
1991-09-18,3023.7834584054026
1991-09-19,3029.7522043869603
1991-09-20,3043.3286798796944
1991-09-23,3018.984802652888
1991-09-24,3015.590826647864
1991-09-25,3040.402739966288
1991-09-26,3037.8279699897544
1991-09-27,3041.807133977459
1991-09-30,3068.3746112439267
1991-10-01,3096.3467682578853
1991-10-02,3094.708070464586
1991-10-03,3072.9392489506326
1991-10-04,3071.7688729852703
1991-10-07,3038.53002412718
1991-10-08,3042.3923219601406
1991-10-09,3024.368646388084
1991-10-10,3008.802588901497
1991-10-11,2990.310591501504
1991-10-14,3013.1329228260747
1991-10-15,3015.7076928026086
1991-10-16,3018.3996146702066
1991-10-17,3029.7522043869603
1991-10-18,3044.2650377992486
1991-10-21,3014.537316837246
1991-10-22,2995.5772833456354
1991-10-23,2997.449999184744
1991-10-24,2959.0616103735856
1991-10-25,2943.144382950126
1991-10-28,2994.406907380273
1991-10-29,2988.321009507651
1991-10-30,3016.1760146305455
1991-10-31,3003.1847271204924
1991-11-01,2983.8735236920093
1991-11-04,2958.476422390904
1991-11-05,2973.808176095363
1991-11-06,2965.966714274697
1991-11-07,2970.4142000903394
1991-11-08,2994.9920953629544
1991-11-11,2990.19343961044
1991-11-12,3014.3032987914376
1991-11-13,2980.3623957959217
1991-11-14,2998.0351871674247
1991-11-15,2980.4795476869854
1991-11-18,2929.333889411583
1991-11-19,2882.7531545792067
1991-11-20,2893.8717262501514
1991-11-21,2883.2211906708235
1991-11-22,2863.0907812138503
1991-11-25,2874.6773889764127
1991-11-26,2892.584198393725
1991-11-27,2864.4951752250217
1991-11-28,2842.375183774196
1991-11-29,2832.5438542233583
1991-12-02,2826.340804459672
1991-12-03,2832.5438542233583
1991-12-04,2836.7573219931915
1991-12-05,2817.0949486278355
1991-12-06,2795.6770113144353
1991-12-09,2820.1380404323063
1991-12-10,2799.539309147396
1991-12-11,2785.728815608853
1991-12-12,2836.17213401051
1991-12-13,2869.2938309775363
1991-12-16,2856.653713404356
1991-12-17,2847.4075718361996
1991-12-18,2824.8195442937567
1991-12-19,2799.071273055779
1991-12-20,2759.863678216131
1991-12-23,2744.99967486697
1991-12-24,2790.6443375161125
1991-12-27,2830.788290275314
1991-12-30,2832.3098361775496
1991-12-31,2917.8644335400854
1992-01-02,2917.5132636032126
1992-01-03,2930.738569159074
1992-01-06,2917.98129969483
1992-01-07,2905.9263701043305
1992-01-08,2887.434658440657
1992-01-09,2923.48200958477
1992-01-10,2900.0744902775177
1992-01-13,2914.3533056439974
1992-01-14,2945.0170987892343
1992-01-15,2969.3609760160407
1992-01-16,2974.6276678601726
1992-01-17,2968.8926541881037
1992-01-20,2978.4896799568132
1992-01-21,2976.7341160087694
1992-01-22,2951.688184644537
1992-01-23,2955.5504824774976
1992-01-24,2938.111709151803
1992-01-27,2972.6378001300004
1992-01-28,2986.799463605416
1992-01-29,2980.3623957959217
1992-01-30,2985.395069594245
1992-01-31,3009.2706249931143
1992-02-03,2996.3964893741254
1992-02-04,2992.4173253864205
1992-02-05,2981.064735669667
1992-02-06,2966.0838661657613
1992-02-07,2946.0703228635325
1992-02-10,2970.882236181956
1992-02-11,2969.3609760160407
1992-02-12,2953.6777666383896
1992-02-13,2952.3905245182827
1992-02-14,2942.208025030572
1992-02-17,2973.925327986427
1992-02-18,2991.363815575802
1992-02-19,2968.8926541881037
1992-02-20,2976.7341160087694
1992-02-21,2975.4468738886626
1992-02-24,2995.811301391444
1992-02-25,2980.713565732794
1992-02-26,3002.01435115513
1992-02-27,2998.503223259042
1992-02-28,2998.620375150106
1992-03-02,2989.491385473014
1992-03-03,3002.4823872467473
1992-03-04,2994.289755489209
1992-03-05,2970.7653700272117
1992-03-06,2964.6794721545903
1992-03-09,2985.2779177031807
1992-03-10,3013.4840927629475
1992-03-11,2952.1562207361544
1992-03-12,2918.0984515858936
1992-03-13,2897.8508902378567
1992-03-16,2891.6478404741706
1992-03-17,2915.640547764104
1992-03-18,2884.625584681995
1992-03-19,2888.019846423338
1992-03-20,2875.1457108043496
1992-03-23,2856.8877314501647
1992-03-24,2877.6033288898193
1992-03-25,2884.8596027278036
1992-03-26,2893.4034044222144
1992-03-27,2864.963211316639
1992-03-30,2870.815091143452
1992-03-31,2855.834507375866
1992-04-01,2818.9676644669435
1992-04-02,2815.2222327887275
1992-04-03,2788.6547555222596
1992-04-06,2809.9555409445957
1992-04-07,2813.817838777556
1992-04-08,2800.943703158567
1992-04-09,2851.5038877149686
1992-04-10,3010.9093227864137
1992-04-13,3032.4441262545583
1992-04-14,3043.562697925503
1992-04-15,3090.0265666031355
1992-04-16,3088.154136500347
1992-04-21,3073.1732669964413
1992-04-22,3052.1064996199143
1992-04-23,3054.4472515506395
1992-04-24,3093.3036764534145
1992-04-27,3111.0933339796625
1992-04-28,3102.666684176316
1992-04-29,3118.934795800328
1992-04-30,3106.2949639634676
1992-05-01,3112.9660498187704
1992-05-05,3115.774837841113
1992-05-06,3158.4935605768487
1992-05-07,3162.2387065187454
1992-05-08,3190.09371164164
1992-05-11,3204.2553751170553
1992-05-12,3186.231413808679
1992-05-13,3184.007813769018
1992-05-14,3153.8120567153983
1992-05-15,3139.6506789763025
1992-05-18,3164.2285742489175
1992-05-19,3160.7174463528295
1992-05-20,3173.9424661723715
1992-05-21,3162.3558584098096
1992-05-22,3177.5707459595237
1992-05-26,3165.3989502142804
1992-05-27,3158.3766944221043
1992-05-28,3153.226868732717
1992-05-29,3168.910078110368
1992-06-01,3157.206318456742
1992-06-02,3166.920210380196
1992-06-03,3137.6608112461304
1992-06-04,3138.8311872114928
1992-06-05,3123.1482635701614
1992-06-08,3096.580786303694
1992-06-09,3084.408704822131
1992-06-10,3085.2281965869406
1992-06-11,3059.4799253489628
1992-06-12,3047.3078438673997
1992-06-15,3035.4872180590287
1992-06-16,3062.0546953254966
1992-06-17,3041.1047941037136
1992-06-18,2999.322429287532
1992-06-19,3025.187852416574
1992-06-22,2984.8098816115635
1992-06-23,2996.8648112020624
1992-06-24,2964.094284171909
1992-06-25,2993.0025133691015
1992-06-26,2965.8498481199526
1992-06-29,2944.431910806553
1992-06-30,2950.751826724983
1992-07-01,2918.8005057233195
1992-07-02,2897.968042128921
1992-07-03,2922.545937401536
1992-07-06,2889.658258480318
1992-07-07,2918.566487677511
1992-07-08,2893.8717262501514
1992-07-09,2923.48200958477
1992-07-10,2915.1725116724874
1992-07-13,2900.5428121054542
1992-07-14,2907.2138979607575
1992-07-15,2910.0226859831
1992-07-16,2906.511558087012
1992-07-17,2846.237195870837
1992-07-20,2813.2326507948746
1992-07-21,2827.160296224482
1992-07-22,2794.7406533948815
1992-07-23,2808.3171288876156
1992-07-24,2782.2176877127654
1992-07-27,2748.042766671441
1992-07-28,2777.7702018971236
1992-07-29,2836.054982119446
1992-07-30,2822.4787923630315
1992-07-31,2808.4342807786797
1992-08-03,2832.5438542233583
1992-08-04,2817.680136610517
1992-08-05,2800.4756670669503
1992-08-06,2782.6860095407023
1992-08-07,2750.5006704932302
1992-08-10,2721.94332549659
1992-08-11,2703.1004438960435
1992-08-12,2695.493000121187
1992-08-13,2712.931487710562
1992-08-14,2758.3421323138955
1992-08-17,2780.930445592658
1992-08-18,2755.884228492106
1992-08-19,2766.183594134561
1992-08-20,2761.3849383820466
1992-08-21,2768.758364111095
1992-08-24,2704.856007844088
1992-08-25,2669.627576992145
1992-08-26,2674.3090808535953
1992-08-27,2705.441195826769
1992-08-28,2706.6115717921316
1992-09-01,2689.9920044949267
1992-09-02,2707.079607883749
1992-09-03,2787.718397602706
1992-09-04,2764.662048232326
1992-09-07,2776.365807885952
1992-09-08,2735.9878370809415
1992-09-09,2724.050059381507
1992-09-10,2739.382098822285
1992-09-11,2774.844261983717
1992-09-14,2834.767739999339
1992-09-15,2773.7910379094183
1992-09-16,2783.505215569192
1992-09-17,2907.0967460696934
1992-09-18,3004.3551030858553
1992-09-21,2996.279623219381
1992-09-22,3026.592246427745
1992-09-23,3020.155178618251
1992-09-24,3067.7894232612457
1992-09-25,3044.1478859081844
1992-09-28,2996.1624713283168
1992-09-29,3002.5995391378115
1992-09-30,2987.9698395707787
1992-10-01,3010.558152849541
1992-10-02,2984.107541737818
1992-10-05,2863.0907812138503
1992-10-06,2912.3634379138252
1992-10-07,2945.953456708788
1992-10-08,2971.350558009893
1992-10-09,2974.1593460322356
1992-10-12,2992.885361478038
1992-10-13,3025.07070052551
1992-10-14,3013.3669408718833
1992-10-15,2980.4795476869854
1992-10-16,3000.726823298703
1992-10-19,2998.7372413048506
1992-10-20,3062.8739013539866
1992-10-21,3096.4636344126297
1992-10-22,3110.976467824918
1992-10-23,3124.552657581333
1992-10-26,3115.0727837036875
1992-10-27,3124.669809472397
1992-10-28,3101.96434430257
1992-10-29,3092.484470424925
1992-10-30,3111.2104858707266
1992-11-02,3145.736576848924
1992-11-03,3166.5693261796428
1992-11-04,3150.3009288193107
1992-11-05,3173.006393989137
1992-11-06,3163.175064438299
1992-11-09,3154.6312627438883
1992-11-10,3177.1027098679065
1992-11-11,3156.2699605371877
1992-11-12,3190.9129176701294
1992-11-13,3157.0891665656777
1992-11-16,3136.1395510802145
1992-11-17,3135.6712292522775
1992-11-18,3164.696610340535
1992-11-19,3167.2713803170686
1992-11-20,3197.9351734623056
1992-11-23,3186.8166017913604
1992-11-24,3191.732409434939
1992-11-25,3171.250830041093
1992-11-27,3230.354816291906
1992-11-30,3252.240789696923
1992-12-01,3267.689695292446
1992-12-02,3235.0363201533564
1992-12-03,3243.1118000198303
1992-12-04,3229.5353245270962
1992-12-07,3223.800596591347
1992-12-08,3241.7074060086593
1992-12-09,3219.3531107757053
1992-12-10,3191.0300695611936
1992-12-11,3178.9751399706947
1992-12-14,3185.529359671253
1992-12-15,3180.964721964547
1992-12-16,3198.403495290242
1992-12-17,3207.181315030462
1992-12-18,3264.9977734248478
1992-12-21,3286.0645408013747
1992-12-22,3326.2084935605767
1992-12-23,3309.1208901717546
1992-12-24,3309.2380420628187
1992-12-29,3332.9967313069437
1992-12-30,3315.089921889632
1992-12-31,3331.4751854047086
1993-01-04,3349.030824885148
1993-01-05,3316.3774497460586
1993-01-06,3307.482478114775
1993-01-07,3296.36390644383
1993-01-08,3276.1163450957924
1993-01-11,3245.9205880421728
1993-01-12,3227.7797605790524
1993-01-13,3213.033194857275
1993-01-14,3229.3013064812876
1993-01-15,3236.206696118719
1993-01-18,3233.8659441879936
1993-01-19,3204.0213570712467
1993-01-20,3217.01235884498
1993-01-21,3245.8037218874283
1993-01-22,3255.0495777192655
1993-01-25,3244.165024094129
1993-01-26,3318.8350678315282
1993-01-27,3315.089921889632
1993-01-28,3296.831942535447
1993-01-29,3285.4793528186938
1993-02-01,3337.444217122586
1993-02-02,3317.313521929293
1993-02-03,3363.426506406372
1993-02-04,3354.1803648382156
1993-02-05,3350.6692369421276
1993-02-08,3358.97902059073
1993-02-09,3313.6855278784606
1993-02-10,3296.2467545527657
1993-02-11,3317.1966557745486
1993-02-12,3327.3788695259395
1993-02-15,3330.772845530963
1993-02-16,3291.3312326455066
1993-02-17,3293.437966530423
1993-02-18,3321.1758197622535
1993-02-19,3323.8677416298515
1993-02-22,3321.878159635999
1993-02-23,3298.1194703918736
1993-02-24,3296.9490944265112
1993-02-25,3310.6424360739898
1993-02-26,3356.638268660005
1993-03-01,3373.725872048827
1993-03-02,3373.3747021119543
1993-03-03,3415.8594068018815
1993-03-04,3399.7081613326136
1993-03-05,3419.955722680651
1993-03-08,3461.152899514151
1993-03-09,3452.491945928676
1993-03-10,3460.450559640406
1993-03-11,3456.588261807445
1993-03-12,3412.699163106347
1993-03-15,3420.306606881204
1993-03-16,3416.6786128303715
1993-03-17,3382.2693880069187
1993-03-18,3370.331610307484
1993-03-19,3394.207451442673
1993-03-22,3351.8396129074904
1993-03-23,3348.5627887935307
1993-03-24,3347.9776008108493
1993-03-25,3338.848611133757
1993-03-26,3338.9654772885015
1993-03-29,3331.4751854047086
1993-03-30,3348.4456369024665
1993-03-31,3369.161234342121
1993-04-01,3368.8100644052483
1993-04-02,3358.861868699666
1993-04-05,3322.4633476186805
1993-04-06,3314.7387519527592
1993-04-07,3302.918126144388
1993-04-08,3302.566956207516
1993-04-13,3331.8263553415813
1993-04-14,3326.325645451641
1993-04-15,3323.5165716929787
1993-04-16,3305.6097622756665
1993-04-19,3312.1639819762254
1993-04-20,3342.710908966718
1993-04-21,3358.510984499113
1993-04-22,3371.9703081007833
1993-04-23,3328.3152274454933
1993-04-26,3303.152144190197
1993-04-27,3315.3239399354406
1993-04-28,3273.8927450561314
1993-04-29,3261.603797419824
1993-04-30,3292.384742456125
1993-05-04,3291.7995544734435
1993-05-05,3272.9563871365776
1993-05-06,3261.0186094371425
1993-05-07,3269.679277286298
1993-05-10,3311.9299639304168
1993-05-11,3319.303389659465
1993-05-12,3348.211618856658
1993-05-13,3334.752295254988
1993-05-14,3332.06037338739
1993-05-17,3345.051660897443
1993-05-18,3332.4115433242628
1993-05-19,3300.1090523857265
1993-05-20,3296.7150763807026
1993-05-21,3291.3312326455066
1993-05-24,3307.0144420231577
1993-05-25,3321.1758197622535
1993-05-26,3331.943221496326
1993-05-27,3341.7745510471636
1993-05-28,3324.6869476583415
1993-06-01,3334.635143363924
1993-06-02,3350.7863888331917
1993-06-03,3338.848611133757
1993-06-04,3312.046830085161
1993-06-07,3329.485603410856
1993-06-08,3329.017281582919
1993-06-09,3355.3507408035784
1993-06-10,3347.275260937104
1993-06-11,3349.3819948220207
1993-06-14,3377.119848053851
1993-06-15,3358.97902059073
1993-06-16,3374.1939081404444
1993-06-17,3365.650106446033
1993-06-18,3369.980440370611
1993-06-21,3398.069463539314
1993-06-22,3402.9852711828926
1993-06-23,3394.909505580099
1993-06-24,3387.8872497879233
1993-06-25,3379.460599984576
1993-06-28,3390.579171655521
1993-06-29,3377.7050360365324
1993-06-30,3394.090299551609
1993-07-01,3380.9821458868114
1993-07-02,3344.583339069506
1993-07-05,3322.1121776818077
1993-07-06,3333.3479012438165
1993-07-07,3333.581919289625
1993-07-08,3330.772845530963
1993-07-09,3327.612887571748
1993-07-12,3313.2172060505236
1993-07-13,3320.4737656248276
1993-07-14,3314.8559038438234
1993-07-15,3314.153563970078
1993-07-16,3315.675109872313
1993-07-19,3327.2617176348754
1993-07-20,3305.0245742929856
1993-07-21,3293.5551184214874
1993-07-22,3300.577374213663
1993-07-23,3309.4720601086274
1993-07-26,3328.7832635371105
1993-07-27,3369.980440370611
1993-07-28,3375.5983021516154
1993-07-29,3414.689030836519
1993-07-30,3425.1052626337187
1993-08-02,3442.8949201599667
1993-08-03,3446.757217992927
1993-08-04,3442.4268840683494
1993-08-05,3444.884502153819
1993-08-06,3475.782599081184
1993-08-09,3495.210668664412
1993-08-10,3477.8893329661005
1993-08-11,3518.267303771111
1993-08-12,3521.778431667199
1993-08-13,3522.9488076325615
1993-08-16,3520.842073747645
1993-08-17,3540.387295221937
1993-08-18,3597.2676814330885
1993-08-19,3587.7875218191234
1993-08-20,3578.5416659872863
1993-08-23,3560.2836866331018
1993-08-24,3568.8274883275126
1993-08-25,3603.821615397327
1993-08-26,3603.821615397327
1993-08-27,3628.867832497879
1993-08-31,3628.1654926241335
1993-09-01,3610.7270050347583
1993-09-02,3596.0973054677256
1993-09-03,3578.1904960504135
1993-09-06,3580.1800780442663
1993-09-07,3556.3045226453964
1993-09-08,3552.5590909671805
1993-09-09,3547.6435690599214
1993-09-10,3554.4318068062885
1993-09-13,3540.1532771761285
1993-09-14,3543.8984231180248
1993-09-15,3498.7217965604996
1993-09-16,3515.6922480582575
1993-09-17,3517.564963897366
1993-09-20,3516.394587932003
1993-09-21,3513.000611926979
1993-09-22,3519.905715828091
1993-09-23,3512.649441990107
1993-09-24,3517.213793960493
1993-09-27,3541.9088411241723
1993-09-28,3554.3146549152243
1993-09-29,3546.356326939814
1993-09-30,3555.01699478897
1993-10-01,3555.01699478897
1993-10-04,3590.3622917956573
1993-10-05,3610.843871189503
1993-10-06,3629.1018505436878
1993-10-07,3619.27052099285
1993-10-08,3638.23084022078
1993-10-11,3630.7402626006674
1993-10-12,3621.962442860448
1993-10-13,3605.8111973911796
1993-10-14,3612.13139904593
1993-10-15,3652.5093698509404
1993-10-18,3672.1717432162964
1993-10-19,3662.808735493395
1993-10-20,3694.0577166213134
1993-10-21,3731.5097475129173
1993-10-22,3744.0327131950335
1993-10-25,3727.4134316341483
1993-10-26,3704.591100309577
1993-10-27,3691.716964690588
1993-10-28,3701.899178441979
1993-10-29,3711.26218616488
1993-11-01,3703.5375904989587
1993-11-02,3703.1867062984056
1993-11-03,3701.079972413489
1993-11-04,3685.513914926902
1993-11-05,3611.3121930174398
1993-11-08,3601.949185294539
1993-11-09,3623.483988762683
1993-11-10,3626.4099286760897
1993-11-11,3627.814322687261
1993-11-12,3627.1122685498353
1993-11-15,3620.3240308034683
1993-11-16,3625.2395527107274
1993-11-17,3651.573011931386
1993-11-18,3658.0100797408804
1993-11-19,3637.528500347035
1993-11-22,3593.7565535370004
1993-11-23,3592.235007634765
1993-11-24,3589.777103812976
1993-11-25,3620.0900127576597
1993-11-26,3641.5076643347397
1993-11-29,3670.0650093313798
1993-11-30,3706.4635304123653
1993-12-01,3784.0595140631713
1993-12-02,3773.1749604380348
1993-12-03,3785.229890028534
1993-12-06,3788.858169815686
1993-12-07,3788.858169815686
1993-12-08,3835.790074584935
1993-12-09,3829.002122574888
1993-12-10,3816.947192984389
1993-12-13,3809.1057311637232
1993-12-14,3801.8491715894193
1993-12-15,3837.428772378235
1993-12-16,3875.348839361456
1993-12-17,3905.6617483061395
1993-12-20,3938.1979715541647
1993-12-21,3911.864512333506
1993-12-22,3927.430569820093
1993-12-23,3975.181966354152
1993-12-24,3993.673963754145
1993-12-29,4051.8415920854036
1993-12-30,4012.985167182628
1993-12-31,4000.813085701065
1994-01-04,3989.226477938503
1994-01-05,3954.9344050061145
1994-01-06,3982.789410129009
1994-01-07,4033.1155766396014
1994-01-10,4026.7956607211713
1994-01-11,3995.429527702189
1994-01-12,3946.5077552027674
1994-01-13,3932.463243618416
1994-01-14,3979.9806221066665
1994-01-17,3988.407271910013
1994-01-18,4022.582192951338
1994-01-19,4067.173631526182
1994-01-20,4061.2045998083045
1994-01-21,4077.82388136919
1994-01-24,4074.5467715189106
1994-01-25,4030.774824708876
1994-01-26,4021.5289688770395
1994-01-27,4011.2296032345844
1994-01-28,4034.7539886965815
1994-01-31,4086.7188530004737
1994-02-01,4074.663923409975
1994-02-02,4120.074568013309
1994-02-03,4086.367683063601
1994-02-04,4067.524515726735
1994-02-07,4001.632577465875
1994-02-08,4026.3273388932344
1994-02-09,4013.336337119501
1994-02-10,3987.4709139904594
1994-02-11,3954.5832350692417
1994-02-14,3936.559559497185
1994-02-15,3971.319668521191
1994-02-16,3999.9938796725755
1994-02-17,4008.888851303859
1994-02-18,3958.913854730139
1994-02-21,3921.1106539016623
1994-02-22,3901.682298582115
1994-02-23,3911.2793243508245
1994-02-24,3824.2034668223732
1994-02-25,3840.2375604005774
1994-02-28,3895.1283646178763
1994-03-01,3827.831746609525
1994-03-02,3801.498287388866
1994-03-03,3799.625571549758
1994-03-04,3836.4924144586807
1994-03-07,3869.14578959777
1994-03-08,3820.575187035221
1994-03-09,3799.859589595567
1994-03-10,3784.8787200916613
1994-03-11,3735.722929546431
1994-03-14,3784.29353210898
1994-03-15,3824.086314931309
1994-03-16,3795.412103779925
1994-03-17,3810.39297328383
1994-03-18,3766.3870084279874
1994-03-21,3742.8623372296706
1994-03-22,3746.95865310844
1994-03-23,3692.8873406559505
1994-03-24,3653.5625939252386
1994-03-25,3662.10639561965
1994-03-28,3662.6915836023313
1994-03-29,3655.552175919091
1994-03-30,3619.27052099285
1994-03-31,3612.2482652006743
1994-04-05,3647.1255261157444
1994-04-06,3665.0323355330565
1994-04-07,3662.10639561965
1994-04-08,3652.5093698509404
1994-04-11,3685.9819510185193
1994-04-12,3697.334826471593
1994-04-13,3681.768768985006
1994-04-14,3665.266353578865
1994-04-15,3708.1022282056647
1994-04-18,3672.8737973537222
1994-04-19,3660.936019654287
1994-04-20,3626.175910630281
1994-04-21,3629.569886635305
1994-04-22,3667.6071055095904
1994-04-25,3635.3049003073734
1994-04-26,3657.7760616950723
1994-04-27,3686.684290892265
1994-04-28,3663.159619693948
1994-04-29,3657.7760616950723
1994-05-03,3628.1654926241335
1994-05-04,3593.6394016459362
1994-05-05,3635.1877484163097
1994-05-06,3635.1877484163097
1994-05-09,3625.5907226475997
1994-05-10,3670.6501973140607
1994-05-11,3663.8619595676937
1994-05-12,3672.405761262105
1994-05-13,3650.636654011832
1994-05-16,3646.4234719783185
1994-05-17,3655.669327810155
1994-05-18,3647.476696052617
1994-05-19,3654.8501217816656
1994-05-20,3660.1168136257975
1994-05-23,3637.9965364386517
1994-05-24,3615.408508896209
1994-05-25,3535.354621423614
1994-05-26,3534.184245458251
1994-05-27,3471.8031493571593
1994-05-31,3476.601805109674
1994-06-01,3431.4251785521487
1994-06-02,3488.656734700173
1994-06-03,3508.5531261113374
1994-06-06,3522.129315867752
1994-06-07,3516.745757868876
1994-06-08,3555.8362008174595
1994-06-09,3544.9516471923234
1994-06-10,3576.551798257114
1994-06-13,3530.2050814705462
1994-06-14,3557.4748986107593
1994-06-15,3564.7311724487436
1994-06-16,3546.356326939814
1994-06-17,3537.929391400148
1994-06-20,3477.3041449834195
1994-06-21,3441.1393562119224
1994-06-22,3464.7808935649837
1994-06-23,3443.7141261884562
1994-06-24,3366.7036162566515
1994-06-27,3393.973147660545
1994-06-28,3404.6236832398727
1994-06-29,3448.2787638951622
1994-06-30,3416.5614609393074
1994-07-01,3436.6918703962806
1994-07-04,3476.4846532186098
1994-07-05,3470.1647373001797
1994-07-06,3448.7467999867795
1994-07-07,3469.462397426434
1994-07-08,3467.121645495709
1994-07-11,3492.167862596261
1994-07-12,3468.8772094437527
1994-07-13,3517.3309458515573
1994-07-14,3570.11473044762
1994-07-15,3598.6720754442595
1994-07-18,3607.0987252476066
1994-07-19,3617.9832788727426
1994-07-20,3601.480863466602
1994-07-21,3622.430764688385
1994-07-22,3645.3699621677006
1994-07-25,3635.3049003073734
1994-07-26,3648.2959020811068
1994-07-27,3607.4498951844794
1994-07-28,3623.366836871619
1994-07-29,3607.8010651213517
1994-08-01,3625.122400819663
1994-08-02,3695.4621106324844
1994-08-03,3698.8560866375083
1994-08-04,3687.2694788749463
1994-08-05,3707.165870286111
1994-08-08,3712.3154102391786
1994-08-09,3708.4533981425375
1994-08-10,3706.5806823034295
1994-08-11,3672.8737973537222
1994-08-12,3677.672453106237
1994-08-15,3677.5553012151727
1994-08-16,3683.5243329330497
1994-08-17,3733.8504994436425
1994-08-18,3724.8386616576145
1994-08-19,3735.13774156375
1994-08-22,3711.6133561017527
1994-08-23,3716.0608419173946
1994-08-24,3751.2889870330177
1994-08-25,3785.229890028534
1994-08-26,3821.3946788000308
1994-08-30,3803.25385133691
1994-08-31,3805.243433330763
1994-09-01,3764.5142925888795
1994-09-02,3771.7705664268638
1994-09-05,3793.773691722945
1994-09-06,3751.5230050788264
1994-09-07,3749.7674411307826
1994-09-08,3721.7955698531437
1994-09-09,3674.161325210149
1994-09-12,3661.8723775738413
1994-09-13,3653.211423988366
1994-09-14,3604.5239552710727
1994-09-15,3643.029210236975
1994-09-16,3587.319485727506
1994-09-19,3603.7047492425827
1994-09-20,3554.7829767431613
1994-09-21,3528.449517522502
1994-09-22,3535.939809406295
1994-09-23,3544.1324411638334
1994-09-26,3510.8938780420626
1994-09-27,3521.0760917934535
1994-09-28,3556.421388800141
1994-09-29,3502.350076347652
1994-09-30,3541.9088411241723
1994-10-03,3491.816692659388
1994-10-04,3513.234629972788
1994-10-05,3459.982523548789
1994-10-06,3492.8699167336868
1994-10-07,3509.606350185636
1994-10-10,3548.931096916348
1994-10-11,3596.565341559343
1994-10-12,3628.750680606815
1994-10-13,3677.2041312783
1994-10-14,3636.0069544447992
1994-10-17,3651.807029977195
1994-10-18,3610.961023080567
1994-10-19,3582.286811929183
1994-10-20,3585.0955999515254
1994-10-21,3549.5162848990294
1994-10-24,3545.1859509744518
1994-10-25,3512.18112016217
1994-10-26,3511.010744196807
1994-10-27,3545.7711389571327
1994-10-28,3609.205459132523
1994-10-31,3625.122400819663
1994-11-01,3623.835158699556
1994-11-02,3606.2795192191165
1994-11-03,3633.3150325772012
1994-11-04,3625.356704601791
1994-11-07,3588.1386917559958
1994-11-08,3585.7979398252705
1994-11-09,3627.6974565325168
1994-11-10,3632.261808502903
1994-11-11,3599.9593175643668
1994-11-14,3622.6647827341935
1994-11-15,3669.596687503443
1994-11-16,3682.587975013496
1994-11-17,3660.350831671606
1994-11-18,3664.447147550375
1994-11-21,3652.743387896749
1994-11-22,3603.2364274146457
1994-11-23,3543.3132351353433
1994-11-24,3553.963770714671
1994-11-25,3550.3354909275195
1994-11-28,3566.2527183509787
1994-11-29,3582.6379818660557
1994-11-30,3606.396385373861
1994-12-01,3557.4748986107593
1994-12-02,3531.3754574359086
1994-12-05,3550.3354909275195
1994-12-06,3529.9710634247376
1994-12-07,3525.757595654904
1994-12-08,3527.2791415571396
1994-12-09,3484.560418821404
1994-12-12,3444.884502153819
1994-12-13,3448.3956300499067
1994-12-14,3488.422716654364
1994-12-15,3479.995781114698
1994-12-16,3527.045123511331
1994-12-19,3551.3887150018177
1994-12-20,3579.1268539699677
1994-12-21,3593.522249754872
1994-12-22,3618.45131496436
1994-12-23,3608.737137304586
1994-12-28,3623.2499707168745
1994-12-29,3587.904673710187
1994-12-30,3587.7875218191234
1995-01-03,3588.0215398649316
1995-01-04,3571.5194101951106
1995-01-05,3548.931096916348
1995-01-06,3587.202333836442
1995-01-09,3576.4349321023697
1995-01-10,3581.818490101246
1995-01-11,3568.944354482257
1995-01-12,3549.9843209906467
1995-01-13,3567.65711236215
1995-01-16,3600.8956754839205
1995-01-17,3574.7962343090703
1995-01-18,3575.3814222917517
1995-01-19,3544.6007629917704
1995-01-20,3505.2760162610584
1995-01-23,3457.5246197269994
1995-01-24,3474.84624116163
1995-01-25,3490.295146757153
1995-01-26,3519.6716977822825
1995-01-27,3537.1101853716577
1995-01-30,3506.3292403353566
1995-01-31,3501.296852273353
1995-02-01,3531.3754574359086
1995-02-02,3551.7398849386905
1995-02-03,3580.999284072756
1995-02-06,3583.691205940354
1995-02-07,3596.21417162247
1995-02-08,3595.9801535766615
1995-02-09,3626.995116658771
1995-02-10,3639.752100386696
1995-02-13,3606.045501173308
1995-02-14,3594.5757595654904
1995-02-15,3598.788941599004
1995-02-16,3570.934222212429
1995-02-17,3562.8584566096356
1995-02-20,3532.897003338144
1995-02-21,3538.5145793828287
1995-02-22,3533.9502274124425
1995-02-23,3568.8274883275126
1995-02-24,3555.2510128347785
1995-02-27,3540.7384651588095
1995-02-28,3522.0124497130078
1995-03-01,3559.3473287135475
1995-03-02,3555.8362008174595
1995-03-03,3540.504447113001
1995-03-06,3513.3514961275323
1995-03-07,3484.209248884531
1995-03-08,3501.8820402560345
1995-03-09,3495.795856647093
1995-03-10,3535.8229432515504
1995-03-13,3524.9383896264144
1995-03-14,3570.3490342297478
1995-03-15,3566.1355664599146
1995-03-16,3621.260388723022
1995-03-17,3615.6425269420174
1995-03-20,3656.4885338386453
1995-03-21,3669.1286514118256
1995-03-22,3674.629361301766
1995-03-23,3670.767063468805
1995-03-24,3690.66345487997
1995-03-27,3686.4502728464563
1995-03-28,3661.28718959116
1995-03-29,3677.672453106237
1995-03-30,3717.348084037502
1995-03-31,3672.5226274168494
1995-04-03,3678.6088110257906
1995-04-04,3731.2757294671087
1995-04-05,3733.7333475525784
1995-04-06,3746.2563132346945
1995-04-07,3757.9600728883206
1995-04-10,3750.1186110676554
1995-04-11,3734.5525535810684
1995-04-12,3756.6728307682138
1995-04-13,3755.502454802851
1995-04-18,3738.7660213509016
1995-04-19,3710.2089620905817
1995-04-20,3715.5925200894576
1995-04-21,3745.085937269332
1995-04-24,3756.0876427855324
1995-04-25,3762.6415767497715
1995-04-26,3775.8668823056328
1995-04-27,3765.801820445306
1995-04-28,3764.748310634688
1995-05-01,3769.0786445592657
1995-05-02,3801.6151535436106
1995-05-03,3818.468738886624
1995-05-04,3820.4583208804765
1995-05-05,3805.7114694223797
1995-05-09,3816.830041093325
1995-05-10,3850.654077934096
1995-05-11,3883.1903011821214
1995-05-12,3874.2956152871575
1995-05-15,3874.7636513787747
1995-05-16,3863.1770436162124
1995-05-17,3859.197593892188
1995-05-18,3845.621404135773
1995-05-19,3816.596023047516
1995-05-22,3844.099858233538
1995-05-23,3852.643659927949
1995-05-24,3894.192006698322
1995-05-25,3895.2452307726207
1995-05-26,3875.2319732067117
1995-05-30,3873.8272934592205
1995-05-31,3884.9458651301657
1995-06-01,3909.758064184909
1995-06-02,3914.9076041379767
1995-06-05,3951.8915989379634
1995-06-06,3955.8707629256683
1995-06-07,3945.1033611915964
1995-06-08,3956.8071208452225
1995-06-09,3906.3638024435654
1995-06-12,3914.4395680463595
1995-06-13,3918.4187320340643
1995-06-14,3908.821706265355
1995-06-15,3944.6350393636594
1995-06-16,3939.602651301656
1995-06-19,3957.392308827904
1995-06-20,3952.5936530753893
1995-06-21,3953.881180931816
1995-06-22,3983.7257680485627
1995-06-23,3955.168423051923
1995-06-26,3873.0080874307305
1995-06-27,3877.6895912921814
1995-06-28,3841.993124348621
1995-06-29,3855.218429904483
1995-06-30,3879.3282890854807
1995-07-03,3889.978538928489
1995-07-04,3919.8231260452358
1995-07-05,3973.3092505150435
1995-07-06,3965.584940585442
1995-07-07,4052.894816159702
1995-07-10,4043.648960327865
1995-07-11,4054.182344016129
1995-07-12,4038.4994203747974
1995-07-13,4034.519970650773
1995-07-14,4013.4532032742454
1995-07-17,4029.1364126518965
1995-07-18,4003.505007568663
1995-07-19,3985.4813319966065
1995-07-20,3979.746318324538
1995-07-21,3994.610321673699
1995-07-24,4016.2622770329076
1995-07-25,4017.7835371988235
1995-07-26,4042.829754299375
1995-07-27,4047.511258160826
1995-07-28,4059.917071951878
1995-07-31,4053.3631379876388
1995-08-01,4037.679928609988
1995-08-02,4096.1987268781195
1995-08-03,4067.758819508863
1995-08-04,4075.717147484273
1995-08-07,4077.0046753407
1995-08-08,4059.8002057971335
1995-08-09,4059.215017814452
1995-08-10,4066.705309698245
1995-08-11,4058.278659894898
1995-08-14,4027.731732904406
1995-08-15,4031.2428608004934
1995-08-16,4055.4698718725554
1995-08-17,4061.90693968205
1995-08-18,4107.785620377001
1995-08-21,4138.098243585365
1995-08-22,4131.66117577587
1995-08-23,4114.924742323921
1995-08-24,4119.723398076436
1995-08-25,4125.458126012185
1995-08-29,4099.358970573654
1995-08-30,4100.997382630634
1995-08-31,4070.3335894853967
1995-09-01,4107.317298549064
1995-09-04,4122.883356035651
1995-09-05,4134.235945752404
1995-09-06,4163.846514823343
1995-09-07,4149.685137084247
1995-09-08,4160.101368881446
1995-09-11,4154.0154710088245
1995-09-12,4138.332261631173
1995-09-13,4179.178554264121
1995-09-14,4172.858352609371
1995-09-15,4171.922280426136
1995-09-18,4135.289455563023
1995-09-19,4144.769329440668
1995-09-20,4168.2940006389845
1995-09-21,4164.080532869151
1995-09-22,4113.637500203814
1995-09-25,4104.508510526722
1995-09-26,4123.585695909396
1995-09-27,4078.760239288744
1995-09-28,4071.737983496568
1995-09-29,4105.912904537893
1995-10-02,4119.9574161222445
1995-10-03,4124.638919983695
1995-10-04,4147.929573136203
1995-10-05,4148.280457336756
1995-10-06,4127.3308418512925
1995-10-09,4108.370808359682
1995-10-10,4049.6179920457425
1995-10-11,4066.2372736066277
1995-10-12,4124.170883892078
1995-10-13,4175.901444413842
1995-10-16,4163.378478731725
1995-10-17,4169.1132066674745
1995-10-18,4205.1608435479075
1995-10-19,4188.307543941213
1995-10-20,4156.473089094295
1995-10-23,4133.182721678106
1995-10-24,4137.630207493748
1995-10-25,4140.556147407155
1995-10-26,4119.255361984819
1995-10-27,4093.857974947394
1995-10-30,4108.019638422809
1995-10-31,4130.373933655764
1995-11-01,4118.2018521742
1995-11-02,4123.234525972523
1995-11-03,4096.7839148608
1995-11-06,4113.637500203814
1995-11-07,4122.532186098778
1995-11-08,4139.736941378665
1995-11-09,4145.003633222796
1995-11-10,4123.702562064141
1995-11-13,4139.385771441792
1995-11-14,4152.376773215525
1995-11-15,4179.880608401547
1995-11-16,4225.993592878626
1995-11-17,4224.120877039518
1995-11-20,4247.060360255153
1995-11-21,4218.15213105796
1995-11-22,4251.273542288667
1995-11-23,4216.279415218853
1995-11-24,4241.442498474149
1995-11-27,4270.7018976082145
1995-11-28,4270.467879562406
1995-11-29,4278.309341383071
1995-11-30,4288.608707025526
1995-12-01,4307.451588626072
1995-12-04,4294.928622943957
1995-12-05,4288.491555134462
1995-12-06,4286.853143077482
1995-12-07,4259.583325937269
1995-12-08,4248.464754266324
1995-12-11,4274.330177395366
1995-12-12,4277.6070015093255
1995-12-13,4286.384821249546
1995-12-14,4297.152508719937
1995-12-15,4263.211605724421
1995-12-18,4208.789123335059
1995-12-19,4186.3176762110415
1995-12-20,4229.38756888365
1995-12-21,4252.327052099285
1995-12-22,4281.58645123335
1995-12-27,4302.770084764622
1995-12-28,4303.121254701495
1995-12-29,4317.868106159592
1996-01-02,4316.229408366293
1996-01-03,4348.649051195893
1996-01-04,4346.8934872478485
1996-01-05,4335.65776368584
1996-01-08,4354.500931022706
1996-01-09,4330.742241778581
1996-01-10,4297.035356828873
1996-01-11,4277.6070015093255
1996-01-12,4280.416075267988
1996-01-15,4286.735991186418
1996-01-16,4342.7971713690795
1996-01-17,4335.306593748967
1996-01-18,4387.388324207604
1996-01-19,4387.037154270731
1996-01-22,4393.825392017098
1996-01-23,4371.3542306294
1996-01-24,4398.506895878549
1996-01-25,4370.417872709846
1996-01-26,4371.0030606925275
1996-01-29,4370.886194537783
1996-01-30,4371.705400566272
1996-01-31,4399.794423734976
1996-02-01,4392.186979960118
1996-02-02,4425.5426949729535
1996-02-05,4384.930706122134
1996-02-06,4385.983930196433
1996-02-07,4360.937998832201
1996-02-08,4340.222115656226
1996-02-09,4349.468257224383
1996-02-12,4361.523186814881
1996-02-13,4386.101082087497
1996-02-14,4383.057990283026
1996-02-15,4423.787131024909
1996-02-16,4413.37061349139
1996-02-19,4382.238784254536
1996-02-20,4347.47867523053
1996-02-21,4360.352810849519
1996-02-22,4377.206110456213
1996-02-23,4377.557280393085
1996-02-26,4335.306593748967
1996-02-27,4348.999935396446
1996-02-28,4375.0993765712965
1996-02-29,4362.693562780244
1996-03-01,4392.069828069054
1996-03-04,4410.678977360112
1996-03-05,4420.6271730656945
1996-03-06,4399.326101907039
1996-03-07,4398.506895878549
1996-03-08,4342.446001432207
1996-03-11,4300.546484724961
1996-03-12,4259.583325937269
1996-03-13,4260.519683856824
1996-03-14,4309.090286419372
1996-03-15,4265.786375700955
1996-03-18,4294.811756789212
1996-03-19,4322.198440084169
1996-03-20,4313.303468452886
1996-03-21,4328.401489847855
1996-03-22,4338.583703599246
1996-03-25,4309.207152574117
1996-03-26,4284.629257301502
1996-03-27,4298.0885809031715
1996-03-28,4298.3228846853
1996-03-29,4330.0399019048355
1996-04-01,4351.925875309852
1996-04-02,4363.746786854543
1996-04-03,4359.767622866838
1996-04-04,4395.464089810398
1996-04-09,4398.975217706486
1996-04-10,4409.274297612621
1996-04-11,4382.121632363472
1996-04-12,4408.572243475195
1996-04-15,4436.310096707026
1996-04-16,4477.039237448908
1996-04-17,4453.982888078529
1996-04-18,4471.655393713712
1996-04-19,4514.257250294704
1996-04-22,4509.107424605317
1996-04-23,4486.051075234937
1996-04-24,4468.02739966288
1996-04-25,4470.016981656733
1996-04-26,4485.817057189129
1996-04-29,4458.196070112042
1996-04-30,4468.378283863433
1996-05-01,4454.450924170146
1996-05-02,4419.807681300885
1996-05-03,4390.782585948948
1996-05-07,4357.309719045048
1996-05-08,4338.934873536119
1996-05-09,4363.512768808734
1996-05-10,4394.059410062907
1996-05-13,4376.269752536659
1996-05-14,4400.262459826593
1996-05-15,4419.573663255076
1996-05-16,4393.123337879672
1996-05-17,4435.256872632727
1996-05-20,4421.914415185801
1996-05-21,4435.022568850599
1996-05-22,4405.529151670725
1996-05-23,4385.398742213752
1996-05-24,4391.367773931628
1996-05-28,4400.847647809274
1996-05-29,4418.988475272395
1996-05-30,4385.047572276879
1996-05-31,4386.335100133306
1996-06-03,4376.269752536659
1996-06-04,4394.995767982461
1996-06-05,4392.889034097544
1996-06-06,4400.9647997003385
1996-06-07,4338.349685553438
1996-06-10,4364.0979567914155
1996-06-11,4395.5809559651425
1996-06-12,4411.381031497538
1996-06-13,4402.603211757318
1996-06-14,4393.123337879672
1996-06-17,4402.369193711509
1996-06-18,4396.4001619936325
1996-06-19,4392.655016051735
1996-06-20,4362.57641088918
1996-06-21,4356.490513016558
1996-06-24,4343.031189414888
1996-06-25,4306.398364551775
1996-06-26,4325.124379997576
1996-06-27,4305.579158523285
1996-06-28,4343.265207460697
1996-07-01,4360.352810849519
1996-07-02,4360.469677004264
1996-07-03,4346.8934872478485
1996-07-04,4401.315969637211
1996-07-05,4380.95125639811
1996-07-08,4378.961674404257
1996-07-09,4391.601791977437
1996-07-10,4407.401867509832
1996-07-11,4387.739494144476
1996-07-12,4363.512768808734
1996-07-15,4328.401489847855
1996-07-16,4251.156676133923
1996-07-17,4281.469299342287
1996-07-18,4322.666476175787
1996-07-19,4342.680019478015
1996-07-22,4308.505098436691
1996-07-23,4340.222115656226
1996-07-24,4293.875398869658
1996-07-25,4312.484262424396
1996-07-26,4299.14209071379
1996-07-29,4305.579158523285
1996-07-30,4293.524228932785
1996-07-31,4334.1362177836045
1996-08-01,4370.651890755655
1996-08-02,4413.019729290837
1996-08-05,4433.735326730492
1996-08-06,4433.852192885236
1996-08-07,4460.419955888024
1996-08-08,4460.770840088577
1996-08-09,4459.951634060087
1996-08-12,4451.290966210931
1996-08-13,4474.815351672928
1996-08-14,4482.891117275722
1996-08-15,4491.200615188005
1996-08-16,4532.748961958378
1996-08-19,4521.981560224305
1996-08-20,4544.803891548877
1996-08-21,4531.812889775143
1996-08-22,4554.050033117033
1996-08-23,4573.244084654452
1996-08-27,4571.137350769536
1996-08-28,4586.35223831925
1996-08-29,4546.910625433793
1996-08-30,4526.546197931011
1996-09-02,4546.208285560048
1996-09-03,4512.852570547213
1996-09-04,4532.514943912569
1996-09-05,4549.485395410327
1996-09-06,4556.273633156695
1996-09-09,4577.106382487413
1996-09-10,4583.309432251099
1996-09-11,4571.020484614792
1996-09-12,4602.620635679582
1996-09-13,4643.934678667827
1996-09-16,4654.8192322929635
1996-09-17,4649.084504357214
1996-09-18,4629.656149037667
1996-09-19,4651.425256287939
1996-09-20,4639.487478588505
1996-09-23,4587.522614284612
1996-09-24,4576.75521255054
1996-09-25,4606.248629730415
1996-09-26,4603.322689817008
1996-09-27,4618.771595412531
1996-09-30,4627.315397106941
1996-10-01,4672.374871773402
1996-10-02,4699.176652821999
1996-10-03,4681.503861450495
1996-10-04,4710.529242538752
1996-10-07,4718.370704359418
1996-10-08,4723.169360111932
1996-10-09,4692.388415075631
1996-10-10,4675.3008116868095
1996-10-11,4714.391540371713
1996-10-14,4726.797354162764
1996-10-15,4740.959017638181
1996-10-16,4710.0609207108155
1996-10-17,4730.77680388679
1996-10-18,4743.650939505778
1996-10-21,4767.0584588130305
1996-10-22,4748.449309521973
1996-10-23,4714.742424572266
1996-10-24,4680.80152157675
1996-10-25,4707.72016878009
1996-10-28,4711.114430521434
1996-10-29,4673.896417675638
1996-10-30,4639.253174806377
1996-10-31,4657.043118068944
1996-11-01,4621.22949923432
1996-11-04,4597.35394383545
1996-11-05,4589.161312077912
1996-11-06,4606.248629730415
1996-11-07,4564.93430100585
1996-11-08,4577.106382487413
1996-11-11,4581.319564520927
1996-11-12,4604.610217673435
1996-11-13,4595.94926408796
1996-11-14,4595.013191904725
1996-11-15,4632.582088951073
1996-11-18,4637.146726657779
1996-11-19,4655.872742103582
1996-11-20,4637.965932686269
1996-11-21,4627.432548998006
1996-11-22,4703.389834855512
1996-11-25,4745.406503453823
1996-11-26,4761.55746318677
1996-11-27,4739.086301799072
1996-11-28,4740.256677764435
1996-11-29,4749.385667441527
1996-12-02,4726.563336116956
1996-12-03,4753.481983320296
1996-12-04,4734.404797937622
1996-12-05,4741.427053729797
1996-12-06,4638.199950732078
1996-12-09,4695.08033694323
1996-12-10,4723.286226266677
1996-12-11,4661.02228205665
1996-12-12,4670.619307825359
1996-12-13,4649.201370511959
1996-12-16,4674.247587612511
1996-12-17,4657.628306051625
1996-12-18,4702.804646872831
1996-12-19,4741.544205620861
1996-12-20,4772.325150657162
1996-12-23,4783.560588482852
1996-12-24,4789.763638246538
1996-12-27,4788.008074298494
1996-12-30,4816.916589232006
1996-12-31,4820.193413345966
1997-01-02,4748.683327567782
1997-01-03,4786.25251035045
1997-01-06,4806.148901761615
1997-01-07,4773.729544668334
1997-01-08,4783.911758419725
1997-01-09,4783.326570437043
1997-01-10,4747.747255384547
1997-01-13,4807.084973944849
1997-01-14,4878.361327413544
1997-01-15,4867.476488052088
1997-01-16,4912.653114609613
1997-01-17,4924.591178045368
1997-01-20,4908.556798730844
1997-01-21,4910.312362678888
1997-01-22,4937.933349755974
1997-01-23,4999.260936046448
1997-01-24,4937.581894082781
1997-01-27,4929.6235661073715
1997-01-28,4959.351001333054
1997-01-29,4924.35687426324
1997-01-30,4948.8176176447905
1997-01-31,5004.293324108451
1997-02-03,4983.226556731924
1997-02-04,4986.854836519075
1997-02-05,5010.964695700074
1997-02-06,4992.706716345889
1997-02-07,5041.745355000055
1997-02-10,5041.62877458163
1997-02-11,5037.649039121286
1997-02-12,5037.649039121286
1997-02-13,5064.333954015137
1997-02-14,5080.60206563915
1997-02-17,5076.856633960933
1997-02-18,5070.4195661514395
1997-02-19,5099.796117176569
1997-02-20,5098.274857010653
1997-02-21,5075.686257995571
1997-02-24,5069.015457876588
1997-02-25,5084.9326853000475
1997-02-26,5066.908438255351
1997-02-27,5078.495617490553
1997-02-28,5042.330542982736
1997-03-03,5040.926434707885
1997-03-04,5100.147572849762
1997-03-05,5102.956360872104
1997-03-06,5148.834755830735
1997-03-07,5173.41265110335
1997-03-10,5193.426194405579
1997-03-11,5201.501674272053
1997-03-12,5175.987706816204
1997-03-13,5146.962611464266
1997-03-14,5178.0941549648005
1997-03-17,5118.404980731307
1997-03-18,5099.093777302824
1997-03-19,5070.302985733015
1997-03-20,4983.578012405116
1997-03-21,4979.715428835836
1997-03-24,4932.900390221331
1997-03-25,4998.324863863213
1997-03-26,5034.372215007326
1997-03-27,5047.714386717932
1997-04-01,4971.87425275149
1997-04-02,4958.41492914982
1997-04-03,4932.666657911842
1997-04-04,4958.41492914982
1997-04-07,4999.495239828576
1997-04-08,4996.685880333594
1997-04-09,5023.604527536934
1997-04-10,5048.0658423911245
1997-04-11,4998.324863863213
1997-04-14,4976.087720521324
1997-04-15,5017.16745972744
1997-04-16,5026.2967351408515
1997-04-17,5031.329123202856
1997-04-18,5044.90559869559
1997-04-21,5066.206669854245
1997-04-22,5086.571097357027
1997-04-23,5135.25885181064
1997-04-24,5136.194923993875
1997-04-25,5114.192084434113
1997-04-28,5137.599603741365
1997-04-29,5188.5109582346395
1997-04-30,5191.787782348599
1997-05-01,5202.321166036862
1997-05-02,5214.727265564235
1997-05-06,5289.27987167425
1997-05-07,5310.580942832906
1997-05-08,5360.7899574524345
1997-05-09,5419.893943703247
1997-05-12,5465.187722151836
1997-05-13,5490.233653516068
1997-05-14,5485.434997763554
1997-05-15,5478.76419764457
1997-05-16,5493.627629521092
1997-05-19,5436.630662891515
1997-05-20,5392.507260408289
1997-05-21,5432.885231213299
1997-05-22,5444.354687084798
1997-05-23,5456.058446738424
1997-05-27,5479.2322337361875
1997-05-28,5474.433577983673
1997-05-29,5468.347394374731
1997-05-30,5408.6582201412375
1997-06-02,5340.191226167524
1997-06-03,5334.339346340711
1997-06-04,5333.520426048541
1997-06-05,5355.874721281495
1997-06-06,5436.396359109387
1997-06-09,5485.201265454065
1997-06-10,5547.114039727219
1997-06-11,5529.792132556269
1997-06-12,5567.946503321618
1997-06-13,5598.025394220494
1997-06-16,5553.551107536714
1997-06-17,5479.934573609933
1997-06-18,5450.440870693739
1997-06-19,5446.578858597098
1997-06-20,5376.590032984829
1997-06-23,5355.406113717238
1997-06-24,5379.398821007172
1997-06-25,5430.544479282575
1997-06-26,5451.494094768037
1997-06-27,5430.895363483128
1997-06-30,5389.113284403265
1997-07-01,5533.888448435038
1997-07-02,5560.924247529443
1997-07-03,5654.905780431645
1997-07-04,5632.78521750818
1997-07-07,5630.32788515903
1997-07-08,5569.234031178045
1997-07-09,5573.798383148432
1997-07-10,5580.118299066862
1997-07-11,5617.219445757913
1997-07-14,5684.984099857881
1997-07-15,5734.022738512047
1997-07-16,5809.980595842193
1997-07-17,5792.190652579625
1997-07-18,5708.157886855644
1997-07-21,5624.476005332217
1997-07-22,5672.461419912084
1997-07-23,5704.99764316011
1997-07-24,5691.421167667375
1997-07-25,5678.078995956769
1997-07-28,5691.070283466822
1997-07-29,5707.455546981899
1997-07-30,5766.7932655422
1997-07-31,5743.620050017076
1997-08-01,5734.022738512047
1997-08-04,5729.809842214853
1997-08-05,5805.76712807236
1997-08-06,5882.543905694675
1997-08-07,5953.468232017539
1997-08-08,5888.512365939913
1997-08-11,5889.214705813659
1997-08-12,5940.59409639855
1997-08-13,5856.093294582952
1997-08-14,5841.697327325408
1997-08-15,5694.815143672399
1997-08-18,5658.767792528286
1997-08-19,5751.461797574061
1997-08-20,5803.192072359506
1997-08-21,5826.131555575141
1997-08-22,5736.129758133283
1997-08-26,5718.807850962333
1997-08-27,5742.917710143331
1997-08-28,5670.93958827353
1997-08-29,5638.28621313444
1997-09-01,5699.965255098106
1997-09-02,5795.936084257842
1997-09-03,5824.844027718715
1997-09-04,5841.697327325408
1997-09-05,5845.091874803072
1997-09-08,5834.558491114808
1997-09-09,5793.946216527669
1997-09-10,5740.928413885798
1997-09-11,5681.94100805341
1997-09-12,5674.2169838601285
1997-09-15,5738.23620628188
1997-09-16,5824.258839736033
1997-09-17,5867.211866253897
1997-09-18,5905.951425001927
1997-09-19,5879.734546199694
1997-09-22,5940.477515980126
1997-09-23,5884.065165860591
1997-09-24,5942.233079928169
1997-09-25,5928.539452544371
1997-09-26,6116.735679185625
1997-09-29,6109.713423393449
1997-09-30,6137.685866143727
1997-10-01,6223.006159724135
1997-10-02,6198.42826445152
1997-10-03,6239.039967566019
1997-10-06,6202.992616421906
1997-10-07,6209.546836122465
1997-10-08,6158.6354816291905
1997-10-09,6106.787483480042
1997-10-10,6117.906055150987
1997-10-13,6203.10976831297
1997-10-14,6201.705088565479
1997-10-15,6160.508197468299
1997-10-16,6188.8309529464905
1997-10-17,6169.168865317454
1997-10-20,6098.829155504633
1997-10-21,6116.267643094007
1997-10-22,6026.031541870022
1997-10-23,5841.931631107536
1997-10-24,5817.002851634368
1997-10-27,5665.439164119909
1997-10-28,5565.605751390894
1997-10-29,5701.837399464574
1997-10-30,5620.0282337802555
1997-10-31,5667.311308486377
1997-11-03,5742.332522160649
1997-11-04,5731.7991384723855
1997-11-05,5744.556122200311
1997-11-06,5692.474391741674
1997-11-07,5576.139135079157
1997-11-10,5625.762961716005
1997-11-11,5610.431493747866
1997-11-12,5524.642592603202
1997-11-13,5513.641172823321
1997-11-14,5549.688523967434
1997-11-17,5696.2198234198895
1997-11-18,5670.93958827353
1997-11-19,5653.033064592537
1997-11-20,5744.673274091375
1997-11-21,5835.260259515914
1997-11-24,5733.203818219877
1997-11-25,5692.1235075411205
1997-11-26,5724.543150370721
1997-11-27,5721.968094657867
1997-11-28,5655.02236085007
1997-12-01,5760.356197732706
1997-12-02,5825.663519483524
1997-12-03,5817.58803961705
1997-12-04,5948.201540173407
1997-12-05,6019.12643796891
1997-12-08,6071.208168427546
1997-12-09,6059.153524573368
1997-12-10,6004.84819407507
1997-12-11,5893.896209675109
1997-12-12,5904.7810490365655
1997-12-15,5994.431390805231
1997-12-16,6089.934183873349
1997-12-17,6075.187332415252
1997-12-18,6048.853873194593
1997-12-19,5875.5216499025
1997-12-22,5873.180897971774
1997-12-23,5910.164321299122
1997-12-24,5868.147938437131
1997-12-29,5983.42997102535
1997-12-30,6006.837490332602
1997-12-31,6010.465770119755
1998-01-02,6078.347576110787
1998-01-05,6159.103517720808
1998-01-06,6161.327117760468
1998-01-07,6114.161194945411
1998-01-08,6129.376082495125
1998-01-09,6013.742594233714
1998-01-12,5932.401464641011
1998-01-13,5950.074256012515
1998-01-14,5976.992903215855
1998-01-15,6045.927933281187
1998-01-16,6159.805857594553
1998-01-19,6172.09480523086
1998-01-20,6177.478648966056
1998-01-21,6170.572973592306
1998-01-22,6148.102097940927
1998-01-23,6064.185912635371
1998-01-26,6129.493234386189
1998-01-27,6233.773275721887
1998-01-28,6287.96202580176
1998-01-29,6346.246520287763
1998-01-30,6388.497206931882
1998-02-02,6552.9350300653305
1998-02-03,6569.085989798279
1998-02-04,6549.1895983871145
1998-02-05,6561.595697914486
1998-02-06,6588.865800791019
1998-02-09,6555.158630104992
1998-02-10,6569.6711777809605
1998-02-11,6563.35126186253
1998-02-12,6498.512547675969
1998-02-13,6533.389522854719
1998-02-16,6577.395773446881
1998-02-17,6682.2615742379
1998-02-18,6698.529685861913
1998-02-19,6692.794957926164
1998-02-20,6731.5345166741945
1998-02-23,6674.419826680915
1998-02-24,6613.794580264187
1998-02-25,6723.927072899338
1998-02-26,6746.983136533398
1998-02-27,6749.909076446805
1998-03-02,6812.290458284216
1998-03-03,6797.192722625566
1998-03-04,6709.882561314987
1998-03-05,6665.9934626138875
1998-03-06,6768.167055800989
1998-03-09,6810.300590554044
1998-03-10,6821.536314116052
1998-03-11,6823.057574281968
1998-03-12,6782.094415494276
1998-03-13,6767.464715927244
1998-03-16,6770.742111513843
1998-03-17,6829.026605999846
1998-03-18,6909.431663409314
1998-03-19,7019.797888353954
1998-03-20,6971.11013390034
1998-03-23,6960.225866011524
1998-03-24,7003.178892529388
1998-03-25,6984.686609393075
1998-03-26,6911.772415340039
1998-03-27,6951.213742489175
1998-03-30,6919.145555332768
1998-03-31,6942.9045303132125
1998-04-01,7042.854523460653
1998-04-02,7084.051414557834
1998-04-03,7097.394157741079
1998-04-06,7146.081340722052
1998-04-07,7132.271132919829
1998-04-08,7086.860774052815
1998-04-09,7145.7304565215
1998-04-14,7144.09204446452
1998-04-15,7108.980765503641
1998-04-16,7024.596544106468
1998-04-17,6931.200770659586
1998-04-20,6968.535649660126
1998-04-21,6969.588873734425
1998-04-22,6941.73415434785
1998-04-23,6902.994595599819
1998-04-24,6862.967508995362
1998-04-27,6697.35930989655
1998-04-28,6795.905194769139
1998-04-29,6826.920157851248
1998-04-30,6938.456758761251
1998-05-01,7034.310436029922
1998-05-05,7006.455716643347
1998-05-06,7013.360820544459
1998-05-07,6949.69248232326
1998-05-08,6986.910209432735
1998-05-11,7055.37720340645
1998-05-12,6971.5787414645965
1998-05-13,6990.538489219888
1998-05-14,6961.981429959567
1998-05-15,6926.050659233879
1998-05-18,6818.8446779847745
1998-05-19,6879.2356206193745
1998-05-20,6913.878863488636
1998-05-21,6946.883694300917
1998-05-22,6970.29121360817
1998-05-26,6987.9640049796735
1998-05-27,6870.34122046073
1998-05-28,6861.094793156253
1998-05-29,6870.926408443411
1998-06-01,6832.537733895933
1998-06-02,6837.687273849001
1998-06-03,6903.345479800372
1998-06-04,6859.33922920821
1998-06-05,6960.576750212077
1998-06-08,7066.495775077394
1998-06-09,7045.429007700867
1998-06-10,7007.508940717646
1998-06-11,6849.625337284756
1998-06-12,6752.835016360211
1998-06-15,6689.518133812205
1998-06-16,6705.903397327281
1998-06-17,6826.452121759631
1998-06-18,6802.342262578633
1998-06-19,6727.4382007954255
1998-06-22,6685.772702133989
1998-06-23,6755.410072073065
1998-06-24,6793.915327038967
1998-06-25,6857.2327810596125
1998-06-26,6878.767584527757
1998-06-29,6887.077368176359
1998-06-30,6826.334969868567
1998-07-01,6928.508563055669
1998-07-02,6975.675057343366
1998-07-03,7008.679316683008
1998-07-06,7010.90291672267
1998-07-07,7026.234956163447
1998-07-08,7033.491515737752
1998-07-09,6986.793629014311
1998-07-10,6939.978590399806
1998-07-13,6973.334305412641
1998-07-14,7139.527692494134
1998-07-15,7199.56775092818
1998-07-16,7158.9554763410415
1998-07-17,7225.901210148839
1998-07-20,7231.753089975652
1998-07-21,7177.5649113684185
1998-07-22,7010.0839964305
1998-07-23,6994.401072789168
1998-07-24,6896.206072117132
1998-07-27,6830.548437638401
1998-07-28,6830.196981965209
1998-07-29,6839.794293470238
1998-07-30,6917.741447057916
1998-07-31,6831.601661712699
1998-08-03,6799.533474556291
1998-08-04,6713.393689211074
1998-08-05,6592.142624904978
1998-08-06,6547.200302129581
1998-08-07,6648.20351935132
1998-08-10,6539.592858354725
1998-08-11,6358.418316033007
1998-08-12,6392.827826592779
1998-08-13,6319.445024975487
1998-08-14,6384.400891053113
1998-08-17,6398.679706419593
1998-08-18,6610.517756150228
1998-08-19,6664.471630975333
1998-08-20,6632.988631801606
1998-08-21,6410.149162291091
1998-08-24,6499.91722742346
1998-08-25,6617.773744251892
1998-08-26,6490.202764027366
1998-08-27,6283.163370049246
1998-08-28,6143.771478280029
1998-09-01,6049.790516850467
1998-09-02,6127.971402747634
1998-09-03,5990.8036824907185
1998-09-04,6047.332613028677
1998-09-07,6258.000286793949
1998-09-08,6254.72346267999
1998-09-09,6216.2176362414475
1998-09-10,6011.753297976181
1998-09-11,5990.686530599654
1998-09-14,6166.242925404047
1998-09-15,6181.574964844825
1998-09-16,6193.278724498452
1998-09-17,6007.4226783152835
1998-09-18,5916.952844781808
1998-09-21,5840.526951360046
1998-09-22,5972.779435446022
1998-09-23,6103.15977516553
1998-09-24,6048.034952902422
1998-09-25,5923.272760700239
1998-09-28,5961.309979574524
1998-09-29,5979.099922837092
1998-09-30,5927.251924687944
1998-10-01,5744.439541781886
1998-10-02,5559.75387156408
1998-10-05,5440.726978770285
1998-10-06,5681.004935870176
1998-10-07,5651.628384845046
1998-10-08,5499.479509347905
1998-10-09,5645.191317035552
1998-10-12,5896.003229296345
1998-10-13,5840.293219050557
1998-10-14,5896.8221495885155
1998-10-15,5917.771765073979
1998-10-16,6007.656982097412
1998-10-19,5942.583964128722
1998-10-20,6146.697418193436
1998-10-21,6093.796767442629
1998-10-22,6120.949146955459
1998-10-23,6105.968563187872
1998-10-26,6122.821862794566
1998-10-27,6239.508575130276
1998-10-28,6195.853208738667
1998-10-29,6271.459610395619
1998-10-30,6364.972535733566
1998-11-02,6466.912396611177
1998-11-03,6441.632161464817
1998-11-04,6580.90690134297
1998-11-05,6413.42598640505
1998-11-06,6426.534425806167
1998-11-09,6359.705843889434
1998-11-10,6357.833128050325
1998-11-11,6409.914858508962
1998-11-12,6377.378635260937
1998-11-13,6393.998202558142
1998-11-16,6449.3567571307385
1998-11-17,6440.228053189966
1998-11-18,6406.638034395002
1998-11-19,6561.361965604997
1998-11-20,6691.624581960801
1998-11-23,6844.826681532241
1998-11-24,6786.190731373045
1998-11-25,6735.864564862453
1998-11-26,6820.833974242308
1998-11-27,6839.911445361302
1998-11-30,6722.522393151847
1998-12-01,6480.95690819553
1998-12-02,6445.494745034098
1998-12-03,6514.429775099428
1998-12-04,6532.921486763102
1998-12-07,6526.8358746267995
1998-12-08,6572.480537275942
1998-12-09,6634.978499531779
1998-12-10,6624.678848153004
1998-12-11,6485.8727158391075
1998-12-14,6477.445780299441
1998-12-15,6503.896391411165
1998-12-16,6589.684721083189
1998-12-17,6653.821666868645
1998-12-18,6720.181641221122
1998-12-21,6877.7143604534585
1998-12-22,6838.857649814364
1998-12-23,6915.517275545616
1998-12-24,6866.830092564642
1998-12-29,6953.788798202029
1998-12-30,6884.853768136699
1999-01-04,6881.108336458482
1999-01-05,6973.334305412641
1999-01-06,7196.407507232645
1999-01-07,7140.6980684594955
1999-01-08,7194.535362866177
1999-01-11,7121.737749231565
1999-01-12,7061.580538906454
1999-01-13,6846.816549262413
1999-01-14,6811.822422192598
1999-01-15,6953.203610219348
1999-01-18,7167.265259989644
1999-01-19,7054.558283114279
1999-01-20,7145.847608412563
1999-01-21,7048.354947614273
1999-01-22,6859.8078367724665
1999-01-25,6882.863900406526
1999-01-26,6888.482047923851
1999-01-27,6877.597208562394
1999-01-28,6873.032856592008
1999-01-29,6900.53669177803
1999-02-01,7036.768339851711
1999-02-02,7037.470679725457
1999-02-03,6952.384118454538
1999-02-04,6951.916082362921
1999-02-05,6852.902161398715
1999-02-08,6829.026605999846
1999-02-09,6764.655927904902
1999-02-10,6753.3036239244675
1999-02-11,6891.75887203781
1999-02-12,6964.556485672421
1999-02-15,7049.4087431612115
1999-02-16,7149.358736308652
1999-02-17,7114.013153565645
1999-02-18,7109.916837686876
1999-02-19,7058.771750884112
1999-02-22,7104.064957860062
1999-02-23,7203.898370589078
1999-02-24,7382.2635534158135
1999-02-25,7263.938429023125
1999-02-26,7227.188738005266
1999-03-01,7093.531574171799
1999-03-02,7093.999610263416
1999-03-03,7078.784722713702
1999-03-04,7141.048952660049
1999-03-05,7262.768053057762
1999-03-08,7266.747217045467
1999-03-09,7300.4543877314945
1999-03-10,7304.901587810817
1999-03-11,7415.151232337032
1999-03-12,7352.536118190131
1999-03-15,7264.289313223678
1999-03-16,7258.554585287929
1999-03-17,7186.810767200255
1999-03-18,7156.029536427634
1999-03-19,7213.261378311979
1999-03-22,7201.089011094095
1999-03-23,7093.063538080181
1999-03-24,7041.801299386354
1999-03-25,7121.737749231565
1999-03-26,7185.172355143276
1999-03-29,7318.243759521422
1999-03-30,7331.469350813603
1999-03-31,7367.86758615827
1999-04-01,7408.479860745409
1999-04-06,7508.312702001785
1999-04-07,7576.077927574392
1999-04-08,7534.763313113508
1999-04-09,7575.609320010136
1999-04-12,7538.625896682788
1999-04-13,7622.775814297833
1999-04-14,7599.953482973262
1999-04-15,7567.768143925789
1999-04-16,7514.51603750179
1999-04-19,7625.350298538047
1999-04-20,7396.541797309654
1999-04-21,7386.242717403518
1999-04-22,7506.323405744251
1999-04-23,7523.176705350946
1999-04-26,7611.657242626888
1999-04-27,7716.991079509524
1999-04-28,7723.076691645826
1999-04-29,7604.634986834712
1999-04-30,7668.537628838039
1999-05-04,7646.183333605085
1999-05-05,7492.396046050964
1999-05-06,7498.130773986713
1999-05-07,7438.909635844837
1999-05-10,7430.4827003051705
1999-05-11,7465.008791283368
1999-05-12,7423.811900186187
1999-05-13,7556.649572254844
1999-05-14,7373.836617876147
1999-05-17,7216.30389864381
1999-05-18,7263.8212771320605
1999-05-19,7334.39529072701
1999-05-20,7453.1884512113165
1999-05-21,7435.515659839813
1999-05-24,7399.234004913572
1999-05-25,7314.030291751589
1999-05-26,7299.400592184556
1999-05-27,7255.745797265587
1999-05-28,7286.995064129824
1999-06-01,7314.849783516399
1999-06-02,7375.943637497383
1999-06-03,7430.248967995682
1999-06-04,7445.346703654332
1999-06-07,7504.450689905144
1999-06-08,7527.273021229715
1999-06-09,7552.436104485011
1999-06-10,7494.3853423084975
1999-06-11,7589.653831594487
1999-06-14,7525.751761063799
1999-06-15,7550.329656336415
1999-06-16,7613.178502792804
1999-06-17,7599.953482973262
1999-06-18,7639.97999810508
1999-06-21,7702.59511225198
1999-06-22,7668.771361147528
1999-06-23,7603.347458978285
1999-06-24,7509.951685531404
1999-06-25,7531.837373200101
1999-06-28,7497.1941303308395
1999-06-29,7381.678365433132
1999-06-30,7395.020537143739
1999-07-01,7594.452487347002
1999-07-02,7597.963615243089
1999-07-05,7715.118363670416
1999-07-06,7748.591230574315
1999-07-07,7721.438279588846
1999-07-08,7674.506089083277
1999-07-09,7680.709424583282
1999-07-12,7660.6958812810535
1999-07-13,7543.775436635856
1999-07-14,7575.9607756833275
1999-07-15,7695.221972259252
1999-07-16,7681.528344875453
1999-07-19,7588.3668752107
1999-07-20,7481.043170597891
1999-07-21,7408.24555696328
1999-07-22,7370.793526071677
1999-07-23,7264.991653097423
1999-07-26,7220.166482213091
1999-07-27,7329.830367283985
1999-07-28,7370.091757670571
1999-07-29,7159.774968105851
1999-07-30,7293.665864248807
1999-08-02,7359.674954400732
1999-08-03,7315.669275281208
1999-08-04,7297.762180127576
1999-08-05,7141.166104551113
1999-08-06,7163.87128398462
1999-08-09,7170.308351794115
1999-08-10,6996.975557029382
1999-08-11,7039.109091782437
1999-08-12,7201.674199076777
1999-08-13,7309.11505558065
1999-08-16,7297.762180127576
1999-08-17,7217.123390408619
1999-08-18,7258.437433396864
1999-08-19,7160.360156088533
1999-08-20,7233.859538124249
1999-08-23,7399.234004913572
1999-08-24,7391.041373156033
1999-08-25,7454.709711377232
1999-08-26,7471.563010983926
1999-08-27,7461.381082968855
1999-08-31,7310.636315746566
1999-09-01,7345.513862397956
1999-09-02,7251.181445295199
1999-09-03,7411.054916458262
1999-09-06,7461.966270951536
1999-09-07,7384.487153455475
1999-09-08,7319.063251286232
1999-09-09,7327.25588304377
1999-09-10,7245.797601560003
1999-09-13,7220.049330322026
1999-09-14,7158.019404157807
1999-09-15,7101.490473619848
1999-09-16,7039.343395564565
1999-09-17,7068.836527008119
1999-09-20,7088.382034218731
1999-09-21,6972.280509865703
1999-09-22,6921.486307263493
1999-09-23,6986.793629014311
1999-09-24,6949.224446231643
1999-09-27,7114.247457347773
1999-09-28,7030.682727715409
1999-09-29,7046.36565135674
1999-09-30,7057.132767354493
1999-10-01,6987.9640049796735
1999-10-04,7084.168566448898
1999-10-05,7121.152561248884
1999-10-06,7136.367448798598
1999-10-07,7256.9161732309485
1999-10-08,7255.628645374522
1999-10-11,7297.059840253831
1999-10-12,7226.9544342231375
1999-10-13,7154.976312353337
1999-10-14,7068.368490916502
1999-10-15,6913.761711597572
1999-10-18,6869.170844495367
1999-10-19,7014.882652183014
1999-10-20,7030.097539732728
1999-10-21,6951.213742489175
1999-10-22,7091.190822241073
1999-10-25,7033.2572119556235
1999-10-26,7130.398417080722
1999-10-27,7075.74220238187
1999-10-28,7196.7589629058375
1999-10-29,7321.521155108021
1999-11-01,7354.642566338728
1999-11-02,7317.190535447124
1999-11-03,7350.897134660512
1999-11-04,7410.0011209113245
1999-11-05,7439.6119757185825
1999-11-08,7460.327287421917
1999-11-09,7531.954525091165
1999-11-10,7545.413848692836
1999-11-11,7667.6009851821655
1999-11-12,7621.0202503497885
1999-11-15,7646.768521587766
1999-11-16,7704.584979982153
1999-11-17,7672.633944716808
1999-11-18,7666.89864530842
1999-11-19,7586.72789168108
1999-11-22,7539.561968866023
1999-11-23,7647.470861461512
1999-11-24,7679.772780927409
1999-11-25,7821.388272736286
1999-11-26,7823.729024667012
1999-11-29,7832.506844407231
1999-11-30,7721.204547279357
1999-12-01,7778.318665799998
1999-12-02,7787.3307893223455
1999-12-03,7890.909062256937
1999-12-06,7834.496712137404
1999-12-07,7795.757153389372
1999-12-08,7747.186550826824
1999-12-09,7819.047520805561
1999-12-10,7887.748818561403
1999-12-13,7854.042219348015
1999-12-14,7843.976871751369
1999-12-15,7764.039850433518
1999-12-16,7808.748440899426
1999-12-17,7870.310330972028
1999-12-20,7878.034926637949
1999-12-21,7850.296787669799
1999-12-22,7874.991834833479
1999-12-23,7931.403613480373
1999-12-24,7966.164008240698
1999-12-29,8000.5729473278325
1999-12-30,8110.939743745111
2000-01-04,7801.609033216186
2000-01-05,7649.460157719045
2000-01-06,7545.648152474963
2000-01-07,7613.061350901739
2000-01-10,7733.493494915665
2000-01-11,7629.5637663078805
2000-01-12,7645.831877931893
2000-01-13,7644.310617765977
2000-01-14,7792.597481166477
2000-01-17,7805.822500986019
2000-01-18,7612.8276185922505
2000-01-19,7543.658284744792
2000-01-20,7430.366119886746
2000-01-21,7427.556760391763
2000-01-24,7466.764355231411
2000-01-25,7343.055958576166
2000-01-26,7461.849119060472
2000-01-27,7538.39159290066
2000-01-28,7461.849119060472
2000-01-31,7336.501738875607
2000-02-01,7362.718046205202
2000-02-02,7376.645405898489
2000-02-03,7401.808489153786
2000-02-04,7238.775345767828
2000-02-07,7161.062495962277
2000-02-08,7356.7490144873245
2000-02-09,7391.392257356586
2000-02-10,7349.726758695149
2000-02-11,7248.489237691282
2000-02-14,7102.543697694146
2000-02-15,7028.341975784684
2000-02-16,7194.769095175666
2000-02-17,7267.215253137084
2000-02-18,7215.367826460576
2000-02-21,7117.758585243861
2000-02-22,7039.460547455629
2000-02-23,7190.907083079024
2000-02-24,7123.727616961738
2000-02-25,7253.990233317542
2000-02-28,7138.825352620388
2000-02-29,7294.485356013617
2000-03-01,7449.325867642036
2000-03-02,7527.97536110346
2000-03-03,7592.814075290022
2000-03-06,7686.7950367195845
2000-03-07,7568.236180017407
2000-03-08,7503.514617721909
2000-03-09,7645.012957639723
2000-03-10,7687.848832266523
2000-03-13,7568.704216109024
2000-03-14,7592.3460391984045
2000-03-15,7545.413848692836
2000-03-16,7674.506089083277
2000-03-17,7675.325580848087
2000-03-20,7753.155582544701
2000-03-21,7745.4309868787805
2000-03-22,7735.717094955326
2000-03-23,7718.161455474887
2000-03-24,7886.57844259604
2000-03-27,7826.538384161993
2000-03-28,7783.117321552512
2000-03-29,7723.076691645826
2000-03-30,7543.307400544239
2000-03-31,7654.493117253688
2000-04-03,7563.086640064339
2000-04-04,7522.006329385583
2000-04-05,7466.17916724873
2000-04-06,7550.2125044453505
2000-04-07,7689.252940541374
2000-04-10,7646.534217805638
2000-04-11,7466.062586830305
2000-04-12,7432.823452235895
2000-04-13,7440.0800118102
2000-04-14,7230.699865901353
2000-04-17,7015.935876257312
2000-04-18,7108.863613612577
2000-04-19,7238.658193876764
2000-04-20,7304.550703610264
2000-04-25,7353.472190373365
2000-04-26,7322.457227291256
2000-04-27,7232.103974176205
2000-04-28,7405.436768940938
2000-05-02,7459.274063347619
2000-05-03,7238.5410419857
2000-05-04,7255.86294915665
2000-05-05,7301.741344115281
2000-05-08,7275.407884894623
2000-05-09,7167.1481080985795
2000-05-10,7140.112880476815
2000-05-11,7310.051127763884
2000-05-12,7354.057378356047
2000-05-15,7312.15814738512
2000-05-16,7394.9033852526745
2000-05-17,7251.883785168945
2000-05-18,7294.953392105234
2000-05-19,7075.390746708678
2000-05-22,7063.804138946116
2000-05-23,7123.844197380163
2000-05-24,7161.062495962277
2000-05-25,7292.729792065573
2000-05-26,7276.1102247683675
2000-05-30,7443.12310361467
2000-05-31,7442.888799832542
2000-06-01,7572.917683878857
2000-06-02,7755.379182584363
2000-06-05,7662.100561028545
2000-06-06,7662.217141446969
2000-06-07,7611.890974936377
2000-06-08,7603.46461086935
2000-06-09,7541.668417014619
2000-06-12,7526.570681355969
2000-06-13,7545.5310005839
2000-06-14,7649.928193810662
2000-06-15,7596.676087386662
2000-06-16,7637.873549956483
2000-06-19,7595.974318985556
2000-06-20,7638.926774030781
2000-06-21,7581.461199836948
2000-06-22,7506.55713805374
2000-06-23,7480.45798261521
2000-06-26,7496.492361929733
2000-06-27,7461.497663387279
2000-06-28,7389.168657316925
2000-06-29,7301.9756478974095
2000-06-30,7388.232585133691
2000-07-03,7572.800531987793
2000-07-04,7510.302569731957
2000-07-05,7469.924598926947
2000-07-06,7513.3456615364275
2000-07-07,7604.517834943648
2000-07-10,7567.885295816854
2000-07-11,7579.1204479062235
2000-07-12,7629.095730216263
2000-07-13,7579.003867487799
2000-07-14,7578.652411814606
2000-07-17,7637.288361973801
2000-07-18,7549.510164571605
2000-07-19,7567.065804052044
2000-07-20,7571.162119930813
2000-07-21,7465.125943174432
2000-07-24,7468.519919179455
2000-07-25,7479.521910431976
2000-07-26,7475.308442662143
2000-07-27,7434.345283874451
2000-07-28,7415.151232337032
2000-07-31,7449.793903733654
2000-08-01,7466.296319139794
2000-08-02,7480.223678833082
2000-08-03,7393.382125086759
2000-08-04,7447.687455585056
2000-08-07,7476.127362954312
2000-08-08,7441.367539666626
2000-08-09,7506.791441835869
2000-08-10,7475.5421749716315
2000-08-11,7472.265350857671
2000-08-14,7513.696545736981
2000-08-15,7578.76956370567
2000-08-16,7645.012957639723
2000-08-17,7628.74484601571
2000-08-18,7658.589433132457
2000-08-21,7656.833869184413
2000-08-22,7706.691428130749
2000-08-23,7684.922892353116
2000-08-24,7674.155204882724
2000-08-25,7681.996952439709
2000-08-29,7708.446992078793
2000-08-30,7742.15416276482
2000-08-31,7809.567932664236
2000-09-01,7952.7046846390285
2000-09-04,7956.33296442618
2000-09-05,7902.963706111117
2000-09-06,7835.316203902214
2000-09-07,7828.879136092719
2000-09-08,7725.300863158127
2000-09-11,7703.41460401679
2000-09-12,7672.39964093468
2000-09-13,7581.929807401205
2000-09-14,7672.39964093468
2000-09-15,7510.65345393251
2000-09-18,7502.344241756547
2000-09-19,7494.502494199562
2000-09-20,7349.8439105862135
2000-09-21,7255.3949130650335
2000-09-22,7263.236089149379
2000-09-25,7323.159567165001
2000-09-26,7271.78017658011
2000-09-27,7337.437811058841
2000-09-28,7331.352198922539
2000-09-29,7366.580629774482
2000-10-02,7355.2277543214095
2000-10-03,7426.0355002258475
2000-10-04,7414.214588681158
2000-10-05,7469.339410944265
2000-10-06,7480.107098414657
2000-10-09,7332.1711192147095
2000-10-10,7312.15814738512
2000-10-11,7159.892119996915
2000-10-12,7176.628267712545
2000-10-13,7267.566708810276
2000-10-16,7356.6324340689
2000-10-17,7260.192997344909
2000-10-18,7195.705738831539
2000-10-19,7278.450976699093
2000-10-20,7345.63044281638
2000-10-23,7391.977445339267
2000-10-24,7535.3485010961895
2000-10-25,7452.71984364706
2000-10-26,7376.060217915808
2000-10-27,7451.315735372208
2000-10-30,7476.829702828058
2000-10-31,7535.3485010961895
2000-11-01,7557.819948220207
2000-11-02,7481.043170597891
2000-11-03,7473.31857493197
2000-11-06,7526.687833247033
2000-11-07,7568.704216109024
2000-11-08,7580.993163745331
2000-11-09,7539.796272648151
2000-11-10,7490.64048210292
2000-11-13,7343.874878868336
2000-11-14,7505.503913979443
2000-11-15,7528.209093412949
2000-11-16,7525.985493373288
2000-11-17,7537.338368826361
2000-11-20,7426.0355002258475
2000-11-21,7469.5737147263935
2000-11-22,7281.376916612499
2000-11-23,7358.504578435369
2000-11-24,7405.671072723066
2000-11-27,7460.795894986173
2000-11-28,7314.615479734271
2000-11-29,7215.250674569512
2000-11-30,7188.683483039364
2000-12-01,7221.687742379006
2000-12-04,7207.994686467847
2000-12-05,7372.198205819167
2000-12-06,7342.119314920292
2000-12-07,7293.080676266126
2000-12-08,7359.674954400732
2000-12-11,7455.762935451531
2000-12-12,7479.170454758783
2000-12-13,7493.91730621688
2000-12-14,7331.000743249347
2000-12-15,7228.007658297436
2000-12-18,7310.75346763763
2000-12-19,7367.516701957717
2000-12-20,7229.061453844374
2000-12-21,7157.434216175126
2000-12-22,7136.367448798598
2000-12-27,7277.632056406923
2000-12-28,7283.483936233736
2000-12-29,7282.664444468926
2001-01-02,7226.720701913649
2001-01-03,7068.953678899184
2001-01-04,7239.477685641574
2001-01-05,7254.1073852086065
2001-01-08,7197.344150888519
2001-01-09,7125.366029018718
2001-01-10,7092.361198206436
2001-01-11,7156.73187630138
2001-01-12,7215.9530144432565
2001-01-15,7221.570590487941
2001-01-16,7119.747881501394
2001-01-17,7253.287893443797
2001-01-18,7267.9175930108295
2001-01-19,7267.215253137084
2001-01-22,7293.7830161398715
2001-01-23,7273.535740528154
2001-01-24,7331.703083123092
2001-01-25,7321.404003216957
2001-01-26,7366.697210192907
2001-01-29,7393.264973195694
2001-01-30,7413.74655258954
2001-01-31,7370.442641871124
2001-02-01,7316.956231664995
2001-02-02,7322.340075400191
2001-02-05,7337.321230640417
2001-02-06,7365.643986118609
2001-02-07,7286.409876147142
2001-02-08,7263.470392931507
2001-02-09,7214.548334695766
2001-02-12,7304.7844359197525
2001-02-13,7289.6867002611025
2001-02-14,7228.476265861693
2001-02-15,7253.873081426478
2001-02-16,7125.599761328207
2001-02-19,7132.271132919829
2001-02-20,6998.9654247595545
2001-02-21,6989.953301237207
2001-02-22,7025.884071962894
2001-02-23,6956.363853914882
2001-02-26,6924.880283268517
2001-02-27,6953.437914001476
2001-02-28,6926.167811124943
2001-03-01,6915.283543236127
2001-03-02,6856.764744967995
2001-03-05,6941.850734766274
2001-03-06,7036.300303760094
2001-03-07,7024.36224032434
2001-03-08,7026.001223853958
2001-03-09,6925.465471251198
2001-03-12,6819.195562185328
2001-03-13,6695.370013639018
2001-03-14,6584.535181130122
2001-03-15,6705.3182093446
2001-03-16,6510.567191530148
2001-03-19,6497.45932360167
2001-03-20,6608.878772620608
2001-03-21,6484.702339873746
2001-03-22,6220.313952120217
2001-03-23,6322.721849089447
2001-03-26,6526.718722735735
2001-03-27,6704.030681488173
2001-03-28,6570.49066954577
2001-03-29,6540.528930537959
2001-03-30,6593.547304652469
2001-04-02,6575.757361389902
2001-04-03,6393.881050667078
2001-04-04,6478.850460046932
2001-04-05,6579.619373486543
2001-04-06,6555.860969978738
2001-04-09,6628.1899760490915
2001-04-10,6791.6917269993055
2001-04-11,6774.253239409931
2001-04-12,6749.090156154634
2001-04-17,6742.65308834514
2001-04-18,6893.748739767982
2001-04-19,6871.979632517709
2001-04-20,6881.576372550099
2001-04-23,6871.628176844517
2001-04-24,6835.346521918276
2001-04-25,6820.36593815069
2001-04-26,6868.117048948429
2001-04-27,6965.375405964592
2001-04-30,6983.633385318776
2001-05-01,6937.988722669634
2001-05-02,6910.134003283059
2001-05-03,6748.15351249876
2001-05-04,6870.457800879155
2001-05-08,6889.300968216021
2001-05-09,6897.8450556467515
2001-05-10,6980.122257422689
2001-05-11,6901.472763961264
2001-05-14,6660.024430896011
2001-05-15,6838.389613722747
2001-05-16,6886.492180193678
2001-05-17,6910.602039374677
2001-05-18,6922.77383511992
2001-05-21,6953.905950093093
2001-05-22,6994.8691088807855
2001-05-23,6902.292255726074
2001-05-24,6923.827059194218
2001-05-25,6893.280132203726
2001-05-29,6862.967508995362
2001-05-30,6784.552319316066
2001-05-31,6783.733399023896
2001-06-01,6799.416322665227
2001-06-04,6854.306841146206
2001-06-05,6931.668806751203
2001-06-06,6906.973759587524
2001-06-07,6961.747126177439
2001-06-08,6964.439333781357
2001-06-11,6858.988345007657
2001-06-12,6792.862102964668
2001-06-13,6811.822422192598
2001-06-14,6732.704892639557
2001-06-15,6698.061649770296
2001-06-18,6637.904439445185
2001-06-19,6648.20351935132
2001-06-20,6670.674966475339
2001-06-21,6602.558856702178
2001-06-22,6630.999335544073
2001-06-25,6626.551563992111
2001-06-26,6502.2579793541845
2001-06-27,6563.35126186253
2001-06-28,6599.04772880609
2001-06-29,6603.846384558605
2001-07-02,6690.688509777568
2001-07-03,6600.803292754134
2001-07-04,6554.690594013375
2001-07-05,6495.118571670945
2001-07-06,6412.724218003944
2001-07-09,6400.669002677126
2001-07-10,6399.498626711763
2001-07-11,6310.550053344204
2001-07-12,6415.533006026287
2001-07-13,6480.371720212848
2001-07-16,6457.081352796659
2001-07-17,6352.566436206193
2001-07-18,6325.414056693365
2001-07-19,6363.802159768203
2001-07-20,6304.932477299519
2001-07-23,6326.232976985534
2001-07-24,6226.6344395112865
2001-07-25,6174.55270905265
2001-07-26,6186.724504797893
2001-07-27,6323.6584927453205
2001-07-30,6374.686999129659
2001-07-31,6471.125864381011
2001-08-01,6491.95832797541
2001-08-02,6535.964578567572
2001-08-03,6492.7778197402195
2001-08-06,6467.965620685476
2001-08-07,6480.13741643072
2001-08-08,6409.563974308409
2001-08-09,6323.424188963192
2001-08-10,6351.864667805087
2001-08-13,6356.4290197754735
2001-08-14,6446.196513435203
2001-08-15,6392.125486719034
2001-08-16,6308.092149522414
2001-08-17,6252.2655588582
2001-08-20,6270.289234430257
2001-08-21,6355.4923761196005
2001-08-22,6330.212712445879
2001-08-23,6315.9338970794
2001-08-24,6404.180130573213
2001-08-28,6360.642487545308
2001-08-29,6340.628944243079
2001-08-30,6241.264139078319
2001-08-31,6255.6595348632245
2001-09-03,6217.154279897321
2001-09-04,6296.154657559298
2001-09-05,6221.835783758772
2001-09-06,6090.987407947648
2001-09-07,5934.157028589056
2001-09-10,5891.321725434895
2001-09-11,5554.604331611013
2001-09-12,5713.8926147913935
2001-09-13,5785.870736661195
2001-09-14,5566.073787482511
2001-09-17,5733.55470242043
2001-09-18,5674.80217184281
2001-09-19,5526.164424241756
2001-09-20,5333.286122266412
2001-09-21,5189.096146217321
2001-09-24,5399.997552292082
2001-09-25,5457.931162577532
2001-09-26,5496.202685233945
2001-09-27,5575.203062895923
2001-09-28,5738.821394264562
2001-10-01,5600.951334133901
2001-10-02,5655.6075488327515
2001-10-03,5713.541159118201
2001-10-04,5870.84014604105
2001-10-05,5894.013361566173
2001-10-08,5890.151349469533
2001-10-09,5863.349282684617
2001-10-10,6031.064501404664
2001-10-11,6044.874709206888
2001-10-12,6022.16952977338
2001-10-15,5930.645900692968
2001-10-16,5948.5529958465995
2001-10-17,6089.934183873349
2001-10-18,5987.643438795183
2001-10-19,5872.595709989093
2001-10-22,5934.27418048012
2001-10-23,6078.113272328658
2001-10-24,6048.034952902422
2001-10-25,5953.23449970805
2001-10-26,6072.730000066102
2001-10-29,5952.41500794324
2001-10-30,5856.093294582952
2001-10-31,5898.343981227071
2001-11-01,5935.210824135994
2001-11-02,6003.443514327579
2001-11-05,6096.605555464971
2001-11-06,6102.457435291784
2001-11-07,6105.031919531999
2001-11-08,6177.361497074992
2001-11-09,6137.685866143727
2001-11-12,6022.98902153819
2001-11-13,6176.191121109629
2001-11-14,6133.706130683383
2001-11-15,6130.663610351552
2001-11-16,6192.459232733642
2001-11-19,6247.466903105686
2001-11-20,6201.47135625599
2001-11-21,6219.143576154855
2001-11-22,6256.712758937522
2001-11-23,6195.034288446496
2001-11-26,6205.918556335313
2001-11-27,6163.199833599577
2001-11-28,6092.041203494585
2001-11-29,6095.903215591226
2001-11-30,6090.168487655477
2001-12-03,6044.523825006335
2001-12-04,6100.11668336106
2001-12-05,6242.200211261554
2001-12-06,6284.684630215162
2001-12-07,6161.678573433661
2001-12-10,6068.399380405204
2001-12-11,6040.076053454373
2001-12-12,5992.3249426566335
2001-12-13,5939.540872324252
2001-12-14,5923.272760700239
2001-12-17,6011.401842302988
2001-12-18,6028.723749473939
2001-12-19,5993.027282530379
2001-12-20,5945.7442078242575
2001-12-21,6038.203909087904
2001-12-24,6059.504408773921
2001-12-27,6101.404211217486
2001-12-28,6135.578846522491
2001-12-31,6106.319447388425
2002-01-02,6107.372671462724
2002-01-03,6224.995455981668
2002-01-04,6230.847335808481
2002-01-07,6195.5023245381135
2002-01-08,6144.941854245392
2002-01-09,6119.310734898479
2002-01-10,6075.070751996827
2002-01-11,6084.316607828664
2002-01-14,5984.717498881777
2002-01-15,6046.162237063314
2002-01-16,6001.219914287917
2002-01-17,6013.976898015842
2002-01-18,6000.283270632044
2002-01-21,6013.976898015842
2002-01-22,6026.500149434278
2002-01-23,6063.366992343201
2002-01-24,6124.694578633675
2002-01-25,6077.879540019169
2002-01-28,6113.5760069627295
2002-01-29,6005.66711436724
2002-01-30,5956.394171930945
2002-01-31,6044.757557315824
2002-02-01,6073.9003760314645
2002-02-04,6047.68349722923
2002-02-05,5961.19282768346
2002-02-06,5938.253344467825
2002-02-07,6000.5175744141725
2002-02-08,6001.805102270599
2002-02-11,6041.246429419736
2002-02-12,6010.700073901883
2002-02-13,6032.0005735878985
2002-02-14,6096.254099791779
2002-02-15,6065.473440491798
2002-02-18,6032.468609679516
2002-02-19,5960.139603609162
2002-02-20,5880.2031537639505
2002-02-21,5937.668156485143
2002-02-22,5911.334697264484
2002-02-25,5969.736915114191
2002-02-26,6014.562085998524
2002-02-27,6060.6747847392835
2002-02-28,5970.087799314744
2002-03-01,6049.6733649594025
2002-03-04,6135.110810430874
2002-03-05,6102.34028340072
2002-03-06,6139.207126309643
2002-03-07,6182.043000936443
2002-03-08,6186.256468706276
2002-03-11,6154.890049950975
2002-03-12,6147.399758067181
2002-03-13,6170.222089391753
2002-03-14,6157.815989864381
2002-03-15,6194.449100463815
2002-03-18,6202.875464530842
2002-03-19,6221.835783758772
2002-03-20,6164.253057673875
2002-03-21,6148.335830250416
2002-03-22,6145.059006136456
2002-03-25,6090.168487655477
2002-03-26,6080.688328041512
2002-03-27,6103.15977516553
2002-03-28,6169.987785609625
2002-04-02,6146.112230210755
2002-04-03,6141.898762440921
2002-04-04,6097.073591556588
2002-04-05,6125.279766616356
2002-04-08,6060.909088521412
2002-04-09,6062.079464486774
2002-04-10,6120.013074772224
2002-04-11,6012.689370159415
2002-04-12,6040.310357236502
2002-04-15,6087.593431942623
2002-04-16,6156.060425916337
2002-04-17,6160.741929777788
2002-04-18,6120.363958972777
2002-04-19,6136.983526269982
2002-04-22,6111.11810314094
2002-04-23,6075.42163619738
2002-04-24,6107.256091044299
2002-04-25,6083.029079972237
2002-04-26,6037.969605305776
2002-04-29,6032.0005735878985
2002-04-30,6045.694200971698
2002-05-01,5998.762010466128
2002-05-02,6055.64239667728
2002-05-03,6089.583299672796
2002-05-07,5992.207790765569
2002-05-08,6096.605555464971
2002-05-09,6083.146231863301
2002-05-10,6052.248420672256
2002-05-13,6091.572595930328
2002-05-14,6132.184870517467
2002-05-15,6155.124353733103
2002-05-16,6142.718254205731
2002-05-17,6107.021787262171
2002-05-20,6095.435179499609
2002-05-21,6082.678195771684
2002-05-22,6029.659821657174
2002-05-23,6057.046504952131
2002-05-24,6049.790516850467
2002-05-27,6011.401842302988
2002-05-28,5938.721952032081
2002-05-29,5949.021031938217
2002-05-30,5899.630937610858
2002-05-31,5951.478935760006
2002-06-05,5839.2399949762585
2002-06-06,5802.256000176271
2002-06-07,5758.717785675726
2002-06-10,5767.847061089138
2002-06-11,5775.57108528242
2002-06-12,5678.3132997388975
2002-06-13,5584.916954819377
2002-06-14,5419.776791812183
2002-06-17,5567.244163447873
2002-06-18,5503.107789135057
2002-06-19,5445.057026958543
2002-06-20,5360.67280556137
2002-06-21,5390.0493565865
2002-06-24,5315.730482785973
2002-06-25,5420.011095594311
2002-06-26,5302.973499058048
2002-06-27,5314.326374511122
2002-06-28,5449.738530819994
2002-07-01,5484.147469907127
2002-07-02,5321.465210721722
2002-07-03,5140.9935797463895
2002-07-04,5232.985244918419
2002-07-05,5402.104571913318
2002-07-08,5385.250700833985
2002-07-09,5316.900858751335
2002-07-10,5173.178918793861
2002-07-11,4950.807485374963
2002-07-12,4943.785229582787
2002-07-15,4675.066793641001
2002-07-16,4707.134980797408
2002-07-17,4904.577634743139
2002-07-18,5029.4564073637475
2002-07-19,4796.551590256585
2002-07-22,4559.199573070101
2002-07-23,4515.310474369003
2002-07-24,4420.6271730656945
2002-07-25,4641.593926737101
2002-07-26,4701.049082924787
2002-07-29,4918.739298218555
2002-07-30,4893.224759290066
2002-07-31,4969.650652711829
2002-08-01,4733.585591909132
2002-08-02,4769.984398726438
2002-08-05,4677.2903936806615
2002-08-06,4834.823112912999
2002-08-07,4791.987238286199
2002-08-08,4962.979281120206
2002-08-09,5058.832958388877
2002-08-12,4940.859289669381
2002-08-13,4999.495239828576
2002-08-14,4881.755303418568
2002-08-15,5064.801990106755
2002-08-16,5067.727930020161
2002-08-19,5181.137246769272
2002-08-20,5113.255440778239
2002-08-21,5108.4567850257245
2002-08-22,5190.266522182684
2002-08-23,5137.71618415979
2002-08-27,5207.822161663123
2002-08-28,5002.186875959854
2002-08-29,4926.463322411837
2002-08-30,4947.5300897883635
2002-09-02,4893.224759290066
2002-09-03,4715.093594509139
2002-09-04,4713.104012515286
2002-09-05,4694.377997069484
2002-09-06,4806.968393526424
2002-09-09,4754.535207394595
2002-09-10,4886.904843371635
2002-09-11,4928.102305941456
2002-09-12,4780.868666615254
2002-09-13,4690.8668691733965
2002-09-16,4733.351573863323
2002-09-17,4710.99727863037
2002-09-18,4523.971142218158
2002-09-19,4463.228743910366
2002-09-20,4517.768378190792
2002-09-23,4376.503770582468
2002-09-24,4296.567320737256
2002-09-25,4326.060737917131
2002-09-26,4506.649806519847
2002-09-27,4572.8929147175795
2002-09-30,4355.9053250338775
2002-10-01,4444.3855765735
2002-10-02,4570.669314677919
2002-10-03,4541.409915543853
2002-10-04,4463.5799138472385
2002-10-07,4425.074373145017
2002-10-08,4366.087538785268
2002-10-09,4380.014898478556
2002-10-10,4420.861191111503
2002-10-11,4626.964227170069
2002-10-14,4601.450259714219
2002-10-15,4834.003621148189
2002-10-16,4749.034497504655
2002-10-17,4881.28726732695
2002-10-18,4834.237924930318
2002-10-21,4838.099937026958
2002-10-22,4820.6614494375835
2002-10-23,4689.5793413169695
2002-10-24,4802.872077647655
2002-10-25,4741.310187575053
2002-10-28,4787.422886315812
2002-10-29,4606.4826477762235
2002-10-30,4684.66381940971
2002-10-31,4727.967730128127
2002-11-01,4677.992733554407
2002-11-04,4847.112060549306
2002-11-05,4852.495904284502
2002-11-06,4802.872077647655
2002-11-07,4776.65548458174
2002-11-08,4721.9989841465695
2002-11-11,4699.76184080468
2002-11-12,4781.102970397383
2002-11-13,4715.912800537629
2002-11-14,4743.650939505778
2002-11-15,4788.710414172239
2002-11-18,4817.267473432559
2002-11-19,4794.445142107988
2002-11-20,4792.57242626888
2002-11-21,4903.875294869394
2002-11-22,4886.553959171082
2002-11-25,4824.524033006864
2002-11-26,4764.600554991242
2002-11-27,4850.2723042448415
2002-11-28,4898.491451134198
2002-11-29,4879.765435688396
2002-12-02,4862.092644316892
2002-12-03,4769.750094944309
2002-12-04,4738.384247661646
2002-12-05,4719.423928433716
2002-12-06,4697.30393698289
2002-12-09,4604.141895845498
2002-12-10,4593.725664048298
2002-12-11,4652.127310425365
2002-12-12,4605.780593638798
2002-12-13,4538.835145567319
2002-12-16,4662.777846004693
2002-12-17,4574.648478665624
2002-12-18,4488.625845211471
2002-12-19,4495.8821190494555
2002-12-20,4552.645353369542
2002-12-23,4607.6530237415855
2002-12-24,4613.739207350527
2002-12-27,4481.837607465103
2002-12-30,4565.168604787978
2002-12-31,4611.7493396203545
2003-01-02,4692.62243312144
2003-01-03,4687.355741277308
2003-01-06,4683.142273507475
2003-01-07,4631.645731031519
2003-01-08,4593.49164600249
2003-01-09,4604.259047736562
2003-01-10,4651.1912382421315
2003-01-13,4620.995481188512
2003-01-14,4617.835523229296
2003-01-15,4550.187735284073
2003-01-16,4543.165479491897
2003-01-17,4471.538527558968
2003-01-20,4422.382737013738
2003-01-21,4373.343812623252
2003-01-22,4304.64280060373
2003-01-23,4239.335764589232
2003-01-24,4217.683809230023
2003-01-27,4073.8447173814848
2003-01-28,4084.612119115557
2003-01-29,4077.355845277573
2003-01-30,4188.424410095958
2003-01-31,4175.199104540096
2003-02-03,4317.984972314336
2003-02-04,4201.766867542883
2003-02-05,4305.46200663222
2003-02-06,4209.842347409358
2003-02-07,4212.417117385891
2003-02-10,4188.892731923895
2003-02-11,4294.343434961275
2003-02-12,4232.196642642311
2003-02-13,4225.993592878626
2003-02-14,4227.280834998733
2003-02-17,4321.496100210425
2003-02-18,4364.917162819906
2003-02-19,4281.58645123335
2003-02-20,4315.527354228867
2003-02-21,4362.108374797563
2003-02-24,4332.497805726624
2003-02-25,4238.516558560742
2003-02-26,4205.51201348478
2003-02-27,4178.125044453503
2003-02-28,4278.426493274135
2003-03-03,4312.484262424396
2003-03-04,4242.964044376384
2003-03-05,4170.63475256971
2003-03-06,4161.154592955745
2003-03-07,4086.484834954665
2003-03-10,4021.5289688770395
2003-03-11,4040.957038460267
2003-03-12,3847.0257981469445
2003-03-13,4080.983839328405
2003-03-14,4215.460209190363
2003-03-17,4356.490513016558
2003-03-18,4385.749912150624
2003-03-19,4406.933545681895
2003-03-20,4407.284715618768
2003-03-21,4518.938754156155
2003-03-24,4381.068408289174
2003-03-25,4402.9543816941905
2003-03-26,4439.353188511496
2003-03-27,4364.449126728288
2003-03-28,4340.339267547291
2003-03-31,4228.919532792032
2003-04-01,4312.60141431546
2003-04-02,4392.889034097544
2003-04-03,4413.604917273518
2003-04-04,4464.281967984664
2003-04-07,4606.365781621478
2003-04-08,4527.950591942183
2003-04-09,4519.289638356708
2003-04-10,4451.290966210931
2003-04-11,4456.908827991935
2003-04-14,4505.245126772356
2003-04-15,4584.245504434333
2003-04-16,4511.68219458185
2003-04-17,4551.826147341052
2003-04-22,4585.1818623538875
2003-04-23,4642.296266610847
2003-04-24,4563.29588894887
2003-04-25,4529.589003999163
2003-04-28,4611.63247346561
2003-04-29,4597.002773898577
2003-04-30,4594.896040013661
2003-05-01,4541.175897498045
2003-05-02,4626.028154986835
2003-05-06,4688.994153334288
2003-05-07,4673.1940778018925
2003-05-08,4598.290016018685
2003-05-09,4645.690242615871
2003-05-12,4666.757009992398
2003-05-13,4681.386709559431
2003-05-14,4652.244462316429
2003-05-15,4694.495148960548
2003-05-16,4738.852283753264
2003-05-19,4612.802849430973
2003-05-20,4648.265298328724
2003-05-21,4607.067835758904
2003-05-22,4670.3852897795505
2003-05-23,4657.862324097434
2003-05-27,4672.608889819211
2003-05-28,4765.65377906554
2003-05-29,4779.347406449338
2003-05-30,4737.799059678965
2003-06-02,4832.833245182826
2003-06-03,4816.916589232006
2003-06-04,4829.673572959931
2003-06-05,4803.573846048761
2003-06-06,4857.996328438123
2003-06-09,4832.5995128733375
2003-06-10,4813.756345536472
2003-06-11,4857.294560037017
2003-06-12,4870.285276074431
2003-06-13,4838.451392700151
2003-06-16,4860.454232259913
2003-06-17,4904.343330961011
2003-06-18,4923.771686280558
2003-06-19,4835.40830089568
2003-06-20,4868.881167799579
2003-06-23,4784.379794511342
2003-06-24,4752.779643446551
2003-06-25,4760.97227520409
2003-06-26,4730.308482058853
2003-06-27,4760.855409049345
2003-06-30,4718.019534422545
2003-07-01,4639.253174806377
2003-07-02,4689.5793413169695
2003-07-03,4710.529242538752
2003-07-04,4706.666944705791
2003-07-07,4769.048040806883
2003-07-08,4767.643646795712
2003-07-09,4745.523369608567
2003-07-10,4715.210746400203
2003-07-11,4749.502819332592
2003-07-14,4830.843948925294
2003-07-15,4801.467397900164
2003-07-16,4771.739962674481
2003-07-17,4747.747255384547
2003-07-18,4767.175324967775
2003-07-21,4733.351573863323
2003-07-22,4774.899920633697
2003-07-23,4782.741382454362
2003-07-24,4856.592220163271
2003-07-25,4835.057416695127
2003-07-28,4855.655576507398
2003-07-29,4841.845368705174
2003-07-30,4846.761176348753
2003-07-31,4865.252888012427
2003-08-01,4796.668742147649
2003-08-04,4798.658609877822
2003-08-05,4823.1193532593725
2003-08-06,4763.898215117496
2003-08-07,4793.39191803369
2003-08-08,4854.485200542035
2003-08-11,4888.309523119126
2003-08-12,4898.725754916326
2003-08-13,4892.991026980577
2003-08-14,4959.8190374246715
2003-08-15,4970.937609095617
2003-08-18,4999.963275920193
2003-08-19,4975.033924974386
2003-08-20,4935.943482025802
2003-08-21,4943.082889709041
2003-08-22,4945.891677731384
2003-08-26,4889.128443411297
2003-08-27,4923.069346406813
2003-08-28,4913.2383025922945
2003-08-29,4870.051543764942
2003-09-01,4920.728594476088
2003-09-02,4920.728594476088
2003-09-03,4988.259516266567
2003-09-04,4972.69317304366
2003-09-05,4982.5247883308175
2003-09-08,5023.370795227445
2003-09-09,4990.365964415164
2003-09-10,4976.55575661294
2003-09-11,4964.969148850379
2003-09-12,4959.8190374246715
2003-09-15,4986.854836519075
2003-09-16,5031.446275093919
2003-09-17,5024.424019301744
2003-09-18,5049.821406339169
2003-09-19,4982.290484548689
2003-09-22,4948.583885335302
2003-09-23,4940.976441560445
2003-09-24,4958.180625367691
2003-09-25,4918.154110235873
2003-09-26,4865.3700399034915
2003-09-29,4848.516740296797
2003-09-30,4788.3592442353665
2003-10-01,4879.531703378907
2003-10-02,4926.229590102348
2003-10-03,5002.186875959854
2003-10-06,4997.6225239894675
2003-10-07,4999.846124029129
2003-10-08,4995.866960041424
2003-10-09,5048.884762683295
2003-10-10,5045.490786678271
2003-10-13,5105.530845112318
2003-10-14,5072.526585772675
2003-10-15,5113.138288887175
2003-10-16,5079.080805473234
2003-10-17,5084.113193535238
2003-10-20,5088.326661305071
2003-10-21,5093.827085458692
2003-10-22,5015.763351452589
2003-10-23,4962.628396919653
2003-10-24,4961.223717172163
2003-10-27,4975.619112957067
2003-10-28,5000.899348103428
2003-10-29,4992.4729840364
2003-10-30,5033.669875133581
2003-10-31,5018.1041033833135
2003-11-03,5070.771021824632
2003-11-04,5068.078814220714
2003-11-05,5036.595815046987
2003-11-06,5060.939978010114
2003-11-07,5122.61844850114
2003-11-10,5081.538137822384
2003-11-11,5085.400721391665
2003-11-12,5116.064228800582
2003-11-13,5118.054096530754
2003-11-14,5146.143119699457
2003-11-17,5078.14416181736
2003-11-18,5096.636444953673
2003-11-19,5064.68483821569
2003-11-20,5041.979658782183
2003-11-21,5054.853794401172
2003-11-24,5129.055516310635
2003-11-25,5136.545808194427
2003-11-26,5115.011004726283
2003-11-27,5104.1267368374665
2003-11-28,5082.474781478258
2003-12-01,5161.35800724917
2003-12-02,5124.959200431866
2003-12-03,5140.291239872644
2003-12-04,5124.140280139695
2003-12-05,5111.0318407385785
2003-12-08,5102.604905198911
2003-12-09,5125.778692196675
2003-12-10,5074.047845938591
2003-12-11,5069.249190186077
2003-12-12,5088.326661305071
2003-12-15,5088.794697396688
2003-12-16,5071.239057916249
2003-12-17,5096.051256970993
2003-12-18,5146.494003900009
2003-12-19,5164.049643380449
2003-12-22,5177.743270764247
2003-12-23,5197.522510284348
2003-12-24,5201.970281836309
2003-12-29,5216.950865603895
2003-12-30,5232.048601262545
2003-12-31,5239.656045037403
2004-01-02,5278.6299075675615
2004-01-05,5282.257615882074
2004-01-06,5272.778027740748
2004-01-07,5235.091693067016
2004-01-08,5259.90389212176
2004-01-09,5227.249945510031
2004-01-12,5207.7050097720585
2004-01-13,5196.586438101113
2004-01-14,5221.515217574281
2004-01-15,5215.312453546916
2004-01-16,5252.530180656391
2004-01-19,5287.875763399398
2004-01-20,5265.872352366998
2004-01-21,5279.800283532924
2004-01-22,5239.5388931463385
2004-01-23,5220.812877700537
2004-01-26,5202.906354019544
2004-01-27,5204.661917967588
2004-01-28,5229.356965131267
2004-01-29,5163.113571197215
2004-01-30,5138.769979706728
2004-02-02,5127.885140345272
2004-02-03,5138.652827815664
2004-02-04,5147.898683647501
2004-02-05,5131.396268241359
2004-02-06,5152.814491291079
2004-02-09,5189.915066509491
2004-02-10,5155.506127422358
2004-02-11,5145.0898956251585
2004-02-12,5123.555092157014
2004-02-13,5163.698759179896
2004-02-16,5159.13440720951
2004-02-17,5221.632369465346
2004-02-18,5199.8632622150735
2004-02-19,5284.949823485992
2004-02-20,5284.2474836122465
2004-02-23,5295.131751501063
2004-02-24,5262.946412453591
2004-02-25,5275.586815763091
2004-02-26,5285.300707686545
2004-02-27,5257.563140191034
2004-03-01,5309.995754850224
2004-03-02,5313.624034637376
2004-03-03,5296.068395156937
2004-03-04,5335.861177979266
2004-03-05,5321.816666394914
2004-03-08,5329.657842479261
2004-03-09,5315.847634677038
2004-03-10,5319.709646773678
2004-03-11,5202.555469818991
2004-03-12,5228.537473366458
2004-03-15,5164.751983254195
2004-03-16,5183.4779986999965
2004-03-17,5216.131373839086
2004-03-18,5147.196343773755
2004-03-19,5170.370130771519
2004-03-22,5072.175130099483
2004-03-23,5054.268606418491
2004-03-24,5043.735222730227
2004-03-25,5118.756436404499
2004-03-26,5099.913269067633
2004-03-29,5157.49599515253
2004-03-30,5164.634831363131
2004-03-31,5132.918099879915
2004-04-01,5162.17749901398
2004-04-02,5226.43102521786
2004-04-05,5244.103816589364
2004-04-06,5234.857389284888
2004-04-07,5230.059305005013
2004-04-08,5254.637200277628
2004-04-13,5285.183555795481
2004-04-14,5249.604240742985
2004-04-15,5273.128911941301
2004-04-16,5310.346639050777
2004-04-19,5320.763442320616
2004-04-20,5347.447785741828
2004-04-21,5313.389730855248
2004-04-22,5350.724609855788
2004-04-23,5348.618161707191
2004-04-26,5350.841761746852
2004-04-27,5355.289533298814
2004-04-28,5295.366055283192
2004-04-29,5289.514175456378
2004-04-30,5254.637200277628
2004-05-04,5321.933818285978
2004-05-05,5348.032973724509
2004-05-06,5285.652163359738
2004-05-07,5264.819128292699
2004-05-10,5144.03667155086
2004-05-11,5213.674041489936
2004-05-12,5164.751983254195
2004-05-13,5212.620245942998
2004-05-14,5198.5757343586465
2004-05-17,5153.165375491632
2004-05-18,5166.507547202238
2004-05-19,5233.687013319525
2004-05-20,5183.244266390508
2004-05-21,5186.403938613403
2004-05-24,5183.4779986999965
2004-05-25,5170.721014972072
2004-05-26,5194.4794184798775
2004-05-27,5212.386513633509
2004-05-28,5185.585018321233
2004-06-01,5176.2220105983315
2004-06-02,5176.338591016757
2004-06-03,5191.085442474854
2004-06-04,5213.439737707808
2004-06-07,5256.8608003172885
2004-06-08,5272.309420176492
2004-06-09,5254.4028964955
2004-06-10,5250.423732507795
2004-06-11,5247.965828686005
2004-06-14,5188.5109582346395
2004-06-15,5218.238393460322
2004-06-16,5256.275612334607
2004-06-17,5258.850096574822
2004-06-18,5273.479796141854
2004-06-21,5269.266899844661
2004-06-22,5229.825001222885
2004-06-23,5251.126072381539
2004-06-24,5270.4372758100235
2004-06-25,5259.786740230696
2004-06-28,5288.578103273144
2004-06-29,5281.204391807776
2004-06-30,5224.675461269817
2004-07-01,5178.562762529057
2004-07-02,5158.3149154447
2004-07-05,5153.5162596921855
2004-07-06,5115.362460399476
2004-07-07,5100.966493141932
2004-07-08,5127.534256144719
2004-07-09,5141.695919620134
2004-07-12,5102.8392089810395
2004-07-13,5100.147572849762
2004-07-14,5117.586060439136
2004-07-15,5080.251181438597
2004-07-16,5078.495617490553
2004-07-19,5057.311698222961
2004-07-20,5078.729349800042
2004-07-21,5123.086484592757
2004-07-22,5039.989791052011
2004-07-23,5063.397310359263
2004-07-26,5017.401763509568
2004-07-27,5061.758898302283
2004-07-28,5098.508589320142
2004-07-29,5171.540506736881
2004-07-30,5164.986287036323
2004-08-02,5168.0293788407935
2004-08-03,5184.4146423558705
2004-08-04,5159.13440720951
2004-08-05,5165.337171236876
2004-08-06,5076.9737858519975
2004-08-09,5049.469950665976
2004-08-10,5092.188673401712
2004-08-11,5046.895466425762
2004-08-12,5065.5043299805
2004-08-13,5034.372215007326
2004-08-16,5091.369753109541
2004-08-17,5101.317948815124
2004-08-18,5097.338213354779
2004-08-19,5105.882300785511
2004-08-20,5113.606896451432
2004-08-23,5155.857011622911
2004-08-24,5158.432067335764
2004-08-25,5163.230723088279
2004-08-26,5212.737397834062
2004-08-27,5255.105236369245
2004-08-31,5219.0573137524925
2004-09-01,5269.1497479535965
2004-09-02,5288.46095138208
2004-09-03,5326.146714583173
2004-09-06,5341.361602132887
2004-09-07,5343.468621754123
2004-09-08,5335.041686214457
2004-09-09,5311.166130815587
2004-09-10,5319.358762573125
2004-09-13,5335.158838105521
2004-09-14,5320.061102446871
2004-09-15,5323.455078451894
2004-09-16,5332.818086174795
2004-09-17,5373.196056979806
2004-09-20,5359.736733378136
2004-09-21,5393.5604844825875
2004-09-22,5374.717317145722
2004-09-23,5346.628293977018
2004-09-24,5358.098321321156
2004-09-27,5314.911562493803
2004-09-28,5345.457918011656
2004-09-29,5369.802080974782
2004-09-30,5349.554233890425
2004-10-01,5453.601114389274
2004-10-04,5479.465966045676
2004-10-05,5509.076820852934
2004-10-06,5508.14017719706
2004-10-07,5499.245777038416
2004-10-08,5499.479509347905
2004-10-11,5483.796585706574
2004-10-12,5439.790335114411
2004-10-13,5424.458295673633
2004-10-14,5418.138379755203
2004-10-15,5410.297203670857
2004-10-18,5414.861555641243
2004-10-19,5448.334422545142
2004-10-20,5402.923492205488
2004-10-21,5404.093868170851
2004-10-22,5401.753116240126
2004-10-25,5342.29824578876
2004-10-26,5364.301085348522
2004-10-27,5418.957871520012
2004-10-28,5433.821303396534
2004-10-29,5412.0527676189
2004-11-01,5470.1029583227755
2004-11-02,5492.8087092289215
2004-11-03,5522.41899256354
2004-11-04,5533.888448435038
2004-11-05,5547.347772036708
2004-11-08,5520.1953925238795
2004-11-09,5521.482920380306
2004-11-10,5541.145008009343
2004-11-11,5590.76883464619
2004-11-12,5610.665226057355
2004-11-15,5621.432913527746
2004-11-16,5583.1613908713325
2004-11-17,5613.005977988079
2004-11-18,5624.00739776796
2004-11-19,5571.925667309323
2004-11-22,5539.506595952363
2004-11-23,5550.390863841179
2004-11-24,5523.472216637839
2004-11-25,5563.264999460168
2004-11-26,5549.454791657945
2004-11-29,5559.051531690335
2004-11-30,5504.512468882548
2004-12-01,5542.549687756833
2004-12-02,5560.690515219954
2004-12-03,5556.827931650673
2004-12-06,5527.451380625544
2004-12-07,5534.357055999295
2004-12-08,5505.331389174718
2004-12-09,5487.190561711597
2004-12-10,5493.744781412156
2004-12-13,5543.836644140621
2004-12-14,5527.451380625544
2004-12-15,5533.771868016614
2004-12-16,5541.964499774152
2004-12-17,5497.021605526115
2004-12-20,5537.165844021637
2004-12-21,5539.3894440612985
2004-12-22,5591.354022628871
2004-12-23,5603.40923795569
2004-12-24,5615.581033700933
2004-12-29,5640.977849265719
2004-12-30,5641.32930493891
2004-12-31,5634.540781456224
2005-01-04,5672.812304112637
2005-01-05,5624.82688953277
2005-01-06,5646.244541109851
2005-01-07,5681.1220877612395
2005-01-10,5665.439164119909
2005-01-11,5639.690892881931
2005-01-12,5598.610582203175
2005-01-13,5618.155517941147
2005-01-14,5642.148225231081
2005-01-17,5672.461419912084
2005-01-18,5645.776505018233
2005-01-19,5639.2222853176745
2005-01-20,5618.7407059238285
2005-01-21,5621.666645837235
2005-01-24,5632.434333307627
2005-01-25,5668.365104033315
2005-01-26,5672.9294560037015
2005-01-27,5680.302595996431
2005-01-28,5656.192736815433
2005-01-31,5679.015068140004
2005-02-01,5742.09878985116
2005-02-02,5753.802549504787
2005-02-03,5744.556122200311
2005-02-04,5783.412832839405
2005-02-07,5828.238003723738
2005-02-08,5846.613134968987
2005-02-09,5840.64410325111
2005-02-10,5851.879826813119
2005-02-11,5903.610673071203
2005-02-14,5900.801313576221
2005-02-15,5920.81485687845
2005-02-16,5914.144056759466
2005-02-17,5919.059292930406
2005-02-18,5918.825560620917
2005-02-21,5923.038456918111
2005-02-22,5890.385081779022
2005-02-23,5838.420503211449
2005-02-24,5819.22645167403
2005-02-25,5859.838154788529
2005-02-28,5815.0129839041965
2005-03-01,5852.4650147958
2005-03-02,5843.452891273452
2005-03-03,5869.20116251143
2005-03-04,5894.3642457667265
2005-03-07,5883.714281660038
2005-03-08,5864.636810541044
2005-03-09,5847.315474842732
2005-03-10,5807.522692020403
2005-03-11,5830.930211327656
2005-03-14,5822.620427679053
2005-03-15,5852.114130595247
2005-03-16,5778.848480869019
2005-03-17,5760.707653405899
2005-03-18,5762.11176168075
2005-03-21,5774.0498251165045
2005-03-22,5778.497025195827
2005-03-23,5747.0140260221
2005-03-24,5761.175689497515
2005-03-29,5757.079373618746
2005-03-30,5735.6617220416665
2005-03-31,5728.288010576298
2005-04-01,5751.227493791933
2005-04-04,5730.980218180215
2005-04-05,5785.0512448963855
2005-04-06,5790.317936740517
2005-04-07,5824.961179609779
2005-04-08,5832.802927166764
2005-04-11,5820.6305599488815
2005-04-12,5788.913828465666
2005-04-13,5806.000860381849
2005-04-14,5787.977184809792
2005-04-15,5725.011186462339
2005-04-18,5649.521936696449
2005-04-19,5682.877651709284
2005-04-20,5643.552904978572
2005-04-21,5640.74411695623
2005-04-22,5675.503940243916
2005-04-25,5693.761919598101
2005-04-26,5671.056740164594
2005-04-27,5605.398534213223
2005-04-28,5606.335177869096
2005-04-29,5619.794501470767
2005-05-03,5689.548451828267
2005-05-04,5714.360650883011
2005-05-05,5737.533866408135
2005-05-06,5756.962221727682
2005-05-09,5746.8968741310355
2005-05-10,5725.947258645573
2005-05-11,5706.0508672344085
2005-05-12,5727.000482719871
2005-05-13,5719.042154744461
2005-05-16,5716.350518613182
2005-05-17,5733.0866663288125
2005-05-18,5792.658688671242
2005-05-19,5808.225031894149
2005-05-20,5818.874996000837
2005-05-23,5839.941763377365
2005-05-24,5831.398247419273
2005-05-25,5818.524111800284
2005-05-26,5845.910795095242
2005-05-27,5835.845447498596
2005-05-31,5809.746292060065
2005-06-01,5864.753962432108
2005-06-02,5857.731706639932
2005-06-03,5851.177486939374
2005-06-06,5828.940343597484
2005-06-07,5881.490110147737
2005-06-08,5856.210446474016
2005-06-09,5862.647514283511
2005-06-10,5887.459141865615
2005-06-13,5910.866661172868
2005-06-14,5906.653193403034
2005-06-15,5874.70215813769
2005-06-16,5904.546745254437
2005-06-17,5942.701116019786
2005-06-20,5936.146896319227
2005-06-21,5947.967807863918
2005-06-22,5968.097931584572
2005-06-23,5985.770722956076
2005-06-24,5944.339528076766
2005-06-27,5902.791181306393
2005-06-28,5957.681699787372
2005-06-29,5979.567958928709
2005-06-30,5984.366614681224
2005-07-01,6040.310357236502
2005-07-04,6067.5798886403945
2005-07-05,6074.368412123082
2005-07-06,6120.598262754906
2005-07-07,6037.150113540966
2005-07-08,6123.641354559376
2005-07-11,6135.578846522491
2005-07-12,6106.085715078936
2005-07-13,6139.67516240126
2005-07-14,6155.8266936068485
2005-07-15,6122.119522920821
2005-07-18,6102.5745871828485
2005-07-19,6087.827735724752
2005-07-20,6103.744963148211
2005-07-21,6111.235255032004
2005-07-22,6134.876506648746
2005-07-25,6168.700829225837
2005-07-26,6151.730377728079
2005-07-27,6160.391045577235
2005-07-28,6168.23222166158
2005-07-29,6182.276733245932
2005-08-01,6192.342080842578
2005-08-02,6235.1779554693785
2005-08-03,6240.795531514063
2005-08-04,6221.133443885026
2005-08-05,6220.313952120217
2005-08-08,6254.840043098415
2005-08-09,6277.545794004561
2005-08-10,6293.696753737509
2005-08-11,6271.576762286683
2005-08-12,6256.595607046458
2005-08-15,6254.72346267999
2005-08-16,6229.208923751501
2005-08-17,6194.449100463815
2005-08-18,6167.0618456962175
2005-08-19,6217.739467880003
2005-08-22,6224.527419890051
2005-08-23,6203.226920204034
2005-08-24,6173.967521069969
2005-08-25,6151.145189745397
2005-08-26,6118.842698806861
2005-08-30,6151.261770163822
2005-08-31,6199.364336634754
2005-09-01,6236.34833143474
2005-09-02,6234.475615595633
2005-09-05,6247.232599323557
2005-09-06,6272.279102160429
2005-09-07,6280.120278244775
2005-09-08,6250.743727219646
2005-09-09,6272.395682578854
2005-09-12,6290.887965715167
2005-09-13,6247.466903105686
2005-09-14,6258.4683228855665
2005-09-15,6300.7190095296855
2005-09-16,6329.276068790005
2005-09-19,6354.790607718494
2005-09-20,6339.224264495588
2005-09-21,6284.568049796737
2005-09-22,6303.294065242539
2005-09-23,6335.9474403816275
2005-09-26,6382.177291013451
2005-09-27,6375.388767530765
2005-09-28,6430.98162588549
2005-09-29,6411.553842038581
2005-09-30,6410.9686540559
2005-10-03,6438.940525333539
2005-10-04,6430.513589793873
2005-10-05,6352.566436206193
2005-10-06,6287.727722019632
2005-10-07,6275.906810474942
2005-10-10,6290.302777732486
2005-10-11,6297.442185415725
2005-10-12,6252.382710749264
2005-10-13,6162.263761416342
2005-10-14,6173.7332172878405
2005-10-17,6187.19254088951
2005-10-18,6160.741929777788
2005-10-19,6048.3858371029755
2005-10-20,6043.938637023653
2005-10-21,6018.190365785676
2005-10-24,6094.849991516928
2005-10-25,6065.005404400181
2005-10-26,6118.491243133669
2005-10-27,6065.824324692351
2005-10-28,6101.637943526975
2005-10-31,6223.239892033624
2005-11-01,6254.840043098415
2005-11-02,6271.576762286683
2005-11-03,6357.365091958708
2005-11-04,6347.651200035254
2005-11-07,6391.18884306316
2005-11-08,6391.305994954224
2005-11-09,6366.610947790545
2005-11-10,6347.53404814419
2005-11-11,6396.221802597803
2005-11-14,6401.956530533552
2005-11-15,6366.377215481056
2005-11-16,6355.141491919047
2005-11-17,6390.252770879926
2005-11-18,6435.780281638004
2005-11-21,6434.609905672642
2005-11-22,6457.1985046877235
2005-11-23,6474.168956185482
2005-11-24,6449.94194511342
2005-11-25,6464.922528881006
2005-11-28,6410.617198382708
2005-11-29,6426.534425806167
2005-11-30,6347.183163943637
2005-12-01,6420.799697870419
2005-12-02,6469.955488415649
2005-12-05,6449.239605239674
2005-12-06,6482.478168361445
2005-12-07,6470.774408707819
2005-12-08,6473.466616311736
2005-12-09,6457.432236997212
2005-12-12,6438.823373442475
2005-12-13,6445.494745034098
2005-12-14,6461.76285665811
2005-12-15,6431.56681386817
2005-12-16,6474.051804294418
2005-12-19,6483.6485443268075
2005-12-20,6493.1287039407725
2005-12-21,6539.358554572596
2005-12-22,6550.594278134606
2005-12-23,6548.838714186561
2005-12-28,6580.789749451906
2005-12-29,6598.930576915026
2005-12-30,6576.108245590455
2006-01-03,6649.491047207747
2006-01-04,6688.230605955778
2006-01-05,6660.84392266082
2006-01-06,6708.360729676431
2006-01-09,6708.009845475878
2006-01-10,6658.034563165838
2006-01-11,6708.009845475878
2006-01-12,6712.3404651367755
2006-01-13,6684.0171381859445
2006-01-16,6718.192344963589
2006-01-17,6669.972626601593
2006-01-18,6628.658583613348
2006-01-19,6663.184674591545
2006-01-20,6638.840511628419
2006-01-23,6625.381188026749
2006-01-24,6593.663885070894
2006-01-25,6676.292542520023
2006-01-26,6697.593613678679
2006-01-27,6772.731407771375
2006-01-30,6764.538776013837
2006-01-31,6741.716444689266
2006-02-01,6790.053314942326
2006-02-02,6726.501557139552
2006-02-03,6740.546068723904
2006-02-06,6755.878108164682
2006-02-07,6725.916369156871
2006-02-08,6700.519553592086
2006-02-09,6798.479679009353
2006-02-10,6746.164216241227
2006-02-13,6780.573155328361
2006-02-14,6779.16847558087
2006-02-15,6778.232403397636
2006-02-16,6822.00435020767
2006-02-17,6842.252197292027
2006-02-20,6861.914284921063
2006-02-21,6855.711520893697
2006-02-22,6872.915704700944
2006-02-23,6830.314133856273
2006-02-24,6858.988345007657
2006-02-27,6877.012020579713
2006-02-28,6778.232403397636
2006-03-01,6839.794293470238
2006-03-02,6826.803005960184
2006-03-03,6856.881896859059
2006-03-06,6902.643139926627
2006-03-07,6855.360065220505
2006-03-08,6803.278334761868
2006-03-09,6853.604501272461
2006-03-10,6914.464051471317
2006-03-13,6967.013818021571
2006-03-14,6964.439333781357
2006-03-15,6981.409785279115
2006-03-16,7014.4140446187575
2006-03-17,7021.553452301997
2006-03-20,7012.5419002522885
2006-03-21,7012.073292688032
2006-03-22,7031.033611915962
2006-03-23,7010.669184413181
2006-03-24,7064.74021112935
2006-03-27,6989.719568927718
2006-03-28,6947.0008461919815
2006-03-29,6974.504681378004
2006-03-30,7040.162315856735
2006-03-31,6980.824597296433
2006-04-03,7050.695699544999
2006-04-04,7027.756787802003
2006-04-05,7073.869486542762
2006-04-06,7075.74220238187
2006-04-07,7052.802719166235
2006-04-10,7100.670981855039
2006-04-11,7041.566995604226
2006-04-12,7023.191864358977
2006-04-13,7056.664731262876
2006-04-18,7073.869486542762
2006-04-19,7127.35532527625
2006-04-20,7117.524281461732
2006-04-21,7177.5649113684185
2006-04-24,7137.772128546089
2006-04-25,7123.610465070674
2006-04-26,7144.325776774009
2006-04-27,7092.4783500975
2006-04-28,7049.291591270147
2006-05-02,7118.343773226542
2006-05-03,7033.959551829369
2006-05-04,7065.442551003096
2006-05-05,7129.579496788551
2006-05-08,7100.788133746102
2006-05-09,7145.847608412563
2006-05-10,7119.865033392458
2006-05-11,7071.411582720973
2006-05-12,6919.379859114896
2006-05-15,6836.516897883638
2006-05-16,6842.252197292027
2006-05-17,6642.468791415571
2006-05-18,6637.904439445185
2006-05-19,6621.2848721479795
2006-05-22,6475.339332150845
2006-05-23,6646.214223093787
2006-05-24,6539.007670372043
2006-05-25,6645.043847128425
2006-05-26,6777.647215414954
2006-05-30,6614.96495622955
2006-05-31,6698.99772195353
2006-06-01,6729.310916634534
2006-06-02,6746.749404223909
2006-06-05,6743.8234643105025
2006-06-06,6635.797419823949
2006-06-07,6678.516142559684
2006-06-08,6510.684343421212
2006-06-09,6618.710387907766
2006-06-12,6578.566149412244
2006-06-13,6460.007292710066
2006-06-14,6445.026137469841
2006-06-15,6576.693433573136
2006-06-16,6551.062314226222
2006-06-19,6584.652333021186
2006-06-20,6622.221515803853
2006-06-21,6630.179843779264
2006-06-22,6652.534139012218
2006-06-23,6661.897146735118
2006-06-26,6649.140163007194
2006-06-27,6615.315840430103
2006-06-28,6646.097071202723
2006-06-29,6778.232403397636
2006-06-30,6827.2710420518015
2006-07-03,6886.960216285295
2006-07-04,6885.906992210997
2006-07-05,6819.429865967456
2006-07-06,6893.514435985854
2006-07-07,6892.226908129427
2006-07-10,6901.589915852328
2006-07-11,6855.242913329441
2006-07-12,6859.105496898721
2006-07-13,6747.217440315526
2006-07-14,6680.03797419824
2006-07-17,6672.313378532318
2006-07-18,6649.725350989876
2006-07-19,6762.43232786524
2006-07-20,6754.122544216638
2006-07-21,6694.199637673655
2006-07-24,6827.856230034483
2006-07-25,6848.10407711884
2006-07-26,6878.416700327204
2006-07-27,6939.744286617678
2006-07-28,6992.879241150613
2006-07-31,6938.339606870187
2006-08-01,6882.746748515462
2006-08-02,6942.787378422148
2006-08-03,6833.122921878615
2006-08-04,6892.8120961121085
2006-08-07,6821.8871983166055
2006-08-08,6809.3645183708095
2006-08-09,6858.988345007657
2006-08-10,6815.567282398176
2006-08-11,6811.705270301534
2006-08-14,6871.1601407529
2006-08-15,6902.760291817691
2006-08-16,6901.239031651775
2006-08-17,6905.686231731098
2006-08-18,6909.1973596271855
2006-08-21,6923.008138902048
2006-08-22,6908.261287443951
2006-08-23,6858.403157024975
2006-08-24,6869.053692604303
2006-08-25,6880.172264275248
2006-08-29,6891.5245682556815
2006-08-30,6939.50998283555
2006-08-31,6912.35760332272
2006-09-01,6962.800921724377
2006-09-04,7006.572868534411
2006-09-05,7000.838140598662
2006-09-06,6939.50998283555
2006-09-07,6856.179556985314
2006-09-08,6880.991184567419
2006-09-11,6847.635469554583
2006-09-12,6899.951503795349
2006-09-13,6896.089491698707
2006-09-14,6878.533852218268
2006-09-15,6878.29954843614
2006-09-18,6893.865320186407
2006-09-19,6825.398326212694
2006-09-20,6865.65971659928
2006-09-21,6901.356183542839
2006-09-22,6814.279754541749
2006-09-25,6786.190731373045
2006-09-26,6874.320384448435
2006-09-27,6940.446626491424
2006-09-28,6988.66577338078
2006-09-29,6976.376825744472
2006-10-02,6972.865697848384
2006-10-03,6948.639258248962
2006-10-04,6983.048197336095
2006-10-05,7027.522484019874
2006-10-06,7023.660471923234
2006-10-09,7058.42029521092
2006-10-10,7107.342353446661
2006-10-11,7108.2784256298955
2006-10-12,7164.222168185173
2006-10-13,7206.355702938227
2006-10-16,7224.028494309731
2006-10-17,7149.358736308652
2006-10-18,7198.280223071753
2006-10-19,7204.834442772312
2006-10-20,7203.898370589078
2006-10-23,7216.655354317002
2006-10-24,7235.849405854421
2006-10-25,7273.41858863709
2006-10-26,7238.5410419857
2006-10-27,7210.569170708061
2006-10-30,7170.659235994668
2006-10-31,7173.4685954896495
2006-11-01,7197.344150888519
2006-11-02,7196.992695215326
2006-11-03,7195.588586940476
2006-11-06,7285.005196399652
2006-11-07,7307.827527724223
2006-11-08,7301.9756478974095
2006-11-09,7293.19782815719
2006-11-10,7266.162029062785
2006-11-13,7249.54303323822
2006-11-14,7240.648061606937
2006-11-15,7291.2079604270175
2006-11-16,7320.584511452148
2006-11-17,7246.967977525366
2006-11-20,7261.597677092399
2006-11-21,7259.374077052738
2006-11-22,7209.866830834316
2006-11-23,7186.10842732651
2006-11-24,7165.158811841047
2006-11-27,7080.891742334938
2006-11-28,7052.568415384107
2006-11-29,7121.03540935782
2006-11-30,7079.487062587447
2006-12-01,7047.418875431039
2006-12-04,7081.242626535491
2006-12-05,7123.3761612885455
2006-12-06,7128.057665149996
2006-12-07,7176.160231620927
2006-12-08,7200.620975002479
2006-12-11,7209.281642851634
2006-12-12,7205.3024788639295
2006-12-13,7247.553165508048
2006-12-14,7289.101512278421
2006-12-15,7326.553543170025
2006-12-18,7311.806691711928
2006-12-19,7261.0124891097175
2006-12-20,7254.692573191288
2006-12-21,7237.254085601912
2006-12-22,7244.6272255946415
2006-12-27,7309.232207471714
2006-12-28,7304.316399828135
2006-12-29,7280.674576738755
2007-01-02,7386.125565512454
2007-01-03,7395.60572512642
2007-01-04,7358.153694234816
2007-01-05,7279.855656446584
2007-01-08,7249.54303323822
2007-01-09,7251.766633277881
2007-01-10,7210.3354383985725
2007-01-11,7291.55941610021
2007-01-12,7301.9756478974095
2007-01-15,7330.6498590487945
2007-01-16,7274.706116493517
2007-01-17,7261.597677092399
2007-01-18,7268.385629102447
2007-01-19,7299.869199748813
2007-01-22,7277.865788716412
2007-01-23,7288.633476186804
2007-01-24,7390.689917482841
2007-01-25,7337.437811058841
2007-01-26,7289.101512278421
2007-01-29,7303.028871971708
2007-01-30,7305.486775793498
2007-01-31,7259.95926503542
2007-02-01,7352.536118190131
2007-02-02,7386.125565512454
2007-02-05,7394.318197269993
2007-02-06,7427.556760391763
2007-02-07,7454.709711377232
2007-02-08,7427.673912282828
2007-02-09,7470.2754831275
2007-02-12,7435.98369593143
2007-02-13,7469.105107162137
2007-02-14,7515.218377375536
2007-02-15,7529.379469378312
2007-02-16,7513.228509645363
2007-02-19,7542.370756888365
2007-02-20,7504.801574105697
2007-02-21,7440.197163701264
2007-02-22,7468.051883087838
2007-02-23,7492.161742268836
2007-02-26,7531.018452907931
2007-02-27,7357.100470160517
2007-02-28,7222.975270235433
2007-03-01,7158.019404157807
2007-03-02,7158.253707939935
2007-03-05,7090.957089931584
2007-03-06,7184.352863378466
2007-03-07,7205.419630754994
2007-03-08,7288.750628077868
2007-03-09,7309.232207471714
2007-03-12,7295.304276305787
2007-03-13,7210.920626381253
2007-03-14,7023.075283940552
2007-03-15,7178.1500993511
2007-03-16,7175.10700754663
2007-03-19,7243.924885720896
2007-03-20,7280.089388756073
2007-03-21,7322.808111491809
2007-03-22,7394.435349161057
2007-03-23,7419.48128052529
2007-03-26,7363.888422170565
2007-03-27,7364.707913935375
2007-03-28,7334.980478709692
2007-03-29,7401.691908735361
2007-03-30,7382.731589507431
2007-04-02,7391.50940924765
2007-04-03,7450.730547389527
2007-04-04,7449.0921353325475
2007-04-05,7487.245934625257
2007-04-10,7511.238641915191
2007-04-11,7505.971950071059
2007-04-12,7509.600229858212
2007-04-13,7563.437524264892
2007-04-16,7626.4040940849845
2007-04-17,7604.868719144201
2007-04-18,7548.222636715178
2007-04-19,7537.923556809043
2007-04-20,7591.994583525212
2007-04-23,7583.685371349249
2007-04-24,7524.93226929899
2007-04-25,7562.969488173275
2007-04-26,7571.63015602243
2007-04-27,7512.292437462129
2007-04-30,7547.988904405689
2007-05-01,7513.3456615364275
2007-05-02,7589.302947393934
2007-05-03,7651.683757758706
2007-05-04,7728.811991054215
2007-05-08,7666.430609216803
2007-05-09,7665.494537033569
2007-05-10,7635.649949916821
2007-05-11,7684.337704370435
2007-05-14,7672.39964093468
2007-05-15,7687.848832266523
2007-05-16,7677.0811447961305
2007-05-17,7700.254360321255
2007-05-18,7772.34963408212
2007-05-21,7767.550978329606
2007-05-22,7732.205967059238
2007-05-23,7743.675422930736
2007-05-24,7684.103400588307
2007-05-25,7690.072432306184
2007-05-29,7732.088815168174
2007-05-30,7726.939275215106
2007-05-31,7749.644454648614
2007-06-01,7814.249436525686
2007-06-04,7799.502585067589
2007-06-05,7762.869474468155
2007-06-06,7634.011537859842
2007-06-07,7613.412806574932
2007-06-08,7613.412806574932
2007-06-11,7686.444152519031
2007-06-12,7631.436482146988
2007-06-13,7677.198296687195
2007-06-14,7782.883017770384
2007-06-15,7879.439034912801
2007-06-18,7845.615283808349
2007-06-19,7783.2344734435765
2007-06-20,7782.180677896638
2007-06-21,7719.799867531867
2007-06-22,7686.327000627967
2007-06-25,7710.904895900582
2007-06-26,7676.846841014002
2007-06-27,7639.746265795591
2007-06-28,7690.8913525983535
2007-06-29,7733.727227225154
2007-07-02,7713.479951613436
2007-07-03,7771.062106225693
2007-07-04,7810.035968755853
2007-07-05,7765.678833963137
2007-07-06,7829.932360167018
2007-07-09,7856.38297127874
2007-07-10,7760.645874428495
2007-07-11,7742.15416276482
2007-07-12,7838.827331798301
2007-07-13,7861.064475140191
2007-07-16,7838.827331798301
2007-07-17,7793.76785713184
2007-07-18,7685.976116427414
2007-07-19,7771.53071378995
2007-07-20,7707.160035695006
2007-07-23,7753.038430653637
2007-07-24,7605.9225146911385
2007-07-25,7553.957364650927
2007-07-26,7316.254463263889
2007-07-27,7274.120928510835
2007-07-30,7263.470392931507
2007-07-31,7443.7082915973515
2007-08-01,7315.5521233901445
2007-08-02,7373.719465985083
2007-08-03,7284.770892617524
2007-08-06,7243.574001520343
2007-08-07,7383.667661690665
2007-08-08,7483.266770637552
2007-08-09,7339.661982571142
2007-08-10,7067.080963060075
2007-08-13,7278.568128590157
2007-08-14,7190.20474320528
2007-08-15,7150.177656600822
2007-08-16,6857.115629168548
2007-08-17,7097.394157741079
2007-08-20,7114.364609238837
2007-08-21,7123.025277087992
2007-08-22,7251.649481386817
2007-08-23,7252.702705461115
2007-08-24,7279.855656446584
2007-08-28,7141.868444424858
2007-08-29,7176.979723385737
2007-08-30,7270.375496832619
2007-08-31,7377.2305938811705
2007-09-03,7391.158525047097
2007-09-04,7463.253227335324
2007-09-05,7339.076794588461
2007-09-06,7388.934353534797
2007-09-07,7246.031905342132
2007-09-10,7179.203323425399
2007-09-11,7350.7805542420865
2007-09-12,7380.625141358833
2007-09-13,7448.155491676674
2007-09-14,7360.8453303660945
2007-09-17,7236.200290054974
2007-09-18,7353.823074573918
2007-09-19,7560.62873624255
2007-09-20,7524.3470813163085
2007-09-21,7556.7667241459085
2007-09-24,7567.533840143661
2007-09-25,7486.77789853364
2007-09-26,7529.028585177759
2007-09-27,7591.526547433595
2007-09-28,7568.58706421796
2007-10-01,7614.816914849784
2007-10-02,7607.911810948672
2007-10-03,7648.641237426875
2007-10-04,7663.504669303396
2007-10-05,7719.565563749738
2007-10-08,7655.312037545858
2007-10-09,7742.505046965373
2007-10-10,7763.1037782502835
2007-10-11,7870.193179080964
2007-10-12,7877.4497386552675
2007-10-15,7776.563101851953
2007-10-16,7741.217519108946
2007-10-17,7815.419812491049
2007-10-18,7735.482791173198
2007-10-19,7640.097149996144
2007-10-22,7559.80924447774
2007-10-23,7623.829038372131
2007-10-24,7586.377007480527
2007-10-25,7696.743232425167
2007-10-26,7796.22518948099
2007-10-29,7848.541223721755
2007-10-30,7793.533553349712
2007-10-31,7866.79920307594
2007-11-01,7708.213259769304
2007-11-02,7643.257393691679
2007-11-05,7562.267148299529
2007-11-06,7578.067223831925
2007-11-07,7472.967690731417
2007-11-08,7469.222259053201
2007-11-09,7379.103309720279
2007-11-12,7417.725716577245
2007-11-13,7446.399927728629
2007-11-14,7527.97536110346
2007-11-15,7443.12310361467
2007-11-16,7363.0695018783945
2007-11-19,7163.636980202492
2007-11-20,7287.345948330377
2007-11-21,7105.235333825425
2007-11-22,7204.0149510075025
2007-11-23,7329.011446991814
2007-11-26,7233.508653923696
2007-11-27,7186.927919091319
2007-11-28,7380.625141358833
2007-11-29,7430.834155978362
2007-11-30,7528.4433971950775
2007-12-03,7474.723254679461
2007-12-04,7391.158525047097
2007-12-05,7600.187215282751
2007-12-06,7590.590475250361
2007-12-07,7671.6973010609345
2007-12-10,7683.986248697242
2007-12-11,7650.630533684408
2007-12-12,7677.432028996684
2007-12-13,7448.506947349866
2007-12-14,7486.895050424704
2007-12-17,7347.386006764424
2007-12-18,7349.141570712468
2007-12-19,7355.2277543214095
2007-12-20,7426.737840099593
2007-12-21,7530.316113034186
2007-12-24,7583.2167637849925
2007-12-27,7604.868719144201
2007-12-28,7580.4079757626505
2007-12-31,7557.000456455397
2008-01-02,7509.951685531404
2008-01-03,7583.333915676057
2008-01-04,7430.131816104617
2008-01-07,7415.151232337032
2008-01-08,7439.494823827518
2008-01-09,7341.417546519186
2008-01-10,7282.898748251055
2008-01-11,7258.671737178993
2008-01-14,7274.706116493517
2008-01-15,7052.217531183554
2008-01-16,6955.427210259009
2008-01-17,6908.026983661823
2008-01-18,6907.208063369652
2008-01-21,6528.591438574844
2008-01-22,6718.075193072525
2008-01-23,6565.106825810574
2008-01-24,6876.894868688649
2008-01-25,6868.936540713239
2008-01-28,6775.189311593165
2008-01-29,6887.896859941169
2008-01-30,6831.835394022188
2008-01-31,6881.576372550099
2008-02-01,7056.430998953387
2008-02-04,7052.919871057299
2008-02-05,6867.766164747876
2008-02-06,6876.4268325970315
2008-02-07,6699.349177626723
2008-02-08,6769.454583657416
2008-02-11,6680.155126089304
2008-02-12,6916.921955293106
2008-02-13,6881.927828223292
2008-02-14,6880.991184567419
2008-02-15,6773.668051427249
2008-02-18,6959.757829919907
2008-02-19,6983.516233427712
2008-02-20,6897.727903755687
2008-02-21,6942.9045303132125
2008-02-22,6891.75887203781
2008-02-25,7021.670604193061
2008-02-26,7124.546537253908
2008-02-27,7111.789553525983
2008-02-28,6982.11212515286
2008-02-29,6886.843064394231
2008-03-03,6809.949706353491
2008-03-04,6750.377684011061
2008-03-05,6850.795713250119
2008-03-06,6748.855852372506
2008-03-07,6671.025850675891
2008-03-10,6588.163460917273
2008-03-11,6659.907279004947
2008-03-12,6760.5596120261325
2008-03-13,6662.2480309356715
2008-03-14,6591.206552721744
2008-03-17,6336.883512564862
2008-03-18,6560.893358040741
2008-03-19,6490.437067809495
2008-03-20,6431.450233449746
2008-03-25,6658.386018839031
2008-03-26,6624.796000044068
2008-03-27,6691.624581960801
2008-03-28,6662.833218918353
2008-03-31,6673.600906388745
2008-04-01,6849.74248917582
2008-04-02,6923.827059194218
2008-04-03,6895.03569615177
2008-04-04,6960.343017902588
2008-04-07,7039.577127874054
2008-04-08,7010.786336304244
2008-04-09,7003.412624838877
2008-04-10,6981.409785279115
2008-04-11,6899.951503795349
2008-04-14,6825.164593903205
2008-04-15,6913.2936755059545
2008-04-16,7076.327390364551
2008-04-17,6999.316308960108
2008-04-18,7088.499186109795
2008-04-21,7084.285718339962
2008-04-22,7062.868066762881
2008-04-23,7120.099337174586
2008-04-24,7081.594082208683
2008-04-25,7129.228041115359
2008-04-28,7128.057665149996
2008-04-29,7126.887289184633
2008-04-30,7124.429385362844
2008-05-01,7124.429385362844
2008-05-02,7274.471812711388
2008-05-06,7274.23750892926
2008-05-07,7327.723919135387
2008-05-08,7339.193375006886
2008-05-09,7261.831980874527
2008-05-12,7280.55799632033
2008-05-13,7270.258344941555
2008-05-14,7275.05700069407
2008-05-15,7316.956231664995
2008-05-16,7378.400969846533
2008-05-19,7462.9023431347705
2008-05-20,7246.499941433749
2008-05-21,7254.1073852086065
2008-05-22,7234.796181780123
2008-05-23,7124.429385362844
2008-05-27,7090.722786149457
2008-05-28,7103.714073659509
2008-05-29,7101.958509711465
2008-05-30,7084.870906322643
2008-06-02,7031.150763807026
2008-06-03,7089.786713966222
2008-06-04,6987.261665105928
2008-06-05,7016.754796549482
2008-06-06,6913.17652361489
2008-06-09,6879.0018883098855
2008-06-10,6820.131634368562
2008-06-11,6698.412533970849
2008-06-12,6777.062027432273
2008-06-13,6791.457423217177
2008-06-16,6781.860683184787
2008-06-17,6860.626757064637
2008-06-18,6737.737280701561
2008-06-19,6680.974046381474
2008-06-20,6578.44899752118
2008-06-23,6632.754899492117
2008-06-24,6594.717680617832
2008-06-25,6631.46737163569
2008-06-26,6458.368880653086
2008-06-27,6472.179088455309
2008-06-30,6584.418029239057
2008-07-01,6413.543138296114
2008-07-02,6350.81087225815
2008-07-03,6409.6811261994735
2008-07-04,6335.0107967257545
2008-07-07,6451.931812843592
2008-07-08,6367.4304395553545
2008-07-09,6471.711052363692
2008-07-10,6327.988540933578
2008-07-11,6158.050293646509
2008-07-14,6203.460652513523
2008-07-15,6053.067340964426
2008-07-16,6028.138561491258
2008-07-17,6186.958237107382
2008-07-18,6292.409225881082
2008-07-21,6325.062601020172
2008-07-22,6278.130981987242
2008-07-23,6378.4318593352355
2008-07-24,6275.906810474942
2008-07-25,6264.554506494508
2008-07-28,6217.739467880003
2008-07-29,6225.464063545925
2008-07-30,6344.257224030231
2008-07-31,6333.957572651456
2008-08-01,6267.012410316297
2008-08-04,6226.6344395112865
2008-08-05,6383.8157030704315
2008-08-06,6420.799697870419
2008-08-07,6410.734350273772
2008-08-08,6424.42797765757
2008-08-11,6485.989296257533
2008-08-12,6477.445780299441
2008-08-13,6376.9105991693195
2008-08-14,6434.141869581024
2008-08-15,6384.166587270985
2008-08-18,6378.783315008428
2008-08-19,6226.868171820775
2008-08-20,6287.025382145886
2008-08-21,6285.153237779418
2008-08-22,6443.622029194989
2008-08-26,6402.776022298362
2008-08-27,6470.072640306713
2008-08-28,6555.5100857781845
2008-08-29,6596.941280657493
2008-09-01,6557.382230144653
2008-09-02,6578.332417102755
2008-09-03,6436.7169252938775
2008-09-04,6275.673078165453
2008-09-05,6133.589550264958
2008-09-08,6374.218391565402
2008-09-09,6338.288192312353
2008-09-10,6280.471733917968
2008-09-11,6224.527419890051
2008-09-12,6339.57572016878
2008-09-15,6090.870827529222
2008-09-16,5881.84156582093
2008-09-17,5749.354777952825
2008-09-18,5711.434710969604
2008-09-19,6216.2176362414475
2008-09-22,6128.439438839251
2008-09-23,6011.1681099934995
2008-09-24,5963.767883396314
2008-09-25,6082.443891989556
2008-09-26,5955.4580997477115
2008-09-29,5639.807473300356
2008-09-30,5737.768170190263
2008-10-01,5804.596752106997
2008-10-02,5700.081835516531
2008-10-03,5828.8231917064195
2008-10-06,5371.089608831208
2008-10-07,5389.815624277011
2008-10-08,5110.680956538025
2008-10-09,5048.767610792231
2008-10-10,4602.0354476969005
2008-10-13,4982.173332657625
2008-10-14,5142.866295585497
2008-10-15,4774.665902587888
2008-10-16,4519.289638356708
2008-10-17,4755.237547268341
2008-10-20,5012.369375447564
2008-10-21,4950.339449283346
2008-10-22,4729.372124139299
2008-10-23,4784.2629283565975
2008-10-24,4545.0379095946855
2008-10-27,4508.990558450572
2008-10-28,4595.364076105278
2008-10-29,4965.320033050932
2008-10-30,5022.902759135828
2008-10-31,5123.086484592757
2008-11-03,5200.331298306691
2008-11-04,5429.959291299893
2008-11-05,5302.622614857495
2008-11-06,5000.314160120746
2008-11-07,5108.691088807853
2008-11-10,5154.218599565931
2008-11-11,4970.23584069451
2008-11-12,4894.512287146493
2008-11-13,4879.531703378907
2008-11-14,4954.2014613799865
2008-11-17,4836.227792660489
2008-11-18,4925.644402119667
2008-11-19,4688.174947305798
2008-11-20,4535.206865780167
2008-11-21,4425.191525036081
2008-11-24,4860.571384150977
2008-11-25,4881.9890357280565
2008-11-26,4860.220499950424
2008-11-27,4946.125981513513
2008-11-28,5018.572139474931
2008-12-01,4758.163487181747
2008-12-02,4825.342953299034
2008-12-03,4880.4677755621415
2008-12-04,4872.977483678348
2008-12-05,4739.320319844881
2008-12-08,5032.733802950346
2008-12-09,5127.767988454208
2008-12-10,5111.382724939132
2008-12-11,5136.429227776002
2008-12-12,5009.677167843647
2008-12-15,5006.400343729687
2008-12-16,5043.26718663861
2008-12-17,5060.939978010114
2008-12-18,5068.5474217849705
2008-12-19,5017.284611618504
2008-12-22,4973.161780607917
2008-12-23,4981.120108583327
2008-12-24,4935.0074098425675
2008-12-29,5055.32183049279
2008-12-30,5141.110731637453
2008-12-31,5189.681334200002
2009-01-02,5339.0208502021615
2009-01-05,5359.8538852692
2009-01-06,5429.256951426148
2009-01-07,5275.469663872027
2009-01-08,5273.011760050237
2009-01-09,5206.4174819156315
2009-01-12,5180.318326477101
2009-01-13,5148.71817541231
2009-01-14,4892.873875089513
2009-01-15,4823.236505150437
2009-01-16,4853.666280249865
2009-01-19,4808.48965369234
2009-01-20,4788.476110390111
2009-01-21,4751.609267481188
2009-01-22,4742.59742969516
2009-01-23,4742.948599632033
2009-01-26,4926.112438211284
2009-01-27,4909.024834822461
2009-01-28,5026.999075014597
2009-01-29,4903.992446760458
2009-01-30,4856.592220163271
2009-02-02,4772.559168702971
2009-02-03,4874.030707752647
2009-02-04,4949.051921426919
2009-02-05,4949.402805627472
2009-02-06,5023.136491445317
2009-02-09,5041.511622690566
2009-02-10,4930.9110939637985
2009-02-11,4955.7227215459025
2009-02-12,4918.154110235873
2009-02-13,4903.407258777776
2009-02-16,4839.270312992321
2009-02-17,4721.413796163888
2009-02-18,4689.462475162225
2009-02-19,4703.038664918639
2009-02-20,4551.709281186308
2009-02-23,4506.766672674591
2009-02-24,4466.622719915389
2009-02-25,4504.777090680739
2009-02-26,4582.724244268417
2009-02-27,4482.657099229913
2009-03-02,4243.549232359065
2009-03-03,4110.477542244599
2009-03-04,4267.073617821062
2009-03-05,4131.310005838998
2009-03-06,4132.2463637585515
2009-03-09,4145.939705406031
2009-03-10,4348.180729367956
2009-03-11,4323.1347980037235
2009-03-12,4344.552735317124
2009-03-13,4393.240204034417
2009-03-16,4522.332730161178
2009-03-17,4514.257250294704
2009-03-18,4453.280548204783
2009-03-19,4467.2079078980705
2009-03-20,4497.637682997499
2009-03-23,4626.262173032644
2009-03-24,4577.925588515903
2009-03-25,4564.817434851106
2009-03-26,4593.959682094107
2009-03-27,4563.178737057806
2009-03-30,4404.007605768489
2009-03-31,4595.013191904725
2009-04-01,4629.539282882923
2009-04-02,4827.800857120823
2009-04-03,4716.263970474502
2009-04-06,4673.896417675638
2009-04-07,4600.162731857793
2009-04-08,4594.31085203098
2009-04-09,4662.42667606782
2009-04-14,4668.629725831506
2009-04-15,4644.519866650508
2009-04-16,4743.533787614714
2009-04-17,4790.114808183411
2009-04-20,4670.853325871168
2009-04-21,4666.874161883462
2009-04-22,4717.4343464398635
2009-04-23,4702.804646872831
2009-04-24,4864.0825120470645
2009-04-27,4876.956647666053
2009-04-28,4794.327990216924
2009-04-29,4903.407258777776
2009-04-30,4966.724712798422
2009-05-01,4966.1395248157405
2009-05-05,5075.803409886636
2009-05-06,5145.557931716776
2009-05-07,5148.132987429629
2009-05-08,5222.334709339091
2009-05-11,5191.202594365918
2009-05-12,5179.498834712292
2009-05-13,5069.366342077141
2009-05-14,5105.882300785511
2009-05-15,5088.911849287752
2009-05-18,5204.076729984907
2009-05-19,5245.975960955833
2009-05-20,5229.70784933182
2009-05-21,5085.868757483282
2009-05-22,5109.041973008406
2009-05-26,5163.347874979343
2009-05-27,5168.614566823475
2009-05-28,5135.024548028512
2009-05-29,5170.603863081008
2009-06-01,5273.948403706111
2009-06-02,5239.773196928467
2009-06-03,5130.2258922759975
2009-06-04,5134.3222081547665
2009-06-05,5194.83087415307
2009-06-08,5155.740431204486
2009-06-09,5155.27182364023
2009-06-10,5192.723854531833
2009-06-11,5222.100405556963
2009-06-12,5198.810038140775
2009-06-15,5063.04642615871
2009-06-16,5066.089517963182
2009-06-17,5007.453567803986
2009-06-18,5010.2623558263285
2009-06-19,5086.336793574899
2009-06-22,4955.4889892364135
2009-06-23,4950.690333483899
2009-06-24,5009.20913175203
2009-06-25,4977.1409445956215
2009-06-26,4963.564469102887
2009-06-29,5025.594395267107
2009-06-30,4973.161780607917
2009-07-01,5080.251181438597
2009-07-02,4955.7227215459025
2009-07-03,4958.063473476627
2009-07-06,4909.610022805143
2009-07-07,4900.364166973306
2009-07-08,4845.590800383391
2009-07-09,4867.242755742599
2009-07-10,4830.375912833677
2009-07-13,4918.036958344809
2009-07-14,4959.702457006247
2009-07-15,5087.039133448644
2009-07-16,5104.945657129637
2009-07-17,5136.545808194427
2009-07-20,5200.682753979883
2009-07-21,5244.689004572046
2009-07-22,5259.318704139078
2009-07-23,5336.680098271436
2009-07-24,5356.342757373111
2009-07-27,5367.461329044057
2009-07-28,5300.398443345195
2009-07-29,5322.284702486531
2009-07-30,5420.713435468057
2009-07-31,5393.5604844825875
2009-08-03,5480.285457810486
2009-08-04,5467.294170300433
2009-08-05,5438.854262931177
2009-08-06,5489.648465533387
2009-08-07,5537.751032004318
2009-08-10,5526.749612224437
2009-08-11,5467.177018409368
2009-08-12,5520.429124833368
2009-08-13,5565.722903281958
2009-08-14,5517.152300719408
2009-08-17,5436.396359109387
2009-08-18,5484.147469907127
2009-08-19,5488.7123933501525
2009-08-20,5567.010431138384
2009-08-21,5677.376656083024
2009-08-24,5730.395030197535
2009-08-25,5754.504317905893
2009-08-26,5723.840810496976
2009-08-27,5699.028611442232
2009-08-28,5745.258462074056
2009-09-01,5640.861268847294
2009-09-02,5638.403365025504
2009-09-03,5614.059202062378
2009-09-04,5678.3132997388975
2009-09-07,5773.698940915951
2009-09-08,5790.200784849453
2009-09-09,5856.912214875122
2009-09-10,5837.484431028214
2009-09-11,5865.339150414789
2009-09-14,5873.999818263945
2009-09-15,5901.152769249413
2009-09-16,5997.123598409148
2009-09-17,6043.821485132589
2009-09-18,6054.237716929789
2009-09-21,6009.178242263328
2009-09-22,6018.775553768357
2009-09-23,6015.030122090141
2009-09-24,5944.690412277319
2009-09-25,5948.084959754982
2009-09-28,6045.811352862762
2009-09-29,6038.789097070586
2009-09-30,6008.593054280646
2009-10-01,5907.823569368396
2009-10-02,5838.654806993577
2009-10-05,5880.319734182375
2009-10-06,6013.391710033161
2009-10-07,5979.333655146581
2009-10-08,6032.820065352708
2009-10-09,6041.363581310799
2009-10-12,6097.893083321398
2009-10-13,6032.352029261091
2009-10-14,6151.613225837014
2009-10-15,6112.873667088984
2009-10-16,6074.485564014146
2009-10-19,6181.340661062697
2009-10-20,6136.749222487853
2009-10-21,6153.719673985612
2009-10-22,6094.615687734799
2009-10-23,6135.81315030462
2009-10-26,6076.241127962189
2009-10-27,6087.125395851006
2009-10-28,5945.977940133746
2009-10-29,6013.040825832608
2009-10-30,5904.07870916282
2009-11-02,5974.184115193513
2009-11-03,5895.418041313665
2009-11-04,5978.163279181218
2009-11-05,5998.879162357192
2009-11-06,6018.892705659421
2009-11-09,6127.1524824554635
2009-11-10,6121.7686387202675
2009-11-11,6164.135905782811
2009-11-12,6175.488781235885
2009-11-13,6198.779148652073
2009-11-16,6299.782937346451
2009-11-17,6256.712758937522
2009-11-18,6252.2655588582
2009-11-19,6165.189701329749
2009-11-20,6146.112230210755
2009-11-23,6267.948482499532
2009-11-24,6231.081639590609
2009-11-25,6278.832750388348
2009-11-26,6079.049915984532
2009-11-27,6139.4414300917715
2009-11-30,6075.070751996827
2009-12-01,6217.271431788386
2009-12-02,6235.060803578314
2009-12-03,6218.20750397162
2009-12-04,6229.208923751501
2009-12-07,6215.515867840342
2009-12-08,6112.990818980048
2009-12-09,6090.51937185603
2009-12-10,6137.919598453216
2009-12-11,6158.050293646509
2009-12-14,6220.899140102899
2009-12-15,6186.373049124701
2009-12-16,6226.751019929711
2009-12-17,6106.553751170553
2009-12-18,6082.209588207427
2009-12-21,6195.970360629731
2009-12-22,6236.582635216869
2009-12-23,6287.727722019632
2009-12-24,6322.839000980511
2009-12-29,6364.036463550331
2009-12-30,6317.572309136379
2009-12-31,6335.127948616819
2010-01-04,6437.418693694984
2010-01-05,6463.40126871509
2010-01-06,6472.179088455309
2010-01-07,6468.317076358669
2010-01-08,6477.094896098888
2010-01-11,6481.659248069274
2010-01-12,6435.5465493285155
2010-01-13,6406.052846412321
2010-01-14,6434.961361345834
2010-01-15,6384.86892714473
2010-01-18,6430.513589793873
2010-01-19,6452.399848935209
2010-01-20,6344.373804448655
2010-01-21,6244.072927100662
2010-01-22,6206.503744317994
2010-01-25,6156.528462007954
2010-01-26,6175.956817327502
2010-01-27,6106.436599279489
2010-01-28,6022.403833555509
2010-01-29,6072.495696283973
2010-02-01,6141.430726349304
2010-02-02,6183.447109211294
2010-02-03,6148.219249831991
2010-02-04,6014.912970199077
2010-02-05,5923.155608809175
2010-02-08,5959.905299827034
2010-02-09,5982.727631151604
2010-02-10,6006.369454240985
2010-02-11,6040.895545219183
2010-02-12,6018.658401877293
2010-02-15,6047.917801011358
2010-02-16,6137.568714252663
2010-02-17,6175.605933126949
2010-02-18,6232.369167447036
2010-02-19,6271.108726195066
2010-02-22,6263.969318511827
2010-02-23,6220.66540779341
2010-02-24,6253.201631041435
2010-02-25,6177.478648966056
2010-02-26,6266.778106534169
2010-03-01,6326.93531685928
2010-03-02,6418.458945939693
2010-03-03,6475.924520133525
2010-03-04,6468.90226434135
2010-03-05,6553.871102248565
2010-03-08,6561.947153587678
2010-03-09,6556.797042161971
2010-03-10,6601.622784518943
2010-03-11,6574.352681642411
2010-03-12,6584.1842969295685
2010-03-15,6546.965998347453
2010-03-16,6577.980961429563
2010-03-17,6606.304288380394
2010-03-18,6603.963536449669
2010-03-19,6612.741356189888
2010-03-22,6606.1871364893295
2010-03-23,6640.2451913759105
2010-03-24,6645.277579437914
2010-03-25,6703.562645396556
2010-03-26,6674.654130463044
2010-03-29,6683.666253985391
2010-03-30,6638.723359737355
2010-03-31,6647.267447168086
2010-04-01,6723.6927691172095
2010-04-06,6765.241115887583
2010-04-07,6743.8234643105025
2010-04-08,6686.007005916116
2010-04-09,6754.239696107702
2010-04-12,6762.081443664687
2010-04-13,6743.355428218885
2010-04-14,6783.849979442321
2010-04-15,6817.439998237283
2010-04-16,6722.639545042911
2010-04-19,6703.796377706045
2010-04-20,6769.103699456863
2010-04-21,6698.529685861913
2010-04-22,6630.530727979817
2010-04-23,6698.881141535106
2010-04-26,6734.226152805473
2010-04-27,6558.201721909462
2010-04-28,6538.422482389362
2010-04-29,6574.937869625092
2010-04-30,6499.448619859203
2010-05-04,6333.021500468221
2010-05-05,6252.031255076072
2010-05-06,6157.3479537727635
2010-05-07,5995.836070552722
2010-05-10,6305.283361500072
2010-05-11,6243.0197030263635
2010-05-12,6300.7190095296855
2010-05-13,6359.472111579945
2010-05-14,6159.571553812425
2010-05-17,6159.103517720808
2010-05-18,6211.536132379997
2010-05-19,6036.916381231477
2010-05-20,5937.434424175654
2010-05-21,5925.4963607399
2010-05-24,5933.338108296885
2010-05-25,5782.476760656171
2010-05-26,5896.471265387962
2010-05-27,6080.337443840959
2010-05-28,6072.378544392909
2010-06-01,6043.0019933677795
2010-06-02,6028.957481783428
2010-06-03,6099.063459286761
2010-06-04,5999.34719844881
2010-06-07,5932.752920314204
2010-06-08,5884.884657625401
2010-06-09,5952.41500794324
2010-06-10,6006.954642223666
2010-06-11,6043.470600932036
2010-06-14,6088.412923707433
2010-06-15,6106.787483480042
2010-06-16,6130.31215467836
2010-06-17,6149.038170124161
2010-06-18,6145.4098903370095
2010-06-21,6201.939392347607
2010-06-22,6140.962690257687
2010-06-23,6060.791936630348
2010-06-24,5969.15172713151
2010-06-25,5906.3023092024805
2010-06-28,5935.796012118675
2010-06-29,5751.461797574061
2010-06-30,5754.621469796957
2010-07-01,5624.592585750642
2010-07-02,5662.396072315438
2010-07-05,5645.308468926616
2010-07-06,5810.9166680254275
2010-07-07,5869.20116251143
2010-07-08,5975.354491158876
2010-07-09,6007.4226783152835
2010-07-12,6047.332613028677
2010-07-13,6169.05171342639
2010-07-14,6148.570134032544
2010-07-15,6099.180039705186
2010-07-16,6037.852453414712
2010-07-19,6025.446353887341
2010-07-20,6015.147273981205
2010-07-21,6103.042623274466
2010-07-22,6219.143576154855
2010-07-23,6217.739467880003
2010-07-26,6262.798942546464
2010-07-27,6279.886545935286
2010-07-28,6226.049251528605
2010-07-29,6219.377879936983
2010-07-30,6153.836825876676
2010-08-02,6316.636236953144
2010-08-03,6315.9338970794
2010-08-04,6303.87925322522
2010-08-05,6280.003126353711
2010-08-06,6240.912683405128
2010-08-09,6332.319160594476
2010-08-10,6292.409225881082
2010-08-11,6138.85624210909
2010-08-12,6163.316985490641
2010-08-13,6174.201253379458
2010-08-16,6175.0207451442675
2010-08-17,6262.2137545637825
2010-08-18,6206.386592426929
2010-08-19,6099.180039705186
2010-08-20,6080.454024259384
2010-08-23,6126.683874891207
2010-08-24,6034.458477409688
2010-08-25,5979.918843129262
2010-08-26,6034.22417362756
2010-08-27,6087.827735724752
2010-08-31,6115.448722801838
2010-09-01,6280.705466227457
2010-09-02,6286.089309962652
2010-09-03,6353.03504377045
2010-09-06,6365.909179389439
2010-09-07,6329.158916898941
2010-09-08,6354.790607718494
2010-09-09,6430.279857484384
2010-09-10,6438.940525333539
2010-09-13,6513.727435225683
2010-09-14,6515.951035265344
2010-09-15,6502.14082746312
2010-09-16,6484.0
2010-09-17,6484.0
2010-09-20,6549.0
2010-09-21,6520.0
2010-09-22,6520.0
2010-09-23,6520.0
2010-09-24,6520.0
2010-09-27,6520.0
2010-09-28,6520.0
2010-09-29,6520.0
2010-09-30,6520.0
2010-10-01,6520.0
2010-10-04,6520.0
2010-10-05,6520.0
2010-10-06,6520.0
2010-10-07,6520.0
2010-10-08,6520.0
2010-10-11,6520.0
2010-10-12,6593.0
2010-10-13,6725.0
2010-10-14,6725.0
2010-10-15,6725.0
2010-10-18,6724.0
2010-10-19,6673.0
2010-10-20,6673.0
2010-10-21,6673.0
2010-10-22,6673.0
2010-10-25,6673.0
2010-10-26,6673.0
2010-10-27,6673.0
2010-10-28,6673.0
2010-10-29,6673.0
2010-11-01,6673.0
2010-11-02,6673.0
2010-11-03,6741.0
2010-11-04,6872.0
2010-11-05,6872.0
2010-11-08,6872.0
2010-11-09,6888.0
2010-11-10,6817.0
2010-11-11,6817.0
2010-11-12,6817.0
2010-11-15,6817.0
2010-11-16,6817.0
2010-11-17,6817.0
2010-11-18,6775.0
2010-11-19,6775.0
2010-11-22,6775.0
2010-11-23,6775.0
2010-11-24,6775.0
2010-11-25,6775.0
2010-11-26,6775.0
2010-11-29,6775.0
2010-11-30,6501.0
2010-12-01,6638.0
2010-12-02,6786.0
2010-12-03,6755.0
2010-12-06,6785.0
2010-12-07,6785.0
2010-12-08,6815.0
2010-12-09,6815.0
2010-12-10,6815.0
2010-12-13,6815.0
2010-12-14,6929.0
2010-12-15,6929.0
2010-12-16,6929.0
2010-12-17,6904.0
2010-12-20,6904.0
2010-12-21,6999.0
2010-12-22,7034.0
2010-12-23,7034.0
2010-12-24,7034.0
2010-12-29,7034.0
2010-12-30,7017.0
2010-12-31,6970.0
2011-01-04,7074.0
2011-01-05,7060.0
2011-01-06,7075.0
2011-01-07,7075.0
2011-01-10,7006.0
2011-01-11,7073.0
2011-01-12,7073.0
2011-01-13,7087.0
2011-01-14,7087.0
2011-01-17,7087.0
2011-01-18,7087.0
2011-01-19,7087.0
2011-01-20,7087.0
2011-01-21,6935.0
2011-01-24,6993.0
2011-01-25,6993.0
2011-01-26,7022.0
2011-01-27,7022.0
2011-01-28,7022.0
2011-01-31,6899.0
2011-02-01,6899.0
2011-02-02,6899.0
2011-02-03,7049.0
2011-02-04,7064.0
2011-02-07,7123.0
2011-02-08,7123.0
2011-02-09,7150.0
2011-02-10,7150.0
2011-02-11,7154.0
2011-02-14,7154.0
2011-02-15,7121.0
2011-02-16,7121.0
2011-02-17,7121.0
2011-02-18,7121.0
2011-02-21,7121.0
2011-02-22,7083.5
2011-02-23,7083.5
2011-02-24,7083.5
2011-02-25,7072.5
2011-02-28,7072.5
2011-03-01,7072.5
2011-03-02,7072.5
2011-03-03,7072.5
2011-03-04,7072.5
2011-03-07,7073.0
2011-03-08,7073.0
2011-03-09,7073.0
2011-03-10,6917.0
2011-03-11,6917.0
2011-03-14,6917.0
2011-03-15,6746.5
2011-03-16,6651.0
2011-03-17,6741.0
2011-03-18,6741.0
2011-03-21,6741.0
2011-03-22,6832.5
2011-03-23,6863.5
2011-03-24,6984.5
2011-03-25,6984.5
2011-03-28,6984.5
2011-03-29,7021.5
2011-03-30,7045.0
2011-03-31,7045.0
2011-04-01,7045.0
2011-04-04,7045.0
2011-04-05,7128.5
2011-04-06,7128.5
2011-04-07,7128.5
2011-04-08,7128.5
2011-04-11,7128.5
2011-04-12,7071.0
2011-04-13,7071.0
2011-04-14,7078.5
2011-04-15,7106.5
2011-04-18,7106.5
2011-04-19,7106.5
2011-04-20,7106.5
2011-04-21,7106.5
2011-04-26,7199.5
2011-04-27,7199.5
2011-04-28,7202.5
2011-04-29,7202.5
2011-05-03,7215.0
2011-05-04,7215.0
2011-05-05,7215.0
2011-05-06,7215.0
2011-05-09,7064.5
2011-05-10,7064.5
2011-05-11,7064.5
2011-05-12,7064.5
2011-05-13,7064.5
2011-05-16,7050.0
2011-05-17,6997.0
2011-05-18,7065.5
2011-05-19,7110.5
2011-05-20,7085.5
2011-05-23,6961.5
2011-05-24,6974.0
2011-05-25,6998.5
2011-05-26,7022.0
2011-05-27,7085.0
2011-05-31,7123.5
2011-06-01,7103.0
2011-06-02,6996.5
2011-06-03,6990.5
2011-06-06,7006.5
2011-06-07,7014.0
2011-06-08,6939.5
2011-06-09,6999.0
2011-06-10,6902.0
2011-06-13,6905.5
2011-06-14,6943.0
2011-06-15,6875.0
2011-06-16,6814.0
2011-06-17,6836.5
2011-06-20,6813.0
2011-06-21,6901.0
2011-06-22,6904.0
2011-06-23,6780.5
2011-06-24,6808.5
2011-06-27,6836.5
2011-06-28,6895.5
2011-06-29,7014.5
2011-06-30,7100.5
2011-07-01,7161.0
2011-07-04,7204.5
2011-07-05,7206.0
2011-07-06,7178.5
2011-07-07,7237.0
2011-07-08,7162.5
2011-07-11,7087.5
2011-07-12,7022.0
2011-07-13,7056.0
2011-07-14,6992.5
2011-07-15,6991.5
2011-07-18,6886.0
2011-07-19,6918.5
2011-07-20,6991.0
2011-07-21,7056.0
2011-07-22,7085.0
2011-07-25,7086.5
2011-07-26,7082.5
2011-07-27,7011.0
2011-07-28,7016.5
2011-07-29,6952.0
2011-08-01,6931.0
2011-08-02,6851.5
2011-08-03,6701.5
2011-08-04,6546.5
2011-08-05,6301.5
2011-08-08,6116.0
2011-08-09,6218.0
2011-08-10,6044.5
2011-08-11,6206.0
2011-08-12,6397.5
2011-08-15,6425.0
2011-08-16,6441.0
2011-08-17,6423.0
2011-08-18,6121.5
2011-08-19,6068.5
2011-08-22,6133.0
2011-08-23,6174.0
2011-08-24,6266.5
2011-08-25,6181.0
2011-08-26,6174.0
2011-08-30,6333.5
2011-08-31,6492.0
2011-09-01,6501.5
2011-09-02,6367.5
2011-09-05,6161.5
2011-09-06,6221.5
2011-09-07,6416.0
2011-09-08,6425.0
2011-09-09,6292.0
2011-09-12,6193.5
2011-09-13,6238.0
2011-09-14,6314.5
2011-09-15,6438.0
2011-09-16,6461.5
2011-09-19,6340.0
2011-09-20,6464.5
2011-09-21,6355.5
2011-09-22,6078.5
2011-09-23,6095.5
2011-09-26,6130.0
2011-09-27,6367.5
2011-09-28,6297.0
2011-09-29,6257.0
2011-09-30,6136.0
2011-10-03,6109.0
2011-10-04,5926.0
2011-10-05,6113.0
2011-10-06,6368.5
2011-10-07,6387.5
2011-10-10,6499.0
2011-10-11,6481.5
2011-10-12,6543.0
2011-10-13,6504.0
2011-10-14,6570.0
2011-10-17,6548.0
2011-10-18,6508.5
2011-10-19,6559.5
2011-10-20,6476.0
2011-10-21,6616.5
2011-10-24,6681.0
2011-10-25,6645.0
2011-10-26,6684.5
2011-10-27,6887.5
2011-10-28,6864.5
2011-10-31,6709.0
2011-11-01,6527.0
2011-11-02,6639.0
2011-11-03,6703.5
2011-11-04,6691.5
2011-11-07,6657.5
2011-11-08,6730.5
2011-11-09,6607.5
2011-11-10,6573.0
2011-11-11,6699.5
2011-11-14,6676.0
2011-11-15,6690.0
2011-11-16,6673.5
2011-11-17,6555.5
2011-11-18,6507.5
2011-11-21,6334.0
2011-11-22,6318.5
2011-11-23,6248.5
2011-11-24,6226.0
2011-11-25,6253.5
2011-11-28,6440.5
2011-11-29,6463.5
2011-11-30,6659.0
2011-12-01,6662.0
2011-12-02,6721.5
2011-12-05,6748.0
2011-12-06,6748.0
2011-12-07,6726.0
2011-12-08,6649.0
2011-12-09,6703.5
2011-12-12,6587.0
2011-12-13,6640.0
2011-12-14,6513.5
2011-12-15,6554.5
2011-12-16,6548.0
2011-12-19,6499.5
2011-12-20,6564.0
2011-12-21,6517.5
2011-12-22,6606.0
2011-12-23,6682.0
2011-12-28,6681.5
2011-12-29,6725.0
2011-12-30,6767.0
2012-01-03,6884.0
2012-01-04,6867.0
2012-01-05,6801.5
2012-01-06,6832.0
2012-01-09,6797.5
2012-01-10,6908.5
2012-01-11,6844.5
2012-01-12,6847.0
2012-01-13,6806.0
2012-01-16,6859.5
2012-01-17,6888.5
2012-01-18,6883.0
2012-01-19,6952.0
2012-01-20,6932.5
2012-01-23,7000.5
2012-01-24,6959.0
2012-01-25,6931.0
2012-01-26,7026.5
2012-01-27,6951.5
2012-01-30,6867.0
2012-01-31,6892.0
2012-02-01,7023.0
2012-02-02,7018.0
2012-02-03,7147.0
2012-02-06,7130.0
2012-02-07,7129.0
2012-02-08,7113.0
2012-02-09,7140.0
2012-02-10,7081.0
2012-02-13,7143.5
2012-02-14,7135.5
2012-02-15,7164.0
2012-02-16,7146.0
2012-02-17,7172.5
2012-02-20,7220.5
2012-02-21,7207.0
2012-02-22,7197.0
2012-02-23,7213.0
2012-02-24,7215.0
2012-02-27,7192.0
2012-02-28,7206.5
2012-02-29,7140.5
2012-03-01,7217.5
2012-03-02,7197.5
2012-03-05,7145.0
2012-03-06,7016.0
2012-03-07,7060.0
2012-03-08,7137.0
2012-03-09,7183.0
2012-03-12,7182.0
2012-03-13,7263.5
2012-03-14,7261.5
2012-03-15,7246.0
2012-03-16,7280.5
2012-03-19,7268.5
2012-03-20,7177.5
2012-03-21,7205.0
2012-03-22,7134.0
2012-03-23,7158.0
2012-03-26,7218.0
2012-03-27,7185.0
2012-03-28,7115.0
2012-03-29,7017.0
2012-03-30,7061.0
2012-04-02,7191.5
2012-04-03,7141.5
2012-04-04,6963.0
2012-04-05,7007.5
2012-04-10,6870.0
2012-04-11,6891.0
2012-04-12,6996.5
2012-04-13,6904.0
2012-04-16,6962.5
2012-04-17,7070.0
2012-04-18,7043.0
2012-04-19,7031.5
2012-04-20,7074.0
2012-04-23,6947.0
2012-04-24,7005.0
2012-04-25,7029.5
2012-04-26,7047.0
2012-04-27,7083.5
2012-04-30,7047.0
2012-05-01,7138.5
2012-05-02,7063.5
2012-05-03,7077.5
2012-05-04,6939.5
2012-05-08,6817.0
2012-05-09,6812.0
2012-05-10,6823.5
2012-05-11,6871.0
2012-05-14,6735.0
2012-05-15,6689.5
2012-05-16,6653.5
2012-05-17,6589.5
2012-05-18,6483.0
2012-05-21,6556.0
2012-05-22,6658.5
2012-05-23,6498.0
2012-05-24,6614.0
2012-05-25,6587.5
2012-05-29,6653.5
2012-05-30,6542.0
2012-05-31,6544.5
2012-06-01,6492.5
2012-06-06,6662.5
2012-06-07,6726.0
2012-06-08,6710.0
2012-06-11,6705.5
2012-06-12,6762.5
2012-06-13,6775.0
2012-06-14,6772.5
2012-06-15,6798.0
2012-06-18,6788.0
2012-06-19,6913.5
2012-06-20,6948.0
2012-06-21,6894.0
2012-06-22,6812.0
2012-06-25,6744.0
2012-06-26,6742.0
2012-06-27,6825.0
2012-06-28,6788.0
2012-06-29,6881.0
2012-07-02,6962.0
2012-07-03,7037.5
2012-07-04,7016.5
2012-07-05,7047.5
2012-07-06,6998.5
2012-07-09,6958.5
2012-07-10,7013.0
2012-07-11,6992.0
2012-07-12,6939.5
2012-07-13,6995.5
2012-07-16,7006.5
2012-07-17,6955.0
2012-07-18,7023.0
2012-07-19,7060.0
2012-07-20,6993.0
2012-07-23,6842.0
2012-07-24,6811.0
2012-07-25,6796.0
2012-07-26,6891.5
2012-07-27,6960.5
2012-07-30,7044.5
2012-07-31,6991.0
2012-08-01,7068.5
2012-08-02,7014.0
2012-08-03,7159.5
2012-08-06,7191.5
2012-08-07,7223.5
2012-08-08,7251.0
2012-08-09,7259.0
2012-08-10,7272.0
2012-08-13,7238.0
2012-08-14,7277.0
2012-08-15,7260.5
2012-08-16,7255.0
2012-08-17,7281.5
2012-08-20,7247.5
2012-08-21,7302.0
2012-08-22,7191.0
2012-08-23,7199.5
2012-08-24,7190.0
2012-08-28,7181.5
2012-08-29,7151.5
2012-08-30,7129.0
2012-08-31,7100.5
2012-09-03,7158.5
2012-09-04,7061.0
2012-09-05,7054.5
2012-09-06,7194.0
2012-09-07,7214.5
2012-09-10,7224.0
2012-09-11,7218.5
2012-09-12,7204.5
2012-09-13,7255.0
2012-09-14,7361.0
2012-09-17,7339.0
2012-09-18,7337.0
2012-09-19,7350.0
2012-09-20,7298.5
2012-09-21,7308.0
2012-09-24,7283.5
2012-09-25,7312.0
2012-09-26,7197.5
2012-09-27,7211.5
2012-09-28,7157.5
2012-10-01,7259.0
2012-10-02,7236.0
2012-10-03,7262.0
2012-10-04,7261.5
2012-10-05,7315.0
2012-10-08,7286.0
2012-10-09,7238.5
2012-10-10,7217.0
2012-10-11,7275.0
2012-10-12,7229.0
2012-10-15,7240.0
2012-10-16,7332.0
2012-10-17,7368.0
2012-10-18,7385.0
2012-10-19,7352.0
2012-10-22,7329.5
2012-10-23,7229.5
2012-10-24,7261.0
2012-10-25,7241.5
2012-10-26,7252.0
2012-10-29,7234.0
2012-10-30,7287.0
2012-10-31,7221.0
2012-11-01,7313.0
2012-11-02,7317.0
2012-11-05,7292.0
2012-11-06,7338.0
2012-11-07,7237.0
2012-11-08,7218.5
2012-11-09,7217.5
2012-11-12,7214.5
2012-11-13,7228.0
2012-11-14,7184.5
2012-11-15,7096.5
2012-11-16,7017.5
2012-11-19,7180.5
2012-11-20,7197.5
2012-11-21,7207.5
2012-11-22,7264.0
2012-11-23,7291.0
2012-11-26,7241.0
2012-11-27,7266.0
2012-11-28,7275.5
2012-11-29,7360.0
2012-11-30,7359.5
2012-12-03,7362.5
2012-12-04,7350.0
2012-12-05,7371.0
2012-12-06,7402.0
2012-12-07,7411.0
2012-12-10,7420.0
2012-12-11,7429.5
2012-12-12,7456.0
2012-12-13,7418.0
2012-12-14,7427.0
2012-12-17,7398.0
2012-12-18,7453.0
2012-12-19,7472.0
2012-12-20,7473.0
2012-12-21,7439.0
2012-12-24,7459.0
2012-12-27,7463.0
2012-12-28,7427.0
2012-12-31,7379.0
2013-01-02,7557.5
2013-01-03,7572.5
2013-01-04,7619.5
2013-01-07,7600.5
2013-01-08,7592.5
2013-01-09,7645.5
2013-01-10,7642.5
2013-01-11,7663.5
2013-01-14,7665.5
2013-01-15,7658.5
2013-01-16,7655.5
2013-01-17,7684.5
2013-01-18,7725.5
2013-01-21,7747.0
2013-01-22,7752.5
2013-01-23,7730.0
2013-01-24,7823.5
2013-01-25,7834.5
2013-01-28,7871.5
2013-01-29,7927.5
2013-01-30,7896.5
2013-01-31,7869.0
2013-02-01,7925.0
2013-02-04,7791.0
2013-02-05,7842.0
2013-02-06,7862.0
2013-02-07,7791.0
2013-02-08,7819.0
2013-02-11,7839.0
2013-02-12,7914.0
2013-02-13,7967.0
2013-02-14,7932.0
2013-02-15,7931.0
2013-02-18,7917.5
2013-02-19,7998.0
2013-02-20,8011.0
2013-02-21,7886.5
2013-02-22,7943.0
2013-02-25,7972.5
2013-02-26,7861.0
2013-02-27,7942.0
2013-02-28,7991.0
2013-03-01,7998.0
2013-03-04,7953.5
2013-03-05,8064.5
2013-03-06,8055.0
2013-03-07,8055.0
2013-03-08,8055.0
2013-03-11,8158.5
2013-03-12,8170.5
2013-03-13,8140.5
2013-03-14,8211.5
2013-03-15,8211.5
2013-03-18,8211.5
2013-03-19,8211.5
2013-03-20,8211.5
2013-03-21,8041.5
2013-03-22,8057.5
2013-03-25,8047.5
2013-03-26,8065.0
2013-03-27,8046.5
2013-03-28,8046.5
2013-04-02,8180.0
2013-04-03,8097.5
2013-04-04,8004.5
2013-04-05,7882.0
2013-04-08,7909.5
2013-04-09,7956.0
2013-04-10,8058.5
2013-04-11,8085.0
2013-04-12,8045.0
2013-04-15,7992.5
2013-04-16,7949.5
2013-04-17,7871.0
2013-04-18,7871.0
2013-04-19,7928.5
2013-04-22,7913.0
2013-04-23,8075.0
2013-04-24,8128.5
2013-04-25,8122.0
2013-04-26,8108.5
2013-04-29,8154.5
2013-04-30,8114.0
2013-05-01,8139.0
2013-05-02,8173.0
2013-05-03,8231.5
2013-05-07,8278.0
2013-05-08,8337.0
2013-05-09,8344.0
2013-05-10,8375.0
2013-05-13,8385.0
2013-05-14,8448.0
2013-05-15,8481.5
2013-05-16,8465.5
2013-05-17,8506.5
2013-05-20,8552.0
2013-05-21,8596.5
2013-05-22,8666.5
2013-05-23,8502.0
2013-05-24,8433.0
2013-05-28,8590.0
2013-05-29,8409.5
2013-05-30,8435.0
2013-05-31,8357.0
2013-06-03,8274.5
2013-06-04,8317.5
2013-06-05,8154.0
2013-06-06,8047.0
2013-06-07,8132.5
2013-06-10,8116.5
2013-06-11,8051.0
2013-06-12,8027.0
2013-06-13,8022.0
2013-06-14,8023.0
2013-06-17,8042.0
2013-06-18,8098.0
2013-06-19,8078.0
2013-06-20,7854.0
2013-06-21,7791.0
2013-06-24,7662.5
2013-06-25,7747.0
2013-06-26,7840.0
2013-06-27,7946.0
2013-06-28,7894.5
2013-07-01,8013.5
2013-07-02,8016.5
2013-07-03,7930.0
2013-07-04,8173.0
2013-07-05,8134.0
2013-07-08,8207.0
2013-07-09,8297.0
2013-07-10,8262.0
2013-07-11,8337.5
2013-07-12,8328.0
2013-07-15,8371.5
2013-07-16,8348.0
2013-07-17,8360.0
2013-07-18,8436.0
2013-07-19,8438.0
2013-07-22,8438.0
2013-07-23,8411.5
2013-07-24,8422.0
2013-07-25,8379.5
2013-07-26,8342.5
2013-07-29,8338.0
2013-07-30,8356.5
2013-07-31,8406.5
2013-08-01,8507.5
2013-08-02,8463.5
2013-08-05,8420.5
2013-08-06,8399.5
2013-08-07,8310.0
2013-08-08,8313.5
2013-08-09,8393.0
2013-08-12,8382.0
2013-08-13,8432.5
2013-08-14,8442.0
2013-08-15,8294.0
2013-08-16,8299.0
2013-08-19,8289.5
2013-08-20,8265.0
2013-08-21,8203.5
2013-08-22,8262.5
2013-08-23,8335.0
2013-08-27,8274.0
2013-08-28,8255.5
2013-08-29,8353.0
2013-08-30,8243.0
2013-09-02,8334.0
2013-09-03,8302.5
2013-09-04,8321.0
2013-09-05,8380.5
2013-09-06,8408.0
2013-09-09,8393.0
2013-09-10,8475.5
2013-09-11,8446.0
2013-09-12,8464.5
2013-09-13,8461.0
2013-09-16,8528.0
2013-09-17,8474.5
2013-09-18,8435.0
2013-09-19,8528.0
2013-09-20,8491.0
2013-09-23,8437.5
2013-09-24,8462.5
2013-09-25,8455.5
2013-09-26,8455.5
2013-09-27,8391.0
2013-09-30,8349.5
2013-10-01,8316.5
2013-10-02,8295.0
2013-10-03,8304.5
2013-10-04,8324.5
2013-10-07,8295.5
2013-10-08,8220.0
2013-10-09,8165.5
2013-10-10,8294.5
2013-10-11,8368.5
2013-10-14,8393.0
2013-10-15,8448.0
2013-10-16,8469.5
2013-10-17,8478.0
2013-10-18,8544.0
2013-10-21,8583.0
2013-10-22,8639.0
2013-10-23,8601.5
2013-10-24,8668.0
2013-10-25,8677.0
2013-10-28,8690.5
2013-10-29,8750.5
2013-10-30,8748.0
2013-10-31,8691.5
2013-11-01,8681.0
2013-11-04,8734.0
2013-11-05,8702.0
2013-11-06,8715.5
2013-11-07,8653.0
2013-11-08,8658.5
2013-11-11,8702.0
2013-11-12,8686.5
2013-11-13,8589.5
2013-11-14,8639.0
2013-11-15,8659.5
2013-11-18,8695.0
2013-11-19,8664.5
2013-11-20,8655.5
2013-11-21,8662.0
2013-11-22,8638.0
2013-11-25,8678.0
2013-11-26,8589.5
2013-11-27,8612.0
2013-11-28,8620.0
2013-11-29,8620.5
2013-12-02,8544.0
2013-12-03,8463.0
2013-12-04,8408.0
2013-12-05,8396.0
2013-12-06,8454.5
2013-12-09,8482.0
2013-12-10,8439.5
2013-12-11,8434.5
2013-12-12,8340.0
2013-12-13,8348.0
2013-12-16,8453.0
2013-12-17,8418.0
2013-12-18,8419.0
2013-12-19,8519.0
2013-12-20,8540.0
2013-12-23,8652.0
2013-12-24,8676.0
2013-12-27,8754.5
2013-12-30,8741.0
2013-12-31,8746.5
2014-01-02,8710.5
2014-01-03,8716.0
2014-01-06,8721.5
2014-01-07,8751.0
2014-01-08,8709.0
2014-01-09,8662.0
2014-01-10,8733.5
2014-01-13,8753.0
2014-01-14,8771.5
2014-01-15,8835.0
2014-01-16,8841.0
2014-01-17,8844.5
2014-01-20,8845.5
2014-01-21,8822.5
2014-01-22,8828.5
2014-01-23,8757.5
2014-01-24,8602.0
2014-01-27,8473.0
2014-01-28,8497.0
2014-01-29,8455.5
2014-01-30,8451.5
2014-01-31,8415.5
2014-02-03,8353.0
2014-02-04,8386.0
2014-02-05,8355.5
2014-02-06,8471.5
2014-02-07,8485.0
2014-02-10,8513.0
2014-02-11,8618.5
2014-02-12,8638.5
2014-02-13,8657.5
2014-02-14,8657.0
2014-02-17,8746.0
2014-02-18,8839.5
2014-02-19,8834.5
2014-02-20,8834.0
2014-02-21,8881.5
2014-02-24,8908.5
2014-02-25,8886.5
2014-02-26,8851.5
2014-02-27,8851.5
2014-02-28,8832.5
2014-03-03,8711.5
2014-03-04,8867.5
2014-03-05,8808.0
2014-03-06,8828.5
2014-03-07,8742.0
2014-03-10,8690.5
2014-03-11,8718.0
2014-03-12,8646.5
2014-03-13,8554.0
2014-03-14,8512.0
2014-03-17,8571.0
2014-03-18,8613.0
2014-03-19,8579.0
2014-03-20,8544.0
2014-03-21,8557.5
2014-03-24,8493.0
2014-03-25,8599.0
2014-03-26,8646.0
2014-03-27,8592.0
2014-03-28,8633.0
2014-03-31,8598.0
2014-04-01,8658.0
2014-04-02,8684.5
2014-04-03,8712.0
2014-04-04,8718.5
2014-04-07,8685.0
2014-04-08,8593.0
2014-04-09,8642.0
2014-04-10,8650.0
2014-04-11,8548.5
2014-04-14,8570.5
2014-04-15,8525.5
2014-04-16,8590.0
2014-04-17,8640.5
2014-04-22,8780.0
2014-04-23,8714.0
2014-04-24,8739.5
2014-04-25,8718.5
2014-04-28,8739.5
2014-04-29,8823.5
2014-04-30,8866.0
2014-05-01,8900.0
2014-05-02,8886.0
2014-05-06,8882.5
2014-05-07,8893.5
2014-05-08,8939.5
2014-05-09,8922.0
2014-05-12,8963.5
2014-05-13,8993.5
2014-05-14,9020.5
2014-05-15,8966.5
2014-05-16,8989.5
2014-05-19,8985.0
2014-05-20,8924.0
2014-05-21,8948.5
2014-05-22,8960.0
2014-05-23,8937.5
2014-05-27,8979.0
2014-05-28,8988.5
2014-05-29,9038.0
2014-05-30,8977.5
2014-06-02,9028.0
2014-06-03,8965.0
2014-06-04,8964.0
2014-06-05,8937.0
2014-06-06,9007.0
2014-06-09,9032.0
2014-06-10,9042.0
2014-06-11,9016.0
2014-06-12,9026.0
2014-06-13,8949.0
2014-06-16,8910.5
2014-06-17,8928.5
2014-06-18,8949.0
2014-06-19,8990.0
2014-06-20,9010.0
2014-06-23,8973.0
2014-06-24,8959.0
2014-06-25,8900.0
2014-06-26,8870.5
2014-06-27,8924.5
2014-06-30,8919.5
2014-07-01,8972.5
2014-07-02,8992.0
2014-07-03,9060.5
2014-07-04,9057.5
2014-07-07,9003.5
2014-07-08,8870.0
2014-07-09,8864.5
2014-07-10,8802.5
2014-07-11,8811.0
2014-07-14,8906.0
2014-07-15,8868.5
2014-07-16,8967.0
2014-07-17,8888.5
2014-07-18,8901.5
2014-07-21,8889.5
2014-07-22,8977.5
2014-07-23,8985.0
2014-07-24,9013.0
2014-07-25,8976.0
2014-07-28,8971.0
2014-07-29,8995.0
2014-07-30,8954.0
2014-07-31,8893.0
2014-08-01,8816.5
2014-08-04,8829.0
2014-08-05,8835.5
2014-08-06,8786.5
2014-08-07,8741.0
2014-08-08,8710.0
2014-08-11,8789.5
2014-08-12,8782.0
2014-08-13,8850.5
2014-08-14,8880.5
2014-08-15,8880.0
2014-08-18,8967.5
2014-08-19,9009.5
2014-08-20,8986.0
2014-08-21,9011.5
2014-08-22,9012.0
2014-08-26,9086.0
2014-08-27,9087.0
2014-08-28,9052.0
2014-08-29,9056.0
2014-09-01,9078.5
2014-09-02,9082.5
2014-09-03,9153.0
2014-09-04,9157.5
2014-09-05,9128.5
2014-09-08,9098.5
2014-09-09,9097.0
2014-09-10,9106.5
2014-09-11,9054.0
2014-09-12,9065.0
2014-09-15,9057.5
2014-09-16,9039.0
2014-09-17,9044.5
2014-09-18,9080.5
2014-09-19,9112.5
2014-09-22,9022.0
2014-09-23,8893.5
2014-09-24,8929.0
2014-09-25,8842.5
2014-09-26,8864.5
2014-09-29,8853.5
2014-09-30,8834.5
2014-10-01,8744.0
2014-10-02,8605.0
2014-10-03,8696.5
2014-10-06,8734.5
2014-10-07,8666.5
2014-10-08,8649.5
2014-10-09,8578.5
2014-10-10,8455.5
2014-10-13,8482.0
2014-10-14,8532.5
2014-10-15,8284.5
2014-10-16,8285.0
2014-10-17,8407.0
2014-10-20,8355.0
2014-10-21,8497.0
2014-10-22,8528.0
2014-10-23,8564.0
2014-10-24,8522.0
2014-10-27,8517.0
2014-10-28,8546.0
2014-10-29,8604.0
2014-10-30,8617.0
2014-10-31,8710.5
2014-11-03,8650.5
2014-11-04,8614.5
2014-11-05,8716.5
2014-11-06,8756.5
2014-11-07,8780.5
2014-11-10,8831.5
2014-11-11,8849.0
2014-11-12,8824.5
2014-11-13,8884.5
2014-11-14,8894.0
2014-11-17,8919.0
2014-11-18,8970.5
2014-11-19,8958.0
2014-11-20,8939.5
2014-11-21,9040.5
2014-11-24,9010.0
2014-11-25,8982.5
2014-11-26,9014.0
2014-11-27,8994.0
2014-11-28,9003.0
2014-12-01,8913.0
2014-12-02,9012.0
2014-12-03,9005.5
2014-12-04,8945.0
2014-12-05,9025.0
2014-12-08,8951.0
2014-12-09,8749.5
2014-12-10,8708.5
2014-12-11,8673.5
2014-12-12,8427.5
2014-12-15,8282.5
2014-12-16,8462.0
2014-12-17,8503.5
2014-12-18,8643.5
2014-12-19,8781.5
2014-12-22,8803.5
2014-12-23,8840.0
2014-12-24,8859.5
2014-12-29,8881.5
2014-12-30,8760.5
2014-12-31,8806.5
2015-01-02,8752.5
2015-01-05,8570.5
2015-01-06,8527.5
2015-01-07,8586.5
2015-01-08,8802.5
2015-01-09,8681.5
2015-01-12,8711.0
2015-01-13,8766.5
2015-01-14,8548.5
2015-01-15,8679.0
2015-01-16,8785.0
2015-01-19,8819.5
2015-01-20,8860.5
2015-01-21,9004.5
2015-01-22,9111.0
2015-01-23,9152.0
2015-01-26,9191.5
2015-01-27,9142.0
2015-01-28,9128.0
2015-01-29,9126.0
2015-01-30,9062.0
2015-02-02,9080.0
2015-02-03,9204.0
2015-02-04,9184.5
2015-02-05,9194.5
2015-02-06,9177.0
2015-02-09,9175.0
2015-02-10,9150.0
2015-02-11,9136.0
2015-02-12,9160.0
2015-02-13,9238.0
2015-02-16,9202.5
2015-02-17,9259.0
2015-02-18,9263.0
2015-02-19,9278.0
2015-02-20,9303.0
2015-02-23,9295.0
2015-02-24,9360.5
2015-02-25,9325.0
2015-02-26,9340.0
2015-02-27,9354.0
2015-03-02,9337.0
2015-03-03,9292.0
2015-03-04,9307.0
2015-03-05,9390.0
2015-03-06,9329.5
2015-03-09,9295.0
2015-03-10,9035.0
2015-03-11,9067.5
2015-03-12,9143.5
2015-03-13,9110.0
2015-03-16,9190.5
2015-03-17,9236.5
2015-03-18,9388.5
2015-03-19,9420.0
2015-03-20,9476.0
2015-03-23,9478.0
2015-03-24,9489.5
2015-03-25,9447.0
2015-03-26,9318.5
2015-03-27,9263.5
2015-03-30,9323.0
2015-03-31,9167.0
2015-04-01,9205.0
2015-04-02,9220.0
2015-04-07,9405.0
2015-04-08,9376.5
2015-04-09,9483.0
2015-04-10,9602.0
2015-04-13,9547.0
2015-04-14,9564.0
2015-04-15,9600.5
2015-04-16,9558.0
2015-04-17,9455.5
2015-04-20,9540.0
2015-04-21,9554.0
2015-04-22,9500.5
2015-04-23,9535.0
2015-04-24,9563.5
2015-04-27,9589.5
2015-04-28,9487.0
2015-04-29,9402.5
2015-04-30,9433.0
2015-05-01,9448.0
2015-05-05,9407.0
2015-05-06,9389.5
2015-05-07,9348.5
2015-05-08,9545.0
2015-05-11,9519.0
2015-05-12,9393.5
2015-05-13,9408.5
2015-05-14,9472.5
2015-05-15,9457.0
2015-05-18,9469.0
2015-05-19,9504.5
2015-05-20,9522.5
2015-05-21,9563.5
2015-05-22,9577.0
2015-05-26,9455.0
2015-05-27,9580.0
2015-05-28,9578.0
2015-05-29,9477.0
2015-06-01,9449.0
2015-06-02,9427.0
2015-06-03,9466.0
2015-06-04,9359.5
2015-06-05,9275.0
2015-06-08,9272.0
2015-06-09,9198.0
2015-06-10,9300.0
2015-06-11,9339.5
2015-06-12,9255.0
2015-06-15,9152.5
2015-06-16,9147.5
2015-06-17,9082.0
2015-06-18,9143.5
2015-06-19,9168.0
2015-06-22,9303.5
2015-06-23,9331.5
2015-06-24,9340.5
2015-06-25,9288.0
2015-06-26,9216.0
2015-06-29,9050.0
2015-06-30,8927.0
2015-07-01,8997.0
2015-07-02,9073.0
2015-07-03,8989.0
2015-07-06,8895.0
2015-07-07,8784.0
2015-07-08,8833.0
2015-07-09,9012.0
2015-07-10,9090.0
2015-07-13,9221.0
2015-07-14,9218.5
2015-07-15,9231.0
2015-07-16,9264.0
2015-07-17,9242.0
2015-07-20,9226.0
2015-07-21,9238.5
2015-07-22,9105.5
2015-07-23,9091.0
2015-07-24,8995.0
2015-07-27,8908.0
2015-07-28,8968.0
2015-07-29,9064.0
2015-07-30,9133.0
2015-07-31,9170.5
2015-08-03,9144.0
2015-08-04,9142.0
2015-08-05,9230.5
2015-08-06,9236.5
2015-08-07,9256.5
2015-08-10,9212.5
2015-08-11,9125.5
2015-08-12,8984.0
2015-08-13,9037.5
2015-08-14,9030.0
2015-08-17,9025.0
2015-08-18,8994.0
2015-08-19,8822.0
2015-08-20,8771.0
2015-08-21,8668.0
2015-08-24,8089.0
2015-08-25,8347.5
2015-08-26,8116.0
2015-08-27,8646.0
2015-08-28,8486.0
2015-09-01,8328.5
2015-09-02,8383.5
2015-09-03,8524.0
2015-09-04,8391.5
2015-09-07,8381.5
2015-09-08,8482.5
2015-09-09,8613.0
2015-09-10,8492.5
2015-09-11,8447.5
2015-09-14,8415.0
2015-09-15,8484.5
2015-09-16,8606.5
2015-09-17,8549.0
2015-09-18,8445.5
2015-09-21,8436.5
2015-09-22,8199.0
2015-09-23,8317.5
2015-09-24,8092.0
2015-09-25,8439.0
2015-09-28,8232.0
2015-09-29,8184.0
2015-09-30,8351.0
2015-10-01,8513.0
2015-10-02,8453.5
2015-10-05,8675.0
2015-10-06,8739.5
2015-10-07,8729.5
2015-10-08,8785.0
2015-10-09,8860.0
2015-10-12,8793.0
2015-10-13,8743.5
2015-10-14,8661.5
2015-10-15,8752.5
2015-10-16,8801.0
2015-10-19,8758.0
2015-10-20,8760.0
2015-10-21,8747.5
2015-10-22,8803.0
2015-10-23,8889.0
2015-10-26,8859.5
2015-10-27,8786.5
2015-10-28,8875.0
2015-10-29,8803.0
2015-10-30,8749.0
2015-11-02,8765.0
2015-11-03,8783.0
2015-11-04,8836.5
2015-11-05,8776.5
2015-11-06,8763.5
2015-11-09,8675.5
2015-11-10,8650.5
2015-11-11,8688.0
2015-11-12,8554.0
2015-11-13,8448.0
2015-11-16,8478.0
2015-11-17,8648.5
2015-11-18,8682.5
2015-11-19,8765.5
2015-11-20,8763.0
2015-11-23,8730.0
2015-11-24,8679.5
2015-11-25,8761.5
2015-11-26,8844.5
2015-11-27,8811.5
2015-11-30,8783.5
2015-12-01,8847.0
2015-12-02,8885.0
2015-12-03,8698.0
2015-12-04,8610.0
2015-12-07,8612.0
2015-12-08,8497.0
2015-12-09,8486.0
2015-12-10,8430.0
2015-12-11,8257.0
2015-12-14,8133.5
2015-12-15,8335.0
2015-12-16,8386.0
2015-12-17,8467.5
2015-12-18,8365.0
2015-12-21,8377.0
2015-12-22,8416.0
2015-12-23,8641.5
2015-12-24,8672.0
2015-12-29,8717.0
2015-12-30,8694.0
2015-12-31,8650.5
2016-01-04,8413.0
2016-01-05,8472.0
2016-01-06,8395.0
2016-01-07,8237.5
2016-01-08,8209.0
2016-01-11,8145.5
2016-01-12,8207.0
2016-01-13,8236.0
2016-01-14,8216.0
2016-01-15,8018.5
2016-01-18,8016.0
2016-01-19,8143.0
2016-01-20,7859.5
2016-01-21,8008.5
2016-01-22,8212.0
2016-01-25,8165.0
2016-01-26,8220.5
2016-01-27,8291.0
2016-01-28,8233.5
2016-01-29,8417.0
2016-02-01,8447.0
2016-02-02,8159.5
2016-02-03,8114.5
2016-02-04,8209.0
2016-02-05,8135.0
2016-02-08,7911.0
2016-02-09,7815.0
2016-02-10,7879.5
2016-02-11,7721.0
2016-02-12,7948.0
2016-02-15,8113.0
2016-02-16,8148.5
2016-02-17,8383.0
2016-02-18,8354.0
2016-02-19,8301.0
2016-02-22,8436.0
2016-02-23,8326.0
2016-02-24,8181.5
2016-02-25,8405.0
2016-02-26,8514.5
2016-02-29,8503.0
2016-03-01,8591.5
2016-03-02,8589.5
2016-03-03,8572.5
2016-03-04,8673.0
2016-03-07,8648.0
2016-03-08,8575.5
2016-03-09,8609.5
2016-03-10,8474.5
2016-03-11,8583.5
2016-03-14,8629.0
2016-03-15,8585.5
2016-03-16,8635.0
2016-03-17,8661.0
2016-03-18,8642.0
2016-03-21,8654.5
2016-03-22,8659.0
2016-03-23,8670.0
2016-03-24,8569.5
2016-03-29,8541.0
2016-03-30,8691.5
2016-03-31,8645.5
2016-04-01,8607.0
2016-04-04,8627.0
2016-04-05,8534.5
2016-04-06,8624.5
2016-04-07,8592.5
2016-04-08,8692.5
2016-04-11,8702.0
2016-04-12,8745.0
2016-04-13,8905.5
2016-04-14,8922.0
2016-04-15,8892.5
2016-04-18,8905.5
2016-04-19,8976.5
2016-04-20,8987.0
2016-04-21,8939.0
2016-04-22,8834.0
2016-04-25,8775.5
2016-04-26,8821.5
2016-04-27,8862.0
2016-04-28,8864.0
2016-04-29,8781.5
2016-05-03,8696.0
2016-05-04,8577.5
2016-05-05,8591.0
2016-05-06,8616.0
2016-05-09,8594.0
2016-05-10,8672.0
2016-05-11,8675.5
2016-05-12,8586.5
2016-05-13,8618.0
2016-05-16,8665.5
2016-05-17,8670.0
2016-05-18,8680.0
2016-05-19,8555.5
2016-05-20,8682.0
2016-05-23,8677.5
2016-05-24,8785.5
2016-05-25,8849.5
2016-05-26,8844.0
2016-05-27,8843.5
2016-05-31,8792.5
2016-06-01,8719.5
2016-06-02,8739.0
2016-06-03,8764.5
2016-06-06,8873.5
2016-06-07,8865.0
2016-06-08,8899.0
2016-06-09,8811.0
2016-06-10,8657.5
2016-06-13,8567.5
2016-06-14,8373.5
2016-06-15,8458.5
2016-06-16,8437.0
2016-06-17,8512.0
2016-06-20,8790.5
2016-06-21,8851.0
2016-06-22,8935.5
2016-06-23,8977.0
2016-06-24,8737.0
2016-06-27,8475.5
2016-06-28,8716.0
2016-06-29,8987.5
2016-06-30,9196.5
2016-07-01,9333.0
2016-07-04,9247.0
2016-07-05,9277.5
2016-07-06,9156.0
2016-07-07,9262.5
2016-07-08,9347.5
2016-07-11,9471.0
2016-07-12,9454.0
2016-07-13,9485.5
2016-07-14,9439.0
2016-07-15,9440.5
2016-07-18,9490.5
2016-07-19,9474.0
2016-07-20,9534.0
2016-07-21,9499.0
2016-07-22,9523.5
2016-07-25,9492.0
2016-07-26,9525.0
2016-07-27,9552.5
2016-07-28,9531.0
2016-07-29,9518.0
2016-08-01,9484.0
2016-08-02,9407.0
2016-08-03,9393.0
2016-08-04,9547.5
2016-08-05,9621.0
2016-08-08,9653.5
2016-08-09,9714.5
2016-08-10,9724.5
2016-08-11,9836.5
2016-08-12,9876.5
2016-08-15,9920.5
2016-08-16,9850.5
2016-08-17,9786.0
2016-08-18,9804.5
2016-08-19,9795.5
2016-08-22,9736.0
2016-08-23,9819.5
2016-08-24,9756.5
2016-08-25,9738.5
2016-08-26,9773.0
2016-08-30,9755.5
2016-08-31,9696.5
2016-09-01,9635.0
2016-09-02,9898.0
2016-09-05,9838.0
2016-09-06,9746.5
2016-09-07,9775.0
2016-09-08,9803.0
2016-09-09,9685.5
2016-09-12,9580.5
2016-09-13,9528.0
2016-09-14,9559.0
2016-09-15,9623.5
2016-09-16,9580.0
2016-09-19,9748.5
2016-09-20,9788.5
2016-09-21,9795.0
2016-09-22,9886.0
2016-09-23,9886.5
2016-09-26,9765.0
2016-09-27,9735.0
2016-09-28,9802.0
2016-09-29,9897.0
2016-09-30,9886.0
2016-10-03,10002.0
2016-10-04,10184.0
2016-10-05,10065.5
2016-10-06,10044.0
2016-10-07,10089.0
2016-10-10,10154.5
2016-10-11,10100.5
2016-10-12,10041.0
2016-10-13,9989.5
2016-10-14,10030.0
2016-10-17,9923.5
2016-10-18,10001.5
2016-10-19,10039.0
2016-10-20,10048.0
2016-10-21,10052.0
2016-10-24,10021.5
2016-10-25,10046.0
2016-10-26,9966.0
2016-10-27,10006.0
2016-10-28,10035.0
2016-10-31,9966.5
2016-11-01,9910.0
2016-11-02,9821.5
2016-11-03,9731.0
2016-11-04,9591.5
2016-11-07,9744.0
2016-11-08,9824.0
2016-11-09,9909.5
2016-11-10,9830.5
2016-11-11,9652.5
2016-11-14,9702.0
2016-11-15,9760.0
2016-11-16,9708.0
2016-11-17,9758.5
2016-11-18,9742.0
2016-11-21,9730.5
2016-11-22,9790.0
2016-11-23,9811.0
2016-11-24,9820.0
2016-11-25,9833.0
2016-11-28,9765.0
2016-11-29,9745.5
2016-11-30,9741.0
2016-12-01,9711.0
2016-12-02,9696.5
2016-12-05,9740.5
2016-12-06,9776.0
2016-12-07,9932.5
2016-12-08,9979.5
2016-12-09,10005.0
2016-12-12,9897.0
2016-12-13,10064.0
2016-12-14,10047.5
2016-12-15,10082.0
2016-12-16,10057.5
2016-12-19,10089.5
2016-12-20,10137.5
2016-12-21,10123.0
2016-12-22,10149.5
2016-12-23,10198.5
2016-12-28,10250.5
2016-12-29,10260.5
2016-12-30,10273.0
2017-01-03,10361.5
2017-01-04,10366.0
2017-01-05,10360.0
2017-01-06,10390.5
2017-01-09,10439.0
2017-01-10,10503.0
2017-01-11,10511.5
2017-01-12,10516.5
2017-01-13,10578.5
2017-01-16,10578.0
2017-01-17,10439.0
2017-01-18,10472.0
2017-01-19,10411.5
2017-01-20,10393.5
2017-01-23,10322.0
2017-01-24,10318.0
2017-01-25,10367.5
2017-01-26,10344.5
2017-01-27,10384.5
2017-01-30,10274.5
2017-01-31,10282.0
2017-02-01,10257.5
2017-02-02,10314.5
2017-02-03,10398.5
2017-02-06,10372.0
2017-02-07,10371.5
2017-02-08,10401.0
2017-02-09,10455.5
2017-02-10,10486.0
2017-02-13,10539.0
2017-02-14,10515.5
2017-02-15,10575.5
2017-02-16,10547.5
2017-02-17,10581.0
2017-02-20,10599.0
2017-02-21,10567.0
2017-02-22,10606.0
2017-02-23,10573.5
2017-02-24,10567.0
2017-02-27,10577.5
2017-02-28,10608.5
2017-03-01,10750.5
2017-03-02,10745.0
2017-03-03,10733.5
2017-03-06,10708.5
2017-03-07,10701.0
2017-03-08,10710.0
2017-03-09,10672.0
2017-03-10,10722.0
2017-03-13,10755.0
2017-03-14,10705.0
2017-03-15,10737.5
2017-03-16,10835.0
2017-03-17,10830.5
2017-03-20,10834.0
2017-03-21,10758.0
2017-03-22,10664.0
2017-03-23,10697.0
2017-03-24,10691.0
2017-03-27,10626.5
2017-03-28,10709.5
2017-03-29,10739.5
2017-03-30,10755.0
2017-03-31,10708.0
2017-04-03,10653.0
2017-04-04,10683.5
2017-04-05,10711.5
2017-04-06,10686.5
2017-04-07,10743.0
2017-04-10,10755.0
2017-04-11,10786.0
2017-04-12,10752.5
2017-04-13,10710.5
2017-04-18,10469.5
2017-04-19,10410.0
2017-04-20,10406.0
2017-04-21,10408.0
2017-04-24,10624.5
2017-04-25,10632.0
2017-04-26,10673.0
2017-04-27,10580.5
2017-04-28,10554.0
2017-05-02,10605.5
2017-05-03,10571.0
2017-05-04,10607.5
2017-05-05,10665.0
2017-05-08,10666.5
2017-05-09,10746.5
2017-05-10,10811.0
2017-05-11,10830.0
2017-05-12,10889.0
2017-05-15,10924.5
2017-05-16,11029.5
2017-05-17,10996.0
2017-05-18,10929.0
2017-05-19,10969.5
2017-05-22,11017.0
2017-05-23,11022.0
2017-05-24,11047.5
2017-05-25,11054.0
2017-05-26,11108.5
2017-05-30,11066.5
2017-05-31,11068.0
2017-06-01,11121.0
2017-06-02,11113.5
2017-06-05,11089.0
2017-06-06,11080.0
2017-06-07,11024.0
2017-06-08,10998.0
2017-06-09,11105.5
2017-06-12,11085.5
2017-06-13,11071.5
2017-06-14,11061.5
2017-06-15,10964.5
2017-06-16,11012.0
2017-06-19,11117.0
2017-06-20,11040.0
2017-06-21,10996.5
2017-06-22,10964.0
2017-06-23,10948.5
2017-06-26,10982.5
2017-06-27,10952.0
2017-06-28,10889.5
2017-06-29,10835.0
2017-06-30,10753.5
2017-07-03,10863.5
2017-07-04,10855.5
2017-07-05,10841.0
2017-07-06,10797.5
2017-07-07,10827.0
2017-07-10,10854.5
2017-07-11,10779.0
2017-07-12,10923.0
2017-07-13,10907.5
2017-07-14,10831.0
2017-07-17,10909.5
2017-07-18,10884.0
2017-07-19,10936.0
2017-07-20,11030.0
2017-07-21,10982.5
2017-07-24,10840.0
2017-07-25,10959.0
2017-07-26,10972.0
2017-07-27,10954.0
2017-07-28,10845.0
2017-07-31,10865.0
2017-08-01,10938.5
2017-08-02,10912.5
2017-08-03,11032.5
2017-08-04,11083.5
2017-08-07,11106.5
2017-08-08,11122.5
2017-08-09,11063.0
2017-08-10,10945.5
2017-08-11,10825.0
2017-08-14,10913.5
2017-08-15,10951.5
2017-08-16,11028.0
2017-08-17,10980.0
2017-08-18,10880.0
2017-08-21,10861.5
2017-08-22,10969.0
2017-08-23,10965.0
2017-08-24,11022.5
2017-08-25,11006.0
2017-08-29,10893.0
2017-08-30,10951.0
2017-08-31,11044.0
2017-09-01,11056.0
2017-09-04,11010.0
2017-09-05,10953.0
2017-09-06,10913.0
2017-09-07,10982.0
2017-09-08,10964.5
2017-09-11,11003.5
2017-09-12,11004.0
2017-09-13,10976.0
2017-09-14,10840.0
2017-09-15,10707.0
2017-09-18,10779.5
2017-09-19,10803.5
2017-09-20,10795.5
2017-09-21,10796.5
2017-09-22,10853.0
2017-09-25,10856.0
2017-09-26,10806.0
2017-09-27,10858.5
2017-09-28,10872.5
2017-09-29,10945.0
2017-10-02,11042.0
2017-10-03,11089.5
2017-10-04,11098.0
2017-10-05,11150.5
2017-10-06,11177.0
2017-10-09,11152.0
2017-10-10,11198.5
2017-10-11,11192.0
2017-10-12,11233.5
2017-10-13,11237.0
2017-10-16,11221.5
2017-10-17,11208.5
2017-10-18,11228.0
2017-10-19,11197.5
2017-10-20,11198.0
2017-10-23,11205.0
2017-10-24,11214.0
2017-10-25,11088.0
2017-10-26,11159.5
2017-10-27,11191.0
2017-10-30,11149.0
2017-10-31,11173.0
2017-11-01,11160.0
2017-11-02,11259.0
2017-11-03,11263.5
2017-11-06,11271.5
2017-11-07,11205.5
2017-11-08,11219.5
2017-11-09,11172.0
2017-11-10,11088.0
2017-11-13,11069.0
2017-11-14,11059.0
2017-11-15,11015.5
2017-11-16,11045.5
2017-11-17,11040.5
2017-11-20,11051.0
2017-11-21,11084.5
2017-11-22,11088.5
2017-11-23,11103.5
2017-11-24,11100.5
2017-11-27,11062.0
2017-11-28,11175.0
2017-11-29,11070.0
2017-11-30,10971.0
2017-12-01,10931.0
2017-12-04,10993.0
2017-12-05,10975.0
2017-12-06,11000.0
2017-12-07,10955.0
2017-12-08,11083.0
2017-12-11,11155.0
2017-12-12,11240.0
2017-12-13,11255.0
2017-12-14,11200.5
2017-12-15,11234.0
2017-12-18,11304.5
2017-12-19,11316.0
2017-12-20,11284.0
2017-12-21,11413.0
2017-12-22,11391.0
2017-12-27,11432.0
2017-12-28,11443.5
2017-12-29,11552.5
2018-01-02,11468.0
2018-01-03,11512.0
2018-01-04,11548.0
2018-01-05,11608.0
2018-01-08,11559.0
2018-01-09,11589.0
2018-01-10,11591.0
2018-01-11,11618.0
2018-01-12,11642.0
2018-01-15,11638.0
2018-01-16,11617.0
2018-01-17,11576.0
2018-01-18,11537.0
2018-01-19,11587.0
2018-01-22,11548.0
2018-01-23,11602.0
2018-01-24,11480.0
2018-01-25,11407.0
2018-01-26,11498.0
2018-01-29,11505.0
2018-01-30,11397.0
2018-01-31,11288.0
2018-02-01,11234.0
2018-02-02,11164.0
2018-02-05,11008.0
2018-02-06,10743.0
2018-02-07,10924.0
2018-02-08,10754.0
2018-02-09,10621.0
2018-02-12,10776.0
2018-02-13,10764.0
2018-02-14,10838.0
2018-02-15,10908.0
2018-02-16,10978.0
2018-02-19,10902.0
2018-02-20,10912.0
2018-02-21,10976.0
2018-02-22,10956.0
2018-02-23,10933.0
2018-02-26,11021.0
2018-02-27,10991.0
2018-02-28,10931.0
2018-03-01,10825.0
2018-03-02,10697.0
2018-03-05,10755.0
2018-03-06,10805.0
2018-03-07,10811.0
2018-03-08,10892.0
2018-03-09,10912.0
2018-03-12,10903.0
2018-03-13,10788.0
2018-03-14,10797.0
2018-03-15,10804.0
2018-03-16,10830.0
2018-03-19,10651.0
2018-03-20,10699.0
2018-03-21,10647.0
2018-03-22,10519.0
2018-03-23,10488.0
2018-03-26,10421.0
2018-03-27,10589.0
2018-03-28,10640.0
2018-03-29,10716.0
2018-04-03,10668.0
2018-04-04,10666.0
2018-04-05,10918.0
2018-04-06,10880.0
2018-04-09,10903.0
2018-04-10,11014.0
2018-04-11,11002.0
2018-04-12,11009.0
2018-04-13,11028.0
2018-04-16,10938.0
2018-04-17,10986.0
2018-04-18,11112.0
2018-04-19,11140.0
2018-04-20,11190.0
2018-04-23,11253.0
2018-04-24,11276.0
2018-04-25,11210.0
2018-04-26,11281.0
2018-04-27,11415.0
2018-04-30,11419.0
2018-05-01,11441.0
2018-05-02,11503.0
2018-05-03,11426.0
2018-05-04,11527.0
2018-05-08,11522.0
2018-05-09,11659.0
2018-05-10,11765.0
2018-05-11,11785.0
2018-05-14,11767.0
2018-05-15,11800.0
2018-05-16,11822.0
2018-05-17,11904.0
2018-05-18,11875.0
2018-05-21,12017.0
2018-05-22,12063.0
2018-05-23,11891.0
2018-05-24,11804.0
2018-05-25,11794.0
2018-05-29,11683.0
2018-05-30,11760.0
2018-05-31,11775.0
2018-06-01,11775.0
2018-06-04,11862.0
2018-06-05,11767.0
2018-06-06,11809.0
2018-06-07,11822.0
2018-06-08,11776.0
2018-06-11,11879.0
2018-06-12,11818.0
2018-06-13,11824.0
2018-06-14,11941.0
2018-06-15,11732.0
2018-06-18,11702.0
2018-06-19,11657.0
2018-06-20,11686.0
2018-06-21,11589.0
2018-06-22,11788.0
2018-06-25,11511.0
2018-06-26,11556.0
2018-06-27,11694.0
2018-06-28,11678.0
2018-06-29,11726.0
2018-07-02,11603.0
2018-07-03,11640.0
2018-07-04,11614.0
2018-07-05,11672.0
2018-07-06,11698.0
2018-07-09,11810.0
2018-07-10,11817.0
2018-07-11,11656.0
2018-07-12,11753.0
2018-07-13,11772.0
2018-07-16,11682.0
2018-07-17,11728.0
2018-07-18,11802.0
2018-07-19,11812.0
2018-07-20,11794.0
2018-07-23,11760.0
2018-07-24,11850.0
2018-07-25,11766.0
2018-07-26,11780.0
2018-07-27,11840.0
2018-07-30,11832.0
2018-07-31,11926.0
2018-08-01,11752.0
2018-08-02,11644.0
2018-08-03,11766.0
2018-08-06,11776.0
2018-08-07,11876.0
2018-08-08,11940.0
2018-08-09,11954.0
2018-08-10,11820.0
2018-08-13,11786.0
2018-08-14,11777.0
2018-08-15,11554.0
2018-08-16,11700.0
2018-08-17,11690.0
2018-08-20,11766.0
2018-08-21,11718.0
2018-08-22,11735.0
2018-08-23,11714.0
2018-08-24,11747.0
2018-08-28,11818.0
2018-08-29,11728.0
2018-08-30,11643.0
2018-08-31,11513.0
2018-09-03,11627.0
2018-09-04,11556.0
2018-09-05,11428.0
2018-09-06,11349.0
2018-09-07,11288.0
2018-09-10,11280.0
2018-09-11,11276.0
2018-09-12,11331.0
2018-09-13,11302.0
2018-09-14,11341.0
2018-09-17,11327.0
2018-09-18,11321.0
2018-09-19,11380.0
2018-09-20,11433.0
2018-09-21,11622.0
2018-09-24,11585.0
2018-09-25,11643.0
2018-09-26,11660.0
2018-09-27,11716.0
2018-09-28,11664.0
2018-10-01,11638.0
2018-10-02,11613.0
2018-10-03,11675.0
2018-10-04,11510.0
2018-10-05,11369.0
2018-10-08,11226.0
2018-10-09,11249.0
2018-10-10,11090.0
2018-10-11,10878.0
2018-10-12,10878.0
2018-10-15,10911.0
2018-10-16,10966.0
2018-10-17,10943.0
2018-10-18,10922.0
2018-10-19,10942.0
2018-10-22,10958.0
2018-10-23,10802.0
2018-10-24,10818.0
2018-10-25,10881.0
2018-10-26,10772.0
2018-10-29,10930.0
2018-10-30,10964.0
2018-10-31,11096.0
2018-11-01,11034.0
2018-11-02,11030.0
2018-11-05,11034.0
2018-11-06,10934.0
2018-11-07,11047.0
2018-11-08,11116.0
2018-11-09,11054.0
2018-11-12,10983.0
2018-11-13,10968.0
2018-11-14,10951.0
2018-11-15,10964.0
2018-11-16,10956.0
2018-11-19,10917.0
2018-11-20,10833.0
2018-11-21,10999.0
2018-11-22,10873.0
2018-11-23,10852.0
2018-11-26,10997.0
2018-11-27,10976.0
2018-11-28,10945.0
2018-11-29,11022.0
2018-11-30,10887.0
2018-12-03,11060.0
2018-12-04,10986.0
2018-12-05,10826.0
2018-12-06,10437.0
2018-12-07,10616.0
2018-12-10,10523.0
2018-12-11,10686.0
2018-12-12,10766.0
2018-12-13,10766.0
2018-12-14,10687.0
2018-12-17,10610.0
2018-12-18,10454.0
2018-12-19,10588.0
2018-12-20,10489.0
2018-12-21,10488.0
2018-12-24,10439.0
2018-12-27,10297.0
2018-12-28,10523.0
2018-12-31,10507.0
2019-01-02,10506.0
2019-01-03,10468.0
2019-01-04,10692.0
2019-01-07,10634.0
2019-01-08,10751.0
2019-01-09,10813.0
2019-01-10,10823.0
2019-01-11,10787.0
2019-01-14,10700.0
2019-01-15,10776.0
2019-01-16,10705.0
2019-01-17,10672.0
2019-01-18,10892.0
2019-01-21,10873.0
2019-01-22,10777.0
2019-01-23,10690.0
2019-01-24,10671.0
2019-01-25,10649.0
2019-01-28,10550.0
2019-01-29,10691.0
2019-01-30,10847.0
2019-01-31,10901.0
2019-02-01,10986.0
2019-02-04,10989.0
2019-02-05,11210.0
2019-02-06,11220.0
2019-02-07,11104.0
2019-02-08,11060.0
2019-02-11,11142.0
2019-02-12,11162.0
2019-02-13,11249.0
2019-02-14,11297.0
2019-02-15,11343.0
2019-02-18,11306.0
2019-02-19,11243.0
2019-02-20,11327.0
2019-02-21,11253.0
2019-02-22,11288.0
2019-02-25,11288.0
2019-02-26,11249.0
2019-02-27,11162.0
2019-02-28,11162.0
2019-03-01,11178.0
2019-03-04,11226.0
2019-03-05,11317.0
2019-03-06,11335.0
2019-03-07,11273.0
2019-03-08,11226.0
2019-03-11,11252.0
2019-03-12,11297.0
2019-03-13,11312.0
2019-03-14,11363.0
2019-03-15,11427.0
2019-03-18,11522.0
2019-03-19,11574.0
2019-03-20,11531.0
2019-03-21,11646.0
2019-03-22,11402.0
2019-03-25,11346.0
2019-03-26,11378.0
2019-03-27,11352.0
2019-03-28,11444.0
2019-03-29,11525.0
2019-04-01,11580.0
2019-04-02,11707.0
2019-04-03,11754.0
2019-04-04,11743.0
2019-04-05,11825.0
2019-04-08,11794.0
2019-04-09,11780.0
2019-04-10,11751.0
2019-04-11,11760.0
2019-04-12,11772.0
2019-04-15,11780.0
2019-04-16,11846.0
2019-04-17,11822.0
2019-04-18,11836.0
2019-04-23,11934.0
2019-04-24,11848.0
2019-04-25,11822.0
2019-04-26,11800.0
2019-04-29,11838.0
2019-04-30,11806.0
2019-05-01,11728.0
2019-05-02,11694.0
2019-05-03,11731.0
2019-05-07,11554.0
2019-05-08,11569.0
2019-05-09,11458.0
2019-05-10,11487.0
2019-05-13,11384.0
2019-05-14,11548.0
2019-05-15,11612.0
2019-05-16,11743.0
2019-05-17,11726.0
2019-05-20,11678.0
2019-05-21,11712.0
2019-05-22,11698.0
2019-05-23,11558.0
2019-05-24,11614.0
2019-05-28,11586.0
2019-05-29,11477.0
2019-05-30,11549.0
2019-05-31,11443.0
2019-06-03,11481.0
2019-06-04,11548.0
2019-06-05,11562.0
2019-06-06,11626.0
2019-06-07,11730.0
2019-06-10,11815.0
2019-06-11,11846.0
2019-06-12,11801.0
2019-06-13,11814.0
2019-06-14,11770.0
2019-06-17,11801.0
2019-06-18,11940.0
2019-06-19,11865.0
2019-06-20,11905.0
2019-06-21,11810.0
2019-06-24,11856.0
2019-06-25,11880.0
2019-06-26,11874.0
2019-06-27,11852.0
2019-06-28,11903.0
2019-07-01,12020.0
2019-07-02,12108.0
2019-07-03,12194.0
2019-07-04,12180.0
2019-07-05,12103.0
2019-07-08,12104.0
2019-07-09,12076.0
2019-07-10,12064.0
2019-07-11,12048.0
2019-07-12,12016.0
2019-07-15,12080.0
2019-07-16,12120.0
2019-07-17,12056.0
2019-07-18,11990.0
2019-07-19,12022.0
2019-07-22,12034.0
2019-07-23,12116.0
2019-07-24,12034.0
2019-07-25,12024.0
2019-07-26,12105.0
2019-07-29,12340.0
2019-07-30,12269.0
2019-07-31,12176.0
2019-08-01,12150.0
2019-08-02,11869.0
2019-08-05,11585.0
2019-08-06,11508.0
2019-08-07,11532.0
2019-08-08,11712.0
2019-08-09,11674.0
2019-08-12,11657.0
2019-08-13,11700.0
2019-08-14,11492.0
2019-08-15,11418.0
2019-08-16,11516.0
2019-08-19,11649.0
2019-08-20,11524.0
2019-08-21,11656.0
2019-08-22,11525.0
2019-08-23,11522.0
2019-08-27,11473.0
2019-08-28,11544.0
2019-08-29,11631.0
2019-08-30,11643.0
2019-09-02,11790.0
2019-09-03,11780.0
2019-09-04,11845.0
2019-09-05,11798.0
2019-09-06,11803.0
2019-09-09,11728.0
2019-09-10,11792.0
2019-09-11,11901.0
2019-09-12,11909.0
2019-09-13,11957.0
2019-09-16,11868.0
2019-09-17,11852.0
2019-09-18,11878.0
2019-09-19,11948.0
2019-09-20,11912.0
2019-09-23,11886.0
2019-09-24,11822.0
2019-09-25,11812.0
2019-09-26,11933.0
2019-09-27,12040.0
2019-09-30,12040.0
2019-10-01,11934.0
2019-10-02,11561.0
2019-10-03,11498.0
2019-10-04,11616.0
2019-10-07,11694.0
2019-10-08,11592.0
2019-10-09,11640.0
2019-10-10,11705.0
2019-10-11,11792.0
2019-10-14,11719.0
2019-10-15,11716.0
2019-10-16,11669.0
2019-10-17,11708.0
2019-10-18,11648.0
2019-10-21,11658.0
2019-10-22,11738.0
2019-10-23,11814.0
2019-10-24,11920.0
2019-10-25,11911.0
2019-10-28,11924.0
2019-10-29,11888.0
2019-10-30,11931.0
2019-10-31,11826.0
2019-11-01,11852.0
2019-11-04,11994.0
2019-11-05,12002.0
2019-11-06,11996.0
2019-11-07,12024.0
2019-11-08,11972.0
2019-11-11,11916.0
2019-11-12,11997.0
2019-11-13,11972.0
2019-11-14,11886.0
2019-11-15,11897.0
2019-11-18,11908.0
2019-11-19,11944.0
2019-11-20,11855.0
2019-11-21,11800.0
2019-11-22,11958.0
2019-11-25,12076.0
2019-11-26,12099.0
2019-11-27,12121.0
2019-11-28,12111.0
2019-11-29,12031.0
2019-12-02,11896.0
2019-12-03,11710.0
2019-12-04,11735.0
2019-12-05,11679.0
2019-12-06,11839.0
2019-12-09,11815.0
2019-12-10,11796.0
2019-12-11,11793.0
2019-12-12,11880.0
2019-12-13,11996.0
2019-12-16,12305.0
2019-12-17,12260.0
2019-12-18,12286.0
2019-12-19,12340.0
2019-12-20,12348.0
2019-12-23,12434.0
2019-12-24,12433.0
2019-12-27,12456.0
2019-12-30,12386.0
2019-12-31,12317.0
2020-01-02,12437.0
2020-01-03,12458.0
2020-01-06,12353.0
2020-01-07,12370.0
2020-01-08,12358.0
2020-01-09,12406.0
2020-01-10,12390.0
2020-01-13,12430.0
2020-01-14,12456.0
2020-01-15,12475.0
2020-01-16,12427.0
2020-01-17,12544.0
2020-01-20,12499.0
2020-01-21,12432.0
2020-01-22,12356.0
2020-01-23,12263.0
2020-01-24,12400.0
2020-01-27,12104.0
2020-01-28,12226.0
2020-01-29,12236.0
2020-01-30,12076.0
2020-01-31,11893.0
2020-02-03,11980.0
2020-02-04,12162.0
2020-02-05,12230.0
2020-02-06,12272.0
2020-02-07,12220.0
2020-02-10,12180.0
2020-02-11,12276.0
2020-02-12,12342.0
2020-02-13,12234.0
2020-02-14,12150.0
2020-02-17,12197.0
2020-02-18,12112.0
2020-02-19,12233.0
2020-02-20,12210.0
2020-02-21,12164.0
2020-02-24,11756.0
2020-02-25,11527.0
2020-02-26,11582.0
2020-02-27,11274.0
2020-02-28,10850.0
2020-03-02,10986.0
2020-03-03,11096.0
2020-03-04,11227.0
2020-03-05,11088.0
2020-03-06,10692.0
2020-03-09,9878.0
2020-03-10,9820.0
2020-03-11,9694.0
2020-03-12,8764.5
2020-03-13,8833.0
2020-03-16,8548.0
2020-03-17,8714.0
2020-03-18,8367.0
2020-03-19,8580.0
2020-03-20,8593.0
2020-03-23,8216.0
2020-03-24,8990.0
2020-03-25,9373.0
2020-03-26,9615.0
2020-03-27,9113.5
2020-03-30,9230.0
2020-03-31,9370.0
2020-04-01,9039.0
2020-04-02,9043.0
2020-04-03,8924.0
2020-04-06,9244.0
2020-04-07,9435.0
2020-04-08,9386.0
2020-04-09,9646.0
2020-04-14,9554.0
2020-04-15,9246.5
2020-04-16,9308.0
2020-04-17,9573.0
2020-04-20,9618.0
2020-04-21,9302.0
2020-04-22,9540.5
2020-04-23,9616.5
2020-04-24,9511.5
2020-04-27,9675.0
2020-04-28,9848.0
2020-04-29,10108.0
2020-04-30,9747.5
2020-05-01,9536.0
2020-05-04,9505.5
2020-05-05,9662.0
2020-05-06,9678.0
2020-05-07,9832.5
2020-05-11,9816.5
2020-05-12,9907.0
2020-05-13,9765.0
2020-05-14,9500.5
2020-05-15,9602.5
2020-05-18,10020.0
2020-05-19,9948.0
2020-05-20,10060.0
2020-05-21,9976.0
2020-05-22,9933.0
2020-05-26,10064.0
2020-05-27,10198.0
2020-05-28,10329.0
2020-05-29,10051.0
2020-06-01,10236.0
2020-06-02,10321.0
2020-06-03,10592.0
2020-06-04,10519.0
2020-06-05,10754.0
2020-06-08,10736.0
2020-06-09,10506.0
2020-06-10,10501.0
2020-06-11,10114.0
2020-06-12,10112.0
2020-06-15,10064.0
2020-06-16,10369.0
2020-06-17,10380.0
2020-06-18,10327.0
2020-06-19,10440.0
2020-06-22,10379.0
2020-06-23,10513.0
2020-06-24,10178.0
2020-06-25,10243.0
2020-06-26,10250.0
2020-06-29,10374.0
2020-06-30,10271.0
2020-07-01,10230.0
2020-07-02,10364.0
2020-07-03,10205.0
2020-07-06,10446.0
2020-07-07,10289.0
2020-07-08,10232.0
2020-07-09,10065.0
2020-07-10,10131.0
2020-07-13,10296.0
2020-07-14,10259.0
2020-07-15,10489.0
2020-07-16,10392.0
2020-07-17,10457.0
2020-07-20,10412.0
2020-07-21,10416.0
2020-07-22,10314.0
2020-07-23,10334.0
2020-07-24,10178.0
2020-07-27,10156.0
2020-07-28,10205.0
2020-07-29,10207.0
2020-07-30,9943.5
2020-07-31,9854.0
2020-08-03,10049.0
2020-08-04,10029.0
2020-08-05,10149.0
2020-08-06,10053.0
2020-08-07,10034.0
2020-08-10,10085.0
2020-08-11,10241.0
2020-08-12,10479.0
2020-08-13,10359.0
2020-08-14,10182.0
2020-08-17,10257.0
2020-08-18,10150.0
2020-08-19,10220.0
2020-08-20,10072.0
2020-08-21,10036.0
2020-08-24,10223.0
2020-08-25,10102.0
2020-08-26,10126.0
2020-08-27,10063.0
2020-08-28,9987.0
2020-09-01,9801.0
2020-09-02,9952.0
2020-09-03,9814.0
2020-09-04,9705.0
2020-09-07,9953.5
2020-09-08,9937.0
2020-09-09,10108.0
2020-09-10,10087.0
2020-09-11,10131.0
2020-09-14,10120.0
2020-09-15,10250.0
2020-09-16,10192.0
2020-09-17,10140.0
2020-09-18,10088.0
2020-09-21,9718.5
2020-09-22,9811.0
2020-09-23,9907.0
2020-09-24,9763.0
2020-09-25,9782.0
2020-09-28,9968.5
2020-09-29,9897.0
2020-09-30,9848.0
2020-10-01,9866.5
2020-10-02,9885.0
2020-10-05,9984.5
2020-10-06,9977.0
2020-10-07,9989.5
2020-10-08,10048.0
2020-10-09,10103.0
2020-10-12,10076.0
2020-10-13,10005.0
2020-10-14,9970.0
2020-10-15,9783.5
2020-10-16,9953.0
2020-10-19,9893.0
2020-10-20,9892.0
2020-10-21,9693.0
2020-10-22,9724.5
2020-10-23,9842.0
2020-10-26,9721.0
2020-10-27,9633.5
2020-10-28,9348.0
2020-10-29,9361.0
2020-10-30,9394.0
2020-11-02,9508.5
2020-11-03,9710.0
2020-11-04,9873.5
2020-11-05,9926.0
2020-11-06,9927.5
2020-11-09,10417.0
2020-11-10,10602.0
2020-11-11,10761.0
2020-11-12,10692.0
2020-11-13,10655.0
2020-11-16,10835.0
2020-11-17,10717.0
2020-11-18,10763.0
2020-11-19,10667.0
2020-11-20,10693.0
2020-11-23,10672.0
2020-11-24,10826.0
2020-11-25,10768.0
2020-11-26,10727.0
2020-11-27,10748.0
2020-11-30,10560.0
2020-12-01,10771.0
2020-12-02,10886.0
2020-12-03,10932.0
2020-12-04,11041.0
2020-12-07,11056.0
2020-12-08,11061.0
2020-12-09,11060.0
2020-12-10,11126.0
2020-12-11,11036.0
2020-12-14,11012.0
2020-12-15,10996.0
2020-12-16,11077.0
2020-12-17,11062.0
2020-12-18,11006.0
2020-12-21,10834.0
2020-12-22,10903.0
2020-12-23,10961.0
2020-12-24,10981.0
2020-12-29,11157.0
2020-12-30,11064.0
2020-12-31,10928.0
2021-01-04,11100.0
2021-01-05,11139.0
2021-01-06,11573.0
2021-01-07,11582.0
2021-01-08,11593.0
2021-01-11,11491.0
2021-01-12,11406.0
2021-01-13,11394.0
2021-01-14,11480.0
2021-01-15,11360.0
2021-01-18,11353.0
2021-01-19,11336.0
2021-01-20,11370.0
2021-01-21,11340.0
2021-01-22,11306.0
2021-01-25,11202.0
2021-01-26,11247.0
2021-01-27,11097.0
2021-01-28,11032.0
2021-01-29,10804.0
2021-02-01,10912.0
2021-02-02,11000.0
2021-02-03,10986.0
2021-02-04,10986.0
2021-02-05,10967.0
2021-02-08,11012.0
2021-02-09,11030.0
2021-02-10,11006.0
2021-02-11,11028.0
2021-02-12,11130.0
2021-02-15,11408.0
2021-02-16,11400.0
2021-02-17,11332.0
2021-02-18,11176.0
2021-02-19,11208.0
2021-02-22,11188.0
2021-02-23,11208.0
2021-02-24,11271.0
2021-02-25,11268.0
2021-02-26,10970.0
2021-03-01,11160.0
2021-03-02,11208.0
2021-03-03,11310.0
2021-03-04,11298.0
2021-03-05,11260.0
2021-03-08,11406.0
2021-03-09,11432.0
2021-03-10,11436.0
2021-03-11,11470.0
2021-03-12,11504.0
2021-03-15,11484.0
2021-03-16,11574.0
2021-03-17,11510.0
2021-03-18,11530.0
2021-03-19,11416.0
2021-03-22,11454.0
2021-03-23,11404.0
2021-03-24,11430.0
2021-03-25,11374.0
2021-03-26,11494.0
2021-03-29,11476.0
2021-03-30,11544.0
2021-03-31,11454.0
2021-04-01,11488.0
2021-04-06,11634.0
2021-04-07,11742.0
2021-04-08,11850.0
2021-04-09,11800.0
2021-04-12,11754.0
2021-04-13,11754.0
2021-04-14,11834.0
2021-04-15,11926.0
2021-04-16,11984.0
2021-04-19,11948.0
2021-04-20,11708.0
2021-04-21,11764.0
2021-04-22,11842.0
2021-04-23,11846.0
2021-04-26,11894.0
2021-04-27,11848.0
2021-04-28,11878.0
2021-04-29,11882.0
2021-04-30,11906.0
2021-05-04,11822.0
2021-05-05,12034.0
2021-05-06,12096.0
2021-05-07,12190.0
2021-05-10,12174.0
2021-05-11,11876.0
2021-05-12,11966.0
2021-05-13,11910.0
2021-05-14,12056.0
2021-05-17,12036.0
2021-05-18,12040.0
2021-05-19,11892.0
2021-05-20,12026.0
2021-05-21,12030.0
2021-05-24,12088.0
2021-05-25,12044.0
2021-05-26,12044.0
2021-05-27,12040.0
2021-05-28,12048.0
2021-06-01,12138.0
2021-06-02,12180.0
2021-06-03,12108.0
2021-06-04,12140.0
2021-06-07,12142.0
2021-06-08,12176.0
2021-06-09,12148.0
2021-06-10,12154.0
2021-06-11,12244.0
2021-06-14,12260.0
2021-06-15,12304.0
2021-06-16,12322.0
2021-06-17,12270.0
2021-06-18,12014.0
2021-06-21,12078.0
2021-06-22,12130.0
2021-06-23,12088.0
2021-06-24,12166.0
2021-06-25,12202.0
2021-06-28,12096.0
2021-06-29,12116.0
2021-06-30,12024.0
2021-07-01,12184.0
2021-07-02,12178.0
2021-07-05,12242.0
2021-07-06,12142.0
2021-07-07,12226.0
2021-07-08,12036.0
2021-07-09,12184.0
2021-07-12,12196.0
2021-07-13,12192.0
2021-07-14,12148.0
2021-07-15,11994.0
2021-07-16,11994.0
2021-07-19,11706.0
2021-07-20,11776.0
2021-07-21,11968.0
2021-07-22,11930.0
2021-07-23,12030.0
2021-07-26,12026.0
2021-07-27,11960.0
2021-07-28,12008.0
2021-07-29,12114.0
2021-07-30,12040.0
2021-08-02,12122.0
2021-08-03,12166.0
2021-08-04,12184.0
2021-08-05,12200.0
2021-08-06,12208.0
2021-08-09,12224.0
2021-08-10,12279.0
2021-08-11,12376.0
2021-08-12,12384.0
2021-08-13,12404.0
2021-08-16,12310.0
2021-08-17,12350.0
2021-08-18,12321.0
2021-08-19,12168.0
2021-08-20,12228.0
2021-08-23,12254.0
2021-08-24,12272.0
2021-08-25,12319.0
2021-08-26,12290.0
2021-08-27,12340.0
2021-08-31,12290.0
2021-09-01,12342.0
2021-09-02,12386.0
2021-09-03,12346.0
2021-09-06,12432.0
2021-09-07,12354.0
2021-09-08,12264.0
2021-09-09,12150.0
2021-09-10,12142.0
2021-09-13,12219.0
2021-09-14,12156.0
2021-09-15,12136.0
2021-09-16,12152.0
2021-09-17,12044.0
2021-09-20,11934.0
2021-09-21,12076.0
2021-09-22,12244.0
2021-09-23,12230.0
2021-09-24,12184.0
2021-09-27,12202.0
2021-09-28,12142.0
2021-09-29,12276.0
2021-09-30,12234.0
2021-10-01,12156.0
2021-10-04,12118.0
2021-10-05,12246.0
2021-10-06,12100.0
2021-10-07,12250.0
2021-10-08,12280.0
2021-10-11,12364.0
2021-10-12,12336.0
2021-10-13,12352.0
2021-10-14,12474.0
2021-10-15,12520.0
2021-10-18,12466.0
2021-10-19,12494.0
2021-10-20,12502.0
2021-10-21,12442.0
2021-10-22,12472.0
2021-10-25,12508.0
2021-10-26,12590.0
2021-10-27,12549.0
2021-10-28,12546.0
2021-10-29,12544.0
2021-11-01,12620.0
2021-11-02,12598.0
2021-11-03,12542.0
2021-11-04,12614.0
2021-11-05,12650.0
2021-11-08,12642.0
2021-11-09,12592.0
2021-11-10,12704.0
2021-11-11,12802.0
2021-11-12,12735.0
2021-11-15,12750.0
2021-11-16,12704.0
2021-11-17,12642.0
2021-11-18,12585.0
2021-11-19,12540.0
2021-11-22,12588.0
2021-11-23,12602.0
2021-11-24,12636.0
2021-11-25,12692.0
2021-11-26,12224.0
2021-11-29,12352.0
2021-11-30,12248.0
2021-12-01,12448.0
2021-12-02,12366.0
2021-12-03,12374.0
2021-12-06,12556.0
2021-12-07,12756.0
2021-12-08,12734.0
2021-12-09,12710.0
2021-12-10,12664.0
2021-12-13,12556.0
2021-12-14,12534.0
2021-12-15,12458.0
2021-12-16,12614.0
2021-12-17,12616.0
2021-12-20,12494.0
2021-12-21,12672.0
2021-12-22,12746.0
2021-12-23,12808.0
2021-12-24,12810.0
2021-12-29,12890.0
2021-12-30,12876.0
2021-12-31,12838.0
2022-01-04,13040.0
2022-01-05,13066.0
2022-01-06,12948.0
2022-01-07,13000.0
2022-01-10,12938.0
2022-01-11,13012.0
2022-01-12,13122.0
2022-01-13,13142.0
2022-01-14,13112.0
2022-01-17,13230.0
2022-01-18,13160.0
2022-01-19,13208.0
2022-01-20,13194.0
2022-01-21,13040.0
2022-01-24,12692.0
2022-01-25,12824.0
2022-01-26,13012.0
2022-01-27,13152.0
2022-01-28,12994.0
2022-01-31,13004.0
2022-02-01,13124.0
2022-02-02,13220.0
2022-02-03,13120.0
2022-02-04,13116.0
2022-02-07,13210.0
2022-02-08,13214.0
2022-02-09,13348.0
2022-02-10,13408.0
2022-02-11,13370.0
2022-02-14,13162.0
2022-02-15,13282.0
2022-02-16,13274.0
2022-02-17,13166.0
2022-02-18,13138.0
2022-02-21,13080.0
2022-02-22,13104.0
2022-02-23,13102.0
2022-02-24,12626.0
2022-02-25,13130.0
2022-02-28,13062.0
2022-03-01,12842.0
2022-03-02,13032.0
2022-03-03,12698.0
2022-03-04,12246.0
2022-03-07,12188.0
2022-03-08,12232.0
2022-03-09,12642.0
2022-03-10,12508.0
2022-03-11,12588.0
2022-03-14,12664.0
2022-03-15,12646.0
2022-03-16,12858.0
2022-03-17,13030.0
2022-03-18,13072.0
2022-03-21,13114.0
2022-03-22,13182.0
2022-03-23,13148.0
2022-03-24,13174.0
2022-03-25,13206.0
2022-03-28,13190.0
2022-03-29,13308.0
2022-03-30,13378.0
2022-03-31,13272.0
2022-04-01,13298.0
2022-04-04,13350.0
2022-04-05,13432.0
2022-04-06,13402.0
2022-04-07,13344.0
2022-04-08,13550.0
2022-04-11,13478.0
2022-04-12,13406.0
2022-04-13,13400.0
2022-04-14,13464.0
2022-04-19,13452.0
2022-04-20,13502.0
2022-04-21,13494.0
2022-04-22,13312.0
2022-04-25,13064.0
2022-04-26,13084.0
2022-04-27,13150.0
2022-04-28,13306.0
2022-04-29,13362.0
2022-05-03,13384.0
2022-05-04,13286.0
2022-05-05,13314.0
2022-05-06,13080.0
2022-05-09,12792.0
2022-05-10,12838.0
2022-05-11,13026.0
2022-05-12,12820.0
2022-05-13,13136.0
2022-05-16,13228.0
2022-05-17,13326.0
2022-05-18,13200.0
2022-05-19,12970.0
2022-05-20,13120.0
2022-05-23,13344.0
2022-05-24,13300.0
2022-05-25,13362.0
2022-05-26,13436.0
2022-05-27,13488.0
2022-05-30,13508.0
2022-05-31,13502.0
2022-06-01,13386.0
2022-06-06,13528.0
2022-06-07,13522.0
2022-06-08,13506.0
2022-06-09,13304.0
2022-06-10,13014.0
2022-06-13,12824.0
2022-06-14,12782.0
2022-06-15,12948.0
2022-06-16,12542.0
2022-06-17,12484.0
2022-06-20,12678.0
2022-06-21,12722.0
2022-06-22,12626.0
2022-06-23,12486.0
2022-06-24,12822.0
2022-06-27,12904.0
2022-06-28,13022.0
2022-06-29,13002.0
2022-06-30,12750.0
2022-07-01,12752.0
2022-07-04,12850.0
2022-07-05,12490.0
2022-07-06,12644.0
2022-07-07,12794.0
2022-07-08,12804.0
2022-07-11,12806.0
2022-07-12,12828.0
2022-07-13,12750.0
2022-07-14,12538.0
2022-07-15,12746.0
2022-07-18,12854.0
2022-07-19,12974.0
2022-07-20,12928.0
2022-07-21,12916.0
2022-07-22,12910.0
2022-07-25,12972.0
2022-07-26,12966.0
2022-07-27,13047.0
2022-07-28,13034.0
2022-07-29,13182.0
2022-08-01,13189.0
2022-08-02,13150.0
2022-08-03,13230.0
2022-08-04,13252.0
2022-08-05,13234.0
2022-08-08,13310.0
2022-08-09,13302.0
2022-08-10,13363.0
2022-08-11,13324.0
2022-08-12,13378.0
2022-08-15,13388.0
2022-08-16,13442.0
2022-08-17,13406.0
2022-08-18,13476.0
2022-08-19,13496.0
2022-08-22,13468.0
2022-08-23,13386.0
2022-08-24,13366.0
2022-08-25,13386.0
2022-08-26,13290.0
2022-08-30,13180.0
2022-08-31,13024.0
2022-09-01,12804.0
2022-09-02,13036.0
2022-09-05,13054.0
2022-09-06,13076.0
2022-09-07,12968.0
2022-09-08,13008.0
2022-09-09,13166.0
2022-09-12,13386.0
2022-09-13,13234.0
2022-09-14,13036.0
2022-09-15,13044.0
2022-09-16,12961.0
2022-09-20,12886.0
2022-09-21,12957.0
2022-09-22,12822.0
2022-09-23,12576.0
2022-09-26,12592.0
2022-09-27,12512.0
2022-09-28,12546.0
2022-09-29,12334.0
2022-09-30,12368.0
2022-10-03,12382.0
2022-10-04,12694.0
2022-10-05,12644.0
2022-10-06,12548.0
2022-10-07,12536.0
2022-10-10,12488.0
2022-10-11,12350.0
2022-10-12,12238.0
2022-10-13,12290.0
2022-10-14,12302.0
2022-10-17,12412.0
2022-10-18,12438.0
2022-10-19,12418.0
2022-10-20,12455.0
2022-10-21,12504.0
2022-10-24,12582.0
2022-10-25,12578.0
2022-10-26,12652.0
2022-10-27,12687.0
2022-10-28,12636.0
2022-10-31,12730.0
2022-11-01,12881.0
2022-11-02,12810.0
2022-11-03,12894.0
2022-11-04,13178.0
2022-11-07,13096.0
2022-11-08,13122.0
2022-11-09,13112.0
2022-11-10,13284.0
2022-11-11,13174.0
2022-11-14,13286.0
2022-11-15,13258.0
2022-11-16,13230.0
2022-11-17,13230.0
2022-11-18,13292.0
2022-11-21,13292.0
2022-11-22,13416.0
2022-11-23,13436.0
2022-11-24,13467.0
2022-11-25,13496.0
2022-11-28,13482.0
2022-11-29,13542.0
2022-11-30,13648.0
2022-12-01,13621.0
2022-12-02,13614.0
2022-12-05,13632.0
2022-12-06,13568.0
2022-12-07,13500.0
2022-12-08,13462.0
2022-12-09,13467.0
2022-12-12,13420.0
2022-12-13,13514.0
2022-12-14,13498.0
2022-12-15,13384.0
2022-12-16,13214.0
2022-12-19,13270.0
2022-12-20,13278.0
2022-12-21,13512.0
2022-12-22,13457.0
2022-12-23,13458.0
2022-12-28,13511.0
2022-12-29,13556.0
2022-12-30,13476.0
2023-01-03,13620.0
2023-01-04,13668.0
2023-01-05,13756.0
2023-01-06,13890.0
2023-01-09,13924.0
2023-01-10,13878.0
2023-01-11,13936.0
2023-01-12,14078.0
2023-01-13,14148.0
2023-01-16,14178.0
2023-01-17,14152.0
2023-01-18,14118.0
2023-01-19,13974.0
2023-01-20,14012.0
2023-01-23,14046.0
2023-01-24,13998.0
2023-01-25,13964.0
2023-01-26,14002.0
2023-01-27,13998.0
2023-01-30,14042.0
2023-01-31,14022.0
2023-02-01,13994.0
2023-02-02,14106.0
2023-02-03,14249.0
2023-02-06,14142.0
2023-02-07,14202.0
2023-02-08,14238.0
2023-02-09,14303.0
2023-02-10,14212.0
2023-02-13,14344.0
2023-02-14,14356.0
2023-02-15,14430.0
2023-02-16,14479.0
2023-02-17,14466.0
2023-02-20,14486.0
2023-02-21,14414.0
2023-02-22,14332.0
2023-02-23,14331.0
2023-02-24,14288.0
2023-02-27,14375.0
2023-02-28,14271.0
2023-03-01,14340.0
2023-03-02,14422.0
2023-03-03,14424.0
2023-03-06,14385.0
2023-03-07,14370.0
2023-03-08,14400.0
2023-03-09,14318.0
2023-03-10,14080.0
2023-03-13,13710.0
2023-03-14,13886.0
2023-03-15,13352.0
2023-03-16,13496.0
2023-03-17,13366.0
2023-03-20,13508.0
2023-03-21,13740.0
2023-03-22,13814.0
2023-03-23,13722.0
2023-03-24,13546.0
2023-03-27,13684.0
2023-03-28,13696.0
2023-03-29,13826.0
2023-03-30,13950.0
2023-03-31,13974.0
2023-04-03,14040.0
2023-04-04,13984.0
2023-04-05,14018.0
2023-04-06,14166.0
2023-04-11,14250.0
2023-04-12,14308.0
2023-04-13,14374.0
2023-04-14,14418.0
2023-04-17,14438.0
2023-04-18,14488.0
2023-04-19,14473.0
2023-04-20,14482.0
2023-04-21,14502.0
2023-04-24,14492.0
2023-04-25,14454.0
2023-04-26,14384.0
2023-04-27,14354.0
2023-04-28,14432.0
2023-05-02,14239.0
2023-05-03,14274.0
2023-05-04,14132.0
2023-05-05,14286.0
2023-05-09,14240.0
2023-05-10,14218.0
2023-05-11,14222.0
2023-05-12,14250.0
2023-05-15,14302.0
2023-05-16,14252.0
2023-05-17,14206.0
2023-05-18,14275.0
2023-05-19,14302.0
2023-05-22,14328.0
2023-05-23,14310.0
2023-05-24,14052.0
2023-05-25,13976.0
2023-05-26,14070.0
2023-05-30,13876.0
2023-05-31,13735.0
2023-06-01,13830.0
2023-06-02,14057.0
2023-06-05,14025.0
2023-06-06,14024.0
2023-06-07,14014.0
2023-06-08,13966.0
2023-06-09,13908.0
2023-06-12,13920.0
2023-06-13,13964.0
2023-06-14,13988.0
2023-06-15,14038.0
2023-06-16,14048.0
2023-06-19,13956.0
2023-06-20,13922.0
2023-06-21,13912.0
2023-06-22,13810.0
2023-06-23,13732.0
2023-06-26,13708.0
2023-06-27,13734.0
2023-06-28,13816.0
2023-06-29,13754.0
2023-06-30,13866.0
2023-07-03,13860.0
2023-07-04,13838.0
2023-07-05,13696.0
2023-07-06,13400.0
2023-07-07,13356.0
2023-07-10,13390.0
2023-07-11,13402.0
2023-07-12,13656.0
2023-07-13,13712.0
2023-07-14,13700.0
2023-07-17,13652.0
2023-07-18,13736.0
2023-07-19,14008.0
2023-07-20,14124.0
2023-07-21,14154.0
2023-07-24,14194.0
2023-07-25,14212.0
2023-07-26,14182.0
2023-07-27,14220.0
2023-07-28,14214.0
2023-07-31,14236.0
2023-08-01,14181.0
2023-08-02,13986.0
2023-08-03,13936.0
2023-08-04,14012.0
2023-08-07,13994.0
2023-08-08,13938.0
2023-08-09,14052.0
2023-08-10,14172.0
2023-08-11,13994.0
2023-08-14,13970.0
2023-08-15,13754.0
2023-08-16,13686.0
2023-08-17,13602.0
2023-08-18,13520.0
2023-08-21,13520.0
2023-08-22,13532.0
2023-08-23,13636.0
2023-08-24,13668.0
2023-08-25,13682.0
2023-08-29,13924.0
2023-08-30,13940.0
2023-08-31,13900.0
2023-09-01,13939.0
2023-09-04,13912.0
2023-09-05,13884.0
2023-09-06,13858.0
2023-09-07,13880.0
2023-09-08,13958.0
2023-09-11,13972.0
2023-09-12,14052.0
2023-09-13,14050.0
2023-09-14,14304.0
2023-09-15,14396.0
2023-09-18,14294.0
2023-09-19,14306.0
2023-09-20,14420.0
2023-09-21,14324.0
2023-09-22,14344.0
2023-09-25,14228.0
2023-09-26,14232.0
2023-09-27,14186.0
2023-09-28,14206.0
2023-09-29,14218.0
2023-10-02,14036.0
2023-10-03,13970.0
2023-10-04,13847.0
2023-10-05,13932.0
2023-10-06,14008.0
2023-10-09,14000.0
2023-10-10,14246.0
2023-10-11,14229.0
2023-10-12,14278.0
2023-10-13,14210.0
2023-10-16,14262.0
2023-10-17,14354.0
2023-10-18,14190.0
2023-10-19,14030.0
2023-10-20,13836.0
2023-10-23,13780.0
2023-10-24,13808.0
2023-10-25,13852.0
2023-10-26,13732.0
2023-10-27,13616.0
2023-10-30,13672.0
2023-10-31,13676.0
2023-11-01,13712.0
2023-11-02,13908.0
2023-11-03,13838.0
2023-11-06,13856.0
2023-11-07,13840.0
2023-11-08,13824.0
2023-11-09,13942.0
2023-11-10,13766.0
2023-11-13,13882.0
2023-11-14,13896.0
2023-11-15,13980.0
2023-11-16,13860.0
2023-11-17,14038.0
2023-11-20,14028.0
2023-11-21,13990.0
2023-11-22,13964.0
2023-11-23,14030.0
2023-11-24,14054.0
2023-11-27,14002.0
2023-11-28,13998.0
2023-11-29,13934.0
2023-11-30,13994.0
2023-12-01,14142.0
2023-12-04,14094.0
2023-12-05,14056.0
2023-12-06,14112.0
2023-12-07,14102.0
2023-12-08,14176.0
2023-12-11,14171.0
2023-12-12,14154.0
2023-12-13,14146.0
2023-12-14,14360.0
2023-12-15,14224.0
2023-12-18,14276.0
2023-12-19,14328.0
2023-12-20,14476.0
2023-12-21,14440.0
2023-12-22,14442.0
2023-12-27,14518.0
2023-12-28,14498.0
2023-12-29,14516.0
2024-01-02,14504.0
2024-01-03,14438.0
2024-01-04,14523.0
2024-01-05,14448.0
2024-01-08,14462.0
2024-01-09,14449.0
2024-01-10,14388.0
2024-01-11,14254.0
2024-01-12,14334.0
2024-01-15,14288.0
2024-01-16,14192.0
2024-01-17,13990.0
2024-01-18,14014.0
2024-01-19,13998.0
2024-01-22,14066.0
2024-01-23,14050.0
2024-01-24,14128.0
2024-01-25,14132.0
2024-01-26,14340.0
2024-01-29,14331.0
2024-01-30,14386.0
2024-01-31,14340.0
2024-02-01,14287.0
2024-02-02,14278.0
2024-02-05,14278.0
2024-02-06,14408.0
2024-02-07,14304.0
2024-02-08,14222.0
2024-02-09,14178.0
2024-02-12,14182.0
2024-02-13,14072.0
2024-02-14,14172.0
2024-02-15,14264.0
2024-02-16,14477.0
2024-02-19,14512.0
2024-02-20,14482.0
2024-02-21,14374.0
2024-02-22,14446.0
2024-02-23,14482.0
2024-02-26,14444.0
2024-02-27,14436.0
2024-02-28,14334.0
2024-02-29,14354.0
2024-03-01,14464.0
2024-03-04,14372.0
2024-03-05,14380.0
2024-03-06,14440.0
2024-03-07,14528.0
2024-03-08,14462.0
2024-03-11,14492.0
2024-03-12,14632.0
2024-03-13,14682.0
2024-03-14,14634.0
2024-03-15,14604.0
2024-03-18,14600.0
2024-03-19,14620.0
2024-03-20,14628.0
2024-03-21,14894.0
2024-03-22,15007.0
2024-03-25,14982.0
2024-03-26,15006.0
2024-03-27,15010.0
2024-03-28,15050.0
2024-04-02,14996.0
2024-04-03,15014.0
2024-04-04,15088.0
2024-04-05,14968.0
2024-04-08,15034.0
2024-04-09,15012.0
2024-04-10,15064.0
2024-04-11,15012.0
2024-04-12,15153.0
2024-04-15,15084.0
2024-04-16,14824.0
2024-04-17,14884.0
2024-04-18,14952.0
2024-04-19,14970.0
2024-04-22,15235.0
2024-04-23,15254.0
2024-04-24,15250.0
2024-04-25,15342.0
2024-04-26,15446.0
2024-04-29,15470.0
2024-04-30,15486.0
2024-05-01,15423.0
2024-05-02,15532.0
2024-05-03,15616.0
2024-05-07,15836.0
2024-05-08,15908.0
2024-05-09,15954.0
2024-05-10,16077.0
2024-05-13,16021.0
2024-05-14,16066.0
2024-05-15,16096.0
2024-05-16,16100.0
2024-05-17,16074.0
2024-05-20,16086.0
2024-05-21,16074.0
2024-05-22,15980.0
2024-05-23,15924.0
2024-05-24,15888.0
2024-05-28,15772.0
2024-05-29,15632.0
2024-05-30,15734.0
2024-05-31,15816.0
2024-06-03,15772.0
2024-06-04,15710.0
2024-06-05,15758.0
2024-06-06,15846.0
2024-06-07,15770.0
2024-06-10,15718.0
2024-06-11,15559.0
2024-06-12,15700.0
2024-06-13,15606.0
2024-06-14,15582.0
2024-06-17,15560.0
2024-06-18,15657.0
2024-06-19,15678.0
2024-06-20,15812.0
2024-06-21,15766.0
2024-06-24,15846.0
2024-06-25,15772.0
2024-06-26,15749.0
2024-06-27,15667.0
2024-06-28,15650.0
2024-07-01,15630.0
2024-07-02,15542.0
2024-07-03,15636.0
2024-07-04,15778.0
2024-07-05,15704.0
2024-07-08,15672.0
2024-07-09,15574.0
2024-07-10,15676.0
2024-07-11,15740.0
2024-07-12,15809.0
2024-07-15,15670.0
2024-07-16,15653.0
2024-07-17,15690.0
2024-07-18,15722.0
2024-07-19,15600.0
2024-07-22,15698.0
2024-07-23,15628.0
2024-07-24,15604.0
2024-07-25,15670.0
2024-07-26,15874.0
2024-07-29,15886.0
2024-07-30,15864.0
2024-07-31,16030.0
2024-08-01,15874.0
2024-08-02,15634.0
2024-08-05,15324.0
2024-08-06,15354.0
2024-08-07,15651.0
2024-08-08,15641.0
2024-08-09,15694.0
2024-08-12,15764.0
2024-08-13,15816.0
2024-08-14,15904.0
2024-08-15,16090.0
2024-08-16,16016.0
2024-08-19,16119.0
2024-08-20,15936.0
2024-08-21,15956.0
2024-08-22,15953.0
2024-08-23,16050.0
2024-08-27,16097.0
2024-08-28,16072.0
2024-08-29,16158.0
2024-08-30,16156.0
2024-09-02,16126.0
2024-09-03,15999.0
2024-09-04,15942.0
2024-09-05,15896.0
2024-09-06,15782.0
2024-09-09,15954.0
2024-09-10,15828.0
2024-09-11,15801.0
2024-09-12,15898.0
2024-09-13,15952.0
2024-09-16,15956.0
2024-09-17,16020.0
2024-09-18,15917.0
2024-09-19,16072.0
2024-09-20,15874.0
2024-09-23,15932.0
2024-09-24,15976.0
2024-09-25,15954.0
2024-09-26,15984.0
2024-09-27,16056.0
2024-09-30,15905.0
2024-10-01,15978.0
2024-10-02,16012.0
2024-10-03,15979.0
2024-10-04,16007.0
2024-10-07,16036.0
2024-10-08,15826.0
2024-10-09,15930.0
2024-10-10,15914.0
2024-10-11,15950.0
2024-10-14,16026.0
2024-10-15,15926.0
2024-10-16,16101.0
2024-10-17,16210.0
2024-10-18,16156.0
2024-10-21,16082.0
2024-10-22,16053.0
2024-10-23,15960.0
2024-10-24,15980.0
2024-10-25,15946.0
2024-10-28,16014.0
2024-10-29,15884.0
2024-10-30,15766.0
2024-10-31,15652.0
2024-11-01,15792.0
2024-11-04,15806.0
2024-11-05,15782.0
2024-11-06,15762.0
2024-11-07,15742.0
2024-11-08,15594.0
2024-11-11,15722.0
2024-11-12,15524.0
2024-11-13,15518.0
2024-11-14,15622.0
2024-11-15,15612.0
2024-11-18,15692.0
2024-11-19,15685.0
2024-11-20,15652.0
2024-11-21,15793.0
2024-11-22,16015.0
2024-11-25,16060.0
2024-11-26,15998.0
2024-11-27,16040.0
2024-11-28,16050.0
2024-11-29,16065.0
2024-12-02,16118.0
2024-12-03,16230.0
2024-12-04,16166.0
2024-12-05,16194.0
2024-12-06,16111.0
2024-12-09,16204.0
2024-12-10,16064.0
2024-12-11,16100.0
2024-12-12,16124.0
2024-12-13,16101.0
2024-12-16,16024.0
2024-12-17,15904.0
2024-12-18,15898.0
2024-12-19,15717.0
2024-12-20,15682.0
2024-12-23,15708.0
2024-12-24,15811.0
2024-12-27,15781.0
2024-12-30,15760.0
2024-12-31,15866.0
2025-01-02,16034.0
2025-01-03,15966.0
2025-01-06,16012.0
2025-01-07,15995.0
2025-01-08,16014.0
2025-01-09,16148.0
2025-01-10,16014.0
2025-01-13,15968.0
2025-01-14,15916.0
2025-01-15,16108.0
2025-01-16,16287.0
2025-01-17,16516.0
2025-01-20,16546.0
2025-01-21,16598.0
2025-01-22,16586.0
2025-01-23,16622.0
2025-01-24,16496.0
2025-01-27,16543.0
2025-01-28,16598.0
2025-01-29,16642.0
2025-01-30,16822.0
2025-01-31,16872.0
2025-02-03,16690.0
2025-02-04,16666.0
2025-02-05,16766.0
2025-02-06,16970.0
2025-02-07,16918.0
2025-02-10,17058.0
2025-02-11,17087.0
2025-02-12,17138.0
2025-02-13,17060.0
2025-02-14,16972.0
2025-02-17,17058.0
2025-02-18,17059.0
2025-02-19,16944.0
2025-02-20,16887.0
2025-02-21,16886.0
2025-02-24,16884.0
2025-02-25,16892.0
2025-02-26,17020.0
2025-02-27,17080.0
2025-02-28,17176.0
2025-03-03,17312.0
2025-03-04,17086.0
2025-03-05,17087.0
2025-03-06,16982.0
2025-03-07,16978.0
2025-03-10,16818.0
2025-03-11,16598.0
2025-03-12,16678.0
2025-03-13,16740.0
2025-03-14,16919.0
2025-03-17,17010.0
2025-03-18,17056.0
2025-03-19,17062.0
2025-03-20,17034.0
2025-03-21,16946.0
2025-03-24,16934.0
2025-03-25,17001.0
2025-03-26,17024.0
2025-03-27,16999.0
2025-03-28,16986.0
2025-03-31,16843.0
2025-04-01,16934.0
2025-04-02,16860.0
2025-04-03,16596.0
2025-04-04,15806.0
2025-04-07,15150.0
2025-04-08,15532.0
2025-04-09,15082.0
2025-04-10,15596.0
2025-04-11,15680.0
2025-04-14,16016.0
2025-04-15,16256.0
2025-04-16,16306.0
2025-04-17,16324.0
2025-04-22,16430.0
2025-04-23,16562.0
2025-04-24,16592.0
2025-04-25,16602.0
2025-04-28,16596.0
2025-04-29,16692.0
2025-04-30,16712.0
2025-05-01,16754.0
2025-05-02,16950.0
2025-05-06,16956.0
2025-05-07,16892.0
2025-05-08,16850.0
2025-05-09,16850.0
2025-05-12,16944.0
2025-05-13,16936.0
2025-05-14,16892.0
2025-05-15,17030.0
2025-05-16,17128.0
2025-05-19,17162.0
2025-05-20,17324.0
2025-05-21,17328.0
2025-05-22,17242.0
2025-05-23,17193.0
2025-05-27,17334.0
2025-05-28,17249.0
2025-05-29,17247.0
2025-05-30,17338.0
2025-06-02,17348.0
2025-06-03,17346.0
2025-06-04,17382.0
2025-06-05,17405.0
2025-06-06,17462.0
2025-06-09,17450.0
2025-06-10,17492.0
2025-06-11,17510.0
2025-06-12,17558.0
2025-06-13,17498.0
2025-06-16,17532.0
2025-06-17,17460.0
2025-06-18,17486.0
2025-06-19,17392.0
2025-06-20,17352.0
2025-06-23,17324.0
2025-06-24,17330.0
2025-06-25,17254.0
2025-06-26,17298.0
2025-06-27,17410.0
2025-06-30,17334.0
2025-07-01,17394.0
2025-07-02,17366.0
2025-07-03,17466.0
2025-07-04,17462.0
2025-07-07,17430.0
2025-07-08,17516.0
2025-07-09,17558.0
2025-07-10,17770.0
2025-07-11,17698.0
2025-07-14,17804.0
2025-07-15,17692.0
2025-07-16,17711.0
2025-07-17,17756.0
2025-07-18,17794.0
2025-07-21,17836.0
2025-07-22,17858.0
2025-07-23,17951.0
2025-07-24,18098.0
2025-07-25,18052.0
2025-07-28,17960.0
2025-07-29,18084.0
2025-07-30,18084.0
2025-07-31,18090.0
2025-08-01,17972.0
2025-08-04,18078.0
2025-08-05,18090.0
2025-08-06,18148.0
2025-08-07,18050.0
2025-08-08,18049.0
2025-08-11,18120.0
2025-08-12,18156.0
2025-08-13,18196.0
2025-08-14,18282.0
2025-08-15,18212.0
2025-08-18,18242.0
2025-08-19,18316.0
2025-08-20,18500.0
2025-08-21,18558.0
2025-08-22,18582.0
2025-08-26,18456.0
2025-08-27,18432.0
2025-08-28,18366.0
2025-08-29,18300.0
2025-09-01,18314.0
2025-09-02,18162.0
2025-09-03,18276.0
2025-09-04,18368.0
2025-09-05,18362.0
2025-09-08,18378.0
2025-09-09,18422.0
2025-09-10,18382.0
2025-09-11,18530.0
2025-09-12,18504.0
2025-09-15,18494.0
2025-09-16,18328.0
2025-09-17,18360.0
2025-09-18,18403.0
2025-09-19,18381.0
2025-09-22,18396.0
2025-09-23,18392.0
2025-09-24,18430.0
2025-09-25,18376.0
2025-09-26,18512.0
2025-09-29,18565.0
2025-09-30,18630.0
2025-10-01,18834.0
2025-10-02,18808.0
2025-10-03,18932.0
2025-10-06,18904.0
2025-10-07,18914.0
2025-10-08,19058.0
2025-10-09,18964.0
2025-10-10,18812.0
2025-10-13,18846.0
2025-10-14,18844.0
2025-10-15,18823.0
2025-10-16,18844.0
2025-10-17,18682.0
2025-10-20,18780.0
2025-10-21,18822.0
2025-10-22,19000.0
2025-10-23,19124.0
2025-10-27,19282.0
2025-10-28,19380.0
2025-10-29,19500.0
2025-10-30,19494.0
2025-10-31,19422.0
2025-11-03,19388.0
2025-11-04,19410.0
2025-11-05,19534.0
2025-11-06,19440.0
2025-11-07,19352.0
2025-11-10,19568.0
2025-11-11,19792.0
2025-11-12,19816.0
2025-11-13,19626.0
2025-11-14,19430.0
2025-11-17,19362.0
2025-11-18,19114.0
2025-11-19,19036.0
2025-11-20,19088.0
2025-11-21,19104.0
2025-11-24,19090.0
2025-11-25,19246.0
2025-11-26,19418.0
2025-11-27,19430.0
2025-11-28,19482.0
2025-12-01,19526.0
2025-12-02,19520.0
2025-12-03,19494.0
2025-12-04,19552.0
2025-12-05,19452.0
2025-12-08,19408.0
2025-12-09,19404.0
2025-12-10,19428.0
2025-12-11,19528.0
2025-12-12,19414.0
2025-12-15,19622.0
2025-12-16,19482.0
2025-12-17,19656.0
2025-12-18,19792.0
2025-12-19,19930.0
2025-12-22,19856.0
2025-12-23,19918.0
2025-12-24,19876.0
2025-12-29,19882.0
2025-12-30,20035.0
2025-12-31,19956.0
2026-01-02,20055.0
2026-01-05,20150.0
2026-01-06,20345.0
2026-01-07,20195.0
2026-01-08,20190.0
2026-01-09,20350.0
2026-01-12,20390.0
2026-01-13,20380.0
2026-01-14,20460.0
2026-01-15,20590.0
2026-01-16,20590.0
2026-01-19,20495.0
2026-01-20,20350.0
2026-01-21,20385.0
2026-01-22,20435.0
2026-01-23,20425.0
2026-01-26,20430.0
2026-01-27,20555.0
2026-01-28,20465.0
2026-01-29,20495.0
2026-01-30,20610.0
2026-02-02,20840.0
2026-02-03,20780.0
2026-02-04,20955.0
2026-02-05,20775.0
2026-02-06,20880.0
2026-02-09,20905.0
2026-02-10,20855.0
2026-02-11,21100.0
2026-02-12,20965.0
2026-02-13,21035.0
2026-02-16,21095.0
2026-02-17,21265.0
2026-02-18,21530.0
2026-02-19,21470.0
2026-02-20,21585.0
2026-02-23,21575.0
2026-02-24,21570.0
2026-02-25,21810.0
2026-02-26,21915.0
2026-02-27,22040.0
2026-03-02,21765.0
2026-03-03,21145.0
2026-03-04,21305.0
2026-03-05,21020.0
2026-03-09,20685.0
2026-03-10,21015.0
2026-03-11,20885.0
2026-03-12,20855.0
2026-03-13,20745.0
2026-03-16,20865.0
2026-03-17,21035.0
2026-03-18,20850.0
2026-03-19,20360.0
2026-03-20,20080.0
2026-03-23,20080.0
2026-03-24,20195.0
2026-03-25,20495.0
2026-03-26,20240.0
2026-03-27,20240.0
2026-03-30,20585.0
2026-03-31,20670.0
2026-04-01,21070.0
2026-04-02,21205.0
2026-04-07,21020.0
2026-04-08,21545.0
2026-04-09,21560.0
2026-04-10,21555.0
2026-04-13,21525.0
2026-04-14,21585.0
2026-04-15,21470.0
2026-04-16,21550.0
2026-04-17,21710.0
2026-04-20,21565.0
2026-04-21,21340.0
2026-04-22,21300.0
2026-04-23,21290.0
2026-04-24,21130.0
2026-04-27,21020.0
2026-04-28,21035.0
2026-04-29,20785.0
2026-04-30,21125.0
2026-05-01,21095.0
2026-05-05,20810.0
2026-05-06,21265.0
2026-05-07,20935.0
2026-05-08,20845.0
2026-05-11,20910.0
2026-05-12,20910.0
2026-05-13,21040.0
2026-05-14,21170.0
2026-05-15,20810.0
2026-05-18,21090.0
2026-05-19,21070.0
2026-05-20,21295.0
2026-05-21,21320.0
2026-05-22,21370.0
2026-05-26,21430.0
2026-05-27,21455.0
2026-05-28,21300.0
2026-05-29,21285.0
2026-06-01,21080.0
2026-06-02,21145.0
2026-06-03,21065.0
2026-06-04,21125.0
2026-06-05,21135.0
2026-06-08,21130.0
2026-06-09,20855.0
2026-06-10,20915.0
2026-06-11,21035.0
2026-06-12,21360.0
2026-06-15,21325.0
2026-06-16,21455.0
2026-06-17,21460.0
2026-06-18,21250.0
2026-06-19,21170.0
2026-06-22,21330.0
2026-06-23,21320.0
2026-06-24,21385.0
2026-06-25,21565.0
2026-06-26,21495.0
2026-06-29,21470.0
2026-06-30,21505.0
2026-07-01,21460.0
2026-07-02,21810.0
2026-07-03,21860.0
2026-07-06,21785.0
2026-07-07,21910.0
