Price,AdjClose
Ticker,2059.TW
Date,
2008-06-25,103.76535034179688
2008-06-26,101.00566101074219
2008-06-27,94.1063461303711
2008-06-30,90.51873016357422
2008-07-01,85.2752685546875
2008-07-02,89.41484069824219
2008-07-03,91.62262725830078
2008-07-04,89.9667739868164
2008-07-07,89.6908187866211
2008-07-08,87.7590103149414
2008-07-09,86.65512084960938
2008-07-10,86.93110656738281
2008-07-11,90.51873016357422
2008-07-14,91.34664154052734
2008-07-15,86.10320281982422
2008-07-16,85.55123901367188
2008-07-17,87.7590103149414
2008-07-18,88.31095123291016
2008-07-21,91.07067108154297
2008-07-22,94.93428039550781
2008-07-23,98.79788208007812
2008-07-24,100.177734375
2008-07-25,99.0738525390625
2008-07-28,99.0738525390625
2008-07-29,97.41803741455078
2008-07-30,96.8660659790039
2008-07-31,93.83037567138672
2008-08-01,93.55443572998047
2008-08-04,98.24596405029297
2008-08-05,96.59009552001953
2008-08-06,98.79788208007812
2008-08-07,111.71336364746094
2008-08-08,102.4791488647461
2008-08-11,103.95580291748047
2008-08-12,104.54643249511719
2008-08-13,104.54643249511719
2008-08-14,104.8417739868164
2008-08-15,103.36514282226562
2008-08-18,99.8211669921875
2008-08-19,101.2978286743164
2008-08-20,101.2978286743164
2008-08-21,99.23052978515625
2008-08-22,99.23052978515625
2008-08-25,100.70716857910156
2008-08-26,101.59317016601562
2008-08-27,105.7277603149414
2008-08-28,105.7277603149414
2008-08-29,104.54643249511719
2008-09-01,101.00250244140625
2008-09-02,101.59317016601562
2008-09-03,98.63988494873047
2008-09-04,98.63988494873047
2008-09-05,95.68658447265625
2008-09-08,97.75386810302734
2008-09-09,94.5052719116211
2008-09-10,96.2772445678711
2008-09-11,95.98191833496094
2008-09-12,97.45856475830078
2008-09-15,93.91460418701172
2008-09-16,88.59869384765625
2008-09-17,92.14264678955078
2008-09-18,88.00801849365234
2008-09-19,93.02861022949219
2008-09-22,93.3239517211914
2008-09-23,91.84730529785156
2008-09-24,89.77999114990234
2008-09-25,87.41737365722656
2008-09-26,81.80609893798828
2008-09-29,81.80609893798828
2008-09-30,76.19486236572266
2008-10-01,76.19486236572266
2008-10-02,72.65092468261719
2008-10-03,72.65092468261719
2008-10-06,69.1069564819336
2008-10-07,69.6976318359375
2008-10-08,66.15367889404297
2008-10-09,62.60975646972656
2008-10-13,60.542423248291016
2008-10-14,64.67704010009766
2008-10-15,64.38170623779297
2008-10-16,63.20039749145508
2008-10-17,63.20039749145508
2008-10-20,64.08638763427734
2008-10-21,66.15367889404297
2008-10-22,64.08638763427734
2008-10-23,62.60975646972656
2008-10-24,60.542423248291016
2008-10-27,56.34876251220703
2008-10-28,59.006717681884766
2008-10-29,59.006717681884766
2008-10-30,61.42842483520508
2008-10-31,60.8377571105957
2008-11-03,61.13309860229492
2008-11-04,58.94765853881836
2008-11-05,59.006717681884766
2008-11-06,54.93118667602539
2008-11-07,52.450408935546875
2008-11-10,50.08778381347656
2008-11-11,49.7924690246582
2008-11-12,50.442169189453125
2008-11-13,49.08366012573242
2008-11-14,50.02872848510742
2008-11-17,49.02460479736328
2008-11-18,45.598793029785156
2008-11-19,45.598793029785156
2008-11-20,44.240272521972656
2008-11-21,45.598793029785156
2008-11-24,45.598793029785156
2008-11-25,47.19356155395508
2008-11-26,47.72515869140625
2008-11-27,50.501251220703125
2008-11-28,49.319942474365234
2008-12-01,50.20591735839844
2008-12-02,47.843292236328125
2008-12-03,46.07132339477539
2008-12-04,46.07132339477539
2008-12-05,46.36664581298828
2008-12-08,48.13862228393555
2008-12-09,47.843292236328125
2008-12-10,50.20591735839844
2008-12-11,50.501251220703125
2008-12-12,47.66609573364258
2008-12-15,49.55619430541992
2008-12-16,49.02460479736328
2008-12-17,49.7924690246582
2008-12-18,49.7924690246582
2008-12-19,51.85976791381836
2008-12-22,49.37898635864258
2008-12-23,49.02460479736328
2008-12-24,49.02460479736328
2008-12-25,49.20180130004883
2008-12-26,49.615264892578125
2008-12-29,50.73751449584961
2008-12-30,51.977901458740234
2008-12-31,51.977901458740234
2009-01-02,51.977901458740234
2009-01-05,52.568546295166016
2009-01-06,52.50949478149414
2009-01-07,52.450408935546875
2009-01-08,50.32405090332031
2009-01-09,50.501251220703125
2009-01-12,49.55619430541992
2009-01-13,49.85152816772461
2009-01-14,51.09190368652344
2009-01-15,50.20591735839844
2009-01-16,50.85564041137695
2009-01-19,51.269107818603516
2009-01-20,50.79658508300781
2009-01-21,50.79658508300781
2009-02-02,53.10014343261719
2009-02-03,56.40782928466797
2009-02-04,57.29380798339844
2009-02-05,56.70315933227539
2009-02-06,56.998477935791016
2009-02-09,56.23063278198242
2009-02-10,55.81718063354492
2009-02-11,56.821285247802734
2009-02-12,56.52595901489258
2009-02-13,57.05755615234375
2009-02-16,57.76633071899414
2009-02-17,57.116607666015625
2009-02-18,56.70315933227539
2009-02-19,57.05755615234375
2009-02-20,56.05344009399414
2009-02-23,56.17155456542969
2009-02-24,56.23063278198242
2009-02-25,56.70315933227539
2009-02-26,56.64408874511719
2009-02-27,56.76222229003906
2009-03-02,56.40782928466797
2009-03-03,56.23063278198242
2009-03-04,56.64408874511719
2009-03-05,56.58503723144531
2009-03-06,56.58503723144531
2009-03-09,56.23063278198242
2009-03-10,56.289695739746094
2009-03-11,56.466888427734375
2009-03-12,56.466888427734375
2009-03-13,60.24710464477539
2009-03-16,60.542423248291016
2009-03-17,61.42842483520508
2009-03-18,61.13309860229492
2009-03-19,61.13309860229492
2009-03-20,61.13309860229492
2009-03-23,61.7237434387207
2009-03-24,65.85835266113281
2009-03-25,66.15367889404297
2009-03-26,69.99295806884766
2009-03-27,69.6976318359375
2009-03-30,65.56304168701172
2009-03-31,67.03965759277344
2009-04-02,68.51631164550781
2009-04-03,67.33499908447266
2009-04-06,66.44901275634766
2009-04-07,66.44901275634766
2009-04-08,67.03965759277344
2009-04-09,67.63032531738281
2009-04-10,67.03965759277344
2009-04-13,71.46961212158203
2009-04-14,71.76493072509766
2009-04-15,68.81163787841797
2009-04-16,69.1069564819336
2009-04-17,65.85835266113281
2009-04-20,67.63032531738281
2009-04-21,67.63032531738281
2009-04-22,66.74433898925781
2009-04-23,67.03965759277344
2009-04-24,69.40230560302734
2009-04-27,67.9256591796875
2009-04-28,65.85835266113281
2009-04-29,63.4957389831543
2009-04-30,67.9256591796875
2009-05-04,69.1069564819336
2009-05-05,68.22097778320312
2009-05-06,72.65092468261719
2009-05-07,73.24156951904297
2009-05-08,73.83222961425781
2009-05-11,72.94625091552734
2009-05-12,69.99295806884766
2009-05-13,70.28828430175781
2009-05-14,70.28828430175781
2009-05-15,73.53691101074219
2009-05-18,72.94625091552734
2009-05-19,72.94625091552734
2009-05-20,72.35559844970703
2009-05-21,74.1275634765625
2009-05-22,73.53691101074219
2009-05-25,74.42288970947266
2009-05-26,75.01353454589844
2009-05-27,74.42288970947266
2009-06-01,72.06026458740234
2009-06-02,72.94625091552734
2009-06-03,70.87894439697266
2009-06-04,67.63032531738281
2009-06-05,69.1069564819336
2009-06-08,67.63032531738281
2009-06-09,65.56304168701172
2009-06-10,63.79105758666992
2009-06-11,64.67704010009766
2009-06-12,61.7237434387207
2009-06-15,59.95177459716797
2009-06-16,59.36112594604492
2009-06-17,58.179805755615234
2009-06-18,58.475128173828125
2009-06-19,59.006717681884766
2009-06-22,59.65644836425781
2009-06-23,59.36112594604492
2009-06-24,59.95177459716797
2009-06-25,60.8377571105957
2009-06-26,62.60975646972656
2009-06-29,60.8377571105957
2009-06-30,61.7237434387207
2009-07-01,62.31440734863281
2009-07-02,64.38170623779297
2009-07-03,64.38170623779297
2009-07-06,64.38170623779297
2009-07-07,68.81163787841797
2009-07-08,68.51631164550781
2009-07-09,69.99295806884766
2009-07-10,70.87894439697266
2009-07-13,69.40230560302734
2009-07-14,74.1275634765625
2009-07-15,79.14815521240234
2009-07-16,83.28276062011719
2009-07-17,88.89401245117188
2009-07-20,91.55196380615234
2009-07-21,95.68658447265625
2009-07-22,95.09590911865234
2009-07-23,92.43795776367188
2009-07-24,92.43795776367188
2009-07-27,92.73329162597656
2009-07-28,98.63988494873047
2009-07-29,105.43241882324219
2009-07-30,111.043701171875
2009-07-31,109.86237335205078
2009-08-03,106.31842803955078
2009-08-04,107.20439910888672
2009-08-05,103.66045379638672
2009-08-06,100.41183471679688
2009-08-07,100.41183471679688
2009-08-10,107.20439910888672
2009-08-11,107.79503631591797
2009-08-12,107.20439910888672
2009-08-13,107.20439910888672
2009-08-14,110.74834442138672
2009-08-17,107.20439910888672
2009-08-18,102.18380737304688
2009-08-19,102.4791488647461
2009-08-20,101.2978286743164
2009-08-21,98.93521118164062
2009-08-24,99.5258560180664
2009-08-25,100.11652374267578
2009-08-26,99.21456146240234
2009-08-27,99.54527282714844
2009-08-28,101.1988525390625
2009-08-31,108.14386749267578
2009-09-01,114.75819396972656
2009-09-02,113.76600646972656
2009-09-03,115.75033569335938
2009-09-04,115.08888244628906
2009-09-07,114.4274673461914
2009-09-08,113.43531036376953
2009-09-09,112.11245727539062
2009-09-10,112.44316864013672
2009-09-11,113.76600646972656
2009-09-14,113.76600646972656
2009-09-15,113.76600646972656
2009-09-16,115.41961669921875
2009-09-17,115.08888244628906
2009-09-18,115.75033569335938
2009-09-21,123.6875
2009-09-22,126.99465942382812
2009-09-23,125.01033020019531
2009-09-24,124.67962646484375
2009-09-25,123.02606964111328
2009-09-28,123.02606964111328
2009-09-29,123.02606964111328
2009-09-30,123.35676574707031
2009-10-01,121.0417709350586
2009-10-02,117.07318115234375
2009-10-05,118.72677612304688
2009-10-06,119.71888732910156
2009-10-07,119.0574722290039
2009-10-08,115.08888244628906
2009-10-09,109.79745483398438
2009-10-12,108.47460174560547
2009-10-13,108.47460174560547
2009-10-14,109.79745483398438
2009-10-15,107.81316375732422
2009-10-16,107.1517333984375
2009-10-19,107.4824447631836
2009-10-20,107.4824447631836
2009-10-21,106.82100677490234
2009-10-22,107.1517333984375
2009-10-23,108.8052978515625
2009-10-26,110.4588851928711
2009-10-27,110.78958892822266
2009-10-28,110.78958892822266
2009-10-29,110.78958892822266
2009-10-30,112.77389526367188
2009-11-02,112.77389526367188
2009-11-03,113.43531036376953
2009-11-04,115.41961669921875
2009-11-05,118.0653305053711
2009-11-06,118.39602661132812
2009-11-09,117.73461151123047
2009-11-10,117.40386962890625
2009-11-11,116.74246215820312
2009-11-12,119.38818359375
2009-11-13,118.72677612304688
2009-11-16,117.07318115234375
2009-11-17,116.74246215820312
2009-11-18,118.0653305053711
2009-11-19,117.07318115234375
2009-11-20,114.4274673461914
2009-11-23,113.43531036376953
2009-11-24,112.11245727539062
2009-11-25,112.44316864013672
2009-11-26,110.4588851928711
2009-11-27,108.14386749267578
2009-11-30,109.13600158691406
2009-12-01,109.13600158691406
2009-12-02,112.44316864013672
2009-12-03,110.4588851928711
2009-12-04,110.4588851928711
2009-12-07,110.78958892822266
2009-12-08,109.13600158691406
2009-12-09,110.4588851928711
2009-12-10,107.81316375732422
2009-12-11,109.79745483398438
2009-12-14,110.12818145751953
2009-12-15,109.46672058105469
2009-12-16,112.77389526367188
2009-12-17,112.11245727539062
2009-12-18,111.45099639892578
2009-12-21,115.41961669921875
2009-12-22,114.09674072265625
2009-12-23,115.41961669921875
2009-12-24,114.75819396972656
2009-12-25,113.76600646972656
2009-12-28,112.11245727539062
2009-12-29,114.09674072265625
2009-12-30,113.76600646972656
2009-12-31,115.08888244628906
2010-01-04,117.07318115234375
2010-01-05,114.75819396972656
2010-01-06,115.75033569335938
2010-01-07,114.75819396972656
2010-01-08,114.4274673461914
2010-01-11,111.78173065185547
2010-01-12,113.43531036376953
2010-01-13,113.43531036376953
2010-01-14,113.76600646972656
2010-01-15,114.75819396972656
2010-01-18,122.69536590576172
2010-01-19,130.6324920654297
2010-01-20,128.97891235351562
2010-01-21,126.33320617675781
2010-01-22,126.33320617675781
2010-01-25,122.03388214111328
2010-01-26,115.41961669921875
2010-01-27,112.44316864013672
2010-01-28,114.75819396972656
2010-01-29,116.0810317993164
2010-02-01,115.08888244628906
2010-02-02,112.44316864013672
2010-02-03,114.09674072265625
2010-02-04,114.75819396972656
2010-02-05,111.12031555175781
2010-02-08,112.77389526367188
2010-02-09,112.44316864013672
2010-02-10,113.43531036376953
2010-02-22,114.75819396972656
2010-02-23,114.09674072265625
2010-02-24,114.09674072265625
2010-02-25,114.4274673461914
2010-02-26,114.4274673461914
2010-03-01,115.08888244628906
2010-03-02,115.41961669921875
2010-03-03,119.71888732910156
2010-03-04,118.0653305053711
2010-03-05,118.39602661132812
2010-03-08,118.72677612304688
2010-03-09,120.04962158203125
2010-03-10,119.38818359375
2010-03-11,120.38033294677734
2010-03-12,120.71102142333984
2010-03-15,119.0574722290039
2010-03-16,119.71888732910156
2010-03-17,121.37249755859375
2010-03-18,121.37249755859375
2010-03-19,123.02606964111328
2010-03-22,122.69536590576172
2010-03-23,123.35676574707031
2010-03-24,125.34104919433594
2010-03-25,126.66387176513672
2010-03-26,131.62466430664062
2010-03-29,129.30966186523438
2010-03-30,124.34890747070312
2010-03-31,126.00250244140625
2010-04-01,124.67962646484375
2010-04-02,126.33320617675781
2010-04-06,128.97891235351562
2010-04-07,128.97891235351562
2010-04-08,126.33320617675781
2010-04-09,125.01033020019531
2010-04-12,125.67179870605469
2010-04-13,123.6875
2010-04-14,125.34104919433594
2010-04-15,126.66387176513672
2010-04-16,128.97891235351562
2010-04-19,125.34104919433594
2010-04-20,126.33320617675781
2010-04-21,127.65605163574219
2010-04-22,126.00250244140625
2010-04-23,124.34890747070312
2010-04-26,126.00250244140625
2010-04-27,126.33320617675781
2010-04-28,125.01033020019531
2010-04-29,123.6875
2010-04-30,121.70321655273438
2010-05-03,122.36463928222656
2010-05-04,125.01033020019531
2010-05-05,121.0417709350586
2010-05-06,120.71102142333984
2010-05-07,120.04962158203125
2010-05-10,117.40386962890625
2010-05-11,118.0653305053711
2010-05-12,117.40386962890625
2010-05-13,118.0653305053711
2010-05-14,117.73461151123047
2010-05-17,114.75819396972656
2010-05-18,114.75819396972656
2010-05-19,115.08888244628906
2010-05-20,113.10460662841797
2010-05-21,111.45099639892578
2010-05-24,113.43531036376953
2010-05-25,112.44316864013672
2010-05-26,113.43531036376953
2010-05-27,117.07318115234375
2010-05-28,117.07318115234375
2010-05-31,116.0810317993164
2010-06-01,115.75033569335938
2010-06-02,113.76600646972656
2010-06-03,115.08888244628906
2010-06-04,115.41961669921875
2010-06-07,113.10460662841797
2010-06-08,112.11245727539062
2010-06-09,113.10460662841797
2010-06-10,112.77389526367188
2010-06-11,114.09674072265625
2010-06-14,115.41961669921875
2010-06-15,115.41961669921875
2010-06-17,117.07318115234375
2010-06-18,117.07318115234375
2010-06-21,117.07318115234375
2010-06-22,116.74246215820312
2010-06-23,115.41961669921875
2010-06-24,115.41961669921875
2010-06-25,113.76600646972656
2010-06-28,113.43531036376953
2010-06-29,111.78173065185547
2010-06-30,113.43531036376953
2010-07-01,114.09674072265625
2010-07-02,112.11245727539062
2010-07-05,111.78173065185547
2010-07-06,113.43531036376953
2010-07-07,111.78173065185547
2010-07-08,112.11245727539062
2010-07-09,113.10460662841797
2010-07-12,114.09674072265625
2010-07-13,111.45099639892578
2010-07-14,112.11245727539062
2010-07-15,108.47460174560547
2010-07-16,107.4824447631836
2010-07-19,106.49028778076172
2010-07-20,106.82100677490234
2010-07-21,108.8052978515625
2010-07-22,109.79745483398438
2010-07-23,109.79745483398438
2010-07-26,110.78958892822266
2010-07-27,109.79745483398438
2010-07-28,109.79745483398438
2010-07-29,108.47460174560547
2010-07-30,108.14386749267578
2010-08-02,111.45099639892578
2010-08-03,110.78958892822266
2010-08-04,108.8052978515625
2010-08-05,108.47460174560547
2010-08-06,109.13600158691406
2010-08-09,109.13600158691406
2010-08-10,108.8052978515625
2010-08-11,109.13600158691406
2010-08-12,109.13600158691406
2010-08-13,110.4588851928711
2010-08-16,111.78173065185547
2010-08-17,111.78173065185547
2010-08-18,111.78173065185547
2010-08-19,111.78173065185547
2010-08-20,113.79241943359375
2010-08-23,111.64541625976562
2010-08-24,112.00325775146484
2010-08-25,112.361083984375
2010-08-26,110.21408081054688
2010-08-27,108.78269958496094
2010-08-30,106.27786254882812
2010-08-31,101.6259765625
2010-09-01,101.6259765625
2010-09-02,101.6259765625
2010-09-03,104.48866271972656
2010-09-06,104.84651184082031
2010-09-07,103.77296447753906
2010-09-08,103.77296447753906
2010-09-09,103.77296447753906
2010-09-10,103.77296447753906
2010-09-13,103.77296447753906
2010-09-14,103.77296447753906
2010-09-15,103.05731964111328
2010-09-16,103.77296447753906
2010-09-17,110.92972564697266
2010-09-20,110.57189178466797
2010-09-21,110.57189178466797
2010-09-23,110.92972564697266
2010-09-24,111.64541625976562
2010-09-27,110.57189178466797
2010-09-28,109.4983901977539
2010-09-29,111.64541625976562
2010-09-30,111.28759002685547
2010-10-01,110.21408081054688
2010-10-04,108.78269958496094
2010-10-05,108.78269958496094
2010-10-06,108.42488098144531
2010-10-07,108.78269958496094
2010-10-08,107.35136413574219
2010-10-11,107.70919799804688
2010-10-12,106.27786254882812
2010-10-13,104.13082885742188
2010-10-14,103.05731964111328
2010-10-15,103.05731964111328
2010-10-18,100.1946029663086
2010-10-19,100.55244445800781
2010-10-20,100.91026306152344
2010-10-21,102.34163665771484
2010-10-22,100.91026306152344
2010-10-25,100.91026306152344
2010-10-26,99.8367691040039
2010-10-27,100.1946029663086
2010-10-28,101.6259765625
2010-10-29,101.26810455322266
2010-11-01,102.6994857788086
2010-11-02,101.98380279541016
2010-11-03,100.91026306152344
2010-11-04,101.6259765625
2010-11-05,102.6994857788086
2010-11-08,101.98380279541016
2010-11-09,101.98380279541016
2010-11-10,101.98380279541016
2010-11-11,101.98380279541016
2010-11-12,100.1946029663086
2010-11-15,100.91026306152344
2010-11-16,100.1946029663086
2010-11-17,100.91026306152344
2010-11-18,100.55244445800781
2010-11-19,100.91026306152344
2010-11-22,101.26810455322266
2010-11-23,101.26810455322266
2010-11-24,101.26810455322266
2010-11-25,104.13082885742188
2010-11-26,104.84651184082031
2010-11-29,104.84651184082031
2010-11-30,106.63568115234375
2010-12-01,108.0670394897461
2010-12-02,108.0670394897461
2010-12-03,108.0670394897461
2010-12-06,106.9935302734375
2010-12-07,106.27786254882812
2010-12-08,104.84651184082031
2010-12-09,106.9935302734375
2010-12-10,108.0670394897461
2010-12-13,108.42488098144531
2010-12-14,108.0670394897461
2010-12-15,108.0670394897461
2010-12-16,107.70919799804688
2010-12-17,107.35136413574219
2010-12-20,106.9935302734375
2010-12-21,107.35136413574219
2010-12-22,107.35136413574219
2010-12-23,107.35136413574219
2010-12-24,107.35136413574219
2010-12-27,106.9935302734375
2010-12-28,106.9935302734375
2010-12-29,106.27786254882812
2010-12-30,105.92001342773438
2010-12-31,105.56216430664062
2011-01-03,103.41514587402344
2011-01-04,109.85621643066406
2011-01-05,107.35136413574219
2011-01-06,109.14054107666016
2011-01-07,109.85621643066406
2011-01-10,110.21408081054688
2011-01-11,110.92972564697266
2011-01-12,112.361083984375
2011-01-13,112.361083984375
2011-01-14,111.64541625976562
2011-01-17,110.21408081054688
2011-01-18,111.64541625976562
2011-01-19,112.00325775146484
2011-01-20,109.85621643066406
2011-01-21,107.70919799804688
2011-01-24,105.92001342773438
2011-01-25,106.63568115234375
2011-01-26,107.70919799804688
2011-01-27,108.0670394897461
2011-01-28,107.70919799804688
2011-02-08,108.0670394897461
2011-02-09,108.0670394897461
2011-02-10,110.92972564697266
2011-02-11,108.42488098144531
2011-02-14,110.21408081054688
2011-02-15,110.57189178466797
2011-02-16,111.64541625976562
2011-02-17,112.00325775146484
2011-02-18,112.361083984375
2011-02-21,110.21408081054688
2011-02-22,109.85621643066406
2011-02-23,109.14054107666016
2011-02-24,110.57189178466797
2011-02-25,110.92972564697266
2011-03-01,112.361083984375
2011-03-02,112.71893310546875
2011-03-03,113.07678985595703
2011-03-04,111.64541625976562
2011-03-07,111.64541625976562
2011-03-08,113.07678985595703
2011-03-09,112.71893310546875
2011-03-10,112.71893310546875
2011-03-11,112.71893310546875
2011-03-14,110.21408081054688
2011-03-15,106.9935302734375
2011-03-16,105.92001342773438
2011-03-17,103.41514587402344
2011-03-18,103.77296447753906
2011-03-21,104.84651184082031
2011-03-22,104.48866271972656
2011-03-23,104.84651184082031
2011-03-24,104.84651184082031
2011-03-25,104.48866271972656
2011-03-28,102.6994857788086
2011-03-29,103.41514587402344
2011-03-30,104.13082885742188
2011-03-31,104.48866271972656
2011-04-01,104.13082885742188
2011-04-06,105.204345703125
2011-04-07,105.92001342773438
2011-04-08,105.92001342773438
2011-04-11,108.78269958496094
2011-04-12,109.4983901977539
2011-04-13,109.4983901977539
2011-04-14,109.4983901977539
2011-04-15,108.42488098144531
2011-04-18,108.0670394897461
2011-04-19,108.42488098144531
2011-04-20,108.42488098144531
2011-04-21,107.70919799804688
2011-04-22,110.57189178466797
2011-04-25,108.78269958496094
2011-04-26,106.9935302734375
2011-04-27,107.35136413574219
2011-04-28,106.63568115234375
2011-04-29,105.92001342773438
2011-05-03,105.204345703125
2011-05-04,104.48866271972656
2011-05-05,103.77296447753906
2011-05-06,103.05731964111328
2011-05-09,101.26810455322266
2011-05-10,99.47892761230469
2011-05-11,96.25838470458984
2011-05-12,96.25838470458984
2011-05-13,96.97406005859375
2011-05-16,94.11137390136719
2011-05-17,95.542724609375
2011-05-18,96.25838470458984
2011-05-19,92.68000793457031
2011-05-20,91.60650634765625
2011-05-23,88.7437973022461
2011-05-24,90.1751480102539
2011-05-25,92.32217407226562
2011-05-26,91.2486572265625
2011-05-27,89.45948028564453
2011-05-30,90.1751480102539
2011-05-31,90.1751480102539
2011-06-01,91.96434020996094
2011-06-02,93.75352478027344
2011-06-03,92.68000793457031
2011-06-07,93.75352478027344
2011-06-08,98.0475845336914
2011-06-09,96.6162338256836
2011-06-10,95.90055084228516
2011-06-13,96.25838470458984
2011-06-14,95.90055084228516
2011-06-15,93.75352478027344
2011-06-16,92.68000793457031
2011-06-17,92.68000793457031
2011-06-20,88.38595581054688
2011-06-21,85.88108825683594
2011-06-22,85.52326965332031
2011-06-23,84.44973754882812
2011-06-24,86.5967788696289
2011-06-27,85.88108825683594
2011-06-28,86.2389144897461
2011-06-29,87.31244659423828
2011-06-30,86.95460510253906
2011-07-01,86.95460510253906
2011-07-04,87.31244659423828
2011-07-05,91.2486572265625
2011-07-06,95.90055084228516
2011-07-07,96.97406005859375
2011-07-08,94.46919250488281
2011-07-11,94.82701873779297
2011-07-12,91.96434020996094
2011-07-13,94.11137390136719
2011-07-14,92.32217407226562
2011-07-15,93.39568328857422
2011-07-18,90.89081573486328
2011-07-19,90.1751480102539
2011-07-20,93.03784942626953
2011-07-21,92.32217407226562
2011-07-22,95.18487548828125
2011-07-25,94.46919250488281
2011-07-26,94.46920013427734
2011-07-27,93.72240447998047
2011-07-28,94.09581756591797
2011-07-29,91.4820327758789
2011-08-01,97.82978057861328
2011-08-02,100.81694793701172
2011-08-03,101.56372833251953
2011-08-04,101.19032287597656
2011-08-05,94.46920013427734
2011-08-08,88.12146759033203
2011-08-09,90.36185455322266
2011-08-10,89.61505126953125
2011-08-11,88.12146759033203
2011-08-12,88.12146759033203
2011-08-15,89.61505126953125
2011-08-16,89.61505126953125
2011-08-17,88.49486541748047
2011-08-18,85.13429260253906
2011-08-19,79.53337097167969
2011-08-22,74.08177185058594
2011-08-23,73.78306579589844
2011-08-24,75.42601013183594
2011-08-25,74.3058090209961
2011-08-26,75.05260467529297
2011-08-29,75.42601013183594
2011-08-30,76.91959381103516
2011-08-31,77.66639709472656
2011-09-01,78.03977966308594
2011-09-02,78.41316223144531
2011-09-05,77.29297637939453
2011-09-06,73.18563079833984
2011-09-07,76.54618835449219
2011-09-08,76.17279052734375
2011-09-09,75.79940795898438
2011-09-13,74.3058090209961
2011-09-14,73.93242645263672
2011-09-15,75.05260467529297
2011-09-16,76.17279052734375
2011-09-19,75.79940795898438
2011-09-20,75.79940795898438
2011-09-21,81.02693939208984
2011-09-22,79.9067611694336
2011-09-23,75.42601013183594
2011-09-26,73.18563079833984
2011-09-27,74.67920684814453
2011-09-28,75.79940795898438
2011-09-29,76.54618835449219
2011-09-30,80.2801513671875
2011-10-03,78.03977966308594
2011-10-04,79.9067611694336
2011-10-05,79.9067611694336
2011-10-06,79.9067611694336
2011-10-07,79.15995788574219
2011-10-11,79.53337097167969
2011-10-12,78.41316223144531
2011-10-13,79.53337097167969
2011-10-14,79.53337097167969
2011-10-17,82.14713287353516
2011-10-18,82.52053833007812
2011-10-19,84.01412200927734
2011-10-20,84.01412200927734
2011-10-21,86.62788391113281
2011-10-24,88.8682632446289
2011-10-25,88.8682632446289
2011-10-26,88.12146759033203
2011-10-27,90.7352294921875
2011-10-28,95.58939361572266
2011-10-31,97.08297729492188
2011-11-01,98.20317840576172
2011-11-02,98.5765609741211
2011-11-03,97.82978057861328
2011-11-04,98.94994354248047
2011-11-07,105.67106628417969
2011-11-08,104.92430877685547
2011-11-09,105.67106628417969
2011-11-10,101.56372833251953
2011-11-11,101.93711853027344
2011-11-14,102.68390655517578
2011-11-15,102.31051635742188
2011-11-16,100.07014465332031
2011-11-17,101.19032287597656
2011-11-18,100.81694793701172
2011-11-21,96.336181640625
2011-11-22,97.08297729492188
2011-11-23,96.70957946777344
2011-11-24,92.60221099853516
2011-11-25,88.8682632446289
2011-11-28,94.84259033203125
2011-11-29,100.44354248046875
2011-11-30,100.81694793701172
2011-12-01,102.68390655517578
2011-12-02,100.81694793701172
2011-12-05,104.17749786376953
2011-12-06,98.5765609741211
2011-12-07,101.93711853027344
2011-12-08,100.07014465332031
2011-12-09,99.69676208496094
2011-12-12,98.5765609741211
2011-12-13,100.81694793701172
2011-12-14,101.56372833251953
2011-12-15,102.31051635742188
2011-12-16,101.56372833251953
2011-12-19,99.69676208496094
2011-12-20,100.81694793701172
2011-12-21,103.05731964111328
2011-12-22,102.31051635742188
2011-12-23,109.03164672851562
2011-12-26,110.15182495117188
2011-12-27,109.77845001220703
2011-12-28,109.77845001220703
2011-12-29,109.03164672851562
2011-12-30,107.53807830810547
2012-01-02,107.53807830810547
2012-01-03,107.53807830810547
2012-01-04,107.53807830810547
2012-01-05,107.53807830810547
2012-01-06,107.91146087646484
2012-01-09,108.65825653076172
2012-01-10,107.16468048095703
2012-01-11,106.41787719726562
2012-01-12,102.31051635742188
2012-01-13,103.43070983886719
2012-01-16,103.43070983886719
2012-01-17,109.03164672851562
2012-01-18,108.28483581542969
2012-01-30,109.03164672851562
2012-01-31,112.01881408691406
2012-02-01,117.24634552001953
2012-02-02,117.99317932128906
2012-02-03,116.49956512451172
2012-02-06,114.25920104980469
2012-02-07,113.88578796386719
2012-02-08,116.12619018554688
2012-02-09,115.75276184082031
2012-02-10,113.88578796386719
2012-02-13,115.3793716430664
2012-02-14,113.88578796386719
2012-02-15,116.49956512451172
2012-02-16,115.75276184082031
2012-02-17,114.63257598876953
2012-02-20,115.75276184082031
2012-02-21,115.75276184082031
2012-02-22,119.86013793945312
2012-02-23,117.99317932128906
2012-02-24,115.3793716430664
2012-02-29,119.48674011230469
2012-03-01,120.98033905029297
2012-03-02,120.98033905029297
2012-03-05,131.06201171875
2012-03-06,129.19503784179688
2012-03-07,129.9418182373047
2012-03-08,129.9418182373047
2012-03-09,132.92901611328125
2012-03-12,131.80880737304688
2012-03-13,130.68862915039062
2012-03-14,129.5684051513672
2012-03-15,138.5299072265625
2012-03-16,138.1565704345703
2012-03-19,138.5299072265625
2012-03-20,138.1565704345703
2012-03-21,134.7959747314453
2012-03-22,134.7959747314453
2012-03-23,133.67581176757812
2012-03-26,132.92901611328125
2012-03-27,129.9418182373047
2012-03-28,133.3023681640625
2012-03-29,129.9418182373047
2012-03-30,132.5555877685547
2012-04-02,129.5684051513672
2012-04-03,124.71428680419922
2012-04-05,123.22071075439453
2012-04-06,128.82162475585938
2012-04-09,126.2078628540039
2012-04-10,126.2078628540039
2012-04-11,125.83445739746094
2012-04-12,128.07485961914062
2012-04-13,129.19503784179688
2012-04-16,128.82162475585938
2012-04-17,126.95465850830078
2012-04-18,128.44825744628906
2012-04-19,123.96749877929688
2012-04-20,124.34088134765625
2012-04-23,125.4610824584961
2012-04-24,122.47391510009766
2012-04-25,123.22071075439453
2012-04-26,119.11333465576172
2012-04-27,114.25920104980469
2012-04-30,108.28483581542969
2012-05-02,115.75276184082031
2012-05-03,119.48674011230469
2012-05-04,122.10049438476562
2012-05-07,121.72708892822266
2012-05-08,125.08767700195312
2012-05-09,126.2078628540039
2012-05-10,126.2078628540039
2012-05-11,124.71428680419922
2012-05-14,124.34088134765625
2012-05-15,125.08767700195312
2012-05-16,122.8472900390625
2012-05-17,123.22071075439453
2012-05-18,120.23352813720703
2012-05-21,119.11333465576172
2012-05-22,124.71428680419922
2012-05-23,122.10049438476562
2012-05-24,121.72708892822266
2012-05-25,121.35372161865234
2012-05-28,120.60693359375
2012-05-29,123.22071075439453
2012-05-30,124.34088134765625
2012-05-31,127.70144653320312
2012-06-01,125.08767700195312
2012-06-04,122.47391510009766
2012-06-05,123.22071075439453
2012-06-06,129.19503784179688
2012-06-07,126.58128356933594
2012-06-08,127.32804107666016
2012-06-11,126.2078628540039
2012-06-12,123.96749877929688
2012-06-13,125.4610824584961
2012-06-14,125.08767700195312
2012-06-15,128.44825744628906
2012-06-18,127.32804107666016
2012-06-19,126.58128356933594
2012-06-20,126.95465850830078
2012-06-21,126.95465850830078
2012-06-22,126.58128356933594
2012-06-25,124.71428680419922
2012-06-26,124.34088134765625
2012-06-27,126.2078628540039
2012-06-28,125.83445739746094
2012-06-29,125.83445739746094
2012-07-02,128.44825744628906
2012-07-03,128.82162475585938
2012-07-04,134.42257690429688
2012-07-05,134.7959747314453
2012-07-06,134.7959747314453
2012-07-09,130.68862915039062
2012-07-10,130.68862915039062
2012-07-11,131.06201171875
2012-07-12,131.06201171875
2012-07-13,131.80880737304688
2012-07-16,132.92901611328125
2012-07-17,132.92901611328125
2012-07-18,132.1822052001953
2012-07-19,132.1822052001953
2012-07-20,132.92901611328125
2012-07-23,129.5684051513672
2012-07-24,128.82162475585938
2012-07-25,128.44825744628906
2012-07-26,126.95465850830078
2012-07-27,127.32804107666016
2012-07-30,128.07485961914062
2012-07-31,129.9418182373047
2012-08-01,130.3251190185547
2012-08-02,130.3251190185547
2012-08-03,130.7084503173828
2012-08-06,125.72543334960938
2012-08-07,128.02528381347656
2012-08-08,129.55853271484375
2012-08-09,133.77491760253906
2012-08-10,134.9248504638672
2012-08-13,134.9248504638672
2012-08-14,134.5415496826172
2012-08-15,133.39161682128906
2012-08-16,134.5415496826172
2012-08-17,132.62501525878906
2012-08-20,133.77491760253906
2012-08-21,133.77491760253906
2012-08-22,132.24166870117188
2012-08-23,131.47506713867188
2012-08-24,132.62501525878906
2012-08-27,133.39161682128906
2012-08-28,133.39161682128906
2012-08-29,132.62501525878906
2012-08-30,132.24166870117188
2012-08-31,136.45809936523438
2012-09-03,137.6080322265625
2012-09-04,137.99131774902344
2012-09-05,137.2247314453125
2012-09-06,134.15823364257812
2012-09-07,133.77491760253906
2012-09-10,133.39161682128906
2012-09-11,134.15823364257812
2012-09-12,134.9248504638672
2012-09-13,134.9248504638672
2012-09-14,134.9248504638672
2012-09-17,132.62501525878906
2012-09-18,132.62501525878906
2012-09-19,132.62501525878906
2012-09-20,133.77491760253906
2012-09-21,135.6914825439453
2012-09-24,134.5415496826172
2012-09-25,133.39161682128906
2012-09-26,129.94183349609375
2012-09-27,128.7919158935547
2012-09-28,128.7919158935547
2012-10-01,129.94183349609375
2012-10-02,129.55853271484375
2012-10-03,129.94183349609375
2012-10-04,129.94183349609375
2012-10-05,129.94183349609375
2012-10-08,127.64197540283203
2012-10-09,128.4086151123047
2012-10-11,129.17520141601562
2012-10-12,128.7919158935547
2012-10-15,129.17520141601562
2012-10-16,129.94183349609375
2012-10-17,129.94183349609375
2012-10-18,129.94183349609375
2012-10-19,128.7919158935547
2012-10-22,127.64197540283203
2012-10-23,129.17520141601562
2012-10-24,129.17520141601562
2012-10-25,128.7919158935547
2012-10-26,124.95880126953125
2012-10-29,124.95880126953125
2012-10-30,127.64197540283203
2012-10-31,125.72543334960938
2012-11-01,126.49205780029297
2012-11-02,129.55853271484375
2012-11-05,129.94183349609375
2012-11-06,129.55853271484375
2012-11-07,128.02528381347656
2012-11-08,128.02528381347656
2012-11-09,128.4086151123047
2012-11-12,128.4086151123047
2012-11-13,127.25868225097656
2012-11-14,126.87535858154297
2012-11-15,126.49205780029297
2012-11-16,129.55853271484375
2012-11-19,129.55853271484375
2012-11-20,127.25868225097656
2012-11-21,126.87535858154297
2012-11-22,128.02528381347656
2012-11-23,128.4086151123047
2012-11-26,129.94183349609375
2012-11-27,128.7919158935547
2012-11-28,129.17520141601562
2012-11-29,129.55853271484375
2012-11-30,129.55853271484375
2012-12-03,130.3251190185547
2012-12-04,131.0917510986328
2012-12-05,131.0917510986328
2012-12-06,134.5415496826172
2012-12-07,133.77491760253906
2012-12-10,133.77491760253906
2012-12-11,133.39161682128906
2012-12-12,134.15823364257812
2012-12-13,134.5415496826172
2012-12-14,134.15823364257812
2012-12-17,133.39161682128906
2012-12-18,134.15823364257812
2012-12-19,134.9248504638672
2012-12-20,134.5415496826172
2012-12-21,134.9248504638672
2012-12-24,134.9248504638672
2012-12-25,137.99131774902344
2012-12-26,138.75790405273438
2012-12-27,139.5245819091797
2012-12-28,141.05780029296875
2013-01-02,141.82440185546875
2013-01-03,141.05780029296875
2013-01-04,138.75790405273438
2013-01-07,140.6744842529297
2013-01-08,141.82440185546875
2013-01-09,142.20770263671875
2013-01-10,143.357666015625
2013-01-11,144.124267578125
2013-01-14,145.27418518066406
2013-01-15,145.27418518066406
2013-01-16,143.357666015625
2013-01-17,143.357666015625
2013-01-18,145.6575469970703
2013-01-21,146.42413330078125
2013-01-22,146.8074188232422
2013-01-23,146.0408172607422
2013-01-24,146.42413330078125
2013-01-25,147.1907196044922
2013-01-28,147.9573516845703
2013-01-29,149.4906005859375
2013-01-30,149.4906005859375
2013-01-31,148.34066772460938
2013-02-01,148.34066772460938
2013-02-04,148.7239990234375
2013-02-05,149.10728454589844
2013-02-06,149.4906005859375
2013-02-18,151.7904815673828
2013-02-19,151.7904815673828
2013-02-20,152.5570831298828
2013-02-21,151.40716552734375
2013-02-22,147.9573516845703
2013-02-25,148.7239990234375
2013-02-26,149.4906005859375
2013-02-27,149.4906005859375
2013-03-01,148.34066772460938
2013-03-04,145.6575469970703
2013-03-05,151.0238494873047
2013-03-06,152.5570831298828
2013-03-07,152.5570831298828
2013-03-08,151.7904815673828
2013-03-11,152.17376708984375
2013-03-12,150.25721740722656
2013-03-13,151.7904815673828
2013-03-14,154.09030151367188
2013-03-15,163.67303466796875
2013-03-18,166.35621643066406
2013-03-19,163.67303466796875
2013-03-20,163.67303466796875
2013-03-21,164.43966674804688
2013-03-22,166.73953247070312
2013-03-25,175.93893432617188
2013-03-26,175.1723175048828
2013-03-27,177.08885192871094
2013-03-28,178.23876953125
2013-03-29,173.2557830810547
2013-04-01,175.93893432617188
2013-04-02,178.62208557128906
2013-04-03,180.15536499023438
2013-04-08,177.85546875
2013-04-09,178.23876953125
2013-04-10,181.68858337402344
2013-04-11,181.68858337402344
2013-04-12,193.18785095214844
2013-04-15,193.95445251464844
2013-04-16,191.2713165283203
2013-04-17,194.72108459472656
2013-04-18,193.95445251464844
2013-04-19,193.95445251464844
2013-04-22,190.88800048828125
2013-04-23,190.88800048828125
2013-04-24,191.65463256835938
2013-04-25,188.20481872558594
2013-04-26,175.1723175048828
2013-04-29,180.15536499023438
2013-04-30,180.15536499023438
2013-05-02,180.92193603515625
2013-05-03,177.85546875
2013-05-06,177.47219848632812
2013-05-07,183.22181701660156
2013-05-08,182.07186889648438
2013-05-09,183.22181701660156
2013-05-10,183.60513305664062
2013-05-13,183.60513305664062
2013-05-14,177.47219848632812
2013-05-15,180.92193603515625
2013-05-16,180.92193603515625
2013-05-17,177.85546875
2013-05-20,175.93893432617188
2013-05-21,181.68858337402344
2013-05-22,181.68858337402344
2013-05-23,180.15536499023438
2013-05-24,179.3887481689453
2013-05-27,187.0548858642578
2013-05-28,187.0548858642578
2013-05-29,199.32081604003906
2013-05-30,197.0209503173828
2013-05-31,201.23733520507812
2013-06-03,200.08741760253906
2013-06-04,191.2713165283203
2013-06-05,190.1213836669922
2013-06-06,182.83851623535156
2013-06-07,172.10585021972656
2013-06-10,176.322265625
2013-06-11,174.7890167236328
2013-06-13,164.8229522705078
2013-06-14,164.43966674804688
2013-06-17,174.4057159423828
2013-06-18,174.4057159423828
2013-06-19,175.1723175048828
2013-06-20,177.47219848632812
2013-06-21,170.18927001953125
2013-06-24,169.80596923828125
2013-06-25,166.35621643066406
2013-06-26,163.67303466796875
2013-06-27,166.35621643066406
2013-06-28,168.6560821533203
2013-07-01,178.62208557128906
2013-07-02,177.85546875
2013-07-03,179.77203369140625
2013-07-04,179.77203369140625
2013-07-05,180.15536499023438
2013-07-08,184.75506591796875
2013-07-09,181.68858337402344
2013-07-10,182.45521545410156
2013-07-11,187.821533203125
2013-07-12,192.42124938964844
2013-07-15,196.25433349609375
2013-07-16,195.8710174560547
2013-07-17,189.35476684570312
2013-07-18,186.2882843017578
2013-07-19,188.971435546875
2013-07-22,191.2713165283203
2013-07-23,193.18785095214844
2013-07-24,196.25433349609375
2013-07-25,198.55419921875
2013-07-26,197.0209503173828
2013-07-29,196.25433349609375
2013-07-30,204.6871337890625
2013-07-31,205.45376586914062
2013-08-01,201.88095092773438
2013-08-02,205.40896606445312
2013-08-05,210.5050048828125
2013-08-06,217.56105041503906
2013-08-07,204.6249542236328
2013-08-08,194.43289184570312
2013-08-09,195.2169189453125
2013-08-12,195.2169189453125
2013-08-13,196.0009307861328
2013-08-14,199.92091369628906
2013-08-15,200.3129425048828
2013-08-16,198.3529052734375
2013-08-19,203.0569610595703
2013-08-20,205.01695251464844
2013-08-22,208.9369659423828
2013-08-23,210.89697265625
2013-08-26,208.9369659423828
2013-08-27,208.9369659423828
2013-08-28,207.76095581054688
2013-08-29,203.0569610595703
2013-08-30,199.13693237304688
2013-09-02,199.13693237304688
2013-09-03,200.70497131347656
2013-09-04,197.96092224121094
2013-09-05,197.96092224121094
2013-09-06,197.56895446777344
2013-09-09,192.0808868408203
2013-09-10,199.13693237304688
2013-09-11,203.84095764160156
2013-09-12,207.76095581054688
2013-09-13,203.44894409179688
2013-09-16,206.97698974609375
2013-09-17,205.8009490966797
2013-09-18,207.36895751953125
2013-09-23,206.97698974609375
2013-09-24,209.32901000976562
2013-09-25,208.15298461914062
2013-09-26,198.3529052734375
2013-09-27,202.27294921875
2013-09-30,202.66493225097656
2013-10-01,205.40896606445312
2013-10-02,210.5050048828125
2013-10-03,219.91302490234375
2013-10-04,227.7530517578125
2013-10-07,221.08900451660156
2013-10-08,205.8009490966797
2013-10-09,205.8009490966797
2013-10-11,203.0569610595703
2013-10-14,204.6249542236328
2013-10-15,206.1929931640625
2013-10-16,205.40896606445312
2013-10-17,202.27294921875
2013-10-18,203.44894409179688
2013-10-21,201.88095092773438
2013-10-22,200.70497131347656
2013-10-23,199.5289306640625
2013-10-24,202.27294921875
2013-10-25,203.84095764160156
2013-10-28,205.40896606445312
2013-10-29,203.0569610595703
2013-10-30,203.44894409179688
2013-10-31,203.84095764160156
2013-11-01,201.48892211914062
2013-11-04,199.92091369628906
2013-11-05,198.3529052734375
2013-11-06,199.5289306640625
2013-11-07,213.24899291992188
2013-11-08,220.69699096679688
2013-11-11,225.00909423828125
2013-11-12,225.00909423828125
2013-11-13,221.48104858398438
2013-11-14,219.12905883789062
2013-11-15,219.52101135253906
2013-11-18,219.52101135253906
2013-11-19,216.77699279785156
2013-11-20,206.1929931640625
2013-11-21,199.92091369628906
2013-11-22,209.72096252441406
2013-11-25,220.3050537109375
2013-11-26,221.08900451660156
2013-11-27,228.92909240722656
2013-11-28,224.61703491210938
2013-11-29,240.297119140625
2013-12-02,240.68907165527344
2013-12-03,238.72915649414062
2013-12-04,238.3371124267578
2013-12-05,241.47314453125
2013-12-06,249.3131561279297
2013-12-09,240.297119140625
2013-12-10,241.86514282226562
2013-12-11,251.66519165039062
2013-12-12,257.54522705078125
2013-12-13,250.4891815185547
2013-12-16,250.88116455078125
2013-12-17,251.66519165039062
2013-12-18,263.8172607421875
2013-12-19,270.4812316894531
2013-12-20,265.77728271484375
2013-12-23,262.6412048339844
2013-12-24,261.4652404785156
2013-12-25,264.99322509765625
2013-12-26,268.1292419433594
2013-12-27,270.4812316894531
2013-12-30,264.60125732421875
2013-12-31,263.42523193359375
2014-01-02,264.209228515625
2014-01-03,264.60125732421875
2014-01-06,260.6812438964844
2014-01-07,266.5612487792969
2014-01-08,264.209228515625
2014-01-09,255.9771728515625
2014-01-10,257.1531677246094
2014-01-13,250.4891815185547
2014-01-14,247.74517822265625
2014-01-15,252.4491729736328
2014-01-16,252.4491729736328
2014-01-17,251.273193359375
2014-01-20,248.13714599609375
2014-01-21,257.54522705078125
2014-01-22,260.2892761230469
2014-01-23,264.99322509765625
2014-01-24,259.8971862792969
2014-01-27,259.8971862792969
2014-02-05,262.6412048339844
2014-02-06,261.857177734375
2014-02-07,264.209228515625
2014-02-10,264.209228515625
2014-02-11,258.3291931152344
2014-02-12,252.8411407470703
2014-02-13,252.8411407470703
2014-02-14,255.9771728515625
2014-02-17,258.7212219238281
2014-02-18,257.54522705078125
2014-02-19,258.7212219238281
2014-02-20,259.5052185058594
2014-02-21,259.5052185058594
2014-02-24,270.4812316894531
2014-02-25,266.5612487792969
2014-02-26,268.5212707519531
2014-02-27,275.57733154296875
2014-03-03,279.1053466796875
2014-03-04,291.2574157714844
2014-03-05,289.29736328125
2014-03-06,295.56939697265625
2014-03-07,297.1373596191406
2014-03-10,297.92144775390625
2014-03-11,296.3533630371094
2014-03-12,296.3533630371094
2014-03-13,296.3533630371094
2014-03-14,295.1773681640625
2014-03-17,293.2174072265625
2014-03-18,297.92144775390625
2014-03-19,297.92144775390625
2014-03-20,297.92144775390625
2014-03-21,297.92144775390625
2014-03-24,304.9774169921875
2014-03-25,297.92144775390625
2014-03-26,309.68145751953125
2014-03-27,311.2494201660156
2014-03-28,325.361572265625
2014-03-31,325.361572265625
2014-04-01,323.00958251953125
2014-04-02,331.6335754394531
2014-04-03,329.2815246582031
2014-04-07,328.1055603027344
2014-04-08,341.0416259765625
2014-04-09,339.8656311035156
2014-04-10,320.6575012207031
2014-04-11,310.0733947753906
2014-04-14,300.2734375
2014-04-15,305.7614440917969
2014-04-16,309.68145751953125
2014-04-17,313.9934387207031
2014-04-18,321.4414978027344
2014-04-21,318.3054504394531
2014-04-22,314.3854675292969
2014-04-23,311.2494201660156
2014-04-24,315.9534912109375
2014-04-25,310.8574523925781
2014-04-28,307.32940673828125
2014-04-29,312.033447265625
2014-04-30,308.11346435546875
2014-05-02,315.5614929199219
2014-05-05,319.0894470214844
2014-05-06,328.49749755859375
2014-05-07,325.7535400390625
2014-05-08,345.3536376953125
2014-05-09,337.90557861328125
2014-05-12,323.4015808105469
2014-05-13,319.0894470214844
2014-05-14,312.81744384765625
2014-05-15,316.34552001953125
2014-05-16,318.6974792480469
2014-05-19,321.83349609375
2014-05-20,321.83349609375
2014-05-21,330.84954833984375
2014-05-22,328.49749755859375
2014-05-23,332.025634765625
2014-05-26,334.76959228515625
2014-05-27,335.1615295410156
2014-05-28,328.49749755859375
2014-05-29,320.2655334472656
2014-05-30,321.4414978027344
2014-06-03,324.96954345703125
2014-06-04,324.96954345703125
2014-06-05,324.1855163574219
2014-06-06,323.7934875488281
2014-06-09,327.7135314941406
2014-06-10,330.0655212402344
2014-06-11,329.67352294921875
2014-06-12,329.67352294921875
2014-06-13,326.9294738769531
2014-06-16,327.7135314941406
2014-06-17,328.8895263671875
2014-06-18,326.9294738769531
2014-06-19,331.6335754394531
2014-06-20,348.0976257324219
2014-06-23,323.7934875488281
2014-06-24,325.361572265625
2014-06-25,326.9294738769531
2014-06-26,328.8895263671875
2014-06-27,330.84954833984375
2014-06-30,334.76959228515625
2014-07-01,339.4736022949219
2014-07-02,346.5296325683594
2014-07-03,370.44171142578125
2014-07-04,349.2736511230469
2014-07-07,349.6656494140625
2014-07-08,338.68963623046875
2014-07-09,330.0655212402344
2014-07-10,330.0655212402344
2014-07-11,331.6335754394531
2014-07-14,336.3375549316406
2014-07-15,332.8095703125
2014-07-16,327.321533203125
2014-07-17,324.1855163574219
2014-07-18,311.2494201660156
2014-07-21,312.033447265625
2014-07-22,313.6014709472656
2014-07-23,313.6014709472656
2014-07-24,329.2815246582031
2014-07-25,321.4414978027344
2014-07-28,315.1694641113281
2014-07-29,311.2494201660156
2014-07-30,305.36944580078125
2014-07-31,315.1694641113281
2014-08-01,315.1694641113281
2014-08-04,321.4414978027344
2014-08-05,319.8735046386719
2014-08-06,311.6414489746094
2014-08-07,301.44940185546875
2014-08-08,305.7614440917969
2014-08-11,302.2333984375
2014-08-12,292.0413513183594
2014-08-13,293.609375
2014-08-14,296.745361328125
2014-08-15,301.44940185546875
2014-08-18,310.0733947753906
2014-08-19,306.54547119140625
2014-08-20,303.4093933105469
2014-08-21,300.6654357910156
2014-08-22,307.32940673828125
2014-08-25,310.0733947753906
2014-08-26,308.4751281738281
2014-08-27,311.6717834472656
2014-08-28,315.26800537109375
2014-08-29,320.4624938964844
2014-09-01,313.2700500488281
2014-09-02,312.470947265625
2014-09-03,311.6717834472656
2014-09-04,300.4835510253906
2014-09-05,301.68218994140625
2014-09-09,295.6885986328125
2014-09-10,280.9042053222656
2014-09-11,288.09661865234375
2014-09-12,282.50244140625
2014-09-15,269.31634521484375
2014-09-16,269.7159729003906
2014-09-17,269.7159729003906
2014-09-18,279.70538330078125
2014-09-19,295.6885986328125
2014-09-22,294.0903015136719
2014-09-23,293.6907043457031
2014-09-24,284.50042724609375
2014-09-25,276.5087890625
2014-09-26,268.1176452636719
2014-09-29,274.11138916015625
2014-09-30,274.5108947753906
2014-10-01,267.3184814453125
2014-10-02,268.5172424316406
2014-10-03,273.3121337890625
2014-10-06,278.90625
2014-10-07,278.90625
2014-10-08,280.1050109863281
2014-10-09,299.6844177246094
2014-10-13,315.26800537109375
2014-10-14,309.67388916015625
2014-10-15,310.8725891113281
2014-10-16,309.67388916015625
2014-10-17,310.8725891113281
2014-10-20,312.470947265625
2014-10-21,306.0776672363281
2014-10-22,310.0734558105469
2014-10-23,310.0734558105469
2014-10-24,301.28271484375
2014-10-27,303.68023681640625
2014-10-28,315.26800537109375
2014-10-29,317.66546630859375
2014-10-30,310.0734558105469
2014-10-31,318.4646301269531
2014-11-03,313.2700500488281
2014-11-04,314.0692443847656
2014-11-05,316.0671081542969
2014-11-06,306.8768310546875
2014-11-07,306.8768310546875
2014-11-10,311.6717834472656
2014-11-11,319.66339111328125
2014-11-12,318.0650329589844
2014-11-13,328.0545349121094
2014-11-14,319.66339111328125
2014-11-17,313.2700500488281
2014-11-18,310.0734558105469
2014-11-19,319.66339111328125
2014-11-20,323.2595520019531
2014-11-21,324.8578796386719
2014-11-24,325.65704345703125
2014-11-25,329.2533264160156
2014-11-26,325.65704345703125
2014-11-27,322.8600158691406
2014-11-28,319.66339111328125
2014-12-01,315.66754150390625
2014-12-02,313.2700500488281
2014-12-03,312.8704528808594
2014-12-04,314.8683776855469
2014-12-05,315.66754150390625
2014-12-08,310.8725891113281
2014-12-09,307.67596435546875
2014-12-10,296.48773193359375
2014-12-11,303.2806091308594
2014-12-12,299.2847900390625
2014-12-15,303.2806091308594
2014-12-16,302.08184814453125
2014-12-17,302.08184814453125
2014-12-18,300.4835510253906
2014-12-19,291.6927795410156
2014-12-22,294.8894348144531
2014-12-23,296.88739013671875
2014-12-24,312.470947265625
2014-12-25,317.2658386230469
2014-12-26,318.86419677734375
2014-12-29,320.0628967285156
2014-12-30,320.4624938964844
2014-12-31,324.458251953125
2015-01-05,325.65704345703125
2015-01-06,319.66339111328125
2015-01-07,316.8663330078125
2015-01-08,320.862060546875
2015-01-09,335.2469787597656
2015-01-12,338.4436340332031
2015-01-13,351.62969970703125
2015-01-14,340.841064453125
2015-01-15,342.039794921875
2015-01-16,343.63812255859375
2015-01-19,342.8388977050781
2015-01-20,343.63812255859375
2015-01-21,358.8221130371094
2015-01-22,358.02294921875
2015-01-23,359.6212463378906
2015-01-26,365.21533203125
2015-01-27,366.813720703125
2015-01-28,366.813720703125
2015-01-29,367.6129150390625
2015-01-30,367.6129150390625
2015-02-02,374.006103515625
2015-02-03,387.59185791015625
2015-02-04,386.792724609375
2015-02-05,383.59600830078125
2015-02-06,380.3994140625
2015-02-09,380.3994140625
2015-02-10,381.9977111816406
2015-02-11,390.7884521484375
2015-02-12,393.9850158691406
2015-02-13,389.9892883300781
2015-02-24,395.5834045410156
2015-02-25,410.76739501953125
2015-02-26,406.7716064453125
2015-03-02,407.57073974609375
2015-03-03,404.3741149902344
2015-03-04,402.7758483886719
2015-03-05,401.97662353515625
2015-03-06,397.5812683105469
2015-03-09,389.5897216796875
2015-03-10,389.9892883300781
2015-03-11,396.38250732421875
2015-03-12,392.38671875
2015-03-13,393.1859130859375
2015-03-16,384.3951416015625
2015-03-17,389.9892883300781
2015-03-18,387.99139404296875
2015-03-19,396.38250732421875
2015-03-20,394.3846435546875
2015-03-23,392.38671875
2015-03-24,381.9977111816406
2015-03-25,377.2027587890625
2015-03-26,371.2090759277344
2015-03-27,367.6129150390625
2015-03-30,374.8052673339844
2015-03-31,377.2027587890625
2015-04-01,383.59600830078125
2015-04-02,379.2006530761719
2015-04-07,381.9977111816406
2015-04-08,371.608642578125
2015-04-09,367.6129150390625
2015-04-10,346.4351806640625
2015-04-13,370.4099426269531
2015-04-14,381.19854736328125
2015-04-15,375.6044616699219
2015-04-16,381.9977111816406
2015-04-17,379.6002197265625
2015-04-20,374.006103515625
2015-04-21,385.1943359375
2015-04-22,383.19647216796875
2015-04-23,380.7989807128906
2015-04-24,380.3994140625
2015-04-27,383.59600830078125
2015-04-28,380.3994140625
2015-04-29,382.7968444824219
2015-04-30,386.3930969238281
2015-05-04,382.7968444824219
2015-05-05,379.6002197265625
2015-05-06,373.2069091796875
2015-05-07,374.006103515625
2015-05-08,367.2132568359375
2015-05-11,366.4141540527344
2015-05-12,358.02294921875
2015-05-13,360.82000732421875
2015-05-14,356.8241882324219
2015-05-15,362.0187072753906
2015-05-18,359.6212463378906
2015-05-19,357.2238464355469
2015-05-20,368.8116149902344
2015-05-21,358.42254638671875
2015-05-22,350.0313720703125
2015-05-25,345.2364501953125
2015-05-26,340.0418395996094
2015-05-27,324.458251953125
2015-05-28,334.44781494140625
2015-05-29,351.62969970703125
2015-06-01,356.4246520996094
2015-06-02,355.2259216308594
2015-06-03,360.4204406738281
2015-06-04,360.82000732421875
2015-06-05,354.4267272949219
2015-06-08,354.027099609375
2015-06-09,336.8452453613281
2015-06-10,343.2384948730469
2015-06-11,334.0481872558594
2015-06-12,332.8494567871094
2015-06-15,332.8494567871094
2015-06-16,334.0481872558594
2015-06-17,334.0481872558594
2015-06-18,332.05029296875
2015-06-22,334.0481872558594
2015-06-23,336.4456481933594
2015-06-24,335.646484375
2015-06-25,334.0481872558594
2015-06-26,342.8388977050781
2015-06-29,329.2533264160156
2015-06-30,329.2533264160156
2015-07-01,332.05029296875
2015-07-02,329.2533264160156
2015-07-03,320.0628967285156
2015-07-06,318.86419677734375
2015-07-07,318.0650329589844
2015-07-08,308.8747253417969
2015-07-09,292.4920349121094
2015-07-10,292.4920349121094
2015-07-13,297.6864929199219
2015-07-14,295.6885986328125
2015-07-15,287.697021484375
2015-07-16,294.8894348144531
2015-07-17,298.0860900878906
2015-07-20,298.48565673828125
2015-07-21,302.08184814453125
2015-07-22,306.0776672363281
2015-07-23,305.27850341796875
2015-07-24,298.0860900878906
2015-07-27,278.10711669921875
2015-07-28,270.51507568359375
2015-07-29,272.9125671386719
2015-07-30,280.1050109863281
2015-07-31,291.6927795410156
2015-08-03,282.1029052734375
2015-08-04,293.6907043457031
2015-08-05,307.67596435546875
2015-08-06,297.2868957519531
2015-08-07,313.2700500488281
2015-08-10,318.0650329589844
2015-08-11,312.470947265625
2015-08-12,312.8704528808594
2015-08-13,320.0628967285156
2015-08-14,332.4499206542969
2015-08-17,327.6549072265625
2015-08-18,323.6591491699219
2015-08-19,318.0650329589844
2015-08-20,326.8558044433594
2015-08-21,323.6591491699219
2015-08-24,291.2932434082031
2015-08-25,313.2700500488281
2015-08-26,326.8558044433594
2015-08-27,334.21002197265625
2015-08-28,337.4785461425781
2015-08-31,337.4785461425781
2015-09-01,339.1128845214844
2015-09-02,333.3929443359375
2015-09-03,335.8443603515625
2015-09-04,334.21002197265625
2015-09-07,335.02716064453125
2015-09-08,337.4785461425781
2015-09-09,344.01568603515625
2015-09-10,344.01568603515625
2015-09-11,360.3585205078125
2015-09-14,357.9070739746094
2015-09-15,356.2727966308594
2015-09-16,359.1328125
2015-09-17,355.86419677734375
2015-09-18,356.6814270019531
2015-09-21,355.4556579589844
2015-09-22,357.49853515625
2015-09-23,350.1442565917969
2015-09-24,351.3699645996094
2015-09-25,352.1871032714844
2015-09-29,352.1871032714844
2015-09-30,367.7127380371094
2015-10-01,365.669921875
2015-10-02,363.218505859375
2015-10-05,361.99273681640625
2015-10-06,366.0784606933594
2015-10-07,351.7785339355469
2015-10-08,347.69281005859375
2015-10-12,353.0042724609375
2015-10-13,349.32708740234375
2015-10-14,335.02716064453125
2015-10-15,338.2957458496094
2015-10-16,334.61859130859375
2015-10-19,335.4357604980469
2015-10-20,335.8443603515625
2015-10-21,335.8443603515625
2015-10-22,339.9300231933594
2015-10-23,347.2843017578125
2015-10-26,357.49853515625
2015-10-27,357.49853515625
2015-10-28,353.0042724609375
2015-10-29,355.4556579589844
2015-10-30,348.510009765625
2015-11-02,349.7356872558594
2015-11-03,356.2727966308594
2015-11-04,358.3156433105469
2015-11-05,356.6814270019531
2015-11-06,355.4556579589844
2015-11-09,326.85577392578125
2015-11-10,324.4043273925781
2015-11-11,326.85577392578125
2015-11-12,327.26434326171875
2015-11-13,321.1358337402344
2015-11-16,323.5872497558594
2015-11-17,335.02716064453125
2015-11-18,324.4043273925781
2015-11-19,326.85577392578125
2015-11-20,323.5872497558594
2015-11-23,320.3186340332031
2015-11-24,321.9529113769531
2015-11-25,313.78155517578125
2015-11-26,321.54437255859375
2015-11-27,325.22149658203125
2015-11-30,322.36151123046875
2015-12-01,339.9300231933594
2015-12-02,337.4785461425781
2015-12-03,335.02716064453125
2015-12-04,343.19854736328125
2015-12-07,348.9185485839844
2015-12-08,348.1014404296875
2015-12-09,342.38140869140625
2015-12-10,344.8328857421875
2015-12-11,341.5643005371094
2015-12-14,342.38140869140625
2015-12-15,337.88714599609375
2015-12-16,347.2843017578125
2015-12-17,351.7785339355469
2015-12-18,355.4556579589844
2015-12-21,359.5414123535156
2015-12-22,355.4556579589844
2015-12-23,355.4556579589844
2015-12-24,355.4556579589844
2015-12-25,351.3699645996094
2015-12-28,343.19854736328125
2015-12-29,339.9300231933594
2015-12-30,340.74713134765625
2015-12-31,348.1014404296875
2016-01-04,345.24139404296875
2016-01-05,337.88714599609375
2016-01-06,326.85577392578125
2016-01-07,330.1243591308594
2016-01-08,333.3929443359375
2016-01-11,337.4785461425781
2016-01-12,326.85577392578125
2016-01-13,321.54437255859375
2016-01-14,324.4043273925781
2016-01-15,324.4043273925781
2016-01-18,328.89862060546875
2016-01-19,332.9843444824219
2016-01-20,332.1672058105469
2016-01-21,339.9300231933594
2016-01-22,341.9728698730469
2016-01-25,356.2727966308594
2016-01-26,349.7356872558594
2016-01-27,350.96136474609375
2016-01-28,347.2843017578125
2016-01-29,352.5956726074219
2016-02-01,358.7242126464844
2016-02-02,359.5414123535156
2016-02-03,353.8213806152344
2016-02-15,331.7585754394531
2016-02-16,332.5757141113281
2016-02-17,332.5757141113281
2016-02-18,335.8443603515625
2016-02-19,340.74713134765625
2016-02-22,335.02716064453125
2016-02-23,335.4357604980469
2016-02-24,335.8443603515625
2016-02-25,335.8443603515625
2016-02-26,335.8443603515625
2016-03-01,329.7157897949219
2016-03-02,330.1243591308594
2016-03-03,323.5872497558594
2016-03-04,322.7700500488281
2016-03-07,318.27581787109375
2016-03-08,317.0501403808594
2016-03-09,315.0072326660156
2016-03-10,321.1358337402344
2016-03-11,320.3186340332031
2016-03-14,321.9529113769531
2016-03-15,318.6844177246094
2016-03-16,319.50152587890625
2016-03-17,314.59869384765625
2016-03-18,312.55584716796875
2016-03-21,311.3301086425781
2016-03-22,309.69580078125
2016-03-23,311.3301086425781
2016-03-24,312.55584716796875
2016-03-25,306.83587646484375
2016-03-28,307.65301513671875
2016-03-29,302.7501525878906
2016-03-30,304.79302978515625
2016-03-31,303.5672912597656
2016-04-01,299.89019775390625
2016-04-06,294.5787658691406
2016-04-07,289.2673645019531
2016-04-08,279.8702392578125
2016-04-11,282.3216552734375
2016-04-12,285.998779296875
2016-04-13,310.5130310058594
2016-04-14,308.8786926269531
2016-04-15,316.64154052734375
2016-04-18,311.3301086425781
2016-04-19,313.3729553222656
2016-04-20,311.7387390136719
2016-04-21,316.64154052734375
2016-04-22,310.5130310058594
2016-04-25,313.3729553222656
2016-04-26,312.96441650390625
2016-04-27,310.10443115234375
2016-04-28,310.5130310058594
2016-04-29,312.55584716796875
2016-05-03,315.4158020019531
2016-05-04,313.3729553222656
2016-05-05,312.14727783203125
2016-05-06,309.69580078125
2016-05-09,298.255859375
2016-05-10,302.3415832519531
2016-05-11,285.998779296875
2016-05-12,277.8274230957031
2016-05-13,277.0102844238281
2016-05-16,285.998779296875
2016-05-17,285.5902404785156
2016-05-18,285.998779296875
2016-05-19,282.7302551269531
2016-05-20,280.27886962890625
2016-05-23,283.1387939453125
2016-05-24,281.09600830078125
2016-05-25,277.8274230957031
2016-05-26,281.504638671875
2016-05-27,281.9130859375
2016-05-30,281.09600830078125
2016-05-31,281.9130859375
2016-06-01,286.4073791503906
2016-06-02,284.3645324707031
2016-06-03,285.181640625
2016-06-06,285.181640625
2016-06-07,286.81597900390625
2016-06-08,290.90167236328125
2016-06-13,290.90167236328125
2016-06-14,291.71875
2016-06-15,291.71875
2016-06-16,288.8587646484375
2016-06-17,292.94451904296875
2016-06-20,296.6216125488281
2016-06-21,305.20159912109375
2016-06-22,304.79302978515625
2016-06-23,306.42730712890625
2016-06-24,303.15869140625
2016-06-27,300.29876708984375
2016-06-28,301.5244445800781
2016-06-29,308.4700622558594
2016-06-30,308.06158447265625
2016-07-01,310.5130310058594
2016-07-04,310.5130310058594
2016-07-05,312.14727783203125
2016-07-06,310.5130310058594
2016-07-07,310.5130310058594
2016-07-08,310.5130310058594
2016-07-11,309.69580078125
2016-07-12,312.14727783203125
2016-07-13,311.7387390136719
2016-07-14,310.5130310058594
2016-07-15,306.0186767578125
2016-07-18,307.65301513671875
2016-07-19,315.82440185546875
2016-07-20,321.9529113769531
2016-07-21,321.1358337402344
2016-07-22,317.8672180175781
2016-07-25,314.59869384765625
2016-07-26,310.5130310058594
2016-07-27,313.3729553222656
2016-07-28,317.4587097167969
2016-07-29,316.64154052734375
2016-08-01,308.06158447265625
2016-08-02,304.79302978515625
2016-08-03,299.89019775390625
2016-08-04,298.255859375
2016-08-05,300.70733642578125
2016-08-08,306.0186767578125
2016-08-09,308.06158447265625
2016-08-10,305.20159912109375
2016-08-11,305.61016845703125
2016-08-12,305.61016845703125
2016-08-15,308.4700622558594
2016-08-16,306.42730712890625
2016-08-17,307.2444152832031
2016-08-18,310.92156982421875
2016-08-19,312.96441650390625
2016-08-22,319.50152587890625
2016-08-23,316.23297119140625
2016-08-24,316.64154052734375
2016-08-25,318.27581787109375
2016-08-26,317.4587097167969
2016-08-29,315.0257568359375
2016-08-30,324.6736145019531
2016-08-31,324.6736145019531
2016-09-01,321.7372741699219
2016-09-02,321.3178405761719
2016-09-05,325.51263427734375
2016-09-06,325.93206787109375
2016-09-07,327.1905212402344
2016-09-08,346.4862976074219
2016-09-09,341.4526062011719
2016-09-12,335.5799865722656
2016-09-13,335.5799865722656
2016-09-14,335.5799865722656
2016-09-19,341.03314208984375
2016-09-20,343.1305236816406
2016-09-21,338.0968017578125
2016-09-22,340.1941833496094
2016-09-23,338.935791015625
2016-09-26,340.6136779785156
2016-09-27,340.6136779785156
2016-09-28,340.6136779785156
2016-09-29,341.87213134765625
2016-09-30,339.7747497558594
2016-10-03,348.16424560546875
2016-10-04,343.969482421875
2016-10-05,339.35528564453125
2016-10-06,336.83837890625
2016-10-07,332.6437072753906
2016-10-11,326.35150146484375
2016-10-12,327.6099548339844
2016-10-13,324.6736145019531
2016-10-14,322.1567687988281
2016-10-17,325.93206787109375
2016-10-18,325.93206787109375
2016-10-19,324.2541809082031
2016-10-20,319.220458984375
2016-10-21,313.7673034667969
2016-10-24,315.8646545410156
2016-10-25,318.801025390625
2016-10-26,318.801025390625
2016-10-27,322.9957275390625
2016-10-28,323.4151916503906
2016-10-31,324.6736145019531
2016-11-01,327.1905212402344
2016-11-02,321.3178405761719
2016-11-03,311.2504577636719
2016-11-04,302.02203369140625
2016-11-07,310.4115295410156
2016-11-08,316.7035827636719
2016-11-09,309.572509765625
2016-11-10,323.4151916503906
2016-11-11,315.0257568359375
2016-11-14,307.8946838378906
2016-11-15,305.7972717285156
2016-11-16,308.7336120605469
2016-11-17,308.7336120605469
2016-11-18,311.2504577636719
2016-11-21,311.2504577636719
2016-11-22,307.8946838378906
2016-11-23,307.4751281738281
2016-11-24,307.8946838378906
2016-11-25,308.31414794921875
2016-11-28,307.8946838378906
2016-11-29,306.6361999511719
2016-11-30,305.7972717285156
2016-12-01,306.6361999511719
2016-12-02,306.21673583984375
2016-12-05,307.0557556152344
2016-12-06,307.0557556152344
2016-12-07,316.7035827636719
2016-12-08,325.51263427734375
2016-12-09,325.51263427734375
2016-12-12,326.35150146484375
2016-12-13,326.7710266113281
2016-12-14,329.28790283203125
2016-12-15,331.8047180175781
2016-12-16,338.0968017578125
2016-12-19,341.4526062011719
2016-12-20,342.2915954589844
2016-12-21,343.969482421875
2016-12-22,335.5799865722656
2016-12-23,334.3215637207031
2016-12-26,337.25787353515625
2016-12-27,339.7747497558594
2016-12-28,343.969482421875
2016-12-29,346.90582275390625
2016-12-30,349.8421325683594
2017-01-03,345.6474304199219
2017-01-04,346.4862976074219
2017-01-05,343.969482421875
2017-01-06,344.38897705078125
2017-01-09,339.7747497558594
2017-01-10,335.5799865722656
2017-01-11,353.1979064941406
2017-01-12,348.5837097167969
2017-01-13,349.0032043457031
2017-01-16,347.7447814941406
2017-01-17,352.3589782714844
2017-01-18,348.16424560546875
2017-01-19,351.1005859375
2017-01-20,348.16424560546875
2017-01-23,347.32525634765625
2017-01-24,349.4226989746094
2017-02-02,348.16424560546875
2017-02-03,348.5837097167969
2017-02-06,348.5837097167969
2017-02-07,344.8084716796875
2017-02-08,347.7447814941406
2017-02-09,343.969482421875
2017-02-10,343.969482421875
2017-02-13,340.6136779785156
2017-02-14,348.16424560546875
2017-02-15,346.0668640136719
2017-02-16,346.0668640136719
2017-02-17,350.2615966796875
2017-02-20,349.8421325683594
2017-02-21,349.0032043457031
2017-02-22,348.16424560546875
2017-02-23,349.8421325683594
2017-02-24,355.7147521972656
2017-03-01,349.0032043457031
2017-03-02,349.8421325683594
2017-03-03,349.8421325683594
2017-03-06,348.16424560546875
2017-03-07,352.3589782714844
2017-03-08,353.1979064941406
2017-03-09,358.23162841796875
2017-03-10,354.8758544921875
2017-03-13,354.45635986328125
2017-03-14,354.8758544921875
2017-03-15,350.68109130859375
2017-03-16,348.16424560546875
2017-03-17,356.13427734375
2017-03-20,356.13427734375
2017-03-21,356.9731750488281
2017-03-22,358.6510925292969
2017-03-23,360.7485046386719
2017-03-24,361.5874328613281
2017-03-27,361.5874328613281
2017-03-28,362.4264221191406
2017-03-29,363.684814453125
2017-03-30,363.684814453125
2017-03-31,364.9432373046875
2017-04-05,360.3289489746094
2017-04-06,349.8421325683594
2017-04-07,355.29534912109375
2017-04-10,364.1042785644531
2017-04-11,358.6510925292969
2017-04-12,360.3289489746094
2017-04-13,358.23162841796875
2017-04-14,360.7485046386719
2017-04-17,360.3289489746094
2017-04-18,361.5874328613281
2017-04-19,360.7485046386719
2017-04-20,362.8458251953125
2017-04-21,361.16790771484375
2017-04-24,363.2653503417969
2017-04-25,378.3664245605469
2017-04-26,388.01434326171875
2017-04-27,389.2727966308594
2017-04-28,389.6922607421875
2017-05-02,386.7559509277344
2017-05-03,389.2727966308594
2017-05-04,394.7259521484375
2017-05-05,391.37017822265625
2017-05-08,374.1717224121094
2017-05-09,375.01068115234375
2017-05-10,361.5874328613281
2017-05-11,359.0705871582031
2017-05-12,362.4264221191406
2017-05-15,360.7485046386719
2017-05-16,355.7147521972656
2017-05-17,361.5874328613281
2017-05-18,362.4264221191406
2017-05-19,360.7485046386719
2017-05-22,358.23162841796875
2017-05-23,362.0069274902344
2017-05-24,373.33270263671875
2017-05-25,365.7822265625
2017-05-26,368.2990417480469
2017-05-31,374.1717224121094
2017-06-01,369.5574645996094
2017-06-02,368.2990417480469
2017-06-05,367.4600830078125
2017-06-06,372.4937744140625
2017-06-07,372.4937744140625
2017-06-08,363.2653503417969
2017-06-09,365.7822265625
2017-06-12,363.2653503417969
2017-06-13,363.684814453125
2017-06-14,364.1042785644531
2017-06-15,358.23162841796875
2017-06-16,359.0705871582031
2017-06-19,359.49005126953125
2017-06-20,357.81219482421875
2017-06-21,360.3289489746094
2017-06-22,359.9095153808594
2017-06-23,355.29534912109375
2017-06-26,354.45635986328125
2017-06-27,354.8758544921875
2017-06-28,346.4862976074219
2017-06-29,353.617431640625
2017-06-30,358.23162841796875
2017-07-03,360.7485046386719
2017-07-04,361.5874328613281
2017-07-05,361.5874328613281
2017-07-06,361.5874328613281
2017-07-07,361.5874328613281
2017-07-10,361.5874328613281
2017-07-11,365.3626708984375
2017-07-12,358.23162841796875
2017-07-13,352.3589782714844
2017-07-14,353.617431640625
2017-07-17,350.68109130859375
2017-07-18,350.68109130859375
2017-07-19,350.2615966796875
2017-07-20,349.8421325683594
2017-07-21,341.87213134765625
2017-07-24,346.0668640136719
2017-07-25,349.8421325683594
2017-07-26,351.52001953125
2017-07-27,358.23162841796875
2017-07-28,356.5537414550781
2017-07-31,356.13427734375
2017-08-01,357.3927001953125
2017-08-02,360.7485046386719
2017-08-03,357.81219482421875
2017-08-04,355.7147521972656
2017-08-07,357.81219482421875
2017-08-08,341.4526062011719
2017-08-09,335.1605529785156
2017-08-10,342.7110900878906
2017-08-11,342.2915954589844
2017-08-14,340.6136779785156
2017-08-15,341.03314208984375
2017-08-16,334.7409973144531
2017-08-17,335.5799865722656
2017-08-18,338.5163879394531
2017-08-21,339.7747497558594
2017-08-22,335.5799865722656
2017-08-23,334.3215637207031
2017-08-24,329.7073059082031
2017-08-25,333.0631103515625
2017-08-28,340.6136779785156
2017-08-29,340.8277587890625
2017-08-30,343.3968505859375
2017-08-31,359.6675109863281
2017-09-01,348.5348815917969
2017-09-04,348.5348815917969
2017-09-05,349.39129638671875
2017-09-06,352.38848876953125
2017-09-07,353.6730041503906
2017-09-08,335.261474609375
2017-09-11,332.2642822265625
2017-09-12,334.4051208496094
2017-09-13,337.40234375
2017-09-14,340.8277587890625
2017-09-15,341.6841125488281
2017-09-18,342.5404357910156
2017-09-19,338.2586975097656
2017-09-20,336.97418212890625
2017-09-21,340.8277587890625
2017-09-22,342.5404357910156
2017-09-25,345.9659118652344
2017-09-26,347.6785888671875
2017-09-27,349.39129638671875
2017-09-28,351.10400390625
2017-09-29,353.6730041503906
2017-10-02,358.8111267089844
2017-10-03,360.5238342285156
2017-10-05,359.6675109863281
2017-10-06,355.81390380859375
2017-10-11,345.1094970703125
2017-10-12,342.5404357910156
2017-10-13,342.5404357910156
2017-10-16,337.40234375
2017-10-17,346.8222351074219
2017-10-18,354.52935791015625
2017-10-19,357.526611328125
2017-10-20,354.52935791015625
2017-10-23,345.9659118652344
2017-10-24,342.5404357910156
2017-10-25,342.5404357910156
2017-10-26,345.9659118652344
2017-10-27,345.9659118652344
2017-10-30,348.10675048828125
2017-10-31,345.5377502441406
2017-11-01,346.8222351074219
2017-11-02,347.2503662109375
2017-11-03,342.5404357910156
2017-11-06,334.83331298828125
2017-11-07,345.1094970703125
2017-11-08,345.1094970703125
2017-11-09,338.6868896484375
2017-11-10,334.4051208496094
2017-11-13,335.6896667480469
2017-11-14,337.83056640625
2017-11-15,342.5404357910156
2017-11-16,344.2531433105469
2017-11-17,346.8222351074219
2017-11-20,347.6785888671875
2017-11-21,351.10400390625
2017-11-22,347.2503662109375
2017-11-23,349.8194885253906
2017-11-24,349.8194885253906
2017-11-27,346.8222351074219
2017-11-28,346.3940734863281
2017-11-29,348.9631042480469
2017-11-30,351.10400390625
2017-12-01,351.9603576660156
2017-12-04,352.38848876953125
2017-12-05,353.244873046875
2017-12-06,351.10400390625
2017-12-07,352.38848876953125
2017-12-08,348.10675048828125
2017-12-11,345.1094970703125
2017-12-12,341.2559509277344
2017-12-13,337.83056640625
2017-12-14,337.83056640625
2017-12-15,340.8277587890625
2017-12-18,337.83056640625
2017-12-19,336.1178283691406
2017-12-20,336.5460205078125
2017-12-21,336.5460205078125
2017-12-22,338.2586975097656
2017-12-25,342.1123046875
2017-12-26,340.3995666503906
2017-12-27,337.40234375
2017-12-28,338.6868896484375
2017-12-29,342.9686584472656
2018-01-02,344.2531433105469
2018-01-03,346.3940734863281
2018-01-04,340.8277587890625
2018-01-05,337.40234375
2018-01-08,338.6868896484375
2018-01-09,339.971435546875
2018-01-10,334.83331298828125
2018-01-11,334.4051208496094
2018-01-12,335.6896667480469
2018-01-15,337.40234375
2018-01-16,334.83331298828125
2018-01-17,333.9769592285156
2018-01-18,333.12060546875
2018-01-19,333.9769592285156
2018-01-22,332.6924133300781
2018-01-23,333.9769592285156
2018-01-24,334.83331298828125
2018-01-25,336.1178283691406
2018-01-26,337.83056640625
2018-01-29,338.2586975097656
2018-01-30,334.83331298828125
2018-01-31,338.6868896484375
2018-02-01,338.6868896484375
2018-02-02,338.2586975097656
2018-02-05,335.6896667480469
2018-02-06,337.40234375
2018-02-07,327.9825134277344
2018-02-08,355.3857727050781
2018-02-09,356.24212646484375
2018-02-12,356.24212646484375
2018-02-21,368.23101806640625
2018-02-22,364.8055725097656
2018-02-23,363.0928649902344
2018-02-26,363.0928649902344
2018-02-27,364.8055725097656
2018-03-01,356.24212646484375
2018-03-02,351.53216552734375
2018-03-05,353.6730041503906
2018-03-06,353.6730041503906
2018-03-07,353.6730041503906
2018-03-08,363.0928649902344
2018-03-09,360.09564208984375
2018-03-12,363.94927978515625
2018-03-13,358.38299560546875
2018-03-14,351.9603576660156
2018-03-15,357.9548034667969
2018-03-16,354.95751953125
2018-03-19,356.24212646484375
2018-03-20,348.10675048828125
2018-03-21,349.39129638671875
2018-03-22,351.53216552734375
2018-03-23,355.3857727050781
2018-03-26,349.8194885253906
2018-03-27,352.81671142578125
2018-03-28,354.52935791015625
2018-03-29,350.24761962890625
2018-03-30,343.3968505859375
2018-04-02,350.24761962890625
2018-04-03,352.38848876953125
2018-04-09,352.81671142578125
2018-04-10,354.52935791015625
2018-04-11,357.526611328125
2018-04-12,359.6675109863281
2018-04-13,359.2393493652344
2018-04-16,360.5238342285156
2018-04-17,356.6702575683594
2018-04-18,360.9520263671875
2018-04-19,364.8055725097656
2018-04-20,366.09014892578125
2018-04-23,366.09014892578125
2018-04-24,355.3857727050781
2018-04-25,350.67578125
2018-04-26,353.6730041503906
2018-04-27,355.3857727050781
2018-04-30,359.2393493652344
2018-05-02,356.6702575683594
2018-05-03,353.244873046875
2018-05-04,353.6730041503906
2018-05-07,353.6730041503906
2018-05-08,357.9548034667969
2018-05-09,368.23101806640625
2018-05-10,383.64532470703125
2018-05-11,389.6397705078125
2018-05-14,392.2088317871094
2018-05-15,392.63702392578125
2018-05-16,393.92156982421875
2018-05-17,389.21160888671875
2018-05-18,378.5072326660156
2018-05-21,393.065185546875
2018-05-22,389.6397705078125
2018-05-23,385.3580017089844
2018-05-24,383.64532470703125
2018-05-25,383.64532470703125
2018-05-28,381.50445556640625
2018-05-29,385.3580017089844
2018-05-30,379.363525390625
2018-05-31,375.0818176269531
2018-06-01,376.7945556640625
2018-06-04,368.6591796875
2018-06-05,376.7945556640625
2018-06-06,368.23101806640625
2018-06-07,372.9408874511719
2018-06-08,379.363525390625
2018-06-11,366.518310546875
2018-06-12,368.23101806640625
2018-06-13,370.80010986328125
2018-06-14,371.6564025878906
2018-06-15,369.08734130859375
2018-06-19,362.2365417480469
2018-06-20,367.3746337890625
2018-06-21,370.80010986328125
2018-06-22,374.2254638671875
2018-06-25,369.5155334472656
2018-06-26,372.5127868652344
2018-06-27,366.94647216796875
2018-06-28,374.65362548828125
2018-06-29,368.6591796875
2018-07-02,365.23382568359375
2018-07-03,375.0818176269531
2018-07-04,370.80010986328125
2018-07-05,366.94647216796875
2018-07-06,360.9520263671875
2018-07-09,363.5210876464844
2018-07-10,355.81390380859375
2018-07-11,361.38018798828125
2018-07-12,357.0984191894531
2018-07-13,365.6619567871094
2018-07-16,370.80010986328125
2018-07-17,362.6647644042969
2018-07-18,368.23101806640625
2018-07-19,364.3774108886719
2018-07-20,366.518310546875
2018-07-23,367.80279541015625
2018-07-24,364.8055725097656
2018-07-25,368.23101806640625
2018-07-26,371.6564025878906
2018-07-27,381.0762634277344
2018-07-30,365.6619567871094
2018-07-31,361.38018798828125
2018-08-01,367.80279541015625
2018-08-02,365.6619567871094
2018-08-03,366.518310546875
2018-08-06,368.23101806640625
2018-08-07,371.22821044921875
2018-08-08,353.6730041503906
2018-08-09,353.244873046875
2018-08-10,351.10400390625
2018-08-13,351.9603576660156
2018-08-14,351.10400390625
2018-08-15,349.39129638671875
2018-08-16,345.9659118652344
2018-08-17,345.9659118652344
2018-08-20,350.67578125
2018-08-21,351.9603576660156
2018-08-22,352.38848876953125
2018-08-23,352.81671142578125
2018-08-24,354.95751953125
2018-08-27,348.9631042480469
2018-08-28,347.6785888671875
2018-08-29,349.84619140625
2018-08-30,345.510986328125
2018-08-31,339.00830078125
2018-09-03,337.27423095703125
2018-09-04,339.44183349609375
2018-09-05,339.44183349609375
2018-09-06,338.14129638671875
2018-09-07,337.27423095703125
2018-09-10,333.8061218261719
2018-09-11,333.8061218261719
2018-09-12,332.9390869140625
2018-09-13,332.07208251953125
2018-09-14,335.5401916503906
2018-09-17,339.00830078125
2018-09-18,338.14129638671875
2018-09-19,337.707763671875
2018-09-20,338.14129638671875
2018-09-21,339.00830078125
2018-09-25,340.74237060546875
2018-09-26,339.00830078125
2018-09-27,334.6731262207031
2018-09-28,347.6785888671875
2018-10-01,342.9099426269531
2018-10-02,344.64398193359375
2018-10-03,339.44183349609375
2018-10-04,331.20501708984375
2018-10-05,323.83526611328125
2018-10-08,326.869873046875
2018-10-09,323.83526611328125
2018-10-11,312.1304016113281
2018-10-12,310.3963623046875
2018-10-15,314.73150634765625
2018-10-16,314.73150634765625
2018-10-17,319.93365478515625
2018-10-18,309.529296875
2018-10-19,312.1304016113281
2018-10-22,305.19415283203125
2018-10-23,300.425537109375
2018-10-24,303.8936462402344
2018-10-25,303.8936462402344
2018-10-26,295.22332763671875
2018-10-29,269.64599609375
2018-10-30,255.33998107910156
2018-10-31,278.749755859375
2018-11-01,279.18328857421875
2018-11-02,288.287109375
2018-11-05,283.9519958496094
2018-11-06,273.9811706542969
2018-11-07,286.1195068359375
2018-11-08,289.5876159667969
2018-11-09,281.78436279296875
2018-11-12,283.5184020996094
2018-11-13,283.5184020996094
2018-11-14,286.9865417480469
2018-11-15,282.2178649902344
2018-11-16,277.0157470703125
2018-11-19,290.88818359375
2018-11-20,287.8536376953125
2018-11-21,288.7205810546875
2018-11-22,286.1195068359375
2018-11-23,282.2178649902344
2018-11-26,282.2178649902344
2018-11-27,285.25250244140625
2018-11-28,291.32171630859375
2018-11-29,292.188720703125
2018-11-30,290.88818359375
2018-12-03,302.5930480957031
2018-12-04,300.8589782714844
2018-12-05,292.6222229003906
2018-12-06,279.18328857421875
2018-12-07,283.5184020996094
2018-12-10,285.25250244140625
2018-12-11,287.4200744628906
2018-12-12,282.6513977050781
2018-12-13,284.3854675292969
2018-12-14,284.8190002441406
2018-12-17,285.25250244140625
2018-12-18,283.9519958496094
2018-12-19,273.9811706542969
2018-12-20,268.345458984375
2018-12-21,267.4783935546875
2018-12-24,264.44378662109375
2018-12-25,266.6114196777344
2018-12-26,265.7443542480469
2018-12-27,265.31085205078125
2018-12-28,277.4492492675781
2019-01-02,272.2470703125
2019-01-03,280.9173583984375
2019-01-04,289.5876159667969
2019-01-07,294.7898254394531
2019-01-08,298.6914978027344
2019-01-09,302.5930480957031
2019-01-10,310.829833984375
2019-01-11,302.5930480957031
2019-01-14,299.12493896484375
2019-01-15,301.29254150390625
2019-01-16,297.82440185546875
2019-01-17,294.3563232421875
2019-01-18,296.9573974609375
2019-01-21,297.82440185546875
2019-01-22,293.92279052734375
2019-01-23,294.3563232421875
2019-01-24,296.9573974609375
2019-01-25,299.12493896484375
2019-01-28,299.5584716796875
2019-01-29,294.7898254394531
2019-01-30,297.39093017578125
2019-02-11,297.39093017578125
2019-02-12,296.09033203125
2019-02-13,299.12493896484375
2019-02-14,299.99200439453125
2019-02-15,297.39093017578125
2019-02-18,295.6568298339844
2019-02-19,294.3563232421875
2019-02-20,288.7205810546875
2019-02-21,288.287109375
2019-02-22,283.5184020996094
2019-02-25,286.1195068359375
2019-02-26,288.287109375
2019-02-27,290.45465087890625
2019-03-04,294.7898254394531
2019-03-05,294.7898254394531
2019-03-06,299.5584716796875
2019-03-07,297.82440185546875
2019-03-08,294.7898254394531
2019-03-11,295.6568298339844
2019-03-12,297.39093017578125
2019-03-13,299.12493896484375
2019-03-14,299.5584716796875
2019-03-15,299.12493896484375
2019-03-18,299.99200439453125
2019-03-19,296.09033203125
2019-03-20,303.4600830078125
2019-03-21,303.4600830078125
2019-03-22,303.4600830078125
2019-03-25,297.39093017578125
2019-03-26,299.12493896484375
2019-03-27,297.39093017578125
2019-03-28,294.7898254394531
2019-03-29,297.82440185546875
2019-04-01,299.12493896484375
2019-04-02,294.3563232421875
2019-04-03,288.7205810546875
2019-04-08,285.6860046386719
2019-04-09,285.6860046386719
2019-04-10,282.6513977050781
2019-04-11,285.6860046386719
2019-04-12,280.9173583984375
2019-04-15,279.18328857421875
2019-04-16,282.6513977050781
2019-04-17,289.5876159667969
2019-04-18,286.5531005859375
2019-04-19,287.8536376953125
2019-04-22,287.8536376953125
2019-04-23,289.1541442871094
2019-04-24,286.9865417480469
2019-04-25,283.5184020996094
2019-04-26,282.2178649902344
2019-04-29,282.6513977050781
2019-04-30,281.35089111328125
2019-05-02,285.25250244140625
2019-05-03,280.4838562011719
2019-05-06,276.1486511230469
2019-05-07,278.749755859375
2019-05-08,275.28167724609375
2019-05-09,265.7443542480469
2019-05-10,265.7443542480469
2019-05-13,262.7097473144531
2019-05-14,262.2762451171875
2019-05-15,266.1778259277344
2019-05-16,266.6114196777344
2019-05-17,260.9756774902344
2019-05-20,262.2762451171875
2019-05-21,266.1778259277344
2019-05-22,267.4783935546875
2019-05-23,265.31085205078125
2019-05-24,265.31085205078125
2019-05-27,264.8772888183594
2019-05-28,265.31085205078125
2019-05-29,263.1432800292969
2019-05-30,263.5767517089844
2019-05-31,263.5767517089844
2019-06-03,261.84271240234375
2019-06-04,262.2762451171875
2019-06-05,260.54217529296875
2019-06-06,254.03945922851562
2019-06-10,248.8373260498047
2019-06-11,252.305419921875
2019-06-12,251.0048065185547
2019-06-13,251.0048065185547
2019-06-14,247.10324096679688
2019-06-17,255.7735595703125
2019-06-18,257.9410705566406
2019-06-19,260.1086730957031
2019-06-20,261.4092102050781
2019-06-21,260.9756774902344
2019-06-24,260.9756774902344
2019-06-25,259.2416076660156
2019-06-26,265.31085205078125
2019-06-27,265.31085205078125
2019-06-28,265.7443542480469
2019-07-01,267.4783935546875
2019-07-02,268.7789306640625
2019-07-03,264.8772888183594
2019-07-04,264.01031494140625
2019-07-05,263.5767517089844
2019-07-08,262.7097473144531
2019-07-09,261.84271240234375
2019-07-10,260.54217529296875
2019-07-11,260.9756774902344
2019-07-12,260.1086730957031
2019-07-15,265.31085205078125
2019-07-16,278.3162841796875
2019-07-17,277.0157470703125
2019-07-18,281.35089111328125
2019-07-19,281.35089111328125
2019-07-22,282.2178649902344
2019-07-23,280.9173583984375
2019-07-24,282.6513977050781
2019-07-25,283.9519958496094
2019-07-26,281.78436279296875
2019-07-29,285.25250244140625
2019-07-30,281.78436279296875
2019-07-31,285.25250244140625
2019-08-01,283.5184020996094
2019-08-02,278.3162841796875
2019-08-05,279.18328857421875
2019-08-06,282.6513977050781
2019-08-07,282.6513977050781
2019-08-08,291.32171630859375
2019-08-12,291.7552185058594
2019-08-13,292.188720703125
2019-08-14,290.88818359375
2019-08-15,286.1195068359375
2019-08-16,286.9865417480469
2019-08-19,289.5876159667969
2019-08-20,293.4892883300781
2019-08-21,306.49468994140625
2019-08-22,304.3271179199219
2019-08-23,297.82440185546875
2019-08-26,294.7898254394531
2019-08-27,296.1277770996094
2019-08-28,296.1277770996094
2019-08-29,297.9115905761719
2019-08-30,292.5599365234375
2019-09-02,294.3438415527344
2019-09-03,294.3438415527344
2019-09-04,294.3438415527344
2019-09-05,289.8840637207031
2019-09-06,286.3163146972656
2019-09-10,287.65423583984375
2019-09-11,293.8978271484375
2019-09-12,294.78985595703125
2019-09-16,293.8978271484375
2019-09-17,294.78985595703125
2019-09-18,323.7782287597656
2019-09-19,319.3184814453125
2019-09-20,316.642578125
2019-09-23,321.99432373046875
2019-09-24,321.1023864746094
2019-09-25,322.8862609863281
2019-09-26,323.7782287597656
2019-09-27,314.8587341308594
2019-10-01,316.642578125
2019-10-02,317.5345764160156
2019-10-03,321.99432373046875
2019-10-04,322.8862609863281
2019-10-07,324.670166015625
2019-10-08,326.4541320800781
2019-10-09,327.3460388183594
2019-10-14,328.23797607421875
2019-10-15,328.23797607421875
2019-10-16,323.3322448730469
2019-10-17,318.426513671875
2019-10-18,323.7782287597656
2019-10-21,322.4403381347656
2019-10-22,318.8725280761719
2019-10-23,319.3184814453125
2019-10-24,321.99432373046875
2019-10-25,323.7782287597656
2019-10-28,326.0080871582031
2019-10-29,321.99432373046875
2019-10-30,322.8862609863281
2019-10-31,325.1161804199219
2019-11-01,323.7782287597656
2019-11-04,324.22418212890625
2019-11-05,328.23797607421875
2019-11-06,337.1575012207031
2019-11-07,338.0494079589844
2019-11-08,346.5229797363281
2019-11-11,335.37359619140625
2019-11-12,333.5897216796875
2019-11-13,336.2655334472656
2019-11-14,335.819580078125
2019-11-15,337.1575012207031
2019-11-18,334.9276428222656
2019-11-19,336.2655334472656
2019-11-20,331.8057861328125
2019-11-21,323.7782287597656
2019-11-22,323.7782287597656
2019-11-25,324.670166015625
2019-11-26,321.1023864746094
2019-11-27,322.4403381347656
2019-11-28,324.22418212890625
2019-11-29,317.5345764160156
2019-12-02,321.54833984375
2019-12-03,314.41278076171875
2019-12-04,318.8725280761719
2019-12-05,317.98052978515625
2019-12-06,314.41278076171875
2019-12-09,310.84490966796875
2019-12-10,312.182861328125
2019-12-11,310.84490966796875
2019-12-12,310.84490966796875
2019-12-13,303.2633361816406
2019-12-16,312.182861328125
2019-12-17,317.08856201171875
2019-12-18,315.7507019042969
2019-12-19,317.5345764160156
2019-12-20,312.182861328125
2019-12-23,317.08856201171875
2019-12-24,304.1552734375
2019-12-25,309.9529724121094
2019-12-26,315.7507019042969
2019-12-27,316.642578125
2019-12-30,318.426513671875
2019-12-31,322.8862609863281
2020-01-02,313.96673583984375
2020-01-03,314.8587341308594
2020-01-06,314.8587341308594
2020-01-07,306.3851623535156
2020-01-08,313.96673583984375
2020-01-09,318.426513671875
2020-01-10,318.426513671875
2020-01-13,316.642578125
2020-01-14,317.98052978515625
2020-01-15,317.98052978515625
2020-01-16,313.96673583984375
2020-01-17,310.84490966796875
2020-01-20,321.1023864746094
2020-01-30,307.2771301269531
2020-01-31,313.0748291015625
2020-02-03,317.08856201171875
2020-02-04,321.54833984375
2020-02-05,320.2104187011719
2020-02-06,329.5758972167969
2020-02-07,329.12994384765625
2020-02-10,321.1023864746094
2020-02-11,321.54833984375
2020-02-12,321.54833984375
2020-02-13,322.4403381347656
2020-02-14,322.8862609863281
2020-02-17,322.8862609863281
2020-02-18,327.3460388183594
2020-02-19,323.7782287597656
2020-02-20,316.642578125
2020-02-21,318.8725280761719
2020-02-24,314.41278076171875
2020-02-25,312.182861328125
2020-02-26,307.2771301269531
2020-02-27,310.84490966796875
2020-03-02,304.1552734375
2020-03-03,303.7093200683594
2020-03-04,305.9392395019531
2020-03-05,313.0748291015625
2020-03-06,312.182861328125
2020-03-09,300.1414794921875
2020-03-10,308.61505126953125
2020-03-11,303.7093200683594
2020-03-12,295.23577880859375
2020-03-13,284.9783630371094
2020-03-16,272.4909973144531
2020-03-17,263.1255798339844
2020-03-18,272.9370422363281
2020-03-19,264.0174865722656
2020-03-20,265.8013610839844
2020-03-23,254.6520538330078
2020-03-24,257.3278503417969
2020-03-25,260.44970703125
2020-03-26,256.4359436035156
2020-03-27,259.5577697753906
2020-03-30,260.89569091796875
2020-03-31,260.44970703125
2020-04-01,258.665771484375
2020-04-06,260.0036926269531
2020-04-07,264.4634704589844
2020-04-08,261.3416442871094
2020-04-09,263.1255798339844
2020-04-10,262.2336120605469
2020-04-13,273.38299560546875
2020-04-14,272.9370422363281
2020-04-15,274.7209167480469
2020-04-16,272.9370422363281
2020-04-17,266.24737548828125
2020-04-20,263.1255798339844
2020-04-21,257.7738342285156
2020-04-22,264.9094543457031
2020-04-23,266.24737548828125
2020-04-24,260.44970703125
2020-04-27,261.7876281738281
2020-04-28,283.1944580078125
2020-04-29,280.51861572265625
2020-04-30,276.9507751464844
2020-05-04,279.1806640625
2020-05-05,281.4105529785156
2020-05-06,282.3025207519531
2020-05-07,277.8427429199219
2020-05-08,274.7209167480469
2020-05-11,278.2887268066406
2020-05-12,278.73468017578125
2020-05-13,275.6128845214844
2020-05-14,273.8289489746094
2020-05-15,268.4772644042969
2020-05-18,278.2887268066406
2020-05-19,279.1806640625
2020-05-20,288.5461730957031
2020-05-21,285.4242858886719
2020-05-22,285.4242858886719
2020-05-25,288.5461730957031
2020-05-26,297.4656982421875
2020-05-27,298.3576354980469
2020-05-28,297.01971435546875
2020-05-29,289.8840637207031
2020-06-01,293.451904296875
2020-06-02,293.00592041015625
2020-06-03,313.0748291015625
2020-06-04,305.0472412109375
2020-06-05,306.8311462402344
2020-06-08,309.9529724121094
2020-06-09,305.49322509765625
2020-06-10,307.2771301269531
2020-06-11,303.2633361816406
2020-06-12,302.8173828125
2020-06-15,296.1277770996094
2020-06-16,301.4794616699219
2020-06-17,301.9254455566406
2020-06-18,302.8173828125
2020-06-19,297.01971435546875
2020-06-22,301.9254455566406
2020-06-23,303.2633361816406
2020-06-24,299.6955871582031
2020-06-29,299.6955871582031
2020-06-30,299.24957275390625
2020-07-01,302.8173828125
2020-07-02,304.60125732421875
2020-07-03,308.61505126953125
2020-07-06,312.62884521484375
2020-07-07,309.5069885253906
2020-07-08,305.49322509765625
2020-07-09,306.3851623535156
2020-07-10,297.9115905761719
2020-07-13,297.01971435546875
2020-07-14,297.4656982421875
2020-07-15,305.9392395019531
2020-07-16,306.3851623535156
2020-07-17,306.3851623535156
2020-07-20,309.0610656738281
2020-07-21,306.8311462402344
2020-07-22,310.39898681640625
2020-07-23,310.39898681640625
2020-07-24,306.8311462402344
2020-07-27,304.1552734375
2020-07-28,304.1552734375
2020-07-29,301.4794616699219
2020-07-30,304.1552734375
2020-07-31,301.4794616699219
2020-08-03,303.2633361816406
2020-08-04,306.8311462402344
2020-08-05,307.7231140136719
2020-08-06,311.7369079589844
2020-08-07,309.9529724121094
2020-08-10,296.57366943359375
2020-08-11,297.9115905761719
2020-08-12,289.8840637207031
2020-08-13,292.5599365234375
2020-08-14,291.66796875
2020-08-17,292.1139831542969
2020-08-18,295.23577880859375
2020-08-19,298.8035583496094
2020-08-20,293.8978271484375
2020-08-21,292.5599365234375
2020-08-24,285.87030029296875
2020-08-25,284.08636474609375
2020-08-26,287.65423583984375
2020-08-27,279.8797912597656
2020-08-28,284.4530029296875
2020-08-31,278.5077819824219
2020-09-01,279.8797912597656
2020-09-02,279.42242431640625
2020-09-03,279.42242431640625
2020-09-04,273.477294921875
2020-09-07,275.3065490722656
2020-09-08,278.0505065917969
2020-09-09,277.1358337402344
2020-09-10,276.67852783203125
2020-09-11,274.3919372558594
2020-09-14,277.5931701660156
2020-09-15,278.5077819824219
2020-09-16,274.8492736816406
2020-09-17,272.5626525878906
2020-09-18,270.7333679199219
2020-09-21,268.90411376953125
2020-09-22,267.5321350097656
2020-09-23,265.7028503417969
2020-09-24,256.09912109375
2020-09-25,252.89788818359375
2020-09-28,252.89788818359375
2020-09-29,256.09912109375
2020-09-30,256.09912109375
2020-10-05,259.3003845214844
2020-10-06,257.92840576171875
2020-10-07,257.92840576171875
2020-10-08,257.4710998535156
2020-10-12,253.81253051757812
2020-10-13,252.44056701660156
2020-10-14,263.8735656738281
2020-10-15,263.8735656738281
2020-10-16,267.0747985839844
2020-10-19,265.7028503417969
2020-10-20,269.3614196777344
2020-10-21,271.190673828125
2020-10-22,262.5016174316406
2020-10-23,262.5016174316406
2020-10-26,263.416259765625
2020-10-27,265.2455139160156
2020-10-28,265.2455139160156
2020-10-29,265.2455139160156
2020-10-30,263.416259765625
2020-11-02,258.8430480957031
2020-11-03,261.58697509765625
2020-11-04,265.2455139160156
2020-11-05,267.5321350097656
2020-11-06,269.8187255859375
2020-11-09,267.5321350097656
2020-11-10,265.7028503417969
2020-11-11,264.33087158203125
2020-11-12,262.95892333984375
2020-11-13,262.95892333984375
2020-11-16,267.5321350097656
2020-11-17,263.416259765625
2020-11-18,261.58697509765625
2020-11-19,260.67236328125
2020-11-20,260.67236328125
2020-11-23,269.3614196777344
2020-11-24,268.90411376953125
2020-11-25,269.3614196777344
2020-11-26,269.8187255859375
2020-11-27,272.1053466796875
2020-11-30,274.3919372558594
2020-12-01,274.3919372558594
2020-12-02,274.8492736816406
2020-12-03,275.3065490722656
2020-12-04,274.3919372558594
2020-12-07,275.3065490722656
2020-12-08,277.1358337402344
2020-12-09,277.5931701660156
2020-12-10,278.96514892578125
2020-12-11,275.3065490722656
2020-12-14,277.1358337402344
2020-12-15,273.477294921875
2020-12-16,274.8492736816406
2020-12-17,270.7333679199219
2020-12-18,273.93463134765625
2020-12-21,276.2212219238281
2020-12-22,273.477294921875
2020-12-23,272.5626525878906
2020-12-24,274.3919372558594
2020-12-25,275.76385498046875
2020-12-28,275.76385498046875
2020-12-29,273.93463134765625
2020-12-30,273.01995849609375
2020-12-31,271.64801025390625
2021-01-04,267.9894714355469
2021-01-05,267.9894714355469
2021-01-06,263.416259765625
2021-01-07,262.5016174316406
2021-01-08,262.5016174316406
2021-01-11,263.8735656738281
2021-01-12,267.0747985839844
2021-01-13,269.8187255859375
2021-01-14,269.3614196777344
2021-01-15,274.3919372558594
2021-01-18,272.1053466796875
2021-01-19,275.76385498046875
2021-01-20,276.2212219238281
2021-01-21,277.5931701660156
2021-01-22,277.1358337402344
2021-01-25,277.1358337402344
2021-01-26,277.1358337402344
2021-01-27,283.538330078125
2021-01-28,275.76385498046875
2021-01-29,273.477294921875
2021-02-01,273.93463134765625
2021-02-02,277.1358337402344
2021-02-03,278.0505065917969
2021-02-04,278.96514892578125
2021-02-05,277.1358337402344
2021-02-17,288.1115417480469
2021-02-18,292.6846923828125
2021-02-19,295.42864990234375
2021-02-22,292.2274169921875
2021-02-23,294.5140380859375
2021-02-24,292.2274169921875
2021-02-25,294.5140380859375
2021-02-26,293.599365234375
2021-03-02,294.05670166015625
2021-03-03,294.5140380859375
2021-03-04,290.39813232421875
2021-03-05,288.5688171386719
2021-03-08,290.8554382324219
2021-03-09,294.5140380859375
2021-03-10,292.6846923828125
2021-03-11,291.312744140625
2021-03-12,290.8554382324219
2021-03-15,288.1115417480469
2021-03-16,288.1115417480469
2021-03-17,288.1115417480469
2021-03-18,292.6846923828125
2021-03-19,289.9407958984375
2021-03-22,293.599365234375
2021-03-23,293.599365234375
2021-03-24,292.6846923828125
2021-03-25,289.9407958984375
2021-03-26,292.6846923828125
2021-03-29,299.0871887207031
2021-03-30,300.45916748046875
2021-03-31,301.373779296875
2021-04-01,301.373779296875
2021-04-07,303.203125
2021-04-08,305.4896545410156
2021-04-09,305.0323791503906
2021-04-12,304.5750427246094
2021-04-13,305.4896545410156
2021-04-14,304.5750427246094
2021-04-15,304.5750427246094
2021-04-16,313.721435546875
2021-04-19,318.29461669921875
2021-04-20,321.0385437011719
2021-04-21,327.4410400390625
2021-04-22,336.13006591796875
2021-04-23,336.13006591796875
2021-04-26,334.3008728027344
2021-04-27,333.8434753417969
2021-04-28,329.72760009765625
2021-04-29,329.27032470703125
2021-05-03,324.2397766113281
2021-05-04,321.49591064453125
2021-05-05,319.66656494140625
2021-05-06,316.92266845703125
2021-05-07,323.782470703125
2021-05-10,342.0752868652344
2021-05-11,347.5631103515625
2021-05-12,333.3861999511719
2021-05-13,334.7582092285156
2021-05-14,343.9045104980469
2021-05-17,331.0995788574219
2021-05-18,350.7643737792969
2021-05-19,349.8497314453125
2021-05-20,348.0204162597656
2021-05-21,350.3070068359375
2021-05-24,356.70947265625
2021-05-25,357.1668395996094
2021-05-26,356.252197265625
2021-05-27,357.1668395996094
2021-05-28,344.36187744140625
2021-05-31,350.7643737792969
2021-06-01,355.7948913574219
2021-06-02,355.7948913574219
2021-06-03,353.50823974609375
2021-06-04,349.8497314453125
2021-06-07,354.8802490234375
2021-06-08,354.42291259765625
2021-06-09,357.1668395996094
2021-06-10,358.5387878417969
2021-06-11,359.4533996582031
2021-06-15,360.8254089355469
2021-06-16,376.3742370605469
2021-06-17,368.14251708984375
2021-06-18,361.74005126953125
2021-06-21,363.5693054199219
2021-06-22,366.7705383300781
2021-06-23,370.88641357421875
2021-06-24,376.83154296875
2021-06-25,378.66082763671875
2021-06-28,365.85589599609375
2021-06-29,361.2826843261719
2021-06-30,358.9961242675781
2021-07-01,358.5387878417969
2021-07-02,355.3375549316406
2021-07-05,357.1668395996094
2021-07-06,355.3375549316406
2021-07-07,354.42291259765625
2021-07-08,356.70947265625
2021-07-09,354.8802490234375
2021-07-12,351.678955078125
2021-07-13,349.3923645019531
2021-07-14,347.5631103515625
2021-07-15,347.5631103515625
2021-07-16,346.6484680175781
2021-07-19,341.16064453125
2021-07-20,342.0752868652344
2021-07-21,337.04473876953125
2021-07-22,331.0995788574219
2021-07-23,335.67279052734375
2021-07-26,338.4167175292969
2021-07-27,339.3313293457031
2021-07-28,340.7033386230469
2021-07-29,342.98992919921875
2021-07-30,340.7033386230469
2021-08-02,334.3008728027344
2021-08-03,335.67279052734375
2021-08-04,334.7582092285156
2021-08-05,332.01422119140625
2021-08-06,332.01422119140625
2021-08-09,342.98992919921875
2021-08-10,333.8434753417969
2021-08-11,336.58746337890625
2021-08-12,333.3861999511719
2021-08-13,334.7582092285156
2021-08-16,338.8740539550781
2021-08-17,337.5020446777344
2021-08-18,333.3861999511719
2021-08-19,330.1849365234375
2021-08-20,331.55694580078125
2021-08-23,331.55694580078125
2021-08-24,334.7582092285156
2021-08-25,333.8434753417969
2021-08-26,340.0017395019531
2021-08-27,337.67608642578125
2021-08-30,342.3273010253906
2021-08-31,347.4435729980469
2021-09-01,344.1877746582031
2021-09-02,339.07147216796875
2021-09-03,343.25750732421875
2021-09-06,346.0482482910156
2021-09-07,364.6529846191406
2021-09-08,360.0018005371094
2021-09-09,350.6994323730469
2021-09-10,355.3505859375
2021-09-13,360.0018005371094
2021-09-14,370.2344055175781
2021-09-15,362.79248046875
2021-09-16,368.3739013671875
2021-09-17,371.1646423339844
2021-09-22,370.2344055175781
2021-09-23,372.55999755859375
2021-09-24,378.60650634765625
2021-09-27,371.1646423339844
2021-09-28,366.5134582519531
2021-09-29,353.0250244140625
2021-09-30,360.9320373535156
2021-10-01,354.4203796386719
2021-10-04,352.5599060058594
2021-10-05,353.0250244140625
2021-10-06,350.6994323730469
2021-10-07,352.09478759765625
2021-10-08,350.6994323730469
2021-10-12,352.09478759765625
2021-10-13,349.7691345214844
2021-10-14,350.6994323730469
2021-10-15,361.39715576171875
2021-10-18,357.6761779785156
2021-10-19,358.6064453125
2021-10-20,359.5366516113281
2021-10-21,360.4669189453125
2021-10-22,365.11810302734375
2021-10-25,362.79248046875
2021-10-26,369.30419921875
2021-10-27,392.094970703125
2021-10-28,391.6298828125
2021-10-29,397.21124267578125
2021-11-01,393.4903259277344
2021-11-02,384.1879577636719
2021-11-03,388.8391418457031
2021-11-04,390.6996154785156
2021-11-05,394.8856506347656
2021-11-08,408.3741455078125
2021-11-09,432.56024169921875
2021-11-10,434.4207763671875
2021-11-11,428.83935546875
2021-11-12,427.4440002441406
2021-11-15,433.0254211425781
2021-11-16,434.4207763671875
2021-11-17,429.3044738769531
2021-11-18,429.3044738769531
2021-11-19,442.7928771972656
2021-11-22,453.4906311035156
2021-11-23,448.3742980957031
2021-11-24,433.95562744140625
2021-11-25,444.65338134765625
2021-11-26,436.2812194824219
2021-11-29,435.35101318359375
2021-11-30,447.90924072265625
2021-12-01,451.63018798828125
2021-12-02,437.2115173339844
2021-12-03,455.81622314453125
2021-12-06,455.81622314453125
2021-12-07,453.0255432128906
2021-12-08,457.67669677734375
2021-12-09,450.69989013671875
2021-12-10,454.4208679199219
2021-12-13,466.048828125
2021-12-14,458.6069030761719
2021-12-15,453.4906311035156
2021-12-16,459.53717041015625
2021-12-17,457.2115783691406
2021-12-20,455.3511047363281
2021-12-21,454.885986328125
2021-12-22,463.2581481933594
2021-12-23,466.048828125
2021-12-24,472.56048583984375
2021-12-27,469.769775390625
2021-12-28,480.9326477050781
2021-12-29,481.86285400390625
2021-12-30,480.9326477050781
2022-01-03,476.28143310546875
2022-01-04,466.048828125
2022-01-05,460.0022888183594
2022-01-06,455.81622314453125
2022-01-07,438.1416931152344
2022-01-10,432.56024169921875
2022-01-11,426.0486145019531
2022-01-12,421.862548828125
2022-01-13,436.2812194824219
2022-01-14,436.746337890625
2022-01-17,444.65338134765625
2022-01-18,440.9324035644531
2022-01-19,443.72314453125
2022-01-20,434.8858642578125
2022-01-21,424.65325927734375
2022-01-24,422.7928161621094
2022-01-25,413.0252990722656
2022-01-26,416.7462463378906
2022-02-07,419.0718688964844
2022-02-08,432.56024169921875
2022-02-09,441.3975524902344
2022-02-10,439.07196044921875
2022-02-11,440.0022277832031
2022-02-14,425.58355712890625
2022-02-15,418.60675048828125
2022-02-16,418.60675048828125
2022-02-17,420.0021057128906
2022-02-18,413.95556640625
2022-02-21,411.16485595703125
2022-02-22,400.9322204589844
2022-02-23,410.234619140625
2022-02-24,390.6996154785156
2022-02-25,398.1415710449219
2022-03-01,410.234619140625
2022-03-02,413.95556640625
2022-03-03,414.8857727050781
2022-03-04,410.234619140625
2022-03-07,386.5135498046875
2022-03-08,378.1414489746094
2022-03-09,383.722900390625
2022-03-10,393.4903259277344
2022-03-11,391.16473388671875
2022-03-14,392.56011962890625
2022-03-15,392.094970703125
2022-03-16,397.6763916015625
2022-03-17,398.60662841796875
2022-03-18,385.1181640625
2022-03-21,399.536865234375
2022-03-22,400.00201416015625
2022-03-23,399.536865234375
2022-03-24,397.21124267578125
2022-03-25,403.722900390625
2022-03-28,389.7694091796875
2022-03-29,395.8159484863281
2022-03-30,408.8392333984375
2022-03-31,406.5136413574219
2022-04-01,407.4438781738281
2022-04-06,401.3973388671875
2022-04-07,395.3507995605469
2022-04-08,414.8857727050781
2022-04-11,407.90899658203125
2022-04-12,400.00201416015625
2022-04-13,408.3741455078125
2022-04-14,412.0950622558594
2022-04-15,395.3507995605469
2022-04-18,397.6763916015625
2022-04-19,403.2578125
2022-04-20,403.2578125
2022-04-21,396.2810363769531
2022-04-22,380.93212890625
2022-04-25,358.1413269042969
2022-04-26,356.28082275390625
2022-04-27,351.1645202636719
2022-04-28,359.5366516113281
2022-04-29,369.30419921875
2022-05-03,371.1646423339844
2022-05-04,378.60650634765625
2022-05-05,380.93212890625
2022-05-06,376.7460632324219
2022-05-09,386.0484313964844
2022-05-10,381.3972473144531
2022-05-11,380.00189208984375
2022-05-12,395.3507995605469
2022-05-13,409.3043518066406
2022-05-16,406.9787902832031
2022-05-17,415.3509216308594
2022-05-18,415.3509216308594
2022-05-19,413.0252990722656
2022-05-20,407.4438781738281
2022-05-23,404.6531982421875
2022-05-24,400.46710205078125
2022-05-25,403.722900390625
2022-05-26,403.722900390625
2022-05-27,401.8624572753906
2022-05-30,410.234619140625
2022-05-31,416.7462463378906
2022-06-01,416.7462463378906
2022-06-02,414.4206848144531
2022-06-06,414.8857727050781
2022-06-07,415.3509216308594
2022-06-08,424.18817138671875
2022-06-09,424.18817138671875
2022-06-10,421.3974914550781
2022-06-13,411.16485595703125
2022-06-14,403.722900390625
2022-06-15,410.234619140625
2022-06-16,390.6996154785156
2022-06-17,382.3275146484375
2022-06-20,382.7925720214844
2022-06-21,390.6996154785156
2022-06-22,381.3972473144531
2022-06-23,380.93212890625
2022-06-24,380.93212890625
2022-06-27,389.3042297363281
2022-06-28,384.1879577636719
2022-06-29,385.1181640625
2022-06-30,379.5367736816406
2022-07-01,361.39715576171875
2022-07-04,363.25762939453125
2022-07-05,370.6994934082031
2022-07-06,359.5366516113281
2022-07-07,388.8391418457031
2022-07-08,383.722900390625
2022-07-11,377.67633056640625
2022-07-12,370.2344055175781
2022-07-13,368.3739013671875
2022-07-14,371.6297302246094
2022-07-15,375.3507080078125
2022-07-18,380.00189208984375
2022-07-19,376.7460632324219
2022-07-20,386.5135498046875
2022-07-21,393.4903259277344
2022-07-22,403.722900390625
2022-07-25,400.46710205078125
2022-07-26,407.90899658203125
2022-07-27,413.95556640625
2022-07-28,426.0486145019531
2022-07-29,423.2579345703125
2022-08-01,420.4671936035156
2022-08-02,425.1183776855469
2022-08-03,413.95556640625
2022-08-04,418.1415710449219
2022-08-05,421.3974914550781
2022-08-08,436.2812194824219
2022-08-09,460.0022888183594
2022-08-10,440.46728515625
2022-08-11,440.46728515625
2022-08-12,440.9324035644531
2022-08-15,437.2115173339844
2022-08-16,443.2580261230469
2022-08-17,437.2115173339844
2022-08-18,437.2115173339844
2022-08-19,436.2812194824219
2022-08-22,428.83935546875
2022-08-23,425.1183776855469
2022-08-24,420.0021057128906
2022-08-25,427.90911865234375
2022-08-26,431.1649475097656
2022-08-29,430.6997985839844
2022-08-30,432.49072265625
2022-08-31,435.3486022949219
2022-09-01,426.7749938964844
2022-09-02,424.8697509765625
2022-09-05,424.3934631347656
2022-09-06,422.0118713378906
2022-09-07,421.0592956542969
2022-09-08,428.6802673339844
2022-09-12,424.8697509765625
2022-09-13,428.2038879394531
2022-09-14,425.3460693359375
2022-09-15,442.0169677734375
2022-09-16,447.73272705078125
2022-09-19,434.39599609375
2022-09-20,430.5854797363281
2022-09-21,433.443359375
2022-09-22,436.77752685546875
2022-09-23,438.20648193359375
2022-09-26,434.39599609375
2022-09-27,445.35113525390625
2022-09-28,432.9670715332031
2022-09-29,437.73016357421875
2022-09-30,450.5906066894531
2022-10-03,444.39849853515625
2022-10-04,459.6405029296875
2022-10-05,449.637939453125
2022-10-06,446.7800598144531
2022-10-07,449.1616516113281
2022-10-11,417.2487487792969
2022-10-12,403.4357604980469
2022-10-13,391.5279846191406
2022-10-14,411.0567321777344
2022-10-17,410.1040954589844
2022-10-18,412.48565673828125
2022-10-19,412.48565673828125
2022-10-20,400.1015625
2022-10-21,384.859619140625
2022-10-24,389.1463928222656
2022-10-25,387.7174377441406
2022-10-26,390.5753479003906
2022-10-27,400.1015625
2022-10-28,396.7673645019531
2022-10-31,399.1489562988281
2022-11-01,399.1489562988281
2022-11-02,398.672607421875
2022-11-03,411.53302001953125
2022-11-04,416.7724914550781
2022-11-07,409.6278076171875
2022-11-08,420.1066589355469
2022-11-09,419.15399169921875
2022-11-10,419.15399169921875
2022-11-11,411.53302001953125
2022-11-14,399.1489562988281
2022-11-15,387.2411804199219
2022-11-16,385.3359069824219
2022-11-17,392.4805603027344
2022-11-18,386.2885437011719
2022-11-21,382.954345703125
2022-11-22,381.0491027832031
2022-11-23,382.954345703125
2022-11-24,392.4805603027344
2022-11-25,393.9095153808594
2022-11-28,391.0516357421875
2022-11-29,390.0990295410156
2022-11-30,392.9569396972656
2022-12-01,401.5304870605469
2022-12-02,401.05419921875
2022-12-05,392.0042419433594
2022-12-06,387.7174377441406
2022-12-07,379.6201477050781
2022-12-08,378.1912841796875
2022-12-09,381.0491027832031
2022-12-12,383.4306640625
2022-12-13,384.38330078125
2022-12-14,383.906982421875
2022-12-15,380.5727844238281
2022-12-16,379.14385986328125
2022-12-19,377.71490478515625
2022-12-20,367.71240234375
2022-12-21,370.0939636230469
2022-12-22,378.66754150390625
2022-12-23,376.2859802246094
2022-12-26,373.9044494628906
2022-12-27,375.3333740234375
2022-12-28,368.1886901855469
2022-12-29,367.236083984375
2022-12-30,365.80712890625
2023-01-03,364.3782043457031
2023-01-04,375.3333740234375
2023-01-05,367.236083984375
2023-01-06,369.6176452636719
2023-01-09,371.5228576660156
2023-01-10,374.8570556640625
2023-01-11,372.47552490234375
2023-01-12,379.14385986328125
2023-01-13,381.5254211425781
2023-01-16,374.8570556640625
2023-01-17,381.5254211425781
2023-01-30,382.954345703125
2023-01-31,384.859619140625
2023-02-01,377.71490478515625
2023-02-02,389.1463928222656
2023-02-03,385.8122253417969
2023-02-06,380.09649658203125
2023-02-07,382.0017395019531
2023-02-08,381.5254211425781
2023-02-09,377.23858642578125
2023-02-10,373.9044494628906
2023-02-13,371.04656982421875
2023-02-14,371.5228576660156
2023-02-15,368.1886901855469
2023-02-16,376.7623291015625
2023-02-17,382.954345703125
2023-02-20,381.5254211425781
2023-02-21,384.38330078125
2023-02-22,382.0017395019531
2023-02-23,384.859619140625
2023-02-24,397.7200012207031
2023-03-01,383.906982421875
2023-03-02,382.4780578613281
2023-03-03,380.5727844238281
2023-03-06,380.5727844238281
2023-03-07,374.8570556640625
2023-03-08,376.7623291015625
2023-03-09,374.3807373046875
2023-03-10,370.57025146484375
2023-03-13,366.283447265625
2023-03-14,360.5677185058594
2023-03-15,360.5677185058594
2023-03-16,354.37567138671875
2023-03-17,351.0414733886719
2023-03-20,351.5177917480469
2023-03-21,356.7572021484375
2023-03-22,365.80712890625
2023-03-23,361.0440368652344
2023-03-24,361.5203552246094
2023-03-27,362.94927978515625
2023-03-28,363.4256286621094
2023-03-29,363.9018859863281
2023-03-30,362.4729309082031
2023-03-31,366.283447265625
2023-04-06,363.4256286621094
2023-04-07,368.1886901855469
2023-04-10,384.38330078125
2023-04-11,385.3359069824219
2023-04-12,394.38580322265625
2023-04-13,394.8621520996094
2023-04-14,395.81475830078125
2023-04-17,393.4331970214844
2023-04-18,383.906982421875
2023-04-19,402.0068359375
2023-04-20,402.95941162109375
2023-04-21,389.6226806640625
2023-04-24,386.7648620605469
2023-04-25,382.0017395019531
2023-04-26,381.0491027832031
2023-04-27,387.2411804199219
2023-04-28,393.4331970214844
2023-05-02,394.38580322265625
2023-05-03,385.8122253417969
2023-05-04,382.954345703125
2023-05-05,382.954345703125
2023-05-08,399.1489562988281
2023-05-09,386.7648620605469
2023-05-10,385.3359069824219
2023-05-11,380.5727844238281
2023-05-12,384.38330078125
2023-05-15,387.7174377441406
2023-05-16,401.5304870605469
2023-05-17,396.29107666015625
2023-05-18,403.4357604980469
2023-05-19,394.8621520996094
2023-05-22,392.4805603027344
2023-05-23,399.1489562988281
2023-05-24,398.1963195800781
2023-05-25,402.48309326171875
2023-05-26,400.1015625
2023-05-29,415.3435363769531
2023-05-30,406.7698974609375
2023-05-31,403.91204833984375
2023-06-01,408.6751708984375
2023-06-02,406.7698974609375
2023-06-05,414.8671875
2023-06-06,414.8671875
2023-06-07,416.296142578125
2023-06-08,417.2487487792969
2023-06-09,425.8223876953125
2023-06-12,437.73016357421875
2023-06-13,429.1565856933594
2023-06-14,434.39599609375
2023-06-15,439.6354064941406
2023-06-16,437.73016357421875
2023-06-19,439.15911865234375
2023-06-20,482.979736328125
2023-06-21,530.6109008789062
2023-06-26,583.005126953125
2023-06-27,578.2420654296875
2023-06-28,603.9628295898438
2023-06-29,598.2470092773438
2023-06-30,631.5889282226562
2023-07-03,675.4095458984375
2023-07-04,663.9780883789062
2023-07-05,638.2572631835938
2023-07-06,635.3994140625
2023-07-07,657.3096313476562
2023-07-10,656.3571166992188
2023-07-11,660.1675415039062
2023-07-12,681.1253051757812
2023-07-13,706.8460693359375
2023-07-14,762.0982055664062
2023-07-17,754.4771728515625
2023-07-18,829.734375
2023-07-19,912.6126098632812
2023-07-20,902.1337280273438
2023-07-21,896.4180297851562
2023-07-24,944.0491943359375
2023-07-25,966.912109375
2023-07-26,898.3233032226562
2023-07-27,897.37060546875
2023-07-28,892.6075439453125
2023-07-31,864.02880859375
2023-08-01,838.3079833984375
2023-08-02,783.0559692382812
2023-08-04,778.2927856445312
2023-08-07,835.4501342773438
2023-08-08,845.9290161132812
2023-08-09,816.397705078125
2023-08-10,749.714111328125
2023-08-11,773.5297241210938
2023-08-14,778.2927856445312
2023-08-15,839.2606811523438
2023-08-16,876.4129638671875
2023-08-17,910.7073974609375
2023-08-18,863.0762939453125
2023-08-21,861.1709594726562
2023-08-22,861.1709594726562
2023-08-23,890.7022705078125
2023-08-24,881.1760864257812
2023-08-25,850.692138671875
2023-08-28,849.739501953125
2023-08-29,841.9437866210938
2023-08-30,885.7949829101562
2023-08-31,891.6417846679688
2023-09-01,851.6884765625
2023-09-04,845.8416137695312
2023-09-05,834.1478881835938
2023-09-06,877.0247192382812
2023-09-07,852.6629028320312
2023-09-08,825.377685546875
2023-09-11,808.8117065429688
2023-09-12,806.8627319335938
2023-09-13,801.0159301757812
2023-09-14,846.8161010742188
2023-09-15,844.8671875
2023-09-18,790.2967529296875
2023-09-19,790.2967529296875
2023-09-20,784.4498901367188
2023-09-21,782.5009765625
2023-09-22,807.837158203125
2023-09-25,815.633056640625
2023-09-26,805.8882446289062
2023-09-27,806.8627319335938
2023-09-28,806.8627319335938
2023-10-02,877.0247192382812
2023-10-03,883.8460693359375
2023-10-04,899.4375610351562
2023-10-05,906.2589111328125
2023-10-06,886.7694702148438
2023-10-11,875.0758056640625
2023-10-12,883.8460693359375
2023-10-13,865.3310546875
2023-10-16,870.2034301757812
2023-10-17,839.9948120117188
2023-10-18,788.3477172851562
2023-10-19,784.4498901367188
2023-10-20,776.6541748046875
2023-10-23,767.8839111328125
2023-10-24,774.7052001953125
2023-10-25,800.0414428710938
2023-10-26,764.96044921875
2023-10-27,753.2667846679688
2023-10-30,725.0071411132812
2023-10-31,684.079345703125
2023-11-01,666.538818359375
2023-11-02,694.7984619140625
2023-11-03,700.645263671875
2023-11-06,705.5177001953125
2023-11-07,775.6796875
2023-11-08,852.6629028320312
2023-11-09,832.198974609375
2023-11-10,826.3521728515625
2023-11-13,827.32666015625
2023-11-14,834.1478881835938
2023-11-15,844.8671875
2023-11-16,835.1224975585938
2023-11-17,827.32666015625
2023-11-20,820.50537109375
2023-11-21,872.15234375
2023-11-22,852.6629028320312
2023-11-23,829.275634765625
2023-11-24,849.739501953125
2023-11-27,834.1478881835938
2023-11-28,833.1734619140625
2023-11-29,857.5353393554688
2023-11-30,850.7139892578125
2023-12-01,861.4332275390625
2023-12-04,835.1224975585938
2023-12-05,818.5564575195312
2023-12-06,845.8416137695312
2023-12-07,836.0969848632812
2023-12-08,846.8161010742188
2023-12-11,857.5353393554688
2023-12-12,840.96923828125
2023-12-13,869.22900390625
2023-12-14,854.6118774414062
2023-12-15,835.1224975585938
2023-12-18,835.1224975585938
2023-12-19,824.4032592773438
2023-12-20,835.1224975585938
2023-12-21,839.0203247070312
2023-12-22,833.1734619140625
2023-12-25,845.8416137695312
2023-12-26,880.922607421875
2023-12-27,917.9525146484375
2023-12-28,886.7694702148438
2023-12-29,890.6673583984375
2024-01-02,867.2799682617188
2024-01-03,849.739501953125
2024-01-04,839.9948120117188
2024-01-05,847.79052734375
2024-01-08,891.6417846679688
2024-01-09,886.7694702148438
2024-01-10,873.1268310546875
2024-01-11,899.4375610351562
2024-01-12,894.5652465820312
2024-01-15,886.7694702148438
2024-01-16,896.51416015625
2024-01-17,880.922607421875
2024-01-18,912.105712890625
2024-01-19,974.4719848632812
2024-01-22,1047.5572509765625
2024-01-23,1042.6849365234375
2024-01-24,1013.4508056640625
2024-01-25,973.4974975585938
2024-01-26,974.4719848632812
2024-01-29,993.96142578125
2024-01-30,1037.8126220703125
2024-01-31,1013.4508056640625
2024-02-01,1028.0679931640625
2024-02-02,1057.302001953125
2024-02-05,984.2166137695312
2024-02-15,1081.663818359375
2024-02-16,1149.8768310546875
2024-02-19,1164.4940185546875
2024-02-20,1188.8558349609375
2024-02-21,1252.196533203125
2024-02-22,1281.4305419921875
2024-02-23,1320.409423828125
2024-02-26,1281.4305419921875
2024-02-27,1257.0687255859375
2024-02-29,1320.409423828125
2024-03-01,1339.8990478515625
2024-03-04,1305.7923583984375
2024-03-05,1408.1119384765625
2024-03-06,1432.4737548828125
2024-03-07,1330.1541748046875
2024-03-08,1291.1754150390625
2024-03-11,1276.558349609375
2024-03-12,1276.558349609375
2024-03-13,1227.834716796875
2024-03-14,1198.6004638671875
2024-03-15,1174.2386474609375
2024-03-18,1257.0687255859375
2024-03-19,1227.834716796875
2024-03-20,1188.8558349609375
2024-03-21,1232.7069091796875
2024-03-22,1286.3028564453125
2024-03-25,1252.196533203125
2024-03-26,1188.8558349609375
2024-03-27,1179.1109619140625
2024-03-28,1198.6004638671875
2024-03-29,1222.9622802734375
2024-04-01,1227.834716796875
2024-04-02,1218.08984375
2024-04-03,1291.1754150390625
2024-04-08,1305.7923583984375
2024-04-09,1315.5372314453125
2024-04-10,1310.6646728515625
2024-04-11,1242.45166015625
2024-04-12,1320.409423828125
2024-04-15,1218.08984375
2024-04-16,1145.0045166015625
2024-04-17,1145.0045166015625
2024-04-18,1257.0687255859375
2024-04-19,1198.6004638671875
2024-04-22,1081.663818359375
2024-04-23,1052.4298095703125
2024-04-24,1130.387451171875
2024-04-25,1052.4298095703125
2024-04-26,1154.7491455078125
2024-04-29,1159.62158203125
2024-04-30,1198.6004638671875
2024-05-02,1169.3663330078125
2024-05-03,1154.7491455078125
2024-05-06,1169.3663330078125
2024-05-07,1213.2176513671875
2024-05-08,1227.834716796875
2024-05-09,1252.196533203125
2024-05-10,1208.34521484375
2024-05-13,1218.08984375
2024-05-14,1218.08984375
2024-05-15,1247.3240966796875
2024-05-16,1257.0687255859375
2024-05-17,1247.3240966796875
2024-05-20,1213.2176513671875
2024-05-21,1247.3240966796875
2024-05-22,1252.196533203125
2024-05-23,1252.196533203125
2024-05-24,1242.45166015625
2024-05-27,1242.45166015625
2024-05-28,1193.72802734375
2024-05-29,1198.6004638671875
2024-05-30,1135.259765625
2024-05-31,1096.2808837890625
2024-06-03,1130.387451171875
2024-06-04,1086.5361328125
2024-06-05,1076.7916259765625
2024-06-06,1115.7705078125
2024-06-07,1145.0045166015625
2024-06-11,1149.8768310546875
2024-06-12,1183.9833984375
2024-06-13,1174.2386474609375
2024-06-14,1164.4940185546875
2024-06-17,1164.4940185546875
2024-06-18,1140.1322021484375
2024-06-19,1115.7705078125
2024-06-20,1179.1109619140625
2024-06-21,1169.3663330078125
2024-06-24,1169.3663330078125
2024-06-25,1188.8558349609375
2024-06-26,1222.9622802734375
2024-06-27,1208.34521484375
2024-06-28,1208.34521484375
2024-07-01,1188.8558349609375
2024-07-02,1208.34521484375
2024-07-03,1247.3240966796875
2024-07-04,1320.409423828125
2024-07-05,1339.8990478515625
2024-07-08,1339.8990478515625
2024-07-09,1320.409423828125
2024-07-10,1330.1541748046875
2024-07-11,1276.558349609375
2024-07-12,1247.3240966796875
2024-07-15,1227.834716796875
2024-07-16,1257.0687255859375
2024-07-17,1222.9622802734375
2024-07-18,1169.3663330078125
2024-07-19,1110.89794921875
2024-07-22,1091.40869140625
2024-07-23,1140.1322021484375
2024-07-26,1096.2808837890625
2024-07-29,1115.7705078125
2024-07-30,1096.2808837890625
2024-07-31,1076.7916259765625
2024-08-01,1106.025634765625
2024-08-02,1037.8126220703125
2024-08-05,934.5186157226562
2024-08-06,971.5485229492188
2024-08-07,1067.0467529296875
2024-08-08,1042.6849365234375
2024-08-09,1081.663818359375
2024-08-12,1067.0467529296875
2024-08-13,1081.663818359375
2024-08-14,1106.025634765625
2024-08-15,1135.259765625
2024-08-16,1183.9833984375
2024-08-19,1227.834716796875
2024-08-20,1198.6004638671875
2024-08-21,1179.1109619140625
2024-08-22,1198.6004638671875
2024-08-23,1266.8134765625
2024-08-26,1237.579345703125
2024-08-27,1247.3240966796875
2024-08-28,1227.834716796875
2024-08-29,1241.8199462890625
2024-08-30,1246.7476806640625
2024-09-02,1187.6134033203125
2024-09-03,1207.3248291015625
2024-09-04,1133.406982421875
2024-09-05,1103.8399658203125
2024-09-06,1148.1905517578125
2024-09-09,1143.2626953125
2024-09-10,1108.7677001953125
2024-09-11,1098.9119873046875
2024-09-12,1133.406982421875
2024-09-13,1167.9019775390625
2024-09-16,1192.541259765625
2024-09-18,1133.406982421875
2024-09-19,1192.541259765625
2024-09-20,1148.1905517578125
2024-09-23,1148.1905517578125
2024-09-24,1172.829833984375
2024-09-25,1143.2626953125
2024-09-26,1153.1185302734375
2024-09-27,1187.6134033203125
2024-09-30,1084.12841796875
2024-10-01,1074.272705078125
2024-10-04,1029.9219970703125
2024-10-07,1054.561279296875
2024-10-08,1084.12841796875
2024-10-09,1024.994140625
2024-10-11,1059.4891357421875
2024-10-14,1064.4171142578125
2024-10-15,1079.2005615234375
2024-10-16,1069.3448486328125
2024-10-17,1098.9119873046875
2024-10-18,1064.4171142578125
2024-10-21,1079.2005615234375
2024-10-22,1128.479248046875
2024-10-23,1227.036376953125
2024-10-24,1227.036376953125
2024-10-25,1236.8919677734375
2024-10-28,1192.541259765625
2024-10-29,1212.252685546875
2024-10-30,1231.964111328125
2024-11-01,1256.6033935546875
2024-11-04,1256.6033935546875
2024-11-05,1271.386962890625
2024-11-06,1281.24267578125
2024-11-07,1409.366943359375
2024-11-08,1384.7276611328125
2024-11-11,1414.2947998046875
2024-11-12,1360.08837890625
2024-11-13,1345.3048095703125
2024-11-14,1365.0162353515625
2024-11-15,1335.4490966796875
2024-11-18,1281.24267578125
2024-11-19,1350.232666015625
2024-11-20,1374.8719482421875
2024-11-21,1404.439208984375
2024-11-22,1409.366943359375
2024-11-25,1443.862060546875
2024-11-26,1424.1505126953125
2024-11-27,1399.51123046875
2024-11-28,1369.944091796875
2024-11-29,1438.93408203125
2024-12-02,1473.4290771484375
2024-12-03,1473.4290771484375
2024-12-04,1547.346923828125
2024-12-05,1571.9862060546875
2024-12-06,1552.2747802734375
2024-12-09,1552.2747802734375
2024-12-10,1502.9962158203125
2024-12-11,1512.8519287109375
2024-12-12,1527.635498046875
2024-12-13,1522.7076416015625
2024-12-16,1468.5013427734375
2024-12-17,1522.7076416015625
2024-12-18,1478.35693359375
2024-12-19,1478.35693359375
2024-12-20,1429.0784912109375
2024-12-23,1468.5013427734375
2024-12-24,1429.0784912109375
2024-12-25,1429.0784912109375
2024-12-26,1443.862060546875
2024-12-27,1448.789794921875
2024-12-30,1522.7076416015625
2024-12-31,1527.635498046875
2025-01-02,1453.7177734375
2025-01-03,1443.862060546875
2025-01-06,1468.5013427734375
2025-01-07,1493.140625
2025-01-08,1483.2847900390625
2025-01-09,1488.212646484375
2025-01-10,1453.7177734375
2025-01-13,1379.7999267578125
2025-01-14,1394.5833740234375
2025-01-15,1355.16064453125
2025-01-16,1389.655517578125
2025-01-17,1389.655517578125
2025-01-20,1438.93408203125
2025-01-21,1463.5733642578125
2025-01-22,1498.068359375
2025-02-03,1350.232666015625
2025-02-04,1325.5933837890625
2025-02-05,1389.655517578125
2025-02-06,1404.439208984375
2025-02-07,1542.419189453125
2025-02-10,1547.346923828125
2025-02-11,1596.62548828125
2025-02-12,1631.12060546875
2025-02-13,1645.9041748046875
2025-02-14,1650.8319091796875
2025-02-17,1729.6776123046875
2025-02-18,1828.2347412109375
2025-02-19,1843.018310546875
2025-02-20,1847.9462890625
2025-02-21,1838.0904541015625
2025-02-24,1902.152587890625
2025-02-25,1926.7918701171875
2025-02-26,2020.4212646484375
2025-02-27,1961.2869873046875
2025-03-03,1971.1427001953125
2025-03-04,1976.0704345703125
2025-03-05,1931.7198486328125
2025-03-06,1941.575439453125
2025-03-07,1897.224853515625
2025-03-10,1872.5855712890625
2025-03-11,1843.018310546875
2025-03-12,1813.451171875
2025-03-13,1852.8740234375
2025-03-14,1867.6575927734375
2025-03-17,1887.3690185546875
2025-03-18,1951.43115234375
2025-03-19,1897.224853515625
2025-03-20,1936.647705078125
2025-03-21,1838.0904541015625
2025-03-24,1813.451171875
2025-03-25,1818.379150390625
2025-03-26,1867.6575927734375
2025-03-27,1872.5855712890625
2025-03-28,1798.6676025390625
2025-03-31,1626.192626953125
2025-04-01,1640.9761962890625
2025-04-02,1616.3369140625
2025-04-07,1458.6455078125
2025-04-08,1315.73779296875
2025-04-09,1187.6134033203125
2025-04-10,1305.882080078125
2025-04-11,1434.0062255859375
2025-04-14,1562.1304931640625
2025-04-15,1616.3369140625
2025-04-16,1547.346923828125
2025-04-17,1591.6976318359375
2025-04-18,1616.3369140625
2025-04-21,1621.264892578125
2025-04-22,1547.346923828125
2025-04-23,1645.9041748046875
2025-04-24,1650.8319091796875
2025-04-25,1769.1005859375
2025-04-28,1744.4613037109375
2025-04-29,1788.8118896484375
2025-04-30,1719.822021484375
2025-05-02,1813.451171875
2025-05-05,1788.8118896484375
2025-05-06,1828.2347412109375
2025-05-07,1838.0904541015625
2025-05-08,1892.296875
2025-05-09,1862.729736328125
2025-05-12,1852.8740234375
2025-05-13,1897.224853515625
2025-05-14,1912.00830078125
2025-05-15,1971.1427001953125
2025-05-16,1990.85400390625
2025-05-19,1936.647705078125
2025-05-20,1980.998291015625
2025-05-21,2020.4212646484375
2025-05-22,2099.266845703125
2025-05-23,2064.77197265625
2025-05-26,2059.843994140625
2025-05-27,2020.4212646484375
2025-05-28,2030.27685546875
2025-05-29,2020.4212646484375
2025-06-02,2000.709716796875
2025-06-03,2128.834228515625
2025-06-04,2143.61767578125
2025-06-05,2168.2568359375
2025-06-06,2104.19482421875
2025-06-09,2114.05029296875
2025-06-10,2148.54541015625
2025-06-11,2109.12255859375
2025-06-12,2099.266845703125
2025-06-13,2133.76171875
2025-06-16,2153.473388671875
2025-06-17,2099.266845703125
2025-06-18,2118.978271484375
2025-06-19,2118.978271484375
2025-06-20,2045.060546875
2025-06-23,2069.69970703125
2025-06-24,2114.05029296875
2025-06-25,2104.19482421875
2025-06-26,2020.4212646484375
2025-06-27,2020.4212646484375
2025-06-30,2005.6375732421875
2025-07-01,1980.998291015625
2025-07-02,1985.92626953125
2025-07-03,1961.2869873046875
2025-07-04,2020.4212646484375
2025-07-07,1995.781982421875
2025-07-08,2114.05029296875
2025-07-09,2118.978271484375
2025-07-10,2128.834228515625
2025-07-11,2089.4111328125
2025-07-14,2025.34912109375
2025-07-15,2099.266845703125
2025-07-16,2153.473388671875
2025-07-17,2207.679931640625
2025-07-18,2380.15478515625
2025-07-21,2463.92822265625
2025-07-22,2459.00048828125
2025-07-23,2463.92822265625
2025-07-24,2483.639892578125
2025-07-25,2527.990478515625
2025-07-28,2567.413330078125
2025-07-29,2557.5576171875
2025-07-30,2567.413330078125
2025-07-31,2626.547607421875
2025-08-04,2562.4853515625
2025-08-05,2685.681884765625
2025-08-06,2769.455322265625
2025-08-07,2882.796142578125
2025-08-08,2917.291015625
2025-08-11,2961.641845703125
2025-08-12,2946.858154296875
2025-08-13,3010.92041015625
2025-08-14,3060.198974609375
2025-08-15,3084.83837890625
2025-08-18,3134.116943359375
2025-08-19,3040.487548828125
2025-08-20,2813.80615234375
2025-08-21,2922.218994140625
2025-08-22,2912.36328125
2025-08-25,2991.208740234375
2025-08-26,2937.002685546875
2025-08-27,2897.57958984375
2025-08-28,2914.71923828125
2025-08-29,3014.36767578125
2025-09-01,2954.57861328125
2025-09-02,2919.70166015625
2025-09-03,3118.99853515625
2025-09-04,2984.47314453125
2025-09-05,3198.717529296875
2025-09-08,3208.682373046875
2025-09-09,3323.278076171875
2025-09-10,3472.750732421875
2025-09-11,3402.996826171875
2025-09-12,3417.944091796875
2025-09-15,3398.014404296875
2025-09-16,3358.155029296875
2025-09-17,3358.155029296875
2025-09-18,3402.996826171875
2025-09-19,3323.278076171875
2025-09-22,3238.576904296875
2025-09-23,3208.682373046875
2025-09-24,3208.682373046875
2025-09-25,3158.85791015625
2025-09-26,3089.10400390625
2025-09-30,3278.436279296875
2025-10-01,3298.365966796875
2025-10-02,3328.260498046875
2025-10-03,3402.996826171875
2025-10-07,3457.803466796875
2025-10-08,3562.4345703125
2025-10-09,3731.8369140625
2025-10-13,3706.9248046875
2025-10-14,3781.6611328125
2025-10-15,3906.221923828125
2025-10-16,3916.186767578125
2025-10-17,3746.7841796875
2025-10-20,3736.8193359375
2025-10-21,3846.432861328125
2025-10-22,3791.6259765625
2025-10-23,3766.7138671875
2025-10-27,3756.7490234375
2025-10-28,3846.432861328125
2025-10-29,3906.221923828125
2025-10-30,4080.606689453125
2025-10-31,4095.553955078125
2025-11-03,4264.95654296875
2025-11-04,4180.25537109375
2025-11-05,4190.22021484375
2025-11-06,4294.85107421875
2025-11-07,4065.659423828125
2025-11-10,4165.30810546875
2025-11-11,4010.852783203125
2025-11-12,3841.450439453125
2025-11-13,3761.7314453125
2025-11-14,3701.9423828125
2025-11-17,3701.9423828125
2025-11-18,3537.5224609375
2025-11-19,3562.4345703125
2025-11-20,3617.2412109375
2025-11-21,3512.6103515625
2025-11-24,3492.680419921875
2025-11-25,3447.838623046875
2025-11-26,3388.049560546875
2025-11-27,3592.3291015625
2025-11-28,3801.5908203125
2025-12-01,3447.838623046875
2025-12-02,3353.172607421875
2025-12-03,3432.891357421875
2025-12-04,3477.733154296875
2025-12-05,3447.838623046875
2025-12-08,3522.5751953125
2025-12-09,3487.697998046875
2025-12-10,3602.2939453125
2025-12-11,3811.555908203125
2025-12-12,3726.8544921875
2025-12-15,3612.2587890625
2025-12-16,3577.3818359375
2025-12-17,3532.5400390625
2025-12-18,3507.6279296875
2025-12-19,3647.1357421875
2025-12-22,3716.8896484375
2025-12-23,3716.8896484375
2025-12-24,3696.9599609375
2025-12-26,3677.0302734375
2025-12-29,3751.7666015625
2025-12-30,3771.6962890625
2025-12-31,3736.8193359375
2026-01-02,3447.838623046875
2026-01-05,3193.73486328125
2026-01-06,3193.73486328125
2026-01-07,3243.559326171875
2026-01-08,3143.91064453125
2026-01-09,3303.348388671875
2026-01-12,3353.172607421875
2026-01-13,3293.383544921875
2026-01-14,3333.242919921875
2026-01-15,3388.049560546875
2026-01-16,3398.014404296875
2026-01-19,3298.365966796875
2026-01-20,3627.2060546875
2026-01-21,3507.6279296875
2026-01-22,3472.750732421875
2026-01-23,3557.4521484375
2026-01-26,3487.697998046875
2026-01-27,3477.733154296875
2026-01-28,3368.119873046875
2026-01-29,3193.73486328125
2026-01-30,3128.96337890625
2026-02-02,3054.22705078125
2026-02-03,3094.08642578125
2026-02-04,3064.19189453125
2026-02-05,3009.38525390625
2026-02-06,2944.61376953125
2026-02-09,2899.77197265625
2026-02-10,2924.68408203125
2026-02-11,3019.35009765625
2026-02-23,3019.35009765625
2026-02-24,3114.01611328125
2026-02-25,3348.190185546875
2026-02-26,3432.891357421875
2026-03-02,3407.979248046875
2026-03-03,3268.471435546875
2026-03-04,3158.85791015625
2026-03-05,3308.330810546875
2026-03-06,3193.73486328125
2026-03-09,2989.45556640625
2026-03-10,3049.24462890625
2026-03-11,3343.207763671875
2026-03-12,3278.436279296875
2026-03-13,3353.172607421875
2026-03-16,3308.330810546875
2026-03-17,3338.225341796875
2026-03-18,3398.014404296875
2026-03-19,3562.4345703125
2026-03-20,3393.031982421875
2026-03-23,3388.049560546875
2026-03-24,3507.6279296875
2026-03-25,3602.2939453125
2026-03-26,3602.2939453125
2026-03-27,3587.3466796875
2026-03-30,3447.838623046875
2026-03-31,3163.84033203125
2026-04-01,3442.856201171875
2026-04-02,3333.242919921875
2026-04-07,3163.84033203125
2026-04-08,3303.348388671875
2026-04-09,3263.489013671875
2026-04-10,3343.207763671875
2026-04-13,3323.278076171875
2026-04-14,3432.891357421875
2026-04-15,3427.908935546875
2026-04-16,3432.891357421875
2026-04-17,3627.2060546875
2026-04-20,3731.8369140625
2026-04-21,3841.450439453125
2026-04-22,3921.169189453125
2026-04-23,3572.3994140625
2026-04-24,3781.6611328125
2026-04-27,3946.081298828125
2026-04-28,3966.010986328125
2026-04-29,4145.37841796875
2026-04-30,3896.257080078125
2026-05-04,4040.747314453125
2026-05-05,4125.44873046875
2026-05-06,4384.53466796875
2026-05-07,4822.98828125
2026-05-08,5301.30126953125
2026-05-11,5500.59814453125
2026-05-12,5425.86181640625
2026-05-13,5231.54736328125
2026-05-14,4992.390625
2026-05-15,4842.91796875
2026-05-18,4748.251953125
2026-05-19,4434.35888671875
2026-05-20,4484.18310546875
2026-05-21,4877.794921875
2026-05-22,5072.109375
2026-05-25,4962.49609375
2026-05-26,5017.302734375
2026-05-27,4902.70703125
2026-05-28,4683.48046875
2026-05-29,5047.197265625
2026-06-01,5196.67041015625
2026-06-02,5057.162109375
2026-06-03,5331.19580078125
2026-06-04,5331.19580078125
2026-06-05,5600.24658203125
2026-06-08,6158.2783203125
2026-06-09,6771.11669921875
2026-06-10,6347.6103515625
2026-06-11,6377.5048828125
2026-06-12,6885.71240234375
2026-06-15,6935.53662109375
2026-06-16,6626.62646484375
2026-06-17,6596.73193359375
2026-06-18,6840.87060546875
2026-06-22,7523.462890625
2026-06-23,7448.7265625
2026-06-24,7478.62109375
2026-06-25,7289.2890625
2026-06-26,6965.43115234375
2026-06-29,7085.009765625
2026-06-30,7334.130859375
2026-07-01,7628.09423828125
2026-07-02,7852.30322265625
2026-07-03,7971.88134765625
2026-07-06,7757.63720703125
2026-07-07,8230.9677734375
2026-07-08,8066.54736328125
2026-07-09,8221.0029296875
2026-07-10,8221.0029296875
2026-07-13,8051.60009765625
2026-07-14,7966.89892578125
2026-07-15,8470.1240234375
2026-07-16,8624.5791015625
2026-07-17,7862.26806640625
2026-07-20,7722.76025390625
2026-07-21,7946.96923828125
2026-07-22,8096.44189453125
2026-07-23,8171.17822265625
2026-07-24,7707.81298828125
2026-07-27,8245.9150390625
2026-07-28,7423.814453125
2026-07-29,7119.88671875
2026-07-30,7114.904296875
2026-07-31,7822.40869140625
2026-08-03,8604.6494140625
2026-08-04,9461.626953125
2026-08-05,9436.71484375
2026-08-06,10064.5
2026-08-07,11070.9501953125
2026-08-10,11863.15625
2026-08-11,12271.71484375
2026-08-12,12002.6640625
2026-08-13,12191.99609375
2026-08-14,12456.064453125
2026-08-17,13701.6708984375
2026-08-18,14319.4921875
2026-08-19,14045.458984375
2026-08-20,13876.0556640625
2026-08-21,13337.9541015625
2026-08-24,14359.3515625
2026-08-25,14234.791015625
2026-08-26,14459.0
2026-08-27,14340.0
2026-08-28,14300.0
2026-08-31,14180.0
2026-09-01,14150.0
2026-09-02,13865.0
2026-09-03,13450.0
2026-09-04,13860.0
2026-09-07,13905.0
2026-09-08,12520.0
2026-09-09,12400.0
2026-09-10,12600.0
2026-09-11,12080.0
2026-09-14,11990.0
2026-09-15,11715.0
2026-09-16,12045.0
2026-09-17,12295.0
2026-09-18,12495.0
2026-09-21,12800.0
2026-09-22,12670.0
2026-09-23,12390.0
2026-09-24,12350.0
