Price,AdjClose
Ticker,2323.TW
Date,
2000-01-04,84.64869689941406
2000-01-05,90.21768951416016
2000-01-06,93.55908203125
2000-01-07,94.6728744506836
2000-01-10,100.79875946044922
2000-01-11,102.46945190429688
2000-01-12,106.36775970458984
2000-01-13,100.79875946044922
2000-01-14,96.90046691894531
2000-01-17,101.91256713867188
2000-01-18,99.12806701660156
2000-01-19,95.78667449951172
2000-01-20,98.57118225097656
2000-01-21,98.01427459716797
2000-01-24,95.78667449951172
2000-01-25,93.0021743774414
2000-01-26,94.11597442626953
2000-01-27,90.77457427978516
2000-01-28,91.33148193359375
2000-01-31,92.4452896118164
2000-02-01,91.88838958740234
2000-02-02,91.88838958740234
2000-02-03,91.88838958740234
2000-02-04,91.88838958740234
2000-02-07,91.88838958740234
2000-02-08,91.88838958740234
2000-02-09,89.1038818359375
2000-02-10,90.77457427978516
2000-02-11,90.21768951416016
2000-02-14,89.66078186035156
2000-02-15,90.77457427978516
2000-02-16,93.0021743774414
2000-02-17,94.11597442626953
2000-02-18,91.88838958740234
2000-02-21,86.31938934326172
2000-02-22,89.66078186035156
2000-02-23,88.54698944091797
2000-02-24,89.1038818359375
2000-02-25,87.99009704589844
2000-02-28,87.99009704589844
2000-02-29,87.43318939208984
2000-03-01,88.54698944091797
2000-03-02,89.66078186035156
2000-03-03,89.66078186035156
2000-03-06,90.21768951416016
2000-03-07,91.33148193359375
2000-03-08,92.4452896118164
2000-03-09,96.90046691894531
2000-03-10,94.11597442626953
2000-03-13,87.99009704589844
2000-03-14,90.21768951416016
2000-03-15,87.99009704589844
2000-03-16,88.54698944091797
2000-03-17,90.21768951416016
2000-03-20,87.43318939208984
2000-03-21,93.0021743774414
2000-03-22,94.11597442626953
2000-03-23,95.78667449951172
2000-03-24,102.46945190429688
2000-03-27,109.15227508544922
2000-03-28,109.15227508544922
2000-03-29,106.92466735839844
2000-03-30,108.0384750366211
2000-03-31,105.25395202636719
2000-04-03,105.25395202636719
2000-04-04,105.25395202636719
2000-04-05,112.49365234375
2000-04-06,105.81086730957031
2000-04-07,108.0384750366211
2000-04-10,110.26605224609375
2000-04-11,106.92466735839844
2000-04-12,105.81086730957031
2000-04-13,101.35567474365234
2000-04-14,99.12806701660156
2000-04-17,98.01427459716797
2000-04-18,100.24187469482422
2000-04-19,96.34357452392578
2000-04-20,94.6728744506836
2000-04-21,96.90046691894531
2000-04-24,93.55908203125
2000-04-25,95.78667449951172
2000-04-26,89.1038818359375
2000-04-27,89.1038818359375
2000-04-28,93.0021743774414
2000-05-01,93.0021743774414
2000-05-02,95.78667449951172
2000-05-03,92.4452896118164
2000-05-04,88.54698944091797
2000-05-05,90.21768951416016
2000-05-08,85.76248931884766
2000-05-09,85.76248931884766
2000-05-10,82.97799682617188
2000-05-11,77.40898895263672
2000-05-12,75.45984649658203
2000-05-15,70.7261962890625
2000-05-16,73.78915405273438
2000-05-17,78.80125427246094
2000-05-18,79.91505432128906
2000-05-19,79.63658142089844
2000-05-22,75.45984649658203
2000-05-23,74.06759643554688
2000-05-24,71.28311157226562
2000-05-25,70.44774627685547
2000-05-26,70.7261962890625
2000-05-29,71.28311157226562
2000-05-30,71.28311157226562
2000-05-31,72.39690399169922
2000-06-01,73.51069641113281
2000-06-02,74.06759643554688
2000-06-05,73.23226165771484
2000-06-06,73.23226165771484
2000-06-07,78.24435424804688
2000-06-08,77.96588897705078
2000-06-09,77.96588897705078
2000-06-12,78.24435424804688
2000-06-13,76.57365417480469
2000-06-14,75.73829650878906
2000-06-15,77.96588897705078
2000-06-16,77.96588897705078
2000-06-19,78.41141510009766
2000-06-20,77.5203857421875
2000-06-21,77.07485961914062
2000-06-22,76.18382263183594
2000-06-23,75.73829650878906
2000-06-26,71.72862243652344
2000-06-27,68.61000061035156
2000-06-28,71.72862243652344
2000-06-29,70.3920669555664
2000-06-30,70.3920669555664
2000-07-03,68.61000061035156
2000-07-04,68.61000061035156
2000-07-05,71.72862243652344
2000-07-06,67.71896362304688
2000-07-07,66.82791137695312
2000-07-10,65.04582977294922
2000-07-11,65.4913558959961
2000-07-12,66.38240814208984
2000-07-13,69.9465560913086
2000-07-14,69.50101470947266
2000-07-17,68.16447448730469
2000-07-18,67.2734146118164
2000-07-19,67.2734146118164
2000-07-20,64.6003189086914
2000-07-21,62.372711181640625
2000-07-24,59.25408172607422
2000-07-25,55.244407653808594
2000-07-26,55.68992614746094
2000-07-27,55.68992614746094
2000-07-28,55.68992614746094
2000-07-31,55.244407653808594
2000-08-01,53.46233367919922
2000-08-02,51.23472595214844
2000-08-03,49.8981819152832
2000-08-04,53.016807556152344
2000-08-07,53.46233367919922
2000-08-08,53.46233367919922
2000-08-09,57.026485443115234
2000-08-10,56.58097457885742
2000-08-11,56.13544464111328
2000-08-14,53.907859802246094
2000-08-15,54.353370666503906
2000-08-16,55.244407653808594
2000-08-17,57.026485443115234
2000-08-18,58.3630485534668
2000-08-21,65.93687438964844
2000-08-22,63.26376724243164
2000-08-23,63.26376724243164
2000-08-24,63.70927429199219
2000-08-25,64.15480041503906
2000-08-28,60.145118713378906
2000-08-29,63.26376724243164
2000-08-30,60.145118713378906
2000-08-31,60.59064865112305
2000-09-01,60.59064865112305
2000-09-04,63.26376724243164
2000-09-05,61.92720413208008
2000-09-06,59.69960021972656
2000-09-07,57.91753387451172
2000-09-08,57.026485443115234
2000-09-11,55.244407653808594
2000-09-12,55.244407653808594
2000-09-13,55.68992614746094
2000-09-14,53.907859802246094
2000-09-15,53.907859802246094
2000-09-18,49.007137298583984
2000-09-19,46.33401870727539
2000-09-20,48.56161880493164
2000-09-21,48.116092681884766
2000-09-22,45.4429817199707
2000-09-25,44.99746322631836
2000-09-26,43.30448913574219
2000-09-27,44.01731491088867
2000-09-28,45.4429817199707
2000-09-29,44.99746322631836
2000-10-02,39.29481506347656
2000-10-03,36.62169647216797
2000-10-04,35.374244689941406
2000-10-05,34.21588897705078
2000-10-06,36.532596588134766
2000-10-09,38.314674377441406
2000-10-10,38.314674377441406
2000-10-11,36.97810745239258
2000-10-12,34.394100189208984
2000-10-13,35.46334457397461
2000-10-16,35.46334457397461
2000-10-17,33.05754470825195
2000-10-18,30.82994270324707
2000-10-19,28.691452026367188
2000-10-20,30.651737213134766
2000-10-23,31.899188995361328
2000-10-24,33.592166900634766
2000-10-25,35.90886306762695
2000-10-26,35.99796676635742
2000-10-27,35.99796676635742
2000-10-30,33.592166900634766
2000-10-31,32.433815002441406
2000-11-01,31.364564895629883
2000-11-02,30.295324325561523
2000-11-03,30.11711311340332
2000-11-06,28.95876693725586
2000-11-07,30.295324325561523
2000-11-08,32.34470748901367
2000-11-09,33.592166900634766
2000-11-10,33.85948181152344
2000-11-13,31.542774200439453
2000-11-14,31.542774200439453
2000-11-15,33.68126678466797
2000-11-16,31.364564895629883
2000-11-17,31.631879806518555
2000-11-20,27.800411224365234
2000-11-21,29.49338722229004
2000-11-22,29.49338722229004
2000-11-23,30.11711311340332
2000-11-24,32.166500091552734
2000-11-27,32.166500091552734
2000-11-28,31.810087203979492
2000-11-29,31.45366668701172
2000-11-30,30.740840911865234
2000-12-01,32.87933349609375
2000-12-04,30.740840911865234
2000-12-05,29.671594619750977
2000-12-06,28.780555725097656
2000-12-07,28.780555725097656
2000-12-08,29.047863006591797
2000-12-11,29.315176010131836
2000-12-12,29.582489013671875
2000-12-13,30.473529815673828
2000-12-14,29.671594619750977
2000-12-15,29.404281616210938
2000-12-18,27.53310203552246
2000-12-19,26.642061233520508
2000-12-20,25.751022338867188
2000-12-21,24.859983444213867
2000-12-22,24.414464950561523
2000-12-25,24.414464950561523
2000-12-26,23.612531661987305
2000-12-27,22.810592651367188
2000-12-28,22.275970458984375
2000-12-29,22.008657455444336
2001-01-01,22.008657455444336
2001-01-02,22.275970458984375
2001-01-03,22.454179763793945
2001-01-04,23.968942642211914
2001-01-05,25.572813034057617
2001-01-08,25.48371124267578
2001-01-09,27.265789031982422
2001-01-10,29.1369686126709
2001-01-11,29.84980010986328
2001-01-12,30.11711311340332
2001-01-15,29.047863006591797
2001-01-16,31.008150100708008
2001-01-17,33.146644592285156
2001-01-18,31.275466918945312
2001-01-19,31.275466918945312
2001-01-22,31.275466918945312
2001-01-23,31.275466918945312
2001-01-24,31.275466918945312
2001-01-25,31.275466918945312
2001-01-26,31.275466918945312
2001-01-29,31.631879806518555
2001-01-30,33.77036666870117
2001-01-31,34.83961486816406
2001-02-01,36.532596588134766
2001-02-02,39.02750015258789
2001-02-05,39.29481506347656
2001-02-06,36.62169647216797
2001-02-07,34.12678909301758
2001-02-08,35.73065948486328
2001-02-09,34.75050735473633
2001-02-12,36.532596588134766
2001-02-13,38.314674377441406
2001-02-14,37.690940856933594
2001-02-15,39.829437255859375
2001-02-16,37.958255767822266
2001-02-19,36.087074279785156
2001-02-20,36.35438537597656
2001-02-21,37.42363357543945
2001-02-22,35.64155578613281
2001-02-23,35.64155578613281
2001-02-26,34.661415100097656
2001-02-27,34.394100189208984
2001-02-28,34.394100189208984
2001-03-01,35.017826080322266
2001-03-02,34.57230758666992
2001-03-05,36.176177978515625
2001-03-06,36.176177978515625
2001-03-07,36.889007568359375
2001-03-08,35.64155578613281
2001-03-09,35.374244689941406
2001-03-12,34.75050735473633
2001-03-13,36.176177978515625
2001-03-14,36.176177978515625
2001-03-15,37.86914825439453
2001-03-16,38.22556686401367
2001-03-19,38.76019287109375
2001-03-20,38.84928512573242
2001-03-21,39.918540954589844
2001-03-22,40.00764083862305
2001-03-23,41.25510025024414
2001-03-26,41.344200134277344
2001-03-27,40.45315933227539
2001-03-28,38.76019287109375
2001-03-29,39.562129974365234
2001-03-30,38.76019287109375
2001-04-02,37.690940856933594
2001-04-03,37.690940856933594
2001-04-04,36.532596588134766
2001-04-05,36.532596588134766
2001-04-06,37.245426177978516
2001-04-09,37.334529876708984
2001-04-10,37.06721496582031
2001-04-11,39.65122604370117
2001-04-12,39.562129974365234
2001-04-13,38.93839645385742
2001-04-16,37.42363357543945
2001-04-17,37.78004837036133
2001-04-18,39.20570755004883
2001-04-19,38.671085357666016
2001-04-20,38.13645935058594
2001-04-23,38.047359466552734
2001-04-24,38.314674377441406
2001-04-25,37.51272964477539
2001-04-26,37.51272964477539
2001-04-27,36.97810745239258
2001-04-30,34.394100189208984
2001-05-01,34.394100189208984
2001-05-02,32.70112991333008
2001-05-03,34.21588897705078
2001-05-04,33.23574447631836
2001-05-07,34.12678909301758
2001-05-08,34.12678909301758
2001-05-09,34.48320007324219
2001-05-10,34.83961486816406
2001-05-11,36.44348907470703
2001-05-14,36.62169647216797
2001-05-15,35.55244827270508
2001-05-16,34.12678909301758
2001-05-17,34.661415100097656
2001-05-18,34.661415100097656
2001-05-21,32.612022399902344
2001-05-22,32.87933349609375
2001-05-23,35.106929779052734
2001-05-24,35.1960334777832
2001-05-25,34.21588897705078
2001-05-28,34.83961486816406
2001-05-29,35.017826080322266
2001-05-30,35.017826080322266
2001-05-31,34.92872619628906
2001-06-01,34.661415100097656
2001-06-04,33.94858169555664
2001-06-05,35.99796676635742
2001-06-06,37.06721496582031
2001-06-07,37.15631866455078
2001-06-08,37.42363357543945
2001-06-11,38.314674377441406
2001-06-12,38.314674377441406
2001-06-13,38.40377426147461
2001-06-14,37.06721496582031
2001-06-15,37.51272964477539
2001-06-18,37.51272964477539
2001-06-19,37.51272964477539
2001-06-20,36.97810745239258
2001-06-21,35.64155578613281
2001-06-22,35.46334457397461
2001-06-25,35.46334457397461
2001-06-26,33.41395568847656
2001-06-27,35.73065948486328
2001-06-28,35.85615539550781
2001-06-29,37.53690719604492
2001-07-02,37.08871078491211
2001-07-03,37.08871078491211
2001-07-04,37.42486572265625
2001-07-05,37.8730583190918
2001-07-06,38.993568420410156
2001-07-09,38.65741729736328
2001-07-10,38.54536819458008
2001-07-11,38.433311462402344
2001-07-12,38.433311462402344
2001-07-13,35.744102478027344
2001-07-16,34.17539596557617
2001-07-17,34.399497985839844
2001-07-18,34.28744888305664
2001-07-19,34.399497985839844
2001-07-20,33.9512939453125
2001-07-23,31.598234176635742
2001-07-24,29.46927261352539
2001-07-25,29.581327438354492
2001-07-26,31.037981033325195
2001-07-27,30.25362777709961
2001-07-30,30.25362777709961
2001-07-31,31.262086868286133
2001-08-01,29.80542755126953
2001-08-02,30.70182991027832
2001-08-03,31.262086868286133
2001-08-06,31.486186981201172
2001-08-07,31.374130249023438
2001-08-08,31.486186981201172
2001-08-09,32.158485412597656
2001-08-10,31.598234176635742
2001-08-13,31.037981033325195
2001-08-14,31.486186981201172
2001-08-15,32.04643630981445
2001-08-16,32.04643630981445
2001-08-17,31.598234176635742
2001-08-20,31.150035858154297
2001-08-21,31.262086868286133
2001-08-22,31.262086868286133
2001-08-23,30.14158058166504
2001-08-24,28.348766326904297
2001-08-27,27.676471710205078
2001-08-28,28.236719131469727
2001-08-29,30.14158058166504
2001-08-30,29.917478561401367
2001-08-31,29.80542755126953
2001-09-03,29.245174407958984
2001-09-04,29.357223510742188
2001-09-05,29.021074295043945
2001-09-06,27.676471710205078
2001-09-07,26.89211654663086
2001-09-10,27.116220474243164
2001-09-11,25.7716064453125
2001-09-12,25.7716064453125
2001-09-13,23.978803634643555
2001-09-14,22.41009521484375
2001-09-17,22.41009521484375
2001-09-18,22.41009521484375
2001-09-19,22.41009521484375
2001-09-20,21.625741958618164
2001-09-21,20.953441619873047
2001-09-24,20.953441619873047
2001-09-25,21.961894989013672
2001-09-26,23.41855239868164
2001-09-27,23.0823974609375
2001-09-28,23.0823974609375
2001-10-01,23.0823974609375
2001-10-02,21.513690948486328
2001-10-03,21.289592742919922
2001-10-04,21.289592742919922
2001-10-05,22.746244430541992
2001-10-08,21.849843978881836
2001-10-09,22.970348358154297
2001-10-10,22.970348358154297
2001-10-11,24.539052963256836
2001-10-12,24.875205993652344
2001-10-15,23.642650604248047
2001-10-16,25.21135711669922
2001-10-17,25.09930992126465
2001-10-18,25.995710372924805
2001-10-19,25.883663177490234
2001-10-22,26.10776138305664
2001-10-23,25.21135711669922
2001-10-24,25.7716064453125
2001-10-25,26.443910598754883
2001-10-26,26.555965423583984
2001-10-29,26.668012619018555
2001-10-30,25.54751205444336
2001-10-31,25.995710372924805
2001-11-01,25.883663177490234
2001-11-02,26.33186149597168
2001-11-05,27.78851890563965
2001-11-06,26.668012619018555
2001-11-07,27.116220474243164
2001-11-08,27.228269577026367
2001-11-09,27.228269577026367
2001-11-12,27.116220474243164
2001-11-13,26.780065536499023
2001-11-14,27.45237159729004
2001-11-15,29.357223510742188
2001-11-16,29.46927261352539
2001-11-19,30.02952766418457
2001-11-20,28.012619018554688
2001-11-21,26.780065536499023
2001-11-22,25.995710372924805
2001-11-23,26.219812393188477
2001-11-26,27.00416374206543
2001-11-27,27.228269577026367
2001-11-28,25.7716064453125
2001-11-29,26.555965423583984
2001-11-30,27.00416374206543
2001-12-03,27.676471710205078
2001-12-04,27.45237159729004
2001-12-05,27.340316772460938
2001-12-06,29.245174407958984
2001-12-07,30.25362777709961
2001-12-10,29.693376541137695
2001-12-11,30.477733612060547
2001-12-12,31.822338104248047
2001-12-13,30.25362777709961
2001-12-14,30.365676879882812
2001-12-17,29.80542755126953
2001-12-18,28.012619018554688
2001-12-19,27.45237159729004
2001-12-20,27.90056610107422
2001-12-21,26.89211654663086
2001-12-24,27.78851890563965
2001-12-25,28.460826873779297
2001-12-26,28.124670028686523
2001-12-27,28.124670028686523
2001-12-28,28.572874069213867
2001-12-31,29.133129119873047
2002-01-01,29.133129119873047
2002-01-02,28.79697608947754
2002-01-03,28.79697608947754
2002-01-04,29.245174407958984
2002-01-07,31.262086868286133
2002-01-08,32.04643630981445
2002-01-09,34.28744888305664
2002-01-10,33.9512939453125
2002-01-11,31.598234176635742
2002-01-14,29.80542755126953
2002-01-15,30.70182991027832
2002-01-16,29.245174407958984
2002-01-17,30.02952766418457
2002-01-18,29.245174407958984
2002-01-21,30.477733612060547
2002-01-22,31.150035858154297
2002-01-23,31.037981033325195
2002-01-24,30.477733612060547
2002-01-25,31.262086868286133
2002-01-28,31.486186981201172
2002-01-29,30.925933837890625
2002-01-30,30.365676879882812
2002-01-31,30.365676879882812
2002-02-01,30.02952766418457
2002-02-04,29.693376541137695
2002-02-05,29.245174407958984
2002-02-06,29.46927261352539
2002-02-07,29.46927261352539
2002-02-08,29.46927261352539
2002-02-11,29.46927261352539
2002-02-12,29.46927261352539
2002-02-13,29.46927261352539
2002-02-14,29.46927261352539
2002-02-15,29.46927261352539
2002-02-18,29.917478561401367
2002-02-19,30.02952766418457
2002-02-20,29.917478561401367
2002-02-21,29.133129119873047
2002-02-22,28.460826873779297
2002-02-25,27.676471710205078
2002-02-26,27.340316772460938
2002-02-27,28.236719131469727
2002-02-28,28.236719131469727
2002-03-01,27.90056610107422
2002-03-04,28.909021377563477
2002-03-05,28.79697608947754
2002-03-06,30.70182991027832
2002-03-07,30.70182991027832
2002-03-08,30.58978271484375
2002-03-11,31.822338104248047
2002-03-12,31.822338104248047
2002-03-13,31.710281372070312
2002-03-14,30.813880920410156
2002-03-15,30.813880920410156
2002-03-18,31.150035858154297
2002-03-19,30.14158058166504
2002-03-20,31.262086868286133
2002-03-21,31.037981033325195
2002-03-22,31.822338104248047
2002-03-25,33.9512939453125
2002-03-26,33.9512939453125
2002-03-27,32.942840576171875
2002-03-28,32.606689453125
2002-03-29,32.7187385559082
2002-04-01,33.839237213134766
2002-04-02,33.72719955444336
2002-04-03,34.399497985839844
2002-04-04,34.84769821166992
2002-04-05,34.84769821166992
2002-04-08,33.72719955444336
2002-04-09,32.942840576171875
2002-04-10,33.391048431396484
2002-04-11,33.27899169921875
2002-04-12,33.50308609008789
2002-04-15,33.9512939453125
2002-04-16,33.50308609008789
2002-04-17,33.615142822265625
2002-04-18,34.399497985839844
2002-04-19,33.9512939453125
2002-04-22,34.28744888305664
2002-04-23,34.17539596557617
2002-04-24,34.063350677490234
2002-04-25,33.615142822265625
2002-04-26,33.16694259643555
2002-04-29,32.4946403503418
2002-04-30,31.598234176635742
2002-05-01,31.598234176635742
2002-05-02,29.693376541137695
2002-05-03,29.133129119873047
2002-05-06,27.116220474243164
2002-05-07,27.676471710205078
2002-05-08,27.676471710205078
2002-05-09,27.78851890563965
2002-05-10,28.68492317199707
2002-05-13,28.012619018554688
2002-05-14,28.012619018554688
2002-05-15,29.133129119873047
2002-05-16,28.124670028686523
2002-05-17,28.68492317199707
2002-05-20,28.572874069213867
2002-05-21,27.00416374206543
2002-05-22,27.78851890563965
2002-05-23,27.564416885375977
2002-05-24,28.572874069213867
2002-05-27,28.460826873779297
2002-05-28,28.460826873779297
2002-05-29,28.012619018554688
2002-05-30,28.348766326904297
2002-05-31,29.357223510742188
2002-06-03,28.68492317199707
2002-06-04,28.460826873779297
2002-06-05,28.460826873779297
2002-06-06,28.124670028686523
2002-06-07,27.45237159729004
2002-06-10,27.78851890563965
2002-06-11,27.116220474243164
2002-06-12,27.116220474243164
2002-06-13,27.90056610107422
2002-06-14,27.676471710205078
2002-06-17,27.340316772460938
2002-06-18,27.564416885375977
2002-06-19,26.668012619018555
2002-06-20,26.780065536499023
2002-06-21,26.443910598754883
2002-06-24,25.21135711669922
2002-06-25,25.09930992126465
2002-06-26,23.530601501464844
2002-06-27,23.306499481201172
2002-06-28,23.866750717163086
2002-07-01,22.41009521484375
2002-07-02,22.41009521484375
2002-07-03,23.41855239868164
2002-07-04,23.41855239868164
2002-07-05,24.987258911132812
2002-07-08,25.7716064453125
2002-07-09,27.014711380004883
2002-07-10,25.92321014404297
2002-07-11,25.513891220092773
2002-07-12,26.87826919555664
2002-07-15,26.60540008544922
2002-07-16,25.92321014404297
2002-07-17,25.78676986694336
2002-07-18,25.92321014404297
2002-07-19,25.513891220092773
2002-07-22,24.422391891479492
2002-07-23,25.241018295288086
2002-07-24,24.422391891479492
2002-07-25,24.558828353881836
2002-07-26,22.921571731567383
2002-07-29,23.194448471069336
2002-07-30,24.149511337280273
2002-07-31,23.740201950073242
2002-08-01,23.603763580322266
2002-08-02,23.058012008666992
2002-08-05,21.55719566345215
2002-08-06,20.397470474243164
2002-08-07,21.011442184448242
2002-08-08,20.4656925201416
2002-08-09,20.8750057220459
2002-08-12,20.4656925201416
2002-08-13,20.602128982543945
2002-08-14,20.73856544494629
2002-08-15,21.011442184448242
2002-08-16,21.55719566345215
2002-08-19,21.14788055419922
2002-08-20,21.14788055419922
2002-08-21,20.73856544494629
2002-08-22,20.192813873291016
2002-08-23,20.192813873291016
2002-08-26,20.8750057220459
2002-08-27,20.602128982543945
2002-08-28,20.056377410888672
2002-08-29,19.5106258392334
2002-08-30,19.305967330932617
2002-09-02,18.009807586669922
2002-09-03,16.781864166259766
2002-09-04,15.622142791748047
2002-09-05,16.031455993652344
2002-09-06,16.031455993652344
2002-09-09,17.122961044311523
2002-09-10,17.941587448120117
2002-09-11,17.736928939819336
2002-09-12,17.32761573791504
2002-09-13,17.736928939819336
2002-09-16,17.736928939819336
2002-09-17,18.964872360229492
2002-09-18,19.919939041137695
2002-09-19,19.374187469482422
2002-09-20,19.57884407043457
2002-09-23,19.57884407043457
2002-09-24,19.5106258392334
2002-09-25,20.056377410888672
2002-09-26,20.056377410888672
2002-09-27,19.169530868530273
2002-09-30,19.647064208984375
2002-10-01,19.78350067138672
2002-10-02,19.78350067138672
2002-10-03,19.647064208984375
2002-10-04,19.442407608032227
2002-10-07,18.623779296875
2002-10-08,19.1013126373291
2002-10-09,18.89665412902832
2002-10-10,18.89665412902832
2002-10-11,18.487340927124023
2002-10-14,19.1013126373291
2002-10-15,20.397470474243164
2002-10-16,21.55719566345215
2002-10-17,22.512258529663086
2002-10-18,24.01307487487793
2002-10-21,24.422391891479492
2002-10-22,22.785133361816406
2002-10-23,24.28594970703125
2002-10-24,23.330886840820312
2002-10-25,23.603763580322266
2002-10-28,22.921571731567383
2002-10-29,22.512258529663086
2002-10-30,22.2393856048584
2002-10-31,23.740201950073242
2002-11-01,22.2393856048584
2002-11-04,22.102943420410156
2002-11-05,21.830068588256836
2002-11-06,22.785133361816406
2002-11-07,23.330886840820312
2002-11-08,23.46732521057129
2002-11-11,23.46732521057129
2002-11-12,23.330886840820312
2002-11-13,22.921571731567383
2002-11-14,22.102943420410156
2002-11-15,22.512258529663086
2002-11-18,22.2393856048584
2002-11-19,22.648698806762695
2002-11-20,22.648698806762695
2002-11-21,21.966508865356445
2002-11-22,22.102943420410156
2002-11-25,22.648698806762695
2002-11-26,22.102943420410156
2002-11-27,21.011442184448242
2002-11-28,21.14788055419922
2002-11-29,21.42075538635254
2002-12-02,21.42075538635254
2002-12-03,22.2393856048584
2002-12-04,21.55719566345215
2002-12-05,21.69363021850586
2002-12-06,21.42075538635254
2002-12-09,21.14788055419922
2002-12-10,20.192813873291016
2002-12-11,19.919939041137695
2002-12-12,18.82843589782715
2002-12-13,19.169530868530273
2002-12-16,19.237751007080078
2002-12-17,19.1013126373291
2002-12-18,18.555557250976562
2002-12-19,18.691997528076172
2002-12-20,19.1013126373291
2002-12-23,18.350900650024414
2002-12-24,18.487340927124023
2002-12-25,18.487340927124023
2002-12-26,19.715280532836914
2002-12-27,19.647064208984375
2002-12-30,18.964872360229492
2002-12-31,19.033092498779297
2003-01-01,19.033092498779297
2003-01-02,19.647064208984375
2003-01-03,19.647064208984375
2003-01-06,20.124595642089844
2003-01-07,20.32925033569336
2003-01-08,20.602128982543945
2003-01-09,21.011442184448242
2003-01-10,21.966508865356445
2003-01-13,23.46732521057129
2003-01-14,23.46732521057129
2003-01-15,23.46732521057129
2003-01-16,21.830068588256836
2003-01-17,22.785133361816406
2003-01-20,23.330886840820312
2003-01-21,24.558828353881836
2003-01-22,23.603763580322266
2003-01-23,23.740201950073242
2003-01-24,23.46732521057129
2003-01-27,22.648698806762695
2003-01-28,23.46732521057129
2003-01-29,23.46732521057129
2003-01-30,23.46732521057129
2003-01-31,23.46732521057129
2003-02-03,23.46732521057129
2003-02-04,23.46732521057129
2003-02-05,23.46732521057129
2003-02-06,22.648698806762695
2003-02-07,23.330886840820312
2003-02-10,23.46732521057129
2003-02-11,23.46732521057129
2003-02-12,23.330886840820312
2003-02-13,22.512258529663086
2003-02-14,22.512258529663086
2003-02-17,24.01307487487793
2003-02-18,24.9681396484375
2003-02-19,24.558828353881836
2003-02-20,25.241018295288086
2003-02-21,24.558828353881836
2003-02-24,24.83170509338379
2003-02-25,24.83170509338379
2003-02-26,25.377456665039062
2003-02-27,24.695266723632812
2003-02-28,24.695266723632812
2003-03-03,24.558828353881836
2003-03-04,24.695266723632812
2003-03-05,23.876638412475586
2003-03-06,23.740201950073242
2003-03-07,24.149511337280273
2003-03-10,23.194448471069336
2003-03-11,23.330886840820312
2003-03-12,24.149511337280273
2003-03-13,23.603763580322266
2003-03-14,23.603763580322266
2003-03-17,22.512258529663086
2003-03-18,23.194448471069336
2003-03-19,22.512258529663086
2003-03-20,23.330886840820312
2003-03-21,23.46732521057129
2003-03-24,22.785133361816406
2003-03-25,22.785133361816406
2003-03-26,22.512258529663086
2003-03-27,22.785133361816406
2003-03-28,22.375822067260742
2003-03-31,21.55719566345215
2003-04-01,21.966508865356445
2003-04-02,21.69363021850586
2003-04-03,21.830068588256836
2003-04-04,22.785133361816406
2003-04-07,22.648698806762695
2003-04-08,22.512258529663086
2003-04-09,22.785133361816406
2003-04-10,23.194448471069336
2003-04-11,23.194448471069336
2003-04-14,22.921571731567383
2003-04-15,23.330886840820312
2003-04-16,23.876638412475586
2003-04-17,23.46732521057129
2003-04-18,23.876638412475586
2003-04-21,24.28594970703125
2003-04-22,23.46732521057129
2003-04-23,23.46732521057129
2003-04-24,23.46732521057129
2003-04-25,22.2393856048584
2003-04-28,22.375822067260742
2003-04-29,22.648698806762695
2003-04-30,22.375822067260742
2003-05-01,22.375822067260742
2003-05-02,22.512258529663086
2003-05-05,23.330886840820312
2003-05-06,23.194448471069336
2003-05-07,24.149511337280273
2003-05-08,23.46732521057129
2003-05-09,23.603763580322266
2003-05-12,23.603763580322266
2003-05-13,24.01307487487793
2003-05-14,24.149511337280273
2003-05-15,23.740201950073242
2003-05-16,23.46732521057129
2003-05-19,23.876638412475586
2003-05-20,23.603763580322266
2003-05-21,23.603763580322266
2003-05-22,24.149511337280273
2003-05-23,24.28594970703125
2003-05-26,24.558828353881836
2003-05-27,24.558828353881836
2003-05-28,24.01307487487793
2003-05-29,24.28594970703125
2003-05-30,24.28594970703125
2003-06-02,24.9681396484375
2003-06-03,25.513891220092773
2003-06-04,25.513891220092773
2003-06-05,27.287588119506836
2003-06-06,27.560462951660156
2003-06-09,29.061283111572266
2003-06-10,30.56209945678711
2003-06-11,29.607030868530273
2003-06-12,29.87990951538086
2003-06-13,30.28922462463379
2003-06-16,32.33578872680664
2003-06-17,33.56372833251953
2003-06-18,34.65523147583008
2003-06-19,34.65523147583008
2003-06-20,35.33742141723633
2003-06-23,32.88154220581055
2003-06-24,35.064544677734375
2003-06-25,34.79167556762695
2003-06-26,33.83660888671875
2003-06-27,34.10948181152344
2003-06-30,35.200984954833984
2003-07-01,37.6568717956543
2003-07-02,38.748374938964844
2003-07-03,36.70180130004883
2003-07-04,37.6568717956543
2003-07-07,37.929744720458984
2003-07-08,37.793312072753906
2003-07-09,36.8382453918457
2003-07-10,36.8382453918457
2003-07-11,38.748374938964844
2003-07-14,37.929744720458984
2003-07-15,38.2026252746582
2003-07-16,38.88481521606445
2003-07-17,36.97468185424805
2003-07-18,36.15605545043945
2003-07-21,34.10948181152344
2003-07-22,34.92810821533203
2003-07-23,34.24592208862305
2003-07-24,36.56536865234375
2003-07-25,38.33906173706055
2003-07-28,36.56536865234375
2003-07-29,35.47385787963867
2003-07-30,35.200984954833984
2003-07-31,35.200984954833984
2003-08-01,36.15605545043945
2003-08-04,35.74673843383789
2003-08-05,34.10948181152344
2003-08-06,34.10948181152344
2003-08-07,34.10948181152344
2003-08-08,34.10948181152344
2003-08-11,34.79167556762695
2003-08-12,34.92810821533203
2003-08-13,36.8382453918457
2003-08-14,35.61030197143555
2003-08-15,36.292484283447266
2003-08-18,35.47385787963867
2003-08-19,35.064544677734375
2003-08-20,36.292484283447266
2003-08-21,36.15605545043945
2003-08-22,36.56536865234375
2003-08-25,36.292484283447266
2003-08-26,35.200984954833984
2003-08-27,34.79167556762695
2003-08-28,33.973045349121094
2003-08-29,34.92810821533203
2003-09-01,34.24592208862305
2003-09-02,34.65523147583008
2003-09-03,33.83660888671875
2003-09-04,32.33578872680664
2003-09-05,32.47222900390625
2003-09-08,33.017982482910156
2003-09-09,33.56372833251953
2003-09-10,34.518798828125
2003-09-11,34.518798828125
2003-09-12,34.92810821533203
2003-09-15,34.65523147583008
2003-09-16,34.79167556762695
2003-09-17,34.518798828125
2003-09-18,35.200984954833984
2003-09-19,34.24592208862305
2003-09-22,34.10948181152344
2003-09-23,34.92810821533203
2003-09-24,35.74673843383789
2003-09-25,35.883174896240234
2003-09-26,35.74673843383789
2003-09-29,35.064544677734375
2003-09-30,34.79167556762695
2003-10-01,33.017982482910156
2003-10-02,33.56372833251953
2003-10-03,33.56372833251953
2003-10-06,33.56372833251953
2003-10-07,33.1544189453125
2003-10-08,33.1544189453125
2003-10-09,34.382362365722656
2003-10-10,34.382362365722656
2003-10-13,34.382362365722656
2003-10-14,33.973045349121094
2003-10-15,34.24592208862305
2003-10-16,35.33742141723633
2003-10-17,36.15605545043945
2003-10-20,36.8382453918457
2003-10-21,35.74673843383789
2003-10-22,35.47385787963867
2003-10-23,35.47385787963867
2003-10-24,34.92810821533203
2003-10-27,35.47385787963867
2003-10-28,35.47385787963867
2003-10-29,35.200984954833984
2003-10-30,35.61030197143555
2003-10-31,34.92810821533203
2003-11-03,36.15605545043945
2003-11-04,35.74673843383789
2003-11-05,36.15605545043945
2003-11-06,35.61030197143555
2003-11-07,37.52042770385742
2003-11-10,37.383995056152344
2003-11-11,37.383995056152344
2003-11-12,36.42892837524414
2003-11-13,37.111114501953125
2003-11-14,36.292484283447266
2003-11-17,36.56536865234375
2003-11-18,36.15605545043945
2003-11-19,35.064544677734375
2003-11-20,34.382362365722656
2003-11-21,34.65523147583008
2003-11-24,34.518798828125
2003-11-25,34.65523147583008
2003-11-26,34.92810821533203
2003-11-27,34.518798828125
2003-11-28,35.064544677734375
2003-12-01,36.15605545043945
2003-12-02,35.883174896240234
2003-12-03,36.019615173339844
2003-12-04,35.74673843383789
2003-12-05,36.15605545043945
2003-12-08,36.42892837524414
2003-12-09,35.74673843383789
2003-12-10,35.33742141723633
2003-12-11,35.064544677734375
2003-12-12,34.79167556762695
2003-12-15,35.74673843383789
2003-12-16,35.200984954833984
2003-12-17,34.79167556762695
2003-12-18,34.79167556762695
2003-12-19,34.65523147583008
2003-12-22,35.74673843383789
2003-12-23,35.33742141723633
2003-12-24,35.883174896240234
2003-12-25,35.47385787963867
2003-12-26,35.61030197143555
2003-12-29,35.064544677734375
2003-12-30,35.883174896240234
2003-12-31,35.883174896240234
2004-01-01,35.883174896240234
2004-01-02,36.8382453918457
2004-01-05,36.70180130004883
2004-01-06,36.019615173339844
2004-01-07,35.61030197143555
2004-01-08,35.74673843383789
2004-01-09,35.883174896240234
2004-01-12,36.019615173339844
2004-01-13,36.42892837524414
2004-01-14,36.15605545043945
2004-01-15,36.15605545043945
2004-01-16,35.61030197143555
2004-01-19,35.61030197143555
2004-01-20,35.61030197143555
2004-01-21,35.61030197143555
2004-01-22,35.61030197143555
2004-01-23,35.61030197143555
2004-01-26,35.61030197143555
2004-01-27,35.61030197143555
2004-01-28,35.33742141723633
2004-01-29,35.33742141723633
2004-01-30,35.200984954833984
2004-02-02,35.61030197143555
2004-02-03,35.064544677734375
2004-02-04,34.65523147583008
2004-02-05,34.518798828125
2004-02-06,34.65523147583008
2004-02-09,35.064544677734375
2004-02-10,35.47385787963867
2004-02-11,34.92810821533203
2004-02-12,34.79167556762695
2004-02-13,35.064544677734375
2004-02-16,35.47385787963867
2004-02-17,36.15605545043945
2004-02-18,36.292484283447266
2004-02-19,36.292484283447266
2004-02-20,38.748374938964844
2004-02-23,39.29412841796875
2004-02-24,38.33906173706055
2004-02-25,39.15768814086914
2004-02-26,38.611934661865234
2004-02-27,39.29412841796875
2004-03-01,41.340694427490234
2004-03-02,42.29576110839844
2004-03-03,42.29576110839844
2004-03-04,42.022884368896484
2004-03-05,39.83987808227539
2004-03-08,39.83987808227539
2004-03-09,40.658504486083984
2004-03-10,39.976314544677734
2004-03-11,39.83987808227539
2004-03-12,38.88481521606445
2004-03-15,36.70180130004883
2004-03-16,38.066184997558594
2004-03-17,38.2026252746582
2004-03-18,40.79494094848633
2004-03-19,40.9313850402832
2004-03-22,38.066184997558594
2004-03-23,36.42892837524414
2004-03-24,36.8382453918457
2004-03-25,36.15605545043945
2004-03-26,35.883174896240234
2004-03-29,38.33906173706055
2004-03-30,38.475502014160156
2004-03-31,38.2026252746582
2004-04-01,38.88481521606445
2004-04-02,38.88481521606445
2004-04-05,39.15768814086914
2004-04-06,38.88481521606445
2004-04-07,39.15768814086914
2004-04-08,38.475502014160156
2004-04-09,38.066184997558594
2004-04-12,39.15768814086914
2004-04-13,38.88481521606445
2004-04-14,40.3856315612793
2004-04-15,41.20425796508789
2004-04-16,43.523704528808594
2004-04-19,42.29576110839844
2004-04-20,42.56863784790039
2004-04-21,42.97794723510742
2004-04-22,42.43219757080078
2004-04-23,40.9313850402832
2004-04-26,39.56700134277344
2004-04-27,40.24919128417969
2004-04-28,38.88481521606445
2004-04-29,39.15768814086914
2004-04-30,37.6568717956543
2004-05-03,35.883174896240234
2004-05-04,36.8382453918457
2004-05-05,34.382362365722656
2004-05-06,32.608665466308594
2004-05-07,33.42729187011719
2004-05-10,31.10784912109375
2004-05-11,30.698537826538086
2004-05-12,30.698537826538086
2004-05-13,30.28922462463379
2004-05-14,28.24265480041504
2004-05-17,26.332521438598633
2004-05-18,27.15114974975586
2004-05-19,28.92484474182129
2004-05-20,27.969776153564453
2004-05-21,29.87990951538086
2004-05-24,31.10784912109375
2004-05-25,30.4256591796875
2004-05-26,30.698537826538086
2004-05-27,30.01634407043457
2004-05-28,30.56209945678711
2004-05-31,28.78840446472168
2004-06-01,28.651968002319336
2004-06-02,27.560462951660156
2004-06-03,25.65032958984375
2004-06-04,25.377456665039062
2004-06-07,26.19608497619629
2004-06-08,27.15114974975586
2004-06-09,26.60540008544922
2004-06-10,27.560462951660156
2004-06-11,26.468957901000977
2004-06-14,25.92321014404297
2004-06-15,25.377456665039062
2004-06-16,25.377456665039062
2004-06-17,25.65032958984375
2004-06-18,24.83170509338379
2004-06-21,23.194448471069336
2004-06-22,23.194448471069336
2004-06-23,23.603763580322266
2004-06-24,24.28594970703125
2004-06-25,24.558828353881836
2004-06-28,24.01307487487793
2004-06-29,24.28594970703125
2004-06-30,23.876638412475586
2004-07-01,24.422391891479492
2004-07-02,24.695266723632812
2004-07-05,23.876638412475586
2004-07-06,24.558828353881836
2004-07-07,24.558828353881836
2004-07-08,24.01307487487793
2004-07-09,24.28594970703125
2004-07-12,24.01307487487793
2004-07-13,23.46732521057129
2004-07-14,22.512258529663086
2004-07-15,20.985218048095703
2004-07-16,20.91260528564453
2004-07-19,20.404314041137695
2004-07-20,19.896020889282227
2004-07-21,20.476924896240234
2004-07-22,21.057830810546875
2004-07-23,21.711349487304688
2004-07-26,21.711349487304688
2004-07-27,21.92919158935547
2004-07-28,21.638734817504883
2004-07-29,21.566123962402344
2004-07-30,21.566123962402344
2004-08-02,21.711349487304688
2004-08-03,22.364870071411133
2004-08-04,22.800548553466797
2004-08-05,23.23622703552246
2004-08-06,22.655323028564453
2004-08-09,23.091001510620117
2004-08-10,22.655323028564453
2004-08-11,22.074417114257812
2004-08-12,22.074417114257812
2004-08-13,22.074417114257812
2004-08-16,21.783964157104492
2004-08-17,21.783964157104492
2004-08-18,22.364870071411133
2004-08-19,23.8171329498291
2004-08-20,24.10758399963379
2004-08-23,25.269397735595703
2004-08-24,25.269397735595703
2004-08-25,25.269397735595703
2004-08-26,25.995529174804688
2004-08-27,26.140756607055664
2004-08-30,26.140756607055664
2004-08-31,24.398038864135742
2004-09-01,24.68848991394043
2004-09-02,24.252809524536133
2004-09-03,24.10758399963379
2004-09-06,23.381452560424805
2004-09-07,23.8171329498291
2004-09-08,23.381452560424805
2004-09-09,23.8171329498291
2004-09-10,23.671907424926758
2004-09-13,25.269397735595703
2004-09-14,25.85030174255371
2004-09-15,25.85030174255371
2004-09-16,27.302566528320312
2004-09-17,26.28598403930664
2004-09-20,25.705076217651367
2004-09-21,26.28598403930664
2004-09-22,26.431209564208984
2004-09-23,26.28598403930664
2004-09-24,25.85030174255371
2004-09-27,24.543264389038086
2004-09-28,24.543264389038086
2004-09-29,23.671907424926758
2004-09-30,24.398038864135742
2004-10-01,24.68848991394043
2004-10-04,25.414623260498047
2004-10-05,25.55984878540039
2004-10-06,25.414623260498047
2004-10-07,24.978944778442383
2004-10-08,24.398038864135742
2004-10-11,24.833717346191406
2004-10-12,24.252809524536133
2004-10-13,24.10758399963379
2004-10-14,23.671907424926758
2004-10-15,24.10758399963379
2004-10-18,24.10758399963379
2004-10-19,25.269397735595703
2004-10-20,24.68848991394043
2004-10-21,24.398038864135742
2004-10-22,24.252809524536133
2004-10-25,24.252809524536133
2004-10-26,22.945775985717773
2004-10-27,21.783964157104492
2004-10-28,21.13044548034668
2004-10-29,21.638734817504883
2004-11-01,20.186473846435547
2004-11-02,20.33169937133789
2004-11-03,21.493511199951172
2004-11-04,21.275672912597656
2004-11-05,21.20305824279785
2004-11-08,21.566123962402344
2004-11-09,21.92919158935547
2004-11-10,22.364870071411133
2004-11-11,21.92919158935547
2004-11-12,21.92919158935547
2004-11-15,22.364870071411133
2004-11-16,22.074417114257812
2004-11-17,22.655323028564453
2004-11-18,22.800548553466797
2004-11-19,22.945775985717773
2004-11-22,21.566123962402344
2004-11-23,21.493511199951172
2004-11-24,21.783964157104492
2004-11-25,21.566123962402344
2004-11-26,21.348285675048828
2004-11-29,21.348285675048828
2004-11-30,22.074417114257812
2004-12-01,21.638734817504883
2004-12-02,22.219642639160156
2004-12-03,22.074417114257812
2004-12-06,22.364870071411133
2004-12-07,22.800548553466797
2004-12-08,22.800548553466797
2004-12-09,22.655323028564453
2004-12-10,22.655323028564453
2004-12-13,23.52667999267578
2004-12-14,23.962360382080078
2004-12-15,24.398038864135742
2004-12-16,24.252809524536133
2004-12-17,23.671907424926758
2004-12-20,23.52667999267578
2004-12-21,23.671907424926758
2004-12-22,23.671907424926758
2004-12-23,23.52667999267578
2004-12-24,23.671907424926758
2004-12-27,23.23622703552246
2004-12-28,22.945775985717773
2004-12-29,23.52667999267578
2004-12-30,23.671907424926758
2004-12-31,23.8171329498291
2005-01-03,24.398038864135742
2005-01-04,23.8171329498291
2005-01-05,23.671907424926758
2005-01-06,23.52667999267578
2005-01-07,22.800548553466797
2005-01-10,22.945775985717773
2005-01-11,23.091001510620117
2005-01-12,22.074417114257812
2005-01-13,22.074417114257812
2005-01-14,21.92919158935547
2005-01-17,21.92919158935547
2005-01-18,21.493511199951172
2005-01-19,20.91260528564453
2005-01-20,21.275672912597656
2005-01-21,20.694765090942383
2005-01-24,19.46034049987793
2005-01-25,19.024662017822266
2005-01-26,20.11385726928711
2005-01-27,20.76738166809082
2005-01-28,20.76738166809082
2005-01-31,20.54953956604004
2005-02-01,20.476924896240234
2005-02-02,20.404314041137695
2005-02-03,20.404314041137695
2005-02-04,20.404314041137695
2005-02-07,20.404314041137695
2005-02-08,20.404314041137695
2005-02-09,20.404314041137695
2005-02-10,20.404314041137695
2005-02-11,20.404314041137695
2005-02-14,21.711349487304688
2005-02-15,21.638734817504883
2005-02-16,21.92919158935547
2005-02-17,21.4208984375
2005-02-18,21.711349487304688
2005-02-21,22.219642639160156
2005-02-22,21.493511199951172
2005-02-23,21.348285675048828
2005-02-24,20.694765090942383
2005-02-25,21.057830810546875
2005-02-28,21.057830810546875
2005-03-01,20.62215232849121
2005-03-02,20.694765090942383
2005-03-03,20.54953956604004
2005-03-04,20.91260528564453
2005-03-07,20.694765090942383
2005-03-08,20.33169937133789
2005-03-09,20.476924896240234
2005-03-10,21.13044548034668
2005-03-11,20.83999252319336
2005-03-14,21.13044548034668
2005-03-15,21.13044548034668
2005-03-16,20.83999252319336
2005-03-17,20.404314041137695
2005-03-18,20.25908660888672
2005-03-21,19.896020889282227
2005-03-22,20.186473846435547
2005-03-23,20.04124641418457
2005-03-24,20.04124641418457
2005-03-25,20.476924896240234
2005-03-28,20.62215232849121
2005-03-29,19.9686336517334
2005-03-30,19.896020889282227
2005-03-31,19.9686336517334
2005-04-01,19.9686336517334
2005-04-04,20.186473846435547
2005-04-05,20.186473846435547
2005-04-06,19.896020889282227
2005-04-07,19.678180694580078
2005-04-08,19.896020889282227
2005-04-11,19.097274780273438
2005-04-12,18.95204734802246
2005-04-13,18.95204734802246
2005-04-14,19.024662017822266
2005-04-15,18.153303146362305
2005-04-18,16.991491317749023
2005-04-19,17.499784469604492
2005-04-20,16.846263885498047
2005-04-21,16.91887855529785
2005-04-22,16.91887855529785
2005-04-25,16.91887855529785
2005-04-26,17.354557037353516
2005-04-27,17.935461044311523
2005-04-28,18.0806884765625
2005-04-29,18.008073806762695
2005-05-02,18.008073806762695
2005-05-03,17.71762466430664
2005-05-04,17.86284828186035
2005-05-05,18.51637077331543
2005-05-06,18.661596298217773
2005-05-09,18.734207153320312
2005-05-10,19.242504119873047
2005-05-11,18.87943458557129
2005-05-12,18.87943458557129
2005-05-13,18.734207153320312
2005-05-16,18.87943458557129
2005-05-17,19.315114974975586
2005-05-18,19.678180694580078
2005-05-19,20.04124641418457
2005-05-20,19.53295135498047
2005-05-23,19.169889450073242
2005-05-24,19.097274780273438
2005-05-25,19.896020889282227
2005-05-26,20.62215232849121
2005-05-27,20.91260528564453
2005-05-30,21.566123962402344
2005-05-31,21.13044548034668
2005-06-01,21.711349487304688
2005-06-02,21.711349487304688
2005-06-03,23.16361427307129
2005-06-06,23.52667999267578
2005-06-07,22.727935791015625
2005-06-08,22.8731632232666
2005-06-09,22.29225730895996
2005-06-10,22.8731632232666
2005-06-13,22.437482833862305
2005-06-14,21.92919158935547
2005-06-15,22.437482833862305
2005-06-16,21.783964157104492
2005-06-17,22.219642639160156
2005-06-20,21.856576919555664
2005-06-21,21.13044548034668
2005-06-22,21.493511199951172
2005-06-23,21.348285675048828
2005-06-24,21.20305824279785
2005-06-27,21.275672912597656
2005-06-28,21.493511199951172
2005-06-29,21.275672912597656
2005-06-30,21.20305824279785
2005-07-01,21.566123962402344
2005-07-04,22.364870071411133
2005-07-05,22.00180435180664
2005-07-06,22.074417114257812
2005-07-07,22.219642639160156
2005-07-08,21.92919158935547
2005-07-11,22.437482833862305
2005-07-12,23.018388748168945
2005-07-13,22.655323028564453
2005-07-14,22.510095596313477
2005-07-15,22.147031784057617
2005-07-18,22.147031784057617
2005-07-19,21.783964157104492
2005-07-20,21.493511199951172
2005-07-21,21.493511199951172
2005-07-22,21.057830810546875
2005-07-25,21.20305824279785
2005-07-26,20.476924896240234
2005-07-27,20.76738166809082
2005-07-28,20.83999252319336
2005-07-29,19.46034049987793
2005-08-01,19.46034049987793
2005-08-02,19.75079345703125
2005-08-03,20.404314041137695
2005-08-04,20.04124641418457
2005-08-05,20.04124641418457
2005-08-08,19.678180694580078
2005-08-09,19.896020889282227
2005-08-10,19.678180694580078
2005-08-11,19.896020889282227
2005-08-12,20.11385726928711
2005-08-15,19.896020889282227
2005-08-16,19.896020889282227
2005-08-17,19.678180694580078
2005-08-18,19.46034049987793
2005-08-19,18.95204734802246
2005-08-22,19.097274780273438
2005-08-23,18.734207153320312
2005-08-24,18.443756103515625
2005-08-25,17.499784469604492
2005-08-26,17.86284828186035
2005-08-29,17.71762466430664
2005-08-30,17.86284828186035
2005-08-31,17.71762466430664
2005-09-01,17.71762466430664
2005-09-02,18.225915908813477
2005-09-05,19.024662017822266
2005-09-06,19.242504119873047
2005-09-07,19.097274780273438
2005-09-08,18.87943458557129
2005-09-09,18.443756103515625
2005-09-12,18.661596298217773
2005-09-13,18.87943458557129
2005-09-14,19.024662017822266
2005-09-15,18.58898162841797
2005-09-16,18.225915908813477
2005-09-19,18.008073806762695
2005-09-20,18.58898162841797
2005-09-21,18.443756103515625
2005-09-22,18.153303146362305
2005-09-23,18.0806884765625
2005-09-26,18.734207153320312
2005-09-27,18.661596298217773
2005-09-28,18.734207153320312
2005-09-29,19.678180694580078
2005-09-30,19.9686336517334
2005-10-03,19.9686336517334
2005-10-04,19.823408126831055
2005-10-05,20.11385726928711
2005-10-06,19.605566024780273
2005-10-07,18.87943458557129
2005-10-10,18.87943458557129
2005-10-11,18.95204734802246
2005-10-12,18.806819915771484
2005-10-13,18.371143341064453
2005-10-14,18.225915908813477
2005-10-17,17.572397232055664
2005-10-18,17.209331512451172
2005-10-19,16.55581283569336
2005-10-20,16.55581283569336
2005-10-21,16.483196258544922
2005-10-24,16.62842559814453
2005-10-25,16.55581283569336
2005-10-26,15.539227485656738
2005-10-27,15.466614723205566
2005-10-28,15.103547096252441
2005-10-31,15.32138729095459
2005-11-01,15.757067680358887
2005-11-02,15.829680442810059
2005-11-03,15.829680442810059
2005-11-04,15.829680442810059
2005-11-07,15.248774528503418
2005-11-08,15.539227485656738
2005-11-09,16.120132446289062
2005-11-10,16.192747116088867
2005-11-11,16.41058349609375
2005-11-14,16.483196258544922
2005-11-15,16.04751968383789
2005-11-16,16.120132446289062
2005-11-17,15.902291297912598
2005-11-18,16.265357971191406
2005-11-21,15.974905967712402
2005-11-22,15.757067680358887
2005-11-23,15.902291297912598
2005-11-24,16.04751968383789
2005-11-25,15.902291297912598
2005-11-28,16.04751968383789
2005-11-29,16.120132446289062
2005-11-30,16.991491317749023
2005-12-01,16.41058349609375
2005-12-02,16.337970733642578
2005-12-05,16.773653030395508
2005-12-06,16.55581283569336
2005-12-07,16.120132446289062
2005-12-08,16.265357971191406
2005-12-09,16.41058349609375
2005-12-12,16.192747116088867
2005-12-13,16.483196258544922
2005-12-14,16.846263885498047
2005-12-15,16.846263885498047
2005-12-16,16.701038360595703
2005-12-19,16.91887855529785
2005-12-20,16.91887855529785
2005-12-21,17.86284828186035
2005-12-22,17.427169799804688
2005-12-23,17.499784469604492
2005-12-26,17.427169799804688
2005-12-27,17.427169799804688
2005-12-28,16.846263885498047
2005-12-29,16.91887855529785
2005-12-30,17.064104080200195
2006-01-02,16.62842559814453
2006-01-03,16.91887855529785
2006-01-04,16.701038360595703
2006-01-05,17.064104080200195
2006-01-06,17.13671875
2006-01-09,17.354557037353516
2006-01-10,17.064104080200195
2006-01-11,16.991491317749023
2006-01-12,16.846263885498047
2006-01-13,16.41058349609375
2006-01-16,16.483196258544922
2006-01-17,16.483196258544922
2006-01-18,15.902291297912598
2006-01-19,16.991491317749023
2006-01-20,16.120132446289062
2006-01-23,15.539227485656738
2006-01-24,15.757067680358887
2006-01-25,15.684454917907715
2006-02-03,15.829680442810059
2006-02-06,16.04751968383789
2006-02-07,16.41058349609375
2006-02-08,16.265357971191406
2006-02-09,16.265357971191406
2006-02-10,16.265357971191406
2006-02-13,15.974905967712402
2006-02-14,15.974905967712402
2006-02-15,15.829680442810059
2006-02-16,15.684454917907715
2006-02-17,15.757067680358887
2006-02-20,15.611842155456543
2006-02-21,15.539227485656738
2006-02-22,15.17616081237793
2006-02-23,14.958322525024414
2006-02-24,14.958322525024414
2006-02-27,15.030933380126953
2006-03-01,15.248774528503418
2006-03-02,15.103547096252441
2006-03-03,14.885706901550293
2006-03-06,14.667869567871094
2006-03-07,14.595256805419922
2006-03-08,14.391938209533691
2006-03-09,14.740483283996582
2006-03-10,14.813093185424805
2006-03-13,14.813093185424805
2006-03-14,14.595256805419922
2006-03-15,14.522643089294434
2006-03-16,14.348370552062988
2006-03-17,14.348370552062988
2006-03-20,14.014349937438965
2006-03-21,13.76746654510498
2006-03-22,13.927214622497559
2006-03-23,13.76746654510498
2006-03-24,13.883646011352539
2006-03-27,13.840078353881836
2006-03-28,13.796510696411133
2006-03-29,13.912690162658691
2006-03-30,14.086962699890137
2006-03-31,14.522643089294434
2006-04-03,14.667869567871094
2006-04-04,14.522643089294434
2006-04-06,14.740483283996582
2006-04-07,14.885706901550293
2006-04-10,15.030933380126953
2006-04-11,14.885706901550293
2006-04-12,15.103547096252441
2006-04-13,15.17616081237793
2006-04-14,15.17616081237793
2006-04-17,15.32138729095459
2006-04-18,15.394001007080078
2006-04-19,15.611842155456543
2006-04-20,15.466614723205566
2006-04-21,15.248774528503418
2006-04-24,15.030933380126953
2006-04-25,14.885706901550293
2006-04-26,14.958322525024414
2006-04-27,14.667869567871094
2006-04-28,14.813093185424805
2006-05-02,14.740483283996582
2006-05-03,15.248774528503418
2006-05-04,15.248774528503418
2006-05-05,15.539227485656738
2006-05-08,16.55581283569336
2006-05-09,16.62842559814453
2006-05-10,15.974905967712402
2006-05-11,16.192747116088867
2006-05-12,15.539227485656738
2006-05-15,15.902291297912598
2006-05-16,15.17616081237793
2006-05-17,15.103547096252441
2006-05-18,14.885706901550293
2006-05-19,14.885706901550293
2006-05-22,14.740483283996582
2006-05-23,14.667869567871094
2006-05-24,14.667869567871094
2006-05-25,14.47907543182373
2006-05-26,14.47907543182373
2006-05-29,14.667869567871094
2006-05-30,14.813093185424805
2006-06-01,14.740483283996582
2006-06-02,14.595256805419922
2006-06-05,14.232189178466797
2006-06-06,13.970782279968262
2006-06-07,13.883646011352539
2006-06-08,12.925150871276855
2006-06-09,13.33178424835205
2006-06-12,13.12846851348877
2006-06-13,12.823493003845215
2006-06-14,12.968719482421875
2006-06-15,12.823493003845215
2006-06-16,13.12846851348877
2006-06-19,13.157514572143555
2006-06-20,12.925150871276855
2006-06-21,12.779924392700195
2006-06-22,13.230128288269043
2006-06-23,13.27369499206543
2006-06-26,13.36082935333252
2006-06-27,13.36082935333252
2006-06-28,13.288217544555664
2006-06-29,13.375351905822754
2006-06-30,13.549625396728516
2006-07-03,13.404397964477539
2006-07-04,13.27369499206543
2006-07-05,13.462488174438477
2006-07-06,13.535102844238281
2006-07-07,13.622239112854004
2006-07-10,13.694851875305176
2006-07-11,13.491534233093262
2006-07-12,13.288217544555664
2006-07-13,13.302739143371582
2006-07-14,12.692789077758789
2006-07-17,11.879520416259766
2006-07-18,12.053791999816895
2006-07-19,12.053791999816895
2006-07-20,12.22806453704834
2006-07-21,12.126404762268066
2006-07-24,11.89404296875
2006-07-25,11.966655731201172
2006-07-26,11.923088073730469
2006-07-27,12.199019432067871
2006-07-28,12.03926944732666
2006-07-31,12.22806453704834
2006-08-01,12.184496879577637
2006-08-02,12.097360610961914
2006-08-03,12.169974327087402
2006-08-04,12.03926944732666
2006-08-07,12.024746894836426
2006-08-08,12.053791999816895
2006-08-09,12.315199851989746
2006-08-10,12.300676345825195
2006-08-11,12.169974327087402
2006-08-14,12.32972240447998
2006-08-15,12.503995895385742
2006-08-16,12.620176315307617
2006-08-17,12.562085151672363
2006-08-18,12.344244956970215
2006-08-21,11.61811351776123
2006-08-22,11.719772338867188
2006-08-23,11.61811351776123
2006-08-24,11.676204681396484
2006-08-25,11.734293937683105
2006-08-28,11.61811351776123
2006-08-29,11.632636070251465
2006-08-30,11.806907653808594
2006-08-31,11.850475311279297
2006-09-01,11.89404296875
2006-09-04,11.89404296875
2006-09-05,11.89404296875
2006-09-06,12.097360610961914
2006-09-07,12.358768463134766
2006-09-08,12.838014602661133
2006-09-11,12.997764587402344
2006-09-12,12.925150871276855
2006-09-13,12.98324203491211
2006-09-14,12.80897045135498
2006-09-15,12.707311630249023
2006-09-18,13.012287139892578
2006-09-19,13.0994234085083
2006-09-20,14.014349937438965
2006-09-21,14.057916641235352
2006-09-22,13.796510696411133
2006-09-25,13.462488174438477
2006-09-26,13.94173812866211
2006-09-27,14.057916641235352
2006-09-28,14.086962699890137
2006-09-29,14.014349937438965
2006-10-02,13.94173812866211
2006-10-03,13.781987190246582
2006-10-04,13.389875411987305
2006-10-05,13.636761665344238
2006-10-09,13.636761665344238
2006-10-11,13.447965621948242
2006-10-12,13.50605583190918
2006-10-13,13.781987190246582
2006-10-16,14.0288724899292
2006-10-17,14.217667579650879
2006-10-18,14.086962699890137
2006-10-19,13.94173812866211
2006-10-20,14.246710777282715
2006-10-23,14.232189178466797
2006-10-24,14.232189178466797
2006-10-25,14.464552879333496
2006-10-26,14.333847045898438
2006-10-27,14.304800987243652
2006-10-30,14.14505386352539
2006-10-31,14.37741470336914
2006-11-01,14.232189178466797
2006-11-02,14.420984268188477
2006-11-03,14.667869567871094
2006-11-06,14.493597030639648
2006-11-07,14.667869567871094
2006-11-08,14.522643089294434
2006-11-09,14.522643089294434
2006-11-10,14.522643089294434
2006-11-13,14.522643089294434
2006-11-14,14.885706901550293
2006-11-15,14.958322525024414
2006-11-16,14.740483283996582
2006-11-17,14.522643089294434
2006-11-20,14.595256805419922
2006-11-21,14.740483283996582
2006-11-22,14.885706901550293
2006-11-23,15.103547096252441
2006-11-24,15.17616081237793
2006-11-27,15.32138729095459
2006-11-28,15.32138729095459
2006-11-29,15.611842155456543
2006-11-30,15.902291297912598
2006-12-01,16.265357971191406
2006-12-04,16.04751968383789
2006-12-05,16.120132446289062
2006-12-06,16.483196258544922
2006-12-07,16.04751968383789
2006-12-08,16.120132446289062
2006-12-11,16.192747116088867
2006-12-12,15.902291297912598
2006-12-13,15.829680442810059
2006-12-14,15.757067680358887
2006-12-15,15.829680442810059
2006-12-18,16.62842559814453
2006-12-19,16.701038360595703
2006-12-20,16.846263885498047
2006-12-21,17.499784469604492
2006-12-22,16.991491317749023
2006-12-25,16.91887855529785
2006-12-26,16.701038360595703
2006-12-27,16.701038360595703
2006-12-28,16.773653030395508
2006-12-29,16.62842559814453
2007-01-02,16.55581283569336
2007-01-03,16.265357971191406
2007-01-04,16.04751968383789
2007-01-05,15.757067680358887
2007-01-08,15.539227485656738
2007-01-09,16.04751968383789
2007-01-10,15.757067680358887
2007-01-11,14.958322525024414
2007-01-12,15.466614723205566
2007-01-15,15.32138729095459
2007-01-16,15.611842155456543
2007-01-17,16.120132446289062
2007-01-18,15.974905967712402
2007-01-19,15.902291297912598
2007-01-22,15.539227485656738
2007-01-23,15.32138729095459
2007-01-24,15.539227485656738
2007-01-25,15.539227485656738
2007-01-26,15.539227485656738
2007-01-29,15.17616081237793
2007-01-30,15.248774528503418
2007-01-31,15.394001007080078
2007-02-01,15.32138729095459
2007-02-02,15.466614723205566
2007-02-05,15.32138729095459
2007-02-06,15.32138729095459
2007-02-07,15.103547096252441
2007-02-08,15.17616081237793
2007-02-09,15.466614723205566
2007-02-12,15.103547096252441
2007-02-13,15.103547096252441
2007-02-14,15.17616081237793
2007-02-26,15.103547096252441
2007-02-27,14.667869567871094
2007-03-01,13.796510696411133
2007-03-02,13.578669548034668
2007-03-05,13.14299201965332
2007-03-06,13.418920516967773
2007-03-07,13.201082229614258
2007-03-08,13.288217544555664
2007-03-09,13.433443069458008
2007-03-12,13.564148902893066
2007-03-13,13.535102844238281
2007-03-14,13.535102844238281
2007-03-15,13.418920516967773
2007-03-16,13.418920516967773
2007-03-19,13.491534233093262
2007-03-20,13.607715606689453
2007-03-21,14.043394088745117
2007-03-22,14.958322525024414
2007-03-23,14.595256805419922
2007-03-26,14.348370552062988
2007-03-27,14.435507774353027
2007-03-28,14.391938209533691
2007-03-29,14.450029373168945
2007-03-30,14.595256805419922
2007-04-02,14.47907543182373
2007-04-03,14.813093185424805
2007-04-04,14.667869567871094
2007-04-09,14.522643089294434
2007-04-10,14.595256805419922
2007-04-11,14.595256805419922
2007-04-12,14.667869567871094
2007-04-13,14.493597030639648
2007-04-16,14.391938209533691
2007-04-17,14.188621520996094
2007-04-18,14.508119583129883
2007-04-19,14.304800987243652
2007-04-20,14.435507774353027
2007-04-23,14.595256805419922
2007-04-24,14.667869567871094
2007-04-25,14.595256805419922
2007-04-26,14.595256805419922
2007-04-27,14.667869567871094
2007-04-30,14.595256805419922
2007-05-02,14.508119583129883
2007-05-03,14.072440147399902
2007-05-04,14.188621520996094
2007-05-07,14.37741470336914
2007-05-08,14.37741470336914
2007-05-09,14.362892150878906
2007-05-10,14.348370552062988
2007-05-11,14.174098014831543
2007-05-14,13.99982738494873
2007-05-15,13.825554847717285
2007-05-16,13.840078353881836
2007-05-17,13.883646011352539
2007-05-18,13.781987190246582
2007-05-21,13.898168563842773
2007-05-22,14.057916641235352
2007-05-23,13.883646011352539
2007-05-24,13.869124412536621
2007-05-25,13.752942085266113
2007-05-28,13.781987190246582
2007-05-29,13.883646011352539
2007-05-30,13.912690162658691
2007-05-31,13.927214622497559
2007-06-01,14.174098014831543
2007-06-04,14.595256805419922
2007-06-05,14.47907543182373
2007-06-06,14.304800987243652
2007-06-07,14.958322525024414
2007-06-08,14.885706901550293
2007-06-11,14.813093185424805
2007-06-12,14.813093185424805
2007-06-13,14.958322525024414
2007-06-14,15.974905967712402
2007-06-15,15.757067680358887
2007-06-20,15.539227485656738
2007-06-21,15.611842155456543
2007-06-22,15.757067680358887
2007-06-25,16.337970733642578
2007-06-26,15.829680442810059
2007-06-27,16.192747116088867
2007-06-28,16.192747116088867
2007-06-29,16.120132446289062
2007-07-02,16.773653030395508
2007-07-03,16.41058349609375
2007-07-04,16.337970733642578
2007-07-05,16.701038360595703
2007-07-06,16.846263885498047
2007-07-09,17.064104080200195
2007-07-10,17.64501190185547
2007-07-11,18.87943458557129
2007-07-12,20.186473846435547
2007-07-13,21.566123962402344
2007-07-16,23.018388748168945
2007-07-17,23.8171329498291
2007-07-18,22.29225730895996
2007-07-19,23.018388748168945
2007-07-20,22.945775985717773
2007-07-23,23.45406723022461
2007-07-24,23.381452560424805
2007-07-25,23.671907424926758
2007-07-26,25.269397735595703
2007-07-27,27.012113571166992
2007-07-30,26.28598403930664
2007-07-31,26.28598403930664
2007-08-01,26.28598403930664
2007-08-02,24.68848991394043
2007-08-03,23.671907424926758
2007-08-06,22.364870071411133
2007-08-07,22.510095596313477
2007-08-08,24.03497314453125
2007-08-09,24.180198669433594
2007-08-10,23.23622703552246
2007-08-13,22.655323028564453
2007-08-14,22.800548553466797
2007-08-15,21.638734817504883
2007-08-16,20.33169937133789
2007-08-17,19.605566024780273
2007-08-20,20.91260528564453
2007-08-21,21.783964157104492
2007-08-22,21.493511199951172
2007-08-23,22.510095596313477
2007-08-24,22.219642639160156
2007-08-27,21.856576919555664
2007-08-28,22.074417114257812
2007-08-29,21.566123962402344
2007-08-30,21.348285675048828
2007-08-31,21.13044548034668
2007-09-03,20.694765090942383
2007-09-04,19.9686336517334
2007-09-05,20.186473846435547
2007-09-06,20.186473846435547
2007-09-07,20.11385726928711
2007-09-10,20.04124641418457
2007-09-11,20.11385726928711
2007-09-12,21.493511199951172
2007-09-13,21.348285675048828
2007-09-14,21.348285675048828
2007-09-17,20.62215232849121
2007-09-18,20.62215232849121
2007-09-19,20.54953956604004
2007-09-20,20.76738166809082
2007-09-21,20.83999252319336
2007-09-26,20.91260528564453
2007-09-27,21.711349487304688
2007-09-28,21.20305824279785
2007-10-01,21.057830810546875
2007-10-02,21.275672912597656
2007-10-03,21.057830810546875
2007-10-04,21.20305824279785
2007-10-05,21.348285675048828
2007-10-08,21.057830810546875
2007-10-09,21.20305824279785
2007-10-11,22.655323028564453
2007-10-12,21.566123962402344
2007-10-15,21.638734817504883
2007-10-16,21.4208984375
2007-10-17,21.275672912597656
2007-10-18,21.4208984375
2007-10-19,21.348285675048828
2007-10-22,20.62215232849121
2007-10-23,20.91260528564453
2007-10-24,20.33169937133789
2007-10-25,20.404314041137695
2007-10-26,20.476924896240234
2007-10-29,20.83999252319336
2007-10-30,20.404314041137695
2007-10-31,20.11385726928711
2007-11-01,19.387727737426758
2007-11-02,18.806819915771484
2007-11-05,19.024662017822266
2007-11-06,18.95204734802246
2007-11-07,18.58898162841797
2007-11-08,17.427169799804688
2007-11-09,17.86284828186035
2007-11-12,16.62842559814453
2007-11-13,16.773653030395508
2007-11-14,17.935461044311523
2007-11-15,17.64501190185547
2007-11-16,17.572397232055664
2007-11-19,17.13671875
2007-11-20,17.427169799804688
2007-11-21,17.935461044311523
2007-11-22,17.64501190185547
2007-11-23,17.281944274902344
2007-11-26,17.499784469604492
2007-11-27,17.935461044311523
2007-11-28,17.354557037353516
2007-11-29,17.281944274902344
2007-11-30,17.281944274902344
2007-12-03,17.572397232055664
2007-12-04,18.29853057861328
2007-12-05,18.0806884765625
2007-12-06,17.71762466430664
2007-12-07,18.008073806762695
2007-12-10,18.0806884765625
2007-12-11,17.79023551940918
2007-12-12,17.79023551940918
2007-12-13,17.281944274902344
2007-12-14,16.701038360595703
2007-12-17,15.539227485656738
2007-12-18,14.885706901550293
2007-12-19,15.539227485656738
2007-12-20,14.958322525024414
2007-12-21,14.667869567871094
2007-12-24,15.539227485656738
2007-12-25,15.030933380126953
2007-12-26,15.394001007080078
2007-12-27,15.974905967712402
2007-12-28,16.04751968383789
2007-12-31,16.41058349609375
2008-01-02,15.829680442810059
2008-01-03,15.611842155456543
2008-01-04,15.684454917907715
2008-01-07,14.813093185424805
2008-01-08,14.958322525024414
2008-01-09,15.103547096252441
2008-01-10,15.248774528503418
2008-01-11,15.103547096252441
2008-01-14,15.17616081237793
2008-01-15,15.684454917907715
2008-01-16,15.17616081237793
2008-01-17,15.17616081237793
2008-01-18,15.248774528503418
2008-01-21,14.958322525024414
2008-01-22,13.912690162658691
2008-01-23,13.070378303527832
2008-01-24,13.070378303527832
2008-01-25,13.723896980285645
2008-01-28,13.0994234085083
2008-01-29,13.462488174438477
2008-01-30,13.230128288269043
2008-01-31,13.113945960998535
2008-02-01,13.113945960998535
2008-02-12,12.489472389221191
2008-02-13,12.591130256652832
2008-02-14,13.172037124633789
2008-02-15,13.215604782104492
2008-02-18,14.13053035736084
2008-02-19,14.40645980834961
2008-02-20,13.811033248901367
2008-02-21,13.94173812866211
2008-02-22,13.94173812866211
2008-02-25,14.333847045898438
2008-02-26,14.522643089294434
2008-02-27,14.813093185424805
2008-02-29,14.813093185424805
2008-03-03,14.362892150878906
2008-03-04,14.667869567871094
2008-03-05,14.667869567871094
2008-03-06,15.684454917907715
2008-03-07,15.466614723205566
2008-03-10,14.885706901550293
2008-03-11,15.17616081237793
2008-03-12,15.248774528503418
2008-03-13,14.813093185424805
2008-03-14,14.595256805419922
2008-03-17,13.752942085266113
2008-03-18,14.0288724899292
2008-03-19,14.043394088745117
2008-03-20,14.232189178466797
2008-03-21,14.37741470336914
2008-03-24,15.030933380126953
2008-03-25,14.813093185424805
2008-03-26,14.958322525024414
2008-03-27,14.740483283996582
2008-03-28,14.522643089294434
2008-03-31,14.522643089294434
2008-04-01,14.667869567871094
2008-04-02,14.958322525024414
2008-04-03,14.958322525024414
2008-04-07,15.248774528503418
2008-04-08,14.885706901550293
2008-04-09,14.667869567871094
2008-04-10,14.958322525024414
2008-04-11,14.813093185424805
2008-04-14,14.595256805419922
2008-04-15,14.740483283996582
2008-04-16,15.757067680358887
2008-04-17,16.846263885498047
2008-04-18,16.91887855529785
2008-04-21,16.701038360595703
2008-04-22,16.55581283569336
2008-04-23,16.62842559814453
2008-04-24,16.62842559814453
2008-04-25,16.55581283569336
2008-04-28,16.41058349609375
2008-04-29,15.684454917907715
2008-04-30,15.466614723205566
2008-05-02,15.611842155456543
2008-05-05,15.539227485656738
2008-05-06,15.611842155456543
2008-05-07,16.192747116088867
2008-05-08,16.55581283569336
2008-05-09,16.04751968383789
2008-05-12,15.974905967712402
2008-05-13,16.265357971191406
2008-05-14,16.192747116088867
2008-05-15,16.337970733642578
2008-05-16,16.55581283569336
2008-05-19,16.41058349609375
2008-05-20,16.192747116088867
2008-05-21,16.55581283569336
2008-05-22,16.120132446289062
2008-05-23,15.684454917907715
2008-05-26,15.103547096252441
2008-05-27,15.248774528503418
2008-05-28,15.248774528503418
2008-05-29,15.466614723205566
2008-05-30,14.813093185424805
2008-06-02,15.248774528503418
2008-06-03,14.885706901550293
2008-06-04,15.902291297912598
2008-06-05,16.120132446289062
2008-06-06,15.902291297912598
2008-06-09,15.611842155456543
2008-06-10,15.103547096252441
2008-06-11,14.813093185424805
2008-06-12,13.98530387878418
2008-06-13,14.319324493408203
2008-06-16,14.232189178466797
2008-06-17,14.116007804870605
2008-06-18,14.319324493408203
2008-06-19,13.796510696411133
2008-06-20,13.578669548034668
2008-06-23,13.288217544555664
2008-06-24,13.070378303527832
2008-06-25,13.433443069458008
2008-06-26,13.52057933807373
2008-06-27,12.79444694519043
2008-06-30,12.460426330566406
2008-07-01,12.460426330566406
2008-07-02,12.678265571594238
2008-07-03,13.14299201965332
2008-07-04,13.157514572143555
2008-07-07,13.0994234085083
2008-07-08,12.199019432067871
2008-07-09,12.271632194519043
2008-07-10,12.199019432067871
2008-07-11,12.315199851989746
2008-07-14,12.300676345825195
2008-07-15,11.472887992858887
2008-07-16,10.819367408752441
2008-07-17,11.472887992858887
2008-07-18,10.790323257446289
2008-07-21,11.313138008117676
2008-07-22,11.41479778289795
2008-07-23,12.053791999816895
2008-07-24,12.271632194519043
2008-07-25,11.661681175231934
2008-07-28,11.661681175231934
2008-07-29,11.153389930725098
2008-07-30,11.923088073730469
2008-07-31,11.676204681396484
2008-08-01,11.545500755310059
2008-08-04,11.32766056060791
2008-08-05,11.284093856811523
2008-08-06,11.719772338867188
2008-08-07,11.574545860290527
2008-08-08,11.952134132385254
2008-08-11,12.765401840209961
2008-08-12,12.95419692993164
2008-08-13,13.230128288269043
2008-08-14,13.186559677124023
2008-08-15,12.503995895385742
2008-08-18,12.184496879577637
2008-08-19,12.286155700683594
2008-08-20,12.838014602661133
2008-08-21,12.199019432067871
2008-08-22,11.952134132385254
2008-08-25,12.111883163452148
2008-08-26,11.835952758789062
2008-08-27,12.024746894836426
2008-08-28,11.966655731201172
2008-08-29,11.923088073730469
2008-09-01,11.255047798156738
2008-09-02,10.891982078552246
2008-09-03,10.412734031677246
2008-09-04,10.165849685668945
2008-09-05,10.122282028198242
2008-09-08,10.819367408752441
2008-09-09,10.311075210571289
2008-09-10,10.4708251953125
2008-09-11,10.122282028198242
2008-09-12,10.456302642822266
2008-09-15,9.730170249938965
2008-09-16,9.062129974365234
2008-09-17,9.033082962036133
2008-09-18,8.539313316345215
2008-09-19,9.134742736816406
2008-09-22,9.207354545593262
2008-09-23,9.294489860534668
2008-09-24,9.933487892150879
2008-09-25,9.933487892150879
2008-09-26,9.584944725036621
2008-09-29,9.584944725036621
2008-09-30,9.076651573181152
2008-10-01,9.454239845275879
2008-10-02,9.265445709228516
2008-10-03,9.439717292785645
2008-10-06,8.945947647094727
2008-10-07,9.004036903381348
2008-10-08,8.37956428527832
2008-10-09,8.37956428527832
2008-10-13,8.089112281799316
2008-10-14,8.640972137451172
2008-10-15,8.481223106384277
2008-10-16,8.19076919555664
2008-10-17,8.132678985595703
2008-10-20,8.292428016662598
2008-10-21,8.248859405517578
2008-10-22,7.97292947769165
2008-10-23,7.696999549865723
2008-10-24,7.4355926513671875
2008-10-27,6.927300453186035
2008-10-28,6.448053359985352
2008-10-29,5.997851371765137
2008-10-30,6.2447357177734375
2008-10-31,6.535189151763916
2008-11-03,6.883732795715332
2008-11-04,6.723982810974121
2008-11-05,6.9418230056762695
2008-11-06,6.694937705993652
2008-11-07,6.898255348205566
2008-11-10,6.8111186027526855
2008-11-11,6.346394062042236
2008-11-12,6.11403226852417
2008-11-13,5.721920967102051
2008-11-14,5.838101863861084
2008-11-17,5.663829803466797
2008-11-18,5.373377799987793
2008-11-19,5.736443519592285
2008-11-20,5.780011177062988
2008-11-21,5.852624416351318
2008-11-24,5.736443519592285
2008-11-25,5.838101863861084
2008-11-26,5.954283237457275
2008-11-27,6.288303852081299
2008-11-28,6.40448522567749
2008-12-01,6.723982810974121
2008-12-02,6.259258270263672
2008-12-03,6.694937705993652
2008-12-04,6.898255348205566
2008-12-05,6.535189151763916
2008-12-08,6.985391139984131
2008-12-09,7.23227596282959
2008-12-10,7.348456859588623
2008-12-11,7.217753887176514
2008-12-12,6.723982810974121
2008-12-15,6.970869064331055
2008-12-16,7.116094589233398
2008-12-17,7.116094589233398
2008-12-18,7.043481349945068
2008-12-19,7.043481349945068
2008-12-22,6.68041467666626
2008-12-23,7.145139694213867
2008-12-24,7.348456859588623
2008-12-25,7.4501142501831055
2008-12-26,7.3194122314453125
2008-12-29,7.406546592712402
2008-12-30,7.59534215927124
2008-12-31,7.508206844329834
2009-01-02,7.508206844329834
2009-01-05,7.987452983856201
2009-01-06,7.813180446624756
2009-01-07,7.696999549865723
2009-01-08,7.18870735168457
2009-01-09,7.406546592712402
2009-01-12,7.217753887176514
2009-01-13,7.52272891998291
2009-01-14,7.406546592712402
2009-01-15,7.116094589233398
2009-01-16,7.203229904174805
2009-01-19,7.145139694213867
2009-01-20,6.651369571685791
2009-01-21,6.665891170501709
2009-02-02,6.738504886627197
2009-02-03,7.043481349945068
2009-02-04,6.825641632080078
2009-02-05,6.75302791595459
2009-02-06,7.174184322357178
2009-02-09,7.23227596282959
2009-02-10,7.3194122314453125
2009-02-11,7.696999549865723
2009-02-12,7.174184322357178
2009-02-13,7.406546592712402
2009-02-16,7.30488920211792
2009-02-17,7.3194122314453125
2009-02-18,7.362979888916016
2009-02-19,7.3194122314453125
2009-02-20,7.116094589233398
2009-02-23,7.116094589233398
2009-02-24,7.116094589233398
2009-02-25,7.609865188598633
2009-02-26,7.377501964569092
2009-02-27,7.464637279510498
2009-03-02,7.18870735168457
2009-03-03,7.217753887176514
2009-03-04,7.377501964569092
2009-03-05,7.377501964569092
2009-03-06,7.377501964569092
2009-03-09,7.885794162750244
2009-03-10,7.958407878875732
2009-03-11,7.87127161026001
2009-03-12,7.9003167152404785
2009-03-13,7.97292947769165
2009-03-16,8.176246643066406
2009-03-17,8.147201538085938
2009-03-18,8.568359375
2009-03-19,8.452178001403809
2009-03-20,8.582880973815918
2009-03-23,9.178309440612793
2009-03-24,9.439717292785645
2009-03-25,9.555898666381836
2009-03-26,10.223939895629883
2009-03-27,10.398212432861328
2009-03-30,9.672079086303711
2009-03-31,9.279967308044434
2009-04-02,10.412734031677246
2009-04-03,10.049668312072754
2009-04-06,10.703187942504883
2009-04-07,10.93554973602295
2009-04-08,10.630575180053711
2009-04-09,10.833889961242676
2009-04-10,11.589068412780762
2009-04-13,11.690726280212402
2009-04-14,11.90856647491455
2009-04-15,12.736356735229492
2009-04-16,12.489472389221191
2009-04-17,11.61811351776123
2009-04-20,10.804844856262207
2009-04-21,11.167912483215332
2009-04-22,10.921027183532715
2009-04-23,10.921027183532715
2009-04-24,11.037208557128906
2009-04-27,10.267507553100586
2009-04-28,9.61398983001709
2009-04-29,9.555898666381836
2009-04-30,10.223939895629883
2009-05-04,10.645097732543945
2009-05-05,10.296553611755371
2009-05-06,10.833889961242676
2009-05-07,10.674142837524414
2009-05-08,11.356705665588379
2009-05-11,11.080777168273926
2009-05-12,11.022686004638672
2009-05-13,10.819367408752441
2009-05-14,11.037208557128906
2009-05-15,10.267507553100586
2009-05-18,10.2384614944458
2009-05-19,10.543438911437988
2009-05-20,10.601529121398926
2009-05-21,11.342183113098145
2009-05-22,11.734293937683105
2009-05-25,11.167912483215332
2009-05-26,10.877459526062012
2009-05-27,11.32766056060791
2009-06-01,11.705249786376953
2009-06-02,11.1969575881958
2009-06-03,11.284093856811523
2009-06-04,11.763339042663574
2009-06-05,11.850475311279297
2009-06-08,11.32766056060791
2009-06-09,10.819367408752441
2009-06-10,10.906503677368164
2009-06-11,11.385751724243164
2009-06-12,10.921027183532715
2009-06-15,10.165849685668945
2009-06-16,10.078713417053223
2009-06-17,10.064189910888672
2009-06-18,10.165849685668945
2009-06-19,10.136804580688477
2009-06-22,10.2384614944458
2009-06-23,9.90444278717041
2009-06-24,10.2384614944458
2009-06-25,10.28203010559082
2009-06-26,10.267507553100586
2009-06-29,10.296553611755371
2009-06-30,10.296553611755371
2009-07-01,10.819367408752441
2009-07-02,10.703187942504883
2009-07-03,10.601529121398926
2009-07-06,10.587005615234375
2009-07-07,10.775800704956055
2009-07-08,10.61605167388916
2009-07-09,10.703187942504883
2009-07-10,10.703187942504883
2009-07-13,10.252985954284668
2009-07-14,10.51439380645752
2009-07-15,10.790323257446289
2009-07-16,10.688666343688965
2009-07-17,10.746755599975586
2009-07-20,11.1969575881958
2009-07-21,11.284093856811523
2009-07-22,11.298615455627441
2009-07-23,11.763339042663574
2009-07-24,11.51645565032959
2009-07-27,11.61811351776123
2009-07-28,11.821431159973145
2009-07-29,12.199019432067871
2009-07-30,12.097360610961914
2009-07-31,11.923088073730469
2009-08-03,11.995702743530273
2009-08-04,11.41479778289795
2009-08-05,11.32766056060791
2009-08-06,11.458365440368652
2009-08-07,11.458365440368652
2009-08-10,11.400273323059082
2009-08-11,11.632636070251465
2009-08-12,11.676204681396484
2009-08-13,12.024746894836426
2009-08-14,11.821431159973145
2009-08-17,11.530978202819824
2009-08-18,10.993640899658203
2009-08-19,11.066253662109375
2009-08-20,10.891982078552246
2009-08-21,10.543438911437988
2009-08-24,10.891982078552246
2009-08-25,10.891982078552246
2009-08-26,10.543438911437988
2009-08-27,10.383689880371094
2009-08-28,10.456302642822266
2009-08-31,10.383689880371094
2009-09-01,11.008163452148438
2009-09-02,10.891982078552246
2009-09-03,10.921027183532715
2009-09-04,11.066253662109375
2009-09-07,11.748817443847656
2009-09-08,11.400273323059082
2009-09-09,11.298615455627441
2009-09-10,11.240525245666504
2009-09-11,11.356705665588379
2009-09-14,11.255047798156738
2009-09-15,11.41479778289795
2009-09-16,11.632636070251465
2009-09-17,11.487410545349121
2009-09-18,11.560023307800293
2009-09-21,11.61811351776123
2009-09-22,11.748817443847656
2009-09-23,11.661681175231934
2009-09-24,11.501933097839355
2009-09-25,11.719772338867188
2009-09-28,11.487410545349121
2009-09-29,11.472887992858887
2009-09-30,12.03926944732666
2009-10-01,11.61811351776123
2009-10-02,11.472887992858887
2009-10-05,11.545500755310059
2009-10-06,11.589068412780762
2009-10-07,11.61811351776123
2009-10-08,11.61811351776123
2009-10-09,11.632636070251465
2009-10-12,11.676204681396484
2009-10-13,11.6471586227417
2009-10-14,11.719772338867188
2009-10-15,11.690726280212402
2009-10-16,11.719772338867188
2009-10-19,11.734293937683105
2009-10-20,11.734293937683105
2009-10-21,11.690726280212402
2009-10-22,11.6471586227417
2009-10-23,11.763339042663574
2009-10-26,11.632636070251465
2009-10-27,11.51645565032959
2009-10-28,11.32766056060791
2009-10-29,10.746755599975586
2009-10-30,10.557960510253906
2009-11-02,10.456302642822266
2009-11-03,10.485346794128418
2009-11-04,10.703187942504883
2009-11-05,10.717710494995117
2009-11-06,10.717710494995117
2009-11-09,10.921027183532715
2009-11-10,10.93554973602295
2009-11-11,10.906503677368164
2009-11-12,10.964595794677734
2009-11-13,11.182435035705566
2009-11-16,11.240525245666504
2009-11-17,11.124344825744629
2009-11-18,11.284093856811523
2009-11-19,11.32766056060791
2009-11-20,11.080777168273926
2009-11-23,11.008163452148438
2009-11-24,11.037208557128906
2009-11-25,11.037208557128906
2009-11-26,11.037208557128906
2009-11-27,10.601529121398926
2009-11-30,10.659619331359863
2009-12-01,10.732232093811035
2009-12-02,10.746755599975586
2009-12-03,10.746755599975586
2009-12-04,10.659619331359863
2009-12-07,11.400273323059082
2009-12-08,11.167912483215332
2009-12-09,11.153389930725098
2009-12-10,10.906503677368164
2009-12-11,10.993640899658203
2009-12-14,10.979117393493652
2009-12-15,11.066253662109375
2009-12-16,11.022686004638672
2009-12-17,11.05173110961914
2009-12-18,11.080777168273926
2009-12-21,11.182435035705566
2009-12-22,11.240525245666504
2009-12-23,11.269569396972656
2009-12-24,11.400273323059082
2009-12-25,11.748817443847656
2009-12-28,11.806907653808594
2009-12-29,11.632636070251465
2009-12-30,11.690726280212402
2009-12-31,12.010224342346191
2010-01-04,12.053791999816895
2010-01-05,11.777862548828125
2010-01-06,11.835952758789062
2010-01-07,11.806907653808594
2010-01-08,11.90856647491455
2010-01-11,11.864997863769531
2010-01-12,11.835952758789062
2010-01-13,11.734293937683105
2010-01-14,12.111883163452148
2010-01-15,12.95419692993164
2010-01-18,13.85460090637207
2010-01-19,13.85460090637207
2010-01-20,13.651283264160156
2010-01-21,13.186559677124023
2010-01-22,12.95419692993164
2010-01-25,12.445902824401855
2010-01-26,11.719772338867188
2010-01-27,11.995702743530273
2010-01-28,12.489472389221191
2010-01-29,11.806907653808594
2010-02-01,12.097360610961914
2010-02-02,11.835952758789062
2010-02-03,12.03926944732666
2010-02-04,12.242587089538574
2010-02-05,11.661681175231934
2010-02-08,11.298615455627441
2010-02-09,11.705249786376953
2010-02-10,11.748817443847656
2010-02-22,11.879520416259766
2010-02-23,12.126404762268066
2010-02-24,12.242587089538574
2010-02-25,12.242587089538574
2010-02-26,12.068315505981445
2010-03-01,12.155451774597168
2010-03-02,12.22806453704834
2010-03-03,12.765401840209961
2010-03-04,12.547562599182129
2010-03-05,12.547562599182129
2010-03-08,12.779924392700195
2010-03-09,12.721834182739258
2010-03-10,12.503995895385742
2010-03-11,12.257109642028809
2010-03-12,12.373289108276367
2010-03-15,12.199019432067871
2010-03-16,12.257109642028809
2010-03-17,12.503995895385742
2010-03-18,12.605653762817383
2010-03-19,12.518516540527344
2010-03-22,12.707311630249023
2010-03-23,12.562085151672363
2010-03-24,12.765401840209961
2010-03-25,12.649222373962402
2010-03-26,12.591130256652832
2010-03-29,12.620176315307617
2010-03-30,12.620176315307617
2010-03-31,12.649222373962402
2010-04-01,13.026811599731445
2010-04-02,12.80897045135498
2010-04-06,12.736356735229492
2010-04-07,12.750880241394043
2010-04-08,12.518516540527344
2010-04-09,12.518516540527344
2010-04-12,12.431381225585938
2010-04-13,12.547562599182129
2010-04-14,13.418920516967773
2010-04-15,13.622239112854004
2010-04-16,13.215604782104492
2010-04-19,12.634698867797852
2010-04-20,12.867060661315918
2010-04-21,13.113945960998535
2010-04-22,12.925150871276855
2010-04-23,12.95419692993164
2010-04-26,13.0994234085083
2010-04-27,13.607715606689453
2010-04-28,13.14299201965332
2010-04-29,12.98324203491211
2010-04-30,12.852538108825684
2010-05-03,12.852538108825684
2010-05-04,12.721834182739258
2010-05-05,12.126404762268066
2010-05-06,11.937610626220703
2010-05-07,11.763339042663574
2010-05-10,12.024746894836426
2010-05-11,11.763339042663574
2010-05-12,11.850475311279297
2010-05-13,12.111883163452148
2010-05-14,12.431381225585938
2010-05-17,11.937610626220703
2010-05-18,11.995702743530273
2010-05-19,12.010224342346191
2010-05-20,11.89404296875
2010-05-21,11.342183113098145
2010-05-24,11.51645565032959
2010-05-25,11.066253662109375
2010-05-26,11.61811351776123
2010-05-27,11.6471586227417
2010-05-28,11.690726280212402
2010-05-31,11.748817443847656
2010-06-01,11.690726280212402
2010-06-02,11.545500755310059
2010-06-03,11.835952758789062
2010-06-04,11.879520416259766
2010-06-07,11.51645565032959
2010-06-08,11.61811351776123
2010-06-09,11.385751724243164
2010-06-10,11.632636070251465
2010-06-11,11.705249786376953
2010-06-14,11.763339042663574
2010-06-15,11.850475311279297
2010-06-17,11.937610626220703
2010-06-18,11.952134132385254
2010-06-21,12.068315505981445
2010-06-22,11.995702743530273
2010-06-23,11.923088073730469
2010-06-24,11.952134132385254
2010-06-25,11.835952758789062
2010-06-28,11.821431159973145
2010-06-29,11.835952758789062
2010-06-30,11.705249786376953
2010-07-01,11.690726280212402
2010-07-02,11.632636070251465
2010-07-05,11.690726280212402
2010-07-06,11.792384147644043
2010-07-07,11.90856647491455
2010-07-08,12.097360610961914
2010-07-09,12.03926944732666
2010-07-12,11.981179237365723
2010-07-13,12.08283805847168
2010-07-14,12.169974327087402
2010-07-15,13.012287139892578
2010-07-16,12.562085151672363
2010-07-19,12.431381225585938
2010-07-20,12.562085151672363
2010-07-21,12.445902824401855
2010-07-22,12.605653762817383
2010-07-23,12.562085151672363
2010-07-26,12.533040046691895
2010-07-27,12.489472389221191
2010-07-28,12.489472389221191
2010-07-29,12.533040046691895
2010-07-30,12.445902824401855
2010-08-02,12.620176315307617
2010-08-03,12.721834182739258
2010-08-04,12.736356735229492
2010-08-05,12.562085151672363
2010-08-06,12.576608657836914
2010-08-09,12.634698867797852
2010-08-10,12.489472389221191
2010-08-11,12.533040046691895
2010-08-12,12.518516540527344
2010-08-13,12.634698867797852
2010-08-16,12.576608657836914
2010-08-17,12.562085151672363
2010-08-18,12.736356735229492
2010-08-19,12.649222373962402
2010-08-20,12.489472389221191
2010-08-23,12.489472389221191
2010-08-24,12.344244956970215
2010-08-25,11.806907653808594
2010-08-26,11.61811351776123
2010-08-27,11.690726280212402
2010-08-30,11.6471586227417
2010-08-31,11.385751724243164
2010-09-01,11.284093856811523
2010-09-02,11.269569396972656
2010-09-03,11.458365440368652
2010-09-06,11.51645565032959
2010-09-07,11.443841934204102
2010-09-08,11.443841934204102
2010-09-09,11.458365440368652
2010-09-10,11.487410545349121
2010-09-13,11.835952758789062
2010-09-14,11.952134132385254
2010-09-15,11.923088073730469
2010-09-16,11.937610626220703
2010-09-17,11.981179237365723
2010-09-20,11.952134132385254
2010-09-21,12.08283805847168
2010-09-23,12.155451774597168
2010-09-24,11.995702743530273
2010-09-27,11.864997863769531
2010-09-28,11.864997863769531
2010-09-29,12.184496879577637
2010-09-30,12.08283805847168
2010-10-01,11.995702743530273
2010-10-04,11.952134132385254
2010-10-05,11.777862548828125
2010-10-06,11.806907653808594
2010-10-07,12.03926944732666
2010-10-08,11.952134132385254
2010-10-11,11.89404296875
2010-10-12,11.763339042663574
2010-10-13,11.777862548828125
2010-10-14,11.89404296875
2010-10-15,11.705249786376953
2010-10-18,11.487410545349121
2010-10-19,11.501933097839355
2010-10-20,11.530978202819824
2010-10-21,11.41479778289795
2010-10-22,11.41479778289795
2010-10-25,11.51645565032959
2010-10-26,11.676204681396484
2010-10-27,11.6471586227417
2010-10-28,11.719772338867188
2010-10-29,11.676204681396484
2010-11-01,11.61811351776123
2010-11-02,11.472887992858887
2010-11-03,11.240525245666504
2010-11-04,11.458365440368652
2010-11-05,11.632636070251465
2010-11-08,11.458365440368652
2010-11-09,11.443841934204102
2010-11-10,11.501933097839355
2010-11-11,11.429320335388184
2010-11-12,11.255047798156738
2010-11-15,11.138867378234863
2010-11-16,11.05173110961914
2010-11-17,10.979117393493652
2010-11-18,10.964595794677734
2010-11-19,10.921027183532715
2010-11-22,10.950072288513184
2010-11-23,11.095298767089844
2010-11-24,10.891982078552246
2010-11-25,10.891982078552246
2010-11-26,10.819367408752441
2010-11-29,10.790323257446289
2010-11-30,10.964595794677734
2010-12-01,11.138867378234863
2010-12-02,11.298615455627441
2010-12-03,11.211481094360352
2010-12-06,11.182435035705566
2010-12-07,11.182435035705566
2010-12-08,11.269569396972656
2010-12-09,11.284093856811523
2010-12-10,11.32766056060791
2010-12-13,11.37122917175293
2010-12-14,11.269569396972656
2010-12-15,11.501933097839355
2010-12-16,11.690726280212402
2010-12-17,11.690726280212402
2010-12-20,11.472887992858887
2010-12-21,11.501933097839355
2010-12-22,11.719772338867188
2010-12-23,12.010224342346191
2010-12-24,11.90856647491455
2010-12-27,11.763339042663574
2010-12-28,11.676204681396484
2010-12-29,11.676204681396484
2010-12-30,11.676204681396484
2010-12-31,11.603590965270996
2011-01-03,11.61811351776123
2011-01-04,11.690726280212402
2011-01-05,11.560023307800293
2011-01-06,11.821431159973145
2011-01-07,11.487410545349121
2011-01-10,11.501933097839355
2011-01-11,11.748817443847656
2011-01-12,11.632636070251465
2011-01-13,11.545500755310059
2011-01-14,11.705249786376953
2011-01-17,11.792384147644043
2011-01-18,11.719772338867188
2011-01-19,11.719772338867188
2011-01-20,11.705249786376953
2011-01-21,11.61811351776123
2011-01-24,11.545500755310059
2011-01-25,11.560023307800293
2011-01-26,11.560023307800293
2011-01-27,11.690726280212402
2011-01-28,11.603590965270996
2011-02-08,11.37122917175293
2011-02-09,11.32766056060791
2011-02-10,11.022686004638672
2011-02-11,10.383689880371094
2011-02-14,10.223939895629883
2011-02-15,10.107759475708008
2011-02-16,10.151327133178711
2011-02-17,10.020623207092285
2011-02-18,10.122282028198242
2011-02-21,10.107759475708008
2011-02-22,9.70112419128418
2011-02-23,9.512331008911133
2011-02-24,9.86087417602539
2011-02-25,10.107759475708008
2011-03-01,10.19489574432373
2011-03-02,10.020623207092285
2011-03-03,10.19489574432373
2011-03-04,10.209417343139648
2011-03-07,10.151327133178711
2011-03-08,10.151327133178711
2011-03-09,10.151327133178711
2011-03-10,9.846351623535156
2011-03-11,9.802783012390137
2011-03-14,9.730170249938965
2011-03-15,9.52685260772705
2011-03-16,9.584944725036621
2011-03-17,9.599467277526855
2011-03-18,10.165849685668945
2011-03-21,10.180373191833496
2011-03-22,10.078713417053223
2011-03-23,10.064189910888672
2011-03-24,10.078713417053223
2011-03-25,10.078713417053223
2011-03-28,9.991578102111816
2011-03-29,9.962532997131348
2011-03-30,10.209417343139648
2011-03-31,10.340121269226074
2011-04-01,10.252985954284668
2011-04-06,10.528915405273438
2011-04-07,10.427257537841797
2011-04-08,10.499870300292969
2011-04-11,10.456302642822266
2011-04-12,10.427257537841797
2011-04-13,10.427257537841797
2011-04-14,10.456302642822266
2011-04-15,10.441780090332031
2011-04-18,10.252985954284668
2011-04-19,10.122282028198242
2011-04-20,10.528915405273438
2011-04-21,10.485346794128418
2011-04-22,10.441780090332031
2011-04-25,10.311075210571289
2011-04-26,10.383689880371094
2011-04-27,10.441780090332031
2011-04-28,10.311075210571289
2011-04-29,10.107759475708008
2011-05-03,9.846351623535156
2011-05-04,9.86087417602539
2011-05-05,9.744691848754883
2011-05-06,9.686602592468262
2011-05-09,9.672079086303711
2011-05-10,9.686602592468262
2011-05-11,9.773736953735352
2011-05-12,9.817305564880371
2011-05-13,9.802783012390137
2011-05-16,9.584944725036621
2011-05-17,9.555898666381836
2011-05-18,9.57042121887207
2011-05-19,9.57042121887207
2011-05-20,9.555898666381836
2011-05-23,9.279967308044434
2011-05-24,9.236400604248047
2011-05-25,9.541375160217285
2011-05-26,9.396149635314941
2011-05-27,9.309014320373535
2011-05-30,9.309014320373535
2011-05-31,9.454239845275879
2011-06-01,9.875396728515625
2011-06-02,9.90444278717041
2011-06-03,9.90444278717041
2011-06-07,9.643035888671875
2011-06-08,9.730170249938965
2011-06-09,9.759215354919434
2011-06-10,9.628512382507324
2011-06-13,9.410672187805176
2011-06-14,9.483285903930664
2011-06-15,9.584944725036621
2011-06-16,9.381627082824707
2011-06-17,9.250922203063965
2011-06-20,9.236400604248047
2011-06-21,9.250922203063965
2011-06-22,9.309014320373535
2011-06-23,9.163787841796875
2011-06-24,9.221878051757812
2011-06-27,9.134742736816406
2011-06-28,9.163787841796875
2011-06-29,9.584944725036621
2011-06-30,9.439717292785645
2011-07-01,9.439717292785645
2011-07-04,9.410672187805176
2011-07-05,9.294489860534668
2011-07-06,9.338058471679688
2011-07-07,9.323535919189453
2011-07-08,9.367103576660156
2011-07-11,9.192831993103027
2011-07-12,8.786198616027832
2011-07-13,8.916901588439941
2011-07-14,8.786198616027832
2011-07-15,8.815244674682617
2011-07-18,8.55383586883545
2011-07-19,8.37956428527832
2011-07-20,8.51026725769043
2011-07-21,8.582880973815918
2011-07-22,8.655494689941406
2011-07-25,8.481223106384277
2011-07-26,8.568359375
2011-07-27,8.611927032470703
2011-07-28,8.452178001403809
2011-07-29,8.408609390258789
2011-08-01,8.539313316345215
2011-08-02,8.394086837768555
2011-08-03,7.958407878875732
2011-08-04,7.638909816741943
2011-08-05,7.116094589233398
2011-08-08,6.6223249435424805
2011-08-09,6.172121524810791
2011-08-10,6.52066707611084
2011-08-11,6.54971170425415
2011-08-12,6.999913692474365
2011-08-15,7.23227596282959
2011-08-16,7.101571559906006
2011-08-17,7.130616664886475
2011-08-18,6.912777423858643
2011-08-19,6.47709846496582
2011-08-22,6.593279838562012
2011-08-23,7.043481349945068
2011-08-24,7.23227596282959
2011-08-25,6.999913692474365
2011-08-26,7.145139694213867
2011-08-29,7.261321544647217
2011-08-30,7.159661293029785
2011-08-31,7.159661293029785
2011-09-01,7.493683815002441
2011-09-02,7.421069622039795
2011-09-05,7.18870735168457
2011-09-06,6.912777423858643
2011-09-07,7.392024517059326
2011-09-08,7.9003167152404785
2011-09-09,8.365041732788086
2011-09-13,8.800721168518066
2011-09-14,8.568359375
2011-09-15,9.062129974365234
2011-09-16,8.974992752075195
2011-09-19,8.945947647094727
2011-09-20,8.786198616027832
2011-09-21,8.786198616027832
2011-09-22,8.437655448913574
2011-09-23,8.147201538085938
2011-09-26,8.132678985595703
2011-09-27,8.292428016662598
2011-09-28,8.263382911682129
2011-09-29,8.55383586883545
2011-09-30,8.55383586883545
2011-10-03,8.306950569152832
2011-10-04,8.887857437133789
2011-10-05,8.858811378479004
2011-10-06,8.960469245910645
2011-10-07,8.858811378479004
2011-10-11,8.887857437133789
2011-10-12,8.902379035949707
2011-10-13,8.873334884643555
2011-10-14,8.800721168518066
2011-10-17,8.902379035949707
2011-10-18,8.75715160369873
2011-10-19,8.75715160369873
2011-10-20,8.248859405517578
2011-10-21,8.321474075317383
2011-10-24,8.481223106384277
2011-10-25,8.829766273498535
2011-10-26,8.800721168518066
2011-10-27,8.916901588439941
2011-10-28,8.902379035949707
2011-10-31,8.75715160369873
2011-11-01,8.815244674682617
2011-11-02,9.033082962036133
2011-11-03,8.786198616027832
2011-11-04,8.887857437133789
2011-11-07,8.858811378479004
2011-11-08,8.771675109863281
2011-11-09,8.771675109863281
2011-11-10,8.408609390258789
2011-11-11,8.771675109863281
2011-11-14,8.786198616027832
2011-11-15,8.713583946228027
2011-11-16,8.437655448913574
2011-11-17,8.248859405517578
2011-11-18,7.9003167152404785
2011-11-21,7.421069622039795
2011-11-22,7.377501964569092
2011-11-23,7.116094589233398
2011-11-24,7.18870735168457
2011-11-25,7.362979888916016
2011-11-28,7.333934307098389
2011-11-29,7.3194122314453125
2011-11-30,6.8111186027526855
2011-12-01,6.825641632080078
2011-12-02,6.9418230056762695
2011-12-05,6.796596527099609
2011-12-06,6.593279838562012
2011-12-07,6.723982810974121
2011-12-08,6.927300453186035
2011-12-09,6.840163707733154
2011-12-12,6.767551422119141
2011-12-13,6.796596527099609
2011-12-14,6.912777423858643
2011-12-15,6.462575435638428
2011-12-16,6.491621017456055
2011-12-19,6.04141902923584
2011-12-20,6.0995097160339355
2011-12-21,6.52066707611084
2011-12-22,6.389962196350098
2011-12-23,6.75302791595459
2011-12-26,6.7094597816467285
2011-12-27,7.174184322357178
2011-12-28,7.406546592712402
2011-12-29,7.377501964569092
2011-12-30,7.261321544647217
2012-01-02,7.261321544647217
2012-01-03,7.261321544647217
2012-01-04,7.261321544647217
2012-01-05,7.261321544647217
2012-01-06,7.333934307098389
2012-01-09,7.246798515319824
2012-01-10,7.362979888916016
2012-01-11,7.203229904174805
2012-01-12,7.333934307098389
2012-01-13,7.275843620300293
2012-01-16,7.348456859588623
2012-01-17,7.406546592712402
2012-01-18,7.4501142501831055
2012-01-30,7.7986578941345215
2012-01-31,7.827704906463623
2012-02-01,8.016498565673828
2012-02-02,7.987452983856201
2012-02-03,8.350519180297852
2012-02-06,8.176246643066406
2012-02-07,8.060066223144531
2012-02-08,8.248859405517578
2012-02-09,8.350519180297852
2012-02-10,8.640972137451172
2012-02-13,8.466699600219727
2012-02-14,8.423131942749023
2012-02-15,8.466699600219727
2012-02-16,8.176246643066406
2012-02-17,8.060066223144531
2012-02-20,8.147201538085938
2012-02-21,8.060066223144531
2012-02-22,8.292428016662598
2012-02-23,8.205291748046875
2012-02-24,8.219813346862793
2012-02-29,8.306950569152832
2012-03-01,8.263382911682129
2012-03-02,8.292428016662598
2012-03-05,8.597403526306152
2012-03-06,8.306950569152832
2012-03-07,8.205291748046875
2012-03-08,8.205291748046875
2012-03-09,8.219813346862793
2012-03-12,8.10363483428955
2012-03-13,8.132678985595703
2012-03-14,8.147201538085938
2012-03-15,8.161723136901855
2012-03-16,7.59534215927124
2012-03-19,7.929362773895264
2012-03-20,7.987452983856201
2012-03-21,7.885794162750244
2012-03-22,7.885794162750244
2012-03-23,7.7986578941345215
2012-03-26,7.755092144012451
2012-03-27,7.711522579193115
2012-03-28,7.56629753112793
2012-03-29,7.246798515319824
2012-03-30,7.696999549865723
2012-04-02,7.740569591522217
2012-04-03,7.406546592712402
2012-04-05,7.217753887176514
2012-04-06,7.377501964569092
2012-04-09,7.261321544647217
2012-04-10,7.275843620300293
2012-04-11,7.217753887176514
2012-04-12,7.261321544647217
2012-04-13,7.377501964569092
2012-04-16,7.290366172790527
2012-04-17,7.203229904174805
2012-04-18,7.130616664886475
2012-04-19,7.116094589233398
2012-04-20,7.0144362449646
2012-04-23,7.043481349945068
2012-04-24,7.159661293029785
2012-04-25,7.261321544647217
2012-04-26,7.406546592712402
2012-04-27,7.348456859588623
2012-04-30,7.377501964569092
2012-05-02,7.59534215927124
2012-05-03,7.464637279510498
2012-05-04,7.464637279510498
2012-05-07,7.275843620300293
2012-05-08,7.275843620300293
2012-05-09,7.261321544647217
2012-05-10,7.23227596282959
2012-05-11,7.159661293029785
2012-05-14,7.0144362449646
2012-05-15,6.999913692474365
2012-05-16,6.723982810974121
2012-05-17,6.970869064331055
2012-05-18,6.7094597816467285
2012-05-21,6.782073497772217
2012-05-22,6.854686737060547
2012-05-23,6.665891170501709
2012-05-24,6.448053359985352
2012-05-25,6.317348480224609
2012-05-28,6.491621017456055
2012-05-29,6.854686737060547
2012-05-30,6.825641632080078
2012-05-31,6.970869064331055
2012-06-01,6.825641632080078
2012-06-04,6.448053359985352
2012-06-05,6.651369571685791
2012-06-06,6.898255348205566
2012-06-07,6.8692097663879395
2012-06-08,6.825641632080078
2012-06-11,7.0144362449646
2012-06-12,6.956345081329346
2012-06-13,6.956345081329346
2012-06-14,7.028958320617676
2012-06-15,7.130616664886475
2012-06-18,7.203229904174805
2012-06-19,7.23227596282959
2012-06-20,7.30488920211792
2012-06-21,7.362979888916016
2012-06-22,7.348456859588623
2012-06-25,7.406546592712402
2012-06-26,7.406546592712402
2012-06-27,7.348456859588623
2012-06-28,7.362979888916016
2012-06-29,7.4355926513671875
2012-07-02,7.4355926513671875
2012-07-03,7.4355926513671875
2012-07-04,7.493683815002441
2012-07-05,7.421069622039795
2012-07-06,7.392024517059326
2012-07-09,7.333934307098389
2012-07-10,7.275843620300293
2012-07-11,7.261321544647217
2012-07-12,7.130616664886475
2012-07-13,7.058003902435303
2012-07-16,7.043481349945068
2012-07-17,7.028958320617676
2012-07-18,7.0144362449646
2012-07-19,7.058003902435303
2012-07-20,6.999913692474365
2012-07-23,6.912777423858643
2012-07-24,6.883732795715332
2012-07-25,6.854686737060547
2012-07-26,6.8692097663879395
2012-07-27,6.970869064331055
2012-07-30,6.927300453186035
2012-07-31,6.898255348205566
2012-08-01,6.912777423858643
2012-08-02,6.912777423858643
2012-08-03,6.825641632080078
2012-08-06,6.8111186027526855
2012-08-07,6.75302791595459
2012-08-08,6.8692097663879395
2012-08-09,6.927300453186035
2012-08-10,7.028958320617676
2012-08-13,6.854686737060547
2012-08-14,6.883732795715332
2012-08-15,6.985391139984131
2012-08-16,7.174184322357178
2012-08-17,7.145139694213867
2012-08-20,7.072526931762695
2012-08-21,7.101571559906006
2012-08-22,7.145139694213867
2012-08-23,7.116094589233398
2012-08-24,7.261321544647217
2012-08-27,7.217753887176514
2012-08-28,7.116094589233398
2012-08-29,7.116094589233398
2012-08-30,7.058003902435303
2012-08-31,6.970869064331055
2012-09-03,6.985391139984131
2012-09-04,7.028958320617676
2012-09-05,7.028958320617676
2012-09-06,7.043481349945068
2012-09-07,7.072526931762695
2012-09-10,7.261321544647217
2012-09-11,7.101571559906006
2012-09-12,7.130616664886475
2012-09-13,7.101571559906006
2012-09-14,7.23227596282959
2012-09-17,7.23227596282959
2012-09-18,7.23227596282959
2012-09-19,7.30488920211792
2012-09-20,7.362979888916016
2012-09-21,7.275843620300293
2012-09-24,7.261321544647217
2012-09-25,7.246798515319824
2012-09-26,7.18870735168457
2012-09-27,7.23227596282959
2012-09-28,7.23227596282959
2012-10-01,7.072526931762695
2012-10-02,7.058003902435303
2012-10-03,7.072526931762695
2012-10-04,7.028958320617676
2012-10-05,7.028958320617676
2012-10-08,6.985391139984131
2012-10-09,6.927300453186035
2012-10-11,6.694937705993652
2012-10-12,6.68041467666626
2012-10-15,6.433530330657959
2012-10-16,6.54971170425415
2012-10-17,6.593279838562012
2012-10-18,6.54971170425415
2012-10-19,6.491621017456055
2012-10-22,6.3754401206970215
2012-10-23,6.448053359985352
2012-10-24,6.6223249435424805
2012-10-25,6.578757286071777
2012-10-26,6.52066707611084
2012-10-29,6.084987163543701
2012-10-30,6.259258270263672
2012-10-31,6.331871509552002
2012-11-01,6.346394062042236
2012-11-02,6.201168060302734
2012-11-05,6.128554821014404
2012-11-06,6.288303852081299
2012-11-07,6.302826881408691
2012-11-08,6.259258270263672
2012-11-09,6.317348480224609
2012-11-12,6.259258270263672
2012-11-13,6.157599925994873
2012-11-14,6.172121524810791
2012-11-15,6.1430768966674805
2012-11-16,6.157599925994873
2012-11-19,6.128554821014404
2012-11-20,6.11403226852417
2012-11-21,5.910715579986572
2012-11-22,5.809056282043457
2012-11-23,5.997851371765137
2012-11-26,6.1430768966674805
2012-11-27,6.40448522567749
2012-11-28,6.419007301330566
2012-11-29,6.448053359985352
2012-11-30,6.491621017456055
2012-12-03,6.607802391052246
2012-12-04,6.665891170501709
2012-12-05,6.8692097663879395
2012-12-06,6.8692097663879395
2012-12-07,6.694937705993652
2012-12-10,6.694937705993652
2012-12-11,6.636847496032715
2012-12-12,6.665891170501709
2012-12-13,6.75302791595459
2012-12-14,6.723982810974121
2012-12-17,6.7094597816467285
2012-12-18,6.970869064331055
2012-12-19,6.985391139984131
2012-12-20,6.854686737060547
2012-12-21,6.68041467666626
2012-12-24,6.738504886627197
2012-12-25,6.840163707733154
2012-12-26,6.898255348205566
2012-12-27,7.0144362449646
2012-12-28,7.101571559906006
2013-01-02,7.0870490074157715
2013-01-03,7.028958320617676
2013-01-04,6.985391139984131
2013-01-07,7.058003902435303
2013-01-08,7.072526931762695
2013-01-09,7.0144362449646
2013-01-10,7.116094589233398
2013-01-11,7.058003902435303
2013-01-14,6.999913692474365
2013-01-15,6.985391139984131
2013-01-16,6.883732795715332
2013-01-17,6.6223249435424805
2013-01-18,6.723982810974121
2013-01-21,7.0144362449646
2013-01-22,6.898255348205566
2013-01-23,6.825641632080078
2013-01-24,6.854686737060547
2013-01-25,6.767551422119141
2013-01-28,6.782073497772217
2013-01-29,6.854686737060547
2013-01-30,6.825641632080078
2013-01-31,6.7094597816467285
2013-02-01,6.694937705993652
2013-02-04,6.767551422119141
2013-02-05,6.7094597816467285
2013-02-06,6.68041467666626
2013-02-18,6.825641632080078
2013-02-19,6.840163707733154
2013-02-20,6.8111186027526855
2013-02-21,6.796596527099609
2013-02-22,6.8692097663879395
2013-02-25,7.493683815002441
2013-02-26,7.30488920211792
2013-02-27,7.333934307098389
2013-03-01,7.52272891998291
2013-03-04,7.609865188598633
2013-03-05,7.59534215927124
2013-03-06,7.508206844329834
2013-03-07,7.493683815002441
2013-03-08,7.5372514724731445
2013-03-11,7.551773548126221
2013-03-12,7.56629753112793
2013-03-13,7.755092144012451
2013-03-14,7.59534215927124
2013-03-15,7.5372514724731445
2013-03-18,7.290366172790527
2013-03-19,7.362979888916016
2013-03-20,7.406546592712402
2013-03-21,7.4355926513671875
2013-03-22,7.6534318923950195
2013-03-25,7.624387264251709
2013-03-26,7.56629753112793
2013-03-27,7.580820083618164
2013-03-28,7.624387264251709
2013-03-29,7.580820083618164
2013-04-01,7.377501964569092
2013-04-02,7.377501964569092
2013-04-03,7.392024517059326
2013-04-08,7.0870490074157715
2013-04-09,7.130616664886475
2013-04-10,7.217753887176514
2013-04-11,7.479161262512207
2013-04-12,7.377501964569092
2013-04-15,7.333934307098389
2013-04-16,7.290366172790527
2013-04-17,7.333934307098389
2013-04-18,7.493683815002441
2013-04-19,7.624387264251709
2013-04-22,7.696999549865723
2013-04-23,8.074589729309082
2013-04-24,7.856749057769775
2013-04-25,7.7986578941345215
2013-04-26,7.580820083618164
2013-04-29,7.56629753112793
2013-04-30,7.696999549865723
2013-05-02,7.6824774742126465
2013-05-03,7.755092144012451
2013-05-06,7.7841362953186035
2013-05-07,7.624387264251709
2013-05-08,7.5372514724731445
2013-05-09,7.638909816741943
2013-05-10,7.609865188598633
2013-05-13,7.508206844329834
2013-05-14,7.551773548126221
2013-05-15,7.551773548126221
2013-05-16,7.624387264251709
2013-05-17,7.740569591522217
2013-05-20,8.176246643066406
2013-05-21,8.408609390258789
2013-05-22,8.423131942749023
2013-05-23,8.060066223144531
2013-05-24,8.19076919555664
2013-05-27,8.132678985595703
2013-05-28,8.132678985595703
2013-05-29,8.19076919555664
2013-05-30,8.437655448913574
2013-05-31,8.292428016662598
2013-06-03,8.263382911682129
2013-06-04,8.132678985595703
2013-06-05,8.69906234741211
2013-06-06,8.858811378479004
2013-06-07,8.365041732788086
2013-06-10,8.263382911682129
2013-06-11,8.060066223144531
2013-06-13,7.842226505279541
2013-06-14,8.205291748046875
2013-06-17,8.423131942749023
2013-06-18,8.306950569152832
2013-06-19,8.132678985595703
2013-06-20,7.929362773895264
2013-06-21,8.074589729309082
2013-06-24,7.929362773895264
2013-06-25,7.696999549865723
2013-06-26,7.740569591522217
2013-06-27,8.074589729309082
2013-06-28,7.943885326385498
2013-07-01,8.001976013183594
2013-07-02,8.19076919555664
2013-07-03,7.958407878875732
2013-07-04,7.987452983856201
2013-07-05,7.929362773895264
2013-07-08,7.842226505279541
2013-07-09,7.885794162750244
2013-07-10,7.7986578941345215
2013-07-11,7.740569591522217
2013-07-12,7.842226505279541
2013-07-15,7.97292947769165
2013-07-16,7.87127161026001
2013-07-17,7.97292947769165
2013-07-18,7.827704906463623
2013-07-19,7.87127161026001
2013-07-22,7.842226505279541
2013-07-23,7.856749057769775
2013-07-24,8.016498565673828
2013-07-25,7.842226505279541
2013-07-26,7.827704906463623
2013-07-29,7.726044178009033
2013-07-30,7.813180446624756
2013-07-31,7.638909816741943
2013-08-01,7.609865188598633
2013-08-02,7.56629753112793
2013-08-05,7.609865188598633
2013-08-06,7.551773548126221
2013-08-07,7.5372514724731445
2013-08-08,7.508206844329834
2013-08-09,7.377501964569092
2013-08-12,7.290366172790527
2013-08-13,7.348456859588623
2013-08-14,7.377501964569092
2013-08-15,7.30488920211792
2013-08-16,7.246798515319824
2013-08-19,7.275843620300293
2013-08-20,7.130616664886475
2013-08-22,7.028958320617676
2013-08-23,7.058003902435303
2013-08-26,7.058003902435303
2013-08-27,6.970869064331055
2013-08-28,6.782073497772217
2013-08-29,6.840163707733154
2013-08-30,7.0870490074157715
2013-09-02,6.985391139984131
2013-09-03,7.0144362449646
2013-09-04,7.058003902435303
2013-09-05,7.058003902435303
2013-09-06,7.058003902435303
2013-09-09,7.0144362449646
2013-09-10,6.999913692474365
2013-09-11,7.0144362449646
2013-09-12,7.0144362449646
2013-09-13,6.9418230056762695
2013-09-16,6.9418230056762695
2013-09-17,6.956345081329346
2013-09-18,7.101571559906006
2013-09-23,7.377501964569092
2013-09-24,7.580820083618164
2013-09-25,7.696999549865723
2013-09-26,7.508206844329834
2013-09-27,7.493683815002441
2013-09-30,7.5372514724731445
2013-10-01,7.624387264251709
2013-10-02,7.479161262512207
2013-10-03,7.5372514724731445
2013-10-04,7.508206844329834
2013-10-07,7.348456859588623
2013-10-08,7.406546592712402
2013-10-09,7.333934307098389
2013-10-11,7.275843620300293
2013-10-14,7.028958320617676
2013-10-15,7.159661293029785
2013-10-16,7.3194122314453125
2013-10-17,7.290366172790527
2013-10-18,7.333934307098389
2013-10-21,7.275843620300293
2013-10-22,7.23227596282959
2013-10-23,7.4355926513671875
2013-10-24,7.3194122314453125
2013-10-25,7.290366172790527
2013-10-28,7.261321544647217
2013-10-29,7.290366172790527
2013-10-30,7.275843620300293
2013-10-31,7.203229904174805
2013-11-01,7.130616664886475
2013-11-04,7.043481349945068
2013-11-05,7.043481349945068
2013-11-06,6.912777423858643
2013-11-07,6.9418230056762695
2013-11-08,6.825641632080078
2013-11-11,6.665891170501709
2013-11-12,6.636847496032715
2013-11-13,6.607802391052246
2013-11-14,6.6223249435424805
2013-11-15,6.7094597816467285
2013-11-18,6.898255348205566
2013-11-19,6.898255348205566
2013-11-20,6.782073497772217
2013-11-21,6.75302791595459
2013-11-22,6.75302791595459
2013-11-25,6.782073497772217
2013-11-26,6.825641632080078
2013-11-27,6.854686737060547
2013-11-28,6.912777423858643
2013-11-29,6.9418230056762695
2013-12-02,6.912777423858643
2013-12-03,6.898255348205566
2013-12-04,6.9418230056762695
2013-12-05,7.145139694213867
2013-12-06,7.072526931762695
2013-12-09,7.043481349945068
2013-12-10,7.0144362449646
2013-12-11,6.999913692474365
2013-12-12,6.985391139984131
2013-12-13,6.985391139984131
2013-12-16,6.9418230056762695
2013-12-17,6.956345081329346
2013-12-18,6.970869064331055
2013-12-19,6.9418230056762695
2013-12-20,7.0870490074157715
2013-12-23,7.0144362449646
2013-12-24,7.028958320617676
2013-12-25,7.058003902435303
2013-12-26,7.058003902435303
2013-12-27,7.072526931762695
2013-12-30,7.130616664886475
2013-12-31,7.116094589233398
2014-01-02,7.101571559906006
2014-01-03,7.101571559906006
2014-01-06,7.130616664886475
2014-01-07,7.18870735168457
2014-01-08,7.3194122314453125
2014-01-09,7.4355926513671875
2014-01-10,7.377501964569092
2014-01-13,7.4355926513671875
2014-01-14,7.348456859588623
2014-01-15,7.59534215927124
2014-01-16,7.4501142501831055
2014-01-17,7.392024517059326
2014-01-20,7.348456859588623
2014-01-21,7.348456859588623
2014-01-22,7.290366172790527
2014-01-23,7.261321544647217
2014-01-24,7.217753887176514
2014-01-27,7.028958320617676
2014-02-05,6.9418230056762695
2014-02-06,7.028958320617676
2014-02-07,7.058003902435303
2014-02-10,7.0144362449646
2014-02-11,7.0144362449646
2014-02-12,7.101571559906006
2014-02-13,7.0144362449646
2014-02-14,6.999913692474365
2014-02-17,6.970869064331055
2014-02-18,6.999913692474365
2014-02-19,7.0144362449646
2014-02-20,6.999913692474365
2014-02-21,7.072526931762695
2014-02-24,7.159661293029785
2014-02-25,7.0870490074157715
2014-02-26,7.101571559906006
2014-02-27,7.130616664886475
2014-03-03,7.0870490074157715
2014-03-04,7.072526931762695
2014-03-05,7.0870490074157715
2014-03-06,7.159661293029785
2014-03-07,7.116094589233398
2014-03-10,7.333934307098389
2014-03-11,7.30488920211792
2014-03-12,7.261321544647217
2014-03-13,7.246798515319824
2014-03-14,7.23227596282959
2014-03-17,7.23227596282959
2014-03-18,7.203229904174805
2014-03-19,7.145139694213867
2014-03-20,7.058003902435303
2014-03-21,6.999913692474365
2014-03-24,6.898255348205566
2014-03-25,6.985391139984131
2014-03-26,6.956345081329346
2014-03-27,6.9418230056762695
2014-03-28,6.8692097663879395
2014-03-31,6.956345081329346
2014-04-01,6.912777423858643
2014-04-02,6.956345081329346
2014-04-03,6.9418230056762695
2014-04-07,6.8692097663879395
2014-04-08,6.912777423858643
2014-04-09,6.999913692474365
2014-04-10,6.8692097663879395
2014-04-11,6.898255348205566
2014-04-14,6.840163707733154
2014-04-15,6.825641632080078
2014-04-16,6.898255348205566
2014-04-17,6.927300453186035
2014-04-18,7.058003902435303
2014-04-21,7.0144362449646
2014-04-22,6.970869064331055
2014-04-23,6.9418230056762695
2014-04-24,6.912777423858643
2014-04-25,6.723982810974121
2014-04-28,6.723982810974121
2014-04-29,6.8692097663879395
2014-04-30,6.75302791595459
2014-05-02,6.782073497772217
2014-05-05,6.75302791595459
2014-05-06,6.738504886627197
2014-05-07,6.75302791595459
2014-05-08,6.723982810974121
2014-05-09,6.68041467666626
2014-05-12,6.6223249435424805
2014-05-13,6.506143569946289
2014-05-14,6.3754401206970215
2014-05-15,6.419007301330566
2014-05-16,6.389962196350098
2014-05-19,6.52066707611084
2014-05-20,6.47709846496582
2014-05-21,6.433530330657959
2014-05-22,6.462575435638428
2014-05-23,6.462575435638428
2014-05-26,6.52066707611084
2014-05-27,6.506143569946289
2014-05-28,6.578757286071777
2014-05-29,6.578757286071777
2014-05-30,6.564234256744385
2014-06-03,6.636847496032715
2014-06-04,7.0870490074157715
2014-06-05,6.898255348205566
2014-06-06,6.825641632080078
2014-06-09,6.883732795715332
2014-06-10,6.782073497772217
2014-06-11,6.75302791595459
2014-06-12,6.782073497772217
2014-06-13,6.782073497772217
2014-06-16,6.883732795715332
2014-06-17,6.883732795715332
2014-06-18,6.985391139984131
2014-06-19,7.043481349945068
2014-06-20,6.927300453186035
2014-06-23,6.825641632080078
2014-06-24,6.912777423858643
2014-06-25,6.8111186027526855
2014-06-26,6.840163707733154
2014-06-27,6.840163707733154
2014-06-30,6.883732795715332
2014-07-01,6.898255348205566
2014-07-02,7.043481349945068
2014-07-03,7.0870490074157715
2014-07-04,6.999913692474365
2014-07-07,7.261321544647217
2014-07-08,7.174184322357178
2014-07-09,7.159661293029785
2014-07-10,7.203229904174805
2014-07-11,6.999913692474365
2014-07-14,7.058003902435303
2014-07-15,7.058003902435303
2014-07-16,7.058003902435303
2014-07-17,7.072526931762695
2014-07-18,7.116094589233398
2014-07-21,7.072526931762695
2014-07-22,7.101571559906006
2014-07-23,7.101571559906006
2014-07-24,7.0870490074157715
2014-07-25,7.0144362449646
2014-07-28,6.956345081329346
2014-07-29,6.840163707733154
2014-07-30,6.927300453186035
2014-07-31,6.8692097663879395
2014-08-01,6.8111186027526855
2014-08-04,6.796596527099609
2014-08-05,6.767551422119141
2014-08-06,6.898255348205566
2014-08-07,6.8692097663879395
2014-08-08,6.854686737060547
2014-08-11,6.898255348205566
2014-08-12,6.898255348205566
2014-08-13,6.927300453186035
2014-08-14,6.8692097663879395
2014-08-15,6.883732795715332
2014-08-18,6.68041467666626
2014-08-19,6.75302791595459
2014-08-20,6.75302791595459
2014-08-21,6.665891170501709
2014-08-22,6.75302791595459
2014-08-25,6.796596527099609
2014-08-26,6.927300453186035
2014-08-27,6.999913692474365
2014-08-28,6.956345081329346
2014-08-29,6.970869064331055
2014-09-01,6.970869064331055
2014-09-02,6.912777423858643
2014-09-03,6.9418230056762695
2014-09-04,6.985391139984131
2014-09-05,6.9418230056762695
2014-09-09,6.956345081329346
2014-09-10,6.9418230056762695
2014-09-11,6.956345081329346
2014-09-12,6.8692097663879395
2014-09-15,6.898255348205566
2014-09-16,6.8692097663879395
2014-09-17,6.8692097663879395
2014-09-18,6.883732795715332
2014-09-19,6.883732795715332
2014-09-22,6.840163707733154
2014-09-23,6.854686737060547
2014-09-24,6.883732795715332
2014-09-25,6.8692097663879395
2014-09-26,6.927300453186035
2014-09-29,6.898255348205566
2014-09-30,6.8111186027526855
2014-10-01,6.796596527099609
2014-10-02,6.825641632080078
2014-10-03,7.043481349945068
2014-10-06,6.898255348205566
2014-10-07,6.854686737060547
2014-10-08,6.825641632080078
2014-10-09,6.796596527099609
2014-10-13,6.636847496032715
2014-10-14,6.651369571685791
2014-10-15,6.52066707611084
2014-10-16,6.491621017456055
2014-10-17,6.433530330657959
2014-10-20,6.506143569946289
2014-10-21,6.462575435638428
2014-10-22,6.535189151763916
2014-10-23,6.433530330657959
2014-10-24,6.317348480224609
2014-10-27,6.172121524810791
2014-10-28,6.288303852081299
2014-10-29,6.506143569946289
2014-10-30,6.47709846496582
2014-10-31,6.506143569946289
2014-11-03,6.535189151763916
2014-11-04,6.47709846496582
2014-11-05,6.462575435638428
2014-11-06,6.40448522567749
2014-11-07,6.40448522567749
2014-11-10,6.433530330657959
2014-11-11,6.506143569946289
2014-11-12,6.448053359985352
2014-11-13,6.433530330657959
2014-11-14,6.419007301330566
2014-11-17,6.302826881408691
2014-11-18,6.055941581726074
2014-11-19,6.1430768966674805
2014-11-20,6.172121524810791
2014-11-21,6.128554821014404
2014-11-24,6.07046365737915
2014-11-25,6.07046365737915
2014-11-26,6.055941581726074
2014-11-27,6.026895999908447
2014-11-28,6.012373447418213
2014-12-01,5.939760208129883
2014-12-02,6.172121524810791
2014-12-03,6.128554821014404
2014-12-04,6.230213165283203
2014-12-05,6.230213165283203
2014-12-08,6.172121524810791
2014-12-09,6.128554821014404
2014-12-10,6.084987163543701
2014-12-11,6.04141902923584
2014-12-12,6.055941581726074
2014-12-15,5.983327865600586
2014-12-16,6.026895999908447
2014-12-17,6.026895999908447
2014-12-18,6.07046365737915
2014-12-19,6.084987163543701
2014-12-22,6.172121524810791
2014-12-23,6.259258270263672
2014-12-24,6.302826881408691
2014-12-25,6.273780345916748
2014-12-26,6.47709846496582
2014-12-29,6.578757286071777
2014-12-30,6.506143569946289
2014-12-31,6.506143569946289
2015-01-05,6.6223249435424805
2015-01-06,6.491621017456055
2015-01-07,6.506143569946289
2015-01-08,6.535189151763916
2015-01-09,6.506143569946289
2015-01-12,6.47709846496582
2015-01-13,6.462575435638428
2015-01-14,6.419007301330566
2015-01-15,6.419007301330566
2015-01-16,6.288303852081299
2015-01-19,6.259258270263672
2015-01-20,6.360916614532471
2015-01-21,6.506143569946289
2015-01-22,6.54971170425415
2015-01-23,6.491621017456055
2015-01-26,6.433530330657959
2015-01-27,6.462575435638428
2015-01-28,6.52066707611084
2015-01-29,6.47709846496582
2015-01-30,6.448053359985352
2015-02-02,6.360916614532471
2015-02-03,6.3754401206970215
2015-02-04,6.360916614532471
2015-02-05,6.331871509552002
2015-02-06,6.331871509552002
2015-02-09,6.302826881408691
2015-02-10,6.317348480224609
2015-02-11,6.288303852081299
2015-02-12,6.259258270263672
2015-02-13,6.259258270263672
2015-02-24,6.331871509552002
2015-02-25,6.288303852081299
2015-02-26,6.317348480224609
2015-03-02,6.317348480224609
2015-03-03,6.331871509552002
2015-03-04,6.302826881408691
2015-03-05,6.331871509552002
2015-03-06,6.317348480224609
2015-03-09,6.288303852081299
2015-03-10,6.273780345916748
2015-03-11,6.2156901359558105
2015-03-12,6.2156901359558105
2015-03-13,6.2447357177734375
2015-03-16,6.172121524810791
2015-03-17,6.157599925994873
2015-03-18,6.1430768966674805
2015-03-19,6.2447357177734375
2015-03-20,6.2447357177734375
2015-03-23,6.2156901359558105
2015-03-24,6.2447357177734375
2015-03-25,6.230213165283203
2015-03-26,6.157599925994873
2015-03-27,6.0995097160339355
2015-03-30,6.055941581726074
2015-03-31,6.084987163543701
2015-04-01,6.026895999908447
2015-04-02,6.04141902923584
2015-04-07,6.128554821014404
2015-04-08,6.055941581726074
2015-04-09,6.201168060302734
2015-04-10,6.084987163543701
2015-04-13,6.055941581726074
2015-04-14,6.07046365737915
2015-04-15,6.026895999908447
2015-04-16,6.07046365737915
2015-04-17,6.055941581726074
2015-04-20,5.63478422164917
2015-04-21,5.344332695007324
2015-04-22,5.155537128448486
2015-04-23,5.387900352478027
2015-04-24,5.373377799987793
2015-04-27,5.4024224281311035
2015-04-28,5.445991039276123
2015-04-29,5.547649383544922
2015-04-30,5.5331268310546875
2015-05-04,5.5621724128723145
2015-05-05,5.678352355957031
2015-05-06,5.736443519592285
2015-05-07,5.692875385284424
2015-05-08,5.591217517852783
2015-05-11,5.344332695007324
2015-05-12,5.4024224281311035
2015-05-13,5.445991039276123
2015-05-14,5.416944980621338
2015-05-15,5.373377799987793
2015-05-18,5.286241054534912
2015-05-19,5.300764083862305
2015-05-20,5.358855247497559
2015-05-21,5.358855247497559
2015-05-22,5.373377799987793
2015-05-25,5.373377799987793
2015-05-26,5.329809188842773
2015-05-27,5.286241054534912
2015-05-28,5.315287113189697
2015-05-29,5.257195949554443
2015-06-01,5.199105739593506
2015-06-02,5.547649383544922
2015-06-03,5.373377799987793
2015-06-04,5.315287113189697
2015-06-05,5.445991039276123
2015-06-08,5.518604278564453
2015-06-09,5.329809188842773
2015-06-10,5.518604278564453
2015-06-11,5.373377799987793
2015-06-12,5.460513591766357
2015-06-15,5.4024224281311035
2015-06-16,5.358855247497559
2015-06-17,5.315287113189697
2015-06-18,5.4314680099487305
2015-06-22,5.416944980621338
2015-06-23,5.4314680099487305
2015-06-24,5.4024224281311035
2015-06-25,5.591217517852783
2015-06-26,5.416944980621338
2015-06-29,5.271718978881836
2015-06-30,5.315287113189697
2015-07-01,5.286241054534912
2015-07-02,5.242672920227051
2015-07-03,5.228150844573975
2015-07-06,5.141014575958252
2015-07-07,5.155537128448486
2015-07-08,4.9086527824401855
2015-07-09,4.923175811767578
2015-07-10,4.923175811767578
2015-07-13,5.024834156036377
2015-07-14,5.010311603546143
2015-07-15,4.952221393585205
2015-07-16,4.952221393585205
2015-07-17,4.9376983642578125
2015-07-20,4.85056209564209
2015-07-21,4.85056209564209
2015-07-22,4.748903274536133
2015-07-23,4.690813064575195
2015-07-24,4.661767482757568
2015-07-27,4.2406110763549805
2015-07-28,4.502018451690674
2015-07-29,4.560109615325928
2015-07-30,4.545587062835693
2015-07-31,4.472973823547363
2015-08-03,4.356791973114014
2015-08-04,4.2115654945373535
2015-08-05,4.356791973114014
2015-08-06,4.226088523864746
2015-08-07,4.197042942047119
2015-08-10,4.269656658172607
2015-08-11,4.197042942047119
2015-08-12,4.124429702758789
2015-08-13,4.066339492797852
2015-08-14,4.008249282836914
2015-08-17,4.269656658172607
2015-08-18,4.298701763153076
2015-08-19,3.9501583576202393
2015-08-20,4.037294864654541
2015-08-21,4.066339492797852
2015-08-24,3.659705638885498
2015-08-25,3.6742279529571533
2015-08-26,3.8920681476593018
2015-08-27,3.8775460720062256
2015-08-28,4.255133152008057
2015-08-31,3.8484997749328613
2015-09-01,3.8630220890045166
2015-09-02,3.8194546699523926
2015-09-03,3.8194522857666016
2015-09-04,3.8194522857666016
2015-09-07,3.8194522857666016
2015-09-08,3.8194522857666016
2015-09-09,3.8194522857666016
2015-09-10,3.8194522857666016
2015-09-11,3.8194522857666016
2015-09-14,3.8194522857666016
2015-09-15,3.8194522857666016
2015-09-16,3.8194522857666016
2015-09-17,3.983445167541504
2015-09-18,4.379390716552734
2015-09-21,4.727342128753662
2015-09-22,4.799332141876221
2015-09-23,4.727342128753662
2015-09-24,4.6553521156311035
2015-09-25,4.787333965301514
2015-09-29,4.787333965301514
2015-09-30,4.727342128753662
2015-10-01,4.763337135314941
2015-10-02,4.703345775604248
2015-10-05,4.691346645355225
2015-10-06,4.619357109069824
2015-10-07,4.59536075592041
2015-10-08,4.59536075592041
2015-10-12,4.619357109069824
2015-10-13,4.607358455657959
2015-10-14,4.619357109069824
2015-10-15,4.619357109069824
2015-10-16,4.631355285644531
2015-10-19,4.59536075592041
2015-10-20,4.583362102508545
2015-10-21,4.643354415893555
2015-10-22,4.607358455657959
2015-10-23,4.619357109069824
2015-10-26,4.763337135314941
2015-10-27,4.751338958740234
2015-10-28,4.691346645355225
2015-10-29,4.667350769042969
2015-10-30,4.691346645355225
2015-11-02,4.679348945617676
2015-11-03,4.691346645355225
2015-11-04,4.691346645355225
2015-11-05,4.703345775604248
2015-11-06,4.667350769042969
2015-11-09,4.475377082824707
2015-11-10,4.511372089385986
2015-11-11,4.33139705657959
2015-11-12,4.33139705657959
2015-11-13,4.2834038734436035
2015-11-16,4.295402526855469
2015-11-17,4.355393409729004
2015-11-18,4.211413860321045
2015-11-19,4.187417984008789
2015-11-20,4.259406566619873
2015-11-23,4.259406566619873
2015-11-24,4.151422500610352
2015-11-25,4.031438827514648
2015-11-26,4.043437480926514
2015-11-27,4.127425193786621
2015-11-30,3.983445167541504
2015-12-01,4.0194411277771
2015-12-02,4.079432487487793
2015-12-03,4.007441997528076
2015-12-04,3.983445167541504
2015-12-07,3.9954440593719482
2015-12-08,3.8874588012695312
2015-12-09,3.7794737815856934
2015-12-10,3.719482421875
2015-12-11,3.8274669647216797
2015-12-14,3.8994579315185547
2015-12-15,3.935452938079834
2015-12-16,4.007441997528076
2015-12-17,4.031438827514648
2015-12-18,4.043437480926514
2015-12-21,4.103428363800049
2015-12-22,4.127425193786621
2015-12-23,4.115427494049072
2015-12-24,4.0914306640625
2015-12-25,4.115427494049072
2015-12-28,4.079432487487793
2015-12-29,4.067434310913086
2015-12-30,4.115427494049072
2015-12-31,4.151422500610352
2016-01-04,4.043437480926514
2016-01-05,4.079432487487793
2016-01-06,4.103428363800049
2016-01-07,4.0194411277771
2016-01-08,3.983445167541504
2016-01-11,3.8994579315185547
2016-01-12,3.815469741821289
2016-01-13,3.839466094970703
2016-01-14,3.743479013442993
2016-01-15,3.6954855918884277
2016-01-18,3.7794737815856934
2016-01-19,3.7794737815856934
2016-01-20,3.6714890003204346
2016-01-21,3.719482421875
2016-01-22,3.815469741821289
2016-01-25,3.863462209701538
2016-01-26,3.851463794708252
2016-01-27,3.8874588012695312
2016-01-28,3.8874588012695312
2016-01-29,3.8874588012695312
2016-02-01,3.9594485759735107
2016-02-02,3.983445167541504
2016-02-03,3.9114558696746826
2016-02-15,3.9594485759735107
2016-02-16,4.175418853759766
2016-02-17,4.175418853759766
2016-02-18,4.175418853759766
2016-02-19,4.187417984008789
2016-02-22,4.223411560058594
2016-02-23,4.33139705657959
2016-02-24,4.259406566619873
2016-02-25,4.2834038734436035
2016-02-26,4.33139705657959
2016-03-01,4.2834038734436035
2016-03-02,4.319399356842041
2016-03-03,4.33139705657959
2016-03-04,4.391388893127441
2016-03-07,4.379390716552734
2016-03-08,4.355393409729004
2016-03-09,4.307400226593018
2016-03-10,4.319399356842041
2016-03-11,4.355393409729004
2016-03-14,4.33139705657959
2016-03-15,4.247408866882324
2016-03-16,4.2834038734436035
2016-03-17,4.223411560058594
2016-03-18,4.319399356842041
2016-03-21,4.295402526855469
2016-03-22,4.343395709991455
2016-03-23,4.343395709991455
2016-03-24,4.343395709991455
2016-03-25,4.319399356842041
2016-03-28,4.2714056968688965
2016-03-29,4.187417984008789
2016-03-30,4.211413860321045
2016-03-31,4.175418853759766
2016-04-01,4.151422500610352
2016-04-06,4.187417984008789
2016-04-07,4.235410213470459
2016-04-08,4.235410213470459
2016-04-11,4.163421154022217
2016-04-12,4.0914306640625
2016-04-13,4.175418853759766
2016-04-14,4.211413860321045
2016-04-15,4.247408866882324
2016-04-18,4.259406566619873
2016-04-19,4.295402526855469
2016-04-20,4.235410213470459
2016-04-21,4.199415683746338
2016-04-22,4.163421154022217
2016-04-25,4.103428363800049
2016-04-26,4.115427494049072
2016-04-27,4.0914306640625
2016-04-28,4.079432487487793
2016-04-29,3.935452938079834
2016-05-03,3.8994579315185547
2016-05-04,3.851463794708252
2016-05-05,3.7554774284362793
2016-05-06,3.7074837684631348
2016-05-09,3.7074837684631348
2016-05-10,3.7074837684631348
2016-05-11,3.6954855918884277
2016-05-12,3.62349534034729
2016-05-13,3.7074837684631348
2016-05-16,3.8994579315185547
2016-05-17,3.983445167541504
2016-05-18,3.9954440593719482
2016-05-19,4.067434310913086
2016-05-20,4.139423847198486
2016-05-23,4.175418853759766
2016-05-24,4.187417984008789
2016-05-25,4.175418853759766
2016-05-26,4.151422500610352
2016-05-27,4.151422500610352
2016-05-30,4.127425193786621
2016-05-31,4.127425193786621
2016-06-01,4.535368919372559
2016-06-02,4.583362102508545
2016-06-03,4.499373912811279
2016-06-06,4.559365272521973
2016-06-07,4.547367572784424
2016-06-08,4.59536075592041
2016-06-13,4.523370742797852
2016-06-14,4.46337890625
2016-06-15,4.487375259399414
2016-06-16,4.451381206512451
2016-06-17,4.511372089385986
2016-06-20,4.523370742797852
2016-06-21,4.571364402770996
2016-06-22,4.559365272521973
2016-06-23,4.571364402770996
2016-06-24,4.403387069702148
2016-06-27,4.46337890625
2016-06-28,4.475377082824707
2016-06-29,4.475377082824707
2016-06-30,4.511372089385986
2016-07-01,4.535368919372559
2016-07-04,4.511372089385986
2016-07-05,4.523370742797852
2016-07-06,4.46337890625
2016-07-07,4.487375259399414
2016-07-08,4.487375259399414
2016-07-11,4.499373912811279
2016-07-12,4.475377082824707
2016-07-13,4.535368919372559
2016-07-14,4.59536075592041
2016-07-15,4.559365272521973
2016-07-18,4.559365272521973
2016-07-19,4.619357109069824
2016-07-20,4.607358455657959
2016-07-21,4.679348945617676
2016-07-22,4.631355285644531
2016-07-25,4.6553521156311035
2016-07-26,4.763337135314941
2016-07-27,4.823328971862793
2016-07-28,4.691346645355225
2016-07-29,4.703345775604248
2016-08-01,4.811330318450928
2016-08-02,4.799332141876221
2016-08-03,4.763337135314941
2016-08-04,4.739339828491211
2016-08-05,4.77533483505249
2016-08-08,4.739339828491211
2016-08-09,4.703345775604248
2016-08-10,4.667350769042969
2016-08-11,4.511372089385986
2016-08-12,4.511372089385986
2016-08-15,4.499373912811279
2016-08-16,4.511372089385986
2016-08-17,4.547367572784424
2016-08-18,4.511372089385986
2016-08-19,4.451381206512451
2016-08-22,4.403387069702148
2016-08-23,4.391388893127441
2016-08-24,4.451381206512451
2016-08-25,4.439382076263428
2016-08-26,4.439382076263428
2016-08-29,4.523370742797852
2016-08-30,4.499373912811279
2016-08-31,4.619357109069824
2016-09-01,4.607358455657959
2016-09-02,4.511372089385986
2016-09-05,4.583362102508545
2016-09-06,4.691346645355225
2016-09-07,4.751338958740234
2016-09-08,4.691346645355225
2016-09-09,4.727342128753662
2016-09-12,4.583362102508545
2016-09-13,4.547367572784424
2016-09-14,4.535368919372559
2016-09-19,4.571364402770996
2016-09-20,4.583362102508545
2016-09-21,4.607358455657959
2016-09-22,4.679348945617676
2016-09-23,4.715343475341797
2016-09-26,4.703345775604248
2016-09-27,4.703345775604248
2016-09-28,4.703345775604248
2016-09-29,4.787333965301514
2016-09-30,4.751338958740234
2016-10-03,4.679348945617676
2016-10-04,4.6553521156311035
2016-10-05,4.667350769042969
2016-10-06,4.6553521156311035
2016-10-07,4.631355285644531
2016-10-11,4.59536075592041
2016-10-12,4.511372089385986
2016-10-13,4.547367572784424
2016-10-14,4.46337890625
2016-10-17,4.46337890625
2016-10-18,4.427383899688721
2016-10-19,4.475377082824707
2016-10-20,4.511372089385986
2016-10-21,4.499373912811279
2016-10-24,4.487375259399414
2016-10-25,4.475377082824707
2016-10-26,4.511372089385986
2016-10-27,4.475377082824707
2016-10-28,4.499373912811279
2016-10-31,4.46337890625
2016-11-01,4.439382076263428
2016-11-02,4.367392539978027
2016-11-03,4.33139705657959
2016-11-04,4.33139705657959
2016-11-07,4.33139705657959
2016-11-08,4.355393409729004
2016-11-09,4.175418853759766
2016-11-10,4.259406566619873
2016-11-11,4.151422500610352
2016-11-14,4.103428363800049
2016-11-15,4.103428363800049
2016-11-16,4.307400226593018
2016-11-17,4.259406566619873
2016-11-18,4.295402526855469
2016-11-21,4.403387069702148
2016-11-22,4.343395709991455
2016-11-23,4.259406566619873
2016-11-24,4.223411560058594
2016-11-25,4.199415683746338
2016-11-28,4.235410213470459
2016-11-29,4.259406566619873
2016-11-30,4.223411560058594
2016-12-01,4.211413860321045
2016-12-02,4.247408866882324
2016-12-05,4.211413860321045
2016-12-06,4.211413860321045
2016-12-07,4.223411560058594
2016-12-08,4.2834038734436035
2016-12-09,4.259406566619873
2016-12-12,4.223411560058594
2016-12-13,4.259406566619873
2016-12-14,4.2834038734436035
2016-12-15,4.2714056968688965
2016-12-16,4.2834038734436035
2016-12-19,4.211413860321045
2016-12-20,4.235410213470459
2016-12-21,4.223411560058594
2016-12-22,4.127425193786621
2016-12-23,4.127425193786621
2016-12-26,4.127425193786621
2016-12-27,4.139423847198486
2016-12-28,4.163421154022217
2016-12-29,4.139423847198486
2016-12-30,4.187417984008789
2017-01-03,4.211413860321045
2017-01-04,4.211413860321045
2017-01-05,4.259406566619873
2017-01-06,4.2714056968688965
2017-01-09,4.211413860321045
2017-01-10,4.211413860321045
2017-01-11,4.151422500610352
2017-01-12,4.175418853759766
2017-01-13,4.151422500610352
2017-01-16,4.139423847198486
2017-01-17,4.163421154022217
2017-01-18,4.175418853759766
2017-01-19,4.175418853759766
2017-01-20,4.199415683746338
2017-01-23,4.223411560058594
2017-01-24,4.259406566619873
2017-02-02,4.439382076263428
2017-02-03,4.715343475341797
2017-02-06,4.619357109069824
2017-02-07,4.691346645355225
2017-02-08,5.1592817306518555
2017-02-09,5.123287677764893
2017-02-10,5.063295364379883
2017-02-13,5.087292671203613
2017-02-14,4.8713226318359375
2017-02-15,4.955310344696045
2017-02-16,4.919315338134766
2017-02-17,4.919315338134766
2017-02-20,4.823328971862793
2017-02-21,4.847326278686523
2017-02-22,4.955310344696045
2017-02-23,4.979307651519775
2017-02-24,4.967308521270752
2017-03-01,4.8713226318359375
2017-03-02,4.907317161560059
2017-03-03,4.883320331573486
2017-03-06,4.895318984985352
2017-03-07,4.94331169128418
2017-03-08,4.919315338134766
2017-03-09,4.8353271484375
2017-03-10,4.77533483505249
2017-03-13,4.751338958740234
2017-03-14,4.77533483505249
2017-03-15,4.77533483505249
2017-03-16,4.787333965301514
2017-03-17,4.931313991546631
2017-03-20,4.859323501586914
2017-03-21,4.8713226318359375
2017-03-22,4.823328971862793
2017-03-23,4.859323501586914
2017-03-24,4.811330318450928
2017-03-27,4.763337135314941
2017-03-28,4.751338958740234
2017-03-29,4.77533483505249
2017-03-30,4.751338958740234
2017-03-31,4.751338958740234
2017-04-05,4.763337135314941
2017-04-06,4.727342128753662
2017-04-07,4.763337135314941
2017-04-10,4.751338958740234
2017-04-11,4.6553521156311035
2017-04-12,4.6553521156311035
2017-04-13,4.6553521156311035
2017-04-14,4.511372089385986
2017-04-17,4.46337890625
2017-04-18,4.499373912811279
2017-04-19,4.427383899688721
2017-04-20,4.415386199951172
2017-04-21,4.439382076263428
2017-04-24,4.439382076263428
2017-04-25,4.46337890625
2017-04-26,4.499373912811279
2017-04-27,4.499373912811279
2017-04-28,4.523370742797852
2017-05-02,4.535368919372559
2017-05-03,4.487375259399414
2017-05-04,4.499373912811279
2017-05-05,4.451381206512451
2017-05-08,4.499373912811279
2017-05-09,4.427383899688721
2017-05-10,4.451381206512451
2017-05-11,4.523370742797852
2017-05-12,4.487375259399414
2017-05-15,4.451381206512451
2017-05-16,4.415386199951172
2017-05-17,4.475377082824707
2017-05-18,4.487375259399414
2017-05-19,4.475377082824707
2017-05-22,4.487375259399414
2017-05-23,4.46337890625
2017-05-24,4.523370742797852
2017-05-25,4.487375259399414
2017-05-26,4.499373912811279
2017-05-31,4.583362102508545
2017-06-01,5.039298057556152
2017-06-02,4.991305351257324
2017-06-05,4.907317161560059
2017-06-06,4.967308521270752
2017-06-07,4.895318984985352
2017-06-08,4.859323501586914
2017-06-09,4.751338958740234
2017-06-12,4.739339828491211
2017-06-13,4.739339828491211
2017-06-14,4.643354415893555
2017-06-15,4.631355285644531
2017-06-16,4.703345775604248
2017-06-19,4.691346645355225
2017-06-20,4.679348945617676
2017-06-21,4.77533483505249
2017-06-22,4.763337135314941
2017-06-23,4.739339828491211
2017-06-26,4.727342128753662
2017-06-27,4.763337135314941
2017-06-28,4.763337135314941
2017-06-29,4.763337135314941
2017-06-30,4.787333965301514
2017-07-03,4.799332141876221
2017-07-04,4.77533483505249
2017-07-05,4.907317161560059
2017-07-06,4.8353271484375
2017-07-07,4.799332141876221
2017-07-10,4.751338958740234
2017-07-11,4.739339828491211
2017-07-12,4.787333965301514
2017-07-13,4.799332141876221
2017-07-14,4.811330318450928
2017-07-17,4.763337135314941
2017-07-18,4.77533483505249
2017-07-19,4.715343475341797
2017-07-20,4.715343475341797
2017-07-21,4.739339828491211
2017-07-24,4.703345775604248
2017-07-25,4.679348945617676
2017-07-26,4.6553521156311035
2017-07-27,4.679348945617676
2017-07-28,4.667350769042969
2017-07-31,4.6553521156311035
2017-08-01,4.703345775604248
2017-08-02,4.679348945617676
2017-08-03,4.6553521156311035
2017-08-04,4.6553521156311035
2017-08-07,4.643354415893555
2017-08-08,4.631355285644531
2017-08-09,4.619357109069824
2017-08-10,4.499373912811279
2017-08-11,4.487375259399414
2017-08-14,4.487375259399414
2017-08-15,4.583362102508545
2017-08-16,4.631355285644531
2017-08-17,4.715343475341797
2017-08-18,4.799332141876221
2017-08-21,4.751338958740234
2017-08-22,4.799332141876221
2017-08-23,4.799332141876221
2017-08-24,4.799332141876221
2017-08-25,4.763337135314941
2017-08-28,4.763337135314941
2017-08-29,4.799332141876221
2017-08-30,4.799332141876221
2017-08-31,4.799332141876221
2017-09-01,4.8353271484375
2017-09-04,4.847326278686523
2017-09-05,4.967308521270752
2017-09-06,4.895318984985352
2017-09-07,4.931313991546631
2017-09-08,5.015301704406738
2017-09-11,5.5072340965271
2017-09-12,5.5792236328125
2017-09-13,5.483237266540527
2017-09-14,5.567225456237793
2017-09-15,5.531230926513672
2017-09-18,5.339256763458252
2017-09-19,5.3752522468566895
2017-09-20,5.339256763458252
2017-09-21,5.315260410308838
2017-09-22,5.195276737213135
2017-09-25,5.219273090362549
2017-09-26,5.147284030914307
2017-09-27,5.195276737213135
2017-09-28,5.1592817306518555
2017-09-29,5.063295364379883
2017-10-02,5.183278560638428
2017-10-03,5.2312726974487305
2017-10-05,5.339256763458252
2017-10-06,5.291263103485107
2017-10-11,5.315260410308838
2017-10-12,5.44724178314209
2017-10-13,5.3872504234313965
2017-10-16,5.459240436553955
2017-10-17,5.3752522468566895
2017-10-18,5.3872504234313965
2017-10-19,5.3752522468566895
2017-10-20,5.303262233734131
2017-10-23,5.303262233734131
2017-10-24,5.471238136291504
2017-10-25,5.555226802825928
2017-10-26,5.495234966278076
2017-10-27,5.423245906829834
2017-10-30,5.327258586883545
2017-10-31,5.363254070281982
2017-11-01,5.339256763458252
2017-11-02,5.339256763458252
2017-11-03,5.327258586883545
2017-11-06,5.279265403747559
2017-11-07,5.243269920349121
2017-11-08,5.327258586883545
2017-11-09,5.219273090362549
2017-11-10,5.303262233734131
2017-11-13,5.303262233734131
2017-11-14,5.219273090362549
2017-11-15,5.135285377502441
2017-11-16,5.09929084777832
2017-11-17,5.051297664642334
2017-11-20,4.967308521270752
2017-11-21,5.0033040046691895
2017-11-22,5.0273003578186035
2017-11-23,4.979307651519775
2017-11-24,4.955310344696045
2017-11-27,4.895318984985352
2017-11-28,4.94331169128418
2017-11-29,4.991305351257324
2017-11-30,5.015301704406738
2017-12-01,4.979307651519775
2017-12-04,4.955310344696045
2017-12-05,4.94331169128418
2017-12-06,4.919315338134766
2017-12-07,5.051297664642334
2017-12-08,5.051297664642334
2017-12-11,5.087292671203613
2017-12-12,5.07529354095459
2017-12-13,5.09929084777832
2017-12-14,5.063295364379883
2017-12-15,5.015301704406738
2017-12-18,5.039298057556152
2017-12-19,5.039298057556152
2017-12-20,5.135285377502441
2017-12-21,5.171280860900879
2017-12-22,5.1592817306518555
2017-12-25,5.087292671203613
2017-12-26,5.039298057556152
2017-12-27,5.063295364379883
2017-12-28,5.087292671203613
2017-12-29,5.09929084777832
2018-01-02,5.1592817306518555
2018-01-03,5.195276737213135
2018-01-04,5.303262233734131
2018-01-05,5.243269920349121
2018-01-08,5.195276737213135
2018-01-09,5.147284030914307
2018-01-10,5.09929084777832
2018-01-11,5.123287677764893
2018-01-12,5.195276737213135
2018-01-15,5.171280860900879
2018-01-16,5.183278560638428
2018-01-17,5.327258586883545
2018-01-18,5.219273090362549
2018-01-19,5.1592817306518555
2018-01-22,5.279265403747559
2018-01-23,5.783195972442627
2018-01-24,6.359114646911621
2018-01-25,5.9271745681762695
2018-01-26,6.1191487312316895
2018-01-29,6.071155071258545
2018-01-30,5.795193672180176
2018-01-31,5.831188678741455
2018-02-01,5.759199142456055
2018-02-02,5.723203659057617
2018-02-05,5.495234966278076
2018-02-06,5.087292671203613
2018-02-07,5.147284030914307
2018-02-08,5.111288547515869
2018-02-09,5.039298057556152
2018-02-12,5.147284030914307
2018-02-21,5.4112467765808105
2018-02-22,5.351255893707275
2018-02-23,5.399249076843262
2018-02-26,5.363254070281982
2018-02-27,5.351255893707275
2018-03-01,5.339256763458252
2018-03-02,5.315260410308838
2018-03-05,5.327258586883545
2018-03-06,5.495234966278076
2018-03-07,5.471238136291504
2018-03-08,5.471238136291504
2018-03-09,5.5792236328125
2018-03-12,5.531230926513672
2018-03-13,5.483237266540527
2018-03-14,5.531230926513672
2018-03-15,5.6032209396362305
2018-03-16,5.555226802825928
2018-03-19,5.531230926513672
2018-03-20,5.519231796264648
2018-03-21,5.675210952758789
2018-03-22,5.6272172927856445
2018-03-23,5.471238136291504
2018-03-26,5.483237266540527
2018-03-27,5.483237266540527
2018-03-28,5.531230926513672
2018-03-29,5.483237266540527
2018-03-30,5.495234966278076
2018-04-02,5.363254070281982
2018-04-03,5.3752522468566895
2018-04-09,5.5072340965271
2018-04-10,5.699206829071045
2018-04-11,6.263128757476807
2018-04-12,6.887042045593262
2018-04-13,7.498956680297852
2018-04-16,8.242853164672852
2018-04-17,7.666932582855225
2018-04-18,7.930896759033203
2018-04-19,7.570947170257568
2018-04-20,7.486958026885986
2018-04-23,7.055017948150635
2018-04-24,7.0910139083862305
2018-04-25,7.306983470916748
2018-04-26,6.887042045593262
2018-04-27,7.079015254974365
2018-04-30,7.2589898109436035
2018-05-02,7.175000190734863
2018-05-03,7.882902145385742
2018-05-04,7.486958026885986
2018-05-07,7.3429789543151855
2018-05-08,7.522953510284424
2018-05-09,7.522953510284424
2018-05-10,7.690929889678955
2018-05-11,8.458824157714844
2018-05-14,9.2987060546875
2018-05-15,10.222578048706055
2018-05-16,9.454684257507324
2018-05-17,9.982611656188965
2018-05-18,9.55066967010498
2018-05-21,10.498539924621582
2018-05-22,10.990470886230469
2018-05-23,10.750504493713379
2018-05-24,10.67851448059082
2018-05-25,10.246575355529785
2018-05-28,11.254434585571289
2018-05-29,10.91848087310791
2018-05-30,11.182443618774414
2018-05-31,11.998331069946289
2018-06-01,11.818355560302734
2018-06-04,12.958197593688965
2018-06-05,14.21802043914795
2018-06-06,15.597832679748535
2018-06-07,15.717815399169922
2018-06-08,14.997913360595703
2018-06-11,16.0777645111084
2018-06-12,15.117897033691406
2018-06-13,13.618104934692383
2018-06-14,13.318147659301758
2018-06-15,13.678096771240234
2018-06-19,13.798080444335938
2018-06-20,12.838214874267578
2018-06-21,13.078180313110352
2018-06-22,11.90234375
2018-06-25,10.714508056640625
2018-06-26,10.906482696533203
2018-06-27,10.558530807495117
2018-06-28,10.67851448059082
2018-06-29,10.798498153686523
2018-07-02,10.19858169555664
2018-07-03,10.138588905334473
2018-07-04,10.342561721801758
2018-07-05,9.838630676269531
2018-07-06,9.646657943725586
2018-07-09,9.610663414001465
2018-07-10,10.366558074951172
2018-07-11,9.994609832763672
2018-07-12,9.970612525939941
2018-07-13,10.210579872131348
2018-07-16,10.06659984588623
2018-07-17,9.850630760192871
2018-07-18,9.670654296875
2018-07-19,9.742645263671875
2018-07-20,9.142728805541992
2018-07-23,9.418689727783203
2018-07-24,10.162585258483887
2018-07-25,9.766640663146973
2018-07-26,9.682653427124023
2018-07-27,9.742645263671875
2018-07-30,9.56266975402832
2018-07-31,9.55066967010498
2018-08-01,9.706648826599121
2018-08-02,9.406691551208496
2018-08-03,9.43068790435791
2018-08-06,9.346700668334961
2018-08-07,9.226716041564941
2018-08-08,9.214717864990234
2018-08-09,9.130729675292969
2018-08-10,8.68679141998291
2018-08-13,8.278847694396973
2018-08-14,8.374835968017578
2018-08-15,8.494817733764648
2018-08-16,8.986750602722168
2018-08-17,8.890762329101562
2018-08-20,8.662795066833496
2018-08-21,8.602802276611328
2018-08-22,8.746784210205078
2018-08-23,8.578807830810547
2018-08-24,8.530813217163086
2018-08-27,8.650795936584473
2018-08-28,8.650795936584473
2018-08-29,8.734785079956055
2018-08-30,8.674793243408203
2018-08-31,8.722785949707031
2018-09-03,8.398831367492676
2018-09-04,8.602802276611328
2018-09-05,8.590805053710938
2018-09-06,8.42282772064209
2018-09-07,8.074877738952637
2018-09-10,7.678932189941406
2018-09-11,8.134868621826172
2018-09-12,7.8589067459106445
2018-09-13,7.8589067459106445
2018-09-14,8.170862197875977
2018-09-17,7.978890895843506
2018-09-18,7.558948516845703
2018-09-19,7.606940746307373
2018-09-20,7.462961673736572
2018-09-21,8.206857681274414
2018-09-25,8.350838661193848
2018-09-26,8.30284595489502
2018-09-27,8.170862197875977
2018-09-28,8.182861328125
2018-10-01,8.230854988098145
2018-10-02,8.158864974975586
2018-10-03,7.918898105621338
2018-10-04,7.810912609100342
2018-10-05,7.462961673736572
2018-10-08,7.3669753074646
2018-10-09,7.318982124328613
2018-10-11,6.5870842933654785
2018-10-12,6.839048385620117
2018-10-15,6.791055679321289
2018-10-16,6.923037528991699
2018-10-17,7.00702428817749
2018-10-18,7.00702428817749
2018-10-19,6.923037528991699
2018-10-22,6.947033405303955
2018-10-23,6.767058849334717
2018-10-24,6.839048385620117
2018-10-25,6.467100620269775
2018-10-26,6.107150554656982
2018-10-29,6.227132797241211
2018-10-30,6.287125110626221
2018-10-31,6.611079692840576
2018-11-01,6.887042045593262
2018-11-02,6.851047515869141
2018-11-05,6.755059719085693
2018-11-06,6.911039352416992
2018-11-07,6.9710307121276855
2018-11-08,6.995026111602783
2018-11-09,6.911039352416992
2018-11-12,6.827049732208252
2018-11-13,6.767058849334717
2018-11-14,7.43896484375
2018-11-15,8.182861328125
2018-11-16,8.278847694396973
2018-11-19,8.350838661193848
2018-11-20,8.254851341247559
2018-11-21,8.362835884094238
2018-11-22,8.098873138427734
2018-11-23,8.014884948730469
2018-11-26,8.110872268676758
2018-11-27,8.194860458374023
2018-11-28,8.4108304977417
2018-11-29,8.602802276611328
2018-11-30,8.338839530944824
2018-12-03,8.494817733764648
2018-12-04,8.494817733764648
2018-12-05,8.350838661193848
2018-12-06,8.0388822555542
2018-12-07,8.278847694396973
2018-12-10,8.086874961853027
2018-12-11,8.122869491577148
2018-12-12,8.30284595489502
2018-12-13,8.254851341247559
2018-12-14,8.134868621826172
2018-12-17,8.206857681274414
2018-12-18,8.074877738952637
2018-12-19,8.194860458374023
2018-12-20,8.0388822555542
2018-12-21,8.098873138427734
2018-12-24,7.9908881187438965
2018-12-25,7.618940353393555
2018-12-26,7.918898105621338
2018-12-27,7.9908881187438965
2018-12-28,8.0388822555542
2019-01-02,8.110872268676758
2019-01-03,8.242853164672852
2019-01-04,8.278847694396973
2019-01-07,8.326842308044434
2019-01-08,8.29084587097168
2019-01-09,8.338839530944824
2019-01-10,8.374835968017578
2019-01-11,8.31484317779541
2019-01-14,8.182861328125
2019-01-15,8.30284595489502
2019-01-16,8.326842308044434
2019-01-17,8.326842308044434
2019-01-18,8.602802276611328
2019-01-21,8.626800537109375
2019-01-22,8.446823120117188
2019-01-23,8.458824157714844
2019-01-24,8.42282772064209
2019-01-25,8.386833190917969
2019-01-28,8.350838661193848
2019-01-29,8.242853164672852
2019-01-30,8.194860458374023
2019-02-11,8.134868621826172
2019-02-12,8.266849517822266
2019-02-13,8.206857681274414
2019-02-14,8.170862197875977
2019-02-15,7.9908881187438965
2019-02-18,7.9908881187438965
2019-02-19,8.122869491577148
2019-02-20,8.062877655029297
2019-02-21,8.050880432128906
2019-02-22,7.9908881187438965
2019-02-25,8.278847694396973
2019-02-26,8.134868621826172
2019-02-27,8.050880432128906
2019-03-04,8.050880432128906
2019-03-05,8.026883125305176
2019-03-06,8.014884948730469
2019-03-07,7.930896759033203
2019-03-08,7.882902145385742
2019-03-11,7.882902145385742
2019-03-12,7.9908881187438965
2019-03-13,7.978890895843506
2019-03-14,8.458824157714844
2019-03-15,8.31484317779541
2019-03-18,8.31484317779541
2019-03-19,8.218856811523438
2019-03-20,8.218856811523438
2019-03-21,8.194860458374023
2019-03-22,8.170862197875977
2019-03-25,8.014884948730469
2019-03-26,8.146866798400879
2019-03-27,8.42282772064209
2019-03-28,8.530813217163086
2019-03-29,8.446823120117188
2019-04-01,8.398831367492676
2019-04-02,8.374835968017578
2019-04-03,8.4108304977417
2019-04-08,8.470821380615234
2019-04-09,8.482819557189941
2019-04-10,8.674793243408203
2019-04-11,8.590805053710938
2019-04-12,8.842769622802734
2019-04-15,8.866766929626465
2019-04-16,8.758781433105469
2019-04-17,9.634658813476562
2019-04-18,9.238714218139648
2019-04-19,9.730646133422852
2019-04-22,8.950754165649414
2019-04-23,8.890762329101562
2019-04-24,8.746784210205078
2019-04-25,8.68679141998291
2019-04-26,8.518814086914062
2019-04-29,8.386833190917969
2019-04-30,8.446823120117188
2019-05-02,8.446823120117188
2019-05-03,8.386833190917969
2019-05-06,8.110872268676758
2019-05-07,8.242853164672852
2019-05-08,8.146866798400879
2019-05-09,7.834909915924072
2019-05-10,8.30284595489502
2019-05-13,7.9908881187438965
2019-05-14,7.954894065856934
2019-05-15,8.026883125305176
2019-05-16,7.954894065856934
2019-05-17,7.822911739349365
2019-05-20,7.498956680297852
2019-05-21,7.690929889678955
2019-05-22,7.70292854309082
2019-05-23,7.570947170257568
2019-05-24,7.582944869995117
2019-05-27,7.594944000244141
2019-05-28,7.594944000244141
2019-05-29,8.350838661193848
2019-05-30,8.230854988098145
2019-05-31,8.30284595489502
2019-06-03,8.230854988098145
2019-06-04,8.326842308044434
2019-06-05,8.206857681274414
2019-06-06,8.230854988098145
2019-06-10,8.242853164672852
2019-06-11,8.350838661193848
2019-06-12,8.4108304977417
2019-06-13,8.42282772064209
2019-06-14,8.4108304977417
2019-06-17,8.470821380615234
2019-06-18,8.434826850891113
2019-06-19,8.482819557189941
2019-06-20,8.614801406860352
2019-06-21,8.470821380615234
2019-06-24,8.458824157714844
2019-06-25,8.31484317779541
2019-06-26,8.30284595489502
2019-06-27,8.326842308044434
2019-06-28,8.242853164672852
2019-07-01,8.338839530944824
2019-07-02,8.398831367492676
2019-07-03,8.398831367492676
2019-07-04,8.434826850891113
2019-07-05,8.42282772064209
2019-07-08,8.446823120117188
2019-07-09,8.434826850891113
2019-07-10,8.494817733764648
2019-07-11,8.362835884094238
2019-07-12,8.338839530944824
2019-07-15,8.30284595489502
2019-07-16,8.338839530944824
2019-07-17,8.326842308044434
2019-07-18,8.254851341247559
2019-07-19,8.218856811523438
2019-07-22,8.446823120117188
2019-07-23,8.446823120117188
2019-07-24,8.494817733764648
2019-07-25,8.5548095703125
2019-07-26,8.518814086914062
2019-07-29,8.434826850891113
2019-07-30,8.266849517822266
2019-07-31,8.230854988098145
2019-08-01,8.098873138427734
2019-08-02,7.954894065856934
2019-08-05,7.8589067459106445
2019-08-06,7.954894065856934
2019-08-07,7.810912609100342
2019-08-08,8.026883125305176
2019-08-12,8.002885818481445
2019-08-13,8.0388822555542
2019-08-14,8.194860458374023
2019-08-15,8.518814086914062
2019-08-16,8.518814086914062
2019-08-19,9.262711524963379
2019-08-20,9.08273696899414
2019-08-21,9.262711524963379
2019-08-22,9.118730545043945
2019-08-23,9.226716041564941
2019-08-26,8.950754165649414
2019-08-27,9.05873966217041
2019-08-28,9.094735145568848
2019-08-29,9.43068790435791
2019-08-30,9.442686080932617
2019-09-02,9.874626159667969
2019-09-03,10.570530891418457
2019-09-04,11.626382827758789
2019-09-05,11.66237735748291
2019-09-06,11.998331069946289
2019-09-10,11.062461853027344
2019-09-11,10.70251178741455
2019-09-12,10.750504493713379
2019-09-16,10.06659984588623
2019-09-17,10.078597068786621
2019-09-18,9.95861530303955
2019-09-19,9.95861530303955
2019-09-20,9.95861530303955
2019-09-23,9.95861530303955
2019-09-24,9.95861530303955
2019-09-25,9.95861530303955
2019-09-26,9.95861530303955
2019-09-27,9.95861530303955
2019-10-01,9.062910079956055
2019-10-02,9.38514518737793
2019-10-03,9.304587364196777
2019-10-04,9.344865798950195
2019-10-07,9.224027633666992
2019-10-08,9.264307022094727
2019-10-09,9.062910079956055
2019-10-14,8.901790618896484
2019-10-15,8.780951499938965
2019-10-16,8.942070007324219
2019-10-17,8.901790618896484
2019-10-18,9.062910079956055
2019-10-21,9.94905948638916
2019-10-22,9.42542552947998
2019-10-23,9.304587364196777
2019-10-24,9.264307022094727
2019-10-25,9.304587364196777
2019-10-28,9.465705871582031
2019-10-29,9.183747291564941
2019-10-30,9.183747291564941
2019-10-31,9.183747291564941
2019-11-01,9.062910079956055
2019-11-04,8.861513137817383
2019-11-05,8.942070007324219
2019-11-06,8.821231842041016
2019-11-07,8.740673065185547
2019-11-08,8.700392723083496
2019-11-11,8.29759693145752
2019-11-12,8.498993873596191
2019-11-13,8.458714485168457
2019-11-14,8.29759693145752
2019-11-15,7.975359916687012
2019-11-18,8.007583618164062
2019-11-19,8.031750679016113
2019-11-20,8.047863006591797
2019-11-21,7.886745452880859
2019-11-22,7.894800662994385
2019-11-25,8.257317543029785
2019-11-26,8.136478424072266
2019-11-27,8.136478424072266
2019-11-28,8.096199035644531
2019-11-29,8.096199035644531
2019-12-02,8.458714485168457
2019-12-03,8.1767578125
2019-12-04,8.096199035644531
2019-12-05,8.096199035644531
2019-12-06,8.136478424072266
2019-12-09,8.136478424072266
2019-12-10,8.096199035644531
2019-12-11,8.007583618164062
2019-12-12,7.902856826782227
2019-12-13,7.749794960021973
2019-12-16,7.9834160804748535
2019-12-17,7.902856826782227
2019-12-18,7.830353736877441
2019-12-19,7.790074825286865
2019-12-20,7.717570781707764
2019-12-23,7.677290439605713
2019-12-24,7.741739273071289
2019-12-25,7.733682155609131
2019-12-26,7.685347557067871
2019-12-27,7.725627422332764
2019-12-30,7.709515571594238
2019-12-31,7.709515571594238
2020-01-02,7.733682155609131
2020-01-03,7.749794960021973
2020-01-06,7.508116245269775
2020-01-07,7.387278079986572
2020-01-08,7.185879707336426
2020-01-09,7.330886363983154
2020-01-10,7.258382797241211
2020-01-13,7.234215259552002
2020-01-14,7.330886363983154
2020-01-15,7.3792219161987305
2020-01-16,7.338942050933838
2020-01-17,7.387278079986572
2020-01-20,7.3792219161987305
2020-01-30,6.6461334228515625
2020-01-31,6.605854034423828
2020-02-03,6.3319525718688965
2020-02-04,6.75085973739624
2020-02-05,6.928091049194336
2020-02-06,7.201991558074951
2020-02-07,7.0408735275268555
2020-02-10,7.250326633453369
2020-02-11,7.467837333679199
2020-02-12,7.2906060218811035
2020-02-13,7.210047721862793
2020-02-14,7.234215259552002
2020-02-17,7.169768333435059
2020-02-18,7.4033894538879395
2020-02-19,7.2906060218811035
2020-02-20,7.218102931976318
2020-02-21,7.185879707336426
2020-02-24,7.016705513000488
2020-02-25,6.9683709144592285
2020-02-26,6.8153076171875
2020-02-27,6.444735527038574
2020-03-02,6.259449005126953
2020-03-03,6.444735527038574
2020-03-04,6.468903064727783
2020-03-05,6.485014915466309
2020-03-06,6.364176273345947
2020-03-09,6.090275287628174
2020-03-10,6.211113929748535
2020-03-11,6.074163436889648
2020-03-12,5.469969272613525
2020-03-13,5.18801212310791
2020-03-16,5.196068286895752
2020-03-17,5.3652424812316895
2020-03-18,5.300795078277588
2020-03-19,4.777160167694092
2020-03-20,5.026893615722656
2020-03-23,4.865775108337402
2020-03-24,5.059117794036865
2020-03-25,5.236347198486328
2020-03-26,5.300795078277588
2020-03-27,5.260515213012695
2020-03-30,5.341074466705322
2020-03-31,5.300795078277588
2020-04-01,5.614975929260254
2020-04-06,5.695535182952881
2020-04-07,5.759981632232666
2020-04-08,5.896933078765869
2020-04-09,5.961380481719971
2020-04-10,6.001658916473389
2020-04-13,6.017771244049072
2020-04-14,6.114442348480225
2020-04-15,6.275561809539795
2020-04-16,6.267505168914795
2020-04-17,6.106386661529541
2020-04-20,6.041939735412598
2020-04-21,5.727758407592773
2020-04-22,5.86470890045166
2020-04-23,5.969435691833496
2020-04-24,6.001658916473389
2020-04-27,6.18694543838501
2020-04-28,6.162777900695801
2020-04-29,6.203058242797852
2020-04-30,6.34806489944458
2020-05-04,6.082218170166016
2020-05-05,6.122498512268066
2020-05-06,6.114442348480225
2020-05-07,6.219168663024902
2020-05-08,6.138610363006592
2020-05-11,6.380288600921631
2020-05-12,6.364176273345947
2020-05-13,6.3238959312438965
2020-05-14,6.340008735656738
2020-05-15,6.9683709144592285
2020-05-18,6.275561809539795
2020-05-19,6.058051109313965
2020-05-20,6.122498512268066
2020-05-21,6.106386661529541
2020-05-22,5.9372124671936035
2020-05-25,5.840540885925293
2020-05-26,5.856653213500977
2020-05-27,5.913043975830078
2020-05-28,5.800261497497559
2020-05-29,5.832484722137451
2020-06-01,5.880821228027344
2020-06-02,5.9372124671936035
2020-06-03,6.058051109313965
2020-06-04,6.025827407836914
2020-06-05,6.090275287628174
2020-06-08,6.122498512268066
2020-06-09,6.146666049957275
2020-06-10,6.154721736907959
2020-06-11,5.961380481719971
2020-06-12,5.800261497497559
2020-06-15,5.743870258331299
2020-06-16,5.896933078765869
2020-06-17,6.049994945526123
2020-06-18,6.066107749938965
2020-06-19,6.049994945526123
2020-06-22,5.977492332458496
2020-06-23,5.921100616455078
2020-06-24,5.880821228027344
2020-06-29,5.888876914978027
2020-06-30,5.92915678024292
2020-07-01,6.074163436889648
2020-07-02,6.122498512268066
2020-07-03,6.138610363006592
2020-07-06,6.372232913970947
2020-07-07,6.485014915466309
2020-07-08,6.380288600921631
2020-07-09,6.3238959312438965
2020-07-10,6.219168663024902
2020-07-13,6.307785511016846
2020-07-14,6.243337154388428
2020-07-15,6.130554676055908
2020-07-16,6.154721736907959
2020-07-17,6.088542461395264
2020-07-20,6.09681510925293
2020-07-21,6.245718955993652
2020-07-22,6.328444004058838
2020-07-23,6.328444004058838
2020-07-24,6.171267509460449
2020-07-27,6.088542461395264
2020-07-28,5.906547546386719
2020-07-29,6.030635356903076
2020-07-30,6.253992557525635
2020-07-31,6.220902442932129
2020-08-03,6.29535436630249
2020-08-04,6.36980676651001
2020-08-05,6.353261470794678
2020-08-06,6.328444004058838
2020-08-07,6.336716651916504
2020-08-10,6.477349758148193
2020-08-11,6.311899185180664
2020-08-12,6.311899185180664
2020-08-13,6.361534118652344
2020-08-14,6.634525299072266
2020-08-17,6.750340938568115
2020-08-18,6.700705528259277
2020-08-19,6.535256385803223
2020-08-20,6.204357147216797
2020-08-21,6.278809070587158
2020-08-24,6.344988822937012
2020-08-25,6.576618194580078
2020-08-26,6.626253604888916
2020-08-27,6.783430576324463
2020-08-28,6.717250347137451
2020-08-31,6.725523948669434
2020-09-01,6.940606594085693
2020-09-02,6.857882499694824
2020-09-03,6.973697662353516
2020-09-04,6.808248519897461
2020-09-07,6.824792861938477
2020-09-08,6.758613586425781
2020-09-09,6.882700443267822
2020-09-10,6.907517433166504
2020-09-11,6.783430576324463
2020-09-14,6.791703224182129
2020-09-15,6.725523948669434
2020-09-16,6.708977699279785
2020-09-17,6.725523948669434
2020-09-18,6.857882499694824
2020-09-21,6.857882499694824
2020-09-22,6.8165202140808105
2020-09-23,6.6841607093811035
2020-09-24,6.477349758148193
2020-09-25,6.336716651916504
2020-09-28,6.427713871002197
2020-09-29,6.427713871002197
2020-09-30,6.452530860900879
2020-10-05,6.469076156616211
2020-10-06,6.568345546722412
2020-10-07,6.634525299072266
2020-10-08,6.6758880615234375
2020-10-12,6.6676154136657715
2020-10-13,6.659343242645264
2020-10-14,6.6841607093811035
2020-10-15,6.882700443267822
2020-10-16,6.775157451629639
2020-10-19,6.783430576324463
2020-10-20,6.692432880401611
2020-10-21,6.717250347137451
2020-10-22,6.659343242645264
2020-10-23,6.6841607093811035
2020-10-26,6.775157451629639
2020-10-27,6.742067813873291
2020-10-28,6.700705528259277
2020-10-29,6.64279842376709
2020-10-30,6.568345546722412
2020-11-02,6.518711566925049
2020-11-03,6.64279842376709
2020-11-04,6.6841607093811035
2020-11-05,6.758613586425781
2020-11-06,6.692432880401611
2020-11-09,6.733795166015625
2020-11-10,6.708977699279785
2020-11-11,6.766886234283447
2020-11-12,6.733795166015625
2020-11-13,6.6841607093811035
2020-11-16,6.609708309173584
2020-11-17,6.576618194580078
2020-11-18,6.742067813873291
2020-11-19,6.998514652252197
2020-11-20,7.072967052459717
2020-11-23,7.023331165313721
2020-11-24,6.833066463470459
2020-11-25,6.899244785308838
2020-11-26,6.882700443267822
2020-11-27,6.890973091125488
2020-11-30,7.072967052459717
2020-12-01,7.18878173828125
2020-12-02,7.097784519195557
2020-12-03,7.213599681854248
2020-12-04,7.27977991104126
2020-12-07,8.007757186889648
2020-12-08,7.618950366973877
2020-12-09,7.461772918701172
2020-12-10,7.395593166351318
2020-12-11,7.395593166351318
2020-12-14,7.527953147888184
2020-12-15,7.445228099822998
2020-12-16,7.4865899085998535
2020-12-17,7.453500270843506
2020-12-18,7.453500270843506
2020-12-21,7.561042785644531
2020-12-22,7.511407852172852
2020-12-23,7.602405071258545
2020-12-24,7.7099480628967285
2020-12-25,7.726492404937744
2020-12-28,7.8174896240234375
2020-12-29,7.908486843109131
2020-12-30,8.098753929138184
2020-12-31,7.850579738616943
2021-01-04,7.759582996368408
2021-01-05,7.693403244018555
2021-01-06,7.4948625564575195
2021-01-07,7.552770137786865
2021-01-08,7.503136157989502
2021-01-11,7.577588081359863
2021-01-12,7.503136157989502
2021-01-13,7.569315433502197
2021-01-14,7.652040004730225
2021-01-15,7.519680023193359
2021-01-18,7.461772918701172
2021-01-19,7.544498443603516
2021-01-20,7.27977991104126
2021-01-21,7.213599681854248
2021-01-22,7.163963794708252
2021-01-25,7.205327033996582
2021-01-26,7.064694404602051
2021-01-27,7.023331165313721
2021-01-28,6.965424537658691
2021-01-29,6.808248519897461
2021-02-01,6.758613586425781
2021-02-02,6.799975872039795
2021-02-03,6.849610805511475
2021-02-04,6.775157451629639
2021-02-05,6.700705528259277
2021-02-17,6.866156101226807
2021-02-18,6.857882499694824
2021-02-19,6.849610805511475
2021-02-22,6.924062728881836
2021-02-23,6.940606594085693
2021-02-24,6.890973091125488
2021-02-25,6.948879241943359
2021-02-26,6.824792861938477
2021-03-02,6.733795166015625
2021-03-03,6.783430576324463
2021-03-04,6.725523948669434
2021-03-05,6.708977699279785
2021-03-08,6.64279842376709
2021-03-09,6.651070594787598
2021-03-10,6.708977699279785
2021-03-11,6.758613586425781
2021-03-12,6.775157451629639
2021-03-15,6.725523948669434
2021-03-16,6.708977699279785
2021-03-17,6.700705528259277
2021-03-18,6.733795166015625
2021-03-19,6.758613586425781
2021-03-22,6.907517433166504
2021-03-23,6.8165202140808105
2021-03-24,6.857882499694824
2021-03-25,6.799975872039795
2021-03-26,7.478317737579346
2021-03-29,7.875396728515625
2021-03-30,8.562013626098633
2021-03-31,8.35520076751709
2021-04-01,8.396562576293945
2021-04-07,8.768823623657227
2021-04-08,9.182448387145996
2021-04-09,9.099724769592285
2021-04-12,9.430622100830078
2021-04-13,8.97563648223877
2021-04-14,9.223811149597168
2021-04-15,9.223811149597168
2021-04-16,9.26517391204834
2021-04-19,9.430622100830078
2021-04-20,10.092419624328613
2021-04-21,9.885608673095703
2021-04-22,9.471985816955566
2021-04-23,9.76152229309082
2021-04-26,9.802884101867676
2021-04-27,9.926972389221191
2021-04-28,10.092419624328613
2021-04-29,10.092419624328613
2021-05-03,9.844246864318848
2021-05-04,9.26517391204834
2021-05-05,9.389260292053223
2021-05-06,9.26517391204834
2021-05-07,9.513347625732422
2021-05-10,9.885608673095703
2021-05-11,9.058362007141113
2021-05-12,8.396562576293945
2021-05-13,8.272475242614746
2021-05-14,8.2228422164917
2021-05-17,7.4865899085998535
2021-05-18,8.098753929138184
2021-05-19,8.065664291381836
2021-05-20,8.065664291381836
2021-05-21,8.198023796081543
2021-05-24,8.255929946899414
2021-05-25,8.313838005065918
2021-05-26,8.35520076751709
2021-05-27,8.437925338745117
2021-05-28,8.437925338745117
2021-05-31,8.479288101196289
2021-06-01,8.64473819732666
2021-06-02,8.603375434875488
2021-06-03,8.603375434875488
2021-06-04,8.520650863647461
2021-06-07,8.437925338745117
2021-06-08,8.64473819732666
2021-06-09,8.396562576293945
2021-06-10,8.35520076751709
2021-06-11,8.313838005065918
2021-06-15,8.313838005065918
2021-06-16,8.264203071594238
2021-06-17,8.396562576293945
2021-06-18,8.231114387512207
2021-06-21,8.065664291381836
2021-06-22,8.09048080444336
2021-06-23,8.239386558532715
2021-06-24,8.272475242614746
2021-06-25,8.272475242614746
2021-06-28,8.272475242614746
2021-06-29,8.231114387512207
2021-06-30,8.396562576293945
2021-07-01,8.520650863647461
2021-07-02,8.313838005065918
2021-07-05,8.479288101196289
2021-07-06,8.35520076751709
2021-07-07,8.35520076751709
2021-07-08,8.479288101196289
2021-07-09,8.396562576293945
2021-07-12,8.396562576293945
2021-07-13,8.313838005065918
2021-07-14,8.272475242614746
2021-07-15,8.313838005065918
2021-07-16,8.35520076751709
2021-07-19,8.437925338745117
2021-07-20,8.272475242614746
2021-07-21,8.057392120361328
2021-07-22,8.09048080444336
2021-07-23,8.198023796081543
2021-07-26,8.272475242614746
2021-07-27,8.198023796081543
2021-07-28,8.057392120361328
2021-07-29,8.140117645263672
2021-07-30,8.082209587097168
2021-08-02,8.073936462402344
2021-08-03,8.073936462402344
2021-08-04,8.148388862609863
2021-08-05,8.520650863647461
2021-08-06,8.562013626098633
2021-08-09,8.313838005065918
2021-08-10,8.189750671386719
2021-08-11,8.032574653625488
2021-08-12,8.024301528930664
2021-08-13,8.032574653625488
2021-08-16,7.800944805145264
2021-08-17,7.7182207107543945
2021-08-18,7.867125034332275
2021-08-19,7.73476505279541
2021-08-20,7.685130596160889
2021-08-23,7.8423075675964355
2021-08-24,7.8174896240234375
2021-08-25,8.098753929138184
2021-08-26,8.148388862609863
2021-08-27,8.107026100158691
2021-08-30,8.173206329345703
2021-08-31,8.272475242614746
2021-09-01,8.313838005065918
2021-09-02,8.272475242614746
2021-09-03,8.313838005065918
2021-09-06,8.127110481262207
2021-09-07,8.011516571044922
2021-09-08,7.878140449523926
2021-09-09,7.869248867034912
2021-09-10,7.895923137664795
2021-09-13,7.931489944458008
2021-09-14,7.931489944458008
2021-09-15,7.8870320320129395
2021-09-16,7.824789524078369
2021-09-17,7.904814720153809
2021-09-22,7.869248867034912
2021-09-23,7.833681106567383
2021-09-24,7.8870320320129395
2021-09-27,8.00262451171875
2021-09-28,7.940382480621338
2021-09-29,7.895923137664795
2021-09-30,7.975949287414551
2021-10-01,7.78922176361084
2021-10-04,7.317956447601318
2021-10-05,7.549141883850098
2021-10-06,7.495792388916016
2021-10-07,7.646953582763672
2021-10-08,7.682520389556885
2021-10-12,7.735871315002441
2021-10-13,7.531359672546387
2021-10-14,7.540251731872559
2021-10-15,7.5669264793396
2021-10-18,7.646953582763672
2021-10-19,7.744762897491455
2021-10-20,7.718087196350098
2021-10-21,7.744762897491455
2021-10-22,7.7536540031433105
2021-10-25,7.771438121795654
2021-10-26,7.824789524078369
2021-10-27,7.780329704284668
2021-10-28,7.940382480621338
2021-10-29,7.842573642730713
2021-11-01,7.878140449523926
2021-11-02,7.842573642730713
2021-11-03,7.931489944458008
2021-11-04,7.984841823577881
2021-11-05,8.038192749023438
2021-11-08,8.162677764892578
2021-11-09,8.082650184631348
2021-11-10,8.180462837219238
2021-11-11,8.082650184631348
2021-11-12,8.011516571044922
2021-11-15,7.931489944458008
2021-11-16,7.958166599273682
2021-11-17,8.064868927001953
2021-11-18,8.064868927001953
2021-11-19,8.064868927001953
2021-11-22,8.038192749023438
2021-11-23,8.020408630371094
2021-11-24,7.9937334060668945
2021-11-25,8.00262451171875
2021-11-26,7.762547492980957
2021-11-29,7.691411972045898
2021-11-30,7.682520389556885
2021-12-01,7.975949287414551
2021-12-02,7.949274063110352
2021-12-03,8.00262451171875
2021-12-06,7.958166599273682
2021-12-07,7.949274063110352
2021-12-08,7.975949287414551
2021-12-09,8.313838005065918
2021-12-10,8.127110481262207
2021-12-13,8.091543197631836
2021-12-14,7.975949287414551
2021-12-15,7.975949287414551
2021-12-16,8.055974960327148
2021-12-17,8.011516571044922
2021-12-20,7.958166599273682
2021-12-21,7.967056751251221
2021-12-22,8.00262451171875
2021-12-23,8.118218421936035
2021-12-24,8.153785705566406
2021-12-27,8.420539855957031
2021-12-28,8.456107139587402
2021-12-29,9.291936874389648
2021-12-30,10.18111801147461
2022-01-03,11.159215927124023
2022-01-04,11.470429420471191
2022-01-05,11.915019035339355
2022-01-06,11.692724227905273
2022-01-07,11.603806495666504
2022-01-10,11.692724227905273
2022-01-11,10.536789894104004
2022-01-12,10.670166969299316
2022-01-13,10.536789894104004
2022-01-14,10.492330551147461
2022-01-17,10.848002433776855
2022-01-18,10.670166969299316
2022-01-19,10.759084701538086
2022-01-20,11.381510734558105
2022-01-21,10.492330551147461
2022-01-24,9.780986785888672
2022-01-25,9.380855560302734
2022-01-26,9.247478485107422
2022-02-07,9.736527442932129
2022-02-08,9.736527442932129
2022-02-09,10.092199325561523
2022-02-10,9.914363861083984
2022-02-11,9.780986785888672
2022-02-14,9.469773292541504
2022-02-15,9.469773292541504
2022-02-16,9.958822250366211
2022-02-17,9.825445175170898
2022-02-18,9.869903564453125
2022-02-21,9.869903564453125
2022-02-22,9.692069053649902
2022-02-23,9.869903564453125
2022-02-24,9.469773292541504
2022-02-25,9.603150367736816
2022-03-01,9.958822250366211
2022-03-02,9.780986785888672
2022-03-03,9.958822250366211
2022-03-04,9.869903564453125
2022-03-07,9.247478485107422
2022-03-08,8.98072338104248
2022-03-09,9.158559799194336
2022-03-10,9.64760971069336
2022-03-11,9.692069053649902
2022-03-14,9.825445175170898
2022-03-15,9.558691024780273
2022-03-16,9.64760971069336
2022-03-17,9.869903564453125
2022-03-18,9.736527442932129
2022-03-21,9.692069053649902
2022-03-22,9.64760971069336
2022-03-23,9.736527442932129
2022-03-24,9.692069053649902
2022-03-25,9.469773292541504
2022-03-28,9.336396217346191
2022-03-29,9.291936874389648
2022-03-30,9.203019142150879
2022-03-31,9.158559799194336
2022-04-01,9.203019142150879
2022-04-06,9.069642066955566
2022-04-07,8.847347259521484
2022-04-08,8.936264991760254
2022-04-11,8.705077171325684
2022-04-12,8.545025825500488
2022-04-13,8.633943557739258
2022-04-14,8.536131858825684
2022-04-15,8.340513229370117
2022-04-18,8.224919319152832
2022-04-19,8.367188453674316
2022-04-20,8.313838005065918
2022-04-21,8.260488510131836
2022-04-22,8.144893646240234
2022-04-25,7.8870320320129395
2022-04-26,8.02929973602295
2022-04-27,7.869248867034912
2022-04-28,7.984841823577881
2022-04-29,8.00262451171875
2022-05-03,8.038192749023438
2022-05-04,8.153785705566406
2022-05-05,8.180462837219238
2022-05-06,8.091543197631836
2022-05-09,7.842573642730713
2022-05-10,8.00262451171875
2022-05-11,7.913707256317139
2022-05-12,7.655844211578369
2022-05-13,7.771438121795654
2022-05-16,7.904814720153809
2022-05-17,7.949274063110352
2022-05-18,8.064868927001953
2022-05-19,7.940382480621338
2022-05-20,8.00262451171875
2022-05-23,8.02929973602295
2022-05-24,7.895923137664795
2022-05-25,7.949274063110352
2022-05-26,7.878140449523926
2022-05-27,7.940382480621338
2022-05-30,8.02929973602295
2022-05-31,8.02929973602295
2022-06-01,8.064868927001953
2022-06-02,8.020408630371094
2022-06-06,8.00262451171875
2022-06-07,7.984841823577881
2022-06-08,8.020408630371094
2022-06-09,8.047083854675293
2022-06-10,7.958166599273682
2022-06-13,7.700303077697754
2022-06-14,7.646953582763672
2022-06-15,7.664736270904541
2022-06-16,7.584710121154785
2022-06-17,7.371306896209717
2022-06-20,7.051202297210693
2022-06-21,7.3090643882751465
2022-06-22,7.1223368644714355
2022-06-23,7.086768627166748
2022-06-24,7.184578895568848
2022-06-27,7.3090643882751465
2022-06-28,7.237929344177246
2022-06-29,7.149012088775635
2022-06-30,6.802231311798096
2022-07-01,6.491018295288086
2022-07-04,6.455451011657715
2022-07-05,6.5799360275268555
2022-07-06,6.419883728027344
2022-07-07,6.571044921875
2022-07-08,6.72220516204834
2022-07-11,6.6599626541137695
2022-07-12,6.3843159675598145
2022-07-13,6.56215238571167
2022-07-14,6.606611728668213
2022-07-15,6.5799360275268555
2022-07-18,6.7044219970703125
2022-07-19,6.6599626541137695
2022-07-20,6.677745819091797
2022-07-21,6.748880863189697
2022-07-22,6.713313102722168
2022-07-25,6.739988803863525
2022-07-26,6.677745819091797
2022-07-27,6.668854236602783
2022-07-28,6.63328742980957
2022-07-29,6.642178535461426
2022-08-01,6.668854236602783
2022-08-02,6.535477161407471
2022-08-03,6.455451011657715
2022-08-04,6.410991191864014
2022-08-05,6.5799360275268555
2022-08-08,6.5799360275268555
2022-08-09,6.7044219970703125
2022-08-10,6.7755560874938965
2022-08-11,6.811123371124268
2022-08-12,6.926717281341553
2022-08-15,7.140120029449463
2022-08-16,7.175686836242676
2022-08-17,7.1223368644714355
2022-08-18,7.166795253753662
2022-08-19,7.237929344177246
2022-08-22,7.175686836242676
2022-08-23,7.113444805145264
2022-08-24,7.140120029449463
2022-08-25,7.166795253753662
2022-08-26,7.202362060546875
2022-08-29,7.024527072906494
2022-08-30,7.09566068649292
2022-08-31,7.149012088775635
2022-09-01,7.077877521514893
2022-09-02,7.09566068649292
2022-09-05,6.93560791015625
2022-09-06,6.802231311798096
2022-09-07,6.695529937744141
2022-09-08,6.86447286605835
2022-09-12,7.09566068649292
2022-09-13,7.051202297210693
2022-09-14,7.03341817855835
2022-09-15,7.077877521514893
2022-09-16,7.086768627166748
2022-09-19,6.908932685852051
2022-09-20,6.917824745178223
2022-09-21,6.846690654754639
2022-09-22,6.757772445678711
2022-09-23,6.6510701179504395
2022-09-26,6.357640266418457
2022-09-27,6.455451011657715
2022-09-28,6.153129577636719
2022-09-29,6.357640266418457
2022-09-30,6.410991191864014
2022-10-03,6.348748683929443
2022-10-04,6.410991191864014
2022-10-05,6.3932085037231445
2022-10-06,6.3843159675598145
2022-10-07,6.3843159675598145
2022-10-11,6.206479549407959
2022-10-12,6.135345458984375
2022-10-13,5.806349277496338
2022-10-14,6.355257987976074
2022-10-17,6.355257987976074
2022-10-18,6.355257987976074
2022-10-19,6.355257987976074
2022-10-20,6.355257987976074
2022-10-21,6.355257987976074
2022-10-24,5.909902095794678
2022-10-25,5.790971755981445
2022-10-26,5.754378318786621
2022-10-27,5.92819881439209
2022-10-28,5.909902095794678
2022-10-31,5.937347412109375
2022-11-01,6.0745744705200195
2022-11-02,6.129465103149414
2022-11-03,6.102019786834717
2022-11-04,6.111167907714844
2022-11-07,6.248394966125488
2022-11-08,6.211801052093506
2022-11-09,6.339879512786865
2022-11-10,6.294137001037598
2022-11-11,6.33073091506958
2022-11-14,6.440512657165527
2022-11-15,6.504551887512207
2022-11-16,6.4588093757629395
2022-11-17,6.467957973480225
2022-11-18,6.4588093757629395
2022-11-21,6.41306734085083
2022-11-22,6.39477014541626
2022-11-23,6.431364059448242
2022-11-24,6.467957973480225
2022-11-25,6.467957973480225
2022-11-28,6.422215938568115
2022-11-29,6.522848606109619
2022-11-30,6.559442520141602
2022-12-01,7.208982944488525
2022-12-02,7.254724502563477
2022-12-05,7.199833869934082
2022-12-06,7.208982944488525
2022-12-07,7.163240432739258
2022-12-08,7.126646518707275
2022-12-09,7.117498397827148
2022-12-12,7.080904006958008
2022-12-13,7.044310092926025
2022-12-14,7.044310092926025
2022-12-15,7.044310092926025
2022-12-16,6.952826023101807
2022-12-19,6.86134147644043
2022-12-20,6.77900505065918
2022-12-21,6.751559734344482
2022-12-22,6.86134147644043
2022-12-23,6.769856929779053
2022-12-26,6.77900505065918
2022-12-27,6.788154125213623
2022-12-28,6.687520980834961
2022-12-29,6.623481273651123
2022-12-30,6.632630348205566
2023-01-03,6.73326301574707
2023-01-04,6.8247480392456055
2023-01-05,6.843044757843018
2023-01-06,6.79730224609375
2023-01-09,6.9436774253845215
2023-01-10,6.879638195037842
2023-01-11,6.8521928787231445
2023-01-12,6.8247480392456055
2023-01-13,6.760708332061768
2023-01-16,6.73326301574707
2023-01-17,6.73326301574707
2023-01-30,7.1357951164245605
2023-01-31,7.080904006958008
2023-02-01,7.199833869934082
2023-02-02,7.337061405181885
2023-02-03,7.245576858520508
2023-02-06,7.1357951164245605
2023-02-07,7.144943714141846
2023-02-08,7.199833869934082
2023-02-09,7.144943714141846
2023-02-10,7.071755886077881
2023-02-13,7.044310092926025
2023-02-14,7.126646518707275
2023-02-15,7.117498397827148
2023-02-16,7.2364277839660645
2023-02-17,7.199833869934082
2023-02-20,7.391951560974121
2023-02-21,7.364506721496582
2023-02-22,7.291318416595459
2023-02-23,7.337061405181885
2023-02-24,7.346209526062012
2023-03-01,7.291318416595459
2023-03-02,7.355358123779297
2023-03-03,7.4011006355285645
2023-03-06,7.465139389038086
2023-03-07,7.501733303070068
2023-03-08,7.492584228515625
2023-03-09,7.465139389038086
2023-03-10,7.41024923324585
2023-03-13,7.300467491149902
2023-03-14,7.273021697998047
2023-03-15,7.18153715133667
2023-03-16,7.053459167480469
2023-03-17,7.099201202392578
2023-03-20,7.126646518707275
2023-03-21,7.1357951164245605
2023-03-22,7.172389030456543
2023-03-23,7.154092311859131
2023-03-24,7.2272796630859375
2023-03-27,7.282170295715332
2023-03-28,7.163240432739258
2023-03-29,7.208982944488525
2023-03-30,7.208982944488525
2023-03-31,7.2364277839660645
2023-04-06,7.26387357711792
2023-04-07,7.291318416595459
2023-04-10,7.355358123779297
2023-04-11,7.373655319213867
2023-04-12,7.474287986755371
2023-04-13,7.492584228515625
2023-04-14,7.620663166046143
2023-04-17,7.565773010253906
2023-04-18,7.5932183265686035
2023-04-19,7.611514568328857
2023-04-20,7.501733303070068
2023-04-21,7.355358123779297
2023-04-24,7.492584228515625
2023-04-25,7.3187642097473145
2023-04-26,7.3187642097473145
2023-04-27,7.3187642097473145
2023-04-28,7.364506721496582
2023-05-02,7.346209526062012
2023-05-03,7.309615612030029
2023-05-04,7.291318416595459
2023-05-05,7.282170295715332
2023-05-08,7.245576858520508
2023-05-09,7.18153715133667
2023-05-10,7.154092311859131
2023-05-11,7.080904006958008
2023-05-12,7.080904006958008
2023-05-15,7.785335063934326
2023-05-16,7.702999591827393
2023-05-17,7.7212958335876465
2023-05-18,8.22446060180664
2023-05-19,8.599547386169434
2023-05-22,8.626994132995605
2023-05-23,8.608695983886719
2023-05-24,8.874001502990723
2023-05-25,9.743104934692383
2023-05-26,9.926074028015137
2023-05-29,9.880331039428711
2023-05-30,9.834589004516602
2023-05-31,10.795177459716797
2023-06-01,10.703692436218262
2023-06-02,11.206857681274414
2023-06-05,11.89299201965332
2023-06-06,11.89299201965332
2023-06-07,12.258930206298828
2023-06-08,12.121703147888184
2023-06-09,11.89299201965332
2023-06-12,11.984477043151855
2023-06-13,11.984477043151855
2023-06-14,12.213188171386719
2023-06-15,12.030218124389648
2023-06-16,12.258930206298828
2023-06-19,12.441899299621582
2023-06-20,13.036548614501953
2023-06-21,13.356744766235352
2023-06-26,13.768424987792969
2023-06-27,12.533384323120117
2023-06-28,12.258930206298828
2023-06-29,12.304672241210938
2023-06-30,12.899322509765625
2023-07-03,13.311002731323242
2023-07-04,13.49397087097168
2023-07-05,13.72268295288086
2023-07-06,13.219517707824707
2023-07-07,13.082290649414062
2023-07-10,12.945063591003418
2023-07-11,13.539713859558105
2023-07-12,12.899322509765625
2023-07-13,12.716352462768555
2023-07-14,13.128033638000488
2023-07-17,13.265260696411133
2023-07-18,12.945063591003418
2023-07-19,12.579126358032227
2023-07-20,13.036548614501953
2023-07-21,13.036548614501953
2023-07-24,12.441899299621582
2023-07-25,12.579126358032227
2023-07-26,12.396157264709473
2023-07-27,12.533384323120117
2023-07-28,12.258930206298828
2023-07-31,12.075961112976074
2023-08-01,11.801506996154785
2023-08-02,11.527053833007812
2023-08-04,11.618537902832031
2023-08-07,11.710022926330566
2023-08-08,11.664280891418457
2023-08-09,11.847249031066895
2023-08-10,11.25260066986084
2023-08-11,11.618537902832031
2023-08-14,11.847249031066895
2023-08-15,12.213188171386719
2023-08-16,11.755764961242676
2023-08-17,12.258930206298828
2023-08-18,11.984477043151855
2023-08-21,12.075961112976074
2023-08-22,11.755764961242676
2023-08-23,11.801506996154785
2023-08-24,12.030218124389648
2023-08-25,11.984477043151855
2023-08-28,11.527053833007812
2023-08-29,11.527053833007812
2023-08-30,11.527053833007812
2023-08-31,11.435568809509277
2023-09-01,11.344084739685059
2023-09-04,11.069631576538086
2023-09-05,11.29834270477295
2023-09-06,11.069631576538086
2023-09-07,10.97814655303955
2023-09-08,10.932404518127441
2023-09-11,10.657950401306152
2023-09-12,10.703692436218262
2023-09-13,10.8866605758667
2023-09-14,10.97814655303955
2023-09-15,10.840919494628906
2023-09-18,10.612208366394043
2023-09-19,10.566465377807617
2023-09-20,10.520723342895508
2023-09-21,10.38349723815918
2023-09-22,10.703692436218262
2023-09-25,10.795177459716797
2023-09-26,10.657950401306152
2023-09-27,10.657950401306152
2023-09-28,10.932404518127441
2023-10-02,10.932404518127441
2023-10-03,11.115372657775879
2023-10-04,10.932404518127441
2023-10-05,10.97814655303955
2023-10-06,10.97814655303955
2023-10-11,10.749434471130371
2023-10-12,11.206857681274414
2023-10-13,11.069631576538086
2023-10-16,10.749434471130371
2023-10-17,10.566465377807617
2023-10-18,10.33775520324707
2023-10-19,10.292012214660645
2023-10-20,10.292012214660645
2023-10-23,10.292012214660645
2023-10-24,10.429238319396973
2023-10-25,10.612208366394043
2023-10-26,10.612208366394043
2023-10-27,10.520723342895508
2023-10-30,10.520723342895508
2023-10-31,10.20052719116211
2023-11-01,10.246269226074219
2023-11-02,10.474981307983398
2023-11-03,10.429238319396973
2023-11-06,10.566465377807617
2023-11-07,10.612208366394043
2023-11-08,10.566465377807617
2023-11-09,10.520723342895508
2023-11-10,10.429238319396973
2023-11-13,10.246269226074219
2023-11-14,10.20052719116211
2023-11-15,9.971816062927246
2023-11-16,10.017558097839355
2023-11-17,10.20052719116211
2023-11-20,10.246269226074219
2023-11-21,10.246269226074219
2023-11-22,10.20052719116211
2023-11-23,10.15478515625
2023-11-24,10.017558097839355
2023-11-27,9.788846969604492
2023-11-28,9.926074028015137
2023-11-29,9.834589004516602
2023-11-30,9.971816062927246
2023-12-01,10.017558097839355
2023-12-04,9.971816062927246
2023-12-05,9.880331039428711
2023-12-06,9.971816062927246
2023-12-07,9.926074028015137
2023-12-08,10.20052719116211
2023-12-11,9.926074028015137
2023-12-12,9.834589004516602
2023-12-13,9.926074028015137
2023-12-14,10.017558097839355
2023-12-15,9.971816062927246
2023-12-18,10.063301086425781
2023-12-19,9.880331039428711
2023-12-20,10.246269226074219
2023-12-21,10.474981307983398
2023-12-22,10.429238319396973
2023-12-25,10.20052719116211
2023-12-26,10.292012214660645
2023-12-27,10.33775520324707
2023-12-28,10.566465377807617
2023-12-29,10.520723342895508
2024-01-02,10.520723342895508
2024-01-03,10.33775520324707
2024-01-04,10.429238319396973
2024-01-05,10.33775520324707
2024-01-08,10.246269226074219
2024-01-09,10.017558097839355
2024-01-10,9.880331039428711
2024-01-11,10.063301086425781
2024-01-12,10.063301086425781
2024-01-15,10.063301086425781
2024-01-16,9.926074028015137
2024-01-17,9.697362899780273
2024-01-18,9.743104934692383
2024-01-19,9.788846969604492
2024-01-22,9.926074028015137
2024-01-23,10.063301086425781
2024-01-24,10.063301086425781
2024-01-25,9.971816062927246
2024-01-26,9.926074028015137
2024-01-29,10.063301086425781
2024-01-30,9.926074028015137
2024-01-31,9.834589004516602
2024-02-01,9.926074028015137
2024-02-02,9.834589004516602
2024-02-05,9.743104934692383
2024-02-15,9.697362899780273
2024-02-16,9.880331039428711
2024-02-19,10.017558097839355
2024-02-20,9.926074028015137
2024-02-21,9.971816062927246
2024-02-22,10.017558097839355
2024-02-23,9.880331039428711
2024-02-26,9.926074028015137
2024-02-27,9.834589004516602
2024-02-29,9.971816062927246
2024-03-01,9.880331039428711
2024-03-04,9.926074028015137
2024-03-05,10.063301086425781
2024-03-06,10.017558097839355
2024-03-07,9.926074028015137
2024-03-08,9.743104934692383
2024-03-11,9.880331039428711
2024-03-12,10.474981307983398
2024-03-13,10.474981307983398
2024-03-14,10.246269226074219
2024-03-15,10.520723342895508
2024-03-18,11.25260066986084
2024-03-19,11.25260066986084
2024-03-20,11.389826774597168
2024-03-21,11.435568809509277
2024-03-22,11.572795867919922
2024-03-25,11.527053833007812
2024-03-26,11.344084739685059
2024-03-27,11.389826774597168
2024-03-28,11.206857681274414
2024-03-29,11.115372657775879
2024-04-01,11.115372657775879
2024-04-02,11.02388858795166
2024-04-03,11.161114692687988
2024-04-08,11.344084739685059
2024-04-09,11.389826774597168
2024-04-10,11.206857681274414
2024-04-11,11.161114692687988
2024-04-12,11.02388858795166
2024-04-15,10.932404518127441
2024-04-16,10.38349723815918
2024-04-17,10.703692436218262
2024-04-18,10.8866605758667
2024-04-19,10.840919494628906
2024-04-22,10.8866605758667
2024-04-23,11.069631576538086
2024-04-24,11.161114692687988
2024-04-25,11.435568809509277
2024-04-26,12.579126358032227
2024-04-29,12.213188171386719
2024-04-30,12.350414276123047
2024-05-02,12.350414276123047
2024-05-03,12.030218124389648
2024-05-06,11.89299201965332
2024-05-07,11.664280891418457
2024-05-08,11.572795867919922
2024-05-09,11.527053833007812
2024-05-10,11.755764961242676
2024-05-13,12.030218124389648
2024-05-14,11.89299201965332
2024-05-15,11.389826774597168
2024-05-16,11.664280891418457
2024-05-17,11.572795867919922
2024-05-20,11.664280891418457
2024-05-21,11.435568809509277
2024-05-22,11.389826774597168
2024-05-23,11.344084739685059
2024-05-24,11.25260066986084
2024-05-27,11.481310844421387
2024-05-28,11.938735008239746
2024-05-29,11.755764961242676
2024-05-30,11.664280891418457
2024-05-31,11.847249031066895
2024-06-03,11.89299201965332
2024-06-04,11.664280891418457
2024-06-05,11.801506996154785
2024-06-06,11.618537902832031
2024-06-07,11.755764961242676
2024-06-11,11.527053833007812
2024-06-12,11.29834270477295
2024-06-13,11.29834270477295
2024-06-14,11.389826774597168
2024-06-17,11.389826774597168
2024-06-18,11.29834270477295
2024-06-19,11.572795867919922
2024-06-20,11.435568809509277
2024-06-21,11.572795867919922
2024-06-24,11.389826774597168
2024-06-25,11.389826774597168
2024-06-26,11.344084739685059
2024-06-27,11.389826774597168
2024-06-28,11.572795867919922
2024-07-01,11.572795867919922
2024-07-02,11.847249031066895
2024-07-03,12.350414276123047
2024-07-04,12.579126358032227
2024-07-05,12.945063591003418
2024-07-08,12.624868392944336
2024-07-09,11.984477043151855
2024-07-10,12.030218124389648
2024-07-11,11.89299201965332
2024-07-12,12.075961112976074
2024-07-15,11.801506996154785
2024-07-16,11.89299201965332
2024-07-17,12.167445182800293
2024-07-18,12.030218124389648
2024-07-19,11.664280891418457
2024-07-22,11.206857681274414
2024-07-23,11.481310844421387
2024-07-26,11.344084739685059
2024-07-29,11.161114692687988
2024-07-30,11.389826774597168
2024-07-31,11.29834270477295
2024-08-01,11.527053833007812
2024-08-02,11.29834270477295
2024-08-05,10.20052719116211
2024-08-06,9.971816062927246
2024-08-07,10.612208366394043
2024-08-08,10.429238319396973
2024-08-09,10.612208366394043
2024-08-12,10.8866605758667
2024-08-13,10.97814655303955
2024-08-14,11.29834270477295
2024-08-15,12.396157264709473
2024-08-16,12.213188171386719
2024-08-19,12.396157264709473
2024-08-20,12.487640380859375
2024-08-21,12.396157264709473
2024-08-22,12.396157264709473
2024-08-23,12.304672241210938
2024-08-26,12.258930206298828
2024-08-27,12.258930206298828
2024-08-28,12.258930206298828
2024-08-29,12.304672241210938
2024-08-30,12.121703147888184
2024-09-02,12.075961112976074
2024-09-03,11.801506996154785
2024-09-04,11.395891189575195
2024-09-05,11.49246597290039
2024-09-06,11.540753364562988
2024-09-09,11.444178581237793
2024-09-10,11.057876586914062
2024-09-11,11.009589195251465
2024-09-12,11.106164932250977
2024-09-13,11.444178581237793
2024-09-16,11.733903884887695
2024-09-18,11.589040756225586
2024-09-19,11.6373291015625
2024-09-20,11.589040756225586
2024-09-23,11.589040756225586
2024-09-24,11.589040756225586
2024-09-25,11.685616493225098
2024-09-26,11.830479621887207
2024-09-27,12.120205879211426
2024-09-30,11.782191276550293
2024-10-01,11.830479621887207
2024-10-04,11.589040756225586
2024-10-07,11.685616493225098
2024-10-08,11.540753364562988
2024-10-09,11.395891189575195
2024-10-11,11.49246597290039
2024-10-14,11.830479621887207
2024-10-15,11.927055358886719
2024-10-16,11.830479621887207
2024-10-17,11.878767013549805
2024-10-18,11.830479621887207
2024-10-21,11.878767013549805
2024-10-22,11.927055358886719
2024-10-23,11.830479621887207
2024-10-24,11.782191276550293
2024-10-25,11.733903884887695
2024-10-28,11.685616493225098
2024-10-29,11.347602844238281
2024-10-30,11.299315452575684
2024-11-01,11.299315452575684
2024-11-04,11.202740669250488
2024-11-05,11.25102710723877
2024-11-06,11.395891189575195
2024-11-07,11.540753364562988
2024-11-08,11.395891189575195
2024-11-11,11.540753364562988
2024-11-12,11.685616493225098
2024-11-13,11.25102710723877
2024-11-14,11.202740669250488
2024-11-15,11.25102710723877
2024-11-18,11.299315452575684
2024-11-19,11.299315452575684
2024-11-20,11.25102710723877
2024-11-21,11.25102710723877
2024-11-22,11.347602844238281
2024-11-25,11.347602844238281
2024-11-26,11.347602844238281
2024-11-27,11.009589195251465
2024-11-28,10.816438674926758
2024-11-29,10.864726066589355
2024-12-02,11.009589195251465
2024-12-03,11.057876586914062
2024-12-04,11.057876586914062
2024-12-05,11.057876586914062
2024-12-06,11.106164932250977
2024-12-09,11.106164932250977
2024-12-10,10.91301441192627
2024-12-11,10.719863891601562
2024-12-12,10.719863891601562
2024-12-13,10.526712417602539
2024-12-16,10.333561897277832
2024-12-17,10.430137634277344
2024-12-18,10.430137634277344
2024-12-19,10.333561897277832
2024-12-20,10.430137634277344
2024-12-23,10.38184928894043
2024-12-24,10.285273551940918
2024-12-25,10.285273551940918
2024-12-26,10.236987113952637
2024-12-27,10.140411376953125
2024-12-30,10.043835639953613
2024-12-31,9.802396774291992
2025-01-02,9.754110336303711
2025-01-03,9.754110336303711
2025-01-06,9.754110336303711
2025-01-07,9.754110336303711
2025-01-08,9.754110336303711
2025-01-09,9.280890464782715
2025-01-10,9.30020523071289
2025-01-13,8.991165161132812
2025-01-14,9.377466201782227
2025-01-15,9.30020523071289
2025-01-16,9.338835716247559
2025-01-17,9.425753593444824
2025-01-20,9.483698844909668
2025-01-21,9.416095733642578
2025-01-22,9.454726219177246
2025-02-03,9.416095733642578
2025-02-04,9.251917839050293
2025-02-05,9.406437873840332
2025-02-06,9.705821990966797
2025-02-07,9.599588394165039
2025-02-10,9.43541145324707
2025-02-11,9.36780834197998
2025-02-12,9.329177856445312
2025-02-13,9.58027458190918
2025-02-14,9.628561973571777
2025-02-17,9.6575345993042
2025-02-18,9.6575345993042
2025-02-19,9.947260856628418
2025-02-20,9.850685119628906
2025-02-21,9.850685119628906
2025-02-24,9.802396774291992
2025-02-25,9.754110336303711
2025-02-26,9.850685119628906
2025-02-27,9.705821990966797
2025-03-03,9.628561973571777
2025-03-04,9.850685119628906
2025-03-05,9.850685119628906
2025-03-06,9.705821990966797
2025-03-07,9.705821990966797
2025-03-10,9.647876739501953
2025-03-11,9.58027458190918
2025-03-12,9.58993148803711
2025-03-13,9.36780834197998
2025-03-14,9.474041938781738
2025-03-17,9.51267147064209
2025-03-18,9.503013610839844
2025-03-19,9.416095733642578
2025-03-20,9.52232837677002
2025-03-21,9.36780834197998
2025-03-24,9.18431568145752
2025-03-25,9.145685195922852
2025-03-26,9.232603073120117
2025-03-27,9.136027336120605
2025-03-28,8.913904190063477
2025-03-31,8.402054786682129
2025-04-01,8.57589054107666
2025-04-02,8.662808418273926
2025-04-07,7.803287506103516
2025-04-08,7.136917591094971
2025-04-09,6.470547676086426
2025-04-10,7.117602825164795
2025-04-11,7.484589099884033
2025-04-14,7.494246959686279
2025-04-15,7.774315357208252
2025-04-16,7.561849117279053
2025-04-17,7.503904342651367
2025-04-18,7.503904342651367
2025-04-21,7.262465953826904
2025-04-22,7.252808570861816
2025-04-23,7.523219108581543
2025-04-24,7.445959091186523
2025-04-25,7.561849117279053
2025-04-28,7.590822219848633
2025-04-29,7.764657497406006
2025-04-30,7.6391096115112305
2025-05-02,7.803287506103516
2025-05-05,7.71636962890625
2025-05-06,7.726027488708496
2025-05-07,7.735685348510742
2025-05-08,7.812945365905762
2025-05-09,7.75499963760376
2025-05-12,7.899863243103027
2025-05-13,7.948150157928467
2025-05-14,7.880548000335693
2025-05-15,7.8902058601379395
2025-05-16,8.266849517822266
2025-05-19,8.276506423950195
2025-05-20,8.286164283752441
2025-05-21,8.49863052368164
2025-05-22,8.305480003356934
2025-05-23,8.266849517822266
2025-05-26,8.141302108764648
2025-05-27,8.093013763427734
2025-05-28,7.967465877532959
2025-05-29,7.957808017730713
2025-06-02,7.726027488708496
2025-06-03,7.67773962020874
2025-06-04,7.774315357208252
2025-06-05,7.793630123138428
2025-06-06,7.870890140533447
2025-06-09,7.822603225708008
2025-06-10,7.986781120300293
2025-06-11,7.8902058601379395
2025-06-12,7.861233234405518
2025-06-13,7.774315357208252
2025-06-16,7.803287506103516
2025-06-17,7.803287506103516
2025-06-18,7.870890140533447
2025-06-19,7.745343208312988
2025-06-20,7.600479602813721
2025-06-23,7.513561725616455
2025-06-24,7.67773962020874
2025-06-25,7.67773962020874
2025-06-26,7.8322601318359375
2025-06-27,7.793630123138428
2025-06-30,7.735685348510742
2025-07-01,7.783973217010498
2025-07-02,7.822603225708008
2025-07-03,7.880548000335693
2025-07-04,7.745343208312988
2025-07-07,7.726027488708496
2025-07-08,7.658424377441406
2025-07-09,7.697054862976074
2025-07-10,7.648767471313477
2025-07-11,7.783973217010498
2025-07-14,7.774315357208252
2025-07-15,7.774315357208252
2025-07-16,7.687397480010986
2025-07-17,7.745343208312988
2025-07-18,7.706712245941162
2025-07-21,7.71636962890625
2025-07-22,7.523219108581543
2025-07-23,7.67773962020874
2025-07-24,7.67773962020874
2025-07-25,7.726027488708496
2025-07-28,7.726027488708496
2025-07-29,7.697054862976074
2025-07-30,7.735685348510742
2025-07-31,7.648767471313477
2025-08-04,7.600479602813721
2025-08-05,8.083355903625488
2025-08-06,8.015753746032715
2025-08-07,8.054384231567383
2025-08-08,8.054384231567383
2025-08-11,8.150959014892578
2025-08-12,8.208904266357422
2025-08-13,8.382740020751953
2025-08-14,8.344110488891602
2025-08-15,8.382740020751953
2025-08-18,8.624178886413574
2025-08-19,8.682123184204102
2025-08-20,8.460000038146973
2025-08-21,8.672465324401855
2025-08-22,8.517945289611816
2025-08-25,8.672465324401855
2025-08-26,8.604863166809082
2025-08-27,8.614521026611328
2025-08-28,8.807671546936035
2025-08-29,8.662808418273926
2025-09-01,8.469657897949219
2025-09-02,8.49863052368164
2025-09-03,8.460000038146973
2025-09-04,8.5600004196167
2025-09-05,9.40999984741211
2025-09-08,9.260000228881836
2025-09-09,9.010000228881836
2025-09-10,8.949999809265137
2025-09-11,8.760000228881836
2025-09-12,8.869999885559082
2025-09-15,8.800000190734863
2025-09-16,8.770000457763672
2025-09-17,8.819999694824219
2025-09-18,9.050000190734863
2025-09-19,9.039999961853027
2025-09-22,8.9399995803833
2025-09-23,8.960000038146973
2025-09-24,9.0
2025-09-25,9.109999656677246
2025-09-26,8.90999984741211
2025-09-30,9.0
2025-10-01,9.130000114440918
2025-10-02,9.119999885559082
2025-10-03,9.0
2025-10-07,9.420000076293945
2025-10-08,9.3100004196167
2025-10-09,9.520000457763672
2025-10-13,9.25
2025-10-14,9.199999809265137
2025-10-15,9.069999694824219
2025-10-16,9.180000305175781
2025-10-17,9.109999656677246
2025-10-20,9.109999656677246
2025-10-21,9.119999885559082
2025-10-22,9.239999771118164
2025-10-23,9.119999885559082
2025-10-27,9.25
2025-10-28,9.220000267028809
2025-10-29,9.350000381469727
2025-10-30,9.260000228881836
2025-10-31,9.130000114440918
2025-11-03,9.119999885559082
2025-11-04,9.020000457763672
2025-11-05,9.029999732971191
2025-11-06,9.5
2025-11-07,9.59000015258789
2025-11-10,9.5
2025-11-11,9.5
2025-11-12,9.899999618530273
2025-11-13,9.510000228881836
2025-11-14,9.529999732971191
2025-11-17,9.649999618530273
2025-11-18,9.380000114440918
2025-11-19,9.170000076293945
2025-11-20,9.34000015258789
2025-11-21,9.09000015258789
2025-11-24,9.0600004196167
2025-11-25,9.300000190734863
2025-11-26,9.350000381469727
2025-11-27,9.390000343322754
2025-11-28,9.460000038146973
2025-12-01,9.390000343322754
2025-12-02,9.420000076293945
2025-12-03,9.760000228881836
2025-12-04,9.75
2025-12-05,9.619999885559082
2025-12-08,9.770000457763672
2025-12-09,9.800000190734863
2025-12-10,9.899999618530273
2025-12-11,10.850000381469727
2025-12-12,11.0
2025-12-15,11.100000381469727
2025-12-16,10.800000190734863
2025-12-17,10.399999618530273
2025-12-18,10.25
2025-12-19,10.600000381469727
2025-12-22,10.550000190734863
2025-12-23,10.600000381469727
2025-12-24,10.5
2025-12-26,10.5
2025-12-29,10.5
2025-12-30,10.600000381469727
2025-12-31,10.800000190734863
2026-01-02,11.100000381469727
2026-01-05,10.600000381469727
2026-01-06,11.300000190734863
2026-01-07,11.600000381469727
2026-01-08,10.899999618530273
2026-01-09,10.800000190734863
2026-01-12,10.899999618530273
2026-01-13,11.0
2026-01-14,11.199999809265137
2026-01-15,11.050000190734863
2026-01-16,11.0
2026-01-19,11.100000381469727
2026-01-20,10.899999618530273
2026-01-21,10.649999618530273
2026-01-22,10.800000190734863
2026-01-23,10.800000190734863
2026-01-26,10.949999809265137
2026-01-27,10.649999618530273
2026-01-28,10.649999618530273
2026-01-29,10.75
2026-01-30,10.75
2026-02-02,10.399999618530273
2026-02-03,10.300000190734863
2026-02-04,10.699999809265137
2026-02-05,10.199999809265137
2026-02-06,9.960000038146973
2026-02-09,10.100000381469727
2026-02-10,10.100000381469727
2026-02-11,10.350000381469727
2026-02-23,10.649999618530273
2026-02-24,11.050000190734863
2026-02-25,11.100000381469727
2026-02-26,11.25
2026-03-02,11.199999809265137
2026-03-03,10.949999809265137
2026-03-04,10.199999809265137
2026-03-05,10.600000381469727
2026-03-06,11.050000190734863
2026-03-09,10.399999618530273
2026-03-10,10.600000381469727
2026-03-11,11.300000190734863
2026-03-12,11.399999618530273
2026-03-13,10.5
2026-03-16,10.350000381469727
2026-03-17,10.75
2026-03-18,11.0
2026-03-19,11.949999809265137
2026-03-20,13.100000381469727
2026-03-23,11.949999809265137
2026-03-24,11.899999618530273
2026-03-25,11.850000381469727
2026-03-26,11.800000190734863
2026-03-27,11.399999618530273
2026-03-30,11.149999618530273
2026-03-31,10.649999618530273
2026-04-01,11.050000190734863
2026-04-02,10.899999618530273
2026-04-07,10.75
2026-04-08,11.199999809265137
2026-04-09,10.850000381469727
2026-04-10,10.850000381469727
2026-04-13,10.75
2026-04-14,10.899999618530273
2026-04-15,10.850000381469727
2026-04-16,10.899999618530273
2026-04-17,10.75
2026-04-20,10.75
2026-04-21,10.800000190734863
2026-04-22,10.75
2026-04-23,10.350000381469727
2026-04-24,10.25
2026-04-27,10.199999809265137
2026-04-28,10.25
2026-04-29,10.25
2026-04-30,10.149999618530273
2026-05-04,10.399999618530273
2026-05-05,10.449999809265137
2026-05-06,10.600000381469727
2026-05-07,10.850000381469727
2026-05-08,10.550000190734863
2026-05-11,10.600000381469727
2026-05-12,10.600000381469727
2026-05-13,10.449999809265137
2026-05-14,10.0
2026-05-15,9.760000228881836
2026-05-18,9.529999732971191
2026-05-19,9.449999809265137
2026-05-20,9.369999885559082
2026-05-21,9.859999656677246
2026-05-22,10.199999809265137
2026-05-25,10.699999809265137
2026-05-26,10.199999809265137
2026-05-27,10.300000190734863
2026-05-28,10.149999618530273
2026-05-29,10.350000381469727
2026-06-01,10.550000190734863
2026-06-02,11.600000381469727
2026-06-03,12.75
2026-06-04,12.149999618530273
2026-06-05,11.899999618530273
2026-06-08,10.949999809265137
2026-06-09,11.300000190734863
2026-06-10,10.899999618530273
2026-06-11,10.850000381469727
2026-06-12,11.199999809265137
2026-06-15,11.300000190734863
2026-06-16,10.899999618530273
2026-06-17,11.25
2026-06-18,11.75
2026-06-22,11.899999618530273
2026-06-23,11.350000381469727
2026-06-24,11.699999809265137
2026-06-25,11.449999809265137
2026-06-26,10.899999618530273
2026-06-29,11.0
2026-06-30,11.550000190734863
2026-07-01,11.100000381469727
2026-07-02,11.350000381469727
2026-07-03,12.0
2026-07-06,11.899999618530273
2026-07-07,11.5
2026-07-08,11.300000190734863
2026-07-09,11.149999618530273
2026-07-10,11.149999618530273
2026-07-13,10.949999809265137
2026-07-14,10.600000381469727
2026-07-15,11.050000190734863
2026-07-16,10.949999809265137
2026-07-17,10.25
2026-07-20,10.25
2026-07-21,10.5
2026-07-22,10.600000381469727
2026-07-23,10.600000381469727
2026-07-24,10.350000381469727
2026-07-27,10.300000190734863
2026-07-28,9.920000076293945
2026-07-29,9.510000228881836
2026-07-30,9.380000114440918
2026-07-31,9.9399995803833
2026-08-03,10.149999618530273
2026-08-04,10.300000190734863
2026-08-05,10.300000190734863
2026-08-06,10.350000381469727
2026-08-07,10.25
2026-08-10,10.25
2026-08-11,10.199999809265137
2026-08-12,10.300000190734863
2026-08-13,10.300000190734863
2026-08-14,11.300000190734863
2026-08-17,11.699999809265137
2026-08-18,11.100000381469727
2026-08-19,10.850000381469727
2026-08-20,10.75
2026-08-21,10.850000381469727
2026-08-24,10.699999809265137
2026-08-25,10.800000190734863
2026-08-26,10.850000381469727
2026-08-27,10.899999618530273
2026-08-28,10.899999618530273
2026-08-31,10.949999809265137
2026-09-01,10.949999809265137
2026-09-02,10.949999809265137
