Price,AdjClose
Ticker,2328.TW
Date,
2000-01-04,12.755263328552246
2000-01-05,13.637472152709961
2000-01-06,14.556439399719238
2000-01-07,13.968299865722656
2000-01-10,14.924029350280762
2000-01-11,13.968299865722656
2000-01-12,14.152088165283203
2000-01-13,14.335886001586914
2000-01-14,13.858023643493652
2000-01-17,14.152088165283203
2000-01-18,14.152088165283203
2000-01-19,14.188852310180664
2000-01-20,14.041816711425781
2000-01-21,14.372642517089844
2000-01-24,14.51968002319336
2000-01-25,14.188852310180664
2000-01-26,14.225607872009277
2000-01-27,14.335886001586914
2000-01-28,15.32837200164795
2000-01-31,15.1813383102417
2000-02-01,15.69596004486084
2000-02-02,15.69596004486084
2000-02-03,15.69596004486084
2000-02-04,15.69596004486084
2000-02-07,15.69596004486084
2000-02-08,15.69596004486084
2000-02-09,15.25485610961914
2000-02-10,15.43864631652832
2000-02-11,15.4754056930542
2000-02-14,15.622441291809082
2000-02-15,15.32837200164795
2000-02-16,15.365126609802246
2000-02-17,15.43864631652832
2000-02-18,15.990025520324707
2000-02-21,15.43864631652832
2000-02-22,14.703475952148438
2000-02-23,14.887263298034668
2000-02-24,15.25485610961914
2000-02-25,15.144579887390137
2000-02-28,15.144579887390137
2000-02-29,14.703475952148438
2000-03-01,15.03429889678955
2000-03-02,15.512164115905762
2000-03-03,15.107816696166992
2000-03-06,15.03429889678955
2000-03-07,15.842989921569824
2000-03-08,15.43864631652832
2000-03-09,15.585683822631836
2000-03-10,16.651681900024414
2000-03-13,15.512164115905762
2000-03-14,15.622441291809082
2000-03-15,15.107816696166992
2000-03-16,15.107816696166992
2000-03-17,14.997539520263672
2000-03-20,14.482917785644531
2000-03-21,15.365126609802246
2000-03-22,15.291611671447754
2000-03-23,16.137062072753906
2000-03-24,17.239818572998047
2000-03-27,18.37933921813965
2000-03-28,18.56313133239746
2000-03-29,18.56313133239746
2000-03-30,18.37933921813965
2000-03-31,17.313335418701172
2000-04-03,17.313335418701172
2000-04-04,17.313335418701172
2000-04-05,19.665897369384766
2000-04-06,20.95244789123535
2000-04-07,20.40106773376465
2000-04-10,22.606590270996094
2000-04-11,21.320035934448242
2000-04-12,20.217275619506836
2000-04-13,19.298309326171875
2000-04-14,18.930721282958984
2000-04-17,18.74692726135254
2000-04-18,20.033485412597656
2000-04-19,19.11451530456543
2000-04-20,19.482101440429688
2000-04-21,19.298309326171875
2000-04-24,18.011756896972656
2000-04-25,18.342578887939453
2000-04-26,17.092784881591797
2000-04-27,16.394372940063477
2000-04-28,17.239818572998047
2000-05-01,17.239818572998047
2000-05-02,16.541410446166992
2000-05-03,15.401886940002441
2000-05-04,15.291611671447754
2000-05-05,16.173818588256836
2000-05-08,16.32085418701172
2000-05-09,16.32085418701172
2000-05-10,16.467891693115234
2000-05-11,15.32837200164795
2000-05-12,15.585683822631836
2000-05-15,15.43864631652832
2000-05-16,16.504650115966797
2000-05-17,17.6441707611084
2000-05-18,18.04851531982422
2000-05-19,18.74692726135254
2000-05-22,18.56313133239746
2000-05-23,17.864715576171875
2000-05-24,17.460372924804688
2000-05-25,17.092784881591797
2000-05-26,17.129545211791992
2000-05-29,17.276578903198242
2000-05-30,17.276578903198242
2000-05-31,17.827960968017578
2000-06-01,17.827960968017578
2000-06-02,17.827960968017578
2000-06-05,18.232303619384766
2000-06-06,18.232303619384766
2000-06-07,18.195547103881836
2000-06-08,18.232303619384766
2000-06-09,18.085277557373047
2000-06-12,17.6441707611084
2000-06-13,16.945756912231445
2000-06-14,17.239818572998047
2000-06-15,16.982515335083008
2000-06-16,16.72519874572754
2000-06-19,16.835477828979492
2000-06-20,16.835477828979492
2000-06-21,16.72519874572754
2000-06-22,17.092784881591797
2000-06-23,17.056028366088867
2000-06-26,16.61492347717285
2000-06-27,16.02678680419922
2000-06-28,15.585683822631836
2000-06-29,14.51968002319336
2000-06-30,14.62995719909668
2000-07-03,14.225607872009277
2000-07-04,13.453679084777832
2000-07-05,14.188852310180664
2000-07-06,13.747745513916016
2000-07-07,13.89477825164795
2000-07-10,13.821263313293457
2000-07-11,14.005061149597168
2000-07-12,14.482917785644531
2000-07-13,14.593195915222168
2000-07-14,14.446161270141602
2000-07-17,14.556439399719238
2000-07-18,14.188852310180664
2000-07-19,14.188852310180664
2000-07-20,13.41692066192627
2000-07-21,13.41692066192627
2000-07-24,13.233125686645508
2000-07-25,12.865537643432617
2000-07-26,12.718501091003418
2000-07-27,12.497953414916992
2000-07-28,12.424432754516602
2000-07-31,12.534710884094238
2000-08-01,12.424432754516602
2000-08-02,12.167121887207031
2000-08-03,11.946571350097656
2000-08-04,12.755263328552246
2000-08-07,13.012572288513184
2000-08-08,13.012572288513184
2000-08-09,13.858023643493652
2000-08-10,13.306645393371582
2000-08-11,13.159608840942383
2000-08-14,12.79201889038086
2000-08-15,12.865537643432617
2000-08-16,13.159608840942383
2000-08-17,13.527193069458008
2000-08-18,13.674229621887207
2000-08-21,14.29912281036377
2000-08-22,13.710988998413086
2000-08-23,13.710988998413086
2000-08-24,13.490438461303711
2000-08-25,13.233125686645508
2000-08-28,12.939054489135742
2000-08-29,12.865537643432617
2000-08-30,12.902297019958496
2000-08-31,13.122849464416504
2000-09-01,13.049332618713379
2000-09-04,13.26988410949707
2000-09-05,13.012572288513184
2000-09-06,12.828782081604004
2000-09-07,12.424432754516602
2000-09-08,12.534710884094238
2000-09-11,12.314159393310547
2000-09-12,12.314159393310547
2000-09-13,12.277399063110352
2000-09-14,11.873052597045898
2000-09-15,11.35843563079834
2000-09-18,9.961603164672852
2000-09-19,9.924846649169922
2000-09-20,10.108637809753418
2000-09-21,10.071874618530273
2000-09-22,9.37346363067627
2000-09-25,8.822084426879883
2000-09-26,9.152908325195312
2000-09-27,8.858840942382812
2000-09-28,8.89560317993164
2000-09-29,9.37346363067627
2000-10-02,9.116154670715332
2000-10-03,8.785323143005371
2000-10-04,8.491255760192871
2000-10-05,8.197189331054688
2000-10-06,8.748564720153809
2000-10-09,8.601530075073242
2000-10-10,8.601530075073242
2000-10-11,8.307461738586426
2000-10-12,7.756082057952881
2000-10-13,7.535530090332031
2000-10-16,7.535530090332031
2000-10-17,6.543046474456787
2000-10-18,6.101942539215088
2000-10-19,5.697592735290527
2000-10-20,6.065179347991943
2000-10-23,5.697592735290527
2000-10-24,5.88139009475708
2000-10-25,6.285732269287109
2000-10-26,6.359250545501709
2000-10-27,6.359250545501709
2000-10-30,5.954906463623047
2000-10-31,5.771110534667969
2000-11-01,5.587319374084473
2000-11-02,5.403524398803711
2000-11-03,5.29325008392334
2000-11-06,4.944045066833496
2000-11-07,5.0175580978393555
2000-11-08,5.366768836975098
2000-11-09,5.256493091583252
2000-11-10,5.624075889587402
2000-11-13,5.844628810882568
2000-11-14,5.513801097869873
2000-11-15,5.29325008392334
2000-11-16,4.925662040710449
2000-11-17,4.778627872467041
2000-11-20,4.411040306091309
2000-11-21,4.631592273712158
2000-11-22,4.705108642578125
2000-11-23,4.631592273712158
2000-11-24,4.8705267906188965
2000-11-27,4.8889055252075195
2000-11-28,4.833766937255859
2000-11-29,4.705108642578125
2000-11-30,4.576456069946289
2000-12-01,4.5213189125061035
2000-12-04,4.374282360076904
2000-12-05,4.337522983551025
2000-12-06,4.337522983551025
2000-12-07,4.337522983551025
2000-12-08,4.190491676330566
2000-12-11,4.061834812164307
2000-12-12,4.043457508087158
2000-12-13,4.116974830627441
2000-12-14,4.3926615715026855
2000-12-15,4.686731815338135
2000-12-18,4.3926615715026855
2000-12-19,4.245627403259277
2000-12-20,4.098591327667236
2000-12-21,3.969939947128296
2000-12-22,3.8780391216278076
2000-12-25,3.8780391216278076
2000-12-26,3.859661102294922
2000-12-27,3.7310047149658203
2000-12-28,3.841282606124878
2000-12-29,3.7126259803771973
2001-01-01,3.7126259803771973
2001-01-02,3.841282606124878
2001-01-03,4.00669527053833
2001-01-04,4.282386302947998
2001-01-05,4.576456069946289
2001-01-08,4.631592273712158
2001-01-09,4.925662040710449
2001-01-10,5.146214485168457
2001-01-11,4.8705267906188965
2001-01-12,4.852145195007324
2001-01-15,4.778627872467041
2001-01-16,5.109457969665527
2001-01-17,5.458662033081055
2001-01-18,5.660837173461914
2001-01-19,5.660837173461914
2001-01-22,5.660837173461914
2001-01-23,5.660837173461914
2001-01-24,5.660837173461914
2001-01-25,5.660837173461914
2001-01-26,5.660837173461914
2001-01-29,5.274871826171875
2001-01-30,5.513801097869873
2001-01-31,5.88139009475708
2001-02-01,6.285732269287109
2001-02-02,6.69008207321167
2001-02-05,7.1311845779418945
2001-02-06,7.2782182693481445
2001-02-07,6.800356864929199
2001-02-08,6.8371171951293945
2001-02-09,7.05766487121582
2001-02-12,7.05766487121582
2001-02-13,7.094426155090332
2001-02-14,7.572287559509277
2001-02-15,7.756082057952881
2001-02-16,7.351734161376953
2001-02-19,6.910634517669678
2001-02-20,6.947389125823975
2001-02-21,7.425252914428711
2001-02-22,7.1311845779418945
2001-02-23,6.910634517669678
2001-02-26,7.1311845779418945
2001-02-27,7.167943000793457
2001-02-28,7.167943000793457
2001-03-01,6.800356864929199
2001-03-02,6.800356864929199
2001-03-05,6.87387228012085
2001-03-06,6.984147548675537
2001-03-07,7.462014675140381
2001-03-08,7.645804405212402
2001-03-09,7.572287559509277
2001-03-12,7.2046990394592285
2001-03-13,7.2046990394592285
2001-03-14,7.2046990394592285
2001-03-15,8.197189331054688
2001-03-16,8.01339054107666
2001-03-19,7.462014675140381
2001-03-20,7.498769760131836
2001-03-21,7.388496398925781
2001-03-22,7.792840003967285
2001-03-23,7.829600811004639
2001-03-26,8.086909294128418
2001-03-27,8.638286590576172
2001-03-28,8.086909294128418
2001-03-29,8.233945846557617
2001-03-30,8.01339054107666
2001-04-02,7.535530090332031
2001-04-03,7.05766487121582
2001-04-04,6.984147548675537
2001-04-05,6.984147548675537
2001-04-06,7.462014675140381
2001-04-09,7.645804405212402
2001-04-10,7.167943000793457
2001-04-11,7.2782182693481445
2001-04-12,7.462014675140381
2001-04-13,7.2782182693481445
2001-04-16,7.05766487121582
2001-04-17,7.1311845779418945
2001-04-18,7.167943000793457
2001-04-19,7.167943000793457
2001-04-20,7.167943000793457
2001-04-23,7.094426155090332
2001-04-24,7.167943000793457
2001-04-25,7.05766487121582
2001-04-26,7.05766487121582
2001-04-27,6.984147548675537
2001-04-30,6.506286144256592
2001-05-01,6.506286144256592
2001-05-02,6.065179347991943
2001-05-03,6.322493553161621
2001-05-04,5.88139009475708
2001-05-07,5.513801097869873
2001-05-08,5.219732761383057
2001-05-09,5.256493091583252
2001-05-10,5.146214485168457
2001-05-11,5.366768836975098
2001-05-14,5.219732761383057
2001-05-15,5.1829752922058105
2001-05-16,5.219732761383057
2001-05-17,5.29325008392334
2001-05-18,5.146214485168457
2001-05-21,4.815388202667236
2001-05-22,4.6683526039123535
2001-05-23,4.980801582336426
2001-05-24,5.311627388000488
2001-05-25,5.403524398803711
2001-05-28,5.256493091583252
2001-05-29,5.109457969665527
2001-05-30,5.072697639465332
2001-05-31,4.962423324584961
2001-06-01,5.29325008392334
2001-06-04,5.660837173461914
2001-06-05,5.697592735290527
2001-06-06,5.954906463623047
2001-06-07,5.954906463623047
2001-06-08,6.248976707458496
2001-06-11,6.248976707458496
2001-06-12,6.101942539215088
2001-06-13,5.954906463623047
2001-06-14,6.138698101043701
2001-06-15,6.138698101043701
2001-06-18,5.88139009475708
2001-06-19,5.954906463623047
2001-06-20,5.807872295379639
2001-06-21,5.734354019165039
2001-06-22,5.734354019165039
2001-06-25,5.734354019165039
2001-06-26,5.587319374084473
2001-06-27,5.44028377532959
2001-06-28,5.348387718200684
2001-06-29,5.587319374084473
2001-07-02,5.513801097869873
2001-07-03,5.421905994415283
2001-07-04,5.513801097869873
2001-07-05,5.513801097869873
2001-07-06,5.513801097869873
2001-07-09,5.550562858581543
2001-07-10,5.660837173461914
2001-07-11,5.513801097869873
2001-07-12,5.550562858581543
2001-07-13,5.44028377532959
2001-07-16,5.403524398803711
2001-07-17,5.421905994415283
2001-07-18,5.146214485168457
2001-07-19,4.907282829284668
2001-07-20,5.238110065460205
2001-07-23,5.366768836975098
2001-07-24,5.366768836975098
2001-07-25,5.366768836975098
2001-07-26,5.697592735290527
2001-07-27,5.807872295379639
2001-07-30,5.807872295379639
2001-07-31,5.991668224334717
2001-08-01,5.991668224334717
2001-08-02,5.991668224334717
2001-08-03,6.065179347991943
2001-08-06,5.954906463623047
2001-08-07,5.807872295379639
2001-08-08,6.0284247398376465
2001-08-09,5.88139009475708
2001-08-10,5.844628810882568
2001-08-13,6.0284247398376465
2001-08-14,6.0284247398376465
2001-08-15,6.138698101043701
2001-08-16,6.212215900421143
2001-08-17,6.065179347991943
2001-08-20,5.844628810882568
2001-08-21,5.954906463623047
2001-08-22,5.954906463623047
2001-08-23,5.954906463623047
2001-08-24,5.844628810882568
2001-08-27,5.88139009475708
2001-08-28,5.660837173461914
2001-08-29,5.513801097869873
2001-08-30,5.403524398803711
2001-08-31,5.219732761383057
2001-09-03,5.550562858581543
2001-09-04,5.88139009475708
2001-09-05,5.513801097869873
2001-09-06,5.256493091583252
2001-09-07,5.127836227416992
2001-09-10,5.201354503631592
2001-09-11,4.852145195007324
2001-09-12,4.852145195007324
2001-09-13,4.5213189125061035
2001-09-14,4.2272491455078125
2001-09-17,4.2272491455078125
2001-09-18,4.2272491455078125
2001-09-19,4.2272491455078125
2001-09-20,4.300764560699463
2001-09-21,4.153730869293213
2001-09-24,4.153730869293213
2001-09-25,4.264008045196533
2001-09-26,4.429422855377197
2001-09-27,4.411040306091309
2001-09-28,4.411040306091309
2001-10-01,4.411040306091309
2001-10-02,4.264008045196533
2001-10-03,4.08021354675293
2001-10-04,4.00669527053833
2001-10-05,4.00669527053833
2001-10-08,3.804521083831787
2001-10-09,3.914799928665161
2001-10-10,3.914799928665161
2001-10-11,4.1721086502075195
2001-10-12,4.374282360076904
2001-10-15,4.2272491455078125
2001-10-16,4.300764560699463
2001-10-17,4.08021354675293
2001-10-18,4.116974830627441
2001-10-19,4.190491676330566
2001-10-22,4.44780158996582
2001-10-23,4.411040306091309
2001-10-24,4.466178894042969
2001-10-25,4.613213062286377
2001-10-26,4.705108642578125
2001-10-29,4.484556674957275
2001-10-30,4.374282360076904
2001-10-31,4.484556674957275
2001-11-01,4.558074951171875
2001-11-02,4.649975776672363
2001-11-05,4.962423324584961
2001-11-06,5.29325008392334
2001-11-07,5.660837173461914
2001-11-08,6.0284247398376465
2001-11-09,6.0284247398376465
2001-11-12,6.285732269287109
2001-11-13,6.1754584312438965
2001-11-14,6.579804420471191
2001-11-15,7.020907878875732
2001-11-16,7.05766487121582
2001-11-19,7.535530090332031
2001-11-20,7.020907878875732
2001-11-21,7.2046990394592285
2001-11-22,6.726839542388916
2001-11-23,6.800356864929199
2001-11-26,7.241458892822266
2001-11-27,6.947389125823975
2001-11-28,6.69008207321167
2001-11-29,6.69008207321167
2001-11-30,6.69008207321167
2001-12-03,7.094426155090332
2001-12-04,7.351734161376953
2001-12-05,7.31497859954834
2001-12-06,7.792840003967285
2001-12-07,7.719322204589844
2001-12-10,8.086909294128418
2001-12-11,7.903116703033447
2001-12-12,8.417740821838379
2001-12-13,7.829600811004639
2001-12-14,7.388496398925781
2001-12-17,7.31497859954834
2001-12-18,6.8371171951293945
2001-12-19,6.543046474456787
2001-12-20,6.87387228012085
2001-12-21,6.506286144256592
2001-12-24,6.579804420471191
2001-12-25,7.020907878875732
2001-12-26,7.05766487121582
2001-12-27,7.535530090332031
2001-12-28,7.572287559509277
2001-12-31,7.719322204589844
2002-01-01,7.719322204589844
2002-01-02,7.903116703033447
2002-01-03,7.903116703033447
2002-01-04,8.601530075073242
2002-01-07,8.785323143005371
2002-01-08,8.417740821838379
2002-01-09,8.454498291015625
2002-01-10,9.042638778686523
2002-01-11,8.417740821838379
2002-01-14,7.903116703033447
2002-01-15,8.197189331054688
2002-01-16,7.719322204589844
2002-01-17,7.719322204589844
2002-01-18,7.829600811004639
2002-01-21,8.344222068786621
2002-01-22,8.528014183044434
2002-01-23,8.638286590576172
2002-01-24,8.601530075073242
2002-01-25,9.189672470092773
2002-01-28,9.814566612243652
2002-01-29,10.476223945617676
2002-01-30,11.174638748168945
2002-01-31,11.174638748168945
2002-02-01,11.50546646118164
2002-02-04,11.06436538696289
2002-02-05,11.284913063049316
2002-02-06,12.056849479675293
2002-02-07,12.056849479675293
2002-02-08,12.056849479675293
2002-02-11,12.056849479675293
2002-02-12,12.056849479675293
2002-02-13,12.056849479675293
2002-02-14,12.056849479675293
2002-02-15,12.056849479675293
2002-02-18,12.534710884094238
2002-02-19,12.424432754516602
2002-02-20,11.799534797668457
2002-02-21,11.615744590759277
2002-02-22,11.50546646118164
2002-02-25,10.917328834533691
2002-02-26,10.18215560913086
2002-02-27,10.88056755065918
2002-02-28,10.88056755065918
2002-03-01,10.512982368469238
2002-03-04,11.10112190246582
2002-03-05,11.10112190246582
2002-03-06,11.76278018951416
2002-03-07,11.4319486618042
2002-03-08,11.06436538696289
2002-03-11,11.174638748168945
2002-03-12,10.843811988830566
2002-03-13,10.58650016784668
2002-03-14,10.770297050476074
2002-03-15,11.50546646118164
2002-03-18,11.50546646118164
2002-03-19,11.468708038330078
2002-03-20,11.395190238952637
2002-03-21,11.652499198913574
2002-03-22,11.799534797668457
2002-03-25,12.60822868347168
2002-03-26,12.130367279052734
2002-03-27,11.468708038330078
2002-03-28,11.321674346923828
2002-03-29,11.4319486618042
2002-04-01,12.167121887207031
2002-04-02,11.615744590759277
2002-04-03,11.799534797668457
2002-04-04,11.211400985717773
2002-04-05,11.211400985717773
2002-04-08,10.69677734375
2002-04-09,10.88056755065918
2002-04-10,11.10112190246582
2002-04-11,10.843811988830566
2002-04-12,11.06436538696289
2002-04-15,11.284913063049316
2002-04-16,11.10112190246582
2002-04-17,11.027602195739746
2002-04-18,10.95408821105957
2002-04-19,10.807049751281738
2002-04-22,10.512982368469238
2002-04-23,10.476223945617676
2002-04-24,10.476223945617676
2002-04-25,10.476223945617676
2002-04-26,10.512982368469238
2002-04-29,9.961603164672852
2002-04-30,9.814566612243652
2002-05-01,9.814566612243652
2002-05-02,9.152908325195312
2002-05-03,8.711806297302246
2002-05-06,8.123669624328613
2002-05-07,7.8663554191589355
2002-05-08,7.976633548736572
2002-05-09,8.270703315734863
2002-05-10,8.564770698547363
2002-05-13,8.89560317993164
2002-05-14,8.748564720153809
2002-05-15,9.079392433166504
2002-05-16,8.711806297302246
2002-05-17,8.528014183044434
2002-05-20,7.939874172210693
2002-05-21,7.388496398925781
2002-05-22,7.719322204589844
2002-05-23,7.719322204589844
2002-05-24,8.197189331054688
2002-05-27,8.601530075073242
2002-05-28,8.233945846557617
2002-05-29,8.086909294128418
2002-05-30,8.16042709350586
2002-05-31,8.050153732299805
2002-06-03,7.682565212249756
2002-06-04,7.719322204589844
2002-06-05,8.086909294128418
2002-06-06,7.939874172210693
2002-06-07,7.976633548736572
2002-06-10,8.528014183044434
2002-06-11,8.123669624328613
2002-06-12,8.675047874450684
2002-06-13,9.263190269470215
2002-06-14,9.299944877624512
2002-06-17,9.446981430053711
2002-06-18,9.446981430053711
2002-06-19,8.822084426879883
2002-06-20,8.822084426879883
2002-06-21,9.079392433166504
2002-06-24,8.748564720153809
2002-06-25,8.491255760192871
2002-06-26,7.976633548736572
2002-06-27,7.976633548736572
2002-06-28,8.086909294128418
2002-07-01,7.535530090332031
2002-07-02,7.425252914428711
2002-07-03,7.535530090332031
2002-07-04,7.903116703033447
2002-07-05,8.197189331054688
2002-07-08,8.233945846557617
2002-07-09,8.123669624328613
2002-07-10,8.454498291015625
2002-07-11,8.307461738586426
2002-07-12,8.528014183044434
2002-07-15,8.528014183044434
2002-07-16,8.16042709350586
2002-07-17,8.01339054107666
2002-07-18,8.123669624328613
2002-07-19,8.01339054107666
2002-07-22,7.792840003967285
2002-07-23,8.01339054107666
2002-07-24,7.939874172210693
2002-07-25,7.829600811004639
2002-07-26,7.31497859954834
2002-07-29,7.351734161376953
2002-07-30,7.682565212249756
2002-07-31,7.719322204589844
2002-08-01,7.60904598236084
2002-08-02,7.498769760131836
2002-08-05,6.984147548675537
2002-08-06,6.726839542388916
2002-08-07,7.094426155090332
2002-08-08,6.947389125823975
2002-08-09,7.2046990394592285
2002-08-12,7.167943000793457
2002-08-13,7.1311845779418945
2002-08-14,7.60904598236084
2002-08-15,7.60904598236084
2002-08-16,7.645804405212402
2002-08-19,7.756082057952881
2002-08-20,7.682565212249756
2002-08-21,7.645804405212402
2002-08-22,7.829600811004639
2002-08-23,7.829600811004639
2002-08-26,7.976633548736572
2002-08-27,7.903116703033447
2002-08-28,7.719322204589844
2002-08-29,7.719322204589844
2002-08-30,7.535530090332031
2002-09-02,7.2782182693481445
2002-09-03,7.2046990394592285
2002-09-04,7.241458892822266
2002-09-05,6.947389125823975
2002-09-06,6.947389125823975
2002-09-09,6.910634517669678
2002-09-10,7.2046990394592285
2002-09-11,7.2046990394592285
2002-09-12,7.2046990394592285
2002-09-13,7.1311845779418945
2002-09-16,7.351734161376953
2002-09-17,7.425252914428711
2002-09-18,7.425252914428711
2002-09-19,7.351734161376953
2002-09-20,7.1311845779418945
2002-09-23,7.020907878875732
2002-09-24,6.800356864929199
2002-09-25,6.359250545501709
2002-09-26,6.359250545501709
2002-09-27,6.248976707458496
2002-09-30,6.359250545501709
2002-10-01,6.469529151916504
2002-10-02,6.43276834487915
2002-10-03,6.248976707458496
2002-10-04,6.138698101043701
2002-10-07,5.807872295379639
2002-10-08,5.88139009475708
2002-10-09,5.88139009475708
2002-10-10,5.88139009475708
2002-10-11,5.697592735290527
2002-10-14,5.88139009475708
2002-10-15,6.285732269287109
2002-10-16,6.285732269287109
2002-10-17,6.212215900421143
2002-10-18,6.579804420471191
2002-10-21,6.984147548675537
2002-10-22,6.910634517669678
2002-10-23,7.351734161376953
2002-10-24,7.241458892822266
2002-10-25,6.984147548675537
2002-10-28,7.2046990394592285
2002-10-29,7.167943000793457
2002-10-30,6.87387228012085
2002-10-31,7.05766487121582
2002-11-01,7.535530090332031
2002-11-04,7.535530090332031
2002-11-05,7.645804405212402
2002-11-06,7.756082057952881
2002-11-07,7.903116703033447
2002-11-08,8.16042709350586
2002-11-11,7.60904598236084
2002-11-12,7.645804405212402
2002-11-13,7.60904598236084
2002-11-14,7.645804405212402
2002-11-15,7.903116703033447
2002-11-18,7.903116703033447
2002-11-19,7.939874172210693
2002-11-20,7.719322204589844
2002-11-21,7.719322204589844
2002-11-22,8.233945846557617
2002-11-25,8.454498291015625
2002-11-26,8.197189331054688
2002-11-27,8.123669624328613
2002-11-28,8.01339054107666
2002-11-29,7.939874172210693
2002-12-02,7.939874172210693
2002-12-03,8.528014183044434
2002-12-04,8.344222068786621
2002-12-05,8.16042709350586
2002-12-06,8.123669624328613
2002-12-09,8.123669624328613
2002-12-10,8.086909294128418
2002-12-11,8.050153732299805
2002-12-12,7.572287559509277
2002-12-13,7.351734161376953
2002-12-16,7.462014675140381
2002-12-17,7.31497859954834
2002-12-18,7.167943000793457
2002-12-19,7.05766487121582
2002-12-20,7.425252914428711
2002-12-23,7.1311845779418945
2002-12-24,7.094426155090332
2002-12-25,7.05766487121582
2002-12-26,7.241458892822266
2002-12-27,7.05766487121582
2002-12-30,6.87387228012085
2002-12-31,6.910634517669678
2003-01-01,6.910634517669678
2003-01-02,7.2046990394592285
2003-01-03,7.167943000793457
2003-01-06,7.241458892822266
2003-01-07,7.2046990394592285
2003-01-08,7.2046990394592285
2003-01-09,7.1311845779418945
2003-01-10,7.241458892822266
2003-01-13,7.719322204589844
2003-01-14,7.60904598236084
2003-01-15,7.60904598236084
2003-01-16,7.462014675140381
2003-01-17,7.241458892822266
2003-01-20,7.2046990394592285
2003-01-21,7.05766487121582
2003-01-22,6.8371171951293945
2003-01-23,6.947389125823975
2003-01-24,6.8371171951293945
2003-01-27,6.763598442077637
2003-01-28,6.69008207321167
2003-01-29,6.69008207321167
2003-01-30,6.69008207321167
2003-01-31,6.69008207321167
2003-02-03,6.69008207321167
2003-02-04,6.69008207321167
2003-02-05,6.69008207321167
2003-02-06,6.248976707458496
2003-02-07,6.138698101043701
2003-02-10,6.101942539215088
2003-02-11,6.248976707458496
2003-02-12,6.212215900421143
2003-02-13,6.248976707458496
2003-02-14,6.248976707458496
2003-02-17,6.469529151916504
2003-02-18,6.43276834487915
2003-02-19,6.3960113525390625
2003-02-20,6.469529151916504
2003-02-21,6.43276834487915
2003-02-24,6.506286144256592
2003-02-25,6.469529151916504
2003-02-26,6.543046474456787
2003-02-27,6.543046474456787
2003-02-28,6.543046474456787
2003-03-03,6.579804420471191
2003-03-04,6.543046474456787
2003-03-05,6.506286144256592
2003-03-06,6.469529151916504
2003-03-07,6.43276834487915
2003-03-10,6.359250545501709
2003-03-11,6.359250545501709
2003-03-12,6.579804420471191
2003-03-13,6.653322696685791
2003-03-14,6.910634517669678
2003-03-17,6.87387228012085
2003-03-18,6.984147548675537
2003-03-19,6.947389125823975
2003-03-20,6.947389125823975
2003-03-21,6.87387228012085
2003-03-24,6.910634517669678
2003-03-25,6.910634517669678
2003-03-26,6.800356864929199
2003-03-27,6.763598442077637
2003-03-28,6.726839542388916
2003-03-31,6.653322696685791
2003-04-01,6.616565227508545
2003-04-02,6.579804420471191
2003-04-03,6.579804420471191
2003-04-04,6.726839542388916
2003-04-07,6.763598442077637
2003-04-08,6.763598442077637
2003-04-09,6.726839542388916
2003-04-10,6.726839542388916
2003-04-11,6.726839542388916
2003-04-14,6.69008207321167
2003-04-15,6.69008207321167
2003-04-16,6.8371171951293945
2003-04-17,6.947389125823975
2003-04-18,7.2782182693481445
2003-04-21,7.535530090332031
2003-04-22,7.2782182693481445
2003-04-23,7.241458892822266
2003-04-24,7.05766487121582
2003-04-25,6.87387228012085
2003-04-28,6.726839542388916
2003-04-29,6.984147548675537
2003-04-30,6.763598442077637
2003-05-01,6.763598442077637
2003-05-02,6.910634517669678
2003-05-05,7.388496398925781
2003-05-06,7.351734161376953
2003-05-07,7.2782182693481445
2003-05-08,7.31497859954834
2003-05-09,7.31497859954834
2003-05-12,7.388496398925781
2003-05-13,7.60904598236084
2003-05-14,7.719322204589844
2003-05-15,7.535530090332031
2003-05-16,7.462014675140381
2003-05-19,7.425252914428711
2003-05-20,7.425252914428711
2003-05-21,7.351734161376953
2003-05-22,7.462014675140381
2003-05-23,7.535530090332031
2003-05-26,8.050153732299805
2003-05-27,8.123669624328613
2003-05-28,8.050153732299805
2003-05-29,8.233945846557617
2003-05-30,8.16042709350586
2003-06-02,8.711806297302246
2003-06-03,9.005876541137695
2003-06-04,9.005876541137695
2003-06-05,8.748564720153809
2003-06-06,8.89560317993164
2003-06-09,8.89560317993164
2003-06-10,8.89560317993164
2003-06-11,8.307461738586426
2003-06-12,8.307461738586426
2003-06-13,8.491255760192871
2003-06-16,8.344222068786621
2003-06-17,8.89560317993164
2003-06-18,8.711806297302246
2003-06-19,8.932357788085938
2003-06-20,8.454498291015625
2003-06-23,8.380977630615234
2003-06-24,8.822084426879883
2003-06-25,9.410223007202148
2003-06-26,9.22642707824707
2003-06-27,8.932357788085938
2003-06-30,8.89560317993164
2003-07-01,9.116154670715332
2003-07-02,9.116154670715332
2003-07-03,8.822084426879883
2003-07-04,8.96911907196045
2003-07-07,9.042638778686523
2003-07-08,9.116154670715332
2003-07-09,9.630776405334473
2003-07-10,9.410223007202148
2003-07-11,9.741049766540527
2003-07-14,9.741049766540527
2003-07-15,9.557258605957031
2003-07-16,9.741049766540527
2003-07-17,9.557258605957031
2003-07-18,9.22642707824707
2003-07-21,9.005876541137695
2003-07-22,9.005876541137695
2003-07-23,9.116154670715332
2003-07-24,9.446981430053711
2003-07-25,9.446981430053711
2003-07-28,9.189672470092773
2003-07-29,9.079392433166504
2003-07-30,9.299944877624512
2003-07-31,9.116154670715332
2003-08-01,9.22642707824707
2003-08-04,9.152908325195312
2003-08-05,8.89560317993164
2003-08-06,8.675047874450684
2003-08-07,8.711806297302246
2003-08-08,8.454498291015625
2003-08-11,8.380977630615234
2003-08-12,8.417740821838379
2003-08-13,8.785323143005371
2003-08-14,8.601530075073242
2003-08-15,8.638286590576172
2003-08-18,8.638286590576172
2003-08-19,8.638286590576172
2003-08-20,8.638286590576172
2003-08-21,8.822084426879883
2003-08-22,8.638286590576172
2003-08-25,8.638286590576172
2003-08-26,8.270703315734863
2003-08-27,8.086909294128418
2003-08-28,8.01339054107666
2003-08-29,8.16042709350586
2003-09-01,8.086909294128418
2003-09-02,7.976633548736572
2003-09-03,8.01339054107666
2003-09-04,7.976633548736572
2003-09-05,7.829600811004639
2003-09-08,7.903116703033447
2003-09-09,8.01339054107666
2003-09-10,8.197189331054688
2003-09-11,8.197189331054688
2003-09-12,8.086909294128418
2003-09-15,7.976633548736572
2003-09-16,8.01339054107666
2003-09-17,8.197189331054688
2003-09-18,8.270703315734863
2003-09-19,8.197189331054688
2003-09-22,8.344222068786621
2003-09-23,8.197189331054688
2003-09-24,8.086909294128418
2003-09-25,8.086909294128418
2003-09-26,7.939874172210693
2003-09-29,7.976633548736572
2003-09-30,7.903116703033447
2003-10-01,7.792840003967285
2003-10-02,7.829600811004639
2003-10-03,7.976633548736572
2003-10-06,8.01339054107666
2003-10-07,8.01339054107666
2003-10-08,8.01339054107666
2003-10-09,8.086909294128418
2003-10-10,8.086909294128418
2003-10-13,8.233945846557617
2003-10-14,8.123669624328613
2003-10-15,8.086909294128418
2003-10-16,8.123669624328613
2003-10-17,8.233945846557617
2003-10-20,8.564770698547363
2003-10-21,8.564770698547363
2003-10-22,8.785323143005371
2003-10-23,8.822084426879883
2003-10-24,8.748564720153809
2003-10-27,8.564770698547363
2003-10-28,8.491255760192871
2003-10-29,8.380977630615234
2003-10-30,8.380977630615234
2003-10-31,8.197189331054688
2003-11-03,8.123669624328613
2003-11-04,8.344222068786621
2003-11-05,8.270703315734863
2003-11-06,8.16042709350586
2003-11-07,8.233945846557617
2003-11-10,8.417740821838379
2003-11-11,8.307461738586426
2003-11-12,8.344222068786621
2003-11-13,8.711806297302246
2003-11-14,8.491255760192871
2003-11-17,8.454498291015625
2003-11-18,8.307461738586426
2003-11-19,8.123669624328613
2003-11-20,8.086909294128418
2003-11-21,8.123669624328613
2003-11-24,8.086909294128418
2003-11-25,8.123669624328613
2003-11-26,8.086909294128418
2003-11-27,7.976633548736572
2003-11-28,7.903116703033447
2003-12-01,8.050153732299805
2003-12-02,8.01339054107666
2003-12-03,8.086909294128418
2003-12-04,8.233945846557617
2003-12-05,8.050153732299805
2003-12-08,8.01339054107666
2003-12-09,7.976633548736572
2003-12-10,8.050153732299805
2003-12-11,8.16042709350586
2003-12-12,8.16042709350586
2003-12-15,8.16042709350586
2003-12-16,8.123669624328613
2003-12-17,7.976633548736572
2003-12-18,8.050153732299805
2003-12-19,8.050153732299805
2003-12-22,8.050153732299805
2003-12-23,8.01339054107666
2003-12-24,8.086909294128418
2003-12-25,8.16042709350586
2003-12-26,8.197189331054688
2003-12-29,8.01339054107666
2003-12-30,8.050153732299805
2003-12-31,8.01339054107666
2004-01-01,8.01339054107666
2004-01-02,8.050153732299805
2004-01-05,7.976633548736572
2004-01-06,8.050153732299805
2004-01-07,8.01339054107666
2004-01-08,8.050153732299805
2004-01-09,8.16042709350586
2004-01-12,8.344222068786621
2004-01-13,8.16042709350586
2004-01-14,8.16042709350586
2004-01-15,8.197189331054688
2004-01-16,8.086909294128418
2004-01-19,8.086909294128418
2004-01-20,8.086909294128418
2004-01-21,8.086909294128418
2004-01-22,8.086909294128418
2004-01-23,8.086909294128418
2004-01-26,8.086909294128418
2004-01-27,8.086909294128418
2004-01-28,8.307461738586426
2004-01-29,8.16042709350586
2004-01-30,8.454498291015625
2004-02-02,8.601530075073242
2004-02-03,8.380977630615234
2004-02-04,8.307461738586426
2004-02-05,8.307461738586426
2004-02-06,8.454498291015625
2004-02-09,8.564770698547363
2004-02-10,8.89560317993164
2004-02-11,9.483741760253906
2004-02-12,9.042638778686523
2004-02-13,9.116154670715332
2004-02-16,9.116154670715332
2004-02-17,9.37346363067627
2004-02-18,9.37346363067627
2004-02-19,9.22642707824707
2004-02-20,9.116154670715332
2004-02-23,9.667533874511719
2004-02-24,9.741049766540527
2004-02-25,10.402709007263184
2004-02-26,11.10112190246582
2004-02-27,11.395190238952637
2004-03-01,11.689262390136719
2004-03-02,11.50546646118164
2004-03-03,11.174638748168945
2004-03-04,11.35843563079834
2004-03-05,12.130367279052734
2004-03-08,11.946571350097656
2004-03-09,11.468708038330078
2004-03-10,11.395190238952637
2004-03-11,11.284913063049316
2004-03-12,11.027602195739746
2004-03-15,10.329191207885742
2004-03-16,10.476223945617676
2004-03-17,10.88056755065918
2004-03-18,11.615744590759277
2004-03-19,11.652499198913574
2004-03-22,10.843811988830566
2004-03-23,10.54974365234375
2004-03-24,10.660017967224121
2004-03-25,10.733537673950195
2004-03-26,10.329191207885742
2004-03-29,10.917328834533691
2004-03-30,10.69677734375
2004-03-31,11.248157501220703
2004-04-01,11.174638748168945
2004-04-02,11.137884140014648
2004-04-05,11.027602195739746
2004-04-06,11.137884140014648
2004-04-07,11.395190238952637
2004-04-08,11.873052597045898
2004-04-09,11.578988075256348
2004-04-12,11.873052597045898
2004-04-13,11.76278018951416
2004-04-14,11.652499198913574
2004-04-15,10.88056755065918
2004-04-16,11.027602195739746
2004-04-19,10.770297050476074
2004-04-20,10.770297050476074
2004-04-21,10.807049751281738
2004-04-22,10.807049751281738
2004-04-23,10.660017967224121
2004-04-26,10.365946769714355
2004-04-27,10.512982368469238
2004-04-28,10.365946769714355
2004-04-29,9.704293251037598
2004-04-30,9.042638778686523
2004-05-03,8.638286590576172
2004-05-04,8.89560317993164
2004-05-05,8.307461738586426
2004-05-06,7.829600811004639
2004-05-07,7.829600811004639
2004-05-10,7.31497859954834
2004-05-11,7.094426155090332
2004-05-12,7.572287559509277
2004-05-13,7.682565212249756
2004-05-14,7.388496398925781
2004-05-17,6.87387228012085
2004-05-18,6.763598442077637
2004-05-19,7.2046990394592285
2004-05-20,7.2046990394592285
2004-05-21,7.682565212249756
2004-05-24,7.829600811004639
2004-05-25,7.756082057952881
2004-05-26,7.756082057952881
2004-05-27,7.829600811004639
2004-05-28,7.8663554191589355
2004-05-31,7.572287559509277
2004-06-01,7.535530090332031
2004-06-02,7.31497859954834
2004-06-03,7.167943000793457
2004-06-04,7.241458892822266
2004-06-07,7.498769760131836
2004-06-08,7.829600811004639
2004-06-09,7.792840003967285
2004-06-10,7.60904598236084
2004-06-11,7.31497859954834
2004-06-14,7.1311845779418945
2004-06-15,7.241458892822266
2004-06-16,7.1311845779418945
2004-06-17,7.167943000793457
2004-06-18,7.05766487121582
2004-06-21,6.87387228012085
2004-06-22,6.87387228012085
2004-06-23,6.763598442077637
2004-06-24,6.910634517669678
2004-06-25,6.800356864929199
2004-06-28,6.3960113525390625
2004-06-29,6.579804420471191
2004-06-30,6.543046474456787
2004-07-01,6.506286144256592
2004-07-02,6.469529151916504
2004-07-05,6.616565227508545
2004-07-06,6.616565227508545
2004-07-07,6.69008207321167
2004-07-08,6.616565227508545
2004-07-09,6.763598442077637
2004-07-12,6.616565227508545
2004-07-13,6.543046474456787
2004-07-14,6.543046474456787
2004-07-15,6.506286144256592
2004-07-16,6.469529151916504
2004-07-19,6.248976707458496
2004-07-20,5.844628810882568
2004-07-21,6.101942539215088
2004-07-22,6.212215900421143
2004-07-23,6.322493553161621
2004-07-26,6.248976707458496
2004-07-27,6.43276834487915
2004-07-28,6.677213191986084
2004-07-29,6.677213191986084
2004-07-30,7.024587154388428
2004-08-02,7.063179016113281
2004-08-03,7.063179016113281
2004-08-04,7.024587154388428
2004-08-05,7.178971290588379
2004-08-06,7.217567443847656
2004-08-09,7.3333539962768555
2004-08-10,7.3333539962768555
2004-08-11,7.3333539962768555
2004-08-12,7.449146270751953
2004-08-13,7.526340007781982
2004-08-16,7.64212703704834
2004-08-17,7.64212703704834
2004-08-18,7.680726528167725
2004-08-19,7.719322204589844
2004-08-20,7.719322204589844
2004-08-23,7.719322204589844
2004-08-24,7.719322204589844
2004-08-25,7.719322204589844
2004-08-26,7.757919788360596
2004-08-27,7.873709201812744
2004-08-30,7.796513557434082
2004-08-31,7.719322204589844
2004-09-01,7.719322204589844
2004-09-02,7.680726528167725
2004-09-03,7.680726528167725
2004-09-06,7.757919788360596
2004-09-07,7.757919788360596
2004-09-08,7.91230583190918
2004-09-09,7.796513557434082
2004-09-10,8.336868286132812
2004-09-13,8.915815353393555
2004-09-14,8.838627815246582
2004-09-15,9.30178451538086
2004-09-16,9.494769096374512
2004-09-17,9.456168174743652
2004-09-20,9.108800888061523
2004-09-21,8.954416275024414
2004-09-22,9.340378761291504
2004-09-23,9.340378761291504
2004-09-24,9.378976821899414
2004-09-27,9.30178451538086
2004-09-28,9.30178451538086
2004-09-29,8.993010520935059
2004-09-30,9.070202827453613
2004-10-01,9.070202827453613
2004-10-04,9.340378761291504
2004-10-05,9.340378761291504
2004-10-06,9.340378761291504
2004-10-07,9.263190269470215
2004-10-08,9.842137336730957
2004-10-11,9.842137336730957
2004-10-12,9.185996055603027
2004-10-13,9.378976821899414
2004-10-14,9.263190269470215
2004-10-15,9.108800888061523
2004-10-18,8.838627815246582
2004-10-19,8.684237480163574
2004-10-20,8.645641326904297
2004-10-21,8.684237480163574
2004-10-22,8.722834587097168
2004-10-25,8.722834587097168
2004-10-26,8.684237480163574
2004-10-27,8.607047080993652
2004-10-28,8.684237480163574
2004-10-29,8.800027847290039
2004-11-01,8.491256713867188
2004-11-02,8.568446159362793
2004-11-03,8.645641326904297
2004-11-04,8.645641326904297
2004-11-05,9.031607627868652
2004-11-08,8.877222061157227
2004-11-09,9.185996055603027
2004-11-10,9.070202827453613
2004-11-11,8.684237480163574
2004-11-12,8.915815353393555
2004-11-15,8.993010520935059
2004-11-16,9.30178451538086
2004-11-17,9.687748908996582
2004-11-18,10.26669692993164
2004-11-19,10.228103637695312
2004-11-22,9.533361434936523
2004-11-23,9.41757583618164
2004-11-24,9.41757583618164
2004-11-25,9.494769096374512
2004-11-26,9.263190269470215
2004-11-29,8.954416275024414
2004-11-30,8.800027847290039
2004-12-01,9.031607627868652
2004-12-02,9.147396087646484
2004-12-03,9.070202827453613
2004-12-06,9.070202827453613
2004-12-07,8.993010520935059
2004-12-08,9.031607627868652
2004-12-09,9.263190269470215
2004-12-10,9.263190269470215
2004-12-13,9.185996055603027
2004-12-14,9.263190269470215
2004-12-15,9.456168174743652
2004-12-16,9.764945983886719
2004-12-17,9.533361434936523
2004-12-20,9.378976821899414
2004-12-21,9.378976821899414
2004-12-22,9.456168174743652
2004-12-23,9.30178451538086
2004-12-24,9.378976821899414
2004-12-27,9.185996055603027
2004-12-28,9.30178451538086
2004-12-29,9.533361434936523
2004-12-30,9.378976821899414
2004-12-31,9.649154663085938
2005-01-03,9.571962356567383
2005-01-04,9.378976821899414
2005-01-05,9.378976821899414
2005-01-06,9.456168174743652
2005-01-07,9.378976821899414
2005-01-10,9.41757583618164
2005-01-11,9.378976821899414
2005-01-12,9.30178451538086
2005-01-13,8.838627815246582
2005-01-14,8.838627815246582
2005-01-17,8.993010520935059
2005-01-18,8.800027847290039
2005-01-19,9.185996055603027
2005-01-20,9.108800888061523
2005-01-21,9.070202827453613
2005-01-24,8.954416275024414
2005-01-25,8.993010520935059
2005-01-26,9.108800888061523
2005-01-27,9.224589347839355
2005-01-28,9.494769096374512
2005-01-31,9.919329643249512
2005-02-01,9.803540229797363
2005-02-02,9.842137336730957
2005-02-03,9.803540229797363
2005-02-04,9.803540229797363
2005-02-07,9.803540229797363
2005-02-08,9.803540229797363
2005-02-09,9.803540229797363
2005-02-10,9.803540229797363
2005-02-11,9.803540229797363
2005-02-14,10.150909423828125
2005-02-15,10.228103637695312
2005-02-16,10.691262245178223
2005-02-17,10.382491111755371
2005-02-18,10.45968246459961
2005-02-21,10.26669692993164
2005-02-22,10.26669692993164
2005-02-23,10.45968246459961
2005-02-24,10.922842025756836
2005-02-25,11.115822792053223
2005-02-28,11.115822792053223
2005-03-01,11.578985214233398
2005-03-02,11.443896293640137
2005-03-03,12.235125541687012
2005-03-04,12.312318801879883
2005-03-07,12.524602890014648
2005-03-08,12.698287010192871
2005-03-09,13.180745124816895
2005-03-10,13.663199424743652
2005-03-11,13.33513069152832
2005-03-14,12.91057014465332
2005-03-15,12.79477596282959
2005-03-16,12.89127254486084
2005-03-17,13.142148971557617
2005-03-18,13.045658111572266
2005-03-21,13.27723217010498
2005-03-22,13.27723217010498
2005-03-23,13.33513069152832
2005-03-24,12.852672576904297
2005-03-25,12.640388488769531
2005-03-28,12.640388488769531
2005-03-29,12.312318801879883
2005-03-30,13.12285041809082
2005-03-31,13.586007118225098
2005-04-01,13.817588806152344
2005-04-04,13.354426383972168
2005-04-05,13.354426383972168
2005-04-06,13.354426383972168
2005-04-07,12.736884117126465
2005-04-08,13.393022537231445
2005-04-11,13.007059097290039
2005-04-12,13.12285041809082
2005-04-13,13.103549003601074
2005-04-14,13.161444664001465
2005-04-15,13.02635383605957
2005-04-18,12.65969181060791
2005-04-19,12.65969181060791
2005-04-20,12.254427909851074
2005-04-21,12.254427909851074
2005-04-22,12.698287010192871
2005-04-25,12.698287010192871
2005-04-26,12.698287010192871
2005-04-27,12.9298677444458
2005-04-28,12.987760543823242
2005-04-29,12.968464851379395
2005-05-02,12.968464851379395
2005-05-03,12.949161529541016
2005-05-04,12.698287010192871
2005-05-05,12.89127254486084
2005-05-06,12.852672576904297
2005-05-09,13.315831184387207
2005-05-10,13.29653549194336
2005-05-11,12.949161529541016
2005-05-12,13.084251403808594
2005-05-13,13.50881290435791
2005-05-16,14.35793685913086
2005-05-17,14.319348335266113
2005-05-18,15.303560256958008
2005-05-19,15.901806831359863
2005-05-20,15.438648223876953
2005-05-23,15.438648223876953
2005-05-24,15.438648223876953
2005-05-25,14.975491523742676
2005-05-26,15.573731422424316
2005-05-27,16.210575103759766
2005-05-30,17.17549705505371
2005-05-31,17.252687454223633
2005-06-01,17.13689422607422
2005-06-02,16.94391441345215
2005-06-03,17.13689422607422
2005-06-06,17.291282653808594
2005-06-07,17.194791793823242
2005-06-08,18.217601776123047
2005-06-09,18.893043518066406
2005-06-10,19.877260208129883
2005-06-13,21.22814178466797
2005-06-14,20.224626541137695
2005-06-15,20.147432327270508
2005-06-16,20.41761016845703
2005-06-17,19.877260208129883
2005-06-20,19.375505447387695
2005-06-21,19.684274673461914
2005-06-22,19.72287368774414
2005-06-23,19.9930419921875
2005-06-24,19.684274673461914
2005-06-27,18.391286849975586
2005-06-28,19.008832931518555
2005-06-29,18.52638053894043
2005-06-30,18.52638053894043
2005-07-01,18.64216423034668
2005-07-04,18.912342071533203
2005-07-05,18.700061798095703
2005-07-06,19.684274673461914
2005-07-07,19.491291046142578
2005-07-08,19.529891967773438
2005-07-11,19.954452514648438
2005-07-12,20.070240020751953
2005-07-13,19.877260208129883
2005-07-14,19.877260208129883
2005-07-15,19.298307418823242
2005-07-18,19.298307418823242
2005-07-19,19.491291046142578
2005-07-20,19.491291046142578
2005-07-21,19.1439208984375
2005-07-22,19.298307418823242
2005-07-25,19.066728591918945
2005-07-26,19.491291046142578
2005-07-27,18.970237731933594
2005-07-28,21.856491088867188
2005-07-29,22.2301025390625
2005-08-01,22.136707305908203
2005-08-02,21.062559127807617
2005-08-03,21.389469146728516
2005-08-04,21.52957534790039
2005-08-05,21.52957534790039
2005-08-08,21.226015090942383
2005-08-09,20.73565101623535
2005-08-10,19.6614990234375
2005-08-11,19.05437469482422
2005-08-12,17.723371505737305
2005-08-15,17.77007293701172
2005-08-16,18.07363510131836
2005-08-17,18.377199172973633
2005-08-18,17.53656578063965
2005-08-19,16.579172134399414
2005-08-22,16.78933334350586
2005-08-23,16.78933334350586
2005-08-24,15.995404243469238
2005-08-25,16.439075469970703
2005-08-26,16.859386444091797
2005-08-29,16.509126663208008
2005-08-30,16.392372131347656
2005-08-31,16.322315216064453
2005-09-01,16.322315216064453
2005-09-02,16.88274383544922
2005-09-05,16.742631912231445
2005-09-06,16.649232864379883
2005-09-07,16.62587547302246
2005-09-08,17.606618881225586
2005-09-09,17.373106002807617
2005-09-12,17.606618881225586
2005-09-13,17.606618881225586
2005-09-14,17.20965576171875
2005-09-15,17.069543838500977
2005-09-16,17.41980743408203
2005-09-19,18.2137451171875
2005-09-20,18.587352752685547
2005-09-21,18.003585815429688
2005-09-22,17.956884384155273
2005-09-23,17.20965576171875
2005-09-26,17.046192169189453
2005-09-27,16.672578811645508
2005-09-28,17.046192169189453
2005-09-29,19.019054412841797
2005-09-30,19.07004737854004
2005-10-03,19.7329044342041
2005-10-04,19.707414627075195
2005-10-05,20.905664443969727
2005-10-06,21.08412742614746
2005-10-07,20.829179763793945
2005-10-10,19.077730178833008
2005-10-11,20.905664443969727
2005-10-12,19.936866760253906
2005-10-13,19.707414627075195
2005-10-14,20.089832305908203
2005-10-17,18.687623977661133
2005-10-18,18.866086959838867
2005-10-19,18.152236938476562
2005-10-20,18.534652709960938
2005-10-21,18.611143112182617
2005-10-24,18.356191635131836
2005-10-25,18.356191635131836
2005-10-26,17.081459045410156
2005-10-27,16.571561813354492
2005-10-28,16.571561813354492
2005-10-31,17.38739585876465
2005-11-01,17.438385009765625
2005-11-02,17.744319915771484
2005-11-03,18.024761199951172
2005-11-04,18.024761199951172
2005-11-07,17.4893741607666
2005-11-08,17.25992202758789
2005-11-09,17.79530906677246
2005-11-10,18.96806526184082
2005-11-11,19.3759822845459
2005-11-14,19.936866760253906
2005-11-15,19.350488662719727
2005-11-16,19.911367416381836
2005-11-17,20.140823364257812
2005-11-18,20.293790817260742
2005-11-21,21.339080810546875
2005-11-22,20.9311580657959
2005-11-23,21.772483825683594
2005-11-24,21.823474884033203
2005-11-25,22.282377243041992
2005-11-28,23.786561965942383
2005-11-29,22.94524383544922
2005-11-30,23.327661514282227
2005-12-01,23.302173614501953
2005-12-02,22.435344696044922
2005-12-05,23.404144287109375
2005-12-06,24.32195472717285
2005-12-07,23.45513916015625
2005-12-08,22.94524383544922
2005-12-09,23.327661514282227
2005-12-12,22.94524383544922
2005-12-13,23.302173614501953
2005-12-14,23.302173614501953
2005-12-15,23.659090042114258
2005-12-16,24.678878784179688
2005-12-19,24.678878784179688
2005-12-20,24.704376220703125
2005-12-21,24.83185386657715
2005-12-22,22.089996337890625
2005-12-23,24.602399826049805
2005-12-26,22.183401107788086
2005-12-27,23.863052368164062
2005-12-28,23.965028762817383
2005-12-29,24.47492218017578
2005-12-30,24.88283920288086
2006-01-02,26.61647605895996
2006-01-03,28.452098846435547
2006-01-04,29.063974380493164
2006-01-05,29.828813552856445
2006-01-06,28.809024810791016
2006-01-09,28.961999893188477
2006-01-10,29.624860763549805
2006-01-11,29.114965438842773
2006-01-12,28.809024810791016
2006-01-13,28.1971492767334
2006-01-16,29.828813552856445
2006-01-17,29.114965438842773
2006-01-18,27.94220542907715
2006-01-19,28.095176696777344
2006-01-20,28.095176696777344
2006-01-23,26.157575607299805
2006-01-24,26.97340965270996
2006-01-25,27.024396896362305
2006-02-03,27.07538604736328
2006-02-06,27.024396896362305
2006-02-07,26.769451141357422
2006-02-08,25.59669303894043
2006-02-09,25.59669303894043
2006-02-10,24.83185386657715
2006-02-13,23.557111740112305
2006-02-14,25.137784957885742
2006-02-15,24.576894760131836
2006-02-16,25.214275360107422
2006-02-17,24.47492218017578
2006-02-20,23.88854217529297
2006-02-21,23.88854217529297
2006-02-22,22.970741271972656
2006-02-23,22.027429580688477
2006-02-24,22.537324905395508
2006-02-27,22.792274475097656
2006-03-01,24.01601791381836
2006-03-02,23.76107406616211
2006-03-03,22.94524383544922
2006-03-06,23.251178741455078
2006-03-07,22.843265533447266
2006-03-08,22.99622917175293
2006-03-09,23.200183868408203
2006-03-10,22.588315963745117
2006-03-13,23.914037704467773
2006-03-14,23.276674270629883
2006-03-15,24.117996215820312
2006-03-16,24.52591323852539
2006-03-17,24.857345581054688
2006-03-20,23.965028762817383
2006-03-21,23.021724700927734
2006-03-22,23.123703002929688
2006-03-23,23.098209381103516
2006-03-24,22.690290451049805
2006-03-27,22.919750213623047
2006-03-28,23.429641723632812
2006-03-29,23.60810089111328
2006-03-30,23.45513916015625
2006-03-31,23.404144287109375
2006-04-03,24.32195472717285
2006-04-04,24.296459197998047
2006-04-06,24.72987174987793
2006-04-07,24.270967483520508
2006-04-10,23.557111740112305
2006-04-11,24.219970703125
2006-04-12,24.678878784179688
2006-04-13,25.85163688659668
2006-04-14,25.9536190032959
2006-04-17,25.290754318237305
2006-04-18,25.698671340942383
2006-04-19,27.12637710571289
2006-04-20,27.177366256713867
2006-04-21,26.922414779663086
2006-04-24,26.56549072265625
2006-04-25,26.310546875
2006-04-26,26.106584548950195
2006-04-27,24.984817504882812
2006-04-28,24.32195472717285
2006-05-02,23.047212600708008
2006-05-03,23.7100830078125
2006-05-04,24.09250831604004
2006-05-05,24.551410675048828
2006-05-08,23.506126403808594
2006-05-09,23.506126403808594
2006-05-10,23.557111740112305
2006-05-11,24.32195472717285
2006-05-12,23.99052619934082
2006-05-15,23.251178741455078
2006-05-16,23.557111740112305
2006-05-17,23.45513916015625
2006-05-18,21.52957534790039
2006-05-19,21.389469146728516
2006-05-22,22.99622917175293
2006-05-23,22.537324905395508
2006-05-24,21.772483825683594
2006-05-25,20.956655502319336
2006-05-26,21.364572525024414
2006-05-29,19.334577560424805
2006-05-30,21.109619140625
2006-06-01,21.721494674682617
2006-06-02,21.568525314331055
2006-06-05,20.089832305908203
2006-06-06,19.3759822845459
2006-06-07,18.611143112182617
2006-06-08,17.310909271240234
2006-06-09,17.030467987060547
2006-06-12,16.571561813354492
2006-06-13,17.10695457458496
2006-06-14,18.279705047607422
2006-06-15,18.96806526184082
2006-06-16,19.121036529541016
2006-06-19,18.713119506835938
2006-06-20,17.438385009765625
2006-06-21,17.030467987060547
2006-06-22,18.203222274780273
2006-06-23,18.662132263183594
2006-06-26,18.78960418701172
2006-06-27,18.764110565185547
2006-06-28,19.07004737854004
2006-06-29,19.07004737854004
2006-06-30,19.121036529541016
2006-07-03,18.96806526184082
2006-07-04,19.172025680541992
2006-07-05,19.3759822845459
2006-07-06,19.88587760925293
2006-07-07,19.528949737548828
2006-07-10,19.223012924194336
2006-07-11,19.121036529541016
2006-07-12,19.274003982543945
2006-07-13,18.78960418701172
2006-07-14,17.948280334472656
2006-07-17,16.75002670288086
2006-07-18,17.591350555419922
2006-07-19,17.540361404418945
2006-07-20,18.356191635131836
2006-07-21,18.279705047607422
2006-07-24,17.973772048950195
2006-07-25,18.101247787475586
2006-07-26,16.579172134399414
2006-07-27,17.046192169189453
2006-07-28,18.764110565185547
2006-07-31,18.96806526184082
2006-08-01,18.764110565185547
2006-08-02,18.764110565185547
2006-08-03,19.172025680541992
2006-08-04,19.172025680541992
2006-08-07,18.96806526184082
2006-08-08,19.274003982543945
2006-08-09,19.783893585205078
2006-08-10,20.65071678161621
2006-08-11,20.70170783996582
2006-08-14,21.08412742614746
2006-08-15,21.033138275146484
2006-08-16,21.874462127685547
2006-08-17,21.899564743041992
2006-08-18,21.141613006591797
2006-08-21,19.67983627319336
2006-08-22,20.08588409423828
2006-08-23,19.625696182250977
2006-08-24,19.923465728759766
2006-08-25,19.490345001220703
2006-08-28,19.057226181030273
2006-08-29,19.354997634887695
2006-08-30,19.706907272338867
2006-08-31,19.652767181396484
2006-09-01,19.490345001220703
2006-09-04,20.08588409423828
2006-09-05,19.815185546875
2006-09-06,19.490345001220703
2006-09-07,19.490345001220703
2006-09-08,18.8221492767334
2006-09-11,19.219648361206055
2006-09-12,18.407546997070312
2006-09-13,18.407546997070312
2006-09-14,17.54131317138672
2006-09-15,17.103940963745117
2006-09-18,19.003087997436523
2006-09-19,19.382062911987305
2006-09-20,19.382062911987305
2006-09-21,19.76104736328125
2006-09-22,20.41072654724121
2006-09-25,20.952123641967773
2006-09-26,21.08747100830078
2006-09-27,21.114538192749023
2006-09-28,20.78969955444336
2006-09-29,21.7100772857666
2006-10-02,22.73873519897461
2006-10-03,24.254653930664062
2006-10-04,24.904329299926758
2006-10-05,26.474390029907227
2006-10-09,25.460657119750977
2006-10-11,26.74508285522461
2006-10-12,25.445730209350586
2006-10-13,26.176616668701172
2006-10-16,28.964818954467773
2006-10-17,28.748258590698242
2006-10-18,29.23552131652832
2006-10-19,29.343793869018555
2006-10-20,31.292829513549805
2006-10-23,31.13041114807129
2006-10-24,28.964818954467773
2006-10-25,27.23233985900879
2006-10-26,26.866466522216797
2006-10-27,27.66545867919922
2006-10-30,27.611328125
2006-10-31,27.990304946899414
2006-11-01,28.964818954467773
2006-11-02,29.12723731994629
2006-11-03,29.776926040649414
2006-11-06,30.805570602416992
2006-11-07,32.917022705078125
2006-11-08,35.19090270996094
2006-11-09,35.19090270996094
2006-11-10,35.08262634277344
2006-11-13,34.64950180053711
2006-11-14,37.031654357910156
2006-11-15,38.43929672241211
2006-11-16,38.43929672241211
2006-11-17,35.78644943237305
2006-11-20,36.81509780883789
2006-11-21,37.35649490356445
2006-11-22,36.97751235961914
2006-11-23,37.24822235107422
2006-11-24,39.84693145751953
2006-11-27,42.608070373535156
2006-11-28,45.47747039794922
2006-11-29,48.61758804321289
2006-11-30,48.78000259399414
2006-12-01,48.78000259399414
2006-12-04,45.91059494018555
2006-12-05,45.91059494018555
2006-12-06,49.10483932495117
2006-12-07,50.025211334228516
2006-12-08,49.808658599853516
2006-12-11,52.515647888183594
2006-12-12,48.88827896118164
2006-12-13,48.88827896118164
2006-12-14,48.99656295776367
2006-12-15,52.02840042114258
2006-12-18,55.49333953857422
2006-12-19,55.22265625
2006-12-20,53.11119842529297
2006-12-21,49.646244049072266
2006-12-22,50.89146423339844
2006-12-25,49.808658599853516
2006-12-26,52.13667297363281
2006-12-27,50.62075424194336
2006-12-28,53.38188552856445
2006-12-29,54.13984680175781
2007-01-02,53.05705642700195
2007-01-03,53.05705642700195
2007-01-04,53.327754974365234
2007-01-05,52.02840042114258
2007-01-08,50.07935333251953
2007-01-09,50.51247787475586
2007-01-10,50.67490768432617
2007-01-11,50.24177169799805
2007-01-12,50.56661605834961
2007-01-15,50.56661605834961
2007-01-16,47.04753112792969
2007-01-17,46.343719482421875
2007-01-18,44.465065002441406
2007-01-19,43.04118347167969
2007-01-22,44.44881057739258
2007-01-23,46.39784240722656
2007-01-24,45.91059494018555
2007-01-25,44.12397384643555
2007-01-26,45.47747039794922
2007-01-29,44.394676208496094
2007-01-30,42.486507415771484
2007-01-31,41.0921516418457
2007-02-01,40.82145309448242
2007-02-02,40.0634880065918
2007-02-05,39.5220947265625
2007-02-06,42.283226013183594
2007-02-07,43.095333099365234
2007-02-08,43.31187438964844
2007-02-09,42.608070373535156
2007-02-12,39.63037109375
2007-02-13,38.65584945678711
2007-02-14,39.5220947265625
2007-02-26,39.84693145751953
2007-02-27,42.608070373535156
2007-03-01,44.66537094116211
2007-03-02,42.90303421020508
2007-03-05,42.49978256225586
2007-03-06,43.47429656982422
2007-03-07,45.42334747314453
2007-03-08,45.42334747314453
2007-03-09,43.36601257324219
2007-03-12,42.49978256225586
2007-03-13,42.71634292602539
2007-03-14,43.14946365356445
2007-03-15,44.88193893432617
2007-03-16,43.69085693359375
2007-03-19,42.82463073730469
2007-03-20,43.14946365356445
2007-03-21,43.636722564697266
2007-03-22,42.22907638549805
2007-03-23,42.22907638549805
2007-03-26,42.987037658691406
2007-03-27,42.49978256225586
2007-03-28,42.22907638549805
2007-03-29,42.22907638549805
2007-03-30,41.14628219604492
2007-04-02,41.20042037963867
2007-04-03,40.767303466796875
2007-04-04,42.12080383300781
2007-04-09,41.9583854675293
2007-04-10,41.254554748535156
2007-04-11,41.57939910888672
2007-04-12,41.90424728393555
2007-04-13,41.03800964355469
2007-04-16,39.35967254638672
2007-04-17,36.81509780883789
2007-04-18,37.13993453979492
2007-04-19,37.73548126220703
2007-04-20,38.16859817504883
2007-04-23,37.89789581298828
2007-04-24,37.89789581298828
2007-04-25,38.33102035522461
2007-04-26,37.89789581298828
2007-04-27,37.681331634521484
2007-04-30,37.5189208984375
2007-05-02,38.38515853881836
2007-05-03,38.16859817504883
2007-05-04,38.22273635864258
2007-05-07,40.875587463378906
2007-05-08,42.22907638549805
2007-05-09,42.22907638549805
2007-05-10,42.337364196777344
2007-05-11,44.286407470703125
2007-05-14,43.961551666259766
2007-05-15,42.22907638549805
2007-05-16,42.49978256225586
2007-05-17,43.095333099365234
2007-05-18,44.12397384643555
2007-05-21,45.09849548339844
2007-05-22,44.50294876098633
2007-05-23,43.799129486083984
2007-05-24,43.52843475341797
2007-05-25,43.04118347167969
2007-05-28,42.987037658691406
2007-05-29,42.770484924316406
2007-05-30,42.283226013183594
2007-05-31,44.06984329223633
2007-06-01,43.47429656982422
2007-06-04,43.853275299072266
2007-06-05,44.394676208496094
2007-06-06,44.50294876098633
2007-06-07,46.830963134765625
2007-06-08,47.64307403564453
2007-06-11,46.56026077270508
2007-06-12,46.722679138183594
2007-06-13,45.26091766357422
2007-06-14,45.152626037597656
2007-06-15,45.2067756652832
2007-06-20,44.394676208496094
2007-06-21,45.369197845458984
2007-06-22,45.2067756652832
2007-06-25,45.369197845458984
2007-06-26,44.178123474121094
2007-06-27,44.394676208496094
2007-06-28,44.286407470703125
2007-06-29,43.961551666259766
2007-07-02,44.88193893432617
2007-07-03,48.02204513549805
2007-07-04,51.37871551513672
2007-07-05,54.95193862915039
2007-07-06,55.22265625
2007-07-09,59.01243591308594
2007-07-10,63.072933197021484
2007-07-11,64.4264144897461
2007-07-12,68.75759887695312
2007-07-13,73.35948944091797
2007-07-16,68.48690795898438
2007-07-17,73.08880615234375
2007-07-18,68.72815704345703
2007-07-19,72.0060043334961
2007-07-20,73.93486022949219
2007-07-23,79.58557891845703
2007-07-24,77.6906967163086
2007-07-25,80.39767456054688
2007-07-26,75.25438690185547
2007-07-27,70.1111068725586
2007-07-30,67.6748046875
2007-07-31,72.27669525146484
2007-08-01,69.84039306640625
2007-08-02,67.40410614013672
2007-08-03,67.13340759277344
2007-08-06,62.80221939086914
2007-08-07,58.47104263305664
2007-08-08,62.53153991699219
2007-08-09,64.96781921386719
2007-08-10,62.26082229614258
2007-08-13,60.63663864135742
2007-08-14,57.65894317626953
2007-08-15,53.8691520690918
2007-08-16,52.62393569946289
2007-08-17,52.29908752441406
2007-08-20,55.764034271240234
2007-08-21,53.598453521728516
2007-08-22,50.40419387817383
2007-08-23,53.598453521728516
2007-08-24,57.117557525634766
2007-08-27,56.79095458984375
2007-08-28,57.92112350463867
2007-08-29,56.508419036865234
2007-08-30,58.768760681152344
2007-08-31,60.464012145996094
2007-09-03,60.74655532836914
2007-09-04,60.18147659301758
2007-09-05,57.92112350463867
2007-09-06,59.333831787109375
2007-09-07,59.333831787109375
2007-09-10,58.768760681152344
2007-09-11,62.724334716796875
2007-09-12,66.96247100830078
2007-09-13,63.85451889038086
2007-09-14,63.57196044921875
2007-09-17,60.18147659301758
2007-09-18,60.18147659301758
2007-09-19,56.79095458984375
2007-09-20,58.768760681152344
2007-09-21,58.486209869384766
2007-09-26,59.333831787109375
2007-09-27,59.89893341064453
2007-09-28,63.57196044921875
2007-10-01,63.2894401550293
2007-10-02,62.724334716796875
2007-10-03,62.15925979614258
2007-10-04,63.57196044921875
2007-10-05,62.15925979614258
2007-10-08,60.18147659301758
2007-10-09,59.05129623413086
2007-10-11,59.61638259887695
2007-10-12,58.486209869384766
2007-10-15,57.356048583984375
2007-10-16,61.311641693115234
2007-10-17,59.89893341064453
2007-10-18,61.02909851074219
2007-10-19,61.311641693115234
2007-10-22,58.203670501708984
2007-10-23,59.61638259887695
2007-10-24,58.768760681152344
2007-10-25,60.464012145996094
2007-10-26,58.486209869384766
2007-10-29,58.486209869384766
2007-10-30,58.203670501708984
2007-10-31,54.4176025390625
2007-11-01,50.631553649902344
2007-11-02,47.12801742553711
2007-11-05,44.02005386352539
2007-11-06,44.64165115356445
2007-11-07,44.698158264160156
2007-11-08,41.59019470214844
2007-11-09,43.341957092285156
2007-11-12,40.347007751464844
2007-11-13,38.99080276489258
2007-11-14,40.40351867675781
2007-11-15,38.70826721191406
2007-11-16,40.62955093383789
2007-11-19,39.10382843017578
2007-11-20,41.816226959228516
2007-11-21,38.934295654296875
2007-11-22,39.38636779785156
2007-11-23,38.87778854370117
2007-11-26,38.934295654296875
2007-11-27,38.1996955871582
2007-11-28,37.86063766479492
2007-11-29,40.29050064086914
2007-11-30,42.94640350341797
2007-12-03,43.85053253173828
2007-12-04,45.376258850097656
2007-12-05,44.9807014465332
2007-12-06,43.51148223876953
2007-12-07,43.85053253173828
2007-12-10,43.398468017578125
2007-12-11,40.96860122680664
2007-12-12,40.516536712646484
2007-12-13,37.691123962402344
2007-12-14,38.42572784423828
2007-12-17,35.76982879638672
2007-12-18,34.75267791748047
2007-12-19,36.730472564697266
2007-12-20,34.92219543457031
2007-12-21,36.16538619995117
2007-12-24,38.03017044067383
2007-12-25,37.35206604003906
2007-12-26,36.89999771118164
2007-12-27,37.691123962402344
2007-12-28,38.42572784423828
2007-12-31,40.1209716796875
2008-01-02,38.70826721191406
2008-01-03,37.74762725830078
2008-01-04,37.18253707885742
2008-01-07,34.583152770996094
2008-01-08,32.20978927612305
2008-01-09,31.362167358398438
2008-01-10,31.757728576660156
2008-01-11,32.26630401611328
2008-01-14,30.96661376953125
2008-01-15,32.26630401611328
2008-01-16,31.07962989807129
2008-01-17,31.81424331665039
2008-01-18,33.73552703857422
2008-01-21,33.05742645263672
2008-01-22,30.79709243774414
2008-01-23,28.649770736694336
2008-01-24,26.67197608947754
2008-01-25,28.536746978759766
2008-01-28,26.558956146240234
2008-01-29,25.71133041381836
2008-01-30,26.05038070678711
2008-01-31,25.1462459564209
2008-02-01,25.48529624938965
2008-02-12,23.70528221130371
2008-02-13,22.066539764404297
2008-02-14,23.59226417541504
2008-02-15,24.665925979614258
2008-02-18,25.767837524414062
2008-02-19,25.683074951171875
2008-02-20,26.219907760620117
2008-02-21,27.802143096923828
2008-02-22,29.384380340576172
2008-02-25,31.418678283691406
2008-02-26,30.514549255371094
2008-02-27,31.362167358398438
2008-02-29,32.26630401611328
2008-03-03,30.06247329711914
2008-03-04,31.07962989807129
2008-03-05,30.57105255126953
2008-03-06,32.661869049072266
2008-03-07,32.661869049072266
2008-03-10,31.81424331665039
2008-03-11,32.0402717590332
2008-03-12,32.37932586669922
2008-03-13,31.07962989807129
2008-03-14,30.345016479492188
2008-03-17,28.81929588317871
2008-03-18,29.666915893554688
2008-03-19,29.384380340576172
2008-03-20,29.723426818847656
2008-03-21,30.96661376953125
2008-03-24,31.983766555786133
2008-03-25,32.492332458496094
2008-03-26,31.305665969848633
2008-03-27,30.74057960510254
2008-03-28,30.85359001159668
2008-03-31,30.74057960510254
2008-04-01,31.136140823364258
2008-04-02,32.548851013183594
2008-04-03,34.30061340332031
2008-04-07,34.6961669921875
2008-04-08,33.905052185058594
2008-04-09,33.905052185058594
2008-04-10,35.3177604675293
2008-04-11,34.583152770996094
2008-04-14,34.30061340332031
2008-04-15,34.470130920410156
2008-04-16,34.07457733154297
2008-04-17,33.905052185058594
2008-04-18,33.3399658203125
2008-04-21,34.470130920410156
2008-04-22,35.035221099853516
2008-04-23,34.6396598815918
2008-04-24,33.905052185058594
2008-04-25,33.905052185058594
2008-04-28,33.679012298583984
2008-04-29,33.000919342041016
2008-04-30,32.77488327026367
2008-05-02,31.362167358398438
2008-05-05,31.757728576660156
2008-05-06,32.26630401611328
2008-05-07,32.492332458496094
2008-05-08,32.20978927612305
2008-05-09,31.475189208984375
2008-05-12,31.81424331665039
2008-05-13,32.887901306152344
2008-05-14,32.887901306152344
2008-05-15,34.75267791748047
2008-05-16,34.187591552734375
2008-05-19,34.30061340332031
2008-05-20,34.6961669921875
2008-05-21,37.06951904296875
2008-05-22,36.560951232910156
2008-05-23,34.01806640625
2008-05-26,31.64472007751465
2008-05-27,32.77488327026367
2008-05-28,31.418678283691406
2008-05-29,31.870746612548828
2008-05-30,32.94441223144531
2008-06-02,33.17044448852539
2008-06-03,32.20978927612305
2008-06-04,32.71837615966797
2008-06-05,33.17044448852539
2008-06-06,32.548851013183594
2008-06-09,31.870746612548828
2008-06-10,30.06247329711914
2008-06-11,29.101835250854492
2008-06-12,27.06752586364746
2008-06-13,26.44593620300293
2008-06-16,26.615463256835938
2008-06-17,27.491344451904297
2008-06-18,27.63261604309082
2008-06-19,27.12403678894043
2008-06-20,26.10688591003418
2008-06-23,25.48529624938965
2008-06-24,24.55290412902832
2008-06-25,26.05038070678711
2008-06-26,25.71133041381836
2008-06-27,23.931310653686523
2008-06-30,22.659875869750977
2008-07-01,23.1684513092041
2008-07-02,24.778942108154297
2008-07-03,26.502452850341797
2008-07-04,25.71133041381836
2008-07-07,27.12403678894043
2008-07-08,25.259265899658203
2008-07-09,26.02212142944336
2008-07-10,27.011024475097656
2008-07-11,27.547853469848633
2008-07-14,27.180545806884766
2008-07-15,25.82434844970703
2008-07-16,25.85260009765625
2008-07-17,27.12403678894043
2008-07-18,26.163393020629883
2008-07-21,27.971664428710938
2008-07-22,27.971664428710938
2008-07-23,28.59326171875
2008-07-24,28.536746978759766
2008-07-25,28.056425094604492
2008-07-28,28.056425094604492
2008-07-29,26.926265716552734
2008-07-30,27.237064361572266
2008-07-31,26.135147094726562
2008-08-01,26.135147094726562
2008-08-04,26.502452850341797
2008-08-05,25.99386978149414
2008-08-06,27.802143096923828
2008-08-07,27.68912124633789
2008-08-08,28.76278305053711
2008-08-11,30.74057960510254
2008-08-12,31.531700134277344
2008-08-13,32.20978927612305
2008-08-14,32.26630401611328
2008-08-15,30.684072494506836
2008-08-18,29.779935836791992
2008-08-19,31.418678283691406
2008-08-20,31.58820915222168
2008-08-21,30.345016479492188
2008-08-22,31.362167358398438
2008-08-25,31.362167358398438
2008-08-26,31.757728576660156
2008-08-27,33.79204177856445
2008-08-28,32.71837615966797
2008-08-29,32.77488327026367
2008-09-01,30.514549255371094
2008-09-02,28.70627784729004
2008-09-03,28.480241775512695
2008-09-04,29.271358489990234
2008-09-05,30.005970001220703
2008-09-08,31.81424331665039
2008-09-09,29.61041259765625
2008-09-10,29.101835250854492
2008-09-11,27.06752586364746
2008-09-12,25.174501419067383
2008-09-15,23.42274284362793
2008-09-16,21.6188907623291
2008-09-17,21.28722381591797
2008-09-18,19.96053695678711
2008-09-19,21.34752655029297
2008-09-22,22.824968338012695
2008-09-23,24.39286994934082
2008-09-24,24.784841537475586
2008-09-25,24.242107391357422
2008-09-26,22.794815063476562
2008-09-29,22.794815063476562
2008-09-30,22.1917781829834
2008-10-01,22.915428161621094
2008-10-02,22.1917781829834
2008-10-03,23.397851943969727
2008-10-06,21.769649505615234
2008-10-07,23.21693992614746
2008-10-08,21.6188907623291
2008-10-09,20.201751708984375
2008-10-13,19.779626846313477
2008-10-14,21.136465072631836
2008-10-15,20.86509132385254
2008-10-16,20.141448974609375
2008-10-17,20.081148147583008
2008-10-20,20.654029846191406
2008-10-21,19.96053695678711
2008-10-22,19.297197341918945
2008-10-23,18.63385772705078
2008-10-24,18.00066566467285
2008-10-27,16.76443862915039
2008-10-28,17.638843536376953
2008-10-29,16.43276596069336
2008-10-30,17.57853889465332
2008-10-31,17.186565399169922
2008-11-03,17.849910736083984
2008-11-04,17.367475509643555
2008-11-05,17.638843536376953
2008-11-06,16.43276596069336
2008-11-07,16.402618408203125
2008-11-10,15.25684928894043
2008-11-11,14.201532363891602
2008-11-12,13.327126502990723
2008-11-13,12.42257308959961
2008-11-14,11.578319549560547
2008-11-17,10.794370651245117
2008-11-18,10.040574073791504
2008-11-19,10.613457679748535
2008-11-20,9.889812469482422
2008-11-21,10.553154945373535
2008-11-24,9.980268478393555
2008-11-25,10.251635551452637
2008-11-26,10.402395248413086
2008-11-27,11.126041412353516
2008-11-28,11.879837989807129
2008-12-01,12.181354522705078
2008-12-02,11.337102890014648
2008-12-03,10.553154945373535
2008-12-04,10.91497802734375
2008-12-05,10.91497802734375
2008-12-08,11.668777465820312
2008-12-09,12.482874870300293
2008-12-10,13.327126502990723
2008-12-11,14.231682777404785
2008-12-12,13.327126502990723
2008-12-15,14.231682777404785
2008-12-16,14.171380043029785
2008-12-17,13.447733879089355
2008-12-18,13.839710235595703
2008-12-19,14.171380043029785
2008-12-22,13.206517219543457
2008-12-23,12.513026237487793
2008-12-24,12.995454788208008
2008-12-25,13.08591365814209
2008-12-26,12.93515396118164
2008-12-29,12.995454788208008
2008-12-30,13.900012969970703
2008-12-31,13.869861602783203
2009-01-02,13.869861602783203
2009-01-05,14.834720611572266
2009-01-06,15.859882354736328
2009-01-07,16.251859664916992
2009-01-08,15.437759399414062
2009-01-09,15.558364868164062
2009-01-12,15.106091499328613
2009-01-13,16.16140365600586
2009-01-14,16.16140365600586
2009-01-15,15.40760612487793
2009-01-16,16.342315673828125
2009-01-19,16.251859664916992
2009-01-20,16.101097106933594
2009-01-21,15.980488777160645
2009-02-02,16.583528518676758
2009-02-03,17.12626075744629
2009-02-04,16.91520118713379
2009-02-05,16.613679885864258
2009-02-06,16.73428726196289
2009-02-09,17.186565399169922
2009-02-10,17.45793342590332
2009-02-11,17.60869789123535
2009-02-12,16.402618408203125
2009-02-13,16.76443862915039
2009-02-16,17.427780151367188
2009-02-17,16.523223876953125
2009-02-18,16.462926864624023
2009-02-19,16.73428726196289
2009-02-20,16.22170639038086
2009-02-23,16.824739456176758
2009-02-24,16.43276596069336
2009-02-25,16.43276596069336
2009-02-26,16.824739456176758
2009-02-27,17.156414031982422
2009-03-02,16.282011032104492
2009-03-03,16.493074417114258
2009-03-04,17.156414031982422
2009-03-05,16.583528518676758
2009-03-06,16.794593811035156
2009-03-09,16.342315673828125
2009-03-10,17.45793342590332
2009-03-11,17.246868133544922
2009-03-12,17.216718673706055
2009-03-13,17.48808479309082
2009-03-16,17.60869789123535
2009-03-17,18.81476593017578
2009-03-18,18.362491607666016
2009-03-19,17.940366744995117
2009-03-20,17.337324142456055
2009-03-23,18.030820846557617
2009-03-24,17.81975555419922
2009-03-25,19.055984497070312
2009-03-26,19.508262634277344
2009-03-27,19.53841209411621
2009-03-30,18.422792434692383
2009-03-31,18.72431182861328
2009-04-02,19.116283416748047
2009-04-03,19.598718643188477
2009-04-06,19.327348709106445
2009-04-07,19.900236129760742
2009-04-08,20.262056350708008
2009-04-09,21.22691535949707
2009-04-10,20.68418312072754
2009-04-13,21.588741302490234
2009-04-14,21.860109329223633
2009-04-15,21.769649505615234
2009-04-16,21.709348678588867
2009-04-17,20.322359085083008
2009-04-20,20.533424377441406
2009-04-21,21.25706672668457
2009-04-22,21.25706672668457
2009-04-23,21.166610717773438
2009-04-24,21.7998046875
2009-04-27,20.503271102905273
2009-04-28,19.598718643188477
2009-04-29,19.598718643188477
2009-04-30,20.955551147460938
2009-05-04,22.402843475341797
2009-05-05,21.829957962036133
2009-05-06,22.25208282470703
2009-05-07,22.73451042175293
2009-05-08,22.76466941833496
2009-05-11,23.458162307739258
2009-05-12,22.613908767700195
2009-05-13,23.57876205444336
2009-05-14,23.63906478881836
2009-05-15,23.88028335571289
2009-05-18,24.784841537475586
2009-05-19,24.302413940429688
2009-05-20,24.362709045410156
2009-05-21,25.26726531982422
2009-05-22,24.72453498840332
2009-05-25,24.72453498840332
2009-05-26,23.51845932006836
2009-05-27,25.146663665771484
2009-06-01,24.784841537475586
2009-06-02,24.543624877929688
2009-06-03,24.42301368713379
2009-06-04,24.42301368713379
2009-06-05,24.483318328857422
2009-06-08,23.88028335571289
2009-06-09,22.221927642822266
2009-06-10,22.613908767700195
2009-06-11,23.337554931640625
2009-06-12,22.915428161621094
2009-06-15,21.317371368408203
2009-06-16,21.709348678588867
2009-06-17,21.4379825592041
2009-06-18,21.10630989074707
2009-06-19,21.588741302490234
2009-06-22,22.131471633911133
2009-06-23,21.649045944213867
2009-06-24,22.010866165161133
2009-06-25,22.312381744384766
2009-06-26,22.553600311279297
2009-06-29,21.92041015625
2009-06-30,22.372690200805664
2009-07-01,22.915428161621094
2009-07-02,22.94557762145996
2009-07-03,23.06618309020996
2009-07-06,22.915428161621094
2009-07-07,23.21693992614746
2009-07-08,23.036027908325195
2009-07-09,23.548612594604492
2009-07-10,23.21693992614746
2009-07-13,22.1917781829834
2009-07-14,22.674205780029297
2009-07-15,23.49162483215332
2009-07-16,23.680814743041992
2009-07-17,24.279932022094727
2009-07-20,24.437599182128906
2009-07-21,24.09073829650879
2009-07-22,24.500661849975586
2009-07-23,24.21686363220215
2009-07-24,23.775415420532227
2009-07-27,23.523155212402344
2009-07-28,24.279932022094727
2009-07-29,24.626789093017578
2009-07-30,25.16283416748047
2009-07-31,24.626789093017578
2009-08-03,24.721385955810547
2009-08-04,23.964611053466797
2009-08-05,23.46009063720703
2009-08-06,22.987106323242188
2009-08-07,22.987106323242188
2009-08-10,23.901546478271484
2009-08-11,24.343002319335938
2009-08-12,23.99614143371582
2009-08-13,24.563724517822266
2009-08-14,24.279932022094727
2009-08-17,23.71234893798828
2009-08-18,23.71234893798828
2009-08-19,23.838476181030273
2009-08-20,23.333967208862305
2009-08-21,22.70331382751465
2009-08-24,23.5546875
2009-08-25,23.270893096923828
2009-08-26,22.76637840270996
2009-08-27,22.92403793334961
2009-08-28,23.39702606201172
2009-08-31,23.1447696685791
2009-09-01,24.059206008911133
2009-09-02,23.806943893432617
2009-09-03,23.964611053466797
2009-09-04,25.005176544189453
2009-09-07,25.982683181762695
2009-09-08,25.57276153564453
2009-09-09,27.338579177856445
2009-09-10,26.48720359802246
2009-09-11,26.48720359802246
2009-09-14,26.203407287597656
2009-09-15,26.61332893371582
2009-09-16,26.5817928314209
2009-09-17,27.338579177856445
2009-09-18,29.230510711669922
2009-09-21,31.248584747314453
2009-09-22,31.09092140197754
2009-09-23,30.27109146118164
2009-09-24,32.35222625732422
2009-09-25,31.658512115478516
2009-09-28,31.53237533569336
2009-09-29,31.658512115478516
2009-09-30,32.47835159301758
2009-10-01,31.84770965576172
2009-10-02,31.973833084106445
2009-10-05,32.16303253173828
2009-10-06,34.370296478271484
2009-10-07,33.92884063720703
2009-10-08,33.1090087890625
2009-10-09,33.73965072631836
2009-10-12,34.49642562866211
2009-10-13,34.49642562866211
2009-10-14,34.559486389160156
2009-10-15,33.92884063720703
2009-10-16,34.370296478271484
2009-10-19,34.62255096435547
2009-10-20,33.92884063720703
2009-10-21,33.92884063720703
2009-10-22,33.4243278503418
2009-10-23,33.99190902709961
2009-10-26,34.244163513183594
2009-10-27,33.55044937133789
2009-10-28,31.53237533569336
2009-10-29,30.649473190307617
2009-10-30,30.617938995361328
2009-11-02,30.586406707763672
2009-11-03,30.870201110839844
2009-11-04,32.41529083251953
2009-11-05,31.595447540283203
2009-11-06,32.66754913330078
2009-11-09,32.41529083251953
2009-11-10,32.793678283691406
2009-11-11,32.982872009277344
2009-11-12,32.22609329223633
2009-11-13,32.85673904418945
2009-11-16,34.370296478271484
2009-11-17,33.55044937133789
2009-11-18,33.73965072631836
2009-11-19,34.18109893798828
2009-11-20,34.05497360229492
2009-11-23,33.73965072631836
2009-11-24,33.48738098144531
2009-11-25,33.802711486816406
2009-11-26,33.48738098144531
2009-11-27,31.973833084106445
2009-11-30,32.73060989379883
2009-12-01,32.793678283691406
2009-12-02,32.541419982910156
2009-12-03,33.23512268066406
2009-12-04,32.66754913330078
2009-12-07,33.1090087890625
2009-12-08,33.55044937133789
2009-12-09,33.29819107055664
2009-12-10,32.85673904418945
2009-12-11,33.045928955078125
2009-12-14,32.982872009277344
2009-12-15,33.4243278503418
2009-12-16,33.1090087890625
2009-12-17,32.982872009277344
2009-12-18,32.35222625732422
2009-12-21,32.73060989379883
2009-12-22,33.172061920166016
2009-12-23,33.613521575927734
2009-12-24,33.676578521728516
2009-12-25,34.30723190307617
2009-12-28,36.70368957519531
2009-12-29,36.13611602783203
2009-12-30,36.57756042480469
2009-12-31,36.57756042480469
2010-01-04,35.75772476196289
2010-01-05,35.19013977050781
2010-01-06,35.88384246826172
2010-01-07,34.685611724853516
2010-01-08,35.1270751953125
2010-01-11,35.000938415527344
2010-01-12,35.25320053100586
2010-01-13,34.87480926513672
2010-01-14,35.44239807128906
2010-01-15,36.009979248046875
2010-01-18,37.145145416259766
2010-01-19,35.94691467285156
2010-01-20,35.94691467285156
2010-01-21,35.000938415527344
2010-01-22,34.11803436279297
2010-01-25,34.18109893798828
2010-01-26,31.910770416259766
2010-01-27,31.153995513916016
2010-01-28,33.045928955078125
2010-01-29,33.045928955078125
2010-02-01,31.185531616210938
2010-02-02,30.27109146118164
2010-02-03,31.84770965576172
2010-02-04,31.84770965576172
2010-02-05,30.23954963684082
2010-02-08,30.302621841430664
2010-02-09,31.09092140197754
2010-02-10,31.721582412719727
2010-02-22,32.16303253173828
2010-02-23,32.036895751953125
2010-02-24,31.721582412719727
2010-02-25,30.93326759338379
2010-02-26,30.27109146118164
2010-03-01,31.500852584838867
2010-03-02,31.595447540283203
2010-03-03,31.217058181762695
2010-03-04,31.059398651123047
2010-03-05,31.53237533569336
2010-03-08,32.16303253173828
2010-03-09,31.910770416259766
2010-03-10,32.0999641418457
2010-03-11,32.85673904418945
2010-03-12,32.793678283691406
2010-03-15,31.84770965576172
2010-03-16,31.910770416259766
2010-03-17,32.60447692871094
2010-03-18,32.60447692871094
2010-03-19,33.045928955078125
2010-03-22,32.60447692871094
2010-03-23,32.85673904418945
2010-03-24,32.541419982910156
2010-03-25,32.47835159301758
2010-03-26,32.60447692871094
2010-03-29,33.045928955078125
2010-03-30,33.55044937133789
2010-03-31,33.1090087890625
2010-04-01,34.18109893798828
2010-04-02,33.865779876708984
2010-04-06,34.370296478271484
2010-04-07,34.62255096435547
2010-04-08,33.48738098144531
2010-04-09,33.55044937133789
2010-04-12,33.55044937133789
2010-04-13,32.9197998046875
2010-04-14,32.9197998046875
2010-04-15,33.1090087890625
2010-04-16,32.73060989379883
2010-04-19,30.71253776550293
2010-04-20,31.53237533569336
2010-04-21,32.16303253173828
2010-04-22,32.541419982910156
2010-04-23,34.559486389160156
2010-04-26,34.685611724853516
2010-04-27,35.000938415527344
2010-04-28,35.19013977050781
2010-04-29,34.62255096435547
2010-04-30,33.4243278503418
2010-05-03,32.73060989379883
2010-05-04,32.793678283691406
2010-05-05,31.595447540283203
2010-05-06,31.12246322631836
2010-05-07,31.84770965576172
2010-05-10,32.0999641418457
2010-05-11,31.84770965576172
2010-05-12,31.53237533569336
2010-05-13,31.973833084106445
2010-05-14,32.16303253173828
2010-05-17,31.153995513916016
2010-05-18,31.027864456176758
2010-05-19,31.280126571655273
2010-05-20,30.27109146118164
2010-05-21,28.189950942993164
2010-05-24,28.50527572631836
2010-05-25,26.518735885620117
2010-05-26,26.1718807220459
2010-05-27,27.590829849243164
2010-05-28,27.43316650390625
2010-05-31,27.212444305419922
2010-06-01,27.906152725219727
2010-06-02,27.243974685668945
2010-06-03,28.063823699951172
2010-06-04,27.87462043762207
2010-06-07,26.392601013183594
2010-06-08,28.12688636779785
2010-06-09,28.789058685302734
2010-06-10,30.23954963684082
2010-06-11,30.144956588745117
2010-06-14,30.964801788330078
2010-06-15,30.83866310119629
2010-06-17,30.46027946472168
2010-06-18,30.4918155670166
2010-06-21,31.784639358520508
2010-06-22,31.721582412719727
2010-06-23,31.53237533569336
2010-06-24,32.16303253173828
2010-06-25,31.31165885925293
2010-06-28,30.9017333984375
2010-06-29,31.09092140197754
2010-06-30,30.71253776550293
2010-07-01,30.71253776550293
2010-07-02,30.334150314331055
2010-07-05,30.964801788330078
2010-07-06,33.1090087890625
2010-07-07,32.289161682128906
2010-07-08,32.16303253173828
2010-07-09,32.47835159301758
2010-07-12,32.16303253173828
2010-07-13,31.973833084106445
2010-07-14,32.35222625732422
2010-07-15,32.35222625732422
2010-07-16,31.53237533569336
2010-07-19,31.721582412719727
2010-07-20,31.84770965576172
2010-07-21,31.784639358520508
2010-07-22,31.658512115478516
2010-07-23,31.784639358520508
2010-07-26,32.16303253173828
2010-07-27,31.973833084106445
2010-07-28,32.036895751953125
2010-07-29,32.036895751953125
2010-07-30,31.784639358520508
2010-08-02,32.289161682128906
2010-08-03,32.66754913330078
2010-08-04,33.4243278503418
2010-08-05,32.41529083251953
2010-08-06,32.73060989379883
2010-08-09,33.4243278503418
2010-08-10,32.66754913330078
2010-08-11,32.41529083251953
2010-08-12,32.35222625732422
2010-08-13,32.66754913330078
2010-08-16,32.85673904418945
2010-08-17,32.47835159301758
2010-08-18,32.289161682128906
2010-08-19,33.23512268066406
2010-08-20,32.66754913330078
2010-08-23,32.60447692871094
2010-08-24,31.84770965576172
2010-08-25,31.42542266845703
2010-08-26,31.033424377441406
2010-08-27,30.380088806152344
2010-08-30,30.478086471557617
2010-08-31,28.354747772216797
2010-09-01,28.51808738708496
2010-09-02,28.648752212524414
2010-09-03,29.40008544921875
2010-09-06,31.16408348083496
2010-09-07,30.314756393432617
2010-09-08,30.641414642333984
2010-09-09,30.314756393432617
2010-09-10,30.412750244140625
2010-09-13,31.360090255737305
2010-09-14,31.033424377441406
2010-09-15,31.06609535217285
2010-09-16,31.0987548828125
2010-09-17,31.0987548828125
2010-09-20,31.78475570678711
2010-09-21,31.915424346923828
2010-09-23,31.68675422668457
2010-09-24,31.42542266845703
2010-09-27,31.360090255737305
2010-09-28,31.490760803222656
2010-09-29,31.68675422668457
2010-09-30,31.88275909423828
2010-10-01,31.294761657714844
2010-10-04,30.576087951660156
2010-10-05,30.1840877532959
2010-10-06,30.641414642333984
2010-10-07,30.576087951660156
2010-10-08,30.837427139282227
2010-10-11,30.6087589263916
2010-10-12,30.1840877532959
2010-10-13,30.118755340576172
2010-10-14,30.118755340576172
2010-10-15,29.596086502075195
2010-10-18,29.628747940063477
2010-10-19,29.72675132751465
2010-10-20,30.249422073364258
2010-10-21,29.824750900268555
2010-10-22,29.95542335510254
2010-10-25,30.380088806152344
2010-10-26,30.15141487121582
2010-10-27,29.72675132751465
2010-10-28,30.053417205810547
2010-10-29,29.857425689697266
2010-11-01,29.922752380371094
2010-11-02,30.804752349853516
2010-11-03,30.216751098632812
2010-11-04,30.053417205810547
2010-11-05,30.478086471557617
2010-11-08,29.792083740234375
2010-11-09,29.792083740234375
2010-11-10,29.72675132751465
2010-11-11,30.249422073364258
2010-11-12,29.72675132751465
2010-11-15,29.302082061767578
2010-11-16,29.661420822143555
2010-11-17,29.72675132751465
2010-11-18,30.445419311523438
2010-11-19,30.249422073364258
2010-11-22,30.249422073364258
2010-11-23,30.34741973876953
2010-11-24,29.661420822143555
2010-11-25,29.922752380371094
2010-11-26,29.596086502075195
2010-11-29,29.530750274658203
2010-11-30,29.596086502075195
2010-12-01,29.922752380371094
2010-12-02,30.086084365844727
2010-12-03,30.837427139282227
2010-12-06,31.392763137817383
2010-12-07,31.196754455566406
2010-12-08,30.576087951660156
2010-12-09,30.641414642333984
2010-12-10,30.510753631591797
2010-12-13,30.445419311523438
2010-12-14,31.392763137817383
2010-12-15,30.968088150024414
2010-12-16,31.458091735839844
2010-12-17,31.16408348083496
2010-12-20,30.902755737304688
2010-12-21,30.935426712036133
2010-12-22,30.968088150024414
2010-12-23,31.360090255737305
2010-12-24,31.033424377441406
2010-12-27,30.77208709716797
2010-12-28,30.510753631591797
2010-12-29,30.086084365844727
2010-12-30,30.118755340576172
2010-12-31,30.314756393432617
2011-01-03,29.792083740234375
2011-01-04,30.020751953125
2011-01-05,29.628747940063477
2011-01-06,29.596086502075195
2011-01-07,29.008085250854492
2011-01-10,29.008085250854492
2011-01-11,29.40008544921875
2011-01-12,29.334754943847656
2011-01-13,29.596086502075195
2011-01-14,29.236751556396484
2011-01-17,29.106081008911133
2011-01-18,29.367416381835938
2011-01-19,29.596086502075195
2011-01-20,29.204082489013672
2011-01-21,28.942750930786133
2011-01-24,28.877416610717773
2011-01-25,28.7794132232666
2011-01-26,29.432748794555664
2011-01-27,29.40008544921875
2011-01-28,29.40008544921875
2011-02-08,28.975419998168945
2011-02-09,28.12607765197754
2011-02-10,27.897415161132812
2011-02-11,26.558076858520508
2011-02-14,26.558076858520508
2011-02-15,26.786745071411133
2011-02-16,26.852079391479492
2011-02-17,26.4600772857666
2011-02-18,26.754074096679688
2011-02-21,26.558076858520508
2011-02-22,25.251405715942383
2011-02-23,24.17340087890625
2011-02-24,24.500072479248047
2011-02-25,25.022737503051758
2011-03-01,25.74140739440918
2011-03-02,25.21874237060547
2011-03-03,25.48007583618164
2011-03-04,25.578073501586914
2011-03-07,25.31673812866211
2011-03-08,25.349403381347656
2011-03-09,25.61074447631836
2011-03-10,25.284072875976562
2011-03-11,24.76140594482422
2011-03-14,23.454734802246094
2011-03-15,21.82139778137207
2011-03-16,20.93939208984375
2011-03-17,20.384056091308594
2011-03-18,21.298725128173828
2011-03-21,22.27873420715332
2011-03-22,22.27873420715332
2011-03-23,22.409400939941406
2011-03-24,22.997398376464844
2011-03-25,22.964733123779297
2011-03-28,22.670732498168945
2011-03-29,22.670732498168945
2011-03-30,22.736064910888672
2011-03-31,22.442062377929688
2011-04-01,22.670732498168945
2011-04-06,23.16073226928711
2011-04-07,24.76140594482422
2011-04-08,25.088064193725586
2011-04-11,25.153404235839844
2011-04-12,24.17340087890625
2011-04-13,24.663394927978516
2011-04-14,24.6307373046875
2011-04-15,24.663394927978516
2011-04-18,25.21874237060547
2011-04-19,24.924739837646484
2011-04-20,25.18607521057129
2011-04-21,25.48007583618164
2011-04-22,25.284072875976562
2011-04-25,24.924739837646484
2011-04-26,24.892072677612305
2011-04-27,24.957406997680664
2011-04-28,24.53273582458496
2011-04-29,23.748737335205078
2011-05-03,23.062732696533203
2011-05-04,24.075401306152344
2011-05-05,23.87940216064453
2011-05-06,23.716068267822266
2011-05-09,23.91206932067871
2011-05-10,23.846738815307617
2011-05-11,23.781402587890625
2011-05-12,24.304065704345703
2011-05-13,24.892072677612305
2011-05-16,24.434736251831055
2011-05-17,24.304065704345703
2011-05-18,24.304065704345703
2011-05-19,23.977401733398438
2011-05-20,23.291399002075195
2011-05-23,22.246068954467773
2011-05-24,22.866729736328125
2011-05-25,22.703397750854492
2011-05-26,22.442062377929688
2011-05-27,22.311397552490234
2011-05-30,22.540069580078125
2011-05-31,22.932065963745117
2011-06-01,23.03006935119629
2011-06-02,22.638063430786133
2011-06-03,22.540069580078125
2011-06-07,22.540069580078125
2011-06-08,22.34406280517578
2011-06-09,22.670732498168945
2011-06-10,22.213396072387695
2011-06-13,21.560060501098633
2011-06-14,21.723392486572266
2011-06-15,21.88673210144043
2011-06-16,21.527395248413086
2011-06-17,21.396728515625
2011-06-20,19.92672348022461
2011-06-21,20.188060760498047
2011-06-22,19.92672348022461
2011-06-23,19.142719268798828
2011-06-24,18.979387283325195
2011-06-27,18.848722457885742
2011-06-28,18.848722457885742
2011-06-29,18.881383895874023
2011-06-30,18.848722457885742
2011-07-01,20.155393600463867
2011-07-04,21.070056915283203
2011-07-05,20.776058197021484
2011-07-06,21.494728088378906
2011-07-07,22.1480655670166
2011-07-08,21.658061981201172
2011-07-11,21.429393768310547
2011-07-12,19.959392547607422
2011-07-13,19.53472328186035
2011-07-14,20.220726013183594
2011-07-15,20.710723876953125
2011-07-18,20.318727493286133
2011-07-19,21.723392486572266
2011-07-20,22.866729736328125
2011-07-21,24.467403411865234
2011-07-22,25.153404235839844
2011-07-25,25.61074447631836
2011-07-26,25.41474151611328
2011-07-27,25.055404663085938
2011-07-28,25.676074981689453
2011-07-29,25.334383010864258
2011-08-01,27.09648895263672
2011-08-02,26.5977783203125
2011-08-03,25.500625610351562
2011-08-04,24.802433013916016
2011-08-05,23.073570251464844
2011-08-08,21.477706909179688
2011-08-09,21.743684768676758
2011-08-10,22.608110427856445
2011-08-11,21.876670837402344
2011-08-12,22.076152801513672
2011-08-15,23.60552978515625
2011-08-16,23.93800163269043
2011-08-17,24.636188507080078
2011-08-18,23.738521575927734
2011-08-19,22.109405517578125
2011-08-22,22.50836753845215
2011-08-23,24.07099151611328
2011-08-24,23.60552978515625
2011-08-25,21.976415634155273
2011-08-26,22.574867248535156
2011-08-29,22.774351119995117
2011-08-30,23.339553833007812
2011-08-31,23.50578498840332
2011-09-01,22.973831176757812
2011-09-02,23.173311233520508
2011-09-05,22.44187355041504
2011-09-06,22.109405517578125
2011-09-07,22.574867248535156
2011-09-08,22.40863037109375
2011-09-09,22.807592391967773
2011-09-13,22.076152801513672
2011-09-14,20.546785354614258
2011-09-15,21.078739166259766
2011-09-16,21.677194595336914
2011-09-19,21.776931762695312
2011-09-20,22.641357421875
2011-09-21,22.475122451782227
2011-09-22,21.211727142333984
2011-09-23,20.38054847717285
2011-09-26,19.4163761138916
2011-09-27,20.147817611694336
2011-09-28,20.181062698364258
2011-09-29,20.347299575805664
2011-09-30,20.347299575805664
2011-10-03,19.881839752197266
2011-10-04,19.881839752197266
2011-10-05,19.38313102722168
2011-10-06,19.748849868774414
2011-10-07,20.214313507080078
2011-10-11,20.546785354614258
2011-10-12,20.646526336669922
2011-10-13,20.480289459228516
2011-10-14,20.347299575805664
2011-10-17,20.91250228881836
2011-10-18,20.480289459228516
2011-10-19,20.147817611694336
2011-10-20,20.08132553100586
2011-10-21,19.981578826904297
2011-10-24,20.746267318725586
2011-10-25,20.91250228881836
2011-10-26,21.14522933959961
2011-10-27,21.17848014831543
2011-10-28,20.746267318725586
2011-10-31,20.314054489135742
2011-11-01,21.111988067626953
2011-11-02,20.81276512145996
2011-11-03,20.38054847717285
2011-11-04,21.211727142333984
2011-11-07,21.012243270874023
2011-11-08,21.61069679260254
2011-11-09,21.61069679260254
2011-11-10,20.580032348632812
2011-11-11,21.17848014831543
2011-11-14,20.945755004882812
2011-11-15,20.51353645324707
2011-11-16,20.11457061767578
2011-11-17,20.580032348632812
2011-11-18,19.981578826904297
2011-11-21,18.585195541381836
2011-11-22,17.32180404663086
2011-11-23,16.124902725219727
2011-11-24,15.759182929992676
2011-11-25,15.692688941955566
2011-11-28,16.55711555480957
2011-11-29,16.7565975189209
2011-11-30,15.958667755126953
2011-12-01,17.05582618713379
2011-12-02,17.255308151245117
2011-12-05,17.0225772857666
2011-12-06,16.45737648010254
2011-12-07,16.2911376953125
2011-12-08,16.058406829833984
2011-12-09,15.858926773071289
2011-12-12,15.759182929992676
2011-12-13,15.493205070495605
2011-12-14,15.792430877685547
2011-12-15,15.160734176635742
2011-12-16,15.160734176635742
2011-12-19,14.130067825317383
2011-12-20,13.79759693145752
2011-12-21,14.761767387390137
2011-12-22,15.027748107910156
2011-12-23,15.725935935974121
2011-12-26,15.659442901611328
2011-12-27,15.493205070495605
2011-12-28,15.39346694946289
2011-12-29,15.55970287322998
2011-12-30,15.55970287322998
2012-01-02,14.961252212524414
2012-01-03,15.426711082458496
2012-01-04,15.426711082458496
2012-01-05,15.526456832885742
2012-01-06,15.659442901611328
2012-01-09,15.958667755126953
2012-01-10,16.42412757873535
2012-01-11,16.2911376953125
2012-01-12,16.058406829833984
2012-01-13,15.39346694946289
2012-01-16,15.493205070495605
2012-01-17,16.091657638549805
2012-01-18,16.091657638549805
2012-01-30,16.956085205078125
2012-01-31,18.119733810424805
2012-02-01,19.38313102722168
2012-02-02,20.147817611694336
2012-02-03,20.214313507080078
2012-02-06,19.51612091064453
2012-02-07,19.815343856811523
2012-02-08,20.71302032470703
2012-02-09,20.413795471191406
2012-02-10,19.948335647583008
2012-02-13,20.413795471191406
2012-02-14,20.347299575805664
2012-02-15,21.743684768676758
2012-02-16,20.546785354614258
2012-02-17,20.38054847717285
2012-02-20,20.413795471191406
2012-02-21,20.480289459228516
2012-02-22,20.480289459228516
2012-02-23,20.480289459228516
2012-02-24,20.28080177307129
2012-02-29,20.679773330688477
2012-03-01,21.04549217224121
2012-03-02,20.879257202148438
2012-03-05,20.480289459228516
2012-03-06,19.71560287475586
2012-03-07,19.349884033203125
2012-03-08,19.482872009277344
2012-03-09,19.815343856811523
2012-03-12,19.549365997314453
2012-03-13,19.948335647583008
2012-03-14,20.01483154296875
2012-03-15,19.948335647583008
2012-03-16,20.613277435302734
2012-03-19,19.881839752197266
2012-03-20,19.51612091064453
2012-03-21,19.150402069091797
2012-03-22,19.18364715576172
2012-03-23,19.18364715576172
2012-03-26,19.18364715576172
2012-03-27,19.28339195251465
2012-03-28,19.748849868774414
2012-03-29,18.78468132019043
2012-03-30,18.884424209594727
2012-04-02,18.38571548461914
2012-04-03,17.554534912109375
2012-04-05,17.0225772857666
2012-04-06,17.554534912109375
2012-04-09,17.12232208251953
2012-04-10,17.32180404663086
2012-04-11,17.820510864257812
2012-04-12,17.920255661010742
2012-04-13,18.019994735717773
2012-04-16,17.887006759643555
2012-04-17,16.98933219909668
2012-04-18,16.98933219909668
2012-04-19,16.823095321655273
2012-04-20,16.623611450195312
2012-04-23,15.892170906066895
2012-04-24,15.958667755126953
2012-04-25,16.32438850402832
2012-04-26,16.158151626586914
2012-04-27,15.792430877685547
2012-04-30,15.592944145202637
2012-05-02,16.42412757873535
2012-05-03,16.49062156677246
2012-05-04,16.55711555480957
2012-05-07,16.058406829833984
2012-05-08,16.45737648010254
2012-05-09,17.587779998779297
2012-05-10,18.25272560119629
2012-05-11,17.820510864257812
2012-05-14,17.155569076538086
2012-05-15,17.754016876220703
2012-05-16,16.823095321655273
2012-05-17,17.98674774169922
2012-05-18,17.887006759643555
2012-05-21,17.787263870239258
2012-05-22,19.01740837097168
2012-05-23,18.984167098999023
2012-05-24,18.186233520507812
2012-05-25,18.285972595214844
2012-05-28,18.352466583251953
2012-05-29,19.349884033203125
2012-05-30,18.95091438293457
2012-05-31,19.58261489868164
2012-06-01,18.551950454711914
2012-06-04,17.255308151245117
2012-06-05,17.754016876220703
2012-06-06,18.119733810424805
2012-06-07,18.119733810424805
2012-06-08,17.787263870239258
2012-06-11,18.418962478637695
2012-06-12,18.152978897094727
2012-06-13,18.751434326171875
2012-06-14,18.65169334411621
2012-06-15,18.518701553344727
2012-06-18,18.585195541381836
2012-06-19,18.78468132019043
2012-06-20,18.684938430786133
2012-06-21,18.751434326171875
2012-06-22,18.95091438293457
2012-06-25,18.618444442749023
2012-06-26,17.820510864257812
2012-06-27,18.585195541381836
2012-06-28,18.95091438293457
2012-06-29,19.349884033203125
2012-07-02,19.28339195251465
2012-07-03,20.11457061767578
2012-07-04,20.181062698364258
2012-07-05,20.08132553100586
2012-07-06,19.815343856811523
2012-07-09,20.01483154296875
2012-07-10,19.51612091064453
2012-07-11,19.815343856811523
2012-07-12,19.482872009277344
2012-07-13,19.549365997314453
2012-07-16,19.01740837097168
2012-07-17,19.682355880737305
2012-07-18,19.316635131835938
2012-07-19,20.347299575805664
2012-07-20,20.413795471191406
2012-07-23,20.08132553100586
2012-07-24,20.08132553100586
2012-07-25,19.21689224243164
2012-07-26,19.51612091064453
2012-07-27,20.214313507080078
2012-07-30,20.214313507080078
2012-07-31,20.28080177307129
2012-08-01,20.613277435302734
2012-08-02,20.613277435302734
2012-08-03,20.147817611694336
2012-08-06,20.08132553100586
2012-08-07,19.848594665527344
2012-08-08,19.649110794067383
2012-08-09,20.546785354614258
2012-08-10,20.347299575805664
2012-08-13,19.948335647583008
2012-08-14,20.77951431274414
2012-08-15,20.480289459228516
2012-08-16,20.51353645324707
2012-08-17,20.613277435302734
2012-08-20,20.413795471191406
2012-08-21,20.38054847717285
2012-08-22,20.11457061767578
2012-08-23,20.314054489135742
2012-08-24,19.881839752197266
2012-08-27,19.915088653564453
2012-08-28,19.250141143798828
2012-08-29,19.250141143798828
2012-08-30,19.748849868774414
2012-08-31,19.316635131835938
2012-09-03,19.615861892700195
2012-09-04,19.649110794067383
2012-09-05,19.78209686279297
2012-09-06,19.549365997314453
2012-09-07,19.981578826904297
2012-09-10,19.881839752197266
2012-09-11,20.11457061767578
2012-09-12,20.613277435302734
2012-09-13,20.38054847717285
2012-09-14,20.413795471191406
2012-09-17,20.413795471191406
2012-09-18,20.613277435302734
2012-09-19,20.51353645324707
2012-09-20,20.11457061767578
2012-09-21,20.413795471191406
2012-09-24,20.28080177307129
2012-09-25,20.28080177307129
2012-09-26,19.649110794067383
2012-09-27,19.482872009277344
2012-09-28,19.482872009277344
2012-10-01,19.482872009277344
2012-10-02,19.649110794067383
2012-10-03,19.848594665527344
2012-10-04,19.748849868774414
2012-10-05,19.58261489868164
2012-10-08,19.18364715576172
2012-10-09,18.618444442749023
2012-10-11,18.319217681884766
2012-10-12,18.319217681884766
2012-10-15,18.352466583251953
2012-10-16,18.418962478637695
2012-10-17,18.418962478637695
2012-10-18,18.38571548461914
2012-10-19,18.152978897094727
2012-10-22,17.920255661010742
2012-10-23,17.72077178955078
2012-10-24,17.521291732788086
2012-10-25,17.0225772857666
2012-10-26,15.858926773071289
2012-10-29,14.761767387390137
2012-10-30,15.493205070495605
2012-10-31,16.058406829833984
2012-11-01,16.158151626586914
2012-11-02,15.958667755126953
2012-11-05,15.725935935974121
2012-11-06,15.792430877685547
2012-11-07,16.191396713256836
2012-11-08,16.49062156677246
2012-11-09,17.089073181152344
2012-11-12,16.72335433959961
2012-11-13,16.32438850402832
2012-11-14,17.454790115356445
2012-11-15,17.454790115356445
2012-11-16,17.18881607055664
2012-11-19,16.690101623535156
2012-11-20,16.7565975189209
2012-11-21,16.42412757873535
2012-11-22,16.45737648010254
2012-11-23,17.388296127319336
2012-11-26,17.887006759643555
2012-11-27,17.521291732788086
2012-11-28,17.820510864257812
2012-11-29,17.72077178955078
2012-11-30,17.853757858276367
2012-12-03,17.953500747680664
2012-12-04,18.119733810424805
2012-12-05,18.086490631103516
2012-12-06,17.887006759643555
2012-12-07,17.887006759643555
2012-12-10,17.787263870239258
2012-12-11,17.554534912109375
2012-12-12,17.687522888183594
2012-12-13,17.953500747680664
2012-12-14,17.754016876220703
2012-12-17,17.155569076538086
2012-12-18,17.454790115356445
2012-12-19,17.654273986816406
2012-12-20,17.621028900146484
2012-12-21,17.22205924987793
2012-12-24,17.488039016723633
2012-12-25,18.25272560119629
2012-12-26,18.019994735717773
2012-12-27,17.98674774169922
2012-12-28,17.953500747680664
2013-01-02,18.25272560119629
2013-01-03,18.751434326171875
2013-01-04,18.95091438293457
2013-01-07,18.551950454711914
2013-01-08,18.684938430786133
2013-01-09,18.81792640686035
2013-01-10,18.81792640686035
2013-01-11,18.81792640686035
2013-01-14,18.551950454711914
2013-01-15,18.684938430786133
2013-01-16,18.618444442749023
2013-01-17,18.019994735717773
2013-01-18,18.917667388916016
2013-01-21,18.684938430786133
2013-01-22,18.78468132019043
2013-01-23,18.684938430786133
2013-01-24,18.485456466674805
2013-01-25,18.285972595214844
2013-01-28,18.319217681884766
2013-01-29,18.485456466674805
2013-01-30,18.38571548461914
2013-01-31,18.319217681884766
2013-02-01,18.086490631103516
2013-02-04,18.05324363708496
2013-02-05,17.787263870239258
2013-02-06,17.621028900146484
2013-02-18,17.521291732788086
2013-02-19,17.820510864257812
2013-02-20,17.820510864257812
2013-02-21,17.587779998779297
2013-02-22,17.521291732788086
2013-02-25,17.488039016723633
2013-02-26,16.690101623535156
2013-02-27,16.623611450195312
2013-03-01,16.789846420288086
2013-03-04,15.958667755126953
2013-03-05,16.257892608642578
2013-03-06,16.32438850402832
2013-03-07,16.42412757873535
2013-03-08,16.357635498046875
2013-03-11,16.42412757873535
2013-03-12,16.656856536865234
2013-03-13,16.55711555480957
2013-03-14,16.690101623535156
2013-03-15,16.523868560791016
2013-03-18,16.42412757873535
2013-03-19,16.590364456176758
2013-03-20,16.42412757873535
2013-03-21,16.49062156677246
2013-03-22,16.523868560791016
2013-03-25,16.42412757873535
2013-03-26,17.0225772857666
2013-03-27,16.789846420288086
2013-03-28,16.55711555480957
2013-03-29,16.623611450195312
2013-04-01,16.55711555480957
2013-04-02,16.523868560791016
2013-04-03,16.158151626586914
2013-04-08,15.127485275268555
2013-04-09,15.160734176635742
2013-04-10,15.227226257324219
2013-04-11,15.227226257324219
2013-04-12,14.961252212524414
2013-04-15,14.828258514404297
2013-04-16,15.227226257324219
2013-04-17,15.3269681930542
2013-04-18,15.3269681930542
2013-04-19,15.659442901611328
2013-04-22,15.426711082458496
2013-04-23,15.260475158691406
2013-04-24,15.426711082458496
2013-04-25,15.3269681930542
2013-04-26,15.227226257324219
2013-04-29,15.160734176635742
2013-04-30,15.493205070495605
2013-05-02,15.39346694946289
2013-05-03,15.592944145202637
2013-05-06,15.958667755126953
2013-05-07,15.958667755126953
2013-05-08,15.958667755126953
2013-05-09,15.991913795471191
2013-05-10,15.858926773071289
2013-05-13,15.626193046569824
2013-05-14,15.592944145202637
2013-05-15,15.692688941955566
2013-05-16,15.958667755126953
2013-05-17,15.725935935974121
2013-05-20,15.659442901611328
2013-05-21,15.892170906066895
2013-05-22,16.058406829833984
2013-05-23,15.759182929992676
2013-05-24,15.692688941955566
2013-05-27,15.759182929992676
2013-05-28,15.692688941955566
2013-05-29,16.49062156677246
2013-05-30,16.32438850402832
2013-05-31,16.025157928466797
2013-06-03,16.091657638549805
2013-06-04,16.025157928466797
2013-06-05,16.091657638549805
2013-06-06,15.759182929992676
2013-06-07,15.526456832885742
2013-06-10,15.626193046569824
2013-06-11,15.459959983825684
2013-06-13,15.127485275268555
2013-06-14,14.994499206542969
2013-06-17,14.994499206542969
2013-06-18,15.260475158691406
2013-06-19,15.858926773071289
2013-06-20,15.858926773071289
2013-06-21,15.858926773071289
2013-06-24,15.493205070495605
2013-06-25,15.293720245361328
2013-06-26,15.526456832885742
2013-06-27,15.426711082458496
2013-06-28,15.493205070495605
2013-07-01,15.626193046569824
2013-07-02,15.659442901611328
2013-07-03,15.426711082458496
2013-07-04,15.227226257324219
2013-07-05,15.360218048095703
2013-07-08,15.160734176635742
2013-07-09,15.160734176635742
2013-07-10,15.160734176635742
2013-07-11,15.459959983825684
2013-07-12,15.39346694946289
2013-07-15,15.759182929992676
2013-07-16,15.725935935974121
2013-07-17,15.426711082458496
2013-07-18,15.360218048095703
2013-07-19,15.459959983825684
2013-07-22,16.523868560791016
2013-07-23,17.654273986816406
2013-07-24,17.454790115356445
2013-07-25,17.355051040649414
2013-07-26,17.12232208251953
2013-07-29,17.0225772857666
2013-07-30,16.823095321655273
2013-07-31,16.191396713256836
2013-08-01,16.42412757873535
2013-08-02,16.2911376953125
2013-08-05,16.590364456176758
2013-08-06,16.158151626586914
2013-08-07,15.626193046569824
2013-08-08,15.71442699432373
2013-08-09,16.020557403564453
2013-08-12,15.884496688842773
2013-08-13,16.32668113708496
2013-08-14,16.53076171875
2013-08-15,16.39470863342285
2013-08-16,16.462736129760742
2013-08-19,16.22463607788086
2013-08-20,16.22463607788086
2013-08-22,16.598787307739258
2013-08-23,17.347095489501953
2013-08-26,17.14301300048828
2013-08-27,16.496746063232422
2013-08-28,16.598787307739258
2013-08-29,16.598787307739258
2013-08-30,16.63280487060547
2013-09-02,16.63280487060547
2013-09-03,16.904916763305664
2013-09-04,16.700834274291992
2013-09-05,16.598787307739258
2013-09-06,16.870901107788086
2013-09-09,16.66681671142578
2013-09-10,16.564775466918945
2013-09-11,16.22463607788086
2013-09-12,16.66681671142578
2013-09-13,16.66681671142578
2013-09-16,16.700834274291992
2013-09-17,17.040971755981445
2013-09-18,16.870901107788086
2013-09-23,16.734844207763672
2013-09-24,16.76885986328125
2013-09-25,16.598787307739258
2013-09-26,16.462736129760742
2013-09-27,16.53076171875
2013-09-30,16.496746063232422
2013-10-01,16.39470863342285
2013-10-02,16.36069107055664
2013-10-03,16.66681671142578
2013-10-04,16.63280487060547
2013-10-07,16.598787307739258
2013-10-08,16.42871856689453
2013-10-09,16.39470863342285
2013-10-11,16.564775466918945
2013-10-14,16.020557403564453
2013-10-15,16.15660858154297
2013-10-16,16.088579177856445
2013-10-17,16.190622329711914
2013-10-18,16.462736129760742
2013-10-21,16.29266357421875
2013-10-22,16.29266357421875
2013-10-23,16.15660858154297
2013-10-24,16.32668113708496
2013-10-25,16.054567337036133
2013-10-28,16.12259292602539
2013-10-29,15.95252799987793
2013-10-30,16.020557403564453
2013-10-31,15.98653793334961
2013-11-01,15.748443603515625
2013-11-04,15.748443603515625
2013-11-05,15.680414199829102
2013-11-06,15.306260108947754
2013-11-07,15.272245407104492
2013-11-08,15.238234519958496
2013-11-11,15.4423189163208
2013-11-12,14.898094177246094
2013-11-13,14.796050071716309
2013-11-14,15.102177619934082
2013-11-15,15.000136375427246
2013-11-18,14.762040138244629
2013-11-19,14.796050071716309
2013-11-20,14.830069541931152
2013-11-21,14.489925384521484
2013-11-22,14.523941993713379
2013-11-25,14.728025436401367
2013-11-26,14.830069541931152
2013-11-27,15.20422077178955
2013-11-28,15.102177619934082
2013-11-29,15.71442699432373
2013-12-02,15.510346412658691
2013-12-03,15.54435920715332
2013-12-04,15.646401405334473
2013-12-05,15.476327896118164
2013-12-06,15.408306121826172
2013-12-09,15.408306121826172
2013-12-10,15.170207977294922
2013-12-11,14.966121673583984
2013-12-12,14.932106971740723
2013-12-13,15.000136375427246
2013-12-16,15.102177619934082
2013-12-17,14.898094177246094
2013-12-18,14.932106971740723
2013-12-19,15.374289512634277
2013-12-20,15.238234519958496
2013-12-23,15.170207977294922
2013-12-24,15.4423189163208
2013-12-25,15.306260108947754
2013-12-26,15.340274810791016
2013-12-27,15.578375816345215
2013-12-30,15.646401405334473
2013-12-31,15.4423189163208
2014-01-02,15.510346412658691
2014-01-03,15.374289512634277
2014-01-06,15.578375816345215
2014-01-07,15.646401405334473
2014-01-08,15.850482940673828
2014-01-09,15.918512344360352
2014-01-10,16.258649826049805
2014-01-13,15.98653793334961
2014-01-14,15.816471099853516
2014-01-15,15.98653793334961
2014-01-16,16.598787307739258
2014-01-17,16.36069107055664
2014-01-20,16.258649826049805
2014-01-21,16.32668113708496
2014-01-22,16.054567337036133
2014-01-23,15.884496688842773
2014-01-24,15.95252799987793
2014-01-27,15.71442699432373
2014-02-05,15.374289512634277
2014-02-06,15.510346412658691
2014-02-07,15.54435920715332
2014-02-10,15.4423189163208
2014-02-11,15.374289512634277
2014-02-12,15.612388610839844
2014-02-13,15.306260108947754
2014-02-14,15.238234519958496
2014-02-17,15.170207977294922
2014-02-18,15.272245407104492
2014-02-19,15.272245407104492
2014-02-20,15.612388610839844
2014-02-21,15.4423189163208
2014-02-24,15.272245407104492
2014-02-25,15.306260108947754
2014-02-26,15.272245407104492
2014-02-27,15.71442699432373
2014-03-03,15.476327896118164
2014-03-04,15.340274810791016
2014-03-05,15.4423189163208
2014-03-06,15.71442699432373
2014-03-07,15.510346412658691
2014-03-10,15.4423189163208
2014-03-11,15.408306121826172
2014-03-12,15.374289512634277
2014-03-13,15.680414199829102
2014-03-14,15.476327896118164
2014-03-17,15.476327896118164
2014-03-18,15.476327896118164
2014-03-19,15.4423189163208
2014-03-20,15.306260108947754
2014-03-21,15.408306121826172
2014-03-24,15.272245407104492
2014-03-25,15.340274810791016
2014-03-26,15.272245407104492
2014-03-27,15.306260108947754
2014-03-28,15.170207977294922
2014-03-31,15.20422077178955
2014-04-01,15.272245407104492
2014-04-02,15.4423189163208
2014-04-03,15.408306121826172
2014-04-07,15.408306121826172
2014-04-08,15.578375816345215
2014-04-09,15.54435920715332
2014-04-10,15.408306121826172
2014-04-11,15.306260108947754
2014-04-14,15.238234519958496
2014-04-15,15.408306121826172
2014-04-16,15.374289512634277
2014-04-17,15.748443603515625
2014-04-18,15.578375816345215
2014-04-21,15.578375816345215
2014-04-22,16.054567337036133
2014-04-23,15.816471099853516
2014-04-24,15.578375816345215
2014-04-25,15.20422077178955
2014-04-28,15.102177619934082
2014-04-29,15.20422077178955
2014-04-30,15.102177619934082
2014-05-02,15.306260108947754
2014-05-05,15.272245407104492
2014-05-06,15.238234519958496
2014-05-07,15.272245407104492
2014-05-08,15.306260108947754
2014-05-09,15.272245407104492
2014-05-12,15.102177619934082
2014-05-13,15.068164825439453
2014-05-14,15.102177619934082
2014-05-15,15.000136375427246
2014-05-16,14.694012641906738
2014-05-19,14.728025436401367
2014-05-20,14.796050071716309
2014-05-21,14.762040138244629
2014-05-22,15.000136375427246
2014-05-23,14.864078521728516
2014-05-26,15.102177619934082
2014-05-27,14.966121673583984
2014-05-28,14.966121673583984
2014-05-29,14.966121673583984
2014-05-30,14.898094177246094
2014-06-03,15.034151077270508
2014-06-04,15.136192321777344
2014-06-05,15.000136375427246
2014-06-06,14.966121673583984
2014-06-09,14.966121673583984
2014-06-10,14.966121673583984
2014-06-11,15.068164825439453
2014-06-12,14.966121673583984
2014-06-13,14.966121673583984
2014-06-16,14.966121673583984
2014-06-17,14.932106971740723
2014-06-18,14.898094177246094
2014-06-19,14.898094177246094
2014-06-20,14.830069541931152
2014-06-23,14.659996032714844
2014-06-24,14.694012641906738
2014-06-25,14.830069541931152
2014-06-26,14.966121673583984
2014-06-27,14.898094177246094
2014-06-30,15.034151077270508
2014-07-01,15.136192321777344
2014-07-02,15.068164825439453
2014-07-03,15.170207977294922
2014-07-04,15.102177619934082
2014-07-07,15.000136375427246
2014-07-08,15.272245407104492
2014-07-09,15.068164825439453
2014-07-10,15.408306121826172
2014-07-11,15.170207977294922
2014-07-14,15.272245407104492
2014-07-15,15.340274810791016
2014-07-16,15.20422077178955
2014-07-17,15.170207977294922
2014-07-18,15.170207977294922
2014-07-21,15.170207977294922
2014-07-22,15.4423189163208
2014-07-23,15.4423189163208
2014-07-24,15.408306121826172
2014-07-25,15.238234519958496
2014-07-28,15.238234519958496
2014-07-29,15.136192321777344
2014-07-30,15.136192321777344
2014-07-31,15.136192321777344
2014-08-01,15.068164825439453
2014-08-04,15.068164825439453
2014-08-05,14.966121673583984
2014-08-06,14.796050071716309
2014-08-07,14.796050071716309
2014-08-08,14.694012641906738
2014-08-11,14.728025436401367
2014-08-12,14.762040138244629
2014-08-13,14.762040138244629
2014-08-14,14.835848808288574
2014-08-15,14.801188468933105
2014-08-18,14.523881912231445
2014-08-19,14.523881912231445
2014-08-20,14.523881912231445
2014-08-21,14.350564956665039
2014-08-22,14.489217758178711
2014-08-25,14.73185920715332
2014-08-26,14.90517520904541
2014-08-27,14.90517520904541
2014-08-28,15.07849407196045
2014-08-29,15.009164810180664
2014-09-01,15.009164810180664
2014-09-02,14.870513916015625
2014-09-03,14.870513916015625
2014-09-04,14.974503517150879
2014-09-05,15.009164810180664
2014-09-09,14.974503517150879
2014-09-10,14.801188468933105
2014-09-11,15.009164810180664
2014-09-12,14.835848808288574
2014-09-15,14.801188468933105
2014-09-16,14.801188468933105
2014-09-17,14.73185920715332
2014-09-18,14.73185920715332
2014-09-19,14.73185920715332
2014-09-22,14.523881912231445
2014-09-23,14.454556465148926
2014-09-24,14.523881912231445
2014-09-25,14.350564956665039
2014-09-26,14.142587661743164
2014-09-29,14.038596153259277
2014-09-30,14.246575355529785
2014-10-01,14.177250862121582
2014-10-02,14.107921600341797
2014-10-03,14.2119140625
2014-10-06,14.246575355529785
2014-10-07,14.177250862121582
2014-10-08,14.038596153259277
2014-10-09,13.865280151367188
2014-10-13,12.964037895202637
2014-10-14,12.8947114944458
2014-10-15,12.062792778015137
2014-10-16,11.9588041305542
2014-10-17,11.300203323364258
2014-10-20,12.028130531311035
2014-10-21,11.88947868347168
2014-10-22,12.23611068725586
2014-10-23,12.305437088012695
2014-10-24,11.993467330932617
2014-10-27,11.646835327148438
2014-10-28,12.132121086120605
2014-10-29,12.34009838104248
2014-10-30,12.270774841308594
2014-10-31,13.102688789367676
2014-11-03,13.13735580444336
2014-11-04,13.033361434936523
2014-11-05,13.241341590881348
2014-11-06,13.033361434936523
2014-11-07,13.414658546447754
2014-11-10,13.172016143798828
2014-11-11,13.102688789367676
2014-11-12,12.860047340393066
2014-11-13,12.860047340393066
2014-11-14,12.860047340393066
2014-11-17,12.61740493774414
2014-11-18,12.444089889526367
2014-11-19,12.548079490661621
2014-11-20,12.548079490661621
2014-11-21,12.721395492553711
2014-11-24,12.825385093688965
2014-11-25,12.652070045471191
2014-11-26,12.61740493774414
2014-11-27,12.548079490661621
2014-11-28,12.40942668914795
2014-12-01,12.16678524017334
2014-12-02,12.374763488769531
2014-12-03,12.548079490661621
2014-12-04,13.033361434936523
2014-12-05,13.033361434936523
2014-12-08,12.825385093688965
2014-12-09,12.68673038482666
2014-12-10,12.652070045471191
2014-12-11,12.58273983001709
2014-12-12,12.68673038482666
2014-12-15,12.721395492553711
2014-12-16,12.756058692932129
2014-12-17,12.790722846984863
2014-12-18,12.68673038482666
2014-12-19,12.68673038482666
2014-12-22,12.790722846984863
2014-12-23,12.8947114944458
2014-12-24,13.102688789367676
2014-12-25,13.06802749633789
2014-12-26,13.06802749633789
2014-12-29,13.13735580444336
2014-12-30,13.93460750579834
2014-12-31,13.657303810119629
2015-01-05,13.622636795043945
2015-01-06,13.414658546447754
2015-01-07,13.414658546447754
2015-01-08,13.414658546447754
2015-01-09,13.518648147583008
2015-01-12,13.379996299743652
2015-01-13,13.449320793151855
2015-01-14,13.310670852661133
2015-01-15,13.310670852661133
2015-01-16,12.964037895202637
2015-01-19,12.790722846984863
2015-01-20,12.929374694824219
2015-01-21,12.721395492553711
2015-01-22,12.998699188232422
2015-01-23,13.206679344177246
2015-01-26,13.13735580444336
2015-01-27,12.998699188232422
2015-01-28,13.033361434936523
2015-01-29,12.8947114944458
2015-01-30,12.964037895202637
2015-02-02,12.860047340393066
2015-02-03,12.825385093688965
2015-02-04,12.721395492553711
2015-02-05,12.61740493774414
2015-02-06,12.548079490661621
2015-02-09,12.513416290283203
2015-02-10,12.548079490661621
2015-02-11,12.513416290283203
2015-02-12,12.40942668914795
2015-02-13,12.34009838104248
2015-02-24,12.374763488769531
2015-02-25,12.478753089904785
2015-02-26,12.444089889526367
2015-03-02,12.444089889526367
2015-03-03,12.444089889526367
2015-03-04,12.8947114944458
2015-03-05,12.8947114944458
2015-03-06,12.825385093688965
2015-03-09,12.68673038482666
2015-03-10,12.721395492553711
2015-03-11,12.825385093688965
2015-03-12,12.68673038482666
2015-03-13,12.8947114944458
2015-03-16,12.68673038482666
2015-03-17,12.61740493774414
2015-03-18,12.61740493774414
2015-03-19,13.102688789367676
2015-03-20,13.414658546447754
2015-03-23,13.102688789367676
2015-03-24,13.033361434936523
2015-03-25,12.929374694824219
2015-03-26,12.860047340393066
2015-03-27,12.825385093688965
2015-03-30,12.652070045471191
2015-03-31,12.756058692932129
2015-04-01,12.61740493774414
2015-04-02,12.8947114944458
2015-04-07,12.790722846984863
2015-04-08,12.998699188232422
2015-04-09,12.790722846984863
2015-04-10,12.756058692932129
2015-04-13,12.964037895202637
2015-04-14,12.998699188232422
2015-04-15,12.721395492553711
2015-04-16,12.790722846984863
2015-04-17,12.756058692932129
2015-04-20,12.68673038482666
2015-04-21,12.478753089904785
2015-04-22,12.548079490661621
2015-04-23,12.825385093688965
2015-04-24,12.756058692932129
2015-04-27,12.68673038482666
2015-04-28,12.825385093688965
2015-04-29,12.8947114944458
2015-04-30,12.964037895202637
2015-05-04,12.68673038482666
2015-05-05,12.652070045471191
2015-05-06,12.756058692932129
2015-05-07,12.721395492553711
2015-05-08,12.721395492553711
2015-05-11,12.40942668914795
2015-05-12,12.513416290283203
2015-05-13,12.61740493774414
2015-05-14,13.483985900878906
2015-05-15,12.964037895202637
2015-05-18,13.241341590881348
2015-05-19,13.06802749633789
2015-05-20,12.825385093688965
2015-05-21,12.40942668914795
2015-05-22,12.16678524017334
2015-05-25,11.750826835632324
2015-05-26,11.854814529418945
2015-05-27,11.924141883850098
2015-05-28,12.16678524017334
2015-05-29,11.993467330932617
2015-06-01,11.750826835632324
2015-06-02,11.716161727905273
2015-06-03,11.161551475524902
2015-06-04,10.849581718444824
2015-06-05,10.57227611541748
2015-06-08,9.532380104064941
2015-06-09,8.59647274017334
2015-06-10,9.428391456604004
2015-06-11,9.151084899902344
2015-06-12,9.04709529876709
2015-06-15,9.11642074584961
2015-06-16,8.943105697631836
2015-06-17,8.908443450927734
2015-06-18,9.081758499145508
2015-06-22,9.983000755310059
2015-06-23,9.983000755310059
2015-06-24,10.052328109741211
2015-06-25,10.468287467956543
2015-06-26,10.398959159851074
2015-06-29,9.913675308227539
2015-06-30,10.2256441116333
2015-07-01,10.57227611541748
2015-07-02,10.606939315795898
2015-07-03,10.57227611541748
2015-07-06,10.57227611541748
2015-07-07,10.537613868713379
2015-07-08,10.01766586303711
2015-07-09,10.01766586303711
2015-07-10,10.01766586303711
2015-07-13,10.052328109741211
2015-07-14,10.052328109741211
2015-07-15,10.121655464172363
2015-07-16,10.156317710876465
2015-07-17,10.156317710876465
2015-07-20,9.913675308227539
2015-07-21,9.94833755493164
2015-07-22,9.94833755493164
2015-07-23,9.94833755493164
2015-07-24,9.913675308227539
2015-07-27,9.359065055847168
2015-07-28,9.2897367477417
2015-07-29,9.2897367477417
2015-07-30,9.428391456604004
2015-07-31,9.359065055847168
2015-08-03,9.359065055847168
2015-08-04,8.769791603088379
2015-08-05,8.943105697631836
2015-08-06,8.839115142822266
2015-08-07,8.97776985168457
2015-08-10,9.11642074584961
2015-08-11,9.151084899902344
2015-08-12,9.22041130065918
2015-08-13,9.601706504821777
2015-08-14,9.775023460388184
2015-08-17,9.324399948120117
2015-08-18,9.185749053955078
2015-08-19,8.735128402709961
2015-08-20,8.631136894226074
2015-08-21,8.180514335632324
2015-08-24,7.383261680603027
2015-08-25,7.279272556304932
2015-08-26,7.2446088790893555
2015-08-27,7.729894638061523
2015-08-28,8.284503936767578
2015-08-31,7.9901204109191895
2015-09-01,8.025630950927734
2015-09-02,8.132166862487793
2015-09-03,8.238700866699219
2015-09-04,8.025630950927734
2015-09-07,7.9901204109191895
2015-09-08,8.025630950927734
2015-09-09,8.238700866699219
2015-09-10,8.664839744567871
2015-09-11,8.700350761413574
2015-09-14,8.629328727722168
2015-09-15,8.416258811950684
2015-09-16,8.45177173614502
2015-09-17,8.593816757202148
2015-09-18,8.73586368560791
2015-09-21,8.45177173614502
2015-09-22,8.558305740356445
2015-09-23,8.380745887756348
2015-09-24,8.167678833007812
2015-09-25,8.167678833007812
2015-09-29,8.167678833007812
2015-09-30,8.167678833007812
2015-10-01,8.309723854064941
2015-10-02,8.45177173614502
2015-10-05,8.98444652557373
2015-10-06,9.019957542419434
2015-10-07,9.090982437133789
2015-10-08,8.948933601379395
2015-10-12,9.162003517150879
2015-10-13,9.162003517150879
2015-10-14,9.162003517150879
2015-10-15,9.197515487670898
2015-10-16,9.055468559265137
2015-10-19,9.517118453979492
2015-10-20,9.375073432922363
2015-10-21,9.446097373962402
2015-10-22,9.446097373962402
2015-10-23,9.410585403442383
2015-10-26,9.872235298156738
2015-10-27,9.801212310791016
2015-10-28,9.97877025604248
2015-10-29,9.69467830657959
2015-10-30,9.552630424499512
2015-11-02,9.517118453979492
2015-11-03,9.836724281311035
2015-11-04,9.943259239196777
2015-11-05,10.156329154968262
2015-11-06,9.943259239196777
2015-11-09,9.69467830657959
2015-11-10,9.69467830657959
2015-11-11,9.943259239196777
2015-11-12,10.156329154968262
2015-11-13,9.907748222351074
2015-11-16,9.907748222351074
2015-11-17,9.97877025604248
2015-11-18,10.120818138122559
2015-11-19,10.546958923339844
2015-11-20,10.58246898651123
2015-11-23,10.369399070739746
2015-11-24,10.156329154968262
2015-11-25,10.085307121276855
2015-11-26,10.156329154968262
2015-11-27,9.872235298156738
2015-11-30,9.69467830657959
2015-12-01,9.801212310791016
2015-12-02,9.907748222351074
2015-12-03,10.26286506652832
2015-12-04,10.120818138122559
2015-12-07,10.156329154968262
2015-12-08,10.014283180236816
2015-12-09,9.69467830657959
2015-12-10,9.730189323425293
2015-12-11,9.162003517150879
2015-12-14,8.98444652557373
2015-12-15,9.090982437133789
2015-12-16,9.268538475036621
2015-12-17,9.481607437133789
2015-12-18,9.339560508728027
2015-12-21,9.375073432922363
2015-12-22,9.375073432922363
2015-12-23,9.410585403442383
2015-12-24,9.446097373962402
2015-12-25,9.446097373962402
2015-12-28,9.481607437133789
2015-12-29,9.304049491882324
2015-12-30,9.304049491882324
2015-12-31,9.233026504516602
2016-01-04,9.019957542419434
2016-01-05,9.019957542419434
2016-01-06,8.664839744567871
2016-01-07,8.238700866699219
2016-01-08,8.380745887756348
2016-01-11,8.096654891967773
2016-01-12,8.025630950927734
2016-01-13,8.06114387512207
2016-01-14,7.848072052001953
2016-01-15,7.91909646987915
2016-01-18,8.025630950927734
2016-01-19,8.238700866699219
2016-01-20,8.025630950927734
2016-01-21,8.167678833007812
2016-01-22,8.167678833007812
2016-01-25,8.274210929870605
2016-01-26,8.593816757202148
2016-01-27,8.487281799316406
2016-01-28,8.522795677185059
2016-01-29,8.522795677185059
2016-02-01,8.664839744567871
2016-02-02,8.593816757202148
2016-02-03,8.522795677185059
2016-02-15,8.45177173614502
2016-02-16,8.806885719299316
2016-02-17,8.842397689819336
2016-02-18,8.806885719299316
2016-02-19,8.629328727722168
2016-02-22,8.664839744567871
2016-02-23,8.73586368560791
2016-02-24,8.593816757202148
2016-02-25,9.126492500305176
2016-02-26,8.948933601379395
2016-03-01,9.019957542419434
2016-03-02,9.162003517150879
2016-03-03,9.375073432922363
2016-03-04,9.517118453979492
2016-03-07,9.339560508728027
2016-03-08,9.552630424499512
2016-03-09,9.517118453979492
2016-03-10,9.517118453979492
2016-03-11,9.517118453979492
2016-03-14,9.588143348693848
2016-03-15,9.304049491882324
2016-03-16,9.97877025604248
2016-03-17,9.801212310791016
2016-03-18,10.156329154968262
2016-03-21,10.085307121276855
2016-03-22,9.836724281311035
2016-03-23,9.765701293945312
2016-03-24,9.65916633605957
2016-03-25,9.552630424499512
2016-03-28,9.65916633605957
2016-03-29,9.410585403442383
2016-03-30,9.517118453979492
2016-03-31,9.375073432922363
2016-04-01,9.339560508728027
2016-04-06,9.126492500305176
2016-04-07,8.98444652557373
2016-04-08,9.019957542419434
2016-04-11,8.913421630859375
2016-04-12,8.877909660339355
2016-04-13,8.913421630859375
2016-04-14,8.877909660339355
2016-04-15,8.77137565612793
2016-04-18,8.73586368560791
2016-04-19,8.73586368560791
2016-04-20,8.664839744567871
2016-04-21,8.664839744567871
2016-04-22,8.487281799316406
2016-04-25,8.45177173614502
2016-04-26,8.522795677185059
2016-04-27,8.487281799316406
2016-04-28,8.45177173614502
2016-04-29,8.380745887756348
2016-05-03,8.238700866699219
2016-05-04,8.096654891967773
2016-05-05,8.025630950927734
2016-05-06,7.883584499359131
2016-05-09,7.848072052001953
2016-05-10,7.954607963562012
2016-05-11,7.954607963562012
2016-05-12,7.812560558319092
2016-05-13,7.777047157287598
2016-05-16,7.670515537261963
2016-05-17,7.9901204109191895
2016-05-18,7.954607963562012
2016-05-19,7.954607963562012
2016-05-20,8.025630950927734
2016-05-23,8.2031888961792
2016-05-24,8.274210929870605
2016-05-25,8.487281799316406
2016-05-26,8.416258811950684
2016-05-27,8.45177173614502
2016-05-30,8.558305740356445
2016-05-31,8.558305740356445
2016-06-01,8.664839744567871
2016-06-02,8.416258811950684
2016-06-03,8.487281799316406
2016-06-06,8.45177173614502
2016-06-07,8.487281799316406
2016-06-08,8.487281799316406
2016-06-13,8.2031888961792
2016-06-14,8.345234870910645
2016-06-15,8.593816757202148
2016-06-16,8.487281799316406
2016-06-17,8.593816757202148
2016-06-20,8.593816757202148
2016-06-21,8.629328727722168
2016-06-22,8.629328727722168
2016-06-23,8.700350761413574
2016-06-24,8.309723854064941
2016-06-27,8.45177173614502
2016-06-28,8.522795677185059
2016-06-29,8.487281799316406
2016-06-30,8.73586368560791
2016-07-01,8.842397689819336
2016-07-04,8.877909660339355
2016-07-05,8.806885719299316
2016-07-06,8.77137565612793
2016-07-07,8.77137565612793
2016-07-08,8.77137565612793
2016-07-11,8.806885719299316
2016-07-12,8.913421630859375
2016-07-13,9.055468559265137
2016-07-14,9.090982437133789
2016-07-15,9.588143348693848
2016-07-18,9.65916633605957
2016-07-19,9.623655319213867
2016-07-20,9.517118453979492
2016-07-21,9.801212310791016
2016-07-22,9.801212310791016
2016-07-25,9.801212310791016
2016-07-26,10.04979419708252
2016-07-27,10.653491020202637
2016-07-28,10.831049919128418
2016-07-29,11.008607864379883
2016-08-01,12.109469413757324
2016-08-02,12.002933502197266
2016-08-03,11.860888481140137
2016-08-04,11.434748649597168
2016-08-05,11.718841552734375
2016-08-08,12.677656173706055
2016-08-09,12.358049392700195
2016-08-10,12.358049392700195
2016-08-11,12.642142295837402
2016-08-12,12.358049392700195
2016-08-15,13.494422912597656
2016-08-16,13.281354904174805
2016-08-17,13.529934883117676
2016-08-18,13.565444946289062
2016-08-19,13.565444946289062
2016-08-22,13.885053634643555
2016-08-23,15.30551815032959
2016-08-24,16.832517623901367
2016-08-25,18.501564025878906
2016-08-26,17.277729034423828
2016-08-29,17.56568717956543
2016-08-30,18.069623947143555
2016-08-31,17.67367172241211
2016-09-01,17.925640106201172
2016-09-02,17.67367172241211
2016-09-05,17.67367172241211
2016-09-06,18.141611099243164
2016-09-07,17.925640106201172
2016-09-08,17.889644622802734
2016-09-09,17.853649139404297
2016-09-12,17.889644622802734
2016-09-13,17.67367172241211
2016-09-14,17.70966911315918
2016-09-19,17.961637496948242
2016-09-20,18.429576873779297
2016-09-21,20.337324142456055
2016-09-22,21.201210021972656
2016-09-23,21.16521644592285
2016-09-26,23.108957290649414
2016-09-27,23.108957290649414
2016-09-28,23.108957290649414
2016-09-29,22.317062377929688
2016-09-30,20.985239028930664
2016-10-03,22.209075927734375
2016-10-04,22.029102325439453
2016-10-05,22.317062377929688
2016-10-06,21.99310302734375
2016-10-07,21.16521644592285
2016-10-11,20.193342208862305
2016-10-12,20.733272552490234
2016-10-13,20.301328659057617
2016-10-14,19.509435653686523
2016-10-17,20.1573486328125
2016-10-18,19.797395706176758
2016-10-19,19.725404739379883
2016-10-20,19.977371215820312
2016-10-21,19.941377639770508
2016-10-24,19.941377639770508
2016-10-25,21.92111587524414
2016-10-26,21.16521644592285
2016-10-27,21.201210021972656
2016-10-28,20.661283493041992
2016-10-31,20.87725257873535
2016-11-01,20.4453125
2016-11-02,19.725404739379883
2016-11-03,19.293460845947266
2016-11-04,19.437442779541016
2016-11-07,19.905380249023438
2016-11-08,19.5814208984375
2016-11-09,17.99763298034668
2016-11-10,18.789525985717773
2016-11-11,17.853649139404297
2016-11-14,17.20573616027832
2016-11-15,17.745664596557617
2016-11-16,17.313720703125
2016-11-17,17.385711669921875
2016-11-18,17.63768196105957
2016-11-21,17.45770263671875
2016-11-22,17.925640106201172
2016-11-23,17.70966911315918
2016-11-24,17.313720703125
2016-11-25,17.313720703125
2016-11-28,17.0257568359375
2016-11-29,17.313720703125
2016-11-30,17.0257568359375
2016-12-01,17.13374137878418
2016-12-02,16.989765167236328
2016-12-05,16.16187286376953
2016-12-06,17.313720703125
2016-12-07,18.177610397338867
2016-12-08,17.853649139404297
2016-12-09,18.141611099243164
2016-12-12,18.429576873779297
2016-12-13,18.249597549438477
2016-12-14,18.32158851623535
2016-12-15,18.35758399963379
2016-12-16,18.10561752319336
2016-12-19,17.493696212768555
2016-12-20,17.6016845703125
2016-12-21,17.70966911315918
2016-12-22,17.313720703125
2016-12-23,17.313720703125
2016-12-26,17.20573616027832
2016-12-27,17.09775161743164
2016-12-28,17.961637496948242
2016-12-29,17.781658172607422
2016-12-30,17.745664596557617
2017-01-03,18.069623947143555
2017-01-04,18.393577575683594
2017-01-05,18.10561752319336
2017-01-06,17.925640106201172
2017-01-09,17.961637496948242
2017-01-10,18.285594940185547
2017-01-11,18.177610397338867
2017-01-12,18.393577575683594
2017-01-13,18.393577575683594
2017-01-16,17.889644622802734
2017-01-17,17.961637496948242
2017-01-18,18.249597549438477
2017-01-19,18.03362464904785
2017-01-20,17.99763298034668
2017-01-23,18.285594940185547
2017-01-24,18.141611099243164
2017-02-02,18.32158851623535
2017-02-03,19.653411865234375
2017-02-06,19.869386672973633
2017-02-07,19.509435653686523
2017-02-08,19.869386672973633
2017-02-09,19.869386672973633
2017-02-10,19.437442779541016
2017-02-13,19.293460845947266
2017-02-14,19.401447296142578
2017-02-15,19.437442779541016
2017-02-16,19.905380249023438
2017-02-17,19.725404739379883
2017-02-20,19.437442779541016
2017-02-21,19.545429229736328
2017-02-22,19.725404739379883
2017-02-23,19.905380249023438
2017-02-24,19.83338737487793
2017-03-01,19.329456329345703
2017-03-02,19.401447296142578
2017-03-03,19.36545181274414
2017-03-06,19.329456329345703
2017-03-07,19.401447296142578
2017-03-08,19.905380249023438
2017-03-09,20.4453125
2017-03-10,20.085355758666992
2017-03-13,19.977371215820312
2017-03-14,21.957109451293945
2017-03-15,21.99310302734375
2017-03-16,21.74113655090332
2017-03-17,22.38905143737793
2017-03-20,22.605024337768555
2017-03-21,22.317062377929688
2017-03-22,22.245073318481445
2017-03-23,22.713010787963867
2017-03-24,22.49703598022461
2017-03-27,21.05722999572754
2017-03-28,21.201210021972656
2017-03-29,21.34519386291504
2017-03-30,21.41718101501465
2017-03-31,21.453176498413086
2017-04-05,22.209075927734375
2017-04-06,21.885120391845703
2017-04-07,21.777135848999023
2017-04-10,21.525169372558594
2017-04-11,20.87725257873535
2017-04-12,20.87725257873535
2017-04-13,20.84126091003418
2017-04-14,19.905380249023438
2017-04-17,19.437442779541016
2017-04-18,19.869386672973633
2017-04-19,19.689411163330078
2017-04-20,19.617420196533203
2017-04-21,19.797395706176758
2017-04-24,19.5814208984375
2017-04-25,19.941377639770508
2017-04-26,20.373319625854492
2017-04-27,20.04936408996582
2017-04-28,20.265335083007812
2017-05-02,20.481306076049805
2017-05-03,20.229339599609375
2017-05-04,19.977371215820312
2017-05-05,20.01336669921875
2017-05-08,20.01336669921875
2017-05-09,20.04936408996582
2017-05-10,20.085355758666992
2017-05-11,20.193342208862305
2017-05-12,19.545429229736328
2017-05-15,19.797395706176758
2017-05-16,19.437442779541016
2017-05-17,19.689411163330078
2017-05-18,19.437442779541016
2017-05-19,19.437442779541016
2017-05-22,19.36545181274414
2017-05-23,19.509435653686523
2017-05-24,19.5814208984375
2017-05-25,19.797395706176758
2017-05-26,19.545429229736328
2017-05-31,19.14948081970215
2017-06-01,19.25746726989746
2017-06-02,19.36545181274414
2017-06-05,19.545429229736328
2017-06-06,19.617420196533203
2017-06-07,19.83338737487793
2017-06-08,19.653411865234375
2017-06-09,19.725404739379883
2017-06-12,19.401447296142578
2017-06-13,19.437442779541016
2017-06-14,18.75353240966797
2017-06-15,18.861520767211914
2017-06-16,19.0054988861084
2017-06-19,19.689411163330078
2017-06-20,19.797395706176758
2017-06-21,19.689411163330078
2017-06-22,19.545429229736328
2017-06-23,19.473434448242188
2017-06-26,19.653411865234375
2017-06-27,20.229339599609375
2017-06-28,19.83338737487793
2017-06-29,19.905380249023438
2017-06-30,20.04936408996582
2017-07-03,19.5814208984375
2017-07-04,19.5814208984375
2017-07-05,19.725404739379883
2017-07-06,19.5814208984375
2017-07-07,19.473434448242188
2017-07-10,19.329456329345703
2017-07-11,19.5814208984375
2017-07-12,19.869386672973633
2017-07-13,19.797395706176758
2017-07-14,19.797395706176758
2017-07-17,19.977371215820312
2017-07-18,19.905380249023438
2017-07-19,19.83338737487793
2017-07-20,19.797395706176758
2017-07-21,19.545429229736328
2017-07-24,19.689411163330078
2017-07-25,19.725404739379883
2017-07-26,19.689411163330078
2017-07-27,21.63315200805664
2017-07-28,20.625286102294922
2017-07-31,21.129220962524414
2017-08-01,21.021236419677734
2017-08-02,20.91324806213379
2017-08-03,20.697275161743164
2017-08-04,20.87725257873535
2017-08-07,21.129220962524414
2017-08-08,20.769268035888672
2017-08-09,20.985239028930664
2017-08-10,20.337324142456055
2017-08-11,20.337324142456055
2017-08-14,19.25746726989746
2017-08-15,19.5814208984375
2017-08-16,19.617420196533203
2017-08-17,19.941377639770508
2017-08-18,19.797395706176758
2017-08-21,19.869386672973633
2017-08-22,20.1573486328125
2017-08-23,20.121353149414062
2017-08-24,20.04936408996582
2017-08-25,20.085355758666992
2017-08-28,20.01336669921875
2017-08-29,20.124141693115234
2017-08-30,20.899568557739258
2017-08-31,20.60416603088379
2017-09-01,20.456466674804688
2017-09-04,20.087217330932617
2017-09-05,20.16106605529785
2017-09-06,20.124141693115234
2017-09-07,20.050291061401367
2017-09-08,20.23491668701172
2017-09-11,20.456466674804688
2017-09-12,20.530317306518555
2017-09-13,20.23491668701172
2017-09-14,20.271841049194336
2017-09-15,20.382617950439453
2017-09-18,20.197994232177734
2017-09-19,20.197994232177734
2017-09-20,19.9764404296875
2017-09-21,20.16106605529785
2017-09-22,19.71796417236328
2017-09-25,18.794837951660156
2017-09-26,18.3148136138916
2017-09-27,18.499441146850586
2017-09-28,18.388662338256836
2017-09-29,18.056339263916016
2017-10-02,18.684064865112305
2017-10-03,18.499441146850586
2017-10-05,18.573291778564453
2017-10-06,18.425588607788086
2017-10-11,18.27789306640625
2017-10-12,18.573291778564453
2017-10-13,18.425588607788086
2017-10-16,18.61021614074707
2017-10-17,18.351741790771484
2017-10-18,18.13018798828125
2017-10-19,18.425588607788086
2017-10-20,18.536365509033203
2017-10-23,18.3148136138916
2017-10-24,18.46251678466797
2017-10-25,18.388662338256836
2017-10-26,18.388662338256836
2017-10-27,18.3148136138916
2017-10-30,19.422565460205078
2017-10-31,18.905616760253906
2017-11-01,19.053316116333008
2017-11-02,18.831764221191406
2017-11-03,18.794837951660156
2017-11-06,18.61021614074707
2017-11-07,18.684064865112305
2017-11-08,19.127164840698242
2017-11-09,19.385643005371094
2017-11-10,19.053316116333008
2017-11-13,18.831764221191406
2017-11-14,18.61021614074707
2017-11-15,18.75791358947754
2017-11-16,18.868688583374023
2017-11-17,19.311790466308594
2017-11-20,19.053316116333008
2017-11-21,19.311790466308594
2017-11-22,19.237939834594727
2017-11-23,19.60719108581543
2017-11-24,19.459491729736328
2017-11-27,19.422565460205078
2017-11-28,19.902589797973633
2017-11-29,20.678016662597656
2017-11-30,20.197994232177734
2017-12-01,19.64411735534668
2017-12-04,19.79181671142578
2017-12-05,19.164091110229492
2017-12-06,18.868688583374023
2017-12-07,18.536365509033203
2017-12-08,18.75791358947754
2017-12-11,19.127164840698242
2017-12-12,18.942541122436523
2017-12-13,19.34871482849121
2017-12-14,19.274866104125977
2017-12-15,19.016387939453125
2017-12-18,19.164091110229492
2017-12-19,19.016387939453125
2017-12-20,19.053316116333008
2017-12-21,19.016387939453125
2017-12-22,18.905616760253906
2017-12-25,18.684064865112305
2017-12-26,18.351741790771484
2017-12-27,18.46251678466797
2017-12-28,18.75791358947754
2017-12-29,18.720991134643555
2018-01-02,18.647140502929688
2018-01-03,18.868688583374023
2018-01-04,19.274866104125977
2018-01-05,19.20101547241211
2018-01-08,19.20101547241211
2018-01-09,19.311790466308594
2018-01-10,18.979467391967773
2018-01-11,18.794837951660156
2018-01-12,19.274866104125977
2018-01-15,19.274866104125977
2018-01-16,19.34871482849121
2018-01-17,19.459491729736328
2018-01-18,19.127164840698242
2018-01-19,18.942541122436523
2018-01-22,19.053316116333008
2018-01-23,18.831764221191406
2018-01-24,18.905616760253906
2018-01-25,18.831764221191406
2018-01-26,18.647140502929688
2018-01-29,18.647140502929688
2018-01-30,18.684064865112305
2018-01-31,18.75791358947754
2018-02-01,18.647140502929688
2018-02-02,18.61021614074707
2018-02-05,18.093263626098633
2018-02-06,16.320863723754883
2018-02-07,16.61626434326172
2018-02-08,16.357786178588867
2018-02-09,15.36081314086914
2018-02-12,15.58236312866211
2018-02-21,16.09931182861328
2018-02-22,16.283937454223633
2018-02-23,16.357786178588867
2018-02-26,16.54241371154785
2018-02-27,16.39471435546875
2018-03-01,16.468563079833984
2018-03-02,16.357786178588867
2018-03-05,16.24701499938965
2018-03-06,16.468563079833984
2018-03-07,16.653186798095703
2018-03-08,16.54241371154785
2018-03-09,16.911663055419922
2018-03-12,16.727035522460938
2018-03-13,17.20706558227539
2018-03-14,17.059362411499023
2018-03-15,17.022438049316406
2018-03-16,16.837814331054688
2018-03-19,16.727035522460938
2018-03-20,16.653186798095703
2018-03-21,16.76396369934082
2018-03-22,16.57933807373047
2018-03-23,16.2100887298584
2018-03-26,15.988534927368164
2018-03-27,16.357786178588867
2018-03-28,16.431640625
2018-03-29,16.431640625
2018-03-30,16.357786178588867
2018-04-02,16.025463104248047
2018-04-03,15.656213760375977
2018-04-09,15.471590042114258
2018-04-10,15.471590042114258
2018-04-11,15.619285583496094
2018-04-12,15.693137168884277
2018-04-13,15.766987800598145
2018-04-16,15.619285583496094
2018-04-17,15.250036239624023
2018-04-18,14.917715072631836
2018-04-19,15.102340698242188
2018-04-20,15.065411567687988
2018-04-23,14.770011901855469
2018-04-24,13.957660675048828
2018-04-25,14.14228630065918
2018-04-26,13.920736312866211
2018-04-27,14.14228630065918
2018-04-30,14.253060340881348
2018-05-02,14.733088493347168
2018-05-03,14.62231159210205
2018-05-04,14.733088493347168
2018-05-07,14.733088493347168
2018-05-08,14.954636573791504
2018-05-09,15.102340698242188
2018-05-10,15.102340698242188
2018-05-11,15.213111877441406
2018-05-14,15.36081314086914
2018-05-15,15.028487205505371
2018-05-16,15.434660911560059
2018-05-17,15.323887825012207
2018-05-18,15.766987800598145
2018-05-21,16.09931182861328
2018-05-22,15.730063438415527
2018-05-23,15.58236312866211
2018-05-24,15.619285583496094
2018-05-25,15.91468620300293
2018-05-28,15.877763748168945
2018-05-29,15.840840339660645
2018-05-30,16.357786178588867
2018-05-31,17.243989944458008
2018-06-01,16.76396369934082
2018-06-04,16.727035522460938
2018-06-05,16.80088996887207
2018-06-06,16.874740600585938
2018-06-07,16.985515594482422
2018-06-08,16.57933807373047
2018-06-11,17.20706558227539
2018-06-12,17.20706558227539
2018-06-13,16.80088996887207
2018-06-14,16.57933807373047
2018-06-15,16.837814331054688
2018-06-19,16.39471435546875
2018-06-20,16.837814331054688
2018-06-21,16.94858741760254
2018-06-22,16.5054931640625
2018-06-25,16.17316246032715
2018-06-26,15.840840339660645
2018-06-27,15.693137168884277
2018-06-28,15.619285583496094
2018-06-29,15.877763748168945
2018-07-02,15.693137168884277
2018-07-03,15.323887825012207
2018-07-04,15.286965370178223
2018-07-05,14.991561889648438
2018-07-06,14.843863487243652
2018-07-09,14.991561889648438
2018-07-10,14.991561889648438
2018-07-11,14.880786895751953
2018-07-12,15.065411567687988
2018-07-13,16.062389373779297
2018-07-16,15.730063438415527
2018-07-17,15.508511543273926
2018-07-18,15.471590042114258
2018-07-19,15.434660911560059
2018-07-20,15.36081314086914
2018-07-23,15.286965370178223
2018-07-24,15.693137168884277
2018-07-25,15.434660911560059
2018-07-26,15.54543685913086
2018-07-27,15.471590042114258
2018-07-30,15.36081314086914
2018-07-31,15.397738456726074
2018-08-01,15.730063438415527
2018-08-02,15.58236312866211
2018-08-03,16.025463104248047
2018-08-06,15.951614379882812
2018-08-07,15.766987800598145
2018-08-08,15.803912162780762
2018-08-09,15.619285583496094
2018-08-10,15.434660911560059
2018-08-13,14.770011901855469
2018-08-14,15.102340698242188
2018-08-15,14.843863487243652
2018-08-16,14.954636573791504
2018-08-17,14.991561889648438
2018-08-20,14.843863487243652
2018-08-21,15.102340698242188
2018-08-22,15.102340698242188
2018-08-23,15.286965370178223
2018-08-24,15.250036239624023
2018-08-27,15.693137168884277
2018-08-28,15.877763748168945
2018-08-29,16.107873916625977
2018-08-30,16.453046798706055
2018-08-31,17.335140228271484
2018-09-03,17.181732177734375
2018-09-04,17.335140228271484
2018-09-05,17.14337921142578
2018-09-06,16.951618194580078
2018-09-07,16.26128387451172
2018-09-10,15.762704849243164
2018-09-11,16.874914169311523
2018-09-12,16.568096160888672
2018-09-13,16.568096160888672
2018-09-14,16.989973068237305
2018-09-17,17.2200870513916
2018-09-18,16.64480209350586
2018-09-19,16.529747009277344
2018-09-20,16.33798599243164
2018-09-21,16.491395950317383
2018-09-25,16.453046798706055
2018-09-26,16.874914169311523
2018-09-27,16.7982120513916
2018-09-28,16.72150421142578
2018-10-01,16.91326904296875
2018-10-02,16.568096160888672
2018-10-03,16.299636840820312
2018-10-04,15.992819786071777
2018-10-05,15.570943832397461
2018-10-08,15.34083366394043
2018-10-09,15.264128684997559
2018-10-11,13.768399238586426
2018-10-12,13.614991188049316
2018-10-15,13.691695213317871
2018-10-16,13.730046272277832
2018-10-17,14.03686237335205
2018-10-18,14.151920318603516
2018-10-19,14.113567352294922
2018-10-22,14.113567352294922
2018-10-23,13.883455276489258
2018-10-24,13.768399238586426
2018-10-25,13.078059196472168
2018-10-26,12.77124309539795
2018-10-29,12.847949028015137
2018-10-30,12.886300086975098
2018-10-31,13.576639175415039
2018-11-01,14.113567352294922
2018-11-02,14.190269470214844
2018-11-05,13.960159301757812
2018-11-06,13.614991188049316
2018-11-07,13.960159301757812
2018-11-08,13.921806335449219
2018-11-09,13.883455276489258
2018-11-12,14.190269470214844
2018-11-13,14.343679428100586
2018-11-14,14.573789596557617
2018-11-15,14.842255592346191
2018-11-16,14.918959617614746
2018-11-19,14.880606651306152
2018-11-20,14.995662689208984
2018-11-21,14.765551567077637
2018-11-22,14.727201461791992
2018-11-23,14.573789596557617
2018-11-26,14.68884563446045
2018-11-27,14.803902626037598
2018-11-28,15.34083366394043
2018-11-29,15.034017562866211
2018-11-30,15.379183769226074
2018-12-03,15.877763748168945
2018-12-04,15.762704849243164
2018-12-05,15.647648811340332
2018-12-06,14.957313537597656
2018-12-07,15.417534828186035
2018-12-10,14.957313537597656
2018-12-11,15.110721588134766
2018-12-12,15.34083366394043
2018-12-13,15.302481651306152
2018-12-14,15.34083366394043
2018-12-17,15.264128684997559
2018-12-18,14.918959617614746
2018-12-19,15.187423706054688
2018-12-20,14.803902626037598
2018-12-21,15.034017562866211
2018-12-24,16.107873916625977
2018-12-25,15.647648811340332
2018-12-26,15.34083366394043
2018-12-27,15.379183769226074
2018-12-28,15.225776672363281
2019-01-02,14.803902626037598
2019-01-03,14.68884563446045
2019-01-04,14.382031440734863
2019-01-07,14.727201461791992
2019-01-08,14.727201461791992
2019-01-09,14.880606651306152
2019-01-10,14.765551567077637
2019-01-11,14.573789596557617
2019-01-14,14.382031440734863
2019-01-15,14.497085571289062
2019-01-16,14.612141609191895
2019-01-17,14.497085571289062
2019-01-18,14.650497436523438
2019-01-21,14.612141609191895
2019-01-22,14.573789596557617
2019-01-23,14.535440444946289
2019-01-24,14.535440444946289
2019-01-25,14.650497436523438
2019-01-28,14.765551567077637
2019-01-29,14.727201461791992
2019-01-30,14.612141609191895
2019-02-11,14.68884563446045
2019-02-12,15.072368621826172
2019-02-13,15.149072647094727
2019-02-14,15.110721588134766
2019-02-15,15.225776672363281
2019-02-18,15.494239807128906
2019-02-19,15.494239807128906
2019-02-20,15.877763748168945
2019-02-21,16.683155059814453
2019-02-22,16.33798599243164
2019-02-25,16.414691925048828
2019-02-26,16.836565017700195
2019-02-27,16.91326904296875
2019-03-04,16.836565017700195
2019-03-05,16.683155059814453
2019-03-06,16.836565017700195
2019-03-07,16.33798599243164
2019-03-08,16.72150421142578
2019-03-11,16.75986099243164
2019-03-12,16.72150421142578
2019-03-13,16.60645294189453
2019-03-14,16.568096160888672
2019-03-15,17.29678726196289
2019-03-18,17.488548278808594
2019-03-19,17.25843620300293
2019-03-20,17.37349510192871
2019-03-21,17.2200870513916
2019-03-22,17.680309295654297
2019-03-25,17.066679000854492
2019-03-26,17.98712730407715
2019-03-27,17.910423278808594
2019-03-28,17.641958236694336
2019-03-29,17.98712730407715
2019-04-01,18.25558853149414
2019-04-02,20.05813980102539
2019-04-03,20.134843826293945
2019-04-08,19.7896728515625
2019-04-09,19.866378784179688
2019-04-10,20.096492767333984
2019-04-11,19.406150817871094
2019-04-12,19.252742767333984
2019-04-15,20.173194885253906
2019-04-16,20.901885986328125
2019-04-17,20.825180053710938
2019-04-18,20.326601028442383
2019-04-19,20.40330696105957
2019-04-22,20.518362045288086
2019-04-23,20.480010986328125
2019-04-24,20.211545944213867
2019-04-25,20.441659927368164
2019-04-26,19.981435775756836
2019-04-29,20.019786834716797
2019-04-30,20.211545944213867
2019-05-02,20.633419036865234
2019-05-03,20.67177391052246
2019-05-06,19.252742767333984
2019-05-07,19.943082809448242
2019-05-08,19.828025817871094
2019-05-09,19.559560775756836
2019-05-10,19.7896728515625
2019-05-13,18.869224548339844
2019-05-14,19.48285675048828
2019-05-15,19.29109764099121
2019-05-16,18.524057388305664
2019-05-17,17.98712730407715
2019-05-20,17.98712730407715
2019-05-21,18.562408447265625
2019-05-22,18.715816497802734
2019-05-23,18.217241287231445
2019-05-24,18.217241287231445
2019-05-27,17.98712730407715
2019-05-28,17.910423278808594
2019-05-29,17.641958236694336
2019-05-30,18.06382942199707
2019-05-31,18.140535354614258
2019-06-03,17.680309295654297
2019-06-04,17.71866226196289
2019-06-05,17.680309295654297
2019-06-06,17.411848068237305
2019-06-10,17.98712730407715
2019-06-11,18.485702514648438
2019-06-12,18.293943405151367
2019-06-13,18.293943405151367
2019-06-14,18.485702514648438
2019-06-17,18.408998489379883
2019-06-18,18.293943405151367
2019-06-19,18.639110565185547
2019-06-20,18.79252052307129
2019-06-21,18.408998489379883
2019-06-24,18.485702514648438
2019-06-25,18.140535354614258
2019-06-26,18.370647430419922
2019-06-27,18.370647430419922
2019-06-28,18.140535354614258
2019-07-01,18.485702514648438
2019-07-02,18.869224548339844
2019-07-03,18.600759506225586
2019-07-04,18.639110565185547
2019-07-05,18.562408447265625
2019-07-08,19.02263069152832
2019-07-09,18.17888641357422
2019-07-10,18.25558853149414
2019-07-11,18.293943405151367
2019-07-12,18.33229637145996
2019-07-15,18.293943405151367
2019-07-16,18.600759506225586
2019-07-17,18.639110565185547
2019-07-18,18.408998489379883
2019-07-19,18.447349548339844
2019-07-22,18.562408447265625
2019-07-23,18.869224548339844
2019-07-24,18.79252052307129
2019-07-25,19.63626480102539
2019-07-26,19.406150817871094
2019-07-29,19.17603874206543
2019-07-30,18.907577514648438
2019-07-31,19.406150817871094
2019-08-01,19.099334716796875
2019-08-02,18.485702514648438
2019-08-05,17.641958236694336
2019-08-06,17.37349510192871
2019-08-07,17.25843620300293
2019-08-08,17.603607177734375
2019-08-12,17.71866226196289
2019-08-13,17.641958236694336
2019-08-14,17.757015228271484
2019-08-15,17.680309295654297
2019-08-16,17.948772430419922
2019-08-19,18.25558853149414
2019-08-20,18.25558853149414
2019-08-21,18.485702514648438
2019-08-22,18.79252052307129
2019-08-23,18.907577514648438
2019-08-26,18.485702514648438
2019-08-27,18.408998489379883
2019-08-28,18.524057388305664
2019-08-29,18.925880432128906
2019-08-30,19.207155227661133
2019-09-02,19.086610794067383
2019-09-03,19.488431930541992
2019-09-04,19.56879425048828
2019-09-05,19.890254974365234
2019-09-06,20.25189781188965
2019-09-10,19.36788558959961
2019-09-11,19.52861213684082
2019-09-12,20.01080322265625
2019-09-16,19.890254974365234
2019-09-17,19.36788558959961
2019-09-18,19.930437088012695
2019-09-19,19.56879425048828
2019-09-20,19.40806770324707
2019-09-23,19.36788558959961
2019-09-24,19.44824981689453
2019-09-25,19.12679100036621
2019-09-26,19.32770347595215
2019-09-27,18.845516204833984
2019-10-01,18.64460563659668
2019-10-02,19.006244659423828
2019-10-03,18.966062545776367
2019-10-04,18.64460563659668
2019-10-07,18.604421615600586
2019-10-08,18.684785842895508
2019-10-09,18.483875274658203
2019-10-14,18.72496795654297
2019-10-15,18.684785842895508
2019-10-16,18.564239501953125
2019-10-17,18.805330276489258
2019-10-18,18.885698318481445
2019-10-21,18.885698318481445
2019-10-22,19.166976928710938
2019-10-23,19.166976928710938
2019-10-24,19.12679100036621
2019-10-25,19.207155227661133
2019-10-28,18.925880432128906
2019-10-29,18.925880432128906
2019-10-30,19.166976928710938
2019-10-31,18.885698318481445
2019-11-01,19.36788558959961
2019-11-04,19.488431930541992
2019-11-05,19.44824981689453
2019-11-06,19.247339248657227
2019-11-07,19.166976928710938
2019-11-08,19.086610794067383
2019-11-11,17.921321868896484
2019-11-12,18.72496795654297
2019-11-13,18.64460563659668
2019-11-14,18.604421615600586
2019-11-15,19.006244659423828
2019-11-18,19.76970863342285
2019-11-19,19.809892654418945
2019-11-20,19.52861213684082
2019-11-21,19.850074768066406
2019-11-22,19.930437088012695
2019-11-25,19.809892654418945
2019-11-26,20.091167449951172
2019-11-27,20.05098533630371
2019-11-28,20.091167449951172
2019-11-29,19.689346313476562
2019-12-02,19.40806770324707
2019-12-03,19.930437088012695
2019-12-04,19.850074768066406
2019-12-05,19.970619201660156
2019-12-06,19.850074768066406
2019-12-09,19.850074768066406
2019-12-10,19.64916229248047
2019-12-11,19.44824981689453
2019-12-12,19.28752326965332
2019-12-13,18.925880432128906
2019-12-16,18.925880432128906
2019-12-17,18.966062545776367
2019-12-18,19.006244659423828
2019-12-19,19.006244659423828
2019-12-20,19.006244659423828
2019-12-23,18.76515007019043
2019-12-24,18.684785842895508
2019-12-25,18.885698318481445
2019-12-26,18.805330276489258
2019-12-27,18.925880432128906
2019-12-30,18.805330276489258
2019-12-31,18.72496795654297
2020-01-02,18.845516204833984
2020-01-03,18.564239501953125
2020-01-06,18.242782592773438
2020-01-07,18.08205223083496
2020-01-08,17.8007755279541
2020-01-09,18.122234344482422
2020-01-10,18.08205223083496
2020-01-13,18.242782592773438
2020-01-14,18.443693161010742
2020-01-15,18.242782592773438
2020-01-16,18.323144912719727
2020-01-17,18.443693161010742
2020-01-20,18.443693161010742
2020-01-30,16.635486602783203
2020-01-31,16.31402587890625
2020-02-03,15.671111106872559
2020-02-04,16.153297424316406
2020-02-05,16.113115310668945
2020-02-06,16.635486602783203
2020-02-07,16.273845672607422
2020-02-10,16.113115310668945
2020-02-11,16.35420799255371
2020-02-12,16.715850830078125
2020-02-13,16.635486602783203
2020-02-14,16.595304489135742
2020-02-17,16.394390106201172
2020-02-18,16.555124282836914
2020-02-19,16.796215057373047
2020-02-20,16.635486602783203
2020-02-21,16.595304489135742
2020-02-24,16.23366355895996
2020-02-25,16.153297424316406
2020-02-26,16.153297424316406
2020-02-27,15.75147533416748
2020-03-02,15.75147533416748
2020-03-03,16.153297424316406
2020-03-04,16.032751083374023
2020-03-05,16.153297424316406
2020-03-06,15.952386856079102
2020-03-09,15.349656105041504
2020-03-10,15.349656105041504
2020-03-11,15.188921928405762
2020-03-12,14.224546432495117
2020-03-13,13.300352096557617
2020-03-16,13.099442481994629
2020-03-17,12.69761848449707
2020-03-18,12.81816577911377
2020-03-19,12.094883918762207
2020-03-20,12.737801551818848
2020-03-23,12.25561237335205
2020-03-24,12.617253303527832
2020-03-25,13.13962459564209
2020-03-26,12.938713073730469
2020-03-27,12.978893280029297
2020-03-30,13.019078254699707
2020-03-31,13.501264572143555
2020-04-01,13.42090129852295
2020-04-06,13.661993026733398
2020-04-07,14.264730453491211
2020-04-08,14.505823135375977
2020-04-09,14.345093727111816
2020-04-10,14.746917724609375
2020-04-13,14.345093727111816
2020-04-14,14.505823135375977
2020-04-15,14.907647132873535
2020-04-16,14.867465019226074
2020-04-17,14.746917724609375
2020-04-20,14.787099838256836
2020-04-21,14.304910659790039
2020-04-22,14.425460815429688
2020-04-23,14.666553497314453
2020-04-24,14.586189270019531
2020-04-27,14.867465019226074
2020-04-28,15.148740768432617
2020-04-29,15.108558654785156
2020-04-30,15.309470176696777
2020-05-04,15.068376541137695
2020-05-05,14.94782829284668
2020-05-06,14.907647132873535
2020-05-07,15.229105949401855
2020-05-08,15.43001937866211
2020-05-11,15.510381698608398
2020-05-12,15.269288063049316
2020-05-13,15.148740768432617
2020-05-14,14.746917724609375
2020-05-15,14.546005249023438
2020-05-18,14.38527774810791
2020-05-19,14.505823135375977
2020-05-20,14.505823135375977
2020-05-21,14.666553497314453
2020-05-22,14.425460815429688
2020-05-25,14.546005249023438
2020-05-26,14.666553497314453
2020-05-27,14.666553497314453
2020-05-28,14.505823135375977
2020-05-29,14.184365272521973
2020-06-01,14.586189270019531
2020-06-02,14.666553497314453
2020-06-03,14.787099838256836
2020-06-04,14.94782829284668
2020-06-05,15.028196334838867
2020-06-08,14.98801040649414
2020-06-09,14.867465019226074
2020-06-10,14.82728385925293
2020-06-11,14.546005249023438
2020-06-12,14.425460815429688
2020-06-15,14.304910659790039
2020-06-16,14.505823135375977
2020-06-17,14.505823135375977
2020-06-18,14.586189270019531
2020-06-19,14.425460815429688
2020-06-22,14.505823135375977
2020-06-23,14.465641021728516
2020-06-24,14.82728385925293
2020-06-29,14.465641021728516
2020-06-30,14.586189270019531
2020-07-01,14.98801040649414
2020-07-02,15.028196334838867
2020-07-03,15.148740768432617
2020-07-06,15.349656105041504
2020-07-07,15.068376541137695
2020-07-08,15.309470176696777
2020-07-09,15.148740768432617
2020-07-10,14.746917724609375
2020-07-13,14.787099838256836
2020-07-14,14.746917724609375
2020-07-15,14.746917724609375
2020-07-16,14.746917724609375
2020-07-17,14.626372337341309
2020-07-20,14.586189270019531
2020-07-21,14.787099838256836
2020-07-22,14.82728385925293
2020-07-23,14.787099838256836
2020-07-24,14.465641021728516
2020-07-27,14.184365272521973
2020-07-28,14.345093727111816
2020-07-29,14.264730453491211
2020-07-30,14.465641021728516
2020-07-31,14.38527774810791
2020-08-03,14.304910659790039
2020-08-04,14.425460815429688
2020-08-05,14.666553497314453
2020-08-06,14.706735610961914
2020-08-07,14.706735610961914
2020-08-10,14.706735610961914
2020-08-11,14.626372337341309
2020-08-12,14.626372337341309
2020-08-13,14.746917724609375
2020-08-14,14.94782829284668
2020-08-17,15.43001937866211
2020-08-18,15.108558654785156
2020-08-19,14.867465019226074
2020-08-20,14.425460815429688
2020-08-21,14.626372337341309
2020-08-24,14.746917724609375
2020-08-25,15.148740768432617
2020-08-26,15.108558654785156
2020-08-27,15.148740768432617
2020-08-28,15.148740768432617
2020-08-31,15.021439552307129
2020-09-01,15.19117546081543
2020-09-02,15.700374603271484
2020-09-03,15.530641555786133
2020-09-04,15.360907554626465
2020-09-07,15.360907554626465
2020-09-08,15.44577693939209
2020-09-09,15.530641555786133
2020-09-10,15.44577693939209
2020-09-11,15.318474769592285
2020-09-14,15.360907554626465
2020-09-15,15.360907554626465
2020-09-16,15.276041030883789
2020-09-17,15.276041030883789
2020-09-18,15.360907554626465
2020-09-21,15.318474769592285
2020-09-22,15.106306076049805
2020-09-23,15.021439552307129
2020-09-24,14.469802856445312
2020-09-25,14.172771453857422
2020-09-28,14.469802856445312
2020-09-29,14.512240409851074
2020-09-30,14.724407196044922
2020-10-05,14.63953971862793
2020-10-06,14.809272766113281
2020-10-07,14.851707458496094
2020-10-08,14.851707458496094
2020-10-12,14.597105979919434
2020-10-13,14.597105979919434
2020-10-14,14.681971549987793
2020-10-15,14.63953971862793
2020-10-16,14.554671287536621
2020-10-19,14.766839981079102
2020-10-20,15.403343200683594
2020-10-21,15.318474769592285
2020-10-22,14.979007720947266
2020-10-23,15.19117546081543
2020-10-26,15.1487398147583
2020-10-27,15.063875198364258
2020-10-28,14.979007720947266
2020-10-29,14.809272766113281
2020-10-30,14.554671287536621
2020-11-02,14.512240409851074
2020-11-03,14.681971549987793
2020-11-04,14.766839981079102
2020-11-05,14.766839981079102
2020-11-06,14.724407196044922
2020-11-09,14.936574935913086
2020-11-10,15.021439552307129
2020-11-11,15.19117546081543
2020-11-12,15.276041030883789
2020-11-13,15.403343200683594
2020-11-16,15.360907554626465
2020-11-17,15.488208770751953
2020-11-18,17.015811920166016
2020-11-19,18.161516189575195
2020-11-20,18.33125114440918
2020-11-23,18.41611671447754
2020-11-24,17.737180709838867
2020-11-25,17.482582092285156
2020-11-26,17.69474983215332
2020-11-27,17.652313232421875
2020-11-30,17.991783142089844
2020-12-01,17.82204818725586
2020-12-02,17.86448097229004
2020-12-03,17.609880447387695
2020-12-04,17.86448097229004
2020-12-07,19.01018524169922
2020-12-08,18.50098419189453
2020-12-09,18.161516189575195
2020-12-10,17.90691375732422
2020-12-11,17.652313232421875
2020-12-14,18.33125114440918
2020-12-15,18.203950881958008
2020-12-16,18.54341697692871
2020-12-17,19.434518814086914
2020-12-18,19.13748550415039
2020-12-21,19.095050811767578
2020-12-22,18.88288688659668
2020-12-23,19.561817169189453
2020-12-24,19.434518814086914
2020-12-25,20.53778648376465
2020-12-28,22.27756118774414
2020-12-29,21.556190490722656
2020-12-30,21.08942222595215
2020-12-31,21.768360137939453
2021-01-04,23.932464599609375
2021-01-05,26.30873680114746
2021-01-06,28.939605712890625
2021-01-07,28.727441787719727
2021-01-08,27.412004470825195
2021-01-11,30.127750396728516
2021-01-12,28.133378982543945
2021-01-13,28.090940475463867
2021-01-14,30.89155387878418
2021-01-15,33.94675827026367
2021-01-18,37.341434478759766
2021-01-19,36.28059387207031
2021-01-20,33.69215393066406
2021-01-21,34.75299835205078
2021-01-22,35.601661682128906
2021-01-25,34.62569046020508
2021-01-26,33.649723052978516
2021-01-27,37.00196838378906
2021-01-28,36.91709899902344
2021-01-29,35.09246063232422
2021-02-01,34.88029098510742
2021-02-02,36.02599334716797
2021-02-03,34.75299835205078
2021-02-04,34.83786392211914
2021-02-05,34.24378967285156
2021-02-17,33.73459243774414
2021-02-18,34.20135498046875
2021-02-19,33.94675827026367
2021-02-22,36.36546325683594
2021-02-23,35.474361419677734
2021-02-24,34.83786392211914
2021-02-25,35.89869689941406
2021-02-26,36.19573211669922
2021-03-02,35.64409637451172
2021-03-03,38.741737365722656
2021-03-04,36.57762908935547
2021-03-05,37.00196838378906
2021-03-08,35.38949966430664
2021-03-09,34.62569046020508
2021-03-10,34.79542541503906
2021-03-11,35.2621955871582
2021-03-12,35.64409637451172
2021-03-15,35.98356628417969
2021-03-16,35.89869689941406
2021-03-17,37.21413040161133
2021-03-18,37.341434478759766
2021-03-19,37.51116943359375
2021-03-22,38.826602935791016
2021-03-23,39.63283920288086
2021-03-24,39.20850372314453
2021-03-25,39.20850372314453
2021-03-26,38.190101623535156
2021-03-29,38.614437103271484
2021-03-30,38.614437103271484
2021-03-31,37.89307403564453
2021-04-01,37.38386535644531
2021-04-07,39.08120346069336
2021-04-08,39.37824249267578
2021-04-09,38.614437103271484
2021-04-12,38.062801361083984
2021-04-13,37.55359649658203
2021-04-14,36.32303237915039
2021-04-15,37.256568908691406
2021-04-16,37.638465881347656
2021-04-19,36.87466812133789
2021-04-20,37.426300048828125
2021-04-21,36.789798736572266
2021-04-22,35.050025939941406
2021-04-23,35.177330017089844
2021-04-26,35.43193054199219
2021-04-27,35.55923080444336
2021-04-28,34.96516418457031
2021-04-29,34.49839782714844
2021-05-03,32.885921478271484
2021-05-04,31.52804946899414
2021-05-05,32.164554595947266
2021-05-06,32.9283561706543
2021-05-07,35.30462646484375
2021-05-10,33.267822265625
2021-05-11,31.40074920654297
2021-05-12,29.703414916992188
2021-05-13,31.358318328857422
2021-05-14,31.01884651184082
2021-05-17,27.92121124267578
2021-05-18,30.67938232421875
2021-05-19,31.103715896606445
2021-05-20,30.25505256652832
2021-05-21,31.825088500976562
2021-05-24,32.588890075683594
2021-05-25,34.24378967285156
2021-05-26,32.84348678588867
2021-05-27,32.546451568603516
2021-05-28,33.22539520263672
2021-05-31,33.56485366821289
2021-06-01,33.989192962646484
2021-06-02,33.098087310791016
2021-06-03,33.522422790527344
2021-06-04,32.9283561706543
2021-06-07,32.46158981323242
2021-06-08,32.67375564575195
2021-06-09,32.588890075683594
2021-06-10,32.84348678588867
2021-06-11,33.182952880859375
2021-06-15,33.522422790527344
2021-06-16,35.38949966430664
2021-06-17,34.32866287231445
2021-06-18,35.98356628417969
2021-06-21,34.45595932006836
2021-06-22,33.73459243774414
2021-06-23,35.21976089477539
2021-06-24,35.30462646484375
2021-06-25,34.88029098510742
2021-06-28,34.49839782714844
2021-06-29,33.94675827026367
2021-06-30,33.77702331542969
2021-07-01,33.013214111328125
2021-07-02,33.098087310791016
2021-07-05,34.66812515258789
2021-07-06,34.24378967285156
2021-07-07,33.86189270019531
2021-07-08,34.074058532714844
2021-07-09,33.73459243774414
2021-07-12,35.2621955871582
2021-07-13,35.98356628417969
2021-07-14,34.79542541503906
2021-07-15,35.050025939941406
2021-07-16,34.9227294921875
2021-07-19,34.88029098510742
2021-07-20,33.69215393066406
2021-07-21,32.9283561706543
2021-07-22,34.03162384033203
2021-07-23,34.66812515258789
2021-07-26,38.1052360534668
2021-07-27,35.601661682128906
2021-07-28,36.66250228881836
2021-07-29,36.66250228881836
2021-07-30,35.474361419677734
2021-08-02,35.686527252197266
2021-08-03,35.43193054199219
2021-08-04,35.43193054199219
2021-08-05,36.11085891723633
2021-08-06,36.15329360961914
2021-08-09,34.79542541503906
2021-08-10,34.83786392211914
2021-08-11,33.904327392578125
2021-08-12,33.94675827026367
2021-08-13,33.182952880859375
2021-08-16,32.9283561706543
2021-08-17,32.9283561706543
2021-08-18,32.164554595947266
2021-08-19,31.909955978393555
2021-08-20,31.570484161376953
2021-08-23,32.801055908203125
2021-08-24,33.94675827026367
2021-08-25,33.904327392578125
2021-08-26,34.03162384033203
2021-08-27,33.69215393066406
2021-08-30,33.82157516479492
2021-08-31,33.95099639892578
2021-09-01,34.33925247192383
2021-09-02,33.433319091796875
2021-09-03,33.60587692260742
2021-09-06,32.61366271972656
2021-09-07,32.35482406616211
2021-09-08,31.880287170410156
2021-09-09,32.268550872802734
2021-09-10,32.48424530029297
2021-09-13,32.0528450012207
2021-09-14,31.92342758178711
2021-09-15,33.433319091796875
2021-09-16,32.91564178466797
2021-09-17,33.217620849609375
2021-09-22,32.52738571166992
2021-09-23,32.39796447753906
2021-09-24,33.47645950317383
2021-09-27,33.47645950317383
2021-09-28,33.17448043823242
2021-09-29,33.04505920410156
2021-09-30,33.778438568115234
2021-10-01,32.22540283203125
2021-10-04,32.39796447753906
2021-10-05,33.60587692260742
2021-10-06,33.649017333984375
2021-10-07,34.68436813354492
2021-10-08,35.849143981933594
2021-10-12,36.237403869628906
2021-10-13,35.54716873168945
2021-10-14,35.288330078125
2021-10-15,37.53159713745117
2021-10-18,35.158912658691406
2021-10-19,34.90007400512695
2021-10-20,34.986351013183594
2021-10-21,34.38239288330078
2021-10-22,34.94321060180664
2021-10-25,35.97856903076172
2021-10-26,35.24518585205078
2021-10-27,35.5040283203125
2021-10-28,35.590309143066406
2021-10-29,35.072635650634766
2021-11-01,36.064842224121094
2021-11-02,35.849143981933594
2021-11-03,35.41775131225586
2021-11-04,35.158912658691406
2021-11-05,34.85693359375
2021-11-08,34.46867752075195
2021-11-09,34.33925247192383
2021-11-10,34.81378936767578
2021-11-11,34.38239288330078
2021-11-12,34.209835052490234
2021-11-15,34.33925247192383
2021-11-16,34.29611587524414
2021-11-17,35.11576843261719
2021-11-18,34.68436813354492
2021-11-19,34.72751235961914
2021-11-22,34.59809112548828
2021-11-23,33.778438568115234
2021-11-24,33.864715576171875
2021-11-25,33.47645950317383
2021-11-26,32.61366271972656
2021-11-29,32.91564178466797
2021-11-30,33.26075744628906
2021-12-01,33.26075744628906
2021-12-02,32.65679931640625
2021-12-03,32.786224365234375
2021-12-06,33.26075744628906
2021-12-07,33.26075744628906
2021-12-08,33.60587692260742
2021-12-09,33.433319091796875
2021-12-10,33.60587692260742
2021-12-13,34.166690826416016
2021-12-14,33.303897857666016
2021-12-15,33.778438568115234
2021-12-16,34.08041000366211
2021-12-17,33.649017333984375
2021-12-20,33.303897857666016
2021-12-21,33.864715576171875
2021-12-22,34.29611587524414
2021-12-23,34.03728103637695
2021-12-24,34.03728103637695
2021-12-27,34.25297164916992
2021-12-28,33.864715576171875
2021-12-29,33.778438568115234
2021-12-30,33.994136810302734
2022-01-03,33.778438568115234
2022-01-04,33.69215774536133
2022-01-05,34.33925247192383
2022-01-06,33.778438568115234
2022-01-07,33.001922607421875
2022-01-10,32.95878601074219
2022-01-11,32.52738571166992
2022-01-12,32.22540283203125
2022-01-13,32.441104888916016
2022-01-14,32.095985412597656
2022-01-17,32.441104888916016
2022-01-18,32.31168746948242
2022-01-19,32.009708404541016
2022-01-20,32.095985412597656
2022-01-21,32.009708404541016
2022-01-24,32.13912582397461
2022-01-25,31.794004440307617
2022-01-26,31.535165786743164
2022-02-07,32.095985412597656
2022-02-08,32.91564178466797
2022-02-09,33.131343841552734
2022-02-10,32.872501373291016
2022-02-11,32.82936477661133
2022-02-14,32.31168746948242
2022-02-15,32.268550872802734
2022-02-16,32.57052230834961
2022-02-17,33.088199615478516
2022-02-18,33.217620849609375
2022-02-21,33.347042083740234
2022-02-22,32.743080139160156
2022-02-23,32.82936477661133
2022-02-24,31.75086784362793
2022-02-25,32.095985412597656
2022-03-01,33.26075744628906
2022-03-02,33.303897857666016
2022-03-03,33.17448043823242
2022-03-04,33.001922607421875
2022-03-07,32.13912582397461
2022-03-08,31.707727432250977
2022-03-09,31.966567993164062
2022-03-10,32.1822624206543
2022-03-11,31.966567993164062
2022-03-14,31.966567993164062
2022-03-15,31.146909713745117
2022-03-16,30.715511322021484
2022-03-17,31.621444702148438
2022-03-18,32.22540283203125
2022-03-21,32.0528450012207
2022-03-22,32.1822624206543
2022-03-23,32.22540283203125
2022-03-24,32.441104888916016
2022-03-25,32.1822624206543
2022-03-28,32.095985412597656
2022-03-29,32.52738571166992
2022-03-30,34.94321060180664
2022-03-31,34.641231536865234
2022-04-01,34.25297164916992
2022-04-06,33.649017333984375
2022-04-07,32.95878601074219
2022-04-08,33.001922607421875
2022-04-11,31.794004440307617
2022-04-12,31.319473266601562
2022-04-13,32.095985412597656
2022-04-14,32.65679931640625
2022-04-15,32.009708404541016
2022-04-18,31.707727432250977
2022-04-19,31.75086784362793
2022-04-20,32.268550872802734
2022-04-21,32.1822624206543
2022-04-22,31.880287170410156
2022-04-25,30.758657455444336
2022-04-26,30.2409725189209
2022-04-27,28.687946319580078
2022-04-28,28.731082916259766
2022-04-29,28.731082916259766
2022-05-03,29.033061981201172
2022-05-04,30.197837829589844
2022-05-05,30.413536071777344
2022-05-06,30.068418502807617
2022-05-09,29.291898727416992
2022-05-10,29.76643943786621
2022-05-11,29.24876594543457
2022-05-12,28.98992347717285
2022-05-13,29.63701820373535
2022-05-16,29.335039138793945
2022-05-17,29.63701820373535
2022-05-18,30.197837829589844
2022-05-19,29.85271644592285
2022-05-20,30.2409725189209
2022-05-23,30.629236221313477
2022-05-24,30.67237091064453
2022-05-25,32.743080139160156
2022-05-26,32.786224365234375
2022-05-27,33.39017868041992
2022-05-30,33.347042083740234
2022-05-31,33.519596099853516
2022-06-01,33.90785598754883
2022-06-02,33.649017333984375
2022-06-06,33.303897857666016
2022-06-07,33.47645950317383
2022-06-08,33.735294342041016
2022-06-09,34.166690826416016
2022-06-10,33.778438568115234
2022-06-13,33.39017868041992
2022-06-14,33.95099639892578
2022-06-15,33.649017333984375
2022-06-16,33.131343841552734
2022-06-17,33.17448043823242
2022-06-20,31.57830810546875
2022-06-21,32.91564178466797
2022-06-22,31.880287170410156
2022-06-23,31.880287170410156
2022-06-24,32.61366271972656
2022-06-27,33.39017868041992
2022-06-28,32.95878601074219
2022-06-29,32.872501373291016
2022-06-30,32.095985412597656
2022-07-01,29.895858764648438
2022-07-04,29.119342803955078
2022-07-05,29.593875885009766
2022-07-06,28.5153865814209
2022-07-07,29.119342803955078
2022-07-08,29.335039138793945
2022-07-11,29.076202392578125
2022-07-12,26.574094772338867
2022-07-13,28.083986282348633
2022-07-14,28.86050033569336
2022-07-15,29.162479400634766
2022-07-18,29.37818145751953
2022-07-19,29.421316146850586
2022-07-20,29.723297119140625
2022-07-21,30.197837829589844
2022-07-22,30.111555099487305
2022-07-25,30.499814987182617
2022-07-26,29.895858764648438
2022-07-27,30.456676483154297
2022-07-28,30.068418502807617
2022-07-29,30.456676483154297
2022-08-01,30.542953491210938
2022-08-02,29.63701820373535
2022-08-03,29.24876594543457
2022-08-04,29.24876594543457
2022-08-05,29.982135772705078
2022-08-08,29.895858764648438
2022-08-09,29.895858764648438
2022-08-10,30.28411293029785
2022-08-11,30.58609390258789
2022-08-12,30.88807487487793
2022-08-15,31.060630798339844
2022-08-16,31.19005012512207
2022-08-17,31.319473266601562
2022-08-18,31.19005012512207
2022-08-19,30.974355697631836
2022-08-22,30.67237091064453
2022-08-23,30.715511322021484
2022-08-24,30.499814987182617
2022-08-25,30.844932556152344
2022-08-26,31.19005012512207
2022-08-29,30.327259063720703
2022-08-30,30.593671798706055
2022-08-31,30.726879119873047
2022-09-01,30.993297576904297
2022-09-02,32.19218063354492
2022-09-05,31.259719848632812
2022-09-06,30.593671798706055
2022-09-07,29.883224487304688
2022-09-08,30.327255249023438
2022-09-12,31.12650489807129
2022-09-13,31.082107543945312
2022-09-14,30.948898315429688
2022-09-15,30.68248176574707
2022-09-16,30.638076782226562
2022-09-19,29.972030639648438
2022-09-20,30.149641036987305
2022-09-21,30.105243682861328
2022-09-22,30.238449096679688
2022-09-23,29.838821411132812
2022-09-26,28.062702178955078
2022-09-27,28.417924880981445
2022-09-28,26.819416046142578
2022-09-29,28.551136016845703
2022-09-30,29.128374099731445
2022-10-03,28.506731033325195
2022-10-04,29.26158332824707
2022-10-05,29.883224487304688
2022-10-06,30.416057586669922
2022-10-07,30.549270629882812
2022-10-11,29.52800178527832
2022-10-12,29.394790649414062
2022-10-13,28.062702178955078
2022-10-14,29.75001335144043
2022-10-17,30.149641036987305
2022-10-18,29.394790649414062
2022-10-19,28.63994026184082
2022-10-20,27.885087966918945
2022-10-21,27.84068489074707
2022-10-24,28.551136016845703
2022-10-25,28.995166778564453
2022-10-26,28.551136016845703
2022-10-27,29.039567947387695
2022-10-28,27.973894119262695
2022-10-31,28.284717559814453
2022-11-01,28.329118728637695
2022-11-02,28.506731033325195
2022-11-03,28.63994026184082
2022-11-04,28.72874641418457
2022-11-07,28.950761795043945
2022-11-08,29.083972930908203
2022-11-09,29.572402954101562
2022-11-10,29.394790649414062
2022-11-11,29.35038948059082
2022-11-14,30.371660232543945
2022-11-15,30.460460662841797
2022-11-16,30.105243682861328
2022-11-17,30.638076782226562
2022-11-18,30.238449096679688
2022-11-21,30.282846450805664
2022-11-22,30.01643180847168
2022-11-23,30.149641036987305
2022-11-24,30.327255249023438
2022-11-25,29.883224487304688
2022-11-28,30.549270629882812
2022-11-29,31.65934944152832
2022-11-30,31.65934944152832
2022-12-01,32.10337448120117
2022-12-02,35.300392150878906
2022-12-05,36.543678283691406
2022-12-06,36.188453674316406
2022-12-07,34.1903190612793
2022-12-08,34.76755905151367
2022-12-09,34.412330627441406
2022-12-12,35.078372955322266
2022-12-13,34.01270294189453
2022-12-14,34.36792755126953
2022-12-15,34.36792755126953
2022-12-16,33.79069137573242
2022-12-19,34.10151290893555
2022-12-20,33.34666061401367
2022-12-21,33.701881408691406
2022-12-22,34.01270294189453
2022-12-23,33.43546676635742
2022-12-26,33.701881408691406
2022-12-27,34.32352828979492
2022-12-28,33.25785446166992
2022-12-29,33.12464141845703
2022-12-30,33.12464141845703
2023-01-03,33.83509063720703
2023-01-04,34.412330627441406
2023-01-05,33.79069137573242
2023-01-06,34.45673370361328
2023-01-09,33.25785446166992
2023-01-10,33.08024215698242
2023-01-11,32.991432189941406
2023-01-12,32.4141960144043
2023-01-13,32.014564514160156
2023-01-16,32.014564514160156
2023-01-17,31.970165252685547
2023-01-30,32.725013732910156
2023-01-31,34.234718322753906
2023-02-01,34.678749084472656
2023-02-02,34.76755905151367
2023-02-03,34.27912139892578
2023-02-06,35.389198303222656
2023-02-07,34.76755905151367
2023-02-08,34.545536041259766
2023-02-09,34.234718322753906
2023-02-10,34.76755905151367
2023-02-13,34.27912139892578
2023-02-14,34.36792755126953
2023-02-15,34.81195831298828
2023-02-16,35.211585998535156
2023-02-17,35.03397750854492
2023-02-20,35.211585998535156
2023-02-21,34.81195831298828
2023-02-22,34.145912170410156
2023-02-23,34.589942932128906
2023-02-24,34.1903190612793
2023-03-01,35.12277603149414
2023-03-02,34.589942932128906
2023-03-03,34.678749084472656
2023-03-06,35.211585998535156
2023-03-07,35.300392150878906
2023-03-08,35.87763214111328
2023-03-09,35.03397750854492
2023-03-10,34.1903190612793
2023-03-13,33.6574821472168
2023-03-14,33.34666061401367
2023-03-15,33.39106369018555
2023-03-16,32.9470329284668
2023-03-17,33.4798698425293
2023-03-20,33.56867218017578
2023-03-21,33.92390441894531
2023-03-22,34.057106018066406
2023-03-23,33.79069137573242
2023-03-24,34.678749084472656
2023-03-27,34.45673370361328
2023-03-28,34.057106018066406
2023-03-29,34.81195831298828
2023-03-30,34.545536041259766
2023-03-31,34.856361389160156
2023-04-06,34.856361389160156
2023-04-07,34.63434600830078
2023-04-10,34.32352828979492
2023-04-11,34.45673370361328
2023-04-12,34.723148345947266
2023-04-13,34.63434600830078
2023-04-14,34.76755905151367
2023-04-17,34.90076446533203
2023-04-18,34.63434600830078
2023-04-19,34.76755905151367
2023-04-20,34.1903190612793
2023-04-21,33.25785446166992
2023-04-24,33.169044494628906
2023-04-25,32.36979675292969
2023-04-26,32.5918083190918
2023-04-27,33.4798698425293
2023-04-28,33.39106369018555
2023-05-02,33.83509063720703
2023-05-03,33.25785446166992
2023-05-04,33.3022575378418
2023-05-05,33.21345520019531
2023-05-08,33.3022575378418
2023-05-09,32.725013732910156
2023-05-10,33.3022575378418
2023-05-11,32.50300216674805
2023-05-12,32.63621139526367
2023-05-15,32.4141960144043
2023-05-16,32.76942443847656
2023-05-17,33.03583908081055
2023-05-18,33.25785446166992
2023-05-19,33.43546676635742
2023-05-22,33.6574821472168
2023-05-23,33.92390441894531
2023-05-24,34.501136779785156
2023-05-25,34.545536041259766
2023-05-26,34.057106018066406
2023-05-29,34.98957061767578
2023-05-30,35.167179107666016
2023-05-31,36.27725601196289
2023-06-01,38.186588287353516
2023-06-02,37.742557525634766
2023-06-05,37.34292984008789
2023-06-06,36.854496002197266
2023-06-07,37.25412368774414
2023-06-08,37.076515197753906
2023-06-09,36.188453674316406
2023-06-12,36.810096740722656
2023-06-13,36.810096740722656
2023-06-14,36.410465240478516
2023-06-15,36.72128677368164
2023-06-16,36.144046783447266
2023-06-19,36.188453674316406
2023-06-20,35.611209869384766
2023-06-21,35.700016021728516
2023-06-26,36.055240631103516
2023-06-27,35.300392150878906
2023-06-28,35.211585998535156
2023-06-29,35.12277603149414
2023-06-30,35.566810607910156
2023-07-03,35.611209869384766
2023-07-04,35.655616760253906
2023-07-05,35.788822174072266
2023-07-06,34.98957061767578
2023-07-07,35.52240753173828
2023-07-10,35.700016021728516
2023-07-11,37.120914459228516
2023-07-12,38.364200592041016
2023-07-13,38.719425201416016
2023-07-14,40.184722900390625
2023-07-17,38.941436767578125
2023-07-18,38.541812896728516
2023-07-19,37.52054214477539
2023-07-20,37.34292984008789
2023-07-21,37.03211212158203
2023-07-24,36.854496002197266
2023-07-25,38.053375244140625
2023-07-26,37.120914459228516
2023-07-27,37.387332916259766
2023-07-28,37.742557525634766
2023-07-31,36.89889907836914
2023-08-01,36.499271392822266
2023-08-02,35.788822174072266
2023-08-04,36.055240631103516
2023-08-07,36.676883697509766
2023-08-08,36.632484436035156
2023-08-09,36.27725601196289
2023-08-10,35.078372955322266
2023-08-11,34.678749084472656
2023-08-14,34.412330627441406
2023-08-15,34.412330627441406
2023-08-16,34.234718322753906
2023-08-17,34.856361389160156
2023-08-18,34.27912139892578
2023-08-21,34.27912139892578
2023-08-22,33.92390441894531
2023-08-23,34.1903190612793
2023-08-24,34.723148345947266
2023-08-25,34.262638092041016
2023-08-28,34.078426361083984
2023-08-29,33.848167419433594
2023-08-30,34.216583251953125
2023-08-31,34.53894805908203
2023-09-01,34.446842193603516
2023-09-04,34.49289321899414
2023-09-05,34.99946212768555
2023-09-06,35.04551696777344
2023-09-07,35.13761901855469
2023-09-08,35.18367385864258
2023-09-11,34.58499526977539
2023-09-12,35.09156799316406
2023-09-13,35.09156799316406
2023-09-14,35.367881774902344
2023-09-15,35.04551696777344
2023-09-18,34.861305236816406
2023-09-19,35.13761901855469
2023-09-20,34.72315216064453
2023-09-21,34.262638092041016
2023-09-22,34.40079116821289
2023-09-25,34.72315216064453
2023-09-26,34.216583251953125
2023-09-27,34.03237533569336
2023-09-28,34.124481201171875
2023-10-02,34.67710494995117
2023-10-03,34.40079116821289
2023-10-04,33.940269470214844
2023-10-05,34.170528411865234
2023-10-06,34.262638092041016
2023-10-11,33.89421844482422
2023-10-12,34.03237533569336
2023-10-13,34.262638092041016
2023-10-16,33.8021125793457
2023-10-17,33.848167419433594
2023-10-18,33.38764572143555
2023-10-19,32.42055892944336
2023-10-20,32.236351013183594
2023-10-23,32.14424514770508
2023-10-24,32.14424514770508
2023-10-25,32.42055892944336
2023-10-26,31.775833129882812
2023-10-27,31.913990020751953
2023-10-30,31.17715072631836
2023-10-31,31.269258499145508
2023-11-01,31.269258499145508
2023-11-02,31.867931365966797
2023-11-03,31.867931365966797
2023-11-06,32.236351013183594
2023-11-07,31.960039138793945
2023-11-08,31.821882247924805
2023-11-09,31.637672424316406
2023-11-10,31.3153076171875
2023-11-13,31.591617584228516
2023-11-14,31.867931365966797
2023-11-15,32.09819412231445
2023-11-16,32.236351013183594
2023-11-17,32.466609954833984
2023-11-20,32.604766845703125
2023-11-21,32.558712005615234
2023-11-22,32.604766845703125
2023-11-23,32.788970947265625
2023-11-24,32.604766845703125
2023-11-27,32.236351013183594
2023-11-28,32.650814056396484
2023-11-29,32.604766845703125
2023-11-30,32.97317886352539
2023-12-01,32.650814056396484
2023-12-04,32.650814056396484
2023-12-05,32.466609954833984
2023-12-06,32.328453063964844
2023-12-07,32.328453063964844
2023-12-08,32.236351013183594
2023-12-11,31.821882247924805
2023-12-12,31.960039138793945
2023-12-13,31.821882247924805
2023-12-14,32.42055892944336
2023-12-15,32.558712005615234
2023-12-18,32.604766845703125
2023-12-19,31.960039138793945
2023-12-20,32.28240203857422
2023-12-21,32.09819412231445
2023-12-22,31.913990020751953
2023-12-25,32.05214309692383
2023-12-26,32.42055892944336
2023-12-27,32.28240203857422
2023-12-28,32.51266098022461
2023-12-29,32.650814056396484
2024-01-02,32.558712005615234
2024-01-03,32.19029998779297
2024-01-04,31.775833129882812
2024-01-05,31.775833129882812
2024-01-08,31.36136245727539
2024-01-09,31.3153076171875
2024-01-10,30.900840759277344
2024-01-11,31.3153076171875
2024-01-12,31.17715072631836
2024-01-15,31.407411575317383
2024-01-16,30.99294662475586
2024-01-17,30.302169799804688
2024-01-18,30.486373901367188
2024-01-19,30.670583724975586
2024-01-22,30.85478973388672
2024-01-23,31.269258499145508
2024-01-24,31.131101608276367
2024-01-25,31.038997650146484
2024-01-26,31.131101608276367
2024-01-29,31.131101608276367
2024-01-30,30.99294662475586
2024-01-31,30.532428741455078
2024-02-01,30.670583724975586
2024-02-02,30.670583724975586
2024-02-05,30.440322875976562
2024-02-15,29.61138916015625
2024-02-16,29.8877010345459
2024-02-19,30.624530792236328
2024-02-20,30.164012908935547
2024-02-21,30.256114959716797
2024-02-22,30.716632843017578
2024-02-23,30.394271850585938
2024-02-26,30.670583724975586
2024-02-27,30.486373901367188
2024-02-29,30.210063934326172
2024-03-01,30.164012908935547
2024-03-04,30.532428741455078
2024-03-05,30.302169799804688
2024-03-06,30.164012908935547
2024-03-07,29.657442092895508
2024-03-08,28.045625686645508
2024-03-11,29.012714385986328
2024-03-12,30.85478973388672
2024-03-13,30.210063934326172
2024-03-14,30.164012908935547
2024-03-15,31.407411575317383
2024-03-18,31.038997650146484
2024-03-19,31.407411575317383
2024-03-20,31.131101608276367
2024-03-21,31.407411575317383
2024-03-22,31.545568466186523
2024-03-25,31.407411575317383
2024-03-26,30.624530792236328
2024-03-27,32.37450408935547
2024-03-28,35.2297248840332
2024-03-29,33.52580261230469
2024-04-01,32.9271240234375
2024-04-02,33.249488830566406
2024-04-03,32.696868896484375
2024-04-08,32.328453063964844
2024-04-09,32.19029998779297
2024-04-10,32.37450408935547
2024-04-11,31.821882247924805
2024-04-12,31.775833129882812
2024-04-15,31.3153076171875
2024-04-16,30.302169799804688
2024-04-17,30.486373901367188
2024-04-18,30.9468936920166
2024-04-19,30.071908950805664
2024-04-22,29.841650009155273
2024-04-23,30.532428741455078
2024-04-24,31.36136245727539
2024-04-25,30.85478973388672
2024-04-26,31.038997650146484
2024-04-29,31.68372917175293
2024-04-30,31.591617584228516
2024-05-02,31.821882247924805
2024-05-03,31.3153076171875
2024-05-06,33.20343780517578
2024-05-07,32.37450408935547
2024-05-08,33.43369674682617
2024-05-09,32.835025787353516
2024-05-10,32.51266098022461
2024-05-13,32.650814056396484
2024-05-14,32.650814056396484
2024-05-15,32.00608825683594
2024-05-16,32.09819412231445
2024-05-17,32.19029998779297
2024-05-20,32.05214309692383
2024-05-21,32.466609954833984
2024-05-22,32.604766845703125
2024-05-23,32.42055892944336
2024-05-24,32.37450408935547
2024-05-27,33.20343780517578
2024-05-28,34.308685302734375
2024-05-29,36.979698181152344
2024-05-30,35.87445068359375
2024-05-31,35.828399658203125
2024-06-03,36.8415412902832
2024-06-04,36.38102340698242
2024-06-05,38.59151840209961
2024-06-06,37.624420166015625
2024-06-07,36.196815490722656
2024-06-11,35.55208206176758
2024-06-12,35.69023895263672
2024-06-13,35.73629379272461
2024-06-14,36.8415412902832
2024-06-17,36.56523132324219
2024-06-18,36.70338439941406
2024-06-19,36.196815490722656
2024-06-20,37.11785125732422
2024-06-21,36.979698181152344
2024-06-24,36.65733337402344
2024-06-25,37.071800231933594
2024-06-26,36.51918029785156
2024-06-27,37.071800231933594
2024-06-28,36.887596130371094
2024-07-01,36.47312545776367
2024-07-02,36.05866241455078
2024-07-03,36.42707443237305
2024-07-04,36.887596130371094
2024-07-05,37.34811019897461
2024-07-08,37.34811019897461
2024-07-09,36.70338439941406
2024-07-10,37.25600814819336
2024-07-11,36.8415412902832
2024-07-12,36.61128234863281
2024-07-15,36.38102340698242
2024-07-16,36.01260757446289
2024-07-17,35.828399658203125
2024-07-18,35.27577209472656
2024-07-19,33.89421844482422
2024-07-22,33.019229888916016
2024-07-23,33.065284729003906
2024-07-26,32.42055892944336
2024-07-29,31.867931365966797
2024-07-30,32.328453063964844
2024-07-31,32.328453063964844
2024-08-01,33.249488830566406
2024-08-02,32.37450408935547
2024-08-05,29.150869369506836
2024-08-06,28.644298553466797
2024-08-07,30.256114959716797
2024-08-08,29.749544143676758
2024-08-09,30.117961883544922
2024-08-12,30.808740615844727
2024-08-13,30.99294662475586
2024-08-14,31.49951934814453
2024-08-15,31.545568466186523
2024-08-16,32.09819412231445
2024-08-19,32.466609954833984
2024-08-20,32.788970947265625
2024-08-21,32.51266098022461
2024-08-22,32.742919921875
2024-08-23,32.650814056396484
2024-08-26,33.065284729003906
2024-08-27,33.34159469604492
2024-08-28,33.38764572143555
2024-08-29,33.2955436706543
2024-08-30,33.48662185668945
2024-09-02,34.012088775634766
2024-09-03,33.91654968261719
2024-09-04,32.72230529785156
2024-09-05,32.19683837890625
2024-09-06,32.77007293701172
2024-09-09,32.67453384399414
2024-09-10,32.19683837890625
2024-09-11,32.005760192871094
2024-09-12,32.57899475097656
2024-09-13,33.20000457763672
2024-09-16,33.91654968261719
2024-09-18,33.20000457763672
2024-09-19,33.72547149658203
2024-09-20,33.534393310546875
2024-09-23,33.821014404296875
2024-09-24,33.91654968261719
2024-09-25,33.96432113647461
2024-09-26,33.48662185668945
2024-09-27,33.821014404296875
2024-09-30,33.677703857421875
2024-10-01,33.86878204345703
2024-10-04,33.34331512451172
2024-10-07,34.10763168334961
2024-10-08,33.534393310546875
2024-10-09,32.67453384399414
2024-10-11,32.387916564941406
2024-10-14,32.67453384399414
2024-10-15,33.247772216796875
2024-10-16,33.05669403076172
2024-10-17,33.821014404296875
2024-10-18,33.77323913574219
2024-10-21,34.155399322509766
2024-10-22,34.68086624145508
2024-10-23,34.394248962402344
2024-10-24,34.34647750854492
2024-10-25,34.5853271484375
2024-10-28,34.4420166015625
2024-10-29,33.77323913574219
2024-10-30,35.922882080078125
2024-11-01,36.83050537109375
2024-11-04,37.260433197021484
2024-11-05,36.30503845214844
2024-11-06,36.44834899902344
2024-11-07,38.02475357055664
2024-11-08,37.45151901245117
2024-11-11,38.0725212097168
2024-11-12,37.308204650878906
2024-11-13,36.73496627807617
2024-11-14,36.49612045288086
2024-11-15,36.639427185058594
2024-11-18,35.8751106262207
2024-11-19,37.78590393066406
2024-11-20,37.02158737182617
2024-11-21,36.97381591796875
2024-11-22,37.40374755859375
2024-11-25,37.40374755859375
2024-11-26,36.97381591796875
2024-11-27,35.58849334716797
2024-11-28,35.11079788208008
2024-11-29,35.58849334716797
2024-12-02,35.206336975097656
2024-12-03,35.54072570800781
2024-12-04,35.922882080078125
2024-12-05,36.11396026611328
2024-12-06,36.87827682495117
2024-12-09,36.11396026611328
2024-12-10,35.11079788208008
2024-12-11,36.30503845214844
2024-12-12,36.543888092041016
2024-12-13,36.926048278808594
2024-12-16,35.54072570800781
2024-12-17,37.117122650146484
2024-12-18,37.260433197021484
2024-12-19,37.117122650146484
2024-12-20,37.49928665161133
2024-12-23,38.69353103637695
2024-12-24,37.64259719848633
2024-12-25,41.36863708496094
2024-12-26,40.17439270019531
2024-12-27,40.60432052612305
2024-12-30,38.98014831542969
2024-12-31,39.171226501464844
2025-01-02,39.935543060302734
2025-01-03,38.74129867553711
2025-01-06,38.597991943359375
2025-01-07,38.40690994262695
2025-01-08,38.597991943359375
2025-01-09,36.97381591796875
2025-01-10,36.926048278808594
2025-01-13,35.82734298706055
2025-01-14,36.16172790527344
2025-01-15,36.49612045288086
2025-01-16,37.83367156982422
2025-01-17,37.35597610473633
2025-01-20,38.26359939575195
2025-01-21,38.26359939575195
2025-01-22,38.932376861572266
2025-02-03,37.64259719848633
2025-02-04,36.639427185058594
2025-02-05,37.260433197021484
2025-02-06,37.547054290771484
2025-02-07,38.64575958251953
2025-02-10,38.40690994262695
2025-02-11,38.88460922241211
2025-02-12,38.74129867553711
2025-02-13,39.12345886230469
2025-02-14,38.64575958251953
2025-02-17,38.88460922241211
2025-02-18,39.45784378051758
2025-02-19,39.60115432739258
2025-02-20,39.45784378051758
2025-02-21,39.41007614135742
2025-02-24,39.314537048339844
2025-02-25,39.41007614135742
2025-02-26,42.180728912353516
2025-02-27,41.60748291015625
2025-03-03,43.32719802856445
2025-03-04,45.66791915893555
2025-03-05,45.23798751831055
2025-03-06,44.8558349609375
2025-03-07,43.566043853759766
2025-03-10,45.142452239990234
2025-03-11,44.234825134277344
2025-03-12,48.62964630126953
2025-03-13,51.973533630371094
2025-03-14,51.30475616455078
2025-03-17,50.92259216308594
2025-03-18,52.069068908691406
2025-03-19,51.30475616455078
2025-03-20,52.64230728149414
2025-03-21,49.298423767089844
2025-03-24,47.33986282348633
2025-03-25,47.96086883544922
2025-03-26,47.96086883544922
2025-03-27,46.90993118286133
2025-03-28,45.57238006591797
2025-03-31,42.80173110961914
2025-04-01,43.51827621459961
2025-04-02,44.903602600097656
2025-04-07,40.41324234008789
2025-04-08,36.400577545166016
2025-04-09,32.77007293701172
2025-04-10,36.0184211730957
2025-04-11,33.62993240356445
2025-04-14,35.158565521240234
2025-04-15,36.639427185058594
2025-04-16,34.633094787597656
2025-04-17,33.77323913574219
2025-04-18,34.155399322509766
2025-04-21,32.57899475097656
2025-04-22,31.05036163330078
2025-04-23,33.534393310546875
2025-04-24,33.10446548461914
2025-04-25,33.72547149658203
2025-04-28,34.298709869384766
2025-04-29,35.63626480102539
2025-04-30,35.922882080078125
2025-05-02,35.8751106262207
2025-05-05,33.86878204345703
2025-05-06,34.05986022949219
2025-05-07,33.96432113647461
2025-05-08,35.44518280029297
2025-05-09,35.73180389404297
2025-05-12,36.926048278808594
2025-05-13,37.21266555786133
2025-05-14,39.171226501464844
2025-05-15,38.83684158325195
2025-05-16,38.50244903564453
2025-05-19,37.45151901245117
2025-05-20,36.87827682495117
2025-05-21,37.35597610473633
2025-05-22,37.16489791870117
2025-05-23,36.44834899902344
2025-05-26,37.738136291503906
2025-05-27,36.687198638916016
2025-05-28,36.35280990600586
2025-05-29,36.639427185058594
2025-06-02,35.73180389404297
2025-06-03,35.206336975097656
2025-06-04,36.44834899902344
2025-06-05,36.83050537109375
2025-06-06,37.97698211669922
2025-06-09,37.45151901245117
2025-06-10,37.06935501098633
2025-06-11,37.260433197021484
2025-06-12,38.2158317565918
2025-06-13,37.40374755859375
2025-06-16,37.35597610473633
2025-06-17,37.21266555786133
2025-06-18,37.92921447753906
2025-06-19,37.02158737182617
2025-06-20,37.64259719848633
2025-06-23,37.97698211669922
2025-06-24,41.75079345703125
2025-06-25,39.55338668823242
2025-06-26,39.45784378051758
2025-06-27,38.967079162597656
2025-06-30,39.35969161987305
2025-07-01,39.850460052490234
2025-07-02,39.80138397216797
2025-07-03,39.555999755859375
2025-07-04,38.47631072998047
2025-07-07,38.574462890625
2025-07-08,38.72169494628906
2025-07-09,39.11430740356445
2025-07-10,38.86892318725586
2025-07-11,39.70323181152344
2025-07-14,39.06523132324219
2025-07-15,39.65415573120117
2025-07-16,39.35969161987305
2025-07-17,40.34122848510742
2025-07-18,41.51907730102539
2025-07-21,40.93015670776367
2025-07-22,40.09584426879883
2025-07-23,42.696922302246094
2025-07-24,42.59877014160156
2025-07-25,41.51907730102539
2025-07-28,42.15707778930664
2025-07-29,41.51907730102539
2025-07-30,42.795074462890625
2025-07-31,42.402462005615234
2025-08-04,42.108001708984375
2025-08-05,42.64784622192383
2025-08-06,42.108001708984375
2025-08-07,42.59877014160156
2025-08-08,42.30430603027344
2025-08-11,43.678462982177734
2025-08-12,43.43307876586914
2025-08-13,42.696922302246094
2025-08-14,43.28584671020508
2025-08-15,45.78877258300781
2025-08-18,46.37769317626953
2025-08-19,47.211997985839844
2025-08-20,47.555538177490234
2025-08-21,52.21784591674805
2025-08-22,53.00307846069336
2025-08-25,58.30338668823242
2025-08-26,60.855384826660156
2025-08-27,59.481231689453125
2025-08-28,59.77569580078125
2025-08-29,57.71446228027344
2025-09-01,57.12554168701172
2025-09-02,54.279075622558594
2025-09-03,54.966156005859375
2025-09-04,53.395694732666016
2025-09-05,53.49384689331055
2025-09-08,54.67169189453125
2025-09-09,54.18092346191406
2025-09-10,59.57938766479492
2025-09-11,55.75138473510742
2025-09-12,55.45692443847656
2025-09-15,53.29753875732422
2025-09-16,53.49384689331055
2025-09-17,52.6104621887207
2025-09-18,52.51231002807617
2025-09-19,53.00307846069336
2025-09-22,53.395694732666016
2025-09-23,53.10123062133789
2025-09-24,56.929229736328125
2025-09-25,56.04584503173828
2025-09-26,53.00307846069336
2025-09-30,53.29753875732422
2025-10-01,52.80677032470703
2025-10-02,54.67169189453125
2025-10-03,53.59199905395508
2025-10-07,54.279075622558594
2025-10-08,53.29753875732422
2025-10-09,54.082767486572266
2025-10-13,53.19938659667969
2025-10-14,49.96030807495117
2025-10-15,49.66584396362305
2025-10-16,52.90492630004883
2025-10-17,53.395694732666016
2025-10-20,54.76984786987305
2025-10-21,55.1624641418457
2025-10-22,54.76984786987305
2025-10-23,55.555076599121094
2025-10-27,55.45692443847656
2025-10-28,54.279075622558594
2025-10-29,57.42000198364258
2025-10-30,56.14400100708008
2025-10-31,55.1624641418457
2025-11-03,54.67169189453125
2025-11-04,52.41415786743164
2025-11-05,52.02153778076172
2025-11-06,52.7086181640625
2025-11-07,51.138153076171875
2025-11-10,49.96030807495117
2025-11-11,50.05846405029297
2025-11-12,50.64738464355469
2025-11-13,49.96030807495117
2025-11-14,49.02784729003906
2025-11-17,47.40830612182617
2025-11-18,45.64154052734375
2025-11-19,45.1507682800293
2025-11-20,46.67215347290039
2025-11-21,44.75815200805664
2025-11-24,45.1507682800293
2025-11-25,45.49430847167969
2025-11-26,46.08323287963867
2025-11-27,46.328617095947266
2025-11-28,46.57400131225586
2025-12-01,46.328617095947266
2025-12-02,46.1813850402832
2025-12-03,46.524925231933594
2025-12-04,47.555538177490234
2025-12-05,47.899078369140625
2025-12-08,46.721229553222656
2025-12-09,47.50646209716797
2025-12-10,46.623077392578125
2025-12-11,46.47584533691406
2025-12-12,46.47584533691406
2025-12-15,47.211997985839844
2025-12-16,45.347076416015625
2025-12-17,45.10169219970703
2025-12-18,44.56184768676758
2025-12-19,45.1507682800293
2025-12-22,46.1813850402832
2025-12-23,45.78877258300781
2025-12-24,47.261077880859375
2025-12-26,47.31015396118164
2025-12-29,47.16292190551758
2025-12-30,47.6046142578125
2025-12-31,48.78246307373047
2026-01-02,48.635231018066406
2026-01-05,47.211997985839844
2026-01-06,48.09538650512695
2026-01-07,47.899078369140625
2026-01-08,47.01569366455078
2026-01-09,46.623077392578125
2026-01-12,47.40830612182617
2026-01-13,46.67215347290039
2026-01-14,47.75185012817383
2026-01-15,49.37138366699219
2026-01-16,50.05846405029297
2026-01-19,52.11968994140625
2026-01-20,51.138153076171875
2026-01-21,52.6104621887207
2026-01-22,53.49384689331055
2026-01-23,52.51231002807617
2026-01-26,52.02153778076172
2026-01-27,51.72707748413086
2026-01-28,52.31599807739258
2026-01-29,51.72707748413086
2026-01-30,50.64738464355469
2026-02-02,48.880615234375
2026-02-03,49.96030807495117
2026-02-04,51.72707748413086
2026-02-05,49.66584396362305
2026-02-06,49.17507553100586
2026-02-09,49.66584396362305
2026-02-10,47.75185012817383
2026-02-11,46.917537689208984
2026-02-23,48.58615493774414
2026-02-24,51.23630905151367
2026-02-25,50.64738464355469
2026-02-26,50.2547721862793
2026-03-02,50.451080322265625
2026-03-03,48.58615493774414
2026-03-04,45.24892044067383
2026-03-05,47.01569366455078
2026-03-06,46.4267692565918
2026-03-09,42.94230651855469
2026-03-10,43.33492660522461
2026-03-11,45.347076416015625
2026-03-12,45.19984436035156
2026-03-13,45.24892044067383
2026-03-16,44.9053840637207
2026-03-17,45.29800033569336
2026-03-18,46.47584533691406
2026-03-19,45.396156311035156
2026-03-20,44.46369171142578
2026-03-23,43.8256950378418
2026-03-24,43.678462982177734
2026-03-25,44.709075927734375
2026-03-26,44.51276779174805
2026-03-27,44.46369171142578
2026-03-30,43.62938690185547
2026-03-31,42.206153869628906
2026-04-01,44.16923141479492
2026-04-02,43.5803108215332
2026-04-07,42.844154357910156
2026-04-08,44.85630798339844
2026-04-09,43.7275390625
2026-04-10,43.8256950378418
2026-04-13,43.482154846191406
2026-04-14,44.56184768676758
2026-04-15,44.21830749511719
2026-04-16,44.46369171142578
2026-04-17,44.75815200805664
2026-04-20,44.65999984741211
2026-04-21,45.052616119384766
2026-04-22,46.4267692565918
2026-04-23,44.51276779174805
2026-04-24,43.5803108215332
2026-04-27,43.53123092651367
2026-04-28,45.052616119384766
2026-04-29,46.328617095947266
2026-04-30,48.635231018066406
2026-05-04,53.395694732666016
2026-05-05,54.082767486572266
2026-05-06,53.19938659667969
2026-05-07,52.6104621887207
2026-05-08,50.843692779541016
2026-05-11,53.690155029296875
2026-05-12,53.00307846069336
2026-05-13,50.549232482910156
2026-05-14,50.843692779541016
2026-05-15,49.96030807495117
2026-05-18,50.94184875488281
2026-05-19,49.66584396362305
2026-05-20,49.567691802978516
2026-05-21,51.138153076171875
2026-05-22,53.788307189941406
2026-05-25,55.45692443847656
2026-05-26,53.49384689331055
2026-05-27,52.80677032470703
2026-05-28,52.02153778076172
2026-05-29,54.47538375854492
2026-06-01,59.87384796142578
2026-06-02,60.5609245300293
2026-06-03,59.383079528808594
2026-06-04,56.831077575683594
2026-06-05,54.966156005859375
2026-06-08,50.05846405029297
2026-06-09,51.92338562011719
2026-06-10,50.35292434692383
2026-06-11,50.35292434692383
2026-06-12,50.745540618896484
2026-06-15,52.21784591674805
2026-06-16,51.040000915527344
2026-06-17,51.62892150878906
2026-06-18,52.41415786743164
2026-06-22,52.41415786743164
2026-06-23,50.745540618896484
2026-06-24,50.2547721862793
2026-06-25,49.66584396362305
2026-06-26,47.11384582519531
2026-06-29,47.85000228881836
2026-06-30,49.45000076293945
2026-07-01,51.900001525878906
2026-07-02,52.20000076293945
2026-07-03,51.20000076293945
2026-07-06,51.0
2026-07-07,49.0
2026-07-08,48.849998474121094
2026-07-09,48.5
2026-07-10,48.5
2026-07-13,48.5
2026-07-14,47.45000076293945
2026-07-15,50.099998474121094
2026-07-16,49.349998474121094
2026-07-17,46.20000076293945
2026-07-20,45.099998474121094
2026-07-21,46.599998474121094
2026-07-22,47.0
2026-07-23,46.5
2026-07-24,45.29999923706055
2026-07-27,45.150001525878906
2026-07-28,42.54999923706055
2026-07-29,40.349998474121094
2026-07-30,38.79999923706055
2026-07-31,41.150001525878906
2026-08-03,42.70000076293945
2026-08-04,42.849998474121094
2026-08-05,44.099998474121094
2026-08-06,45.099998474121094
2026-08-07,45.150001525878906
2026-08-10,47.04999923706055
2026-08-11,46.099998474121094
2026-08-12,46.5
2026-08-13,46.29999923706055
2026-08-14,45.54999923706055
2026-08-17,45.400001525878906
2026-08-18,43.900001525878906
2026-08-19,46.0
2026-08-20,45.599998474121094
2026-08-21,44.900001525878906
2026-08-24,44.900001525878906
2026-08-25,44.70000076293945
2026-08-26,45.349998474121094
2026-08-27,46.70000076293945
2026-08-28,46.599998474121094
2026-08-31,46.79999923706055
2026-09-01,47.5
2026-09-02,47.79999923706055
2026-09-03,45.79999923706055
2026-09-04,46.599998474121094
2026-09-07,46.0
2026-09-08,46.0
2026-09-09,46.29999923706055
2026-09-10,46.099998474121094
2026-09-11,46.0
2026-09-14,45.400001525878906
2026-09-15,44.900001525878906
2026-09-16,45.75
2026-09-17,46.349998474121094
2026-09-18,46.400001525878906
2026-09-20,46.5
