Price,AdjClose
Ticker,2347.TW
Date,
2000-01-04,11.209561347961426
2000-01-05,11.473316192626953
2000-01-06,11.156974792480469
2000-01-07,10.736261367797852
2000-01-10,10.894027709960938
2000-01-11,10.894027709960938
2000-01-12,11.578495979309082
2000-01-13,11.315549850463867
2000-01-14,10.99920654296875
2000-01-17,11.209561347961426
2000-01-18,10.99920654296875
2000-01-19,10.631085395812988
2000-01-20,10.736261367797852
2000-01-21,10.894027709960938
2000-01-24,10.788850784301758
2000-01-25,10.946617126464844
2000-01-26,11.051796913146973
2000-01-27,10.841439247131348
2000-01-28,10.894027709960938
2000-01-31,10.946617126464844
2000-02-01,10.946617126464844
2000-02-02,10.946617126464844
2000-02-03,10.946617126464844
2000-02-04,10.946617126464844
2000-02-07,10.946617126464844
2000-02-08,10.946617126464844
2000-02-09,11.683675765991211
2000-02-10,12.36733341217041
2000-02-11,12.156974792480469
2000-02-14,12.36733341217041
2000-02-15,12.104388236999512
2000-02-16,11.84144115447998
2000-02-17,11.894030570983887
2000-02-18,11.683675765991211
2000-02-21,10.946617126464844
2000-02-22,11.156974792480469
2000-02-23,11.104385375976562
2000-02-24,11.104385375976562
2000-02-25,11.051796913146973
2000-02-28,11.051796913146973
2000-02-29,11.315549850463867
2000-03-01,11.473316192626953
2000-03-02,11.209561347961426
2000-03-03,11.104385375976562
2000-03-06,10.894027709960938
2000-03-07,11.315549850463867
2000-03-08,11.209561347961426
2000-03-09,11.78885555267334
2000-03-10,11.42072868347168
2000-03-13,10.631085395812988
2000-03-14,11.051796913146973
2000-03-15,11.104385375976562
2000-03-16,11.525910377502441
2000-03-17,11.525910377502441
2000-03-20,11.156974792480469
2000-03-21,11.473316192626953
2000-03-22,11.42072868347168
2000-03-23,12.209565162658691
2000-03-24,12.631086349487305
2000-03-27,13.473320007324219
2000-03-28,12.683677673339844
2000-03-29,12.736266136169434
2000-03-30,12.78885555267334
2000-03-31,12.683677673339844
2000-04-03,12.683677673339844
2000-04-04,12.683677673339844
2000-04-05,13.31474494934082
2000-04-06,12.631086349487305
2000-04-07,12.578500747680664
2000-04-10,13.051798820495605
2000-04-11,13.104389190673828
2000-04-12,13.31474494934082
2000-04-13,12.473320007324219
2000-04-14,11.84144115447998
2000-04-17,11.156974792480469
2000-04-18,11.36814022064209
2000-04-19,11.051796913146973
2000-04-20,11.051796913146973
2000-04-21,11.209561347961426
2000-04-24,10.736261367797852
2000-04-25,10.946617126464844
2000-04-26,10.420726776123047
2000-04-27,10.473315238952637
2000-04-28,10.894027709960938
2000-05-01,10.894027709960938
2000-05-02,10.631085395812988
2000-05-03,10.36814022064209
2000-05-04,10.104385375976562
2000-05-05,10.262960433959961
2000-05-08,9.99920654296875
2000-05-09,9.99920654296875
2000-05-10,9.84144115447998
2000-05-11,9.210369110107422
2000-05-12,9.210369110107422
2000-05-15,8.736257553100586
2000-05-16,8.736257553100586
2000-05-17,9.946619033813477
2000-05-18,10.156972885131836
2000-05-19,9.894028663635254
2000-05-22,9.578495979309082
2000-05-23,9.05179214477539
2000-05-24,8.631080627441406
2000-05-25,8.42072582244873
2000-05-26,8.315546989440918
2000-05-29,8.368134498596191
2000-05-30,8.368134498596191
2000-05-31,9.05179214477539
2000-06-01,8.578493118286133
2000-06-02,8.525901794433594
2000-06-05,8.946615219116211
2000-06-06,8.946615219116211
2000-06-07,9.315546989440918
2000-06-08,9.05179214477539
2000-06-09,8.946615219116211
2000-06-12,8.999201774597168
2000-06-13,8.683670043945312
2000-06-14,8.736257553100586
2000-06-15,8.788847923278809
2000-06-16,8.736257553100586
2000-06-19,8.683670043945312
2000-06-20,8.631080627441406
2000-06-21,8.788847923278809
2000-06-22,8.841434478759766
2000-06-23,8.736257553100586
2000-06-26,8.473313331604004
2000-06-27,8.368134498596191
2000-06-28,8.262957572937012
2000-06-29,8.315546989440918
2000-06-30,8.683670043945312
2000-07-03,8.42072582244873
2000-07-04,7.841436386108398
2000-07-05,7.894024848937988
2000-07-06,7.473311901092529
2000-07-07,7.499199867248535
2000-07-10,7.469349384307861
2000-07-11,7.642658233642578
2000-07-12,7.676685333251953
2000-07-13,8.195551872253418
2000-07-14,8.749505996704102
2000-07-17,8.956840515136719
2000-07-18,8.9217529296875
2000-07-19,8.9217529296875
2000-07-20,8.50708293914795
2000-07-21,8.956840515136719
2000-07-24,8.956840515136719
2000-07-25,8.714418411254883
2000-07-26,8.680394172668457
2000-07-27,8.9217529296875
2000-07-28,9.095061302185059
2000-07-31,8.9217529296875
2000-08-01,8.887727737426758
2000-08-02,8.887727737426758
2000-08-03,8.956840515136719
2000-08-04,9.233283996582031
2000-08-07,9.059975624084473
2000-08-08,8.9217529296875
2000-08-09,9.059975624084473
2000-08-10,9.059975624084473
2000-08-11,9.129088401794434
2000-08-14,9.02595043182373
2000-08-15,8.887727737426758
2000-08-16,9.095061302185059
2000-08-17,9.37151050567627
2000-08-18,9.406596183776855
2000-08-21,9.406596183776855
2000-08-22,9.129088401794434
2000-08-23,9.129088401794434
2000-08-24,8.956840515136719
2000-08-25,8.645306587219238
2000-08-28,8.611281394958496
2000-08-29,8.749505996704102
2000-08-30,8.333772659301758
2000-08-31,8.576194763183594
2000-09-01,8.437973022460938
2000-09-04,8.852639198303223
2000-09-05,8.81861686706543
2000-09-06,8.437973022460938
2000-09-07,8.542174339294434
2000-09-08,8.36885929107666
2000-09-11,8.299750328063965
2000-09-12,8.299750328063965
2000-09-13,8.402884483337402
2000-09-14,8.23063850402832
2000-09-15,8.126440048217773
2000-09-18,8.057328224182129
2000-09-19,7.607569694519043
2000-09-20,7.5044379234313965
2000-09-21,7.573548316955566
2000-09-22,7.158879280090332
2000-09-25,7.089768409729004
2000-09-26,6.847347259521484
2000-09-27,7.192905426025391
2000-09-28,7.227991104125977
2000-09-29,6.847347259521484
2000-10-02,6.121143341064453
2000-10-03,6.016947269439697
2000-10-04,5.809611797332764
2000-10-05,5.636301040649414
2000-10-06,6.016947269439697
2000-10-09,5.636301040649414
2000-10-10,5.636301040649414
2000-10-11,5.567190647125244
2000-10-12,5.187609672546387
2000-10-13,5.08341121673584
2000-10-16,5.08341121673584
2000-10-17,4.564544200897217
2000-10-18,4.357209205627441
2000-10-19,4.218986511230469
2000-10-20,4.495431423187256
2000-10-23,4.668741226196289
2000-10-24,4.980275630950928
2000-10-25,5.290744304656982
2000-10-26,5.118496417999268
2000-10-27,5.118496417999268
2000-10-30,4.771877765655518
2000-10-31,4.7027668952941895
2000-11-01,4.564544200897217
2000-11-02,4.633654594421387
2000-11-03,4.737853050231934
2000-11-06,4.46140718460083
2000-11-07,4.426319599151611
2000-11-08,4.633654594421387
2000-11-09,4.910100936889648
2000-11-10,4.876075267791748
2000-11-13,4.564544200897217
2000-11-14,4.254073143005371
2000-11-15,4.011651515960693
2000-11-16,3.8383426666259766
2000-11-17,4.0807647705078125
2000-11-20,3.976564407348633
2000-11-21,4.254073143005371
2000-11-22,4.149874687194824
2000-11-23,4.045676231384277
2000-11-24,4.323184490203857
2000-11-27,4.599631309509277
2000-11-28,4.46140718460083
2000-11-29,4.357209205627441
2000-11-30,4.357209205627441
2000-12-01,4.633654594421387
2000-12-04,4.39229679107666
2000-12-05,4.39229679107666
2000-12-06,4.39229679107666
2000-12-07,4.357209205627441
2000-12-08,4.46140718460083
2000-12-11,4.530519485473633
2000-12-12,4.599631309509277
2000-12-13,4.599631309509277
2000-12-14,4.633654594421387
2000-12-15,4.530519485473633
2000-12-18,4.254073143005371
2000-12-19,4.114787578582764
2000-12-20,3.976564407348633
2000-12-21,3.8383426666259766
2000-12-22,3.735205888748169
2000-12-25,3.735205888748169
2000-12-26,3.631007432937622
2000-12-27,3.526808500289917
2000-12-28,3.4576969146728516
2000-12-29,3.3407397270202637
2001-01-01,3.3407397270202637
2001-01-02,3.4576969146728516
2001-01-03,3.5969836711883545
2001-01-04,3.8383426666259766
2001-01-05,4.011651515960693
2001-01-08,3.8043177127838135
2001-01-09,4.045676231384277
2001-01-10,4.288097381591797
2001-01-11,4.011651515960693
2001-01-12,3.976564407348633
2001-01-15,3.9425406455993652
2001-01-16,4.183899402618408
2001-01-17,4.46140718460083
2001-01-18,4.771877765655518
2001-01-19,4.771877765655518
2001-01-22,4.771877765655518
2001-01-23,4.771877765655518
2001-01-24,4.771877765655518
2001-01-25,4.771877765655518
2001-01-26,4.771877765655518
2001-01-29,4.668741226196289
2001-01-30,4.980275630950928
2001-01-31,5.08341121673584
2001-02-01,5.118496417999268
2001-02-02,5.464054584503174
2001-02-05,5.706476211547852
2001-02-06,5.498078346252441
2001-02-07,5.42896842956543
2001-02-08,5.464054584503174
2001-02-09,5.464054584503174
2001-02-12,5.636301040649414
2001-02-13,5.947835445404053
2001-02-14,5.982922077178955
2001-02-15,6.397590637207031
2001-02-16,6.052032947540283
2001-02-19,5.706476211547852
2001-02-20,5.671390056610107
2001-02-21,5.498078346252441
2001-02-22,5.187609672546387
2001-02-23,5.290744304656982
2001-02-26,4.945187091827393
2001-02-27,4.910100936889648
2001-02-28,4.910100936889648
2001-03-01,4.633654594421387
2001-03-02,4.806964874267578
2001-03-05,5.049386024475098
2001-03-06,4.876075267791748
2001-03-07,5.049386024475098
2001-03-08,4.876075267791748
2001-03-09,4.910100936889648
2001-03-12,4.840989112854004
2001-03-13,4.876075267791748
2001-03-14,4.876075267791748
2001-03-15,4.945187091827393
2001-03-16,4.980275630950928
2001-03-19,4.806964874267578
2001-03-20,4.806964874267578
2001-03-21,4.668741226196289
2001-03-22,4.806964874267578
2001-03-23,4.840989112854004
2001-03-26,5.049386024475098
2001-03-27,4.910100936889648
2001-03-28,4.910100936889648
2001-03-29,4.980275630950928
2001-03-30,4.876075267791748
2001-04-02,4.668741226196289
2001-04-03,4.495431423187256
2001-04-04,4.357209205627441
2001-04-05,4.357209205627441
2001-04-06,4.39229679107666
2001-04-09,4.39229679107666
2001-04-10,4.357209205627441
2001-04-11,4.530519485473633
2001-04-12,4.530519485473633
2001-04-13,4.426319599151611
2001-04-16,4.288097381591797
2001-04-17,4.564544200897217
2001-04-18,4.806964874267578
2001-04-19,4.771877765655518
2001-04-20,5.049386024475098
2001-04-23,5.118496417999268
2001-04-24,5.118496417999268
2001-04-25,4.980275630950928
2001-04-26,4.980275630950928
2001-04-27,4.910100936889648
2001-04-30,4.910100936889648
2001-05-01,4.910100936889648
2001-05-02,5.118496417999268
2001-05-03,5.152522087097168
2001-05-04,4.840989112854004
2001-05-07,4.530519485473633
2001-05-08,4.218986511230469
2001-05-09,4.357209205627441
2001-05-10,4.0807647705078125
2001-05-11,4.218986511230469
2001-05-14,4.114787578582764
2001-05-15,4.114787578582764
2001-05-16,4.149874687194824
2001-05-17,4.149874687194824
2001-05-18,4.045676231384277
2001-05-21,3.873429536819458
2001-05-22,3.873429536819458
2001-05-23,4.114787578582764
2001-05-24,4.357209205627441
2001-05-25,4.357209205627441
2001-05-28,4.183899402618408
2001-05-29,4.149874687194824
2001-05-30,4.114787578582764
2001-05-31,4.011651515960693
2001-06-01,4.011651515960693
2001-06-04,4.114787578582764
2001-06-05,4.254073143005371
2001-06-06,4.530519485473633
2001-06-07,4.46140718460083
2001-06-08,4.39229679107666
2001-06-11,4.46140718460083
2001-06-12,4.495431423187256
2001-06-13,4.564544200897217
2001-06-14,4.357209205627441
2001-06-15,4.426319599151611
2001-06-18,4.254073143005371
2001-06-19,4.218986511230469
2001-06-20,4.254073143005371
2001-06-21,4.114787578582764
2001-06-22,3.9425406455993652
2001-06-25,3.9425406455993652
2001-06-26,3.7001187801361084
2001-06-27,3.8383426666259766
2001-06-28,3.8223471641540527
2001-06-29,3.988917589187622
2001-07-02,3.92754864692688
2001-07-03,3.839881181716919
2001-07-04,3.5768747329711914
2001-07-05,3.6207098960876465
2001-07-06,3.7083775997161865
2001-07-09,3.655775785446167
2001-07-10,3.5330417156219482
2001-07-11,3.4716737270355225
2001-07-12,3.6733107566833496
2001-07-13,3.6207098960876465
2001-07-16,3.7083775997161865
2001-07-17,3.743445634841919
2001-07-18,3.7872800827026367
2001-07-19,3.8048126697540283
2001-07-20,3.7960455417633057
2001-07-23,3.5944087505340576
2001-07-24,3.401538133621216
2001-07-25,3.5155069828033447
2001-07-26,3.760978937149048
2001-07-27,3.752211809158325
2001-07-30,3.752211809158325
2001-07-31,3.9187827110290527
2001-08-01,3.831113576889038
2001-08-02,4.076584815979004
2001-08-03,4.278222560882568
2001-08-06,4.190554618835449
2001-08-07,4.164255142211914
2001-08-08,4.322057247161865
2001-08-09,4.260689735412598
2001-08-10,4.216856002807617
2001-08-13,4.190554618835449
2001-08-14,4.243157386779785
2001-08-15,4.286990165710449
2001-08-16,4.251923561096191
2001-08-17,4.243157386779785
2001-08-20,4.076584815979004
2001-08-21,4.120419979095459
2001-08-22,3.8661818504333496
2001-08-23,3.8661818504333496
2001-08-24,3.6820778846740723
2001-08-27,3.6820778846740723
2001-08-28,3.690844774246216
2001-08-29,3.874948501586914
2001-08-30,3.752211809158325
2001-08-31,3.831113576889038
2001-09-03,3.6996119022369385
2001-09-04,3.7785134315490723
2001-09-05,3.6119425296783447
2001-09-06,3.5768747329711914
2001-09-07,3.6294755935668945
2001-09-10,3.6031761169433594
2001-09-11,3.384004831314087
2001-09-12,3.384004831314087
2001-09-13,3.1472997665405273
2001-09-14,2.9894955158233643
2001-09-17,2.9894955158233643
2001-09-18,2.9894955158233643
2001-09-19,2.9894955158233643
2001-09-20,2.9544284343719482
2001-09-21,2.8579931259155273
2001-09-24,2.8579931259155273
2001-09-25,2.7790911197662354
2001-09-26,2.9719626903533936
2001-09-27,2.9894955158233643
2001-09-28,2.9894955158233643
2001-10-01,2.9894955158233643
2001-10-02,2.594986915588379
2001-10-03,2.481018543243408
2001-10-04,2.4547176361083984
2001-10-05,2.5248525142669678
2001-10-08,2.4196510314941406
2001-10-09,2.5511538982391357
2001-10-10,2.5511538982391357
2001-10-11,2.7264909744262695
2001-10-12,2.7440237998962402
2001-10-15,2.665123224258423
2001-10-16,2.7527921199798584
2001-10-17,2.735257625579834
2001-10-18,2.673888683319092
2001-10-19,2.7527921199798584
2001-10-22,2.8053934574127197
2001-10-23,2.7440237998962402
2001-10-24,2.8316941261291504
2001-10-25,2.8053934574127197
2001-10-26,2.8316941261291504
2001-10-29,2.8316941261291504
2001-10-30,2.6563563346862793
2001-10-31,2.6826558113098145
2001-11-01,2.6563563346862793
2001-11-02,2.8404595851898193
2001-11-05,3.033329486846924
2001-11-06,2.9719626903533936
2001-11-07,2.980729579925537
2001-11-08,3.0859315395355225
2001-11-09,3.0859315395355225
2001-11-12,3.0683975219726562
2001-11-13,3.0771644115448
2001-11-14,3.1385340690612793
2001-11-15,3.322636127471924
2001-11-16,3.2349674701690674
2001-11-19,3.322636127471924
2001-11-20,3.0946977138519287
2001-11-21,3.1385340690612793
2001-11-22,3.0245630741119385
2001-11-23,3.112231969833374
2001-11-26,3.2437336444854736
2001-11-27,3.2612690925598145
2001-11-28,3.322636127471924
2001-11-29,3.2349674701690674
2001-11-30,3.3314034938812256
2001-12-03,3.559340476989746
2001-12-04,3.7697463035583496
2001-12-05,3.752211809158325
2001-12-06,3.81358003616333
2001-12-07,3.9187827110290527
2001-12-10,3.7259113788604736
2001-12-11,3.6820778846740723
2001-12-12,3.9187827110290527
2001-12-13,3.9100148677825928
2001-12-14,3.980149984359741
2001-12-17,3.7346785068511963
2001-12-18,3.5505735874176025
2001-12-19,3.5505735874176025
2001-12-20,3.655775785446167
2001-12-21,3.5681073665618896
2001-12-24,3.6645431518554688
2001-12-25,3.9187827110290527
2001-12-26,3.8486483097076416
2001-12-27,3.7346785068511963
2001-12-28,3.8223471641540527
2001-12-31,4.085352420806885
2002-01-01,4.085352420806885
2002-01-02,4.129186630249023
2002-01-03,4.129186630249023
2002-01-04,4.339592456817627
2002-01-07,4.602596759796143
2002-01-08,4.427258491516113
2002-01-09,4.471095085144043
2002-01-10,4.383426189422607
2002-01-11,4.129186630249023
2002-01-14,4.286990165710449
2002-01-15,4.251923561096191
2002-01-16,4.032750606536865
2002-01-17,4.181787967681885
2002-01-18,4.059051513671875
2002-01-21,4.322057247161865
2002-01-22,4.216856002807617
2002-01-23,4.173020839691162
2002-01-24,4.1116533279418945
2002-01-25,4.383426189422607
2002-01-28,4.286990165710449
2002-01-29,4.181787967681885
2002-01-30,4.269455909729004
2002-01-31,4.269455909729004
2002-02-01,4.427258491516113
2002-02-04,4.313289642333984
2002-02-05,4.427258491516113
2002-02-06,4.383426189422607
2002-02-07,4.383426189422607
2002-02-08,4.383426189422607
2002-02-11,4.383426189422607
2002-02-12,4.383426189422607
2002-02-13,4.383426189422607
2002-02-14,4.383426189422607
2002-02-15,4.383426189422607
2002-02-18,4.295756816864014
2002-02-19,4.216856002807617
2002-02-20,4.129186630249023
2002-02-21,4.00645112991333
2002-02-22,3.9450838565826416
2002-02-25,3.743445634841919
2002-02-26,3.7697463035583496
2002-02-27,3.9538486003875732
2002-02-28,3.9538486003875732
2002-03-01,3.9187827110290527
2002-03-04,4.00645112991333
2002-03-05,4.190554618835449
2002-03-06,4.251923561096191
2002-03-07,4.322057247161865
2002-03-08,4.137953758239746
2002-03-11,4.427258491516113
2002-03-12,4.734099864959717
2002-03-13,4.471095085144043
2002-03-14,4.427258491516113
2002-03-15,4.295756816864014
2002-03-18,4.514926433563232
2002-03-19,4.374658107757568
2002-03-20,4.471095085144043
2002-03-21,4.558762550354004
2002-03-22,4.6902642250061035
2002-03-25,4.646430969238281
2002-03-26,4.646430969238281
2002-03-27,4.383426189422607
2002-03-28,4.374658107757568
2002-03-29,4.427258491516113
2002-04-01,4.427258491516113
2002-04-02,4.471095085144043
2002-04-03,4.471095085144043
2002-04-04,4.471095085144043
2002-04-05,4.471095085144043
2002-04-08,4.260689735412598
2002-04-09,4.339592456817627
2002-04-10,4.339592456817627
2002-04-11,4.304523944854736
2002-04-12,4.427258491516113
2002-04-15,4.383426189422607
2002-04-16,4.471095085144043
2002-04-17,4.427258491516113
2002-04-18,4.514926433563232
2002-04-19,4.471095085144043
2002-04-22,4.471095085144043
2002-04-23,4.383426189422607
2002-04-24,4.383426189422607
2002-04-25,4.339592456817627
2002-04-26,4.322057247161865
2002-04-29,4.234389781951904
2002-04-30,4.234389781951904
2002-05-01,4.234389781951904
2002-05-02,4.269455909729004
2002-05-03,4.365891933441162
2002-05-06,4.146720886230469
2002-05-07,4.216856002807617
2002-05-08,4.208087921142578
2002-05-09,4.164255142211914
2002-05-10,4.181787967681885
2002-05-13,4.120419979095459
2002-05-14,4.173020839691162
2002-05-15,4.260689735412598
2002-05-16,4.164255142211914
2002-05-17,4.181787967681885
2002-05-20,4.032750606536865
2002-05-21,3.9450838565826416
2002-05-22,4.0678181648254395
2002-05-23,4.0502848625183105
2002-05-24,4.181787967681885
2002-05-27,4.164255142211914
2002-05-28,4.155487537384033
2002-05-29,4.076584815979004
2002-05-30,4.155487537384033
2002-05-31,4.208087921142578
2002-06-03,4.304523944854736
2002-06-04,4.295756816864014
2002-06-05,4.269455909729004
2002-06-06,4.251923561096191
2002-06-07,4.094119548797607
2002-06-10,4.173020839691162
2002-06-11,4.076584815979004
2002-06-12,4.137953758239746
2002-06-13,4.225622177124023
2002-06-14,4.208087921142578
2002-06-17,4.129186630249023
2002-06-18,4.076584815979004
2002-06-19,3.81358003616333
2002-06-20,3.8048126697540283
2002-06-21,3.7259113788604736
2002-06-24,3.4716737270355225
2002-06-25,3.5505735874176025
2002-06-26,3.8564453125
2002-06-27,4.0102620124816895
2002-06-28,4.2080302238464355
2002-07-01,4.043223857879639
2002-07-02,4.120132923126221
2002-07-03,4.361847400665283
2002-07-04,4.31790018081665
2002-07-05,4.372835159301758
2002-07-08,4.427770137786865
2002-07-09,4.350861549377441
2002-07-10,4.372835159301758
2002-07-11,4.372835159301758
2002-07-12,4.53764009475708
2002-07-15,4.52665376663208
2002-07-16,4.361847400665283
2002-07-17,4.405796051025391
2002-07-18,4.405796051025391
2002-07-19,4.383821964263916
2002-07-22,4.306914329528809
2002-07-23,4.5046796798706055
2002-07-24,4.52665376663208
2002-07-25,4.647510528564453
2002-07-26,4.482706069946289
2002-07-29,4.52665376663208
2002-07-30,4.724420547485352
2002-07-31,4.6914591789245605
2002-08-01,4.592574596405029
2002-08-02,4.658498764038086
2002-08-05,4.339874744415283
2002-08-06,4.339874744415283
2002-08-07,4.449744701385498
2002-08-08,4.592574596405029
2002-08-09,4.823303699493408
2002-08-12,4.801328659057617
2002-08-13,4.735406875610352
2002-08-14,4.88922643661499
2002-08-15,5.076005458831787
2002-08-16,5.163899898529053
2002-08-19,5.108964920043945
2002-08-20,5.086993217468262
2002-08-21,5.086993217468262
2002-08-22,5.0979790687561035
2002-08-23,5.0979790687561035
2002-08-26,5.196861267089844
2002-08-27,5.054032325744629
2002-08-28,4.900212287902832
2002-08-29,4.966134548187256
2002-08-30,4.955148696899414
2002-09-02,4.9771223068237305
2002-09-03,5.086993217468262
2002-09-04,5.086993217468262
2002-09-05,4.88922643661499
2002-09-06,4.88922643661499
2002-09-09,4.9771223068237305
2002-09-10,5.317718029022217
2002-09-11,5.41660213470459
2002-09-12,5.41660213470459
2002-09-13,5.4385762214660645
2002-09-16,5.185875415802002
2002-09-17,5.548446178436279
2002-09-18,5.372654438018799
2002-09-19,5.295745849609375
2002-09-20,5.295745849609375
2002-09-23,5.163899898529053
2002-09-24,5.218835353851318
2002-09-25,5.076005458831787
2002-09-26,5.0320563316345215
2002-09-27,4.878238677978516
2002-09-30,4.878238677978516
2002-10-01,4.878238677978516
2002-10-02,4.900212287902832
2002-10-03,4.944160461425781
2002-10-04,4.966134548187256
2002-10-07,4.746395587921143
2002-10-08,4.790340900421143
2002-10-09,4.669484615325928
2002-10-10,4.669484615325928
2002-10-11,4.647510528564453
2002-10-14,4.801328659057617
2002-10-15,5.130940914154053
2002-10-16,5.130940914154053
2002-10-17,5.218835353851318
2002-10-18,5.251796722412109
2002-10-21,5.603381156921387
2002-10-22,5.471538066864014
2002-10-23,5.823122024536133
2002-10-24,6.0428619384765625
2002-10-25,5.932992458343506
2002-10-28,5.71325159072876
2002-10-29,5.878058433532715
2002-10-30,5.768187046051025
2002-10-31,6.152733325958252
2002-11-01,6.0428619384765625
2002-11-04,6.0428619384765625
2002-11-05,5.932992458343506
2002-11-06,6.317538261413574
2002-11-07,6.317538261413574
2002-11-08,6.262603282928467
2002-11-11,5.987926006317139
2002-11-12,6.152733325958252
2002-11-13,6.0428619384765625
2002-11-14,5.987926006317139
2002-11-15,5.987926006317139
2002-11-18,6.0428619384765625
2002-11-19,5.987926006317139
2002-11-20,5.71325159072876
2002-11-21,5.603381156921387
2002-11-22,5.987926006317139
2002-11-25,6.097797393798828
2002-11-26,5.878058433532715
2002-11-27,5.768187046051025
2002-11-28,5.878058433532715
2002-11-29,6.0428619384765625
2002-12-02,6.0428619384765625
2002-12-03,6.207667827606201
2002-12-04,6.097797393798828
2002-12-05,6.0428619384765625
2002-12-06,6.0428619384765625
2002-12-09,6.207667827606201
2002-12-10,5.987926006317139
2002-12-11,5.768187046051025
2002-12-12,5.768187046051025
2002-12-13,5.878058433532715
2002-12-16,6.097797393798828
2002-12-17,6.0428619384765625
2002-12-18,5.932992458343506
2002-12-19,6.097797393798828
2002-12-20,6.317538261413574
2002-12-23,6.262603282928467
2002-12-24,6.097797393798828
2002-12-25,5.932992458343506
2002-12-26,5.932992458343506
2002-12-27,5.878058433532715
2002-12-30,5.71325159072876
2002-12-31,5.768187046051025
2003-01-01,5.768187046051025
2003-01-02,5.823122024536133
2003-01-03,5.878058433532715
2003-01-06,5.768187046051025
2003-01-07,5.823122024536133
2003-01-08,6.0428619384765625
2003-01-09,5.823122024536133
2003-01-10,5.932992458343506
2003-01-13,6.317538261413574
2003-01-14,6.262603282928467
2003-01-15,6.262603282928467
2003-01-16,6.0428619384765625
2003-01-17,5.987926006317139
2003-01-20,6.0428619384765625
2003-01-21,5.987926006317139
2003-01-22,5.768187046051025
2003-01-23,5.823122024536133
2003-01-24,5.823122024536133
2003-01-27,5.878058433532715
2003-01-28,5.823122024536133
2003-01-29,5.823122024536133
2003-01-30,5.823122024536133
2003-01-31,5.823122024536133
2003-02-03,5.823122024536133
2003-02-04,5.823122024536133
2003-02-05,5.823122024536133
2003-02-06,5.548446178436279
2003-02-07,5.548446178436279
2003-02-10,5.460549831390381
2003-02-11,5.493511199951172
2003-02-12,5.449563980102539
2003-02-13,5.32870626449585
2003-02-14,5.295745849609375
2003-02-17,5.658318042755127
2003-02-18,5.768187046051025
2003-02-19,5.658318042755127
2003-02-20,5.548446178436279
2003-02-21,5.548446178436279
2003-02-24,5.548446178436279
2003-02-25,5.361668109893799
2003-02-26,5.394629001617432
2003-02-27,5.339693546295166
2003-02-28,5.339693546295166
2003-03-03,5.4385762214660645
2003-03-04,5.383640766143799
2003-03-05,5.32870626449585
2003-03-06,5.2737717628479
2003-03-07,5.240810871124268
2003-03-10,5.054032325744629
2003-03-11,4.9771223068237305
2003-03-12,5.086993217468262
2003-03-13,5.185875415802002
2003-03-14,5.2627854347229
2003-03-17,5.163899898529053
2003-03-18,5.4825239181518555
2003-03-19,5.383640766143799
2003-03-20,5.603381156921387
2003-03-21,5.603381156921387
2003-03-24,5.4385762214660645
2003-03-25,5.350679874420166
2003-03-26,5.460549831390381
2003-03-27,5.548446178436279
2003-03-28,5.493511199951172
2003-03-31,5.32870626449585
2003-04-01,5.383640766143799
2003-04-02,5.306733131408691
2003-04-03,5.2737717628479
2003-04-04,5.339693546295166
2003-04-07,5.383640766143799
2003-04-08,5.449563980102539
2003-04-09,5.427588939666748
2003-04-10,5.4825239181518555
2003-04-11,5.4825239181518555
2003-04-14,5.339693546295166
2003-04-15,5.339693546295166
2003-04-16,5.41660213470459
2003-04-17,5.394629001617432
2003-04-18,5.493511199951172
2003-04-21,5.471538066864014
2003-04-22,5.350679874420166
2003-04-23,5.4385762214660645
2003-04-24,5.2627854347229
2003-04-25,4.900212287902832
2003-04-28,4.559614658355713
2003-04-29,4.592574596405029
2003-04-30,4.5046796798706055
2003-05-01,4.5046796798706055
2003-05-02,4.394810676574707
2003-05-05,4.339874744415283
2003-05-06,4.603562831878662
2003-05-07,4.779355525970459
2003-05-08,4.724420547485352
2003-05-09,4.724420547485352
2003-05-12,4.779355525970459
2003-05-13,4.845277309417725
2003-05-14,4.900212287902832
2003-05-15,4.834290504455566
2003-05-16,4.801328659057617
2003-05-19,4.658498764038086
2003-05-20,4.592574596405029
2003-05-21,4.559614658355713
2003-05-22,4.669484615325928
2003-05-23,4.955148696899414
2003-05-26,5.152915000915527
2003-05-27,5.108964920043945
2003-05-28,5.218835353851318
2003-05-29,5.32870626449585
2003-05-30,5.32870626449585
2003-06-02,5.317718029022217
2003-06-03,5.163899898529053
2003-06-04,5.163899898529053
2003-06-05,5.229822635650635
2003-06-06,5.350679874420166
2003-06-09,5.350679874420166
2003-06-10,5.350679874420166
2003-06-11,5.493511199951172
2003-06-12,5.493511199951172
2003-06-13,5.548446178436279
2003-06-16,5.394629001617432
2003-06-17,5.361668109893799
2003-06-18,5.383640766143799
2003-06-19,5.548446178436279
2003-06-20,5.460549831390381
2003-06-23,5.40561580657959
2003-06-24,5.361668109893799
2003-06-25,5.383640766143799
2003-06-26,5.350679874420166
2003-06-27,5.350679874420166
2003-06-30,5.32870626449585
2003-07-01,5.4385762214660645
2003-07-02,5.768187046051025
2003-07-03,5.932992458343506
2003-07-04,6.0428619384765625
2003-07-07,6.0428619384765625
2003-07-08,6.152733325958252
2003-07-09,5.932992458343506
2003-07-10,5.823122024536133
2003-07-11,6.0428619384765625
2003-07-14,6.427409648895264
2003-07-15,6.433740139007568
2003-07-16,6.558666706085205
2003-07-17,6.246347427368164
2003-07-18,6.233857154846191
2003-07-21,6.246347427368164
2003-07-22,6.371277809143066
2003-07-23,6.433740139007568
2003-07-24,6.683594703674316
2003-07-25,6.62113094329834
2003-07-28,6.808521270751953
2003-07-29,6.933448791503906
2003-07-30,6.62113094329834
2003-07-31,6.683594703674316
2003-08-01,6.746058940887451
2003-08-04,6.558666706085205
2003-08-05,6.496203422546387
2003-08-06,6.371277809143066
2003-08-07,6.496203422546387
2003-08-08,6.433740139007568
2003-08-11,6.246347427368164
2003-08-12,6.433740139007568
2003-08-13,6.683594703674316
2003-08-14,6.433740139007568
2003-08-15,6.433740139007568
2003-08-18,6.496203422546387
2003-08-19,6.496203422546387
2003-08-20,6.496203422546387
2003-08-21,6.558666706085205
2003-08-22,6.433740139007568
2003-08-25,6.433740139007568
2003-08-26,6.496203422546387
2003-08-27,6.496203422546387
2003-08-28,6.308812618255615
2003-08-29,6.433740139007568
2003-09-01,6.308812618255615
2003-09-02,6.371277809143066
2003-09-03,6.433740139007568
2003-09-04,6.308812618255615
2003-09-05,6.433740139007568
2003-09-08,6.371277809143066
2003-09-09,6.308812618255615
2003-09-10,6.371277809143066
2003-09-11,6.371277809143066
2003-09-12,6.683594703674316
2003-09-15,6.558666706085205
2003-09-16,6.558666706085205
2003-09-17,6.496203422546387
2003-09-18,6.558666706085205
2003-09-19,6.496203422546387
2003-09-22,6.433740139007568
2003-09-23,6.371277809143066
2003-09-24,6.371277809143066
2003-09-25,6.308812618255615
2003-09-26,6.12142276763916
2003-09-29,6.12142276763916
2003-09-30,5.996496200561523
2003-10-01,5.959017753601074
2003-10-02,6.021482467651367
2003-10-03,6.096436977386475
2003-10-06,6.246347427368164
2003-10-07,6.246347427368164
2003-10-08,6.2213640213012695
2003-10-09,6.208871841430664
2003-10-10,6.208871841430664
2003-10-13,6.246347427368164
2003-10-14,6.158900737762451
2003-10-15,6.208871841430664
2003-10-16,6.246347427368164
2003-10-17,6.208871841430664
2003-10-20,6.246347427368164
2003-10-21,6.208871841430664
2003-10-22,6.308812618255615
2003-10-23,6.208871841430664
2003-10-24,6.246347427368164
2003-10-27,6.2213640213012695
2003-10-28,6.371277809143066
2003-10-29,6.371277809143066
2003-10-30,6.371277809143066
2003-10-31,6.246347427368164
2003-11-03,6.196378707885742
2003-11-04,6.308812618255615
2003-11-05,6.208871841430664
2003-11-06,6.04646635055542
2003-11-07,6.108929634094238
2003-11-10,6.208871841430664
2003-11-11,6.1464080810546875
2003-11-12,6.096436977386475
2003-11-13,6.096436977386475
2003-11-14,6.133914947509766
2003-11-17,6.246347427368164
2003-11-18,6.1464080810546875
2003-11-19,6.133914947509766
2003-11-20,5.859077453613281
2003-11-21,5.771627426147461
2003-11-24,5.696671009063721
2003-11-25,5.709162712097168
2003-11-26,5.821598052978516
2003-11-27,5.821598052978516
2003-11-28,5.859077453613281
2003-12-01,5.959017753601074
2003-12-02,6.008986949920654
2003-12-03,6.008986949920654
2003-12-04,6.108929634094238
2003-12-05,6.171392440795898
2003-12-08,6.03397274017334
2003-12-09,5.959017753601074
2003-12-10,5.984003067016602
2003-12-11,6.021482467651367
2003-12-12,6.008986949920654
2003-12-15,6.008986949920654
2003-12-16,5.9465227127075195
2003-12-17,5.859077453613281
2003-12-18,5.846583366394043
2003-12-19,5.80910587310791
2003-12-22,5.821598052978516
2003-12-23,5.771627426147461
2003-12-24,5.771627426147461
2003-12-25,5.721656799316406
2003-12-26,5.74664306640625
2003-12-29,5.721656799316406
2003-12-30,5.74664306640625
2003-12-31,5.74664306640625
2004-01-01,5.74664306640625
2004-01-02,5.846583366394043
2004-01-05,5.871568202972412
2004-01-06,5.884062767028809
2004-01-07,5.796614170074463
2004-01-08,5.796614170074463
2004-01-09,6.12142276763916
2004-01-12,6.021482467651367
2004-01-13,5.996496200561523
2004-01-14,6.008986949920654
2004-01-15,6.008986949920654
2004-01-16,5.959017753601074
2004-01-19,5.959017753601074
2004-01-20,5.959017753601074
2004-01-21,5.959017753601074
2004-01-22,5.959017753601074
2004-01-23,5.959017753601074
2004-01-26,5.959017753601074
2004-01-27,6.2213640213012695
2004-01-28,6.308812618255615
2004-01-29,6.246347427368164
2004-01-30,6.371277809143066
2004-02-02,6.496203422546387
2004-02-03,6.371277809143066
2004-02-04,6.433740139007568
2004-02-05,6.496203422546387
2004-02-06,6.62113094329834
2004-02-09,6.746058940887451
2004-02-10,6.870984077453613
2004-02-11,6.870984077453613
2004-02-12,6.933448791503906
2004-02-13,6.808521270751953
2004-02-16,6.870984077453613
2004-02-17,6.933448791503906
2004-02-18,6.808521270751953
2004-02-19,7.058373928070068
2004-02-20,7.058373928070068
2004-02-23,6.933448791503906
2004-02-24,6.995909690856934
2004-02-25,7.183303356170654
2004-02-26,7.308229446411133
2004-02-27,7.245765209197998
2004-03-01,7.4331560134887695
2004-03-02,7.4331560134887695
2004-03-03,7.4331560134887695
2004-03-04,7.558082103729248
2004-03-05,7.932864665985107
2004-03-08,7.4956183433532715
2004-03-09,7.995328426361084
2004-03-10,7.683009147644043
2004-03-11,7.870400905609131
2004-03-12,7.683009147644043
2004-03-15,7.4956183433532715
2004-03-16,7.4331560134887695
2004-03-17,7.4956183433532715
2004-03-18,7.4956183433532715
2004-03-19,7.7454729080200195
2004-03-22,7.245765209197998
2004-03-23,6.933448791503906
2004-03-24,7.245765209197998
2004-03-25,7.120838642120361
2004-03-26,7.245765209197998
2004-03-29,7.7454729080200195
2004-03-30,7.932864665985107
2004-03-31,7.995328426361084
2004-04-01,8.057791709899902
2004-04-02,7.7454729080200195
2004-04-05,7.7454729080200195
2004-04-06,7.7454729080200195
2004-04-07,7.870400905609131
2004-04-08,7.932864665985107
2004-04-09,7.7454729080200195
2004-04-12,7.807938098907471
2004-04-13,7.620547294616699
2004-04-14,7.558082103729248
2004-04-15,7.620547294616699
2004-04-16,7.620547294616699
2004-04-19,7.370693683624268
2004-04-20,7.4331560134887695
2004-04-21,7.4956183433532715
2004-04-22,7.370693683624268
2004-04-23,7.4331560134887695
2004-04-26,7.308229446411133
2004-04-27,7.308229446411133
2004-04-28,7.245765209197998
2004-04-29,6.870984077453613
2004-04-30,6.433740139007568
2004-05-03,6.246347427368164
2004-05-04,6.433740139007568
2004-05-05,6.246347427368164
2004-05-06,6.183887481689453
2004-05-07,6.371277809143066
2004-05-10,6.196378707885742
2004-05-11,6.62113094329834
2004-05-12,6.870984077453613
2004-05-13,6.433740139007568
2004-05-14,6.371277809143066
2004-05-17,5.934031963348389
2004-05-18,5.984003067016602
2004-05-19,6.371277809143066
2004-05-20,6.371277809143066
2004-05-21,6.746058940887451
2004-05-24,6.683594703674316
2004-05-25,6.62113094329834
2004-05-26,6.870984077453613
2004-05-27,6.995909690856934
2004-05-28,7.245765209197998
2004-05-31,6.933448791503906
2004-06-01,6.933448791503906
2004-06-02,6.683594703674316
2004-06-03,6.246347427368164
2004-06-04,6.133914947509766
2004-06-07,6.558666706085205
2004-06-08,6.870984077453613
2004-06-09,6.808521270751953
2004-06-10,6.496203422546387
2004-06-11,6.04646635055542
2004-06-14,6.158900737762451
2004-06-15,6.558666706085205
2004-06-16,6.246347427368164
2004-06-17,6.308812618255615
2004-06-18,6.496203422546387
2004-06-21,6.371277809143066
2004-06-22,6.371277809143066
2004-06-23,6.496203422546387
2004-06-24,6.558666706085205
2004-06-25,6.558666706085205
2004-06-28,6.433740139007568
2004-06-29,6.558666706085205
2004-06-30,6.808521270751953
2004-07-01,6.746058940887451
2004-07-02,6.371277809143066
2004-07-05,6.308812618255615
2004-07-06,6.496203422546387
2004-07-07,6.558666706085205
2004-07-08,6.496203422546387
2004-07-09,6.433740139007568
2004-07-12,6.371277809143066
2004-07-13,6.246347427368164
2004-07-14,6.183887481689453
2004-07-15,6.196378707885742
2004-07-16,6.208871841430664
2004-07-19,6.2213640213012695
2004-07-20,6.083943843841553
2004-07-21,6.183887481689453
2004-07-22,6.308812618255615
2004-07-23,6.371277809143066
2004-07-26,6.246347427368164
2004-07-27,6.371277809143066
2004-07-28,6.308812618255615
2004-07-29,6.246347427368164
2004-07-30,6.433740139007568
2004-08-02,6.308812618255615
2004-08-03,6.371277809143066
2004-08-04,6.371277809143066
2004-08-05,6.808521270751953
2004-08-06,6.995909690856934
2004-08-09,7.806490421295166
2004-08-10,7.74315071105957
2004-08-11,7.774819374084473
2004-08-12,7.774819374084473
2004-08-13,7.7273173332214355
2004-08-16,7.6323089599609375
2004-08-17,7.568968296051025
2004-08-18,7.774819374084473
2004-08-19,7.996505260467529
2004-08-20,7.917330265045166
2004-08-23,8.075679779052734
2004-08-24,8.075679779052734
2004-08-25,8.075679779052734
2004-08-26,8.154852867126465
2004-08-27,8.154852867126465
2004-08-30,8.234025955200195
2004-08-31,7.996505260467529
2004-09-01,8.075679779052734
2004-09-02,8.075679779052734
2004-09-03,7.648143768310547
2004-09-06,7.568968296051025
2004-09-07,7.600637912750244
2004-09-08,7.790656566619873
2004-09-09,7.901498794555664
2004-09-10,7.82232141494751
2004-09-13,7.790656566619873
2004-09-14,7.695647239685059
2004-09-15,7.758986949920654
2004-09-16,7.695647239685059
2004-09-17,7.758986949920654
2004-09-20,7.838159084320068
2004-09-21,7.806490421295166
2004-09-22,7.806490421295166
2004-09-23,7.711483001708984
2004-09-24,7.7273173332214355
2004-09-27,7.663977146148682
2004-09-28,7.663977146148682
2004-09-29,7.663977146148682
2004-09-30,7.679812908172607
2004-10-01,7.711483001708984
2004-10-04,7.758986949920654
2004-10-05,7.679812908172607
2004-10-06,7.7273173332214355
2004-10-07,7.663977146148682
2004-10-08,7.553133487701416
2004-10-11,7.537298202514648
2004-10-12,7.489796161651611
2004-10-13,7.473960876464844
2004-10-14,7.521468162536621
2004-10-15,7.553133487701416
2004-10-18,7.553133487701416
2004-10-19,7.74315071105957
2004-10-20,7.7273173332214355
2004-10-21,7.790656566619873
2004-10-22,7.758986949920654
2004-10-25,7.758986949920654
2004-10-26,7.521468162536621
2004-10-27,7.553133487701416
2004-10-28,7.458126544952393
2004-10-29,7.584802627563477
2004-11-01,7.584802627563477
2004-11-02,7.584802627563477
2004-11-03,7.648143768310547
2004-11-04,7.648143768310547
2004-11-05,7.7273173332214355
2004-11-08,7.711483001708984
2004-11-09,7.521468162536621
2004-11-10,7.3631205558776855
2004-11-11,7.283944606781006
2004-11-12,7.42645788192749
2004-11-15,7.568968296051025
2004-11-16,7.521468162536621
2004-11-17,7.663977146148682
2004-11-18,7.679812908172607
2004-11-19,7.553133487701416
2004-11-22,7.283944606781006
2004-11-23,7.331448554992676
2004-11-24,7.442292213439941
2004-11-25,7.473960876464844
2004-11-26,7.473960876464844
2004-11-29,7.473960876464844
2004-11-30,7.521468162536621
2004-12-01,7.489796161651611
2004-12-02,7.600637912750244
2004-12-03,7.537298202514648
2004-12-06,7.553133487701416
2004-12-07,7.568968296051025
2004-12-08,7.5056304931640625
2004-12-09,7.3631205558776855
2004-12-10,7.42645788192749
2004-12-13,7.331448554992676
2004-12-14,7.3631205558776855
2004-12-15,7.378952503204346
2004-12-16,7.442292213439941
2004-12-17,7.442292213439941
2004-12-20,7.521468162536621
2004-12-21,7.568968296051025
2004-12-22,7.489796161651611
2004-12-23,7.5056304931640625
2004-12-24,7.394786357879639
2004-12-27,7.347283840179443
2004-12-28,7.4106245040893555
2004-12-29,7.4106245040893555
2004-12-30,7.442292213439941
2004-12-31,7.42645788192749
2005-01-03,7.4106245040893555
2005-01-04,7.3631205558776855
2005-01-05,7.1572699546813965
2005-01-06,7.188938140869141
2005-01-07,7.220605850219727
2005-01-10,7.220605850219727
2005-01-11,7.25227689743042
2005-01-12,7.283944606781006
2005-01-13,7.1097636222839355
2005-01-14,7.188938140869141
2005-01-17,7.220605850219727
2005-01-18,7.188938140869141
2005-01-19,7.1572699546813965
2005-01-20,7.1572699546813965
2005-01-21,7.125598430633545
2005-01-24,7.1097636222839355
2005-01-25,7.062259674072266
2005-01-26,6.840573310852051
2005-01-27,6.951419830322266
2005-01-28,7.014756679534912
2005-01-31,7.125598430633545
2005-02-01,7.188938140869141
2005-02-02,7.1414313316345215
2005-02-03,7.188938140869141
2005-02-04,7.188938140869141
2005-02-07,7.188938140869141
2005-02-08,7.188938140869141
2005-02-09,7.188938140869141
2005-02-10,7.188938140869141
2005-02-11,7.188938140869141
2005-02-14,7.489796161651611
2005-02-15,7.521468162536621
2005-02-16,7.521468162536621
2005-02-17,7.5056304931640625
2005-02-18,7.648143768310547
2005-02-21,7.758986949920654
2005-02-22,7.600637912750244
2005-02-23,7.331448554992676
2005-02-24,7.299780368804932
2005-02-25,7.3631205558776855
2005-02-28,7.3631205558776855
2005-03-01,7.489796161651611
2005-03-02,7.442292213439941
2005-03-03,7.394786357879639
2005-03-04,7.331448554992676
2005-03-07,7.35520076751709
2005-03-08,7.315615653991699
2005-03-09,7.442292213439941
2005-03-10,7.442292213439941
2005-03-11,7.648143768310547
2005-03-14,7.671894550323486
2005-03-15,7.521468162536621
2005-03-16,7.687728404998779
2005-03-17,7.600637912750244
2005-03-18,7.402706623077393
2005-03-21,7.553133487701416
2005-03-22,7.378952503204346
2005-03-23,7.394786357879639
2005-03-24,7.299780368804932
2005-03-25,7.394786357879639
2005-03-28,7.30769681930542
2005-03-29,7.758986949920654
2005-03-30,7.758986949920654
2005-03-31,7.6323089599609375
2005-04-01,7.74315071105957
2005-04-04,7.81440544128418
2005-04-05,7.81440544128418
2005-04-06,7.758986949920654
2005-04-07,7.790656566619873
2005-04-08,7.877747058868408
2005-04-11,7.877747058868408
2005-04-12,7.774819374084473
2005-04-13,7.695647239685059
2005-04-14,7.7510666847229
2005-04-15,7.711483001708984
2005-04-18,7.600637912750244
2005-04-19,7.568968296051025
2005-04-20,7.6323089599609375
2005-04-21,7.553133487701416
2005-04-22,7.442292213439941
2005-04-25,7.283944606781006
2005-04-26,7.291861534118652
2005-04-27,7.268111228942871
2005-04-28,7.283944606781006
2005-04-29,7.790656566619873
2005-05-02,7.790656566619873
2005-05-03,7.268111228942871
2005-05-04,7.386872291564941
2005-05-05,7.442292213439941
2005-05-06,7.315615653991699
2005-05-09,7.283944606781006
2005-05-10,7.133516311645508
2005-05-11,7.204771995544434
2005-05-12,7.204771995544434
2005-05-13,7.283944606781006
2005-05-16,7.188938140869141
2005-05-17,7.188938140869141
2005-05-18,7.26019287109375
2005-05-19,7.394786357879639
2005-05-20,7.331448554992676
2005-05-23,7.220605850219727
2005-05-24,7.25227689743042
2005-05-25,7.37103796005249
2005-05-26,7.5056304931640625
2005-05-27,7.5056304931640625
2005-05-30,7.489796161651611
2005-05-31,7.42645788192749
2005-06-01,7.347283840179443
2005-06-02,7.458126544952393
2005-06-03,7.442292213439941
2005-06-06,7.42645788192749
2005-06-07,7.489796161651611
2005-06-08,7.458126544952393
2005-06-09,7.434374809265137
2005-06-10,7.3235321044921875
2005-06-13,7.30769681930542
2005-06-14,7.402706623077393
2005-06-15,7.473960876464844
2005-06-16,7.521468162536621
2005-06-17,7.394786357879639
2005-06-20,7.458126544952393
2005-06-21,7.481878280639648
2005-06-22,7.648143768310547
2005-06-23,7.608555793762207
2005-06-24,7.450209140777588
2005-06-27,7.35520076751709
2005-06-28,7.35520076751709
2005-06-29,7.378952503204346
2005-06-30,7.299780368804932
2005-07-01,7.3235321044921875
2005-07-04,7.37103796005249
2005-07-05,7.283944606781006
2005-07-06,7.283944606781006
2005-07-07,7.276029109954834
2005-07-08,7.291861534118652
2005-07-11,7.394786357879639
2005-07-12,7.521468162536621
2005-07-13,7.521468162536621
2005-07-14,7.74315071105957
2005-07-15,7.648143768310547
2005-07-18,7.648143768310547
2005-07-19,7.545216083526611
2005-07-20,7.695647239685059
2005-07-21,7.6323089599609375
2005-07-22,7.74315071105957
2005-07-25,7.7510666847229
2005-07-26,7.592721462249756
2005-07-27,7.4106245040893555
2005-07-28,7.481878280639648
2005-07-29,7.291861534118652
2005-08-01,7.26019287109375
2005-08-02,7.173102378845215
2005-08-03,7.25227689743042
2005-08-04,7.315615653991699
2005-08-05,7.315615653991699
2005-08-08,7.204771995544434
2005-08-09,7.236440181732178
2005-08-10,7.173102378845215
2005-08-11,7.220605850219727
2005-08-12,7.228526592254639
2005-08-15,6.808905601501465
2005-08-16,7.699882984161377
2005-08-17,7.818341255187988
2005-08-18,7.838089466094971
2005-08-19,7.759111404418945
2005-08-22,7.699882984161377
2005-08-23,7.699882984161377
2005-08-24,7.650524139404297
2005-08-25,7.561679363250732
2005-08-26,7.620910167694092
2005-08-29,7.522192001342773
2005-08-30,7.591293811798096
2005-08-31,7.680139541625977
2005-09-01,7.680139541625977
2005-09-02,7.443220615386963
2005-09-05,7.423476696014404
2005-09-06,7.591293811798096
2005-09-07,7.877569675445557
2005-09-08,7.897313117980957
2005-09-09,7.907186985015869
2005-09-12,7.976288795471191
2005-09-13,7.907186985015869
2005-09-14,7.847957611083984
2005-09-15,7.818341255187988
2005-09-16,7.847957611083984
2005-09-19,7.857827663421631
2005-09-20,7.917057991027832
2005-09-21,7.917057991027832
2005-09-22,7.897313117980957
2005-09-23,7.877569675445557
2005-09-26,7.88744592666626
2005-09-27,7.897313117980957
2005-09-28,7.956544399261475
2005-09-29,9.577469825744629
2005-09-30,9.771299362182617
2005-10-03,9.212615013122559
2005-10-04,9.440649032592773
2005-10-05,9.474854469299316
2005-10-06,9.691487312316895
2005-10-07,9.623077392578125
2005-10-10,8.33166790008545
2005-10-11,9.794102668762207
2005-10-12,9.691487312316895
2005-10-13,9.429248809814453
2005-10-14,9.429248809814453
2005-10-17,9.121399879455566
2005-10-18,9.121399879455566
2005-10-19,9.121399879455566
2005-10-20,9.258220672607422
2005-10-21,9.14420223236084
2005-10-24,9.38364028930664
2005-10-25,9.463452339172363
2005-10-26,9.520462036132812
2005-10-27,9.303826332092285
2005-10-28,9.246819496154785
2005-10-31,9.258220672607422
2005-11-01,9.258220672607422
2005-11-02,9.246819496154785
2005-11-03,9.303826332092285
2005-11-04,9.45205020904541
2005-11-07,9.201211929321289
2005-11-08,9.235416412353516
2005-11-09,9.269622802734375
2005-11-10,9.064391136169434
2005-11-11,9.030187606811523
2005-11-14,9.007383346557617
2005-11-15,8.938971519470215
2005-11-16,8.938971519470215
2005-11-17,8.80215072631836
2005-11-18,8.82495403289795
2005-11-21,8.893362998962402
2005-11-22,8.893362998962402
2005-11-23,8.779348373413086
2005-11-24,8.67673110961914
2005-11-25,8.67673110961914
2005-11-28,8.790746688842773
2005-11-29,8.847757339477539
2005-11-30,9.007383346557617
2005-12-01,8.836356163024902
2005-12-02,8.767945289611816
2005-12-05,8.916169166564941
2005-12-06,8.927570343017578
2005-12-07,9.007383346557617
2005-12-08,9.167007446289062
2005-12-09,9.315229415893555
2005-12-12,9.246819496154785
2005-12-13,9.052987098693848
2005-12-14,9.109997749328613
2005-12-15,9.09859561920166
2005-12-16,9.40644359588623
2005-12-19,9.40644359588623
2005-12-20,9.395042419433594
2005-12-21,9.543266296386719
2005-12-22,8.232953071594238
2005-12-23,9.577469825744629
2005-12-26,8.163858413696289
2005-12-27,9.429248809814453
2005-12-28,9.349433898925781
2005-12-29,9.349433898925781
2005-12-30,9.224016189575195
2006-01-02,9.224016189575195
2006-01-03,9.281025886535645
2006-01-04,9.349433898925781
2006-01-05,9.509058952331543
2006-01-06,9.463452339172363
2006-01-09,9.554667472839355
2006-01-10,9.554667472839355
2006-01-11,9.520462036132812
2006-01-12,9.509058952331543
2006-01-13,9.577469825744629
2006-01-16,9.759899139404297
2006-01-17,9.668684005737305
2006-01-18,9.45205020904541
2006-01-19,9.509058952331543
2006-01-20,9.326632499694824
2006-01-23,9.178409576416016
2006-01-24,9.178409576416016
2006-01-25,9.258220672607422
2006-02-03,9.782700538635254
2006-02-06,9.782700538635254
2006-02-07,9.782700538635254
2006-02-08,9.577469825744629
2006-02-09,9.543266296386719
2006-02-10,9.303826332092285
2006-02-13,9.121399879455566
2006-02-14,9.303826332092285
2006-02-15,9.224016189575195
2006-02-16,9.235416412353516
2006-02-17,9.326632499694824
2006-02-20,9.303826332092285
2006-02-21,9.246819496154785
2006-02-22,9.235416412353516
2006-02-23,9.201211929321289
2006-02-24,9.212615013122559
2006-02-27,9.178409576416016
2006-03-01,9.121399879455566
2006-03-02,9.167007446289062
2006-03-03,9.041585922241211
2006-03-06,8.984580039978027
2006-03-07,8.961774826049805
2006-03-08,9.064391136169434
2006-03-09,8.97317886352539
2006-03-10,8.97317886352539
2006-03-13,9.09859561920166
2006-03-14,8.995980262756348
2006-03-15,8.870560646057129
2006-03-16,8.82495403289795
2006-03-17,8.710939407348633
2006-03-20,8.688130378723145
2006-03-21,8.653928756713867
2006-03-22,8.220661163330078
2006-03-23,7.947020053863525
2006-03-24,7.912813663482666
2006-03-27,8.072440147399902
2006-03-28,8.209259033203125
2006-03-29,7.981225490570068
2006-03-30,8.209259033203125
2006-03-31,8.220661163330078
2006-04-03,8.323280334472656
2006-04-04,8.323280334472656
2006-04-06,8.574114799499512
2006-04-07,8.642524719238281
2006-04-10,8.710939407348633
2006-04-11,8.619721412658691
2006-04-12,8.779348373413086
2006-04-13,8.688130378723145
2006-04-14,8.779348373413086
2006-04-17,8.836356163024902
2006-04-18,8.73374080657959
2006-04-19,8.779348373413086
2006-04-20,8.767945289611816
2006-04-21,8.665327072143555
2006-04-24,8.505707740783691
2006-04-25,8.403088569641113
2006-04-26,8.460097312927246
2006-04-27,8.665327072143555
2006-04-28,8.995980262756348
2006-05-02,9.09859561920166
2006-05-03,9.09859561920166
2006-05-04,8.85915756225586
2006-05-05,8.984580039978027
2006-05-08,8.984580039978027
2006-05-09,8.961774826049805
2006-05-10,8.82495403289795
2006-05-11,8.619721412658691
2006-05-12,8.562714576721191
2006-05-15,8.368884086608887
2006-05-16,8.118047714233398
2006-05-17,8.118047714233398
2006-05-18,6.910151481628418
2006-05-19,7.038483619689941
2006-05-22,8.09524154663086
2006-05-23,8.026832580566406
2006-05-24,8.09524154663086
2006-05-25,8.220661163330078
2006-05-26,8.175055503845215
2006-05-29,7.117455959320068
2006-05-30,8.220661163330078
2006-06-01,8.175055503845215
2006-06-02,8.129447937011719
2006-06-05,7.82159948348999
2006-06-06,7.593565940856934
2006-06-07,7.41113805770874
2006-06-08,6.932263374328613
2006-06-09,6.909461498260498
2006-06-12,7.000672817230225
2006-06-13,6.98927116394043
2006-06-14,7.25151252746582
2006-06-15,7.183103084564209
2006-06-16,7.456744194030762
2006-06-19,7.650574684143066
2006-06-20,7.6733784675598145
2006-06-21,7.707581996917725
2006-06-22,7.707581996917725
2006-06-23,7.684781074523926
2006-06-26,7.684781074523926
2006-06-27,7.6961822509765625
2006-06-28,7.6733784675598145
2006-06-29,7.82159948348999
2006-06-30,8.026832580566406
2006-07-03,7.99262809753418
2006-07-04,7.95842170715332
2006-07-05,7.8672075271606445
2006-07-06,7.753190040588379
2006-07-07,7.76459264755249
2006-07-10,7.6619768142700195
2006-07-11,7.593565940856934
2006-07-12,7.479548931121826
2006-07-13,7.308522701263428
2006-07-14,7.126093864440918
2006-07-17,7.023477077484131
2006-07-18,6.199392795562744
2006-07-19,7.194503307342529
2006-07-20,7.297121047973633
2006-07-21,7.342727184295654
2006-07-24,7.25151252746582
2006-07-25,7.342727184295654
2006-07-26,6.4264421463012695
2006-07-27,7.179769992828369
2006-07-28,7.551938056945801
2006-07-31,7.591477394104004
2006-08-01,7.670555114746094
2006-08-02,7.775990962982178
2006-08-03,7.841891288757324
2006-08-04,7.841891288757324
2006-08-07,7.855072498321533
2006-08-08,7.8946099281311035
2006-08-09,7.9868669509887695
2006-08-10,8.092303276062012
2006-08-11,8.03958797454834
2006-08-14,8.079126358032227
2006-08-15,8.06594467163086
2006-08-16,8.079126358032227
2006-08-17,8.052764892578125
2006-08-18,8.013228416442871
2006-08-21,8.000046730041504
2006-08-22,7.881430625915527
2006-08-23,7.828712463378906
2006-08-24,7.749631881713867
2006-08-25,7.749631881713867
2006-08-28,7.670555114746094
2006-08-29,7.657376766204834
2006-08-30,7.9209699630737305
2006-08-31,7.6969146728515625
2006-09-01,7.8023505210876465
2006-09-04,7.8155341148376465
2006-09-05,7.775990962982178
2006-09-06,7.775990962982178
2006-09-07,7.670555114746094
2006-09-08,7.591477394104004
2006-09-11,7.736452102661133
2006-09-12,7.762814044952393
2006-09-13,7.518674373626709
2006-09-14,7.868250370025635
2006-09-15,7.749631881713867
2006-09-18,8.000046730041504
2006-09-19,7.907789707183838
2006-09-20,7.775990962982178
2006-09-21,7.749631881713867
2006-09-22,7.6969146728515625
2006-09-25,7.775990962982178
2006-09-26,7.723275661468506
2006-09-27,7.749631881713867
2006-09-28,7.8023505210876465
2006-09-29,7.775990962982178
2006-10-02,7.749631881713867
2006-10-03,7.775990962982178
2006-10-04,7.6969146728515625
2006-10-05,7.723275661468506
2006-10-09,7.355498790740967
2006-10-11,7.591477394104004
2006-10-12,7.538758754730225
2006-10-13,7.8023505210876465
2006-10-16,8.158202171325684
2006-10-17,8.31635856628418
2006-10-18,8.303179740905762
2006-10-19,8.092303276062012
2006-10-20,8.131845474243164
2006-10-23,8.06594467163086
2006-10-24,8.184562683105469
2006-10-25,8.303179740905762
2006-10-26,7.907789707183838
2006-10-27,8.105483055114746
2006-10-30,8.013228416442871
2006-10-31,8.013228416442871
2006-11-01,8.06594467163086
2006-11-02,8.250460624694824
2006-11-03,8.303179740905762
2006-11-06,8.250460624694824
2006-11-07,8.487692832946777
2006-11-08,8.869905471801758
2006-11-09,8.724925994873047
2006-11-10,8.60631275177002
2006-11-13,8.514053344726562
2006-11-14,8.487692832946777
2006-11-15,8.434976577758789
2006-11-16,8.500873565673828
2006-11-17,8.342718124389648
2006-11-20,8.052764892578125
2006-11-21,7.881430625915527
2006-11-22,7.8023505210876465
2006-11-23,8.19774055480957
2006-11-24,8.698570251464844
2006-11-27,8.698570251464844
2006-11-28,9.01488208770752
2006-11-29,9.634324073791504
2006-11-30,9.634324073791504
2006-12-01,9.779300689697266
2006-12-04,9.634324073791504
2006-12-05,9.383910179138184
2006-12-06,9.621145248413086
2006-12-07,10.293306350708008
2006-12-08,11.005006790161133
2006-12-11,11.50583267211914
2006-12-12,11.229060173034668
2006-12-13,11.229060173034668
2006-12-14,11.466296195983887
2006-12-15,11.21588134765625
2006-12-18,11.334497451782227
2006-12-19,11.09726619720459
2006-12-20,11.334497451782227
2006-12-21,11.018186569213867
2006-12-22,10.662338256835938
2006-12-25,10.543720245361328
2006-12-26,10.635976791381836
2006-12-27,10.543720245361328
2006-12-28,10.8204927444458
2006-12-29,10.860030174255371
2007-01-02,11.439936637878418
2007-01-03,11.334497451782227
2007-01-04,11.255417823791504
2007-01-05,10.167160034179688
2007-01-08,10.675516128540039
2007-01-09,10.543720245361328
2007-01-10,10.543720245361328
2007-01-11,9.99017333984375
2007-01-12,10.68869400024414
2007-01-15,10.833671569824219
2007-01-16,10.899569511413574
2007-01-17,10.741414070129395
2007-01-18,10.675516128540039
2007-01-19,10.530539512634277
2007-01-22,10.372382164001465
2007-01-23,10.411924362182617
2007-01-24,10.411924362182617
2007-01-25,10.359204292297363
2007-01-26,11.08408260345459
2007-01-29,10.912751197814941
2007-01-30,10.2299165725708
2007-01-31,10.55689811706543
2007-02-01,10.477824211120605
2007-02-02,10.596437454223633
2007-02-05,10.504179954528809
2007-02-06,10.715055465698242
2007-02-07,10.675516128540039
2007-02-08,10.464640617370605
2007-02-09,10.293306350708008
2007-02-12,10.082430839538574
2007-02-13,10.016534805297852
2007-02-14,10.174688339233398
2007-02-26,10.016534805297852
2007-02-27,9.963814735412598
2007-03-01,9.91109561920166
2007-03-02,9.87155818939209
2007-03-05,8.698570251464844
2007-03-06,9.159856796264648
2007-03-07,9.062577247619629
2007-03-08,9.739762306213379
2007-03-09,9.634324073791504
2007-03-12,9.739762306213379
2007-03-13,9.739762306213379
2007-03-14,9.568425178527832
2007-03-15,10.003353118896484
2007-03-16,10.121971130371094
2007-03-19,10.596437454223633
2007-03-20,10.701873779296875
2007-03-21,10.570080757141113
2007-03-22,10.609617233276367
2007-03-23,10.675516128540039
2007-03-26,10.965466499328613
2007-03-27,10.754593849182129
2007-03-28,10.596437454223633
2007-03-29,10.965466499328613
2007-03-30,10.80731201171875
2007-04-02,11.189523696899414
2007-04-03,11.637629508972168
2007-04-04,12.098919868469238
2007-04-09,11.861684799194336
2007-04-10,11.426753997802734
2007-04-11,11.598093032836914
2007-04-12,11.91440486907959
2007-04-13,11.571733474731445
2007-04-16,11.571733474731445
2007-04-17,11.374038696289062
2007-04-18,11.519013404846191
2007-04-19,11.360856056213379
2007-04-20,11.466296195983887
2007-04-23,11.598093032836914
2007-04-24,11.94076156616211
2007-04-25,11.598093032836914
2007-04-26,11.650808334350586
2007-04-27,11.387216567993164
2007-04-30,11.110444068908691
2007-05-02,10.34288501739502
2007-05-03,10.925928115844727
2007-05-04,11.17634105682373
2007-05-07,11.21588134765625
2007-05-08,11.189523696899414
2007-05-09,11.13680362701416
2007-05-10,11.21588134765625
2007-05-11,11.044548034667969
2007-05-14,11.031368255615234
2007-05-15,11.149983406066895
2007-05-16,11.17634105682373
2007-05-17,11.54537296295166
2007-05-18,11.45311450958252
2007-05-21,11.45311450958252
2007-05-22,11.53219223022461
2007-05-23,11.479474067687988
2007-05-24,11.334497451782227
2007-05-25,11.044548034667969
2007-05-28,11.17634105682373
2007-05-29,11.321318626403809
2007-05-30,11.387216567993164
2007-05-31,11.308138847351074
2007-06-01,11.308138847351074
2007-06-04,11.782605171203613
2007-06-05,11.387216567993164
2007-06-06,11.255417823791504
2007-06-07,11.163164138793945
2007-06-08,11.13680362701416
2007-06-11,11.229060173034668
2007-06-12,11.229060173034668
2007-06-13,11.268600463867188
2007-06-14,11.598093032836914
2007-06-15,11.703527450561523
2007-06-20,11.703527450561523
2007-06-21,12.415228843688965
2007-06-22,13.113752365112305
2007-06-25,13.57503890991211
2007-06-26,13.627758026123047
2007-06-27,13.627758026123047
2007-06-28,13.522318840026855
2007-06-29,13.074212074279785
2007-07-02,13.113752365112305
2007-07-03,14.02314567565918
2007-07-04,13.75955581665039
2007-07-05,13.57503890991211
2007-07-06,14.02314567565918
2007-07-09,14.97208023071289
2007-07-10,15.130236625671387
2007-07-11,15.024802207946777
2007-07-12,14.919366836547852
2007-07-13,14.919366836547852
2007-07-16,14.339455604553223
2007-07-17,14.392176628112793
2007-07-18,14.76120376586914
2007-07-19,15.789219856262207
2007-07-20,16.606359481811523
2007-07-23,16.553640365600586
2007-07-24,15.740263938903809
2007-07-25,17.66073226928711
2007-07-26,17.133543014526367
2007-07-27,16.474559783935547
2007-07-30,17.133543014526367
2007-07-31,18.319713592529297
2007-08-01,18.319713592529297
2007-08-02,18.21427345275879
2007-08-03,17.739810943603516
2007-08-06,18.187917709350586
2007-08-07,19.453166961669922
2007-08-08,20.56024932861328
2007-08-09,21.77680778503418
2007-08-10,23.27573585510254
2007-08-13,22.625259399414062
2007-08-14,22.512130737304688
2007-08-15,20.95664405822754
2007-08-16,19.5142822265625
2007-08-17,18.156766891479492
2007-08-20,19.401161193847656
2007-08-21,19.57084846496582
2007-08-22,19.797103881835938
2007-08-23,20.560705184936523
2007-08-24,21.77680778503418
2007-08-27,21.013206481933594
2007-08-28,22.48384666442871
2007-08-29,22.48384666442871
2007-08-30,23.954490661621094
2007-08-31,25.62310028076172
2007-09-03,25.453411102294922
2007-09-04,24.29387092590332
2007-09-05,23.756519317626953
2007-09-06,24.689809799194336
2007-09-07,24.43527603149414
2007-09-10,25.594820022583008
2007-09-11,25.87763786315918
2007-09-12,25.340282440185547
2007-09-13,24.60496711730957
2007-09-14,24.60496711730957
2007-09-17,24.548402786254883
2007-09-18,24.548402786254883
2007-09-19,24.322147369384766
2007-09-20,24.039337158203125
2007-09-21,25.70795440673828
2007-09-26,26.58467674255371
2007-09-27,25.87763786315918
2007-09-28,25.87763786315918
2007-10-01,25.170602798461914
2007-10-02,24.40699577331543
2007-10-03,24.124181747436523
2007-10-04,23.27573585510254
2007-10-05,24.039337158203125
2007-10-08,23.47370147705078
2007-10-09,23.869646072387695
2007-10-11,25.312009811401367
2007-10-12,25.934200286865234
2007-10-15,27.744220733642578
2007-10-16,29.55424690246582
2007-10-17,29.412832260131836
2007-10-18,29.130014419555664
2007-10-19,29.695653915405273
2007-10-22,29.130014419555664
2007-10-23,28.281574249267578
2007-10-24,29.271427154541016
2007-10-25,31.251136779785156
2007-10-26,31.251136779785156
2007-10-29,30.544099807739258
2007-10-30,30.685510635375977
2007-10-31,30.544099807739258
2007-11-01,28.4229736328125
2007-11-02,26.44327163696289
2007-11-05,28.281574249267578
2007-11-06,28.4229736328125
2007-11-07,27.093748092651367
2007-11-08,25.62310028076172
2007-11-09,26.86749839782715
2007-11-12,25.509984970092773
2007-11-13,23.728233337402344
2007-11-14,24.463560104370117
2007-11-15,25.566543579101562
2007-11-16,24.91606330871582
2007-11-19,24.378713607788086
2007-11-20,23.445425033569336
2007-11-21,23.47370147705078
2007-11-22,23.615114212036133
2007-11-23,21.97477912902832
2007-11-26,21.97477912902832
2007-11-27,22.370723724365234
2007-11-28,21.8333797454834
2007-11-29,22.4555721282959
2007-11-30,24.01105308532715
2007-12-03,23.615114212036133
2007-12-04,24.831222534179688
2007-12-05,24.463560104370117
2007-12-06,23.33229637145996
2007-12-07,23.615114212036133
2007-12-10,21.97477912902832
2007-12-11,21.77680778503418
2007-12-12,20.786956787109375
2007-12-13,19.429439544677734
2007-12-14,18.071924209594727
2007-12-17,17.8173885345459
2007-12-18,19.06178092956543
2007-12-19,19.599130630493164
2007-12-20,18.948652267456055
2007-12-21,20.249603271484375
2007-12-24,21.06977081298828
2007-12-25,22.5404109954834
2007-12-26,22.087907791137695
2007-12-27,22.794946670532227
2007-12-28,22.738386154174805
2007-12-31,22.908069610595703
2008-01-02,22.00306510925293
2008-01-03,22.48384666442871
2008-01-04,21.8333797454834
2008-01-07,20.758670806884766
2008-01-08,20.95664405822754
2008-01-09,21.66368293762207
2008-01-10,22.625259399414062
2008-01-11,22.738386154174805
2008-01-14,23.756519317626953
2008-01-15,23.16260528564453
2008-01-16,21.635404586791992
2008-01-17,21.211177825927734
2008-01-18,22.059627532958984
2008-01-21,21.041492462158203
2008-01-22,19.57084846496582
2008-01-23,18.21333122253418
2008-01-24,19.48600196838379
2008-01-25,20.84351921081543
2008-01-28,19.457717895507812
2008-01-29,19.655691146850586
2008-01-30,19.82538414001465
2008-01-31,18.439584732055664
2008-02-01,18.97693634033203
2008-02-12,17.675979614257812
2008-02-13,17.110349655151367
2008-02-14,18.298179626464844
2008-02-15,19.5142822265625
2008-02-18,19.655691146850586
2008-02-19,20.645544052124023
2008-02-20,19.683971405029297
2008-02-21,20.249603271484375
2008-02-22,20.87179946899414
2008-02-25,20.984926223754883
2008-02-26,20.58898162841797
2008-02-27,22.00306510925293
2008-02-29,22.11618423461914
2008-03-03,22.625259399414062
2008-03-04,22.908069610595703
2008-03-05,23.5302677154541
2008-03-06,23.756519317626953
2008-03-07,23.615114212036133
2008-03-10,21.97477912902832
2008-03-11,22.370723724365234
2008-03-12,21.8333797454834
2008-03-13,21.522275924682617
2008-03-14,21.2960262298584
2008-03-17,21.43743324279785
2008-03-18,21.06977081298828
2008-03-19,21.493993759155273
2008-03-20,22.229318618774414
2008-03-21,23.106042861938477
2008-03-24,24.71809196472168
2008-03-25,24.66153335571289
2008-03-26,23.47370147705078
2008-03-27,23.417139053344727
2008-03-28,23.643394470214844
2008-03-31,23.360578536987305
2008-04-01,23.077762603759766
2008-04-02,23.81308364868164
2008-04-03,23.897926330566406
2008-04-07,25.085750579833984
2008-04-08,24.774660110473633
2008-04-09,25.340282440185547
2008-04-10,25.736230850219727
2008-04-11,25.170602798461914
2008-04-14,25.679668426513672
2008-04-15,25.736230850219727
2008-04-16,25.736230850219727
2008-04-17,25.255443572998047
2008-04-18,24.039337158203125
2008-04-21,24.66153335571289
2008-04-22,24.60496711730957
2008-04-23,24.209026336669922
2008-04-24,24.18074607849121
2008-04-25,23.982769012451172
2008-04-28,24.039337158203125
2008-04-29,23.190889358520508
2008-04-30,23.049482345581055
2008-05-02,23.756519317626953
2008-05-05,23.869646072387695
2008-05-06,23.869646072387695
2008-05-07,24.29387092590332
2008-05-08,23.756519317626953
2008-05-09,23.784801483154297
2008-05-12,24.09589958190918
2008-05-13,23.756519317626953
2008-05-14,23.671682357788086
2008-05-15,25.085750579833984
2008-05-16,24.972623825073242
2008-05-19,24.774660110473633
2008-05-20,24.378713607788086
2008-05-21,24.09589958190918
2008-05-22,23.982769012451172
2008-05-23,22.794946670532227
2008-05-26,22.738386154174805
2008-05-27,22.76666259765625
2008-05-28,22.087907791137695
2008-05-29,22.229318618774414
2008-05-30,22.48384666442871
2008-06-02,22.76666259765625
2008-06-03,21.77680778503418
2008-06-04,21.88993263244629
2008-06-05,22.908069610595703
2008-06-06,22.68181610107422
2008-06-09,22.342443466186523
2008-06-10,21.77680778503418
2008-06-11,20.81523895263672
2008-06-12,19.91022491455078
2008-06-13,19.655691146850586
2008-06-16,19.683971405029297
2008-06-17,20.362730026245117
2008-06-18,20.504140853881836
2008-06-19,20.758670806884766
2008-06-20,20.58898162841797
2008-06-23,20.730396270751953
2008-06-24,20.362730026245117
2008-06-25,20.108198165893555
2008-06-26,19.96678924560547
2008-06-27,18.580991744995117
2008-06-30,17.675979614257812
2008-07-01,18.383024215698242
2008-07-02,19.17490577697754
2008-07-03,19.146621704101562
2008-07-04,18.52442741394043
2008-07-07,19.17490577697754
2008-07-08,18.580991744995117
2008-07-09,19.82538414001465
2008-07-10,20.645544052124023
2008-07-11,20.673831939697266
2008-07-14,20.079917907714844
2008-07-15,19.429439544677734
2008-07-16,19.599130630493164
2008-07-17,20.27788543701172
2008-07-18,19.146621704101562
2008-07-21,20.475860595703125
2008-07-22,20.928363800048828
2008-07-23,22.133981704711914
2008-07-24,21.846946716308594
2008-07-25,21.910728454589844
2008-07-28,21.910728454589844
2008-07-29,21.65558624267578
2008-07-30,22.389129638671875
2008-07-31,21.591798782348633
2008-08-01,21.878835678100586
2008-08-04,22.133981704711914
2008-08-05,20.603105545043945
2008-08-06,20.443634033203125
2008-08-07,21.177186965942383
2008-08-08,22.325345993041992
2008-08-11,21.846946716308594
2008-08-12,21.878835678100586
2008-08-13,22.00641441345215
2008-08-14,22.22966957092285
2008-08-15,21.4642276763916
2008-08-18,20.92203712463379
2008-08-19,21.336652755737305
2008-08-20,21.55990982055664
2008-08-21,20.890146255493164
2008-08-22,19.869556427001953
2008-08-25,20.730674743652344
2008-08-26,20.22038459777832
2008-08-27,20.22038459777832
2008-08-28,19.773876190185547
2008-08-29,19.64630699157715
2008-09-01,18.43435287475586
2008-09-02,18.083528518676758
2008-09-03,16.839689254760742
2008-09-04,15.946672439575195
2008-09-05,16.775903701782227
2008-09-08,17.92406463623047
2008-09-09,16.967262268066406
2008-09-10,17.286197662353516
2008-09-11,16.425077438354492
2008-09-12,17.5732364654541
2008-09-15,16.36128807067871
2008-09-16,15.627740859985352
2008-09-17,16.26561164855957
2008-09-18,15.500168800354004
2008-09-19,16.58454132080078
2008-09-22,17.062942504882812
2008-09-23,17.860271453857422
2008-09-24,17.637022018432617
2008-09-25,17.062942504882812
2008-09-26,16.45697021484375
2008-09-29,16.45697021484375
2008-09-30,15.64368724822998
2008-10-01,15.946672439575195
2008-10-02,15.500168800354004
2008-10-03,16.297500610351562
2008-10-06,15.165287971496582
2008-10-07,15.149341583251953
2008-10-08,14.0968599319458
2008-10-09,13.905499458312988
2008-10-13,13.427098274230957
2008-10-14,14.352005958557129
2008-10-15,14.591208457946777
2008-10-16,14.080915451049805
2008-10-17,14.080915451049805
2008-10-20,14.112805366516113
2008-10-21,14.112805366516113
2008-10-22,14.112805366516113
2008-10-23,13.63440990447998
2008-10-24,13.171954154968262
2008-10-27,12.262993812561035
2008-10-28,12.262993812561035
2008-10-29,12.262993812561035
2008-10-30,13.10816764831543
2008-10-31,13.777926445007324
2008-11-03,13.937393188476562
2008-11-04,13.714137077331543
2008-11-05,13.076274871826172
2008-11-06,12.167312622070312
2008-11-07,12.183259010314941
2008-11-10,11.497552871704102
2008-11-11,10.700218200683594
2008-11-12,9.966672897338867
2008-11-13,9.966672897338867
2008-11-14,9.966672897338867
2008-11-17,9.966672897338867
2008-11-18,9.966672897338867
2008-11-19,9.966672897338867
2008-11-20,9.280964851379395
2008-11-21,9.568005561828613
2008-11-24,9.568005561828613
2008-11-25,10.046404838562012
2008-11-26,10.046404838562012
2008-11-27,10.65237808227539
2008-11-28,10.82779312133789
2008-12-01,11.162672996520996
2008-12-02,11.098884582519531
2008-12-03,10.716165542602539
2008-12-04,10.52480411529541
2008-12-05,10.301552772521973
2008-12-08,10.98725700378418
2008-12-09,11.194564819335938
2008-12-10,11.768646240234375
2008-12-11,11.84837818145752
2008-12-12,11.84837818145752
2008-12-15,11.800537109375
2008-12-16,11.417818069458008
2008-12-17,10.971314430236816
2008-12-18,10.779953002929688
2008-12-19,11.162672996520996
2008-12-22,10.636432647705078
2008-12-23,9.902885437011719
2008-12-24,9.998566627502441
2008-12-25,10.142086029052734
2008-12-26,10.317499160766602
2008-12-29,10.20587158203125
2008-12-30,10.82779312133789
2008-12-31,10.843738555908203
2009-01-02,10.843738555908203
2009-01-05,10.923473358154297
2009-01-06,11.481606483459473
2009-01-07,11.593230247497559
2009-01-08,10.859685897827148
2009-01-09,10.859685897827148
2009-01-12,10.508857727050781
2009-01-13,10.843738555908203
2009-01-14,11.114834785461426
2009-01-15,10.779953002929688
2009-01-16,11.513498306274414
2009-01-19,11.928115844726562
2009-01-20,11.688913345336914
2009-01-21,11.944059371948242
2009-02-02,11.417818069458008
2009-02-03,11.944059371948242
2009-02-04,12.119473457336426
2009-02-05,11.864324569702148
2009-02-06,11.752700805664062
2009-02-09,11.672966003417969
2009-02-10,12.486248016357422
2009-02-11,12.900858879089355
2009-02-12,12.119473457336426
2009-02-13,12.932753562927246
2009-02-16,12.916807174682617
2009-02-17,12.390563011169434
2009-02-18,12.183259010314941
2009-02-19,12.66165828704834
2009-02-20,12.310833930969238
2009-02-23,12.406515121459961
2009-02-24,12.34272575378418
2009-02-25,12.34272575378418
2009-02-26,12.565979957580566
2009-02-27,12.821126937866211
2009-03-02,12.374619483947754
2009-03-03,12.438406944274902
2009-03-04,13.299528121948242
2009-03-05,13.905499458312988
2009-03-06,13.714137077331543
2009-03-09,14.0968599319458
2009-03-10,14.670939445495605
2009-03-11,14.192537307739258
2009-03-12,14.033073425292969
2009-03-13,14.383902549743652
2009-03-16,14.24038028717041
2009-03-17,14.176597595214844
2009-03-18,14.224431991577148
2009-03-19,14.192537307739258
2009-03-20,14.049018859863281
2009-03-23,14.479582786560059
2009-03-24,14.479582786560059
2009-03-25,14.750675201416016
2009-03-26,14.989872932434082
2009-03-27,14.575261116027832
2009-03-30,13.969285011291504
2009-03-31,13.666299819946289
2009-04-02,14.272272109985352
2009-04-03,13.969285011291504
2009-04-06,14.352005958557129
2009-04-07,14.766621589660645
2009-04-08,14.830405235290527
2009-04-09,15.388540267944336
2009-04-10,15.18123722076416
2009-04-13,15.101500511169434
2009-04-14,15.053662300109863
2009-04-15,15.245019912719727
2009-04-16,15.7553129196167
2009-04-17,14.830405235290527
2009-04-20,15.053662300109863
2009-04-21,15.245019912719727
2009-04-22,15.372594833374023
2009-04-23,15.149341583251953
2009-04-24,15.117449760437012
2009-04-27,14.304165840148926
2009-04-28,14.28821849822998
2009-04-29,14.320114135742188
2009-04-30,15.308809280395508
2009-05-04,16.042356491088867
2009-05-05,15.723421096801758
2009-05-06,16.807796478271484
2009-05-07,16.425077438354492
2009-05-08,16.99915313720703
2009-05-11,16.520753860473633
2009-05-12,15.56395435333252
2009-05-13,15.579900741577148
2009-05-14,15.627740859985352
2009-05-15,16.712116241455078
2009-05-18,16.839689254760742
2009-05-19,16.775903701782227
2009-05-20,16.839689254760742
2009-05-21,17.062942504882812
2009-05-22,16.93536949157715
2009-05-25,16.58454132080078
2009-05-26,16.552648544311523
2009-05-27,16.99915313720703
2009-06-01,17.541339874267578
2009-06-02,16.99915313720703
2009-06-03,16.839689254760742
2009-06-04,16.425077438354492
2009-06-05,16.45697021484375
2009-06-08,15.771261215209961
2009-06-09,15.149341583251953
2009-06-10,14.926090240478516
2009-06-11,15.946672439575195
2009-06-12,15.946672439575195
2009-06-15,15.627740859985352
2009-06-16,15.978567123413086
2009-06-17,15.978567123413086
2009-06-18,15.53205680847168
2009-06-19,16.010461807250977
2009-06-22,16.58454132080078
2009-06-23,16.552648544311523
2009-06-24,16.87158203125
2009-06-25,17.094831466674805
2009-06-26,17.286197662353516
2009-06-29,16.99915313720703
2009-06-30,17.062942504882812
2009-07-01,17.477554321289062
2009-07-02,17.98785400390625
2009-07-03,18.11542510986328
2009-07-06,18.083528518676758
2009-07-07,18.11542510986328
2009-07-08,17.828384399414062
2009-07-09,18.179210662841797
2009-07-10,18.338674545288086
2009-07-13,17.3499813079834
2009-07-14,17.7008056640625
2009-07-15,18.912755966186523
2009-07-16,19.136011123657227
2009-07-17,19.805770874023438
2009-07-20,19.614412307739258
2009-07-21,19.614412307739258
2009-07-22,19.614412307739258
2009-07-23,19.71009063720703
2009-07-24,20.4117431640625
2009-07-27,21.04960823059082
2009-07-28,21.017715454101562
2009-07-29,21.017715454101562
2009-07-30,20.4117431640625
2009-07-31,20.31606674194336
2009-08-03,20.31606674194336
2009-08-04,20.379854202270508
2009-08-05,19.933345794677734
2009-08-06,20.31606674194336
2009-08-07,20.31606674194336
2009-08-10,20.092809677124023
2009-08-11,21.08150863647461
2009-08-12,21.264055252075195
2009-08-13,22.088802337646484
2009-08-14,21.837793350219727
2009-08-17,21.622644424438477
2009-08-18,20.260025024414062
2009-08-19,20.94133186340332
2009-08-20,21.013044357299805
2009-08-21,20.726179122924805
2009-08-24,21.694358825683594
2009-08-25,21.37163543701172
2009-08-26,20.54688835144043
2009-08-27,20.188304901123047
2009-08-28,20.511028289794922
2009-08-31,20.61860466003418
2009-09-01,21.65849494934082
2009-09-02,21.622644424438477
2009-09-03,21.98122787475586
2009-09-04,21.94536590576172
2009-09-07,22.232236862182617
2009-09-08,22.985261917114258
2009-09-09,23.379703521728516
2009-09-10,23.05698013305664
2009-09-11,22.7342529296875
2009-09-14,23.128698348999023
2009-09-15,23.307987213134766
2009-09-16,23.41556167602539
2009-09-17,23.55900001525879
2009-09-18,23.594858169555664
2009-09-21,24.132732391357422
2009-09-22,24.99333381652832
2009-09-23,24.563030242919922
2009-09-24,23.88172149658203
2009-09-25,23.84586524963379
2009-09-28,23.774150848388672
2009-09-29,24.34787940979004
2009-09-30,24.563030242919922
2009-10-01,24.598896026611328
2009-10-02,23.81001091003418
2009-10-05,23.917583465576172
2009-10-06,23.953445434570312
2009-10-07,24.598896026611328
2009-10-08,24.383745193481445
2009-10-09,24.383745193481445
2009-10-12,24.455461502075195
2009-10-13,24.455461502075195
2009-10-14,24.814043045043945
2009-10-15,24.52717399597168
2009-10-16,24.312026977539062
2009-10-19,24.455461502075195
2009-10-20,24.742324829101562
2009-10-21,24.419597625732422
2009-10-22,24.455461502075195
2009-10-23,24.383745193481445
2009-10-26,24.34787940979004
2009-10-27,23.917583465576172
2009-10-28,23.451419830322266
2009-10-29,22.41152572631836
2009-10-30,22.4473876953125
2009-11-02,22.124662399291992
2009-11-03,22.5908203125
2009-11-04,23.20041275024414
2009-11-05,22.55495834350586
2009-11-06,23.128698348999023
2009-11-09,22.985261917114258
2009-11-10,23.164552688598633
2009-11-11,23.55900001525879
2009-11-12,23.487281799316406
2009-11-13,23.20041275024414
2009-11-16,23.84586524963379
2009-11-17,24.025156021118164
2009-11-18,24.204450607299805
2009-11-19,24.563030242919922
2009-11-20,24.240312576293945
2009-11-23,23.55900001525879
2009-11-24,23.917583465576172
2009-11-25,23.55900001525879
2009-11-26,23.55900001525879
2009-11-27,22.985261917114258
2009-11-30,23.20041275024414
2009-12-01,23.55900001525879
2009-12-02,23.27213478088379
2009-12-03,23.451419830322266
2009-12-04,23.307987213134766
2009-12-07,23.55900001525879
2009-12-08,24.312026977539062
2009-12-09,24.132732391357422
2009-12-10,23.774150848388672
2009-12-11,24.34787940979004
2009-12-14,24.706462860107422
2009-12-15,24.634746551513672
2009-12-16,24.312026977539062
2009-12-17,24.455461502075195
2009-12-18,24.204450607299805
2009-12-21,24.34787940979004
2009-12-22,24.240312576293945
2009-12-23,24.419597625732422
2009-12-24,24.563030242919922
2009-12-25,24.52717399597168
2009-12-28,24.706462860107422
2009-12-29,24.921621322631836
2009-12-30,24.885761260986328
2009-12-31,24.921621322631836
2010-01-04,24.77818489074707
2010-01-05,24.455461502075195
2010-01-06,24.77818489074707
2010-01-07,24.921621322631836
2010-01-08,24.921621322631836
2010-01-11,24.99333381652832
2010-01-12,25.100915908813477
2010-01-13,25.065053939819336
2010-01-14,25.351919174194336
2010-01-15,25.459495544433594
2010-01-18,25.208480834960938
2010-01-19,24.383745193481445
2010-01-20,24.312026977539062
2010-01-21,24.025156021118164
2010-01-22,23.66657257080078
2010-01-25,23.70243263244629
2010-01-26,22.62668228149414
2010-01-27,23.307987213134766
2010-01-28,23.236268997192383
2010-01-29,23.594858169555664
2010-02-01,23.34384536743164
2010-02-02,23.128698348999023
2010-02-03,23.487281799316406
2010-02-04,23.66657257080078
2010-02-05,23.021116256713867
2010-02-08,22.949403762817383
2010-02-09,23.20041275024414
2010-02-10,23.66657257080078
2010-02-22,25.065053939819336
2010-02-23,24.921621322631836
2010-02-24,24.634746551513672
2010-02-25,23.88172149658203
2010-02-26,24.240312576293945
2010-03-01,25.136768341064453
2010-03-02,25.100915908813477
2010-03-03,24.670608520507812
2010-03-04,24.742324829101562
2010-03-05,24.670608520507812
2010-03-08,24.670608520507812
2010-03-09,24.491317749023438
2010-03-10,24.52717399597168
2010-03-11,24.34787940979004
2010-03-12,24.563030242919922
2010-03-15,24.132732391357422
2010-03-16,24.312026977539062
2010-03-17,24.742324829101562
2010-03-18,24.706462860107422
2010-03-19,24.885761260986328
2010-03-22,24.742324829101562
2010-03-23,24.419597625732422
2010-03-24,24.634746551513672
2010-03-25,24.491317749023438
2010-03-26,24.670608520507812
2010-03-29,25.459495544433594
2010-03-30,25.387781143188477
2010-03-31,25.100915908813477
2010-04-01,25.638778686523438
2010-04-02,25.459495544433594
2010-04-06,25.459495544433594
2010-04-07,25.531211853027344
2010-04-08,24.99333381652832
2010-04-09,25.351919174194336
2010-04-12,25.24434471130371
2010-04-13,24.957475662231445
2010-04-14,25.423633575439453
2010-04-15,27.180696487426758
2010-04-16,27.3599910736084
2010-04-19,25.889801025390625
2010-04-20,26.427675247192383
2010-04-21,27.180696487426758
2010-04-22,26.64282989501953
2010-04-23,26.750396728515625
2010-04-26,27.6468563079834
2010-04-27,27.2165584564209
2010-04-28,26.92969512939453
2010-04-29,26.92969512939453
2010-04-30,27.00141143798828
2010-05-03,26.606966018676758
2010-05-04,26.2125244140625
2010-05-05,25.925655364990234
2010-05-06,25.495351791381836
2010-05-07,25.100915908813477
2010-05-10,25.24434471130371
2010-05-11,25.24434471130371
2010-05-12,25.24434471130371
2010-05-13,25.81808090209961
2010-05-14,25.889801025390625
2010-05-17,25.459495544433594
2010-05-18,25.423633575439453
2010-05-19,25.24434471130371
2010-05-20,25.100915908813477
2010-05-21,23.774150848388672
2010-05-24,25.208480834960938
2010-05-25,24.742324829101562
2010-05-26,25.208480834960938
2010-05-27,24.921621322631836
2010-05-28,24.957475662231445
2010-05-31,24.742324829101562
2010-06-01,25.029190063476562
2010-06-02,24.706462860107422
2010-06-03,25.638778686523438
2010-06-04,24.84990119934082
2010-06-07,24.419597625732422
2010-06-08,25.029190063476562
2010-06-09,24.419597625732422
2010-06-10,24.276168823242188
2010-06-11,24.814043045043945
2010-06-14,25.065053939819336
2010-06-15,25.136768341064453
2010-06-17,24.921621322631836
2010-06-18,24.742324829101562
2010-06-21,26.2125244140625
2010-06-22,25.997371673583984
2010-06-23,26.391817092895508
2010-06-24,26.17666244506836
2010-06-25,25.459495544433594
2010-06-28,25.387781143188477
2010-06-29,25.387781143188477
2010-06-30,25.136768341064453
2010-07-01,24.99333381652832
2010-07-02,24.99333381652832
2010-07-05,25.100915908813477
2010-07-06,25.74636459350586
2010-07-07,26.0690860748291
2010-07-08,25.74636459350586
2010-07-09,25.925655364990234
2010-07-12,25.81808090209961
2010-07-13,25.74636459350586
2010-07-14,26.4993896484375
2010-07-15,26.535245895385742
2010-07-16,26.355955123901367
2010-07-19,26.140806198120117
2010-07-20,26.89383316040039
2010-07-21,26.463531494140625
2010-07-22,26.463531494140625
2010-07-23,26.822113037109375
2010-07-26,26.57110595703125
2010-07-27,26.355955123901367
2010-07-28,26.606966018676758
2010-07-29,26.463531494140625
2010-07-30,26.17666244506836
2010-08-02,26.750396728515625
2010-08-03,27.6468563079834
2010-08-04,27.862010955810547
2010-08-05,27.431705474853516
2010-08-06,27.611000061035156
2010-08-09,27.611000061035156
2010-08-10,27.790292739868164
2010-08-11,27.25241470336914
2010-08-12,27.108985900878906
2010-08-13,26.990602493286133
2010-08-16,27.316286087036133
2010-08-17,28.496870040893555
2010-08-18,28.00835418701172
2010-08-19,27.84551239013672
2010-08-20,27.967641830444336
2010-08-23,27.92693328857422
2010-08-24,28.171199798583984
2010-08-25,27.35699462890625
2010-08-26,27.153444290161133
2010-08-27,27.35699462890625
2010-08-30,26.664926528930664
2010-08-31,26.787059783935547
2010-09-01,27.072025299072266
2010-09-02,26.949901580810547
2010-09-03,27.27557373046875
2010-09-06,27.92693328857422
2010-09-07,27.682668685913086
2010-09-08,27.6419677734375
2010-09-09,27.723384857177734
2010-09-10,28.0490665435791
2010-09-13,28.456157684326172
2010-09-14,28.374746322631836
2010-09-15,28.496870040893555
2010-09-16,28.334033966064453
2010-09-17,28.822551727294922
2010-09-20,29.188936233520508
2010-09-21,28.944677352905273
2010-09-23,29.188936233520508
2010-09-24,28.863264083862305
2010-09-27,28.985387802124023
2010-09-28,29.06680679321289
2010-09-29,29.10751724243164
2010-09-30,29.473901748657227
2010-10-01,29.14822769165039
2010-10-04,28.700422286987305
2010-10-05,28.944677352905273
2010-10-06,29.10751724243164
2010-10-07,30.165971755981445
2010-10-08,29.555330276489258
2010-10-11,30.125261306762695
2010-10-12,30.328807830810547
2010-10-13,29.433195114135742
2010-10-14,29.718168258666992
2010-10-15,30.00313377380371
2010-10-18,28.985387802124023
2010-10-19,29.188936233520508
2010-10-20,29.75887680053711
2010-10-21,29.718168258666992
2010-10-22,29.718168258666992
2010-10-25,29.799583435058594
2010-10-26,30.369524002075195
2010-10-27,30.73590660095215
2010-10-28,30.858043670654297
2010-10-29,30.491653442382812
2010-11-01,30.89875030517578
2010-11-02,30.939451217651367
2010-11-03,30.81733512878418
2010-11-04,30.573070526123047
2010-11-05,30.288097381591797
2010-11-08,30.165971755981445
2010-11-09,29.962421417236328
2010-11-10,30.328807830810547
2010-11-11,30.532367706298828
2010-11-12,30.288097381591797
2010-11-15,30.369524002075195
2010-11-16,30.328807830810547
2010-11-17,29.962421417236328
2010-11-18,30.165971755981445
2010-11-19,30.165971755981445
2010-11-22,30.81733512878418
2010-11-23,30.939451217651367
2010-11-24,30.77661895751953
2010-11-25,30.858043670654297
2010-11-26,30.81733512878418
2010-11-29,31.061594009399414
2010-11-30,31.061594009399414
2010-12-01,31.183717727661133
2010-12-02,31.509401321411133
2010-12-03,31.590818405151367
2010-12-06,31.3465576171875
2010-12-07,31.672237396240234
2010-12-08,31.590818405151367
2010-12-09,31.916494369506836
2010-12-10,32.40501022338867
2010-12-13,33.38205337524414
2010-12-14,33.015663146972656
2010-12-15,32.527137756347656
2010-12-16,32.1607551574707
2010-12-17,32.28288269042969
2010-12-20,32.608558654785156
2010-12-21,32.527137756347656
2010-12-22,32.32359313964844
2010-12-23,32.28288269042969
2010-12-24,31.95720100402832
2010-12-27,31.753650665283203
2010-12-28,31.712942123413086
2010-12-29,32.03862380981445
2010-12-30,31.753650665283203
2010-12-31,32.03862380981445
2011-01-03,31.468690872192383
2011-01-04,31.55010223388672
2011-01-05,31.753650665283203
2011-01-06,31.143003463745117
2011-01-07,31.712942123413086
2011-01-10,32.12004852294922
2011-01-11,31.794368743896484
2011-01-12,31.672237396240234
2011-01-13,31.753650665283203
2011-01-14,31.712942123413086
2011-01-17,31.509401321411133
2011-01-18,31.427978515625
2011-01-19,31.63152503967285
2011-01-20,30.98016357421875
2011-01-21,31.0208797454834
2011-01-24,31.468690872192383
2011-01-25,31.468690872192383
2011-01-26,31.63152503967285
2011-01-27,31.672237396240234
2011-01-28,31.183717727661133
2011-02-08,29.88100242614746
2011-02-09,30.450944900512695
2011-02-10,29.677453994750977
2011-02-11,29.718168258666992
2011-02-14,29.718168258666992
2011-02-15,28.863264083862305
2011-02-16,27.723384857177734
2011-02-17,28.578283309936523
2011-02-18,29.10751724243164
2011-02-21,29.270360946655273
2011-02-22,28.578283309936523
2011-02-23,27.88622283935547
2011-02-24,27.76409339904785
2011-02-25,28.578283309936523
2011-03-01,28.985387802124023
2011-03-02,28.496870040893555
2011-03-03,28.496870040893555
2011-03-04,28.211898803710938
2011-03-07,28.08976936340332
2011-03-08,28.08976936340332
2011-03-09,28.211898803710938
2011-03-10,27.88622283935547
2011-03-11,26.990602493286133
2011-03-14,26.664926528930664
2011-03-15,26.787059783935547
2011-03-16,27.43841552734375
2011-03-17,27.479127883911133
2011-03-18,27.92693328857422
2011-03-21,27.92693328857422
2011-03-22,28.334033966064453
2011-03-23,28.618999481201172
2011-03-24,28.496870040893555
2011-03-25,28.456157684326172
2011-03-28,26.990602493286133
2011-03-29,27.88622283935547
2011-03-30,27.92693328857422
2011-03-31,27.92693328857422
2011-04-01,28.700422286987305
2011-04-06,29.311058044433594
2011-04-07,29.921716690063477
2011-04-08,29.392486572265625
2011-04-11,29.84029769897461
2011-04-12,29.311058044433594
2011-04-13,28.822551727294922
2011-04-14,29.392486572265625
2011-04-15,29.229646682739258
2011-04-18,29.351770401000977
2011-04-19,28.171199798583984
2011-04-20,28.863264083862305
2011-04-21,29.596038818359375
2011-04-22,29.473901748657227
2011-04-25,29.311058044433594
2011-04-26,29.433195114135742
2011-04-27,30.450944900512695
2011-04-28,30.084550857543945
2011-04-29,29.75887680053711
2011-05-03,30.450944900512695
2011-05-04,30.00313377380371
2011-05-05,29.555330276489258
2011-05-06,29.392486572265625
2011-05-09,28.985387802124023
2011-05-10,29.351770401000977
2011-05-11,29.10751724243164
2011-05-12,28.496870040893555
2011-05-13,28.334033966064453
2011-05-16,28.0490665435791
2011-05-17,27.76409339904785
2011-05-18,27.234867095947266
2011-05-19,27.51983070373535
2011-05-20,27.194156646728516
2011-05-23,26.70563507080078
2011-05-24,26.868473052978516
2011-05-25,26.54279899597168
2011-05-26,26.58350944519043
2011-05-27,26.746349334716797
2011-05-30,26.746349334716797
2011-05-31,27.397708892822266
2011-06-01,27.76409339904785
2011-06-02,27.479127883911133
2011-06-03,27.27557373046875
2011-06-07,28.00835418701172
2011-06-08,27.35699462890625
2011-06-09,27.560543060302734
2011-06-10,27.682668685913086
2011-06-13,26.909189224243164
2011-06-14,27.072025299072266
2011-06-15,27.316286087036133
2011-06-16,26.990602493286133
2011-06-17,26.787059783935547
2011-06-20,26.787059783935547
2011-06-21,26.868473052978516
2011-06-22,26.909189224243164
2011-06-23,26.70563507080078
2011-06-24,27.27557373046875
2011-06-27,27.112733840942383
2011-06-28,27.316286087036133
2011-06-29,27.804805755615234
2011-06-30,28.374746322631836
2011-07-01,28.415449142456055
2011-07-04,28.496870040893555
2011-07-05,28.578283309936523
2011-07-06,28.29332160949707
2011-07-07,27.84551239013672
2011-07-08,28.171199798583984
2011-07-11,28.456157684326172
2011-07-12,28.08976936340332
2011-07-13,28.171199798583984
2011-07-14,28.863264083862305
2011-07-15,29.10751724243164
2011-07-18,29.311058044433594
2011-07-19,29.10751724243164
2011-07-20,29.555330276489258
2011-07-21,30.6678409576416
2011-07-22,30.541805267333984
2011-07-25,30.373762130737305
2011-07-26,30.247718811035156
2011-07-27,30.415769577026367
2011-07-28,31.844141006469727
2011-07-29,31.08794593811035
2011-08-01,31.97016716003418
2011-08-02,32.39027786254883
2011-08-03,32.43229293823242
2011-08-04,31.297998428344727
2011-08-05,29.19745635986328
2011-08-08,28.56730079650879
2011-08-09,29.239473342895508
2011-08-10,29.533550262451172
2011-08-11,29.785615921020508
2011-08-12,30.205717086791992
2011-08-15,30.835880279541016
2011-08-16,31.42403221130371
2011-08-17,30.835880279541016
2011-08-18,31.12995719909668
2011-08-19,29.44952392578125
2011-08-22,28.231216430664062
2011-08-23,29.659576416015625
2011-08-24,30.037675857543945
2011-08-25,29.827621459960938
2011-08-26,30.163711547851562
2011-08-29,30.373762130737305
2011-08-30,30.751861572265625
2011-08-31,30.877887725830078
2011-09-01,30.793865203857422
2011-09-02,30.709842681884766
2011-09-05,30.33175277709961
2011-09-06,30.625823974609375
2011-09-07,31.08794593811035
2011-09-08,30.6678409576416
2011-09-09,30.625823974609375
2011-09-13,30.037675857543945
2011-09-14,29.15544891357422
2011-09-15,29.533550262451172
2011-09-16,30.247718811035156
2011-09-19,30.793865203857422
2011-09-20,30.919898986816406
2011-09-21,31.08794593811035
2011-09-22,29.827621459960938
2011-09-23,27.76909828186035
2011-09-26,25.83660316467285
2011-09-27,27.643064498901367
2011-09-28,28.14719009399414
2011-09-29,27.895132064819336
2011-09-30,28.021163940429688
2011-10-03,27.47502326965332
2011-10-04,28.231216430664062
2011-10-05,28.18920135498047
2011-10-06,28.4832820892334
2011-10-07,28.987403869628906
2011-10-11,30.499801635742188
2011-10-12,30.079689025878906
2011-10-13,30.709842681884766
2011-10-14,30.289735794067383
2011-10-17,30.6678409576416
2011-10-18,30.247718811035156
2011-10-19,30.33175277709961
2011-10-20,29.827621459960938
2011-10-21,29.575559616088867
2011-10-24,30.58381462097168
2011-10-25,30.919898986816406
2011-10-26,30.709842681884766
2011-10-27,30.919898986816406
2011-10-28,31.255979537963867
2011-10-31,31.12995719909668
2011-11-01,31.466047286987305
2011-11-02,31.38202476501465
2011-11-03,31.003921508789062
2011-11-04,30.541805267333984
2011-11-07,30.793865203857422
2011-11-08,30.457778930664062
2011-11-09,30.877887725830078
2011-11-10,29.785615921020508
2011-11-11,29.491533279418945
2011-11-14,29.911640167236328
2011-11-15,29.785615921020508
2011-11-16,29.407514572143555
2011-11-17,30.33175277709961
2011-11-18,29.869626998901367
2011-11-21,29.365501403808594
2011-11-22,28.861377716064453
2011-11-23,28.903392791748047
2011-11-24,28.81936264038086
2011-11-25,28.56730079650879
2011-11-28,29.407514572143555
2011-11-29,29.953657150268555
2011-11-30,29.827621459960938
2011-12-01,30.415769577026367
2011-12-02,30.457778930664062
2011-12-05,30.457778930664062
2011-12-06,29.827621459960938
2011-12-07,30.205717086791992
2011-12-08,30.415769577026367
2011-12-09,30.33175277709961
2011-12-12,30.33175277709961
2011-12-13,29.365501403808594
2011-12-14,29.407514572143555
2011-12-15,29.407514572143555
2011-12-16,29.15544891357422
2011-12-19,29.19745635986328
2011-12-20,29.11344337463379
2011-12-21,29.743602752685547
2011-12-22,29.911640167236328
2011-12-23,30.415769577026367
2011-12-26,30.499801635742188
2011-12-27,30.625823974609375
2011-12-28,30.457778930664062
2011-12-29,30.541805267333984
2011-12-30,30.709842681884766
2012-01-02,30.709842681884766
2012-01-03,30.877887725830078
2012-01-04,31.003921508789062
2012-01-05,31.12995719909668
2012-01-06,31.213979721069336
2012-01-09,31.213979721069336
2012-01-10,31.340009689331055
2012-01-11,31.340009689331055
2012-01-12,31.718103408813477
2012-01-13,32.054195404052734
2012-01-16,31.5080509185791
2012-01-17,31.5080509185791
2012-01-18,31.76011848449707
2012-01-30,31.297998428344727
2012-01-31,30.6678409576416
2012-02-01,30.205717086791992
2012-02-02,29.827621459960938
2012-02-03,30.58381462097168
2012-02-06,30.247718811035156
2012-02-07,30.121702194213867
2012-02-08,30.499801635742188
2012-02-09,30.877887725830078
2012-02-10,30.541805267333984
2012-02-13,30.33175277709961
2012-02-14,30.751861572265625
2012-02-15,30.793865203857422
2012-02-16,30.625823974609375
2012-02-17,30.247718811035156
2012-02-20,30.415769577026367
2012-02-21,30.289735794067383
2012-02-22,30.9619083404541
2012-02-23,31.255979537963867
2012-02-24,31.08794593811035
2012-02-29,31.297998428344727
2012-03-01,31.08794593811035
2012-03-02,31.12995719909668
2012-03-05,31.255979537963867
2012-03-06,30.9619083404541
2012-03-07,30.625823974609375
2012-03-08,31.08794593811035
2012-03-09,31.171968460083008
2012-03-12,30.919898986816406
2012-03-13,31.42403221130371
2012-03-14,31.55006217956543
2012-03-15,31.634084701538086
2012-03-16,31.003921508789062
2012-03-19,31.08794593811035
2012-03-20,30.709842681884766
2012-03-21,30.877887725830078
2012-03-22,30.793865203857422
2012-03-23,30.499801635742188
2012-03-26,30.33175277709961
2012-03-27,30.541805267333984
2012-03-28,30.499801635742188
2012-03-29,30.499801635742188
2012-03-30,30.793865203857422
2012-04-02,30.793865203857422
2012-04-03,30.793865203857422
2012-04-05,30.457778930664062
2012-04-06,30.6678409576416
2012-04-09,30.499801635742188
2012-04-10,30.247718811035156
2012-04-11,30.457778930664062
2012-04-12,30.373762130737305
2012-04-13,30.499801635742188
2012-04-16,30.373762130737305
2012-04-17,30.247718811035156
2012-04-18,29.911640167236328
2012-04-19,29.239473342895508
2012-04-20,28.39925193786621
2012-04-23,28.777355194091797
2012-04-24,28.777355194091797
2012-04-25,28.777355194091797
2012-04-26,29.0294189453125
2012-04-27,29.19745635986328
2012-04-30,28.777355194091797
2012-05-02,29.533550262451172
2012-05-03,28.94540023803711
2012-05-04,28.987403869628906
2012-05-07,28.903392791748047
2012-05-08,29.407514572143555
2012-05-09,29.659576416015625
2012-05-10,29.743602752685547
2012-05-11,29.701589584350586
2012-05-14,29.533550262451172
2012-05-15,29.743602752685547
2012-05-16,28.987403869628906
2012-05-17,28.861377716064453
2012-05-18,28.231216430664062
2012-05-21,28.31523895263672
2012-05-22,28.52528953552246
2012-05-23,28.44127082824707
2012-05-24,28.4832820892334
2012-05-25,28.44127082824707
2012-05-28,28.39925193786621
2012-05-29,28.56730079650879
2012-05-30,28.31523895263672
2012-05-31,28.021163940429688
2012-06-01,27.979148864746094
2012-06-04,27.727083206176758
2012-06-05,27.895132064819336
2012-06-06,27.937137603759766
2012-06-07,28.10518455505371
2012-06-08,28.231216430664062
2012-06-11,29.323495864868164
2012-06-12,29.071430206298828
2012-06-13,29.323495864868164
2012-06-14,29.323495864868164
2012-06-15,29.785615921020508
2012-06-18,30.58381462097168
2012-06-19,30.33175277709961
2012-06-20,30.877887725830078
2012-06-21,30.793865203857422
2012-06-22,30.541805267333984
2012-06-25,30.457778930664062
2012-06-26,30.037675857543945
2012-06-27,30.247718811035156
2012-06-28,30.289735794067383
2012-06-29,30.499801635742188
2012-07-02,30.247718811035156
2012-07-03,30.205717086791992
2012-07-04,30.247718811035156
2012-07-05,30.58381462097168
2012-07-06,30.6678409576416
2012-07-09,30.163711547851562
2012-07-10,29.785615921020508
2012-07-11,29.533550262451172
2012-07-12,29.407514572143555
2012-07-13,29.365501403808594
2012-07-16,29.365501403808594
2012-07-17,29.19745635986328
2012-07-18,29.071430206298828
2012-07-19,29.19745635986328
2012-07-20,29.071430206298828
2012-07-23,28.7353458404541
2012-07-24,28.14719009399414
2012-07-25,28.280981063842773
2012-07-26,28.146953582763672
2012-07-27,28.817115783691406
2012-07-30,29.35325050354004
2012-07-31,29.26388931274414
2012-08-01,29.62131118774414
2012-08-02,29.62131118774414
2012-08-03,28.370336532592773
2012-08-06,28.59372329711914
2012-08-07,28.638399124145508
2012-08-08,29.04050064086914
2012-08-09,29.844701766967773
2012-08-10,29.88938331604004
2012-08-13,30.112768173217773
2012-08-14,30.425512313842773
2012-08-15,30.425512313842773
2012-08-16,30.514867782592773
2012-08-17,29.934049606323242
2012-08-20,29.710662841796875
2012-08-21,30.514867782592773
2012-08-22,30.112768173217773
2012-08-23,30.15744400024414
2012-08-24,29.844701766967773
2012-08-27,30.068092346191406
2012-08-28,29.62131118774414
2012-08-29,29.844701766967773
2012-08-30,29.35325050354004
2012-08-31,29.844701766967773
2012-09-03,29.934049606323242
2012-09-04,29.88938331604004
2012-09-05,29.800025939941406
2012-09-06,29.442602157592773
2012-09-07,29.710662841796875
2012-09-10,30.023412704467773
2012-09-11,29.53195571899414
2012-09-12,29.934049606323242
2012-09-13,30.068092346191406
2012-09-14,30.15744400024414
2012-09-17,30.20212173461914
2012-09-18,29.844701766967773
2012-09-19,29.710662841796875
2012-09-20,29.487276077270508
2012-09-21,29.88938331604004
2012-09-24,29.88938331604004
2012-09-25,29.665996551513672
2012-09-26,29.75534439086914
2012-09-27,29.487276077270508
2012-09-28,29.665996551513672
2012-10-01,29.88938331604004
2012-10-02,30.023412704467773
2012-10-03,29.62131118774414
2012-10-04,29.665996551513672
2012-10-05,29.800025939941406
2012-10-08,29.665996551513672
2012-10-09,29.844701766967773
2012-10-11,28.861787796020508
2012-10-12,28.59372329711914
2012-10-15,28.459692001342773
2012-10-16,28.370336532592773
2012-10-17,28.50437355041504
2012-10-18,28.59372329711914
2012-10-19,28.638399124145508
2012-10-22,29.174537658691406
2012-10-23,28.683080673217773
2012-10-24,28.459692001342773
2012-10-25,28.59372329711914
2012-10-26,28.459692001342773
2012-10-29,27.70017433166504
2012-10-30,27.834203720092773
2012-10-31,27.61081886291504
2012-11-01,26.136455535888672
2012-11-02,24.70676040649414
2012-11-05,24.974834442138672
2012-11-06,25.957738876342773
2012-11-07,25.600318908691406
2012-11-08,25.46628189086914
2012-11-09,25.46628189086914
2012-11-12,25.82370376586914
2012-11-13,25.24289894104004
2012-11-14,25.10886573791504
2012-11-15,25.15354347229004
2012-11-16,24.79612159729004
2012-11-19,24.662086486816406
2012-11-20,24.79612159729004
2012-11-21,24.79612159729004
2012-11-22,23.679176330566406
2012-11-23,24.125953674316406
2012-11-26,23.679176330566406
2012-11-27,24.036598205566406
2012-11-28,23.58982276916504
2012-11-29,24.79612159729004
2012-11-30,24.75144386291504
2012-12-03,24.79612159729004
2012-12-04,25.555639266967773
2012-12-05,25.510963439941406
2012-12-06,25.06418228149414
2012-12-07,25.287574768066406
2012-12-10,25.01951026916504
2012-12-11,23.99192237854004
2012-12-12,23.99192237854004
2012-12-13,24.885475158691406
2012-12-14,24.617408752441406
2012-12-17,24.125953674316406
2012-12-18,23.723857879638672
2012-12-19,23.947246551513672
2012-12-20,23.723857879638672
2012-12-21,23.455791473388672
2012-12-24,23.857892990112305
2012-12-25,23.947246551513672
2012-12-26,23.813213348388672
2012-12-27,23.90256690979004
2012-12-28,23.90256690979004
2013-01-02,24.08127784729004
2013-01-03,25.10886573791504
2013-01-04,24.572734832763672
2013-01-07,24.39402198791504
2013-01-08,24.70676040649414
2013-01-09,24.885475158691406
2013-01-10,24.885475158691406
2013-01-11,25.46628189086914
2013-01-14,26.225807189941406
2013-01-15,26.89596939086914
2013-01-16,26.359840393066406
2013-01-17,26.493873596191406
2013-01-18,26.627906799316406
2013-01-21,26.672582626342773
2013-01-22,26.359840393066406
2013-01-23,26.359840393066406
2013-01-24,26.359840393066406
2013-01-25,25.957738876342773
2013-01-28,25.913066864013672
2013-01-29,27.074682235717773
2013-01-30,27.253398895263672
2013-01-31,26.76194190979004
2013-02-01,27.119359970092773
2013-02-04,27.70017433166504
2013-02-05,27.834203720092773
2013-02-06,27.298072814941406
2013-02-18,27.923555374145508
2013-02-19,27.56613540649414
2013-02-20,27.253398895263672
2013-02-21,26.80661392211914
2013-02-22,27.03000831604004
2013-02-25,27.387434005737305
2013-02-26,26.71726417541504
2013-02-27,26.80661392211914
2013-03-01,26.76194190979004
2013-03-04,26.449193954467773
2013-03-05,26.80661392211914
2013-03-06,26.225807189941406
2013-03-07,26.404518127441406
2013-03-08,26.627906799316406
2013-03-11,26.76194190979004
2013-03-12,26.449193954467773
2013-03-13,26.404518127441406
2013-03-14,26.315166473388672
2013-03-15,25.82370376586914
2013-03-18,24.75144386291504
2013-03-19,24.79612159729004
2013-03-20,24.79612159729004
2013-03-21,24.840801239013672
2013-03-22,24.93015480041504
2013-03-25,24.885475158691406
2013-03-26,24.79612159729004
2013-03-27,24.840801239013672
2013-03-28,24.125953674316406
2013-03-29,24.48337745666504
2013-04-01,24.349348068237305
2013-04-02,24.170637130737305
2013-04-03,24.036598205566406
2013-04-08,23.277076721191406
2013-04-09,22.338844299316406
2013-04-10,22.338844299316406
2013-04-11,23.232402801513672
2013-04-12,23.14304542541504
2013-04-15,22.651596069335938
2013-04-16,23.053688049316406
2013-04-17,22.60691261291504
2013-04-18,22.472881317138672
2013-04-19,22.740947723388672
2013-04-22,22.182477951049805
2013-04-23,21.892074584960938
2013-04-24,21.981430053710938
2013-04-25,21.668685913085938
2013-04-26,21.668685913085938
2013-04-29,21.959087371826172
2013-04-30,22.294172286987305
2013-05-02,21.936748504638672
2013-05-03,21.668685913085938
2013-05-06,21.802717208862305
2013-05-07,21.758037567138672
2013-05-08,22.227153778076172
2013-05-09,22.651596069335938
2013-05-10,22.562238693237305
2013-05-13,22.338844299316406
2013-05-14,22.383525848388672
2013-05-15,22.383525848388672
2013-05-16,20.81980323791504
2013-05-17,19.747539520263672
2013-05-20,19.457136154174805
2013-05-21,19.390121459960938
2013-05-22,19.591171264648438
2013-05-23,19.591171264648438
2013-05-24,19.256088256835938
2013-05-27,18.63060188293457
2013-05-28,18.65294075012207
2013-05-29,19.099714279174805
2013-05-30,18.85399055480957
2013-05-31,18.78697395324707
2013-06-03,18.65294075012207
2013-06-04,19.032697677612305
2013-06-05,19.61351203918457
2013-06-06,19.345441818237305
2013-06-07,19.055036544799805
2013-06-10,19.390121459960938
2013-06-11,19.47947883605957
2013-06-13,19.323102951049805
2013-06-14,19.434797286987305
2013-06-17,19.300764083862305
2013-06-18,19.300764083862305
2013-06-19,18.608259201049805
2013-06-20,19.032697677612305
2013-06-21,18.496564865112305
2013-06-24,18.139142990112305
2013-06-25,16.999860763549805
2013-06-26,17.111557006835938
2013-06-27,17.334949493408203
2013-06-28,17.491315841674805
2013-07-01,17.670026779174805
2013-07-02,17.625349044799805
2013-07-03,17.066879272460938
2013-07-04,16.642438888549805
2013-07-05,17.066879272460938
2013-07-08,16.977521896362305
2013-07-09,17.44664192199707
2013-07-10,17.089216232299805
2013-07-11,17.468978881835938
2013-07-12,17.603012084960938
2013-07-15,17.848735809326172
2013-07-16,17.71470832824707
2013-07-17,17.80406379699707
2013-07-18,17.93809700012207
2013-07-19,17.580673217773438
2013-07-22,17.826400756835938
2013-07-23,18.764631271362305
2013-07-24,18.563581466674805
2013-07-25,18.328899383544922
2013-07-26,18.11768341064453
2013-07-29,18.211559295654297
2013-07-30,18.02381134033203
2013-07-31,17.695247650146484
2013-08-01,17.71871566772461
2013-08-02,17.765655517578125
2013-08-05,18.986013412475586
2013-08-06,19.056419372558594
2013-08-07,18.44624137878418
2013-08-08,18.962547302246094
2013-08-09,18.986013412475586
2013-08-12,19.64313316345215
2013-08-13,19.76047706604004
2013-08-14,19.502321243286133
2013-08-15,19.807416915893555
2013-08-16,21.19205093383789
2013-08-19,22.060386657714844
2013-08-20,21.87264060974121
2013-08-22,22.623634338378906
2013-08-23,22.295076370239258
2013-08-26,21.87264060974121
2013-08-27,21.75529670715332
2013-08-28,21.684892654418945
2013-08-29,21.661422729492188
2013-08-30,22.130796432495117
2013-09-02,22.529760360717773
2013-09-03,22.177730560302734
2013-09-04,22.318544387817383
2013-09-05,23.656248092651367
2013-09-06,23.139942169189453
2013-09-09,22.529760360717773
2013-09-10,22.74097442626953
2013-09-11,22.905256271362305
2013-09-12,22.787914276123047
2013-09-13,23.022598266601562
2013-09-16,22.81138038635254
2013-09-17,22.38895034790039
2013-09-18,22.10732650756836
2013-09-23,21.9899845123291
2013-09-24,22.248136520385742
2013-09-25,21.94304656982422
2013-09-26,21.35633659362793
2013-09-27,21.40327262878418
2013-09-30,21.731830596923828
2013-10-01,21.379798889160156
2013-10-02,21.379798889160156
2013-10-03,22.318544387817383
2013-10-04,22.01345443725586
2013-10-07,22.036924362182617
2013-10-08,22.10732650756836
2013-10-09,21.94304656982422
2013-10-11,22.01345443725586
2013-10-14,22.01345443725586
2013-10-15,22.342010498046875
2013-10-16,22.060386657714844
2013-10-17,21.80223846435547
2013-10-18,21.825708389282227
2013-10-21,21.87264060974121
2013-10-22,22.248136520385742
2013-10-23,22.482820510864258
2013-10-24,22.342010498046875
2013-10-25,22.224672317504883
2013-10-28,22.036924362182617
2013-10-29,22.10732650756836
2013-10-30,22.295076370239258
2013-10-31,22.036924362182617
2013-11-01,21.661422729492188
2013-11-04,21.121652603149414
2013-11-05,21.54408073425293
2013-11-06,21.215524673461914
2013-11-07,21.35633659362793
2013-11-08,20.933902740478516
2013-11-11,20.980836868286133
2013-11-12,20.933902740478516
2013-11-13,20.7930908203125
2013-11-14,20.910432815551758
2013-11-15,20.65227699279785
2013-11-18,20.229848861694336
2013-11-19,20.44106101989746
2013-11-20,20.487998962402344
2013-11-21,20.182910919189453
2013-11-22,20.182910919189453
2013-11-25,20.182910919189453
2013-11-26,20.347190856933594
2013-11-27,20.01862907409668
2013-11-28,20.042098999023438
2013-11-29,20.863492965698242
2013-12-02,20.746150970458984
2013-12-03,20.46453285217285
2013-12-04,20.933902740478516
2013-12-05,20.65227699279785
2013-12-06,21.00430679321289
2013-12-09,20.65227699279785
2013-12-10,20.933902740478516
2013-12-11,20.746150970458984
2013-12-12,20.511465072631836
2013-12-13,20.44106101989746
2013-12-16,20.229848861694336
2013-12-17,20.182910919189453
2013-12-18,20.511465072631836
2013-12-19,20.511465072631836
2013-12-20,20.44106101989746
2013-12-23,20.58187484741211
2013-12-24,20.65227699279785
2013-12-25,20.65227699279785
2013-12-26,20.746150970458984
2013-12-27,21.02777862548828
2013-12-30,21.09817886352539
2013-12-31,22.201204299926758
2014-01-02,22.600162506103516
2014-01-03,22.41242027282715
2014-01-06,22.764448165893555
2014-01-07,22.858318328857422
2014-01-08,23.093008041381836
2014-01-09,22.74097442626953
2014-01-10,22.342010498046875
2014-01-13,22.694040298461914
2014-01-14,24.266429901123047
2014-01-15,24.313365936279297
2014-01-16,24.454174041748047
2014-01-17,24.923547744750977
2014-01-20,25.205169677734375
2014-01-21,25.48678970336914
2014-01-22,25.627601623535156
2014-01-23,24.876605987548828
2014-01-24,25.299041748046875
2014-01-27,24.125612258911133
2014-02-05,23.750120162963867
2014-02-06,23.70318603515625
2014-02-07,24.688861846923828
2014-02-10,24.454174041748047
2014-02-11,23.9378719329834
2014-02-12,24.313365936279297
2014-02-13,23.9378719329834
2014-02-14,24.172557830810547
2014-02-17,24.688861846923828
2014-02-18,24.407241821289062
2014-02-19,24.031747817993164
2014-02-20,23.843994140625
2014-02-21,24.125612258911133
2014-02-24,23.890933990478516
2014-02-25,23.9378719329834
2014-02-26,23.515438079833984
2014-02-27,24.313365936279297
2014-03-03,24.031747817993164
2014-03-04,23.609312057495117
2014-03-05,23.890933990478516
2014-03-06,24.876605987548828
2014-03-07,24.2194881439209
2014-03-10,23.750120162963867
2014-03-11,23.843994140625
2014-03-12,23.843994140625
2014-03-13,23.843994140625
2014-03-14,23.56237030029297
2014-03-17,23.28074836730957
2014-03-18,23.468496322631836
2014-03-19,23.163410186767578
2014-03-20,22.43588638305664
2014-03-21,22.975658416748047
2014-03-24,22.482820510864258
2014-03-25,22.647104263305664
2014-03-26,22.529760360717773
2014-03-27,22.271604537963867
2014-03-28,22.576696395874023
2014-03-31,22.99913215637207
2014-04-01,22.670570373535156
2014-04-02,22.130796432495117
2014-04-03,21.684892654418945
2014-04-07,21.896108627319336
2014-04-08,22.01345443725586
2014-04-09,22.201204299926758
2014-04-10,22.083858489990234
2014-04-11,22.154260635375977
2014-04-14,22.060386657714844
2014-04-15,22.154260635375977
2014-04-16,22.154260635375977
2014-04-17,21.9899845123291
2014-04-18,22.083858489990234
2014-04-21,21.849170684814453
2014-04-22,22.177730560302734
2014-04-23,22.647104263305664
2014-04-24,22.694040298461914
2014-04-25,21.919578552246094
2014-04-28,22.224672317504883
2014-04-29,22.295076370239258
2014-04-30,22.036924362182617
2014-05-02,22.036924362182617
2014-05-05,22.365476608276367
2014-05-06,22.459352493286133
2014-05-07,22.482820510864258
2014-05-08,22.600162506103516
2014-05-09,22.506290435791016
2014-05-12,22.248136520385742
2014-05-13,22.10732650756836
2014-05-14,22.177730560302734
2014-05-15,22.154260635375977
2014-05-16,22.43588638305664
2014-05-19,22.482820510864258
2014-05-20,22.201204299926758
2014-05-21,22.10732650756836
2014-05-22,22.224672317504883
2014-05-23,22.154260635375977
2014-05-26,22.506290435791016
2014-05-27,23.32769012451172
2014-05-28,23.28074836730957
2014-05-29,23.046066284179688
2014-05-30,22.787914276123047
2014-06-03,22.928722381591797
2014-06-04,22.74097442626953
2014-06-05,22.905256271362305
2014-06-06,23.093008041381836
2014-06-09,22.99913215637207
2014-06-10,22.881786346435547
2014-06-11,22.99913215637207
2014-06-12,23.093008041381836
2014-06-13,23.843994140625
2014-06-16,23.70318603515625
2014-06-17,23.374624252319336
2014-06-18,23.56237030029297
2014-06-19,23.515438079833984
2014-06-20,23.609312057495117
2014-06-23,22.905256271362305
2014-06-24,23.093008041381836
2014-06-25,23.069536209106445
2014-06-26,23.233816146850586
2014-06-27,23.39809226989746
2014-06-30,23.609312057495117
2014-07-01,23.56237030029297
2014-07-02,23.56237030029297
2014-07-03,23.515438079833984
2014-07-04,23.797061920166016
2014-07-07,24.172557830810547
2014-07-08,23.98480796813965
2014-07-09,23.797061920166016
2014-07-10,23.896419525146484
2014-07-11,23.250566482543945
2014-07-14,23.176048278808594
2014-07-15,23.10152816772461
2014-07-16,23.10152816772461
2014-07-17,23.52381706237793
2014-07-18,23.672855377197266
2014-07-21,23.548654556274414
2014-07-22,23.548654556274414
2014-07-23,23.548654556274414
2014-07-24,23.896419525146484
2014-07-25,24.02062225341797
2014-07-28,23.79705810546875
2014-07-29,23.747379302978516
2014-07-30,23.64801788330078
2014-07-31,23.449291229248047
2014-08-01,23.22572898864746
2014-08-04,23.399612426757812
2014-08-05,23.20088768005371
2014-08-06,22.629560470581055
2014-08-07,22.803443908691406
2014-08-08,22.679241180419922
2014-08-11,22.679241180419922
2014-08-12,22.455677032470703
2014-08-13,22.35631561279297
2014-08-14,21.412384033203125
2014-08-15,22.03339195251465
2014-08-18,21.78498649597168
2014-08-19,21.98371124267578
2014-08-20,21.884347915649414
2014-08-21,21.884347915649414
2014-08-22,22.03339195251465
2014-08-25,22.43083953857422
2014-08-26,22.38115882873535
2014-08-27,22.604719161987305
2014-08-28,22.70408058166504
2014-08-29,22.654403686523438
2014-09-01,22.728923797607422
2014-09-02,22.33148193359375
2014-09-03,22.902807235717773
2014-09-04,22.654403686523438
2014-09-05,22.53019905090332
2014-09-09,22.853126525878906
2014-09-10,22.654403686523438
2014-09-11,22.3066349029541
2014-09-12,22.0085506439209
2014-09-15,21.90919303894043
2014-09-16,21.85951042175293
2014-09-17,21.710468292236328
2014-09-18,21.710468292236328
2014-09-19,21.660785675048828
2014-09-22,21.561424255371094
2014-09-23,21.412384033203125
2014-09-24,21.76015281677246
2014-09-25,21.43722152709961
2014-09-26,21.263341903686523
2014-09-29,21.114299774169922
2014-09-30,20.865896224975586
2014-10-01,20.79137420654297
2014-10-02,20.468448638916016
2014-10-03,20.741695404052734
2014-10-06,20.617490768432617
2014-10-07,20.468448638916016
2014-10-08,20.940420150756836
2014-10-09,21.16398048400879
2014-10-13,20.51813507080078
2014-10-14,20.865896224975586
2014-10-15,20.716856002807617
2014-10-16,21.114299774169922
2014-10-17,20.51813507080078
2014-10-20,20.766536712646484
2014-10-21,21.064619064331055
2014-10-22,21.114299774169922
2014-10-23,20.890737533569336
2014-10-24,20.940420150756836
2014-10-27,20.865896224975586
2014-10-28,20.940420150756836
2014-10-29,21.064619064331055
2014-10-30,20.99009895324707
2014-10-31,21.18882179260254
2014-11-03,21.561424255371094
2014-11-04,21.362703323364258
2014-11-05,21.288185119628906
2014-11-06,21.387542724609375
2014-11-07,21.611106872558594
2014-11-10,21.884347915649414
2014-11-11,21.288185119628906
2014-11-12,21.064619064331055
2014-11-13,20.79137420654297
2014-11-14,21.511749267578125
2014-11-17,21.561424255371094
2014-11-18,21.561424255371094
2014-11-19,21.76015281677246
2014-11-20,22.207273483276367
2014-11-21,22.3066349029541
2014-11-24,22.38115882873535
2014-11-25,22.38115882873535
2014-11-26,22.157594680786133
2014-11-27,22.35631561279297
2014-11-28,22.35631561279297
2014-12-01,22.455677032470703
2014-12-02,22.33148193359375
2014-12-03,22.95248794555664
2014-12-04,23.027006149291992
2014-12-05,23.250566482543945
2014-12-08,23.374771118164062
2014-12-09,23.250566482543945
2014-12-10,23.12636947631836
2014-12-11,22.207273483276367
2014-12-12,22.157594680786133
2014-12-15,21.98371124267578
2014-12-16,22.33148193359375
2014-12-17,21.68562889099121
2014-12-18,21.884347915649414
2014-12-19,22.182432174682617
2014-12-22,22.0085506439209
2014-12-23,22.38115882873535
2014-12-24,22.35631561279297
2014-12-25,22.256954193115234
2014-12-26,22.256954193115234
2014-12-29,22.405996322631836
2014-12-30,22.604719161987305
2014-12-31,22.902807235717773
2015-01-05,22.753761291503906
2015-01-06,22.107912063598633
2015-01-07,22.107912063598633
2015-01-08,22.629560470581055
2015-01-09,22.48052215576172
2015-01-12,22.927644729614258
2015-01-13,23.051849365234375
2015-01-14,23.151206970214844
2015-01-15,22.778600692749023
2015-01-16,22.405996322631836
2015-01-19,22.43083953857422
2015-01-20,22.828285217285156
2015-01-21,22.654403686523438
2015-01-22,23.07668685913086
2015-01-23,23.151206970214844
2015-01-26,22.977325439453125
2015-01-27,22.902807235717773
2015-01-28,22.853126525878906
2015-01-29,23.051849365234375
2015-01-30,22.604719161987305
2015-02-02,22.38115882873535
2015-02-03,22.53019905090332
2015-02-04,22.53019905090332
2015-02-05,22.629560470581055
2015-02-06,22.629560470581055
2015-02-09,22.35631561279297
2015-02-10,22.43083953857422
2015-02-11,22.604719161987305
2015-02-12,22.405996322631836
2015-02-13,22.455677032470703
2015-02-24,22.828285217285156
2015-02-25,22.70408058166504
2015-02-26,22.778600692749023
2015-03-02,22.70408058166504
2015-03-03,22.778600692749023
2015-03-04,22.778600692749023
2015-03-05,22.555038452148438
2015-03-06,22.629560470581055
2015-03-09,22.505361557006836
2015-03-10,22.232112884521484
2015-03-11,21.85951042175293
2015-03-12,22.132753372192383
2015-03-13,21.90919303894043
2015-03-16,21.90919303894043
2015-03-17,21.884347915649414
2015-03-18,21.958873748779297
2015-03-19,21.884347915649414
2015-03-20,22.0085506439209
2015-03-23,21.710468292236328
2015-03-24,21.68562889099121
2015-03-25,21.462066650390625
2015-03-26,21.486902236938477
2015-03-27,21.238500595092773
2015-03-30,20.940420150756836
2015-03-31,21.014934539794922
2015-04-01,20.8410587310791
2015-04-02,20.865896224975586
2015-04-07,20.940420150756836
2015-04-08,20.816213607788086
2015-04-09,20.865896224975586
2015-04-10,20.940420150756836
2015-04-13,20.940420150756836
2015-04-14,20.816213607788086
2015-04-15,20.567808151245117
2015-04-16,20.692012786865234
2015-04-17,20.567808151245117
2015-04-20,20.567808151245117
2015-04-21,20.567808151245117
2015-04-22,20.369089126586914
2015-04-23,20.816213607788086
2015-04-24,21.16398048400879
2015-04-27,21.511749267578125
2015-04-28,21.263341903686523
2015-04-29,21.33786392211914
2015-04-30,21.611106872558594
2015-05-04,21.462066650390625
2015-05-05,21.462066650390625
2015-05-06,21.362703323364258
2015-05-07,21.114299774169922
2015-05-08,21.114299774169922
2015-05-11,20.915576934814453
2015-05-12,20.890737533569336
2015-05-13,21.660785675048828
2015-05-14,21.362703323364258
2015-05-15,21.238500595092773
2015-05-18,21.611106872558594
2015-05-19,21.63594627380371
2015-05-20,21.486902236938477
2015-05-21,21.660785675048828
2015-05-22,21.76015281677246
2015-05-25,21.85951042175293
2015-05-26,21.958873748779297
2015-05-27,22.256954193115234
2015-05-28,22.70408058166504
2015-05-29,22.629560470581055
2015-06-01,22.95248794555664
2015-06-02,23.07668685913086
2015-06-03,23.002166748046875
2015-06-04,22.53019905090332
2015-06-05,22.232112884521484
2015-06-08,22.853126525878906
2015-06-09,22.604719161987305
2015-06-10,22.38115882873535
2015-06-11,22.03339195251465
2015-06-12,22.3066349029541
2015-06-15,22.3066349029541
2015-06-16,22.083072662353516
2015-06-17,22.405996322631836
2015-06-18,22.505361557006836
2015-06-22,22.405996322631836
2015-06-23,22.33148193359375
2015-06-24,22.0085506439209
2015-06-25,22.803443908691406
2015-06-26,22.902807235717773
2015-06-29,22.207273483276367
2015-06-30,22.728923797607422
2015-07-01,22.48052215576172
2015-07-02,22.579875946044922
2015-07-03,22.629560470581055
2015-07-06,22.281797409057617
2015-07-07,22.3066349029541
2015-07-08,21.809831619262695
2015-07-09,21.68562889099121
2015-07-10,21.68562889099121
2015-07-13,21.958873748779297
2015-07-14,21.90919303894043
2015-07-15,22.157594680786133
2015-07-16,21.76015281677246
2015-07-17,21.63594627380371
2015-07-20,21.18882179260254
2015-07-21,21.16398048400879
2015-07-22,21.114299774169922
2015-07-23,21.16398048400879
2015-07-24,21.064619064331055
2015-07-27,20.4436092376709
2015-07-28,20.39392852783203
2015-07-29,20.145524978637695
2015-07-30,20.983797073364258
2015-07-31,20.57817840576172
2015-08-03,21.01083755493164
2015-08-04,20.68634605407715
2015-08-05,20.605222702026367
2015-08-06,20.442977905273438
2015-08-07,20.253686904907227
2015-08-10,20.605222702026367
2015-08-11,20.388896942138672
2015-08-12,20.11848258972168
2015-08-13,20.524099349975586
2015-08-14,19.929197311401367
2015-08-17,18.928682327270508
2015-08-18,18.820518493652344
2015-08-19,18.25265884399414
2015-08-20,17.874086380004883
2015-08-21,17.333263397216797
2015-08-24,16.819486618041992
2015-08-25,17.414386749267578
2015-08-26,17.25214195251465
2015-08-27,17.549592971801758
2015-08-28,17.901126861572266
2015-08-31,18.71235466003418
2015-09-01,18.198575973510742
2015-09-02,18.090412139892578
2015-09-03,18.25265884399414
2015-09-04,18.009288787841797
2015-09-07,18.225616455078125
2015-09-08,18.171533584594727
2015-09-09,19.11796760559082
2015-09-10,19.226131439208984
2015-09-11,19.469501495361328
2015-09-14,19.199094772338867
2015-09-15,19.199094772338867
2015-09-16,19.199094772338867
2015-09-17,19.55062484741211
2015-09-18,19.55062484741211
2015-09-21,19.009803771972656
2015-09-22,19.172054290771484
2015-09-23,18.577150344848633
2015-09-24,17.847043991088867
2015-09-25,17.765918731689453
2015-09-29,17.765918731689453
2015-09-30,17.738880157470703
2015-10-01,17.95520782470703
2015-10-02,18.117454528808594
2015-10-05,18.198575973510742
2015-10-06,18.387863159179688
2015-10-07,18.496028900146484
2015-10-08,18.387863159179688
2015-10-12,18.84756088256836
2015-10-13,18.955724716186523
2015-10-14,18.79347801208496
2015-10-15,18.928682327270508
2015-10-16,19.172054290771484
2015-10-19,18.739397048950195
2015-10-20,18.41490364074707
2015-10-21,18.333784103393555
2015-10-22,18.27969741821289
2015-10-23,18.41490364074707
2015-10-26,18.71235466003418
2015-10-27,18.928682327270508
2015-10-28,18.84756088256836
2015-10-29,18.820518493652344
2015-10-30,18.577150344848633
2015-11-02,18.496028900146484
2015-11-03,19.036846160888672
2015-11-04,19.469501495361328
2015-11-05,19.3072566986084
2015-11-06,18.928682327270508
2015-11-09,18.901639938354492
2015-11-10,18.820518493652344
2015-11-11,18.87459945678711
2015-11-12,18.928682327270508
2015-11-13,17.63071632385254
2015-11-16,17.171016693115234
2015-11-17,17.225099563598633
2015-11-18,16.981731414794922
2015-11-19,17.27918243408203
2015-11-20,17.03581428527832
2015-11-23,16.90060806274414
2015-11-24,16.765403747558594
2015-11-25,16.927648544311523
2015-11-26,16.846527099609375
2015-11-27,16.981731414794922
2015-11-30,17.1169376373291
2015-12-01,17.08989715576172
2015-12-02,17.03581428527832
2015-12-03,17.1169376373291
2015-12-04,17.387346267700195
2015-12-07,17.143978118896484
2015-12-08,16.981731414794922
2015-12-09,16.765403747558594
2015-12-10,17.1169376373291
2015-12-11,16.71132469177246
2015-12-14,16.38683319091797
2015-12-15,16.332746505737305
2015-12-16,16.332746505737305
2015-12-17,16.65723991394043
2015-12-18,17.03581428527832
2015-12-21,17.1169376373291
2015-12-22,17.522550582885742
2015-12-23,17.49551010131836
2015-12-24,17.360305786132812
2015-12-25,17.441429138183594
2015-12-28,17.603673934936523
2015-12-29,17.306224822998047
2015-12-30,17.25214195251465
2015-12-31,17.333263397216797
2016-01-04,16.71132469177246
2016-01-05,16.57611846923828
2016-01-06,16.981731414794922
2016-01-07,16.630199432373047
2016-01-08,16.71132469177246
2016-01-11,16.35978889465332
2016-01-12,16.41387367248535
2016-01-13,16.35978889465332
2016-01-14,16.522037506103516
2016-01-15,16.38683319091797
2016-01-18,16.332746505737305
2016-01-19,16.522037506103516
2016-01-20,16.305706024169922
2016-01-21,15.95417594909668
2016-01-22,16.170501708984375
2016-01-25,16.41387367248535
2016-01-26,16.089378356933594
2016-01-27,16.25162696838379
2016-01-28,16.38683319091797
2016-01-29,16.819486618041992
2016-02-01,16.71132469177246
2016-02-02,16.494993209838867
2016-02-03,16.305706024169922
2016-02-15,16.57611846923828
2016-02-16,16.90060806274414
2016-02-17,16.954689025878906
2016-02-18,17.03581428527832
2016-02-19,17.414386749267578
2016-02-22,17.95520782470703
2016-02-23,17.95520782470703
2016-02-24,18.009288787841797
2016-02-25,17.982248306274414
2016-02-26,18.333784103393555
2016-03-01,17.92816734313965
2016-03-02,18.117454528808594
2016-03-03,18.063369750976562
2016-03-04,17.847043991088867
2016-03-07,18.009288787841797
2016-03-08,17.982248306274414
2016-03-09,17.738880157470703
2016-03-10,17.847043991088867
2016-03-11,17.982248306274414
2016-03-14,18.25265884399414
2016-03-15,17.522550582885742
2016-03-16,18.117454528808594
2016-03-17,18.27969741821289
2016-03-18,18.739397048950195
2016-03-21,19.036846160888672
2016-03-22,19.036846160888672
2016-03-23,19.036846160888672
2016-03-24,19.036846160888672
2016-03-25,18.550106048583984
2016-03-28,18.496028900146484
2016-03-29,18.387863159179688
2016-03-30,18.360820770263672
2016-03-31,17.92816734313965
2016-04-01,17.982248306274414
2016-04-06,17.847043991088867
2016-04-07,17.738880157470703
2016-04-08,17.765918731689453
2016-04-11,17.576631546020508
2016-04-12,17.576631546020508
2016-04-13,17.901126861572266
2016-04-14,17.901126861572266
2016-04-15,18.144495010375977
2016-04-18,18.036327362060547
2016-04-19,18.063369750976562
2016-04-20,17.576631546020508
2016-04-21,17.792964935302734
2016-04-22,17.820003509521484
2016-04-25,17.847043991088867
2016-04-26,17.738880157470703
2016-04-27,17.46847152709961
2016-04-28,17.360305786132812
2016-04-29,17.333263397216797
2016-05-03,16.927648544311523
2016-05-04,16.738365173339844
2016-05-05,16.71132469177246
2016-05-06,16.603158950805664
2016-05-09,16.549076080322266
2016-05-10,16.57611846923828
2016-05-11,16.494993209838867
2016-05-12,16.549076080322266
2016-05-13,16.41387367248535
2016-05-16,16.278667449951172
2016-05-17,17.008771896362305
2016-05-18,17.27918243408203
2016-05-19,16.846527099609375
2016-05-20,17.03581428527832
2016-05-23,17.306224822998047
2016-05-24,17.062854766845703
2016-05-25,17.360305786132812
2016-05-26,17.49551010131836
2016-05-27,17.49551010131836
2016-05-30,17.63071632385254
2016-05-31,17.522550582885742
2016-06-01,17.549592971801758
2016-06-02,17.549592971801758
2016-06-03,17.765918731689453
2016-06-06,17.820003509521484
2016-06-07,18.441944122314453
2016-06-08,18.41490364074707
2016-06-13,18.036327362060547
2016-06-14,18.387863159179688
2016-06-15,18.333784103393555
2016-06-16,18.117454528808594
2016-06-17,18.27969741821289
2016-06-20,18.333784103393555
2016-06-21,18.306737899780273
2016-06-22,18.387863159179688
2016-06-23,18.360820770263672
2016-06-24,17.765918731689453
2016-06-27,18.144495010375977
2016-06-28,18.198575973510742
2016-06-29,18.333784103393555
2016-06-30,18.79347801208496
2016-07-01,18.577150344848633
2016-07-04,18.658273696899414
2016-07-05,18.820518493652344
2016-07-06,18.41490364074707
2016-07-07,18.68531608581543
2016-07-08,18.68531608581543
2016-07-11,19.9832820892334
2016-07-12,19.9832820892334
2016-07-13,19.9832820892334
2016-07-14,19.956239700317383
2016-07-15,19.9832820892334
2016-07-18,20.659303665161133
2016-07-19,20.82154655456543
2016-07-20,20.68634605407715
2016-07-21,20.659303665161133
2016-07-22,20.659303665161133
2016-07-25,20.470020294189453
2016-07-26,20.470020294189453
2016-07-27,20.659303665161133
2016-07-28,20.63226318359375
2016-07-29,20.388896942138672
2016-08-01,20.442977905273438
2016-08-02,20.659303665161133
2016-08-03,20.713388442993164
2016-08-04,20.605222702026367
2016-08-05,20.659303665161133
2016-08-08,20.659303665161133
2016-08-09,20.90267562866211
2016-08-10,21.01083755493164
2016-08-11,20.90267562866211
2016-08-12,20.659303665161133
2016-08-15,20.524099349975586
2016-08-16,19.90215492248535
2016-08-17,19.658790588378906
2016-08-18,19.658790588378906
2016-08-19,19.361339569091797
2016-08-22,19.523584365844727
2016-08-23,19.49654197692871
2016-08-24,19.55062484741211
2016-08-25,19.76695442199707
2016-08-26,19.739912033081055
2016-08-29,19.739912033081055
2016-08-30,19.927438735961914
2016-08-31,19.749780654907227
2016-09-01,19.690561294555664
2016-09-02,19.601730346679688
2016-09-05,20.193927764892578
2016-09-06,20.31237030029297
2016-09-07,20.845346450805664
2016-09-08,21.230274200439453
2016-09-09,21.230274200439453
2016-09-12,20.54924964904785
2016-09-13,20.282758712768555
2016-09-14,19.749780654907227
2016-09-19,20.16431999206543
2016-09-20,20.31237030029297
2016-09-21,20.282758712768555
2016-09-22,20.578857421875
2016-09-23,20.519638061523438
2016-09-26,20.253150939941406
2016-09-27,20.253150939941406
2016-09-28,20.253150939941406
2016-09-29,20.697294235229492
2016-09-30,20.667686462402344
2016-10-03,20.40119743347168
2016-10-04,20.54924964904785
2016-10-05,20.54924964904785
2016-10-06,20.726905822753906
2016-10-07,20.341976165771484
2016-10-11,20.223539352416992
2016-10-12,20.578857421875
2016-10-13,20.13471031188965
2016-10-14,20.045879364013672
2016-10-17,20.105100631713867
2016-10-18,20.223539352416992
2016-10-19,20.341976165771484
2016-10-20,20.105100631713867
2016-10-21,20.223539352416992
2016-10-24,20.13471031188965
2016-10-25,20.075490951538086
2016-10-26,20.016267776489258
2016-10-27,19.986658096313477
2016-10-28,20.193927764892578
2016-10-31,19.957050323486328
2016-11-01,20.075490951538086
2016-11-02,20.075490951538086
2016-11-03,20.016267776489258
2016-11-04,19.957050323486328
2016-11-07,19.720172882080078
2016-11-08,19.720172882080078
2016-11-09,19.542512893676758
2016-11-10,19.779390335083008
2016-11-11,19.18719482421875
2016-11-14,19.098365783691406
2016-11-15,19.335243225097656
2016-11-16,19.127975463867188
2016-11-17,19.03914451599121
2016-11-18,19.06875228881836
2016-11-21,19.30562973022461
2016-11-22,19.57212257385254
2016-11-23,19.27602195739746
2016-11-24,19.18719482421875
2016-11-25,19.127975463867188
2016-11-28,19.18719482421875
2016-11-29,19.03914451599121
2016-11-30,19.30562973022461
2016-12-01,19.27602195739746
2016-12-02,19.06875228881836
2016-12-05,18.979923248291016
2016-12-06,19.157583236694336
2016-12-07,19.30562973022461
2016-12-08,19.30562973022461
2016-12-09,19.424072265625
2016-12-12,19.39446449279785
2016-12-13,19.30562973022461
2016-12-14,19.27602195739746
2016-12-15,19.364852905273438
2016-12-16,19.424072265625
2016-12-19,19.30562973022461
2016-12-20,19.27602195739746
2016-12-21,19.24641227722168
2016-12-22,19.18719482421875
2016-12-23,19.157583236694336
2016-12-26,19.18719482421875
2016-12-27,19.18719482421875
2016-12-28,19.24641227722168
2016-12-29,19.18719482421875
2016-12-30,19.24641227722168
2017-01-03,19.157583236694336
2017-01-04,19.009532928466797
2017-01-05,19.06875228881836
2017-01-06,19.18719482421875
2017-01-09,19.127975463867188
2017-01-10,19.098365783691406
2017-01-11,19.098365783691406
2017-01-12,19.424072265625
2017-01-13,19.424072265625
2017-01-16,19.335243225097656
2017-01-17,19.335243225097656
2017-01-18,19.157583236694336
2017-01-19,19.127975463867188
2017-01-20,19.157583236694336
2017-01-23,19.335243225097656
2017-01-24,19.30562973022461
2017-02-02,19.127975463867188
2017-02-03,19.18719482421875
2017-02-06,19.483291625976562
2017-02-07,19.364852905273438
2017-02-08,19.720172882080078
2017-02-09,19.927438735961914
2017-02-10,20.075490951538086
2017-02-13,19.838611602783203
2017-02-14,19.986658096313477
2017-02-15,19.986658096313477
2017-02-16,19.838611602783203
2017-02-17,19.749780654907227
2017-02-20,19.720172882080078
2017-02-21,19.927438735961914
2017-02-22,19.927438735961914
2017-02-23,19.868221282958984
2017-02-24,19.986658096313477
2017-03-01,20.045879364013672
2017-03-02,20.016267776489258
2017-03-03,19.957050323486328
2017-03-06,19.897830963134766
2017-03-07,19.897830963134766
2017-03-08,19.868221282958984
2017-03-09,19.838611602783203
2017-03-10,19.660951614379883
2017-03-13,19.690561294555664
2017-03-14,19.779390335083008
2017-03-15,19.779390335083008
2017-03-16,19.749780654907227
2017-03-17,19.897830963134766
2017-03-20,19.335243225097656
2017-03-21,19.24641227722168
2017-03-22,19.18719482421875
2017-03-23,19.364852905273438
2017-03-24,19.335243225097656
2017-03-27,19.27602195739746
2017-03-28,19.27602195739746
2017-03-29,19.2168025970459
2017-03-30,19.30562973022461
2017-03-31,19.335243225097656
2017-04-05,19.6313419342041
2017-04-06,19.542512893676758
2017-04-07,19.601730346679688
2017-04-10,19.512903213500977
2017-04-11,19.483291625976562
2017-04-12,19.483291625976562
2017-04-13,19.27602195739746
2017-04-14,19.2168025970459
2017-04-17,19.098365783691406
2017-04-18,19.157583236694336
2017-04-19,19.03914451599121
2017-04-20,19.06875228881836
2017-04-21,19.24641227722168
2017-04-24,19.24641227722168
2017-04-25,19.364852905273438
2017-04-26,19.542512893676758
2017-04-27,19.542512893676758
2017-04-28,19.364852905273438
2017-05-02,19.512903213500977
2017-05-03,19.364852905273438
2017-05-04,19.364852905273438
2017-05-05,19.364852905273438
2017-05-08,19.127975463867188
2017-05-09,19.24641227722168
2017-05-10,19.335243225097656
2017-05-11,19.27602195739746
2017-05-12,19.30562973022461
2017-05-15,19.30562973022461
2017-05-16,19.927438735961914
2017-05-17,19.986658096313477
2017-05-18,20.13471031188965
2017-05-19,20.223539352416992
2017-05-22,20.193927764892578
2017-05-23,20.578857421875
2017-05-24,20.608469009399414
2017-05-25,20.54924964904785
2017-05-26,20.578857421875
2017-05-31,20.43080711364746
2017-06-01,20.40119743347168
2017-06-02,20.490028381347656
2017-06-05,20.54924964904785
2017-06-06,20.608469009399414
2017-06-07,20.608469009399414
2017-06-08,20.7861270904541
2017-06-09,21.02300453186035
2017-06-12,20.54924964904785
2017-06-13,20.43080711364746
2017-06-14,20.045879364013672
2017-06-15,20.16431999206543
2017-06-16,20.16431999206543
2017-06-19,20.223539352416992
2017-06-20,20.223539352416992
2017-06-21,20.105100631713867
2017-06-22,20.13471031188965
2017-06-23,20.341976165771484
2017-06-26,20.519638061523438
2017-06-27,20.490028381347656
2017-06-28,20.282758712768555
2017-06-29,20.13471031188965
2017-06-30,20.193927764892578
2017-07-03,20.075490951538086
2017-07-04,19.986658096313477
2017-07-05,20.223539352416992
2017-07-06,20.105100631713867
2017-07-07,20.045879364013672
2017-07-10,20.16431999206543
2017-07-11,20.341976165771484
2017-07-12,20.490028381347656
2017-07-13,20.490028381347656
2017-07-14,20.43080711364746
2017-07-17,20.43080711364746
2017-07-18,20.43080711364746
2017-07-19,20.282758712768555
2017-07-20,20.282758712768555
2017-07-21,20.193927764892578
2017-07-24,20.3715877532959
2017-07-25,20.13471031188965
2017-07-26,20.13471031188965
2017-07-27,20.193927764892578
2017-07-28,20.13471031188965
2017-07-31,19.897830963134766
2017-08-01,20.016267776489258
2017-08-02,20.223539352416992
2017-08-03,20.13471031188965
2017-08-04,20.13471031188965
2017-08-07,20.016267776489258
2017-08-08,20.105100631713867
2017-08-09,20.075490951538086
2017-08-10,19.838611602783203
2017-08-11,19.809001922607422
2017-08-14,19.512903213500977
2017-08-15,20.045879364013672
2017-08-16,20.193927764892578
2017-08-17,20.3715877532959
2017-08-18,20.460416793823242
2017-08-21,20.341976165771484
2017-08-22,20.341976165771484
2017-08-23,20.31237030029297
2017-08-24,20.223539352416992
2017-08-25,20.341976165771484
2017-08-28,20.70795249938965
2017-08-29,20.555463790893555
2017-08-30,20.555463790893555
2017-08-31,20.555463790893555
2017-09-01,20.585960388183594
2017-09-04,20.555463790893555
2017-09-05,20.585960388183594
2017-09-06,20.46396827697754
2017-09-07,21.348403930664062
2017-09-08,21.958358764648438
2017-09-11,22.11084747314453
2017-09-12,21.958358764648438
2017-09-13,21.866865158081055
2017-09-14,21.775373458862305
2017-09-15,21.927860260009766
2017-09-18,22.446321487426758
2017-09-19,22.263336181640625
2017-09-20,22.14134407043457
2017-09-21,22.29383087158203
2017-09-22,22.080350875854492
2017-09-25,21.348403930664062
2017-09-26,21.958358764648438
2017-09-27,22.11084747314453
2017-09-28,22.14134407043457
2017-09-29,22.202341079711914
2017-10-02,22.202341079711914
2017-10-03,22.47681999206543
2017-10-05,22.995281219482422
2017-10-06,22.812294006347656
2017-10-11,22.56831169128418
2017-10-12,23.02577781677246
2017-10-13,23.11727523803711
2017-10-16,23.330759048461914
2017-10-17,22.964786529541016
2017-10-18,23.02577781677246
2017-10-19,23.11727523803711
2017-10-20,23.147769927978516
2017-10-23,23.879714965820312
2017-10-24,23.91021156311035
2017-10-25,23.879714965820312
2017-10-26,23.69672966003418
2017-10-27,23.36125373840332
2017-10-30,23.42224884033203
2017-10-31,23.30025863647461
2017-11-01,23.36125373840332
2017-11-02,23.330759048461914
2017-11-03,23.330759048461914
2017-11-06,23.2392578125
2017-11-07,23.30025863647461
2017-11-08,23.178268432617188
2017-11-09,22.873287200927734
2017-11-10,23.391748428344727
2017-11-13,22.903785705566406
2017-11-14,22.690303802490234
2017-11-15,22.56831169128418
2017-11-16,22.903785705566406
2017-11-17,23.544235229492188
2017-11-20,23.8187198638916
2017-11-21,23.8187198638916
2017-11-22,23.8187198638916
2017-11-23,23.971206665039062
2017-11-24,24.032203674316406
2017-11-27,23.94070816040039
2017-11-28,24.489667892456055
2017-11-29,24.58116340637207
2017-11-30,24.76414680480957
2017-12-01,24.215190887451172
2017-12-04,24.27618408203125
2017-12-05,23.94070816040039
2017-12-06,23.483247756958008
2017-12-07,24.367679595947266
2017-12-08,24.58116340637207
2017-12-11,24.76414680480957
2017-12-12,24.94713592529297
2017-12-13,24.5506649017334
2017-12-14,24.97763442993164
2017-12-15,24.70315170288086
2017-12-18,24.825145721435547
2017-12-19,24.70315170288086
2017-12-20,24.70315170288086
2017-12-21,24.825145721435547
2017-12-22,24.73365020751953
2017-12-25,24.398174285888672
2017-12-26,24.24568748474121
2017-12-27,24.58116340637207
2017-12-28,24.73365020751953
2017-12-29,24.73365020751953
2018-01-02,24.91663360595703
2018-01-03,25.435094833374023
2018-01-04,25.496095657348633
2018-01-05,25.770572662353516
2018-01-08,25.679079055786133
2018-01-09,25.557090759277344
2018-01-10,25.37409782409668
2018-01-11,25.282609939575195
2018-01-12,25.37409782409668
2018-01-15,25.496095657348633
2018-01-16,25.404605865478516
2018-01-17,25.52659034729004
2018-01-18,25.52659034729004
2018-01-19,25.58758544921875
2018-01-22,25.618087768554688
2018-01-23,25.618087768554688
2018-01-24,25.3131046295166
2018-01-25,25.52659034729004
2018-01-26,25.618087768554688
2018-01-29,25.465595245361328
2018-01-30,24.91663360595703
2018-01-31,25.160619735717773
2018-02-01,24.97763442993164
2018-02-02,24.52016830444336
2018-02-05,23.971206665039062
2018-02-06,23.08677101135254
2018-02-07,23.574737548828125
2018-02-08,23.666229248046875
2018-02-09,23.11727523803711
2018-02-12,23.11727523803711
2018-02-21,23.391748428344727
2018-02-22,23.36125373840332
2018-02-23,23.757720947265625
2018-02-26,23.788223266601562
2018-02-27,23.605234146118164
2018-03-01,23.879714965820312
2018-03-02,23.63573455810547
2018-03-05,22.995281219482422
2018-03-06,23.2392578125
2018-03-07,23.208765029907227
2018-03-08,23.208765029907227
2018-03-09,23.2392578125
2018-03-12,23.42224884033203
2018-03-13,23.8187198638916
2018-03-14,24.27618408203125
2018-03-15,24.886140823364258
2018-03-16,25.465595245361328
2018-03-19,25.70958137512207
2018-03-20,25.70958137512207
2018-03-21,26.045053482055664
2018-03-22,26.35002899169922
2018-03-23,26.441524505615234
2018-03-26,26.62451171875
2018-03-27,26.47201919555664
2018-03-28,26.380525588989258
2018-03-29,26.53302001953125
2018-03-30,26.59400749206543
2018-04-02,26.990482330322266
2018-04-03,26.53302001953125
2018-04-09,26.89898681640625
2018-04-10,26.990482330322266
2018-04-11,27.53944206237793
2018-04-12,27.53944206237793
2018-04-13,27.447946548461914
2018-04-16,27.264965057373047
2018-04-17,26.959983825683594
2018-04-18,26.837993621826172
2018-04-19,27.325956344604492
2018-04-20,27.295455932617188
2018-04-23,26.837993621826172
2018-04-24,26.62451171875
2018-04-25,26.53302001953125
2018-04-26,26.01455307006836
2018-04-27,25.496095657348633
2018-04-30,26.07554817199707
2018-05-02,26.136547088623047
2018-05-03,26.197542190551758
2018-05-04,26.228042602539062
2018-05-07,25.8620662689209
2018-05-08,26.319530487060547
2018-05-09,26.35002899169922
2018-05-10,27.08197593688965
2018-05-11,26.411026000976562
2018-05-14,27.112472534179688
2018-05-15,27.600433349609375
2018-05-16,28.05790138244629
2018-05-17,28.66785430908203
2018-05-18,28.942337036132812
2018-05-21,29.12532615661621
2018-05-22,29.09482192993164
2018-05-23,29.247310638427734
2018-05-24,29.09482192993164
2018-05-25,28.972835540771484
2018-05-28,29.064329147338867
2018-05-29,29.064329147338867
2018-05-30,28.576358795166016
2018-05-31,29.277807235717773
2018-06-01,28.728849411010742
2018-06-04,29.155820846557617
2018-06-05,29.369304656982422
2018-06-06,28.881338119506836
2018-06-07,29.277807235717773
2018-06-08,28.881338119506836
2018-06-11,28.51536750793457
2018-06-12,28.606861114501953
2018-06-13,28.54586410522461
2018-06-14,28.42387580871582
2018-06-15,28.54586410522461
2018-06-19,28.820348739624023
2018-06-20,28.606861114501953
2018-06-21,28.362878799438477
2018-06-22,28.362878799438477
2018-06-25,27.996904373168945
2018-06-26,28.454370498657227
2018-06-27,27.783424377441406
2018-06-28,27.234468460083008
2018-06-29,28.05790138244629
2018-07-02,27.386953353881836
2018-07-03,27.203962326049805
2018-07-04,27.47844696044922
2018-07-05,26.228042602539062
2018-07-06,25.069122314453125
2018-07-09,26.045053482055664
2018-07-10,26.8074951171875
2018-07-11,25.923065185546875
2018-07-12,26.685501098632812
2018-07-13,26.8074951171875
2018-07-16,26.502517700195312
2018-07-17,26.01455307006836
2018-07-18,26.441524505615234
2018-07-19,25.953556060791016
2018-07-20,25.923065185546875
2018-07-23,26.289033889770508
2018-07-24,26.01455307006836
2018-07-25,26.01455307006836
2018-07-26,26.441524505615234
2018-07-27,26.59400749206543
2018-07-30,26.71600341796875
2018-07-31,26.62451171875
2018-08-01,26.563514709472656
2018-08-02,26.289033889770508
2018-08-03,26.228042602539062
2018-08-06,26.53302001953125
2018-08-07,27.295455932617188
2018-08-08,26.655006408691406
2018-08-09,26.990482330322266
2018-08-10,27.112472534179688
2018-08-13,26.53302001953125
2018-08-14,26.92949104309082
2018-08-15,25.496095657348633
2018-08-16,25.618087768554688
2018-08-17,25.70958137512207
2018-08-20,25.70958137512207
2018-08-21,26.197542190551758
2018-08-22,26.229686737060547
2018-08-23,26.293975830078125
2018-08-24,25.90824317932129
2018-08-27,25.8760986328125
2018-08-28,26.293975830078125
2018-08-29,26.358261108398438
2018-08-30,26.13325309753418
2018-08-31,26.422548294067383
2018-09-03,26.004676818847656
2018-09-04,26.13325309753418
2018-09-05,25.65108871459961
2018-09-06,25.265356063842773
2018-09-07,25.297502517700195
2018-09-10,25.07249641418457
2018-09-11,24.718908309936523
2018-09-12,24.879627227783203
2018-09-13,24.526039123535156
2018-09-14,25.00820541381836
2018-09-17,25.104639053344727
2018-09-18,25.07249641418457
2018-09-19,25.168926239013672
2018-09-20,24.526039123535156
2018-09-21,24.911775588989258
2018-09-25,25.168926239013672
2018-09-26,24.94391441345215
2018-09-27,25.201068878173828
2018-09-28,25.04034423828125
2018-10-01,24.751052856445312
2018-10-02,24.268884658813477
2018-10-03,24.461750030517578
2018-10-04,23.690292358398438
2018-10-05,23.722436904907227
2018-10-08,23.59385871887207
2018-10-09,23.851011276245117
2018-10-11,21.858068466186523
2018-10-12,21.858068466186523
2018-10-15,21.793781280517578
2018-10-16,21.793781280517578
2018-10-17,21.9223575592041
2018-10-18,22.115222930908203
2018-10-19,22.340232849121094
2018-10-22,22.115222930908203
2018-10-23,21.986648559570312
2018-10-24,21.890214920043945
2018-10-25,20.958032608032227
2018-10-26,21.183042526245117
2018-10-29,21.054466247558594
2018-10-30,21.15089988708496
2018-10-31,21.408052444458008
2018-11-01,21.9223575592041
2018-11-02,21.986648559570312
2018-11-05,22.01879119873047
2018-11-06,21.890214920043945
2018-11-07,22.050935745239258
2018-11-08,22.01879119873047
2018-11-09,21.858068466186523
2018-11-12,21.858068466186523
2018-11-13,21.7294921875
2018-11-14,21.95450210571289
2018-11-15,21.568771362304688
2018-11-16,21.440195083618164
2018-11-19,21.697349548339844
2018-11-20,21.440195083618164
2018-11-21,21.504486083984375
2018-11-22,21.504486083984375
2018-11-23,21.504486083984375
2018-11-26,21.60091781616211
2018-11-27,21.7294921875
2018-11-28,22.533098220825195
2018-11-29,23.015260696411133
2018-11-30,23.3045597076416
2018-12-03,24.20460319519043
2018-12-04,24.14030647277832
2018-12-05,23.722436904907227
2018-12-06,23.36884880065918
2018-12-07,23.40099334716797
2018-12-10,22.790252685546875
2018-12-11,22.66167640686035
2018-12-12,23.015260696411133
2018-12-13,23.2081241607666
2018-12-14,22.918832778930664
2018-12-17,22.854541778564453
2018-12-18,22.211658477783203
2018-12-19,22.72595977783203
2018-12-20,22.597389221191406
2018-12-21,22.822397232055664
2018-12-24,23.690292358398438
2018-12-25,23.658145904541016
2018-12-26,23.1116943359375
2018-12-27,23.240272521972656
2018-12-28,23.40099334716797
2019-01-02,22.854541778564453
2019-01-03,22.918832778930664
2019-01-04,22.950973510742188
2019-01-07,23.36884880065918
2019-01-08,23.079553604125977
2019-01-09,23.626005172729492
2019-01-10,23.915300369262695
2019-01-11,23.722436904907227
2019-01-14,23.883155822753906
2019-01-15,23.94744300842285
2019-01-16,23.690292358398438
2019-01-17,23.786724090576172
2019-01-18,24.429607391357422
2019-01-21,24.36532211303711
2019-01-22,23.851011276245117
2019-01-23,23.851011276245117
2019-01-24,23.786724090576172
2019-01-25,24.301029205322266
2019-01-28,24.301029205322266
2019-01-29,24.236743927001953
2019-01-30,24.301029205322266
2019-02-11,24.36532211303711
2019-02-12,24.493894577026367
2019-02-13,24.172452926635742
2019-02-14,24.172452926635742
2019-02-15,23.915300369262695
2019-02-18,23.81886863708496
2019-02-19,23.81886863708496
2019-02-20,24.076021194458008
2019-02-21,23.851011276245117
2019-02-22,23.94744300842285
2019-02-25,24.14030647277832
2019-02-26,23.979585647583008
2019-02-27,24.108165740966797
2019-03-04,23.786724090576172
2019-03-05,23.626005172729492
2019-03-06,23.786724090576172
2019-03-07,23.626005172729492
2019-03-08,23.40099334716797
2019-03-11,23.561716079711914
2019-03-12,23.786724090576172
2019-03-13,23.915300369262695
2019-03-14,23.561716079711914
2019-03-15,23.915300369262695
2019-03-18,23.81886863708496
2019-03-19,23.81886863708496
2019-03-20,23.883155822753906
2019-03-21,24.011734008789062
2019-03-22,23.915300369262695
2019-03-25,23.883155822753906
2019-03-26,23.786724090576172
2019-03-27,23.754581451416016
2019-03-28,23.561716079711914
2019-03-29,23.786724090576172
2019-04-01,23.81886863708496
2019-04-02,23.81886863708496
2019-04-03,23.786724090576172
2019-04-08,23.915300369262695
2019-04-09,24.14030647277832
2019-04-10,24.236743927001953
2019-04-11,24.301029205322266
2019-04-12,24.301029205322266
2019-04-15,24.172452926635742
2019-04-16,24.97606086730957
2019-04-17,24.847482681274414
2019-04-18,24.429607391357422
2019-04-19,24.718908309936523
2019-04-22,24.847482681274414
2019-04-23,24.493894577026367
2019-04-24,24.751052856445312
2019-04-25,24.429607391357422
2019-04-26,24.429607391357422
2019-04-29,24.429607391357422
2019-04-30,24.751052856445312
2019-05-02,24.847482681274414
2019-05-03,24.97606086730957
2019-05-06,24.526039123535156
2019-05-07,24.526039123535156
2019-05-08,24.526039123535156
2019-05-09,23.883155822753906
2019-05-10,24.04387664794922
2019-05-13,23.851011276245117
2019-05-14,23.529569625854492
2019-05-15,23.529569625854492
2019-05-16,23.49742317199707
2019-05-17,23.851011276245117
2019-05-20,24.20460319519043
2019-05-21,24.236743927001953
2019-05-22,24.236743927001953
2019-05-23,24.108165740966797
2019-05-24,23.94744300842285
2019-05-27,24.236743927001953
2019-05-28,24.3974666595459
2019-05-29,24.429607391357422
2019-05-30,24.429607391357422
2019-05-31,24.590330123901367
2019-06-03,24.3974666595459
2019-06-04,24.493894577026367
2019-06-05,24.526039123535156
2019-06-06,24.236743927001953
2019-06-10,24.493894577026367
2019-06-11,24.590330123901367
2019-06-12,24.622474670410156
2019-06-13,24.558185577392578
2019-06-14,24.461750030517578
2019-06-17,24.622474670410156
2019-06-18,24.526039123535156
2019-06-19,24.97606086730957
2019-06-20,24.81533432006836
2019-06-21,24.718908309936523
2019-06-24,24.751052856445312
2019-06-25,24.78319549560547
2019-06-26,25.00820541381836
2019-06-27,25.168926239013672
2019-06-28,25.07249641418457
2019-07-01,25.00820541381836
2019-07-02,25.00820541381836
2019-07-03,25.104639053344727
2019-07-04,25.201068878173828
2019-07-05,25.168926239013672
2019-07-08,25.136781692504883
2019-07-09,25.136781692504883
2019-07-10,25.201068878173828
2019-07-11,25.233211517333984
2019-07-12,25.104639053344727
2019-07-15,25.07249641418457
2019-07-16,25.136781692504883
2019-07-17,25.201068878173828
2019-07-18,25.201068878173828
2019-07-19,25.168926239013672
2019-07-22,25.07249641418457
2019-07-23,24.911775588989258
2019-07-24,24.622474670410156
2019-07-25,24.622474670410156
2019-07-26,24.558185577392578
2019-07-29,24.654613494873047
2019-07-30,24.654613494873047
2019-07-31,24.654613494873047
2019-08-01,24.526039123535156
2019-08-02,24.333171844482422
2019-08-05,24.14030647277832
2019-08-06,23.915300369262695
2019-08-07,23.851011276245117
2019-08-08,23.915300369262695
2019-08-12,24.14030647277832
2019-08-13,24.011734008789062
2019-08-14,24.172452926635742
2019-08-15,24.268884658813477
2019-08-16,24.558185577392578
2019-08-19,24.558185577392578
2019-08-20,24.461750030517578
2019-08-21,24.622474670410156
2019-08-22,24.847482681274414
2019-08-23,24.813581466674805
2019-08-26,24.474599838256836
2019-08-27,24.74578857421875
2019-08-28,24.677989959716797
2019-08-29,24.813581466674805
2019-08-30,25.084768295288086
2019-09-02,24.847482681274414
2019-09-03,24.610193252563477
2019-09-04,24.813581466674805
2019-09-05,24.949174880981445
2019-09-06,24.74578857421875
2019-09-10,24.813581466674805
2019-09-11,24.677989959716797
2019-09-12,24.711889266967773
2019-09-16,25.01697540283203
2019-09-17,24.949174880981445
2019-09-18,24.949174880981445
2019-09-19,24.915279388427734
2019-09-20,24.949174880981445
2019-09-23,24.983076095581055
2019-09-24,25.084768295288086
2019-09-25,25.050870895385742
2019-09-26,24.915279388427734
2019-09-27,24.610193252563477
2019-10-01,24.915279388427734
2019-10-02,24.88138198852539
2019-10-03,24.74578857421875
2019-10-04,24.949174880981445
2019-10-07,24.949174880981445
2019-10-08,24.983076095581055
2019-10-09,24.54239845275879
2019-10-14,24.339012145996094
2019-10-15,24.339012145996094
2019-10-16,24.40680503845215
2019-10-17,24.372907638549805
2019-10-18,24.372907638549805
2019-10-21,24.508501052856445
2019-10-22,24.644092559814453
2019-10-23,24.74578857421875
2019-10-24,24.813581466674805
2019-10-25,24.949174880981445
2019-10-28,24.813581466674805
2019-10-29,24.474599838256836
2019-10-30,24.74578857421875
2019-10-31,24.644092559814453
2019-11-01,24.711889266967773
2019-11-04,24.677989959716797
2019-11-05,24.610193252563477
2019-11-06,24.88138198852539
2019-11-07,24.74578857421875
2019-11-08,24.74578857421875
2019-11-11,24.74578857421875
2019-11-12,25.389856338500977
2019-11-13,25.694944381713867
2019-11-14,25.28816032409668
2019-11-15,25.457651138305664
2019-11-18,25.457651138305664
2019-11-19,25.254261016845703
2019-11-20,25.186466217041016
2019-11-21,24.915279388427734
2019-11-22,25.35595703125
2019-11-25,25.322059631347656
2019-11-26,25.389856338500977
2019-11-27,25.423751831054688
2019-11-28,25.28816032409668
2019-11-29,24.983076095581055
2019-12-02,25.050870895385742
2019-12-03,25.01697540283203
2019-12-04,25.186466217041016
2019-12-05,25.118671417236328
2019-12-06,25.152568817138672
2019-12-09,25.084768295288086
2019-12-10,25.22036361694336
2019-12-11,25.322059631347656
2019-12-12,25.186466217041016
2019-12-13,25.186466217041016
2019-12-16,25.186466217041016
2019-12-17,25.491552352905273
2019-12-18,25.86443328857422
2019-12-19,25.7966365814209
2019-12-20,25.491552352905273
2019-12-23,25.559349060058594
2019-12-24,25.491552352905273
2019-12-25,25.559349060058594
2019-12-26,25.491552352905273
2019-12-27,25.423751831054688
2019-12-30,25.423751831054688
2019-12-31,25.423751831054688
2020-01-02,25.35595703125
2020-01-03,25.423751831054688
2020-01-06,25.28816032409668
2020-01-07,25.152568817138672
2020-01-08,25.050870895385742
2020-01-09,25.186466217041016
2020-01-10,25.389856338500977
2020-01-13,25.457651138305664
2020-01-14,25.86443328857422
2020-01-15,25.932231903076172
2020-01-16,25.966127395629883
2020-01-17,26.1356201171875
2020-01-20,26.305110931396484
2020-01-30,25.084768295288086
2020-01-31,25.423751831054688
2020-02-03,25.22036361694336
2020-02-04,25.28816032409668
2020-02-05,25.559349060058594
2020-02-06,26.10172462463379
2020-02-07,25.762737274169922
2020-02-10,25.593244552612305
2020-02-11,25.423751831054688
2020-02-12,25.559349060058594
2020-02-13,25.694944381713867
2020-02-14,25.559349060058594
2020-02-17,25.491552352905273
2020-02-18,25.62714385986328
2020-02-19,25.830530166625977
2020-02-20,25.932231903076172
2020-02-21,25.830530166625977
2020-02-24,25.694944381713867
2020-02-25,25.491552352905273
2020-02-26,25.525453567504883
2020-02-27,25.491552352905273
2020-03-02,24.949174880981445
2020-03-03,25.01697540283203
2020-03-04,25.22036361694336
2020-03-05,25.593244552612305
2020-03-06,25.457651138305664
2020-03-09,25.01697540283203
2020-03-10,24.88138198852539
2020-03-11,24.88138198852539
2020-03-12,24.000024795532227
2020-03-13,22.881378173828125
2020-03-16,23.25425910949707
2020-03-17,23.45764923095703
2020-03-18,23.355955123901367
2020-03-19,22.71188735961914
2020-03-20,22.881378173828125
2020-03-23,22.203413009643555
2020-03-24,23.288158416748047
2020-03-25,24.339012145996094
2020-03-26,25.084768295288086
2020-03-27,24.813581466674805
2020-03-30,24.77968406677246
2020-03-31,25.186466217041016
2020-04-01,24.88138198852539
2020-04-06,25.152568817138672
2020-04-07,25.22036361694336
2020-04-08,25.254261016845703
2020-04-09,25.22036361694336
2020-04-10,25.322059631347656
2020-04-13,25.084768295288086
2020-04-14,25.28816032409668
2020-04-15,25.62714385986328
2020-04-16,25.694944381713867
2020-04-17,26.067825317382812
2020-04-20,26.16951560974121
2020-04-21,25.62714385986328
2020-04-22,25.86443328857422
2020-04-23,26.033926010131836
2020-04-24,25.7966365814209
2020-04-27,26.4746036529541
2020-04-28,26.779685974121094
2020-04-29,26.94917869567871
2020-04-30,27.050874710083008
2020-05-04,26.37291145324707
2020-05-05,26.440706253051758
2020-05-06,26.40680503845215
2020-05-07,26.542402267456055
2020-05-08,26.677993774414062
2020-05-11,27.050874710083008
2020-05-12,26.711891174316406
2020-05-13,27.7966365814209
2020-05-14,28.067827224731445
2020-05-15,28.74579429626465
2020-05-18,28.881385803222656
2020-05-19,29.254268646240234
2020-05-20,29.898334503173828
2020-05-21,30.474607467651367
2020-05-22,30.30511474609375
2020-05-25,30.1356258392334
2020-05-26,30.169523239135742
2020-05-27,30.406810760498047
2020-05-28,30.339012145996094
2020-05-29,30.101726531982422
2020-06-01,30.542402267456055
2020-06-02,30.881385803222656
2020-06-03,31.016984939575195
2020-06-04,30.847488403320312
2020-06-05,30.677997589111328
2020-06-08,31.016984939575195
2020-06-09,31.08477783203125
2020-06-10,31.18647003173828
2020-06-11,31.2542667388916
2020-06-12,31.220373153686523
2020-06-15,31.2542667388916
2020-06-16,30.176536560058594
2020-06-17,30.06875991821289
2020-06-18,29.601741790771484
2020-06-19,29.314350128173828
2020-06-22,29.350269317626953
2020-06-23,29.458044052124023
2020-06-24,29.673593521118164
2020-06-29,29.601741790771484
2020-06-30,29.925065994262695
2020-07-01,30.06875991821289
2020-07-02,30.212453842163086
2020-07-03,29.78136444091797
2020-07-06,30.10468864440918
2020-07-07,30.356155395507812
2020-07-08,30.535781860351562
2020-07-09,30.679479598999023
2020-07-10,30.679479598999023
2020-07-13,30.679479598999023
2020-07-14,30.751325607299805
2020-07-15,30.607627868652344
2020-07-16,30.643552780151367
2020-07-17,30.607627868652344
2020-07-20,31.721288681030273
2020-07-21,31.505739212036133
2020-07-22,31.182418823242188
2020-07-23,31.613510131835938
2020-07-24,31.2542724609375
2020-07-27,31.290193557739258
2020-07-28,31.649438858032227
2020-07-29,31.290193557739258
2020-07-30,31.649438858032227
2020-07-31,31.46981430053711
2020-08-03,30.535781860351562
2020-08-04,30.859102249145508
2020-08-05,30.82317352294922
2020-08-06,30.859102249145508
2020-08-07,30.787250518798828
2020-08-10,30.751325607299805
2020-08-11,31.900909423828125
2020-08-12,32.04460144042969
2020-08-13,33.05048751831055
2020-08-14,32.727169036865234
2020-08-17,32.727169036865234
2020-08-18,32.763092041015625
2020-08-19,32.83494567871094
2020-08-20,31.685359954833984
2020-08-21,31.46981430053711
2020-08-24,32.367923736572266
2020-08-25,32.33200454711914
2020-08-26,32.33200454711914
2020-08-27,32.33200454711914
2020-08-28,31.793134689331055
2020-08-31,31.397964477539062
2020-09-01,31.397964477539062
2020-09-02,31.21834373474121
2020-09-03,30.93094825744629
2020-09-04,31.002798080444336
2020-09-07,30.82317352294922
2020-09-08,30.859102249145508
2020-09-09,30.82317352294922
2020-09-10,30.71540069580078
2020-09-11,30.607627868652344
2020-09-14,30.71540069580078
2020-09-15,30.463932037353516
2020-09-16,30.679479598999023
2020-09-17,30.42800521850586
2020-09-18,30.42800521850586
2020-09-21,29.925065994262695
2020-09-22,29.529891967773438
2020-09-23,29.74544334411621
2020-09-24,28.847328186035156
2020-09-25,29.27842140197754
2020-09-28,29.637670516967773
2020-09-29,29.386198043823242
2020-09-30,29.673593521118164
2020-10-05,28.847328186035156
2020-10-06,29.350269317626953
2020-10-07,29.098798751831055
2020-10-08,29.06287956237793
2020-10-12,29.1706485748291
2020-10-13,30.392080307006836
2020-10-14,29.889137268066406
2020-10-15,30.06875991821289
2020-10-16,29.996910095214844
2020-10-19,30.140609741210938
2020-10-20,30.42800521850586
2020-10-21,30.212453842163086
2020-10-22,30.643552780151367
2020-10-23,30.24838638305664
2020-10-26,29.889137268066406
2020-10-27,30.32023048400879
2020-10-28,30.535781860351562
2020-10-29,30.176536560058594
2020-10-30,30.49985694885254
2020-11-02,30.535781860351562
2020-11-03,30.679479598999023
2020-11-04,30.212453842163086
2020-11-05,30.643552780151367
2020-11-06,30.93094825744629
2020-11-09,30.82317352294922
2020-11-10,30.751325607299805
2020-11-11,30.966873168945312
2020-11-12,30.82317352294922
2020-11-13,30.42800521850586
2020-11-16,31.2542724609375
2020-11-17,31.03872299194336
2020-11-18,31.397964477539062
2020-11-19,31.146493911743164
2020-11-20,31.110572814941406
2020-11-23,31.290193557739258
2020-11-24,31.2542724609375
2020-11-25,31.2542724609375
2020-11-26,31.685359954833984
2020-11-27,32.296077728271484
2020-11-30,31.972759246826172
2020-12-01,31.8649845123291
2020-12-02,32.22422790527344
2020-12-03,31.972759246826172
2020-12-04,32.00868225097656
2020-12-07,32.296077728271484
2020-12-08,32.47570037841797
2020-12-09,32.583473205566406
2020-12-10,32.54754638671875
2020-12-11,32.43977355957031
2020-12-14,32.33200454711914
2020-12-15,31.900909423828125
2020-12-16,32.90679168701172
2020-12-17,32.54754638671875
2020-12-18,32.22422790527344
2020-12-21,32.47570037841797
2020-12-22,32.403846740722656
2020-12-23,33.48158645629883
2020-12-24,33.768978118896484
2020-12-25,33.553436279296875
2020-12-28,33.804901123046875
2020-12-29,33.69713592529297
2020-12-30,33.58935546875
2020-12-31,33.768978118896484
2021-01-04,33.768978118896484
2021-01-05,34.27191925048828
2021-01-06,34.02044677734375
2021-01-07,33.948604583740234
2021-01-08,34.34376907348633
2021-01-11,34.164146423339844
2021-01-12,33.58935546875
2021-01-13,33.91267776489258
2021-01-14,33.66120147705078
2021-01-15,34.164146423339844
2021-01-18,33.73305130004883
2021-01-19,33.66120147705078
2021-01-20,33.15826416015625
2021-01-21,33.409732818603516
2021-01-22,33.625282287597656
2021-01-25,33.69713592529297
2021-01-26,33.804901123046875
2021-01-27,33.948604583740234
2021-01-28,33.553436279296875
2021-01-29,32.47570037841797
2021-02-01,32.942718505859375
2021-02-02,33.51750564575195
2021-02-03,33.984527587890625
2021-02-04,33.804901123046875
2021-02-05,33.625282287597656
2021-02-17,33.948604583740234
2021-02-18,33.84082794189453
2021-02-19,34.200069427490234
2021-02-22,34.37969207763672
2021-02-23,34.7030143737793
2021-02-24,34.7030143737793
2021-02-25,36.21184158325195
2021-02-26,35.45742416381836
2021-03-02,35.205955505371094
2021-03-03,35.45742416381836
2021-03-04,35.27780532836914
2021-03-05,35.02633285522461
2021-03-08,34.99040985107422
2021-03-09,35.3137321472168
2021-03-10,35.27780532836914
2021-03-11,35.45742416381836
2021-03-12,35.852596282958984
2021-03-15,39.373191833496094
2021-03-16,38.654701232910156
2021-03-17,39.445045471191406
2021-03-18,39.445045471191406
2021-03-19,38.87025451660156
2021-03-22,38.87025451660156
2021-03-23,38.58285903930664
2021-03-24,38.87025451660156
2021-03-25,38.798404693603516
2021-03-26,38.58285903930664
2021-03-29,39.660587310791016
2021-03-30,39.660587310791016
2021-03-31,39.157649993896484
2021-04-01,39.30134582519531
2021-04-07,40.09168243408203
2021-04-08,39.73243713378906
2021-04-09,39.51689147949219
2021-04-12,39.51689147949219
2021-04-13,39.73243713378906
2021-04-14,39.51689147949219
2021-04-15,39.22949981689453
2021-04-16,39.94798278808594
2021-04-19,40.52277755737305
2021-04-20,40.81017303466797
2021-04-21,41.097564697265625
2021-04-22,40.450927734375
2021-04-23,39.73243713378906
2021-04-26,40.23537826538086
2021-04-27,39.80428695678711
2021-04-28,39.87613296508789
2021-04-29,40.019832611083984
2021-05-03,40.09168243408203
2021-05-04,39.588741302490234
2021-05-05,39.51689147949219
2021-05-06,39.22949981689453
2021-05-07,40.30722427368164
2021-05-10,40.9538688659668
2021-05-11,40.30722427368164
2021-05-12,40.450927734375
2021-05-13,40.37907791137695
2021-05-14,40.738319396972656
2021-05-17,40.23537826538086
2021-05-18,41.81605529785156
2021-05-19,41.744205474853516
2021-05-20,41.16941833496094
2021-05-21,41.67235565185547
2021-05-24,42.24714660644531
2021-05-25,42.31899642944336
2021-05-26,42.821937561035156
2021-05-27,41.744205474853516
2021-05-28,42.17530059814453
2021-05-31,42.965633392333984
2021-06-01,44.258914947509766
2021-06-02,43.46858215332031
2021-06-03,43.181182861328125
2021-06-04,42.8937873840332
2021-06-07,42.750091552734375
2021-06-08,41.53300476074219
2021-06-09,41.15266799926758
2021-06-10,40.924461364746094
2021-06-11,40.84839630126953
2021-06-15,40.01165008544922
2021-06-16,40.39198684692383
2021-06-17,40.315921783447266
2021-06-18,39.174903869628906
2021-06-21,37.9197883605957
2021-06-22,37.881752014160156
2021-06-23,38.33816146850586
2021-06-24,39.250972747802734
2021-06-25,39.022769927978516
2021-06-28,38.7945671081543
2021-06-29,38.490291595458984
2021-06-30,38.718502044677734
2021-07-01,38.41423034667969
2021-07-02,38.64242935180664
2021-07-05,39.174903869628906
2021-07-06,39.55524444580078
2021-07-07,39.47917938232422
2021-07-08,39.783447265625
2021-07-09,40.01165008544922
2021-07-12,39.93558120727539
2021-07-13,39.70737838745117
2021-07-14,39.70737838745117
2021-07-15,39.63131332397461
2021-07-16,39.93558120727539
2021-07-19,39.783447265625
2021-07-20,39.55524444580078
2021-07-21,39.70737838745117
2021-07-22,39.70737838745117
2021-07-23,40.23985290527344
2021-07-26,40.01165008544922
2021-07-27,40.08771896362305
2021-07-28,39.85951614379883
2021-07-29,40.08771896362305
2021-07-30,40.315921783447266
2021-08-02,41.07659912109375
2021-08-03,41.15266799926758
2021-08-04,40.84839630126953
2021-08-05,40.84839630126953
2021-08-06,41.00053405761719
2021-08-09,40.7723274230957
2021-08-10,40.01165008544922
2021-08-11,40.08771896362305
2021-08-12,40.84839630126953
2021-08-13,41.00053405761719
2021-08-16,40.01165008544922
2021-08-17,40.01165008544922
2021-08-18,39.783447265625
2021-08-19,38.7945671081543
2021-08-20,38.64242935180664
2021-08-23,39.174903869628906
2021-08-24,39.63131332397461
2021-08-25,39.783447265625
2021-08-26,39.55524444580078
2021-08-27,39.70737838745117
2021-08-30,40.23985290527344
2021-08-31,40.924461364746094
2021-09-01,40.7723274230957
2021-09-02,40.468055725097656
2021-09-03,40.39198684692383
2021-09-06,40.315921783447266
2021-09-07,40.163787841796875
2021-09-08,40.23985290527344
2021-09-09,39.783447265625
2021-09-10,40.23985290527344
2021-09-13,40.08771896362305
2021-09-14,40.39198684692383
2021-09-15,40.163787841796875
2021-09-16,40.315921783447266
2021-09-17,40.69626235961914
2021-09-22,39.63131332397461
2021-09-23,39.783447265625
2021-09-24,40.163787841796875
2021-09-27,40.163787841796875
2021-09-28,39.85951614379883
2021-09-29,39.32704162597656
2021-09-30,39.70737838745117
2021-10-01,38.87063217163086
2021-10-04,38.87063217163086
2021-10-05,38.64242935180664
2021-10-06,38.7945671081543
2021-10-07,39.40310287475586
2021-10-08,39.70737838745117
2021-10-12,38.94670104980469
2021-10-13,39.09884262084961
2021-10-14,39.32704162597656
2021-10-15,39.63131332397461
2021-10-18,39.63131332397461
2021-10-19,40.23985290527344
2021-10-20,39.70737838745117
2021-10-21,39.40310287475586
2021-10-22,40.01165008544922
2021-10-25,40.315921783447266
2021-10-26,40.544124603271484
2021-10-27,40.7723274230957
2021-10-28,40.924461364746094
2021-10-29,40.924461364746094
2021-11-01,41.228736877441406
2021-11-02,41.3808708190918
2021-11-03,42.59795379638672
2021-11-04,42.750091552734375
2021-11-05,43.05436325073242
2021-11-08,43.130428314208984
2021-11-09,43.9671745300293
2021-11-10,43.9671745300293
2021-11-11,44.04323959350586
2021-11-12,43.9671745300293
2021-11-15,43.9671745300293
2021-11-16,44.34751510620117
2021-11-17,43.510765075683594
2021-11-18,43.662906646728516
2021-11-19,43.20648956298828
2021-11-22,43.662906646728516
2021-11-23,44.04323959350586
2021-11-24,44.65178680419922
2021-11-25,45.79280471801758
2021-11-26,44.04323959350586
2021-11-29,44.04323959350586
2021-11-30,44.423580169677734
2021-12-01,45.03212356567383
2021-12-02,45.26032638549805
2021-12-03,45.33639144897461
2021-12-06,46.401344299316406
2021-12-07,46.401344299316406
2021-12-08,47.162017822265625
2021-12-09,47.61842727661133
2021-12-10,48.75944519042969
2021-12-13,48.75944519042969
2021-12-14,48.150901794433594
2021-12-15,49.444053649902344
2021-12-16,49.97652816772461
2021-12-17,50.50900650024414
2021-12-20,48.30303955078125
2021-12-21,49.444053649902344
2021-12-22,50.0526008605957
2021-12-23,51.49788284301758
2021-12-24,50.5850715637207
2021-12-27,50.35686492919922
2021-12-28,50.5850715637207
2021-12-29,50.66114044189453
2021-12-30,50.35686492919922
2022-01-03,50.280799865722656
2022-01-04,50.12866973876953
2022-01-05,50.280799865722656
2022-01-06,50.43293762207031
2022-01-07,50.204734802246094
2022-01-10,50.35686492919922
2022-01-11,51.49788284301758
2022-01-12,51.421817779541016
2022-01-13,51.7260856628418
2022-01-14,51.6500244140625
2022-01-17,51.80215835571289
2022-01-18,52.7149772644043
2022-01-19,51.7260856628418
2022-01-20,52.41069793701172
2022-01-21,52.10642623901367
2022-01-24,51.7260856628418
2022-01-25,51.7260856628418
2022-01-26,51.421817779541016
2022-02-07,53.1713752746582
2022-02-08,53.247440338134766
2022-02-09,53.247440338134766
2022-02-10,53.247440338134766
2022-02-11,53.095314025878906
2022-02-14,52.48676300048828
2022-02-15,52.10642623901367
2022-02-16,52.867103576660156
2022-02-17,52.943172454833984
2022-02-18,53.01924133300781
2022-02-21,54.38846206665039
2022-02-22,54.540592193603516
2022-02-23,55.985877990722656
2022-02-24,54.768802642822266
2022-02-25,54.69272994995117
2022-03-01,55.529476165771484
2022-03-02,55.8337516784668
2022-03-03,56.138023376464844
2022-03-04,55.07307052612305
2022-03-07,54.236331939697266
2022-03-08,53.247440338134766
2022-03-09,54.160255432128906
2022-03-10,55.60554504394531
2022-03-11,54.99700164794922
2022-03-14,55.07307052612305
2022-03-15,54.31239318847656
2022-03-16,54.08418655395508
2022-03-17,55.07307052612305
2022-03-18,58.3439826965332
2022-03-21,56.670494079589844
2022-03-22,56.670494079589844
2022-03-23,56.97476577758789
2022-03-24,56.97476577758789
2022-03-25,57.05082702636719
2022-03-28,57.20296859741211
2022-03-29,56.822628021240234
2022-03-30,56.97476577758789
2022-03-31,57.27903747558594
2022-04-01,57.126895904541016
2022-04-06,57.96363830566406
2022-04-07,57.05082702636719
2022-04-08,57.81150817871094
2022-04-11,57.8875732421875
2022-04-12,57.65937805175781
2022-04-13,58.19185256958008
2022-04-14,58.72431564331055
2022-04-15,59.028594970703125
2022-04-18,59.408935546875
2022-04-19,59.86533737182617
2022-04-20,59.941410064697266
2022-04-21,59.941410064697266
2022-04-22,59.71320724487305
2022-04-25,58.49612045288086
2022-04-26,58.19185256958008
2022-04-27,57.43116760253906
2022-04-28,58.19185256958008
2022-04-29,58.95252990722656
2022-05-03,59.33287048339844
2022-05-04,59.941410064697266
2022-05-05,60.54994201660156
2022-05-06,59.941410064697266
2022-05-09,57.126895904541016
2022-05-10,55.7576789855957
2022-05-11,54.08418655395508
2022-05-12,53.55171585083008
2022-05-13,53.55171585083008
2022-05-16,54.46452713012695
2022-05-17,55.07307052612305
2022-05-18,55.7576789855957
2022-05-19,55.377342224121094
2022-05-20,56.29015350341797
2022-05-23,55.985877990722656
2022-05-24,55.149139404296875
2022-05-25,55.22520065307617
2022-05-26,53.70384979248047
2022-05-27,53.70384979248047
2022-05-30,52.79103469848633
2022-05-31,53.475650787353516
2022-06-01,53.247440338134766
2022-06-02,52.7149772644043
2022-06-06,53.1713752746582
2022-06-07,52.943172454833984
2022-06-08,53.32350540161133
2022-06-09,50.3747444152832
2022-06-10,50.2109260559082
2022-06-13,47.91743850708008
2022-06-14,47.50788879394531
2022-06-15,47.01642990112305
2022-06-16,46.60688400268555
2022-06-17,45.869686126708984
2022-06-20,44.395301818847656
2022-06-21,44.96867752075195
2022-06-22,44.149574279785156
2022-06-23,44.149574279785156
2022-06-24,44.47721481323242
2022-06-27,45.05058288574219
2022-06-28,44.96867752075195
2022-06-29,44.47721481323242
2022-06-30,43.576202392578125
2022-07-01,42.51137161254883
2022-07-04,43.00283432006836
2022-07-05,42.757102966308594
2022-07-06,42.26564407348633
2022-07-07,42.839012145996094
2022-07-08,43.00283432006836
2022-07-11,42.42945861816406
2022-07-12,42.42945861816406
2022-07-13,43.82193374633789
2022-07-14,43.90384292602539
2022-07-15,43.494293212890625
2022-07-18,43.330474853515625
2022-07-19,43.248565673828125
2022-07-20,43.82193374633789
2022-07-21,44.55912399291992
2022-07-22,44.47721481323242
2022-07-25,45.13249588012695
2022-07-26,45.05058288574219
2022-07-27,44.96867752075195
2022-07-28,44.96867752075195
2022-07-29,45.29631805419922
2022-08-01,45.705867767333984
2022-08-02,45.05058288574219
2022-08-03,44.64103698730469
2022-08-04,44.64103698730469
2022-08-05,45.623958587646484
2022-08-08,46.279239654541016
2022-08-09,45.21440505981445
2022-08-10,44.80485534667969
2022-08-11,45.05058288574219
2022-08-12,45.21440505981445
2022-08-15,45.54204559326172
2022-08-16,46.36114501953125
2022-08-17,46.11541748046875
2022-08-18,45.623958587646484
2022-08-19,46.11541748046875
2022-08-22,46.197330474853516
2022-08-23,45.623958587646484
2022-08-24,45.29631805419922
2022-08-25,45.54204559326172
2022-08-26,45.869686126708984
2022-08-29,45.21440505981445
2022-08-30,46.11541748046875
2022-08-31,45.705867767333984
2022-09-01,45.37822723388672
2022-09-02,44.72294616699219
2022-09-05,44.96867752075195
2022-09-06,45.21440505981445
2022-09-07,45.46013641357422
2022-09-08,45.869686126708984
2022-09-12,47.34406661987305
2022-09-13,47.34406661987305
2022-09-14,46.443058013916016
2022-09-15,47.01642990112305
2022-09-16,47.01642990112305
2022-09-19,46.279239654541016
2022-09-20,45.951595306396484
2022-09-21,44.96867752075195
2022-09-22,44.149574279785156
2022-09-23,43.494293212890625
2022-09-26,42.757102966308594
2022-09-27,42.757102966308594
2022-09-28,43.248565673828125
2022-09-29,43.248565673828125
2022-09-30,43.248565673828125
2022-10-03,43.65811538696289
2022-10-04,44.47721481323242
2022-10-05,44.31339645385742
2022-10-06,44.96867752075195
2022-10-07,44.55912399291992
2022-10-11,43.82193374633789
2022-10-12,43.41238021850586
2022-10-13,43.494293212890625
2022-10-14,43.248565673828125
2022-10-17,43.985755920410156
2022-10-18,44.06766128540039
2022-10-19,44.55912399291992
2022-10-20,44.72294616699219
2022-10-21,43.90384292602539
2022-10-24,44.06766128540039
2022-10-25,43.82193374633789
2022-10-26,43.82193374633789
2022-10-27,43.494293212890625
2022-10-28,43.248565673828125
2022-10-31,43.084739685058594
2022-11-01,42.757102966308594
2022-11-02,42.839012145996094
2022-11-03,43.330474853515625
2022-11-04,44.55912399291992
2022-11-07,44.31339645385742
2022-11-08,44.55912399291992
2022-11-09,44.47721481323242
2022-11-10,44.395301818847656
2022-11-11,44.96867752075195
2022-11-14,45.951595306396484
2022-11-15,46.11541748046875
2022-11-16,45.705867767333984
2022-11-17,45.869686126708984
2022-11-18,45.46013641357422
2022-11-21,46.36114501953125
2022-11-22,47.34406661987305
2022-11-23,47.67170715332031
2022-11-24,48.163169860839844
2022-11-25,47.34406661987305
2022-11-28,47.01642990112305
2022-11-29,47.18024826049805
2022-11-30,47.75362014770508
2022-12-01,48.90036392211914
2022-12-02,49.064186096191406
2022-12-05,50.04710388183594
2022-12-06,49.14609146118164
2022-12-07,48.736541748046875
2022-12-08,48.982269287109375
2022-12-09,48.982269287109375
2022-12-12,48.326988220214844
2022-12-13,48.326988220214844
2022-12-14,49.064186096191406
2022-12-15,49.14609146118164
2022-12-16,50.2928352355957
2022-12-19,50.4566535949707
2022-12-20,50.2928352355957
2022-12-21,50.1290168762207
2022-12-22,50.3747444152832
2022-12-23,49.96519088745117
2022-12-26,50.04710388183594
2022-12-27,49.47373580932617
2022-12-28,48.654632568359375
2022-12-29,48.490814208984375
2022-12-30,48.490814208984375
2023-01-03,48.408897399902344
2023-01-04,47.91743850708008
2023-01-05,47.99934768676758
2023-01-06,48.08126449584961
2023-01-09,49.064186096191406
2023-01-10,49.228004455566406
2023-01-11,48.90036392211914
2023-01-12,48.408897399902344
2023-01-13,48.90036392211914
2023-01-16,49.228004455566406
2023-01-17,49.309913635253906
2023-01-30,49.80137252807617
2023-01-31,49.47373580932617
2023-02-01,50.2109260559082
2023-02-02,50.3747444152832
2023-02-03,51.2757568359375
2023-02-06,51.2757568359375
2023-02-07,51.52149200439453
2023-02-08,51.685306549072266
2023-02-09,51.4395751953125
2023-02-10,51.357666015625
2023-02-13,51.4395751953125
2023-02-14,51.52149200439453
2023-02-15,50.948116302490234
2023-02-16,51.76721954345703
2023-02-17,52.09485626220703
2023-02-20,52.58631896972656
2023-02-21,52.1767692565918
2023-02-22,51.93103790283203
2023-02-23,52.09485626220703
2023-02-24,51.193851470947266
2023-03-01,51.030025482177734
2023-03-02,52.09485626220703
2023-03-03,52.1767692565918
2023-03-06,52.2586784362793
2023-03-07,52.99586868286133
2023-03-08,52.66822814941406
2023-03-09,50.70238494873047
2023-03-10,50.2109260559082
2023-03-13,50.3747444152832
2023-03-14,50.04710388183594
2023-03-15,50.04710388183594
2023-03-16,49.88328552246094
2023-03-17,50.3747444152832
2023-03-20,50.2109260559082
2023-03-21,50.3747444152832
2023-03-22,50.6204719543457
2023-03-23,50.784297943115234
2023-03-24,50.6204719543457
2023-03-27,50.3747444152832
2023-03-28,49.96519088745117
2023-03-29,49.80137252807617
2023-03-30,49.96519088745117
2023-03-31,50.2109260559082
2023-04-06,49.55564498901367
2023-04-07,49.71946716308594
2023-04-10,49.96519088745117
2023-04-11,50.784297943115234
2023-04-12,50.948116302490234
2023-04-13,50.6204719543457
2023-04-14,50.784297943115234
2023-04-17,50.86620330810547
2023-04-18,51.1119384765625
2023-04-19,50.538570404052734
2023-04-20,49.96519088745117
2023-04-21,49.309913635253906
2023-04-24,49.88328552246094
2023-04-25,49.71946716308594
2023-04-26,50.04710388183594
2023-04-27,49.88328552246094
2023-04-28,50.70238494873047
2023-05-02,50.1290168762207
2023-05-03,50.6204719543457
2023-05-04,50.86620330810547
2023-05-05,51.1119384765625
2023-05-08,51.193851470947266
2023-05-09,51.193851470947266
2023-05-10,51.2757568359375
2023-05-11,51.1119384765625
2023-05-12,51.4395751953125
2023-05-15,52.09485626220703
2023-05-16,52.50440979003906
2023-05-17,52.83205032348633
2023-05-18,52.83205032348633
2023-05-19,53.241600036621094
2023-05-22,53.56924057006836
2023-05-23,53.73305892944336
2023-05-24,53.487335205078125
2023-05-25,53.405418395996094
2023-05-26,52.99586868286133
2023-05-29,52.75014114379883
2023-05-30,52.09485626220703
2023-05-31,52.3405876159668
2023-06-01,51.685306549072266
2023-06-02,52.2586784362793
2023-06-05,52.1767692565918
2023-06-06,51.93103790283203
2023-06-07,51.32416534423828
2023-06-08,50.803985595703125
2023-06-09,51.15077590942383
2023-06-12,52.01773452758789
2023-06-13,52.19112777709961
2023-06-14,51.93103790283203
2023-06-15,51.93103790283203
2023-06-16,51.15077590942383
2023-06-19,50.89068603515625
2023-06-20,51.32416534423828
2023-06-21,51.497554779052734
2023-06-26,51.23746871948242
2023-06-27,50.977378845214844
2023-06-28,51.32416534423828
2023-06-29,50.89068603515625
2023-06-30,50.283809661865234
2023-07-03,50.37050247192383
2023-07-04,50.71729278564453
2023-07-05,50.71729278564453
2023-07-06,49.8503303527832
2023-07-07,48.37649154663086
2023-07-10,48.46318817138672
2023-07-11,49.416847229003906
2023-07-12,50.02372360229492
2023-07-13,50.803985595703125
2023-07-14,50.63059616088867
2023-07-17,51.0640754699707
2023-07-18,51.58425521850586
2023-07-19,51.410858154296875
2023-07-20,51.0640754699707
2023-07-21,50.89068603515625
2023-07-24,50.63059616088867
2023-07-25,50.37050247192383
2023-07-26,50.45720291137695
2023-07-27,50.977378845214844
2023-07-28,51.32416534423828
2023-07-31,51.32416534423828
2023-08-01,51.23746871948242
2023-08-02,50.54389572143555
2023-08-04,50.37050247192383
2023-08-07,51.0640754699707
2023-08-08,50.803985595703125
2023-08-09,51.23746871948242
2023-08-10,50.977378845214844
2023-08-11,50.977378845214844
2023-08-14,50.803985595703125
2023-08-15,51.23746871948242
2023-08-16,51.15077590942383
2023-08-17,51.0640754699707
2023-08-18,51.75764465332031
2023-08-21,51.75764465332031
2023-08-22,50.71729278564453
2023-08-23,51.58425521850586
2023-08-24,51.23746871948242
2023-08-25,51.58425521850586
2023-08-28,51.93103790283203
2023-08-29,52.36452102661133
2023-08-30,52.36452102661133
2023-08-31,52.97139358520508
2023-09-01,52.88469696044922
2023-09-04,53.231483459472656
2023-09-05,53.14478302001953
2023-09-06,54.185142517089844
2023-09-07,54.445228576660156
2023-09-08,54.01174545288086
2023-09-11,53.75165939331055
2023-09-12,54.185142517089844
2023-09-13,54.445228576660156
2023-09-14,55.4855842590332
2023-09-15,55.83237075805664
2023-09-18,55.398887634277344
2023-09-19,55.658973693847656
2023-09-20,55.398887634277344
2023-09-21,54.531925201416016
2023-09-22,55.225494384765625
2023-09-25,55.398887634277344
2023-09-26,55.052101135253906
2023-09-27,54.792015075683594
2023-09-28,55.57228088378906
2023-10-02,55.225494384765625
2023-10-03,55.138797760009766
2023-10-04,54.705318450927734
2023-10-05,55.312191009521484
2023-10-06,56.35254669189453
2023-10-11,58.51995086669922
2023-10-12,58.43325424194336
2023-10-13,58.953433990478516
2023-10-16,58.60664749145508
2023-10-17,58.60664749145508
2023-10-18,58.7800407409668
2023-10-19,58.866737365722656
2023-10-20,58.08647155761719
2023-10-23,57.39289474487305
2023-10-24,57.99977493286133
2023-10-25,58.08647155761719
2023-10-26,57.56629180908203
2023-10-27,58.259857177734375
2023-10-30,58.7800407409668
2023-10-31,59.560306549072266
2023-11-01,59.38691711425781
2023-11-02,59.38691711425781
2023-11-03,59.733699798583984
2023-11-06,59.9937858581543
2023-11-07,60.34056854248047
2023-11-08,59.64700698852539
2023-11-09,59.473609924316406
2023-11-10,59.733699798583984
2023-11-13,56.61263656616211
2023-11-14,57.219512939453125
2023-11-15,57.219512939453125
2023-11-16,57.219512939453125
2023-11-17,58.17316818237305
2023-11-20,57.56629180908203
2023-11-21,59.64700698852539
2023-11-22,59.30021667480469
2023-11-23,58.866737365722656
2023-11-24,59.04012680053711
2023-11-27,59.30021667480469
2023-11-28,59.04012680053711
2023-11-29,58.866737365722656
2023-11-30,59.733699798583984
2023-12-01,59.12682342529297
2023-12-04,58.43325424194336
2023-12-05,57.65298843383789
2023-12-06,57.65298843383789
2023-12-07,57.826377868652344
2023-12-08,58.69334030151367
2023-12-11,59.64700698852539
2023-12-12,59.9937858581543
2023-12-13,59.9070930480957
2023-12-14,60.16718292236328
2023-12-15,59.30021667480469
2023-12-18,59.64700698852539
2023-12-19,59.560306549072266
2023-12-20,59.473609924316406
2023-12-21,59.733699798583984
2023-12-22,59.9070930480957
2023-12-25,60.51396560668945
2023-12-26,60.86074447631836
2023-12-27,60.947444915771484
2023-12-28,61.1208381652832
2023-12-29,60.86074447631836
2024-01-02,60.774051666259766
2024-01-03,60.774051666259766
2024-01-04,61.20753479003906
2024-01-05,60.86074447631836
2024-01-08,60.42726135253906
2024-01-09,59.82040023803711
2024-01-10,59.64700698852539
2024-01-11,59.82040023803711
2024-01-12,60.34056854248047
2024-01-15,60.60065841674805
2024-01-16,60.947444915771484
2024-01-17,60.60065841674805
2024-01-18,59.82040023803711
2024-01-19,60.774051666259766
2024-01-22,62.24789810180664
2024-01-23,62.074493408203125
2024-01-24,62.94145202636719
2024-01-25,63.02814865112305
2024-01-26,63.02814865112305
2024-01-29,63.02814865112305
2024-01-30,62.24789810180664
2024-01-31,62.421287536621094
2024-02-01,63.02814865112305
2024-02-02,62.681373596191406
2024-02-05,61.9878044128418
2024-02-15,63.28824234008789
2024-02-16,64.24189758300781
2024-02-19,64.76207733154297
2024-02-20,65.45565032958984
2024-02-21,65.80243682861328
2024-02-22,66.14922332763672
2024-02-23,65.97582244873047
2024-02-26,65.88912963867188
2024-02-27,66.14922332763672
2024-02-29,67.44966888427734
2024-03-01,66.49600219726562
2024-03-04,66.32261657714844
2024-03-05,65.45565032958984
2024-03-06,65.88912963867188
2024-03-07,65.88912963867188
2024-03-08,64.76207733154297
2024-03-11,64.15521240234375
2024-03-12,65.28225708007812
2024-03-13,67.70974731445312
2024-03-14,66.66939544677734
2024-03-15,68.92350006103516
2024-03-18,69.44367218017578
2024-03-19,68.49002075195312
2024-03-20,67.79644012451172
2024-03-21,68.05653381347656
2024-03-22,67.96984100341797
2024-03-25,67.70974731445312
2024-03-26,67.96984100341797
2024-03-27,68.05653381347656
2024-03-28,67.96984100341797
2024-03-29,67.1028823852539
2024-04-01,65.80243682861328
2024-04-02,66.75609588623047
2024-04-03,65.97582244873047
2024-04-08,66.14922332763672
2024-04-09,66.66939544677734
2024-04-10,66.58271026611328
2024-04-11,66.32261657714844
2024-04-12,66.0625228881836
2024-04-15,66.23591613769531
2024-04-16,65.71574401855469
2024-04-17,66.75609588623047
2024-04-18,66.66939544677734
2024-04-19,67.01618957519531
2024-04-22,68.22992706298828
2024-04-23,68.75011444091797
2024-04-24,68.66340637207031
2024-04-25,66.84278869628906
2024-04-26,66.32261657714844
2024-04-29,68.49002075195312
2024-04-30,69.18359375
2024-05-02,70.65742492675781
2024-05-03,69.5303726196289
2024-05-06,71.00421142578125
2024-05-07,71.6977767944336
2024-05-08,70.7441177368164
2024-05-09,70.05055236816406
2024-05-10,74.47205352783203
2024-05-13,74.47205352783203
2024-05-14,73.95188903808594
2024-05-15,74.99223327636719
2024-05-16,75.07892608642578
2024-05-17,73.77848815917969
2024-05-20,72.8248291015625
2024-05-21,72.21795654296875
2024-05-22,70.48403930664062
2024-05-23,71.6977767944336
2024-05-24,72.30464935302734
2024-05-27,75.42572021484375
2024-05-28,76.89954376220703
2024-05-29,75.77249908447266
2024-05-30,74.03858184814453
2024-05-31,73.17161560058594
2024-06-03,72.39134979248047
2024-06-04,71.6977767944336
2024-06-05,71.00421142578125
2024-06-06,72.13125610351562
2024-06-07,71.61107635498047
2024-06-11,72.47803497314453
2024-06-12,71.6977767944336
2024-06-13,72.30464935302734
2024-06-14,71.78448486328125
2024-06-17,71.78448486328125
2024-06-18,73.6917953491211
2024-06-19,74.99223327636719
2024-06-20,74.47205352783203
2024-06-21,73.08492279052734
2024-06-24,66.79225158691406
2024-06-25,67.4215087890625
2024-06-26,66.43266296386719
2024-06-27,65.53370666503906
2024-06-28,65.71349334716797
2024-07-01,65.2640151977539
2024-07-02,66.07308197021484
2024-07-03,65.17412567138672
2024-07-04,65.35391235351562
2024-07-05,64.72465515136719
2024-07-08,65.17412567138672
2024-07-09,64.54486846923828
2024-07-10,65.084228515625
2024-07-11,64.9044418334961
2024-07-12,66.25286865234375
2024-07-15,66.25286865234375
2024-07-16,66.43266296386719
2024-07-17,66.79225158691406
2024-07-18,66.5225601196289
2024-07-19,65.98318481445312
2024-07-22,65.53370666503906
2024-07-23,65.53370666503906
2024-07-26,64.99433898925781
2024-07-29,64.45496368408203
2024-07-30,64.36506652832031
2024-07-31,63.915592193603516
2024-08-01,64.99433898925781
2024-08-02,64.81454467773438
2024-08-05,61.21873092651367
2024-08-06,61.39852523803711
2024-08-07,63.01663589477539
2024-08-08,62.65705108642578
2024-08-09,63.376220703125
2024-08-12,64.09539031982422
2024-08-13,64.36506652832031
2024-08-14,64.00548553466797
2024-08-15,64.09539031982422
2024-08-16,64.00548553466797
2024-08-19,64.9044418334961
2024-08-20,64.1852798461914
2024-08-21,64.09539031982422
2024-08-22,63.28632354736328
2024-08-23,62.92674255371094
2024-08-26,63.376220703125
2024-08-27,63.735801696777344
2024-08-28,63.64590835571289
2024-08-29,63.64590835571289
2024-08-30,64.81454467773438
2024-09-02,65.62360382080078
2024-09-03,65.17412567138672
2024-09-04,63.82569885253906
2024-09-05,63.82569885253906
2024-09-06,64.9044418334961
2024-09-09,64.81454467773438
2024-09-10,63.46611404418945
2024-09-11,62.027793884277344
2024-09-12,63.01663589477539
2024-09-13,63.01663589477539
2024-09-16,62.83684539794922
2024-09-18,63.106529235839844
2024-09-19,63.106529235839844
2024-09-20,65.35391235351562
2024-09-23,64.81454467773438
2024-09-24,64.9044418334961
2024-09-25,65.35391235351562
2024-09-26,64.36506652832031
2024-09-27,65.62360382080078
2024-09-30,65.17412567138672
2024-10-01,63.46611404418945
2024-10-04,64.45496368408203
2024-10-07,65.98318481445312
2024-10-08,64.9044418334961
2024-10-09,65.2640151977539
2024-10-11,66.25286865234375
2024-10-14,66.07308197021484
2024-10-15,65.71349334716797
2024-10-16,65.35391235351562
2024-10-17,65.62360382080078
2024-10-18,65.80339050292969
2024-10-21,64.99433898925781
2024-10-22,65.2640151977539
2024-10-23,65.084228515625
2024-10-24,65.17412567138672
2024-10-25,65.2640151977539
2024-10-28,64.9044418334961
2024-10-29,64.63475799560547
2024-10-30,63.735801696777344
2024-11-01,64.1852798461914
2024-11-04,63.915592193603516
2024-11-05,63.376220703125
2024-11-06,64.36506652832031
2024-11-07,63.915592193603516
2024-11-08,64.27517700195312
2024-11-11,65.084228515625
2024-11-12,65.35391235351562
2024-11-13,66.3427734375
2024-11-14,66.07308197021484
2024-11-15,66.5225601196289
2024-11-18,66.07308197021484
2024-11-19,68.32046508789062
2024-11-20,68.76994323730469
2024-11-21,68.76994323730469
2024-11-22,68.2305679321289
2024-11-25,67.15182495117188
2024-11-26,68.05077362060547
2024-11-27,68.2305679321289
2024-11-28,67.78108978271484
2024-11-29,67.96087646484375
2024-12-02,67.96087646484375
2024-12-03,66.88214111328125
2024-12-04,65.53370666503906
2024-12-05,66.70234680175781
2024-12-06,67.06192779541016
2024-12-09,68.05077362060547
2024-12-10,66.5225601196289
2024-12-11,66.5225601196289
2024-12-12,66.07308197021484
2024-12-13,65.80339050292969
2024-12-16,63.556007385253906
2024-12-17,64.1852798461914
2024-12-18,64.27517700195312
2024-12-19,63.46611404418945
2024-12-20,63.735801696777344
2024-12-23,64.09539031982422
2024-12-24,64.99433898925781
2024-12-25,64.72465515136719
2024-12-26,65.53370666503906
2024-12-27,64.36506652832031
2024-12-30,63.915592193603516
2024-12-31,63.64590835571289
2025-01-02,65.2640151977539
2025-01-03,65.80339050292969
2025-01-06,65.53370666503906
2025-01-07,65.17412567138672
2025-01-08,65.44381713867188
2025-01-09,64.45496368408203
2025-01-10,64.27517700195312
2025-01-13,63.82569885253906
2025-01-14,64.00548553466797
2025-01-15,63.735801696777344
2025-01-16,63.735801696777344
2025-01-17,63.64590835571289
2025-01-20,64.63475799560547
2025-01-21,63.82569885253906
2025-01-22,64.00548553466797
2025-02-03,64.63475799560547
2025-02-04,64.00548553466797
2025-02-05,64.81454467773438
2025-02-06,65.084228515625
2025-02-07,65.17412567138672
2025-02-10,64.45496368408203
2025-02-11,63.735801696777344
2025-02-12,64.1852798461914
2025-02-13,64.00548553466797
2025-02-14,63.82569885253906
2025-02-17,64.36506652832031
2025-02-18,64.09539031982422
2025-02-19,64.1852798461914
2025-02-20,64.09539031982422
2025-02-21,64.54486846923828
2025-02-24,64.00548553466797
2025-02-25,63.64590835571289
2025-02-26,63.376220703125
2025-02-27,63.376220703125
2025-03-03,62.56715774536133
2025-03-04,61.48841857910156
2025-03-05,61.937896728515625
2025-03-06,61.668209075927734
2025-03-07,61.84800338745117
2025-03-10,61.48841857910156
2025-03-11,61.0389404296875
2025-03-12,61.48841857910156
2025-03-13,65.084228515625
2025-03-14,65.98318481445312
2025-03-17,67.06192779541016
2025-03-18,67.06192779541016
2025-03-19,66.07308197021484
2025-03-20,66.97203826904297
2025-03-21,66.70234680175781
2025-03-24,67.96087646484375
2025-03-25,67.78108978271484
2025-03-26,68.50025177001953
2025-03-27,67.78108978271484
2025-03-28,67.06192779541016
2025-03-31,64.1852798461914
2025-04-01,64.81454467773438
2025-04-02,66.3427734375
2025-04-07,59.7804069519043
2025-04-08,57.98250198364258
2025-04-09,52.76856994628906
2025-04-10,57.98250198364258
2025-04-11,59.7804069519043
2025-04-14,60.499568939208984
2025-04-15,61.48841857910156
2025-04-16,61.21873092651367
2025-04-17,60.94904708862305
2025-04-18,61.57831573486328
2025-04-21,61.308624267578125
2025-04-22,60.76925277709961
2025-04-23,62.477264404296875
2025-04-24,64.45496368408203
2025-04-25,63.735801696777344
2025-04-28,63.735801696777344
2025-04-29,65.71349334716797
2025-04-30,63.735801696777344
2025-05-02,64.63475799560547
2025-05-05,63.82569885253906
2025-05-06,65.17412567138672
2025-05-07,65.53370666503906
2025-05-08,64.9044418334961
2025-05-09,65.53370666503906
2025-05-12,64.9044418334961
2025-05-13,64.72465515136719
2025-05-14,65.98318481445312
2025-05-15,64.81454467773438
2025-05-16,65.17412567138672
2025-05-19,64.09539031982422
2025-05-20,64.9044418334961
2025-05-21,65.44381713867188
2025-05-22,64.81454467773438
2025-05-23,65.80339050292969
2025-05-26,64.99433898925781
2025-05-27,65.98318481445312
2025-05-28,64.54486846923828
2025-05-29,64.00548553466797
2025-06-02,64.1852798461914
2025-06-03,63.376220703125
2025-06-04,64.45496368408203
2025-06-05,64.72465515136719
2025-06-06,65.2640151977539
2025-06-09,66.25286865234375
2025-06-10,65.98318481445312
2025-06-11,66.3427734375
2025-06-12,66.07308197021484
2025-06-13,65.62360382080078
2025-06-16,65.80339050292969
2025-06-17,65.2640151977539
2025-06-18,65.80339050292969
2025-06-19,64.72465515136719
2025-06-20,63.915592193603516
2025-06-23,59.533897399902344
2025-06-24,61.915252685546875
2025-06-25,61.248477935791016
2025-06-26,61.534236907958984
2025-06-27,60.86745834350586
2025-06-30,61.34373092651367
2025-07-01,61.81999969482422
2025-07-02,61.534236907958984
2025-07-03,63.153560638427734
2025-07-04,62.01050567626953
2025-07-07,62.8677978515625
2025-07-08,62.58203125
2025-07-09,64.2966079711914
2025-07-10,63.82033920288086
2025-07-11,63.82033920288086
2025-07-14,63.915592193603516
2025-07-15,64.20135498046875
2025-07-16,64.5823745727539
2025-07-17,64.48711395263672
2025-07-18,63.915592193603516
2025-07-21,64.77288055419922
2025-07-22,64.5823745727539
2025-07-23,65.72542572021484
2025-07-24,65.43965911865234
2025-07-25,65.34440612792969
2025-07-28,64.67762756347656
2025-07-29,63.53457260131836
2025-07-30,63.62983322143555
2025-07-31,63.24881362915039
2025-08-04,63.34406661987305
2025-08-05,64.1061019897461
2025-08-06,64.1061019897461
2025-08-07,63.915592193603516
2025-08-08,61.534236907958984
2025-08-11,57.81932067871094
2025-08-12,56.581016540527344
2025-08-13,56.48575973510742
2025-08-14,56.48575973510742
2025-08-15,55.91423797607422
2025-08-18,55.15220260620117
2025-08-19,54.96169662475586
2025-08-20,54.77118682861328
2025-08-21,54.96169662475586
2025-08-22,54.77118682861328
2025-08-25,55.8189811706543
2025-08-26,56.771522521972656
2025-08-27,56.771522521972656
2025-08-28,62.39152526855469
2025-08-29,62.67729187011719
2025-09-01,58.86711883544922
2025-09-02,57.43830490112305
2025-09-03,56.771522521972656
2025-09-04,56.86677932739258
2025-09-05,56.771522521972656
2025-09-08,56.771522521972656
2025-09-09,57.81932067871094
2025-09-10,58.29559326171875
2025-09-11,57.24779510498047
2025-09-12,58.10508346557617
2025-09-15,58.67660903930664
2025-09-16,58.581356048583984
2025-09-17,58.581356048583984
2025-09-18,58.20033645629883
2025-09-19,59.24813461303711
2025-09-22,59.629150390625
2025-09-23,59.24813461303711
2025-09-24,59.72440719604492
2025-09-25,60.010169982910156
2025-09-26,59.629150390625
2025-09-30,60.200679779052734
2025-10-01,59.9149169921875
2025-10-02,59.343387603759766
2025-10-03,58.20033645629883
2025-10-07,58.48610305786133
2025-10-08,57.81932067871094
2025-10-09,57.057289123535156
2025-10-13,56.1047477722168
2025-10-14,56.29525375366211
2025-10-15,56.48575973510742
2025-10-16,56.581016540527344
2025-10-17,56.20000076293945
2025-10-20,56.1047477722168
2025-10-21,56.009490966796875
2025-10-22,56.48575973510742
2025-10-23,56.20000076293945
2025-10-27,55.91423797607422
2025-10-28,55.437965393066406
2025-10-29,55.437965393066406
2025-10-30,55.437965393066406
2025-10-31,54.10440444946289
2025-11-03,54.009151458740234
2025-11-04,52.8661003112793
2025-11-05,53.34237289428711
2025-11-06,53.91389465332031
2025-11-07,54.675933837890625
2025-11-10,55.342708587646484
2025-11-11,55.53321838378906
2025-11-12,58.86711883544922
2025-11-13,57.057289123535156
2025-11-14,56.67626953125
2025-11-17,55.8189811706543
2025-11-18,55.72372817993164
2025-11-19,56.009490966796875
2025-11-20,58.10508346557617
2025-11-21,56.86677932739258
2025-11-24,57.81932067871094
2025-11-25,57.81932067871094
2025-11-26,59.24813461303711
2025-11-27,59.05762481689453
2025-11-28,59.9149169921875
2025-12-01,57.81932067871094
2025-12-02,58.96237564086914
2025-12-03,58.390846252441406
2025-12-04,59.343387603759766
2025-12-05,58.009830474853516
2025-12-08,57.81932067871094
2025-12-09,58.20033645629883
2025-12-10,57.24779510498047
2025-12-11,57.15254211425781
2025-12-12,57.15254211425781
2025-12-15,56.67626953125
2025-12-16,56.39051055908203
2025-12-17,54.5806770324707
2025-12-18,54.86643981933594
2025-12-19,56.1047477722168
2025-12-22,55.72372817993164
2025-12-23,55.91423797607422
2025-12-24,55.53321838378906
2025-12-26,54.86643981933594
2025-12-29,55.342708587646484
2025-12-30,55.91423797607422
2025-12-31,55.15220260620117
2026-01-02,55.342708587646484
2026-01-05,56.48575973510742
2026-01-06,58.20033645629883
2026-01-07,59.343387603759766
2026-01-08,60.10542297363281
2026-01-09,60.86745834350586
2026-01-12,61.15321731567383
2026-01-13,61.62948989868164
2026-01-14,62.96304702758789
2026-01-15,62.8677978515625
2026-01-16,62.201019287109375
2026-01-19,62.01050567626953
2026-01-20,61.15321731567383
2026-01-21,61.62948989868164
2026-01-22,63.53457260131836
2026-01-23,64.2966079711914
2026-01-26,63.34406661987305
2026-01-27,63.82033920288086
2026-01-28,63.53457260131836
2026-01-29,63.62983322143555
2026-01-30,62.39152526855469
2026-02-02,62.39152526855469
2026-02-03,62.8677978515625
2026-02-04,63.05830001831055
2026-02-05,62.8677978515625
2026-02-06,62.67729187011719
2026-02-09,63.153560638427734
2026-02-10,64.77288055419922
2026-02-11,65.43965911865234
2026-02-23,65.34440612792969
2026-02-24,66.48745727539062
2026-02-25,67.44000244140625
2026-02-26,68.48780059814453
2026-03-02,66.96372985839844
2026-03-03,66.20169067382812
2026-03-04,64.2966079711914
2026-03-05,66.7732162475586
2026-03-06,67.15423583984375
2026-03-09,65.24915313720703
2026-03-10,65.72542572021484
2026-03-11,65.34440612792969
2026-03-12,66.58271026611328
2026-03-13,66.86846923828125
2026-03-16,73.53627014160156
2026-03-17,74.86982727050781
2026-03-18,76.2033920288086
2026-03-19,74.6793212890625
2026-03-20,73.63153076171875
2026-03-23,73.34576416015625
2026-03-24,75.34609985351562
2026-03-25,76.10813903808594
2026-03-26,77.25118255615234
2026-03-27,76.01288604736328
2026-03-30,73.2505111694336
2026-03-31,72.20271301269531
2026-04-01,73.82203674316406
2026-04-02,73.7267837524414
2026-04-07,75.06034088134766
2026-04-08,77.25118255615234
2026-04-09,77.25118255615234
2026-04-10,75.53661346435547
2026-04-13,78.10847473144531
2026-04-14,78.29898071289062
2026-04-15,78.29898071289062
2026-04-16,78.29898071289062
2026-04-17,79.91830444335938
2026-04-20,80.01355743408203
2026-04-21,80.77559661865234
2026-04-22,80.01355743408203
2026-04-23,78.39424133300781
2026-04-24,78.68000030517578
2026-04-27,76.29864501953125
2026-04-28,78.58474731445312
2026-04-29,79.3467788696289
2026-04-30,78.58474731445312
2026-05-04,77.82270812988281
2026-05-05,78.29898071289062
2026-05-06,80.48983001708984
2026-05-07,79.91830444335938
2026-05-08,78.29898071289062
2026-05-11,82.2996597290039
2026-05-12,80.870849609375
2026-05-13,79.15626525878906
2026-05-14,79.3467788696289
2026-05-15,78.48949432373047
2026-05-18,77.91796875
2026-05-19,78.58474731445312
2026-05-20,79.72779083251953
2026-05-21,80.39457702636719
2026-05-22,80.10881042480469
2026-05-25,80.20406341552734
2026-05-26,80.39457702636719
2026-05-27,81.8233871459961
2026-05-28,81.63288116455078
2026-05-29,81.8233871459961
2026-06-01,82.39491271972656
2026-06-02,87.15762329101562
2026-06-03,86.776611328125
2026-06-04,85.63356018066406
2026-06-05,84.1094970703125
2026-06-08,81.25186920166016
2026-06-09,86.68135833740234
2026-06-10,87.82440185546875
2026-06-11,86.49085235595703
2026-06-12,84.87152099609375
2026-06-15,86.39559173583984
2026-06-16,88.58644104003906
2026-06-17,88.0149154663086
2026-06-18,88.96746063232422
2026-06-22,89.06271362304688
2026-06-23,85.91931915283203
2026-06-24,87.91966247558594
2026-06-25,90.49152374267578
2026-06-26,88.39593505859375
2026-06-29,87.15762329101562
2026-06-30,86.776611328125
2026-07-01,89.15796661376953
2026-07-02,88.58644104003906
2026-07-03,90.30101776123047
2026-07-06,89.34848022460938
2026-07-07,86.96711730957031
2026-07-08,84.87152099609375
2026-07-09,84.30000305175781
2026-07-10,84.30000305175781
2026-07-13,82.5
2026-07-14,83.0999984741211
2026-07-15,87.19999694824219
2026-07-16,87.30000305175781
2026-07-17,85.30000305175781
2026-07-20,84.0
2026-07-21,85.30000305175781
2026-07-22,88.19999694824219
2026-07-23,87.80000305175781
2026-07-24,88.5999984741211
2026-07-27,88.5999984741211
2026-07-28,86.0
2026-07-29,85.4000015258789
2026-07-30,86.0999984741211
2026-07-31,93.69999694824219
2026-08-03,91.69999694824219
2026-08-04,93.80000305175781
2026-08-05,97.0999984741211
2026-08-06,94.69999694824219
2026-08-07,93.4000015258789
2026-08-10,91.9000015258789
2026-08-11,91.0
2026-08-12,91.5999984741211
2026-08-13,91.5
2026-08-14,90.9000015258789
2026-08-17,88.80000305175781
2026-08-18,86.0
2026-08-19,86.30000305175781
2026-08-20,87.0
2026-08-21,87.5
2026-08-24,88.30000305175781
2026-08-25,86.69999694824219
2026-08-26,87.0999984741211
2026-08-27,86.80000305175781
2026-08-28,86.5
2026-08-31,87.0
2026-09-01,86.0
2026-09-02,87.4000015258789
2026-09-03,86.4000015258789
2026-09-04,88.0
2026-09-07,89.30000305175781
2026-09-08,88.9000015258789
2026-09-09,88.5999984741211
2026-09-10,88.80000305175781
2026-09-11,89.0
2026-09-14,89.5999984741211
2026-09-15,88.5
2026-09-16,88.69999694824219
2026-09-17,89.5
2026-09-18,90.80000305175781
2026-09-21,89.80000305175781
2026-09-22,89.9000015258789
2026-09-23,94.5
2026-09-24,94.5
