Price,AdjClose
Ticker,2360.TW
Date,
2000-01-04,17.093608856201172
2000-01-05,16.618785858154297
2000-01-06,16.9036808013916
2000-01-07,17.283540725708008
2000-01-10,18.423110961914062
2000-01-11,17.66339874267578
2000-01-12,18.423110961914062
2000-01-13,17.948291778564453
2000-01-14,17.47347068786621
2000-01-17,17.758359909057617
2000-01-18,18.043251037597656
2000-01-19,17.948291778564453
2000-01-20,17.568431854248047
2000-01-21,17.948291778564453
2000-01-24,18.802974700927734
2000-01-25,18.518081665039062
2000-01-26,18.518081665039062
2000-01-27,18.138219833374023
2000-01-28,18.138219833374023
2000-01-31,18.328153610229492
2000-02-01,18.89793586730957
2000-02-02,18.89793586730957
2000-02-03,18.89793586730957
2000-02-04,18.89793586730957
2000-02-07,18.89793586730957
2000-02-08,18.89793586730957
2000-02-09,20.132476806640625
2000-02-10,19.372756958007812
2000-02-11,19.75261116027832
2000-02-14,20.417367935180664
2000-02-15,20.322404861450195
2000-02-16,21.556943893432617
2000-02-17,22.221694946289062
2000-02-18,21.65190315246582
2000-02-21,20.6072940826416
2000-02-22,21.461977005004883
2000-02-23,20.987157821655273
2000-02-24,21.36701011657715
2000-02-25,22.221694946289062
2000-02-28,22.221694946289062
2000-02-29,22.126733779907227
2000-03-01,22.696517944335938
2000-03-02,22.031763076782227
2000-03-03,21.936800003051758
2000-03-06,21.65190315246582
2000-03-07,20.892192840576172
2000-03-08,20.512338638305664
2000-03-09,20.79722785949707
2000-03-10,19.75261116027832
2000-03-13,18.423110961914062
2000-03-14,18.138219833374023
2000-03-15,17.85332489013672
2000-03-16,17.093608856201172
2000-03-17,17.66339874267578
2000-03-20,17.568431854248047
2000-03-21,18.708005905151367
2000-03-22,19.75261116027832
2000-03-23,20.417367935180664
2000-03-24,19.942543029785156
2000-03-27,20.79722785949707
2000-03-28,20.417367935180664
2000-03-29,20.6072940826416
2000-03-30,21.84183120727539
2000-03-31,21.27204704284668
2000-04-03,21.27204704284668
2000-04-04,21.27204704284668
2000-04-05,24.120986938476562
2000-04-06,22.506587982177734
2000-04-07,23.551197052001953
2000-04-10,23.741119384765625
2000-04-11,23.931045532226562
2000-04-12,23.931045532226562
2000-04-13,22.3166561126709
2000-04-14,21.27204704284668
2000-04-17,20.892192840576172
2000-04-18,21.082120895385742
2000-04-19,21.082120895385742
2000-04-20,21.461977005004883
2000-04-21,21.461977005004883
2000-04-24,20.512338638305664
2000-04-25,20.892192840576172
2000-04-26,20.417367935180664
2000-04-27,19.942543029785156
2000-04-28,20.227434158325195
2000-05-01,20.227434158325195
2000-05-02,17.85332489013672
2000-05-03,17.37850570678711
2000-05-04,17.758359909057617
2000-05-05,18.613046646118164
2000-05-08,18.518081665039062
2000-05-09,18.518081665039062
2000-05-10,18.423110961914062
2000-05-11,18.138219833374023
2000-05-12,18.138219833374023
2000-05-15,17.85332489013672
2000-05-16,18.423110961914062
2000-05-17,19.657649993896484
2000-05-18,20.417367935180664
2000-05-19,19.942543029785156
2000-05-22,18.802974700927734
2000-05-23,18.423110961914062
2000-05-24,17.66339874267578
2000-05-25,17.758359909057617
2000-05-26,18.043251037597656
2000-05-29,18.043251037597656
2000-05-30,18.043251037597656
2000-05-31,18.99289894104004
2000-06-01,18.423110961914062
2000-06-02,18.99289894104004
2000-06-05,18.802974700927734
2000-06-06,18.802974700927734
2000-06-07,19.467721939086914
2000-06-08,19.467721939086914
2000-06-09,19.467721939086914
2000-06-12,18.99289894104004
2000-06-13,18.708005905151367
2000-06-14,18.99289894104004
2000-06-15,19.372756958007812
2000-06-16,18.99289894104004
2000-06-19,18.328153610229492
2000-06-20,18.043251037597656
2000-06-21,17.37850570678711
2000-06-22,17.66339874267578
2000-06-23,17.47347068786621
2000-06-26,17.093608856201172
2000-06-27,16.998647689819336
2000-06-28,16.789724349975586
2000-06-29,16.542814254760742
2000-06-30,17.03663444519043
2000-07-03,17.03663444519043
2000-07-04,16.419361114501953
2000-07-05,17.160085678100586
2000-07-06,16.542814254760742
2000-07-07,16.66626739501953
2000-07-10,16.66626739501953
2000-07-11,17.03663444519043
2000-07-12,17.03663444519043
2000-07-13,18.147714614868164
2000-07-14,18.271169662475586
2000-07-17,18.024263381958008
2000-07-18,18.271169662475586
2000-07-19,18.271169662475586
2000-07-20,17.777360916137695
2000-07-21,17.653900146484375
2000-07-24,17.283540725708008
2000-07-25,16.789724349975586
2000-07-26,16.66626739501953
2000-07-27,17.03663444519043
2000-07-28,17.53044319152832
2000-07-31,17.160085678100586
2000-08-01,16.789724349975586
2000-08-02,16.66626739501953
2000-08-03,16.66626739501953
2000-08-04,16.789724349975586
2000-08-07,16.419361114501953
2000-08-08,16.542814254760742
2000-08-09,17.653900146484375
2000-08-10,17.283540725708008
2000-08-11,17.160085678100586
2000-08-14,16.66626739501953
2000-08-15,16.66626739501953
2000-08-16,17.03663444519043
2000-08-17,17.406993865966797
2000-08-18,17.777360916137695
2000-08-21,18.518081665039062
2000-08-22,17.777360916137695
2000-08-23,17.777360916137695
2000-08-24,17.777360916137695
2000-08-25,18.147714614868164
2000-08-28,17.406993865966797
2000-08-29,17.777360916137695
2000-08-30,17.53044319152832
2000-08-31,17.53044319152832
2000-09-01,17.160085678100586
2000-09-04,19.258798599243164
2000-09-05,18.88844108581543
2000-09-06,18.024263381958008
2000-09-07,17.90080451965332
2000-09-08,18.147714614868164
2000-09-11,17.777360916137695
2000-09-12,17.777360916137695
2000-09-13,17.90080451965332
2000-09-14,17.160085678100586
2000-09-15,16.789724349975586
2000-09-18,16.29590606689453
2000-09-19,15.308274269104004
2000-09-20,14.691007614135742
2000-09-21,14.93791389465332
2000-09-22,14.93791389465332
2000-09-25,15.555182456970215
2000-09-26,15.308274269104004
2000-09-27,15.431733131408691
2000-09-28,14.93791389465332
2000-09-29,14.567556381225586
2000-10-02,13.57992172241211
2000-10-03,13.456467628479004
2000-10-04,13.086112022399902
2000-10-05,12.715744972229004
2000-10-06,13.57992172241211
2000-10-09,12.839200973510742
2000-10-10,12.839200973510742
2000-10-11,12.468838691711426
2000-10-12,11.604662895202637
2000-10-13,11.579968452453613
2000-10-16,11.579968452453613
2000-10-17,10.049144744873047
2000-10-18,9.357802391052246
2000-10-19,8.715841293334961
2000-10-20,8.839296340942383
2000-10-23,8.271408081054688
2000-10-24,8.839296340942383
2000-10-25,9.456563949584961
2000-10-26,9.407185554504395
2000-10-27,9.407185554504395
2000-10-30,9.061514854431152
2000-10-31,8.765222549438477
2000-11-01,8.468935012817383
2000-11-02,8.641770362854004
2000-11-03,8.987438201904297
2000-11-06,8.394862174987793
2000-11-07,8.666460037231445
2000-11-08,9.086200714111328
2000-11-09,9.629399299621582
2000-11-10,10.296051979064941
2000-11-13,10.296051979064941
2000-11-14,10.296051979064941
2000-11-15,9.728163719177246
2000-11-16,9.135584831237793
2000-11-17,9.160274505615234
2000-11-20,8.468935012817383
2000-11-21,9.061514854431152
2000-11-22,8.987438201904297
2000-11-23,9.012129783630371
2000-11-24,9.604710578918457
2000-11-27,9.505945205688477
2000-11-28,9.283727645874023
2000-11-29,9.38249397277832
2000-11-30,9.38249397277832
2000-12-01,9.505945205688477
2000-12-04,9.086200714111328
2000-12-05,9.160274505615234
2000-12-06,9.110894203186035
2000-12-07,9.061514854431152
2000-12-08,8.987438201904297
2000-12-11,8.913368225097656
2000-12-12,8.814602851867676
2000-12-13,8.518315315246582
2000-12-14,8.222024917602539
2000-12-15,7.950427055358887
2000-12-18,7.431921005249023
2000-12-19,7.1850128173828125
2000-12-20,6.938107490539551
2000-12-21,6.715888023376465
2000-12-22,6.493671894073486
2000-12-25,6.493671894073486
2000-12-26,6.271456241607666
2000-12-27,6.073929309844971
2000-12-28,5.9998555183410645
2000-12-29,5.8023295402526855
2001-01-01,5.8023295402526855
2001-01-02,6.123310089111328
2001-01-03,6.543055534362793
2001-01-04,6.987487316131592
2001-01-05,7.456614017486572
2001-01-08,7.604757785797119
2001-01-09,8.123265266418457
2001-01-10,8.123265266418457
2001-01-11,7.62945032119751
2001-01-12,8.147953033447266
2001-01-15,8.098572731018066
2001-01-16,8.641770362854004
2001-01-17,9.23434829711914
2001-01-18,9.505945205688477
2001-01-19,9.505945205688477
2001-01-22,9.505945205688477
2001-01-23,9.505945205688477
2001-01-24,9.505945205688477
2001-01-25,9.505945205688477
2001-01-26,9.505945205688477
2001-01-29,8.863984107971191
2001-01-30,9.135584831237793
2001-01-31,9.505945205688477
2001-02-01,9.456563949584961
2001-02-02,10.098523139953613
2001-02-05,9.728163719177246
2001-02-06,9.357802391052246
2001-02-07,9.012129783630371
2001-02-08,9.23434829711914
2001-02-09,9.30842113494873
2001-02-12,9.950380325317383
2001-02-13,10.64172077178955
2001-02-14,10.765178680419922
2001-02-15,11.012083053588867
2001-02-16,10.370125770568848
2001-02-19,10.123211860656738
2001-02-20,9.900997161865234
2001-02-21,9.900997161865234
2001-02-22,9.481254577636719
2001-02-23,9.604710578918457
2001-02-26,9.333110809326172
2001-02-27,8.888677597045898
2001-02-28,8.888677597045898
2001-03-01,8.271408081054688
2001-03-02,8.02449893951416
2001-03-05,8.543004989624023
2001-03-06,8.592386245727539
2001-03-07,9.184966087341309
2001-03-08,9.23434829711914
2001-03-09,8.78991413116455
2001-03-12,9.160274505615234
2001-03-13,9.086200714111328
2001-03-14,9.086200714111328
2001-03-15,9.678781509399414
2001-03-16,9.851617813110352
2001-03-19,9.604710578918457
2001-03-20,9.925690650939941
2001-03-21,9.654091835021973
2001-03-22,9.876304626464844
2001-03-23,9.876304626464844
2001-03-26,10.567649841308594
2001-03-27,10.518266677856445
2001-03-28,10.617030143737793
2001-03-29,10.69110107421875
2001-03-30,10.913320541381836
2001-04-02,10.296051979064941
2001-04-03,9.5800199508667
2001-04-04,9.654091835021973
2001-04-05,9.654091835021973
2001-04-06,9.999761581420898
2001-04-09,9.752856254577637
2001-04-10,9.629399299621582
2001-04-11,9.999761581420898
2001-04-12,10.370125770568848
2001-04-13,10.049144744873047
2001-04-16,9.826926231384277
2001-04-17,10.073830604553223
2001-04-18,10.740486145019531
2001-04-19,11.184921264648438
2001-04-20,11.80218505859375
2001-04-23,11.555280685424805
2001-04-24,11.703424453735352
2001-04-25,11.703424453735352
2001-04-26,11.703424453735352
2001-04-27,11.72811508178711
2001-04-30,11.012083053588867
2001-05-01,11.012083053588867
2001-05-02,11.35775375366211
2001-05-03,11.65404224395752
2001-05-04,10.888630867004395
2001-05-07,10.913320541381836
2001-05-08,10.814557075500488
2001-05-09,10.765178680419922
2001-05-10,10.197288513183594
2001-05-11,10.740486145019531
2001-05-14,10.567649841308594
2001-05-15,10.740486145019531
2001-05-16,10.71579360961914
2001-05-17,11.16022777557373
2001-05-18,11.110847473144531
2001-05-21,10.740486145019531
2001-05-22,10.542959213256836
2001-05-23,11.16022777557373
2001-05-24,11.530587196350098
2001-05-25,11.234304428100586
2001-05-28,10.71579360961914
2001-05-29,10.71579360961914
2001-05-30,10.740486145019531
2001-05-31,10.765178680419922
2001-06-01,10.765178680419922
2001-06-04,10.617030143737793
2001-06-05,10.518266677856445
2001-06-06,10.888630867004395
2001-06-07,10.962701797485352
2001-06-08,11.308374404907227
2001-06-11,11.65404224395752
2001-06-12,11.505899429321289
2001-06-13,11.209610939025879
2001-06-14,11.184921264648438
2001-06-15,10.839247703552246
2001-06-18,10.518266677856445
2001-06-19,10.518266677856445
2001-06-20,10.320743560791016
2001-06-21,10.320743560791016
2001-06-22,10.197288513183594
2001-06-25,10.197288513183594
2001-06-26,9.505945205688477
2001-06-27,9.481254577636719
2001-06-28,9.456563949584961
2001-06-29,9.975072860717773
2001-07-02,9.826926231384277
2001-07-03,9.38249397277832
2001-07-04,8.938057899475098
2001-07-05,8.839296340942383
2001-07-06,8.962747573852539
2001-07-09,8.78991413116455
2001-07-10,8.197333335876465
2001-07-11,7.777591228485107
2001-07-12,8.098572731018066
2001-07-13,7.555376052856445
2001-07-16,7.036870002746582
2001-07-17,7.382541179656982
2001-07-18,7.283778190612793
2001-07-19,7.694710731506348
2001-07-20,7.9828996658325195
2001-07-23,7.637073040008545
2001-07-24,7.464159965515137
2001-07-25,7.9828996658325195
2001-07-26,8.357549667358398
2001-07-27,8.271089553833008
2001-07-30,8.271089553833008
2001-07-31,8.530462265014648
2001-08-01,8.242273330688477
2001-08-02,8.444005966186523
2001-08-03,8.645742416381836
2001-08-06,8.588103294372559
2001-08-07,8.588103294372559
2001-08-08,8.588103294372559
2001-08-09,8.242273330688477
2001-08-10,8.530462265014648
2001-08-13,8.15581226348877
2001-08-14,8.47282600402832
2001-08-15,8.559280395507812
2001-08-16,8.501641273498535
2001-08-17,8.501641273498535
2001-08-20,8.32873249053955
2001-08-21,8.32873249053955
2001-08-22,7.752346038818359
2001-08-23,7.78117036819458
2001-08-24,7.49297571182251
2001-08-27,7.377701759338379
2001-08-28,7.464159965515137
2001-08-29,7.752346038818359
2001-08-30,7.579432964324951
2001-08-31,7.406515121459961
2001-09-03,7.377701759338379
2001-09-04,7.579432964324951
2001-09-05,7.089505672454834
2001-09-06,6.8013153076171875
2001-09-07,6.714855670928955
2001-09-10,6.887774467468262
2001-09-11,6.513124465942383
2001-09-12,6.513124465942383
2001-09-13,6.080837726593018
2001-09-14,5.6773681640625
2001-09-17,5.6773681640625
2001-09-18,5.6773681640625
2001-09-19,5.6773681640625
2001-09-20,5.648548603057861
2001-09-21,5.475635528564453
2001-09-24,5.475635528564453
2001-09-25,5.821465969085693
2001-09-26,6.2249345779418945
2001-09-27,5.792646884918213
2001-09-28,5.792646884918213
2001-10-01,5.792646884918213
2001-10-02,5.360358238220215
2001-10-03,4.985710144042969
2001-10-04,5.014529705047607
2001-10-05,5.129806995391846
2001-10-08,4.783977508544922
2001-10-09,4.928071022033691
2001-10-10,4.928071022033691
2001-10-11,5.245080471038818
2001-10-12,5.3891777992248535
2001-10-15,5.273899555206299
2001-10-16,5.360358238220215
2001-10-17,5.360358238220215
2001-10-18,5.273899555206299
2001-10-19,5.41799783706665
2001-10-22,5.5909104347229
2001-10-23,5.273899555206299
2001-10-24,5.41799783706665
2001-10-25,5.331539154052734
2001-10-26,5.41799783706665
2001-10-29,5.50445556640625
2001-10-30,5.129806995391846
2001-10-31,4.95689058303833
2001-11-01,4.95689058303833
2001-11-02,5.15862512588501
2001-11-05,5.50445556640625
2001-11-06,5.446817398071289
2001-11-07,5.821465969085693
2001-11-08,5.821465969085693
2001-11-09,5.821465969085693
2001-11-12,5.763826847076416
2001-11-13,5.936740875244141
2001-11-14,5.936740875244141
2001-11-15,6.023198127746582
2001-11-16,6.080837726593018
2001-11-19,6.282569885253906
2001-11-20,6.10965633392334
2001-11-21,6.167295455932617
2001-11-22,5.994380950927734
2001-11-23,5.994380950927734
2001-11-26,6.253752708435059
2001-11-27,6.167295455932617
2001-11-28,5.792646884918213
2001-11-29,5.907922744750977
2001-11-30,5.936740875244141
2001-12-03,6.282569885253906
2001-12-04,6.714855670928955
2001-12-05,6.570763111114502
2001-12-06,7.003049373626709
2001-12-07,7.49297571182251
2001-12-10,7.406515121459961
2001-12-11,7.377701759338379
2001-12-12,7.867624282836914
2001-12-13,7.406515121459961
2001-12-14,7.262421607971191
2001-12-17,7.204784393310547
2001-12-18,6.858952522277832
2001-12-19,6.455486297607422
2001-12-20,6.714855670928955
2001-12-21,6.426666259765625
2001-12-24,6.455486297607422
2001-12-25,6.887774467468262
2001-12-26,7.204784393310547
2001-12-27,7.003049373626709
2001-12-28,7.118324279785156
2001-12-31,7.550613880157471
2002-01-01,7.550613880157471
2002-01-02,7.752346038818359
2002-01-03,7.752346038818359
2002-01-04,7.377701759338379
2002-01-07,7.752346038818359
2002-01-08,8.271089553833008
2002-01-09,8.357549667358398
2002-01-10,8.213452339172363
2002-01-11,7.665889263153076
2002-01-14,7.406515121459961
2002-01-15,7.49297571182251
2002-01-16,7.608251571655273
2002-01-17,7.637073040008545
2002-01-18,7.608251571655273
2002-01-21,8.011720657348633
2002-01-22,7.954080581665039
2002-01-23,7.78117036819458
2002-01-24,7.925262451171875
2002-01-25,8.415188789367676
2002-01-28,8.876291275024414
2002-01-29,8.271089553833008
2002-01-30,8.1846342086792
2002-01-31,8.1846342086792
2002-02-01,8.299910545349121
2002-02-04,8.098180770874023
2002-02-05,7.838807106018066
2002-02-06,7.838807106018066
2002-02-07,7.838807106018066
2002-02-08,7.838807106018066
2002-02-11,7.838807106018066
2002-02-12,7.838807106018066
2002-02-13,7.838807106018066
2002-02-14,7.838807106018066
2002-02-15,7.838807106018066
2002-02-18,8.011720657348633
2002-02-19,7.752346038818359
2002-02-20,7.521794319152832
2002-02-21,7.464159965515137
2002-02-22,7.262421607971191
2002-02-25,6.887774467468262
2002-02-26,7.031866550445557
2002-02-27,7.348880290985107
2002-02-28,7.348880290985107
2002-03-01,7.031866550445557
2002-03-04,7.233603000640869
2002-03-05,7.637073040008545
2002-03-06,7.8964409828186035
2002-03-07,7.9828996658325195
2002-03-08,7.9828996658325195
2002-03-11,8.1846342086792
2002-03-12,7.9828996658325195
2002-03-13,7.867624282836914
2002-03-14,7.8099870681762695
2002-03-15,7.694710731506348
2002-03-18,7.49297571182251
2002-03-19,7.637073040008545
2002-03-20,7.752346038818359
2002-03-21,7.838807106018066
2002-03-22,7.8964409828186035
2002-03-25,8.098180770874023
2002-03-26,8.299910545349121
2002-03-27,8.213452339172363
2002-03-28,8.069357872009277
2002-03-29,7.954080581665039
2002-04-01,8.501641273498535
2002-04-02,8.761016845703125
2002-04-03,8.61691951751709
2002-04-04,8.61691951751709
2002-04-05,8.61691951751709
2002-04-08,8.299910545349121
2002-04-09,8.1846342086792
2002-04-10,8.242273330688477
2002-04-11,8.213452339172363
2002-04-12,8.703378677368164
2002-04-15,9.106847763061523
2002-04-16,9.135665893554688
2002-04-17,9.049208641052246
2002-04-18,9.250940322875977
2002-04-19,9.193302154541016
2002-04-22,8.818656921386719
2002-04-23,8.847475051879883
2002-04-24,8.847475051879883
2002-04-25,8.674559593200684
2002-04-26,8.559280395507812
2002-04-29,8.47282600402832
2002-04-30,8.32873249053955
2002-05-01,8.32873249053955
2002-05-02,7.838807106018066
2002-05-03,8.126996994018555
2002-05-06,7.694710731506348
2002-05-07,8.213452339172363
2002-05-08,8.299910545349121
2002-05-09,8.299910545349121
2002-05-10,8.674559593200684
2002-05-13,8.357549667358398
2002-05-14,8.415188789367676
2002-05-15,8.703378677368164
2002-05-16,8.271089553833008
2002-05-17,8.1846342086792
2002-05-20,7.694710731506348
2002-05-21,7.3200602531433105
2002-05-22,7.608251571655273
2002-05-23,7.723529815673828
2002-05-24,8.040538787841797
2002-05-27,7.925262451171875
2002-05-28,7.838807106018066
2002-05-29,7.78117036819458
2002-05-30,7.8964409828186035
2002-05-31,8.069357872009277
2002-06-03,7.8099870681762695
2002-06-04,7.8099870681762695
2002-06-05,7.954080581665039
2002-06-06,7.925262451171875
2002-06-07,7.637073040008545
2002-06-10,7.752346038818359
2002-06-11,7.49297571182251
2002-06-12,7.521794319152832
2002-06-13,7.78117036819458
2002-06-14,8.011720657348633
2002-06-17,8.011720657348633
2002-06-18,8.011720657348633
2002-06-19,7.608251571655273
2002-06-20,7.838807106018066
2002-06-21,7.838807106018066
2002-06-24,7.637073040008545
2002-06-25,7.550613880157471
2002-06-26,7.031866550445557
2002-06-27,6.8013153076171875
2002-06-28,6.9742326736450195
2002-07-01,6.513124465942383
2002-07-02,6.311391830444336
2002-07-03,6.570763111114502
2002-07-04,6.9742326736450195
2002-07-05,7.1471452713012695
2002-07-08,7.1471452713012695
2002-07-09,7.089505672454834
2002-07-10,7.060685634613037
2002-07-11,6.916593074798584
2002-07-12,7.377701759338379
2002-07-15,7.377701759338379
2002-07-16,7.637073040008545
2002-07-17,7.282478332519531
2002-07-18,7.188310146331787
2002-07-19,7.188310146331787
2002-07-22,6.999969005584717
2002-07-23,7.313866138458252
2002-07-24,6.905799388885498
2002-07-25,6.999969005584717
2002-07-26,6.529118537902832
2002-07-29,6.623288154602051
2002-07-30,6.999969005584717
2002-07-31,6.843022346496582
2002-08-01,6.843022346496582
2002-08-02,7.031359672546387
2002-08-05,6.560509204864502
2002-08-06,6.434950351715088
2002-08-07,6.560509204864502
2002-08-08,6.654679775238037
2002-08-09,6.811631202697754
2002-08-12,6.811631202697754
2002-08-13,6.686068534851074
2002-08-14,6.937188148498535
2002-08-15,6.937188148498535
2002-08-16,7.188310146331787
2002-08-19,7.188310146331787
2002-08-20,7.062748908996582
2002-08-21,6.999969005584717
2002-08-22,7.251086711883545
2002-08-23,7.251086711883545
2002-08-26,7.09414005279541
2002-08-27,7.15692138671875
2002-08-28,6.999969005584717
2002-08-29,7.15692138671875
2002-08-30,7.15692138671875
2002-09-02,7.125529766082764
2002-09-03,7.15692138671875
2002-09-04,7.219700813293457
2002-09-05,7.251086711883545
2002-09-06,7.251086711883545
2002-09-09,7.721940994262695
2002-09-10,7.941668510437012
2002-09-11,7.8161091804504395
2002-09-12,7.847497463226318
2002-09-13,8.004451751708984
2002-09-16,7.721940994262695
2002-09-17,8.224178314208984
2002-09-18,7.910279273986816
2002-09-19,8.098616600036621
2002-09-20,8.004451751708984
2002-09-23,7.59637975692749
2002-09-24,7.627768039703369
2002-09-25,7.40803861618042
2002-09-26,7.59637975692749
2002-09-27,7.59637975692749
2002-09-30,7.627768039703369
2002-10-01,7.784718990325928
2002-10-02,7.627768039703369
2002-10-03,7.282478332519531
2002-10-04,7.345257759094238
2002-10-07,7.031359672546387
2002-10-08,7.376648902893066
2002-10-09,7.313866138458252
2002-10-10,7.313866138458252
2002-10-11,7.376648902893066
2002-10-14,7.376648902893066
2002-10-15,7.8161091804504395
2002-10-16,7.784718990325928
2002-10-17,7.878889560699463
2002-10-18,7.878889560699463
2002-10-21,7.941668510437012
2002-10-22,7.690547943115234
2002-10-23,8.03584098815918
2002-10-24,8.067229270935059
2002-10-25,7.878889560699463
2002-10-28,7.847497463226318
2002-10-29,7.59637975692749
2002-10-30,7.533601760864258
2002-10-31,7.59637975692749
2002-11-01,7.470818996429443
2002-11-04,7.470818996429443
2002-11-05,7.533601760864258
2002-11-06,7.753328323364258
2002-11-07,7.659157752990723
2002-11-08,7.784718990325928
2002-11-11,7.564988136291504
2002-11-12,7.59637975692749
2002-11-13,7.533601760864258
2002-11-14,7.502207279205322
2002-11-15,7.59637975692749
2002-11-18,7.627768039703369
2002-11-19,7.659157752990723
2002-11-20,7.502207279205322
2002-11-21,7.219700813293457
2002-11-22,7.282478332519531
2002-11-25,7.313866138458252
2002-11-26,7.219700813293457
2002-11-27,7.15692138671875
2002-11-28,7.15692138671875
2002-11-29,7.219700813293457
2002-12-02,7.219700813293457
2002-12-03,7.502207279205322
2002-12-04,7.40803861618042
2002-12-05,7.376648902893066
2002-12-06,7.564988136291504
2002-12-09,7.470818996429443
2002-12-10,7.376648902893066
2002-12-11,7.40803861618042
2002-12-12,7.219700813293457
2002-12-13,7.188310146331787
2002-12-16,7.188310146331787
2002-12-17,7.031359672546387
2002-12-18,6.905799388885498
2002-12-19,6.780240058898926
2002-12-20,6.811631202697754
2002-12-23,6.654679775238037
2002-12-24,6.748851299285889
2002-12-25,6.654679775238037
2002-12-26,6.843022346496582
2002-12-27,6.686068534851074
2002-12-30,6.497730731964111
2002-12-31,6.560509204864502
2003-01-01,6.560509204864502
2003-01-02,6.654679775238037
2003-01-03,6.87440824508667
2003-01-06,6.87440824508667
2003-01-07,7.15692138671875
2003-01-08,7.15692138671875
2003-01-09,7.062748908996582
2003-01-10,7.031359672546387
2003-01-13,7.219700813293457
2003-01-14,7.15692138671875
2003-01-15,7.15692138671875
2003-01-16,7.062748908996582
2003-01-17,6.96858024597168
2003-01-20,6.843022346496582
2003-01-21,6.843022346496582
2003-01-22,6.843022346496582
2003-01-23,7.031359672546387
2003-01-24,7.062748908996582
2003-01-27,6.937188148498535
2003-01-28,6.843022346496582
2003-01-29,6.843022346496582
2003-01-30,6.843022346496582
2003-01-31,6.843022346496582
2003-02-03,6.843022346496582
2003-02-04,6.843022346496582
2003-02-05,6.843022346496582
2003-02-06,6.403560161590576
2003-02-07,6.372170448303223
2003-02-10,6.340779781341553
2003-02-11,6.403560161590576
2003-02-12,6.340779781341553
2003-02-13,6.278000831604004
2003-02-14,6.278000831604004
2003-02-17,6.591899394989014
2003-02-18,6.403560161590576
2003-02-19,6.403560161590576
2003-02-20,6.591899394989014
2003-02-21,6.591899394989014
2003-02-24,6.4663405418396
2003-02-25,6.403560161590576
2003-02-26,6.340779781341553
2003-02-27,6.278000831604004
2003-02-28,6.278000831604004
2003-03-03,6.434950351715088
2003-03-04,6.309390544891357
2003-03-05,6.089661121368408
2003-03-06,5.807147979736328
2003-03-07,5.744372367858887
2003-03-10,5.681591510772705
2003-03-11,5.775757789611816
2003-03-12,5.9013190269470215
2003-03-13,5.995489597320557
2003-03-14,6.05826997756958
2003-03-17,5.86992883682251
2003-03-18,6.121047496795654
2003-03-19,6.026880741119385
2003-03-20,6.152438163757324
2003-03-21,6.026880741119385
2003-03-24,6.05826997756958
2003-03-25,5.9013190269470215
2003-03-26,5.932709217071533
2003-03-27,5.964100360870361
2003-03-28,5.932709217071533
2003-03-31,5.712978839874268
2003-04-01,5.744372367858887
2003-04-02,5.775757789611816
2003-04-03,5.807147979736328
2003-04-04,5.995489597320557
2003-04-07,6.2152180671691895
2003-04-08,6.121047496795654
2003-04-09,6.05826997756958
2003-04-10,6.05826997756958
2003-04-11,6.05826997756958
2003-04-14,6.026880741119385
2003-04-15,6.152438163757324
2003-04-16,6.340779781341553
2003-04-17,6.2152180671691895
2003-04-18,6.623288154602051
2003-04-21,6.87440824508667
2003-04-22,6.623288154602051
2003-04-23,6.529118537902832
2003-04-24,6.183827877044678
2003-04-25,5.838538646697998
2003-04-28,5.65020227432251
2003-04-29,5.744372367858887
2003-04-30,5.838538646697998
2003-05-01,5.838538646697998
2003-05-02,5.838538646697998
2003-05-05,5.86992883682251
2003-05-06,5.9013190269470215
2003-05-07,5.964100360870361
2003-05-08,5.932709217071533
2003-05-09,5.964100360870361
2003-05-12,5.932709217071533
2003-05-13,5.964100360870361
2003-05-14,6.152438163757324
2003-05-15,6.121047496795654
2003-05-16,6.121047496795654
2003-05-19,5.964100360870361
2003-05-20,6.026880741119385
2003-05-21,5.9013190269470215
2003-05-22,6.026880741119385
2003-05-23,6.340779781341553
2003-05-26,6.654679775238037
2003-05-27,6.4663405418396
2003-05-28,6.560509204864502
2003-05-29,6.434950351715088
2003-05-30,6.7174601554870605
2003-06-02,6.780240058898926
2003-06-03,6.686068534851074
2003-06-04,6.686068534851074
2003-06-05,6.7174601554870605
2003-06-06,7.15692138671875
2003-06-09,7.062748908996582
2003-06-10,7.219700813293457
2003-06-11,6.96858024597168
2003-06-12,6.96858024597168
2003-06-13,6.87440824508667
2003-06-16,6.999969005584717
2003-06-17,7.125529766082764
2003-06-18,7.09414005279541
2003-06-19,7.219700813293457
2003-06-20,6.999969005584717
2003-06-23,6.905799388885498
2003-06-24,6.905799388885498
2003-06-25,6.96858024597168
2003-06-26,6.87440824508667
2003-06-27,6.811631202697754
2003-06-30,6.811631202697754
2003-07-01,7.031359672546387
2003-07-02,7.376648902893066
2003-07-03,7.062748908996582
2003-07-04,7.219700813293457
2003-07-07,7.345257759094238
2003-07-08,7.313866138458252
2003-07-09,7.40803861618042
2003-07-10,7.219700813293457
2003-07-11,7.229107856750488
2003-07-14,7.471231937408447
2003-07-15,7.263698101043701
2003-07-16,7.574998378753662
2003-07-17,7.332875728607178
2003-07-18,7.2982869148254395
2003-07-21,7.2982869148254395
2003-07-22,7.402054309844971
2003-07-23,7.402054309844971
2003-07-24,7.540411472320557
2003-07-25,7.436643123626709
2003-07-28,7.505820274353027
2003-07-29,7.402054309844971
2003-07-30,7.2982869148254395
2003-07-31,7.2982869148254395
2003-08-01,7.436643123626709
2003-08-04,7.332875728607178
2003-08-05,7.125341892242432
2003-08-06,7.194517135620117
2003-08-07,7.090753078460693
2003-08-08,7.159932613372803
2003-08-11,7.090753078460693
2003-08-12,7.2982869148254395
2003-08-13,7.6441755294799805
2003-08-14,7.367466926574707
2003-08-15,7.367466926574707
2003-08-18,7.471231937408447
2003-08-19,7.540411472320557
2003-08-20,7.505820274353027
2003-08-21,7.505820274353027
2003-08-22,7.574998378753662
2003-08-25,7.540411472320557
2003-08-26,7.402054309844971
2003-08-27,7.367466926574707
2003-08-28,7.090753078460693
2003-08-29,7.367466926574707
2003-09-01,7.402054309844971
2003-09-02,7.367466926574707
2003-09-03,7.2982869148254395
2003-09-04,7.194517135620117
2003-09-05,7.125341892242432
2003-09-08,7.159932613372803
2003-09-09,7.159932613372803
2003-09-10,7.056164741516113
2003-09-11,7.056164741516113
2003-09-12,7.159932613372803
2003-09-15,7.159932613372803
2003-09-16,7.332875728607178
2003-09-17,7.471231937408447
2003-09-18,7.540411472320557
2003-09-19,7.574998378753662
2003-09-22,7.540411472320557
2003-09-23,7.713353157043457
2003-09-24,7.609585285186768
2003-09-25,7.436643123626709
2003-09-26,7.332875728607178
2003-09-29,7.263698101043701
2003-09-30,7.229107856750488
2003-10-01,7.159932613372803
2003-10-02,7.2982869148254395
2003-10-03,7.194517135620117
2003-10-06,7.263698101043701
2003-10-07,7.367466926574707
2003-10-08,7.436643123626709
2003-10-09,7.436643123626709
2003-10-10,7.436643123626709
2003-10-13,7.436643123626709
2003-10-14,7.540411472320557
2003-10-15,7.540411472320557
2003-10-16,7.678764343261719
2003-10-17,7.574998378753662
2003-10-20,7.713353157043457
2003-10-21,7.8171210289001465
2003-10-22,7.678764343261719
2003-10-23,7.540411472320557
2003-10-24,7.6441755294799805
2003-10-27,7.920891761779785
2003-10-28,7.8171210289001465
2003-10-29,7.713353157043457
2003-10-30,7.6441755294799805
2003-10-31,7.505820274353027
2003-11-03,7.540411472320557
2003-11-04,7.609585285186768
2003-11-05,7.747942924499512
2003-11-06,7.8171210289001465
2003-11-07,7.886300563812256
2003-11-10,7.920891761779785
2003-11-11,7.920891761779785
2003-11-12,7.8171210289001465
2003-11-13,7.782533168792725
2003-11-14,7.886300563812256
2003-11-17,7.886300563812256
2003-11-18,8.128423690795898
2003-11-19,8.059244155883789
2003-11-20,8.093835830688477
2003-11-21,8.093835830688477
2003-11-24,7.955478668212891
2003-11-25,7.955478668212891
2003-11-26,7.8171210289001465
2003-11-27,7.8171210289001465
2003-11-28,7.747942924499512
2003-12-01,7.8171210289001465
2003-12-02,8.024656295776367
2003-12-03,8.024656295776367
2003-12-04,7.955478668212891
2003-12-05,7.920891761779785
2003-12-08,7.920891761779785
2003-12-09,7.886300563812256
2003-12-10,7.851711750030518
2003-12-11,7.8171210289001465
2003-12-12,7.8171210289001465
2003-12-15,7.920891761779785
2003-12-16,7.851711750030518
2003-12-17,7.6441755294799805
2003-12-18,7.782533168792725
2003-12-19,7.747942924499512
2003-12-22,7.747942924499512
2003-12-23,7.8171210289001465
2003-12-24,7.713353157043457
2003-12-25,7.540411472320557
2003-12-26,7.609585285186768
2003-12-29,7.471231937408447
2003-12-30,7.540411472320557
2003-12-31,7.540411472320557
2004-01-01,7.540411472320557
2004-01-02,7.609585285186768
2004-01-05,7.540411472320557
2004-01-06,7.574998378753662
2004-01-07,7.609585285186768
2004-01-08,7.6441755294799805
2004-01-09,7.713353157043457
2004-01-12,7.747942924499512
2004-01-13,7.851711750030518
2004-01-14,7.99006462097168
2004-01-15,7.955478668212891
2004-01-16,7.99006462097168
2004-01-19,7.99006462097168
2004-01-20,7.99006462097168
2004-01-21,7.99006462097168
2004-01-22,7.99006462097168
2004-01-23,7.99006462097168
2004-01-26,7.99006462097168
2004-01-27,8.163013458251953
2004-01-28,8.370548248291016
2004-01-29,8.266780853271484
2004-01-30,8.370548248291016
2004-02-02,8.128423690795898
2004-02-03,8.093835830688477
2004-02-04,8.024656295776367
2004-02-05,8.128423690795898
2004-02-06,8.40513801574707
2004-02-09,8.993149757385254
2004-02-10,9.235273361206055
2004-02-11,9.096916198730469
2004-02-12,8.958559036254883
2004-02-13,9.166094779968262
2004-02-16,9.166094779968262
2004-02-17,9.269865036010742
2004-02-18,9.304454803466797
2004-02-19,9.131503105163574
2004-02-20,9.235273361206055
2004-02-23,9.85787582397461
2004-02-24,9.684929847717285
2004-02-25,9.7886962890625
2004-02-26,9.719518661499023
2004-02-27,9.7886962890625
2004-03-01,9.719518661499023
2004-03-02,9.823287963867188
2004-03-03,9.927051544189453
2004-03-04,10.30753231048584
2004-03-05,10.169177055358887
2004-03-08,10.030820846557617
2004-03-09,10.30753231048584
2004-03-10,10.653422355651855
2004-03-11,10.61883544921875
2004-03-12,10.688010215759277
2004-03-15,10.376708030700684
2004-03-16,10.549656867980957
2004-03-17,10.515069007873535
2004-03-18,10.75719165802002
2004-03-19,10.688010215759277
2004-03-22,9.961644172668457
2004-03-23,9.85787582397461
2004-03-24,9.996232986450195
2004-03-25,10.134589195251465
2004-03-26,10.134589195251465
2004-03-29,10.722599983215332
2004-03-30,10.61883544921875
2004-03-31,11.241436004638672
2004-04-01,11.691094398498535
2004-04-02,11.691094398498535
2004-04-05,12.002395629882812
2004-04-06,11.72568130493164
2004-04-07,11.7948637008667
2004-04-08,11.898626327514648
2004-04-09,11.933216094970703
2004-04-12,12.071573257446289
2004-04-13,11.760274887084961
2004-04-14,11.587325096130371
2004-04-15,11.310614585876465
2004-04-16,12.071573257446289
2004-04-19,12.244521141052246
2004-04-20,12.106163024902344
2004-04-21,12.521230697631836
2004-04-22,12.867116928100586
2004-04-23,12.936295509338379
2004-04-26,12.659584999084473
2004-04-27,12.901707649230957
2004-04-28,12.936295509338379
2004-04-29,13.005476951599121
2004-04-30,12.970885276794434
2004-05-03,12.279108047485352
2004-05-04,12.106163024902344
2004-05-05,11.27602481842041
2004-05-06,11.483556747436523
2004-05-07,12.175341606140137
2004-05-10,11.691094398498535
2004-05-11,11.898626327514648
2004-05-12,12.279108047485352
2004-05-13,12.901707649230957
2004-05-14,12.867116928100586
2004-05-17,12.175341606140137
2004-05-18,11.829451560974121
2004-05-19,12.38287353515625
2004-05-20,11.621916770935059
2004-05-21,12.209930419921875
2004-05-24,12.140751838684082
2004-05-25,12.45205307006836
2004-05-26,12.486640930175781
2004-05-27,12.59040641784668
2004-05-28,12.867116928100586
2004-05-31,12.521230697631836
2004-06-01,12.38287353515625
2004-06-02,12.38287353515625
2004-06-03,11.864041328430176
2004-06-04,12.036982536315918
2004-06-07,12.106163024902344
2004-06-08,12.071573257446289
2004-06-09,11.691094398498535
2004-06-10,11.310614585876465
2004-06-11,10.930137634277344
2004-06-14,10.722599983215332
2004-06-15,10.791779518127441
2004-06-16,10.48047924041748
2004-06-17,10.722599983215332
2004-06-18,10.376708030700684
2004-06-21,9.927051544189453
2004-06-22,9.927051544189453
2004-06-23,10.30753231048584
2004-06-24,10.999314308166504
2004-06-25,11.483556747436523
2004-06-28,11.483556747436523
2004-06-29,11.448972702026367
2004-06-30,11.448972702026367
2004-07-01,11.13766860961914
2004-07-02,11.13766860961914
2004-07-05,11.033903121948242
2004-07-06,10.964725494384766
2004-07-07,11.033903121948242
2004-07-08,11.068490028381348
2004-07-09,11.13766860961914
2004-07-12,11.206847190856934
2004-07-13,10.722599983215332
2004-07-14,10.722599983215332
2004-07-15,10.653422355651855
2004-07-16,10.203767776489258
2004-07-19,10.391938209533691
2004-07-20,10.132140159606934
2004-07-21,10.169255256652832
2004-07-22,10.24348258972168
2004-07-23,10.466165542602539
2004-07-26,10.466165542602539
2004-07-27,10.614620208740234
2004-07-28,10.614620208740234
2004-07-29,10.466165542602539
2004-07-30,10.688850402832031
2004-08-02,10.24348258972168
2004-08-03,10.24348258972168
2004-08-04,10.05791187286377
2004-08-05,10.577508926391602
2004-08-06,10.763079643249512
2004-08-09,10.577508926391602
2004-08-10,10.391938209533691
2004-08-11,10.354825019836426
2004-08-12,10.391938209533691
2004-08-13,10.540395736694336
2004-08-16,10.503277778625488
2004-08-17,10.280593872070312
2004-08-18,10.206368446350098
2004-08-19,10.540395736694336
2004-08-20,10.837306022644043
2004-08-23,11.022873878479004
2004-08-24,11.022873878479004
2004-08-25,11.022873878479004
2004-08-26,11.76516056060791
2004-08-27,11.579587936401367
2004-08-30,11.43112850189209
2004-08-31,11.579587936401367
2004-09-01,11.542473793029785
2004-09-02,11.394020080566406
2004-09-03,11.059990882873535
2004-09-06,11.134220123291016
2004-09-07,11.319791793823242
2004-09-08,11.022873878479004
2004-09-09,11.171334266662598
2004-09-10,11.171334266662598
2004-09-13,11.468245506286621
2004-09-14,11.319791793823242
2004-09-15,11.245563507080078
2004-09-16,11.0971040725708
2004-09-17,10.874423027038574
2004-09-20,10.614620208740234
2004-09-21,10.763079643249512
2004-09-22,10.577508926391602
2004-09-23,10.577508926391602
2004-09-24,10.354825019836426
2004-09-27,10.095025062561035
2004-09-28,10.095025062561035
2004-09-29,10.020796775817871
2004-09-30,10.169255256652832
2004-10-01,10.095025062561035
2004-10-04,10.206368446350098
2004-10-05,10.280593872070312
2004-10-06,10.206368446350098
2004-10-07,10.132140159606934
2004-10-08,9.94657039642334
2004-10-11,9.575429916381836
2004-10-12,9.092944145202637
2004-10-13,9.278514862060547
2004-10-14,9.538317680358887
2004-10-15,9.426973342895508
2004-10-18,9.352745056152344
2004-10-19,9.352745056152344
2004-10-20,9.204286575317383
2004-10-21,9.092944145202637
2004-10-22,9.538317680358887
2004-10-25,9.538317680358887
2004-10-26,9.278514862060547
2004-10-27,9.426973342895508
2004-10-28,9.575429916381836
2004-10-29,9.649656295776367
2004-11-01,9.315629959106445
2004-11-02,9.649656295776367
2004-11-03,9.649656295776367
2004-11-04,9.723884582519531
2004-11-05,9.352745056152344
2004-11-08,8.87026309967041
2004-11-09,8.944489479064941
2004-11-10,9.130057334899902
2004-11-11,9.130057334899902
2004-11-12,9.24140453338623
2004-11-15,9.352745056152344
2004-11-16,9.46408748626709
2004-11-17,9.798112869262695
2004-11-18,9.872342109680176
2004-11-19,9.686769485473633
2004-11-22,9.538317680358887
2004-11-23,9.575429916381836
2004-11-24,9.538317680358887
2004-11-25,9.46408748626709
2004-11-26,9.130057334899902
2004-11-29,9.055830001831055
2004-11-30,8.944489479064941
2004-12-01,9.092944145202637
2004-12-02,9.389860153198242
2004-12-03,9.24140453338623
2004-12-06,9.315629959106445
2004-12-07,9.278514862060547
2004-12-08,9.278514862060547
2004-12-09,9.167173385620117
2004-12-10,9.130057334899902
2004-12-13,9.278514862060547
2004-12-14,9.426973342895508
2004-12-15,9.575429916381836
2004-12-16,9.575429916381836
2004-12-17,9.426973342895508
2004-12-20,9.315629959106445
2004-12-21,9.501198768615723
2004-12-22,9.612543106079102
2004-12-23,9.575429916381836
2004-12-24,9.575429916381836
2004-12-27,9.501198768615723
2004-12-28,9.389860153198242
2004-12-29,9.46408748626709
2004-12-30,9.575429916381836
2004-12-31,9.983684539794922
2005-01-03,9.723884582519531
2005-01-04,9.575429916381836
2005-01-05,9.46408748626709
2005-01-06,9.46408748626709
2005-01-07,9.278514862060547
2005-01-10,9.278514862060547
2005-01-11,9.278514862060547
2005-01-12,9.130057334899902
2005-01-13,9.130057334899902
2005-01-14,9.092944145202637
2005-01-17,9.24140453338623
2005-01-18,9.092944145202637
2005-01-19,9.092944145202637
2005-01-20,9.092944145202637
2005-01-21,9.24140453338623
2005-01-24,9.167173385620117
2005-01-25,9.055830001831055
2005-01-26,9.46408748626709
2005-01-27,9.352745056152344
2005-01-28,9.389860153198242
2005-01-31,9.538317680358887
2005-02-01,9.538317680358887
2005-02-02,9.686769485473633
2005-02-03,9.835227012634277
2005-02-04,9.835227012634277
2005-02-07,9.835227012634277
2005-02-08,9.835227012634277
2005-02-09,9.835227012634277
2005-02-10,9.835227012634277
2005-02-11,9.835227012634277
2005-02-14,9.835227012634277
2005-02-15,9.686769485473633
2005-02-16,9.909455299377441
2005-02-17,10.24348258972168
2005-02-18,10.280593872070312
2005-02-21,10.354825019836426
2005-02-22,10.206368446350098
2005-02-23,10.206368446350098
2005-02-24,10.31771183013916
2005-02-25,10.354825019836426
2005-02-28,10.354825019836426
2005-03-01,10.42905330657959
2005-03-02,10.373381614685059
2005-03-03,10.503277778625488
2005-03-04,10.80019474029541
2005-03-07,11.43112850189209
2005-03-08,11.43112850189209
2005-03-09,11.876501083374023
2005-03-10,11.394020080566406
2005-03-11,11.245563507080078
2005-03-14,11.319791793823242
2005-03-15,11.0971040725708
2005-03-16,10.985761642456055
2005-03-17,10.818751335144043
2005-03-18,11.022873878479004
2005-03-21,11.11566162109375
2005-03-22,10.985761642456055
2005-03-23,11.728043556213379
2005-03-24,11.134220123291016
2005-03-25,11.171334266662598
2005-03-28,11.059990882873535
2005-03-29,10.763079643249512
2005-03-30,10.763079643249512
2005-03-31,10.948651313781738
2005-04-01,10.967206001281738
2005-04-04,10.985761642456055
2005-04-05,10.985761642456055
2005-04-06,11.059990882873535
2005-04-07,10.874423027038574
2005-04-08,10.874423027038574
2005-04-11,10.72596549987793
2005-04-12,10.540395736694336
2005-04-13,10.577508926391602
2005-04-14,10.633179664611816
2005-04-15,10.633179664611816
2005-04-18,9.94657039642334
2005-04-19,10.391938209533691
2005-04-20,10.169255256652832
2005-04-21,9.94657039642334
2005-04-22,9.853784561157227
2005-04-25,9.835227012634277
2005-04-26,9.92801284790039
2005-04-27,10.020796775817871
2005-04-28,10.05791187286377
2005-04-29,10.039353370666504
2005-05-02,10.039353370666504
2005-05-03,10.020796775817871
2005-05-04,9.909455299377441
2005-05-05,10.354825019836426
2005-05-06,10.31771183013916
2005-05-09,10.466165542602539
2005-05-10,10.206368446350098
2005-05-11,10.132140159606934
2005-05-12,10.132140159606934
2005-05-13,10.132140159606934
2005-05-16,10.05791187286377
2005-05-17,10.095025062561035
2005-05-18,10.132140159606934
2005-05-19,10.113580703735352
2005-05-20,9.872342109680176
2005-05-23,10.020796775817871
2005-05-24,9.909455299377441
2005-05-25,9.909455299377441
2005-05-26,9.965129852294922
2005-05-27,10.095025062561035
2005-05-30,10.187810897827148
2005-05-31,10.206368446350098
2005-06-01,10.354825019836426
2005-06-02,10.484724998474121
2005-06-03,10.65173625946045
2005-06-06,10.892976760864258
2005-06-07,10.65173625946045
2005-06-08,10.837306022644043
2005-06-09,10.540395736694336
2005-06-10,10.688850402832031
2005-06-13,10.72596549987793
2005-06-14,10.42905330657959
2005-06-15,10.540395736694336
2005-06-16,10.577508926391602
2005-06-17,10.72596549987793
2005-06-20,10.818751335144043
2005-06-21,10.72596549987793
2005-06-22,10.911538124084473
2005-06-23,10.967206001281738
2005-06-24,10.948651313781738
2005-06-27,10.967206001281738
2005-06-28,10.930088996887207
2005-06-29,10.763079643249512
2005-06-30,10.72596549987793
2005-07-01,10.650327682495117
2005-07-04,10.650327682495117
2005-07-05,10.610136032104492
2005-07-06,10.730705261230469
2005-07-07,10.610136032104492
2005-07-08,10.730705261230469
2005-07-11,10.891463279724121
2005-07-12,10.931654930114746
2005-07-13,10.931654930114746
2005-07-14,11.253173828125
2005-07-15,11.152700424194336
2005-07-18,11.152700424194336
2005-07-19,11.072322845458984
2005-07-20,11.012036323547363
2005-07-21,10.971848487854004
2005-07-22,11.012036323547363
2005-07-25,11.012036323547363
2005-07-26,11.052225112915039
2005-07-27,10.971848487854004
2005-07-28,11.534504890441895
2005-07-29,11.212984085083008
2005-08-01,11.333552360534668
2005-08-02,11.333552360534668
2005-08-03,11.57469654083252
2005-08-04,11.494315147399902
2005-08-05,11.494315147399902
2005-08-08,11.695263862609863
2005-08-09,11.5947904586792
2005-08-10,11.675166130065918
2005-08-11,11.454123497009277
2005-08-12,11.373744010925293
2005-08-15,11.293363571166992
2005-08-16,11.735451698303223
2005-08-17,11.494315147399902
2005-08-18,11.695263862609863
2005-08-19,11.474218368530273
2005-08-22,11.333552360534668
2005-08-23,11.172798156738281
2005-08-24,11.092414855957031
2005-08-25,11.192888259887695
2005-08-26,11.13260555267334
2005-08-29,11.052225112915039
2005-08-30,11.212984085083008
2005-08-31,11.212984085083008
2005-09-01,11.212984085083008
2005-09-02,11.192888259887695
2005-09-05,11.012036323547363
2005-09-06,11.092414855957031
2005-09-07,11.13260555267334
2005-09-08,11.313458442687988
2005-09-09,11.333552360534668
2005-09-12,11.353649139404297
2005-09-13,11.413933753967285
2005-09-14,11.393837928771973
2005-09-15,11.233077049255371
2005-09-16,10.991939544677734
2005-09-19,10.991939544677734
2005-09-20,11.192888259887695
2005-09-21,11.052225112915039
2005-09-22,11.032130241394043
2005-09-23,11.032130241394043
2005-09-26,11.032130241394043
2005-09-27,11.13260555267334
2005-09-28,11.373744010925293
2005-09-29,11.614886283874512
2005-09-30,11.534504890441895
2005-10-03,11.614886283874512
2005-10-04,11.775640487670898
2005-10-05,11.856023788452148
2005-10-06,11.494315147399902
2005-10-07,11.233077049255371
2005-10-10,11.233077049255371
2005-10-11,11.11251449584961
2005-10-12,11.052225112915039
2005-10-13,11.092414855957031
2005-10-14,11.092414855957031
2005-10-17,10.891463279724121
2005-10-18,11.012036323547363
2005-10-19,10.79099178314209
2005-10-20,10.590041160583496
2005-10-21,10.549849510192871
2005-10-24,10.489568710327148
2005-10-25,10.690512657165527
2005-10-26,10.469468116760254
2005-10-27,10.469468116760254
2005-10-28,10.449376106262207
2005-10-31,10.690512657165527
2005-11-01,10.79099178314209
2005-11-02,10.770894050598145
2005-11-03,10.730705261230469
2005-11-04,10.670425415039062
2005-11-07,10.469468116760254
2005-11-08,10.509661674499512
2005-11-09,10.71060848236084
2005-11-10,10.730705261230469
2005-11-11,10.811083793640137
2005-11-14,10.811083793640137
2005-11-15,10.730705261230469
2005-11-16,10.811083793640137
2005-11-17,10.931654930114746
2005-11-18,10.971848487854004
2005-11-21,10.91156005859375
2005-11-22,10.851274490356445
2005-11-23,10.750800132751465
2005-11-24,10.71060848236084
2005-11-25,10.670425415039062
2005-11-28,10.931654930114746
2005-11-29,10.770894050598145
2005-11-30,10.79099178314209
2005-12-01,11.534504890441895
2005-12-02,12.19763469696045
2005-12-05,12.097166061401367
2005-12-06,11.71535587310791
2005-12-07,11.65507698059082
2005-12-08,11.454123497009277
2005-12-09,11.514410972595215
2005-12-12,11.454123497009277
2005-12-13,11.373744010925293
2005-12-14,11.494315147399902
2005-12-15,11.494315147399902
2005-12-16,11.675166130065918
2005-12-19,11.976592063903809
2005-12-20,11.896210670471191
2005-12-21,12.05697250366211
2005-12-22,12.318207740783691
2005-12-23,12.659823417663574
2005-12-26,12.539253234863281
2005-12-27,12.559345245361328
2005-12-28,12.579445838928223
2005-12-29,12.860770225524902
2005-12-30,13.061722755432129
2006-01-02,12.15744686126709
2006-01-03,12.458870887756348
2006-01-04,12.599538803100586
2006-01-05,12.47896671295166
2006-01-06,12.7000093460083
2006-01-09,12.559345245361328
2006-01-10,12.519159317016602
2006-01-11,12.2780179977417
2006-01-12,12.177546501159668
2006-01-13,11.936406135559082
2006-01-16,12.097166061401367
2006-01-17,11.976592063903809
2006-01-18,11.454123497009277
2006-01-19,11.65507698059082
2006-01-20,11.675166130065918
2006-01-23,11.13260555267334
2006-01-24,11.253173828125
2006-01-25,11.273266792297363
2006-02-03,11.393837928771973
2006-02-06,11.57469654083252
2006-02-07,11.735451698303223
2006-02-08,11.434029579162598
2006-02-09,11.57469654083252
2006-02-10,11.454123497009277
2006-02-13,11.253173828125
2006-02-14,11.57469654083252
2006-02-15,11.896210670471191
2006-02-16,12.05697250366211
2006-02-17,12.378490447998047
2006-02-20,12.438776969909668
2006-02-21,12.358396530151367
2006-02-22,12.177546501159668
2006-02-23,12.298112869262695
2006-02-24,12.760295867919922
2006-02-27,12.679920196533203
2006-03-01,12.941149711608887
2006-03-02,12.880866050720215
2006-03-03,12.659823417663574
2006-03-06,12.659823417663574
2006-03-07,12.659823417663574
2006-03-08,12.137351036071777
2006-03-09,12.338299751281738
2006-03-10,12.298112869262695
2006-03-13,12.458870887756348
2006-03-14,12.257920265197754
2006-03-15,12.338299751281738
2006-03-16,12.499063491821289
2006-03-17,12.659823417663574
2006-03-20,12.659823417663574
2006-03-21,12.458870887756348
2006-03-22,12.47896671295166
2006-03-23,12.499063491821289
2006-03-24,12.418679237365723
2006-03-27,12.438776969909668
2006-03-28,12.47896671295166
2006-03-29,12.47896671295166
2006-03-30,12.880866050720215
2006-03-31,12.981340408325195
2006-04-03,13.28276538848877
2006-04-04,13.262670516967773
2006-04-06,13.664572715759277
2006-04-07,13.584189414978027
2006-04-10,13.785135269165039
2006-04-11,14.10666275024414
2006-04-12,13.98608684539795
2006-04-13,13.945898056030273
2006-04-14,14.066472053527832
2006-04-17,14.026281356811523
2006-04-18,14.10666275024414
2006-04-19,14.809983253479004
2006-04-20,14.809983253479004
2006-04-21,14.870265007019043
2006-04-24,14.669317245483398
2006-04-25,14.207131385803223
2006-04-26,14.267414093017578
2006-04-27,14.508561134338379
2006-04-28,14.709501266479492
2006-05-02,14.950643539428711
2006-05-03,14.749696731567383
2006-05-04,14.850170135498047
2006-05-05,14.689411163330078
2006-05-08,14.428178787231445
2006-05-09,14.18703842163086
2006-05-10,14.146851539611816
2006-05-11,14.347797393798828
2006-05-12,14.468366622924805
2006-05-15,14.548749923706055
2006-05-16,14.428178787231445
2006-05-17,14.267414093017578
2006-05-18,14.18703842163086
2006-05-19,14.38798999786377
2006-05-22,14.60903263092041
2006-05-23,14.789885520935059
2006-05-24,14.629130363464355
2006-05-25,14.448272705078125
2006-05-26,14.166940689086914
2006-05-29,13.825326919555664
2006-05-30,13.664572715759277
2006-06-01,13.92580509185791
2006-06-02,13.945898056030273
2006-06-05,13.50381088256836
2006-06-06,13.463618278503418
2006-06-07,13.322956085205078
2006-06-08,12.900961875915527
2006-06-09,12.860770225524902
2006-06-12,12.659823417663574
2006-06-13,12.659823417663574
2006-06-14,12.780389785766602
2006-06-15,12.84067440032959
2006-06-16,13.061722755432129
2006-06-19,12.900961875915527
2006-06-20,12.860770225524902
2006-06-21,12.860770225524902
2006-06-22,12.941149711608887
2006-06-23,13.50381088256836
2006-06-26,13.463618278503418
2006-06-27,13.544004440307617
2006-06-28,13.64448070526123
2006-06-29,13.837762832641602
2006-06-30,14.099675178527832
2006-07-03,13.925068855285645
2006-07-04,14.056021690368652
2006-07-05,13.925068855285645
2006-07-06,13.968717575073242
2006-07-07,14.077849388122559
2006-07-10,14.361594200134277
2006-07-11,14.143326759338379
2006-07-12,14.077849388122559
2006-07-13,13.99055004119873
2006-07-14,13.881414413452148
2006-07-17,13.35759162902832
2006-07-18,13.444894790649414
2006-07-19,13.554020881652832
2006-07-20,14.056021690368652
2006-07-21,14.230635643005371
2006-07-24,14.099675178527832
2006-07-25,14.143326759338379
2006-07-26,14.165155410766602
2006-07-27,14.361594200134277
2006-07-28,14.5361967086792
2006-07-31,14.667154312133789
2006-08-01,14.688981056213379
2006-08-02,14.6453275680542
2006-08-03,14.6453275680542
2006-08-04,14.73263168334961
2006-08-07,14.579850196838379
2006-08-08,14.6453275680542
2006-08-09,14.667154312133789
2006-08-10,14.6453275680542
2006-08-11,14.667154312133789
2006-08-14,14.863591194152832
2006-08-15,14.885418891906738
2006-08-16,14.972723007202148
2006-08-17,14.710803985595703
2006-08-18,14.885418891906738
2006-08-21,14.274286270141602
2006-08-22,14.5361967086792
2006-08-23,14.492546081542969
2006-08-24,14.492546081542969
2006-08-25,14.448894500732422
2006-08-28,14.230635643005371
2006-08-29,14.427067756652832
2006-08-30,14.601677894592285
2006-08-31,14.841764450073242
2006-09-01,14.929071426391602
2006-09-04,15.10367488861084
2006-09-05,15.06002140045166
2006-09-06,14.885418891906738
2006-09-07,14.929071426391602
2006-09-08,14.885418891906738
2006-09-11,14.841764450073242
2006-09-12,14.798111915588379
2006-09-13,14.841764450073242
2006-09-14,14.863591194152832
2006-09-15,15.038198471069336
2006-09-18,15.387415885925293
2006-09-19,15.67115592956543
2006-09-20,16.151336669921875
2006-09-21,16.806116104125977
2006-09-22,17.460901260375977
2006-09-25,17.548202514648438
2006-09-26,17.41724395751953
2006-09-27,17.43907356262207
2006-09-28,17.24264144897461
2006-09-29,17.155336380004883
2006-10-02,17.32994270324707
2006-10-03,17.395418167114258
2006-10-04,17.198989868164062
2006-10-05,16.806116104125977
2006-10-09,16.806116104125977
2006-10-11,16.12950897216797
2006-10-12,16.58785629272461
2006-10-13,16.325939178466797
2006-10-16,16.151336669921875
2006-10-17,15.845762252807617
2006-10-18,15.714807510375977
2006-10-19,16.06402587890625
2006-10-20,15.911243438720703
2006-10-23,15.976724624633789
2006-10-24,15.998546600341797
2006-10-25,15.998546600341797
2006-10-26,15.998546600341797
2006-10-27,15.976724624633789
2006-10-30,15.954895973205566
2006-10-31,15.954895973205566
2006-11-01,15.649331092834473
2006-11-02,15.583853721618652
2006-11-03,15.627503395080566
2006-11-06,15.540201187133789
2006-11-07,15.278285026550293
2006-11-08,15.343767166137695
2006-11-09,15.343767166137695
2006-11-10,15.30010986328125
2006-11-13,15.562027931213379
2006-11-14,15.889418601989746
2006-11-15,16.020376205444336
2006-11-16,16.151336669921875
2006-11-17,16.06402587890625
2006-11-20,15.93307113647461
2006-11-21,15.867591857910156
2006-11-22,15.867591857910156
2006-11-23,16.12950897216797
2006-11-24,16.500551223754883
2006-11-27,16.282285690307617
2006-11-28,16.391420364379883
2006-11-29,16.282285690307617
2006-11-30,16.19498062133789
2006-12-01,16.238632202148438
2006-12-04,16.369590759277344
2006-12-05,16.413246154785156
2006-12-06,16.84976577758789
2006-12-07,16.871591567993164
2006-12-08,17.11168098449707
2006-12-11,16.871591567993164
2006-12-12,16.478729248046875
2006-12-13,16.325939178466797
2006-12-14,16.60968017578125
2006-12-15,16.45689582824707
2006-12-18,16.67516326904297
2006-12-19,16.631507873535156
2006-12-20,16.45689582824707
2006-12-21,16.413246154785156
2006-12-22,16.43507194519043
2006-12-25,16.304113388061523
2006-12-26,16.369590759277344
2006-12-27,16.413246154785156
2006-12-28,16.631507873535156
2006-12-29,16.500551223754883
2007-01-02,16.369590759277344
2007-01-03,16.58785629272461
2007-01-04,16.544204711914062
2007-01-05,16.282285690307617
2007-01-08,16.369590759277344
2007-01-09,16.413246154785156
2007-01-10,16.107683181762695
2007-01-11,16.325939178466797
2007-01-12,16.369590759277344
2007-01-15,16.478729248046875
2007-01-16,16.478729248046875
2007-01-17,16.60968017578125
2007-01-18,16.60968017578125
2007-01-19,16.631507873535156
2007-01-22,17.24264144897461
2007-01-23,18.26846694946289
2007-01-24,18.224817276000977
2007-01-25,17.897424697875977
2007-01-26,18.006547927856445
2007-01-29,17.810258865356445
2007-01-30,17.72281837463379
2007-01-31,17.591997146606445
2007-02-01,17.63564682006836
2007-02-02,17.919389724731445
2007-02-05,18.617828369140625
2007-02-06,19.294448852539062
2007-02-07,19.490880966186523
2007-02-08,18.465049743652344
2007-02-09,19.752803802490234
2007-02-12,19.905582427978516
2007-02-13,19.6436710357666
2007-02-14,19.425403594970703
2007-02-26,20.516712188720703
2007-02-27,20.4075870513916
2007-03-01,19.425403594970703
2007-03-02,18.90157127380371
2007-03-05,19.20713996887207
2007-03-06,19.425403594970703
2007-03-07,19.600019454956055
2007-03-08,19.600019454956055
2007-03-09,19.600019454956055
2007-03-12,19.599855422973633
2007-03-13,20.2984561920166
2007-03-14,19.905582427978516
2007-03-15,20.189329147338867
2007-03-16,19.905582427978516
2007-03-19,19.905582427978516
2007-03-20,19.905582427978516
2007-03-21,19.905582427978516
2007-03-22,19.6436710357666
2007-03-23,19.8619327545166
2007-03-26,20.516712188720703
2007-03-27,20.53854751586914
2007-03-28,20.516712188720703
2007-03-29,21.608036041259766
2007-03-30,21.52073097229004
2007-04-02,21.760814666748047
2007-04-03,22.21916961669922
2007-04-04,23.266834259033203
2007-04-09,22.961259841918945
2007-04-10,22.873960494995117
2007-04-11,22.83030891418457
2007-04-12,24.09623146057129
2007-04-13,23.397789001464844
2007-04-16,23.048572540283203
2007-04-17,22.568389892578125
2007-04-18,22.743005752563477
2007-04-19,21.498903274536133
2007-04-20,21.8262939453125
2007-04-23,22.568389892578125
2007-04-24,23.135873794555664
2007-04-25,22.568389892578125
2007-04-26,22.568389892578125
2007-04-27,22.262826919555664
2007-04-30,21.913599014282227
2007-05-02,22.26264190673828
2007-05-03,21.608036041259766
2007-05-04,22.262826919555664
2007-05-07,23.31048583984375
2007-05-08,23.266834259033203
2007-05-09,23.354137420654297
2007-05-10,23.528749465942383
2007-05-11,23.135873794555664
2007-05-14,22.961259841918945
2007-05-15,22.917613983154297
2007-05-16,23.048572540283203
2007-05-17,23.09222412109375
2007-05-18,23.048572540283203
2007-05-21,23.22318458557129
2007-05-22,23.354137420654297
2007-05-23,23.354137420654297
2007-05-24,23.659700393676758
2007-05-25,23.485092163085938
2007-05-28,23.397789001464844
2007-05-29,23.485092163085938
2007-05-30,23.31048583984375
2007-05-31,23.616056442260742
2007-06-01,24.09623146057129
2007-06-04,25.755029678344727
2007-06-05,26.409820556640625
2007-06-06,25.449462890625
2007-06-07,25.885986328125
2007-06-08,26.409820556640625
2007-06-11,26.71538543701172
2007-06-12,26.628082275390625
2007-06-13,28.461490631103516
2007-06-14,29.90202522277832
2007-06-15,29.159936904907227
2007-06-20,28.81070899963379
2007-06-21,28.592449188232422
2007-06-22,28.417842864990234
2007-06-25,28.85436248779297
2007-06-26,28.81070899963379
2007-06-27,28.985328674316406
2007-06-28,30.993345260620117
2007-06-29,30.294660568237305
2007-07-02,29.72742462158203
2007-07-03,30.12029266357422
2007-07-04,29.90202522277832
2007-07-05,29.98933982849121
2007-07-06,32.08466339111328
2007-07-09,32.695796966552734
2007-07-10,32.17197036743164
2007-07-11,31.342567443847656
2007-07-12,31.91005516052246
2007-07-13,32.73944854736328
2007-07-16,33.79731369018555
2007-07-17,33.00136184692383
2007-07-18,33.00136184692383
2007-07-19,33.87441635131836
2007-07-20,33.568843841552734
2007-07-23,34.441627502441406
2007-07-24,34.441898345947266
2007-07-25,35.48956298828125
2007-07-26,35.929569244384766
2007-07-27,35.322166442871094
2007-07-30,37.144344329833984
2007-07-31,37.37795639038086
2007-08-01,36.910728454589844
2007-08-02,36.67711639404297
2007-08-03,38.31240463256836
2007-08-06,39.480464935302734
2007-08-07,37.845176696777344
2007-08-08,38.5460090637207
2007-08-09,38.07879638671875
2007-08-10,37.004173278808594
2007-08-13,36.35006332397461
2007-08-14,35.041839599609375
2007-08-15,32.612266540527344
2007-08-16,32.56554412841797
2007-08-17,33.17293167114258
2007-08-20,35.46233367919922
2007-08-21,35.74267578125
2007-08-22,37.144344329833984
2007-08-23,37.144344329833984
2007-08-24,36.20988845825195
2007-08-27,36.023006439208984
2007-08-28,36.44350814819336
2007-08-29,36.72385025024414
2007-08-30,38.77962112426758
2007-08-31,38.77962112426758
2007-09-03,37.37795639038086
2007-09-04,37.845176696777344
2007-09-05,36.910728454589844
2007-09-06,37.09762191772461
2007-09-07,37.611576080322266
2007-09-10,36.95745849609375
2007-09-11,36.303340911865234
2007-09-12,36.63039779663086
2007-09-13,36.72385025024414
2007-09-14,37.050899505615234
2007-09-17,36.910728454589844
2007-09-18,36.910369873046875
2007-09-19,35.041839599609375
2007-09-20,35.135284423828125
2007-09-21,35.64923095703125
2007-09-26,35.88283920288086
2007-09-27,37.37795639038086
2007-09-28,37.37795639038086
2007-10-01,36.303340911865234
2007-10-02,36.06972885131836
2007-10-03,36.72385025024414
2007-10-04,35.695945739746094
2007-10-05,34.43444061279297
2007-10-08,34.80821228027344
2007-10-09,34.01393127441406
2007-10-11,33.17293167114258
2007-10-12,33.17293167114258
2007-10-15,34.24755859375
2007-10-16,35.228721618652344
2007-10-17,34.43444061279297
2007-10-18,34.43444061279297
2007-10-19,34.43444061279297
2007-10-22,33.49999237060547
2007-10-23,35.83611297607422
2007-10-24,36.023006439208984
2007-10-25,36.06972885131836
2007-10-26,35.60250473022461
2007-10-29,36.35006332397461
2007-10-30,36.44350814819336
2007-10-31,36.023006439208984
2007-11-01,36.20988845825195
2007-11-02,34.29427719116211
2007-11-05,35.74267578125
2007-11-06,35.415618896484375
2007-11-07,34.854942321777344
2007-11-08,34.90166091918945
2007-11-09,35.18199920654297
2007-11-12,34.66805648803711
2007-11-13,34.48115921020508
2007-11-14,35.041839599609375
2007-11-15,36.49022674560547
2007-11-16,36.910728454589844
2007-11-19,37.004173278808594
2007-11-20,36.910728454589844
2007-11-21,36.44350814819336
2007-11-22,36.63039779663086
2007-11-23,35.041839599609375
2007-11-26,35.041839599609375
2007-11-27,34.66805648803711
2007-11-28,34.43444061279297
2007-11-29,34.01393127441406
2007-11-30,36.35006332397461
2007-12-03,34.621334075927734
2007-12-04,35.228721618652344
2007-12-05,34.621334075927734
2007-12-06,34.621334075927734
2007-12-07,35.18199920654297
2007-12-10,34.34098815917969
2007-12-11,33.92049026489258
2007-12-12,33.54670715332031
2007-12-13,31.210594177246094
2007-12-14,29.248252868652344
2007-12-17,29.248252868652344
2007-12-18,30.836814880371094
2007-12-19,30.976974487304688
2007-12-20,30.976974487304688
2007-12-21,30.976974487304688
2007-12-24,31.444204330444336
2007-12-25,31.53765106201172
2007-12-26,31.817983627319336
2007-12-27,30.743371963500977
2007-12-28,30.369590759277344
2007-12-31,31.817983627319336
2008-01-02,29.949094772338867
2008-01-03,28.08018684387207
2008-01-04,27.659683227539062
2008-01-07,27.09902000427246
2008-01-08,27.566240310668945
2008-01-09,27.09902000427246
2008-01-10,26.39818000793457
2008-01-11,25.46373176574707
2008-01-14,23.828441619873047
2008-01-15,23.361217498779297
2008-01-16,23.174331665039062
2008-01-17,24.015338897705078
2008-01-18,24.389122009277344
2008-01-21,24.108779907226562
2008-01-22,22.426773071289062
2008-01-23,22.753833770751953
2008-01-24,24.295669555664062
2008-01-25,24.90306282043457
2008-01-28,24.202228546142578
2008-01-29,25.08995819091797
2008-01-30,24.762897491455078
2008-01-31,25.08995819091797
2008-02-01,25.60390281677246
2008-02-12,24.062061309814453
2008-02-13,24.576004028320312
2008-02-14,25.790786743164062
2008-02-15,27.192461013793945
2008-02-18,27.192461013793945
2008-02-19,29.06136131286621
2008-02-20,29.622032165527344
2008-02-21,31.67781639099121
2008-02-22,31.07042121887207
2008-02-25,30.369590759277344
2008-02-26,29.248252868652344
2008-02-27,30.089250564575195
2008-02-29,29.668746948242188
2008-03-03,30.696645736694336
2008-03-04,30.743371963500977
2008-03-05,29.99580955505371
2008-03-06,30.649925231933594
2008-03-07,30.3228702545166
2008-03-10,29.06136131286621
2008-03-11,28.967918395996094
2008-03-12,29.201522827148438
2008-03-13,29.014638900756836
2008-03-14,29.10807991027832
2008-03-17,28.173635482788086
2008-03-18,28.126911163330078
2008-03-19,28.36052131652832
2008-03-20,28.734312057495117
2008-03-21,28.92119026184082
2008-03-24,30.22941780090332
2008-03-25,31.07042121887207
2008-03-26,33.17293167114258
2008-03-27,31.53765106201172
2008-03-28,31.817983627319336
2008-03-31,33.59343719482422
2008-04-01,33.59343719482422
2008-04-02,34.80821228027344
2008-04-03,33.82704544067383
2008-04-07,33.82704544067383
2008-04-08,33.35982894897461
2008-04-09,32.23848342895508
2008-04-10,33.17293167114258
2008-04-11,32.84587860107422
2008-04-14,32.98604965209961
2008-04-15,32.705711364746094
2008-04-16,33.64015579223633
2008-04-17,33.17293167114258
2008-04-18,33.26638412475586
2008-04-21,33.17293167114258
2008-04-22,33.07949447631836
2008-04-23,33.17293167114258
2008-04-24,33.26638412475586
2008-04-25,33.64015579223633
2008-04-28,33.780330657958984
2008-04-29,33.26638412475586
2008-04-30,33.64015579223633
2008-05-02,33.64015579223633
2008-05-05,33.40655517578125
2008-05-06,33.54670715332031
2008-05-07,34.387718200683594
2008-05-08,35.27544403076172
2008-05-09,35.135284423828125
2008-05-12,34.29427719116211
2008-05-13,34.34098815917969
2008-05-14,35.135284423828125
2008-05-15,35.041839599609375
2008-05-16,34.71477127075195
2008-05-19,34.76150131225586
2008-05-20,34.71477127075195
2008-05-21,34.574607849121094
2008-05-22,34.76150131225586
2008-05-23,33.873775482177734
2008-05-26,34.01393127441406
2008-05-27,33.49999237060547
2008-05-28,33.21965026855469
2008-05-29,33.73360824584961
2008-05-30,34.387718200683594
2008-06-02,34.43444061279297
2008-06-03,33.68688201904297
2008-06-04,33.64015579223633
2008-06-05,34.52788543701172
2008-06-06,34.94839096069336
2008-06-09,34.48115921020508
2008-06-10,35.322166442871094
2008-06-11,35.041839599609375
2008-06-12,33.54670715332031
2008-06-13,32.47209930419922
2008-06-16,32.23848342895508
2008-06-17,31.584373474121094
2008-06-18,32.425376892089844
2008-06-19,31.53765106201172
2008-06-20,31.304035186767578
2008-06-23,30.836814880371094
2008-06-24,29.341690063476562
2008-06-25,30.22941780090332
2008-06-26,30.509754180908203
2008-06-27,29.435142517089844
2008-06-30,29.668746948242188
2008-07-01,29.90237045288086
2008-07-02,30.836814880371094
2008-07-03,30.743371963500977
2008-07-04,29.29496955871582
2008-07-07,30.46303939819336
2008-07-08,29.622032165527344
2008-07-09,30.79009437561035
2008-07-10,30.836814880371094
2008-07-11,30.3228702545166
2008-07-14,29.99580955505371
2008-07-15,29.014638900756836
2008-07-16,27.490009307861328
2008-07-17,29.22456169128418
2008-07-18,27.332321166992188
2008-07-21,28.120759963989258
2008-07-22,28.383569717407227
2008-07-23,30.3283634185791
2008-07-24,32.43085861206055
2008-07-25,30.80143165588379
2008-07-28,30.801136016845703
2008-07-29,30.80143165588379
2008-07-30,29.4348087310791
2008-07-31,28.646381378173828
2008-08-01,28.383569717407227
2008-08-04,27.43744659423828
2008-08-05,26.54389190673828
2008-08-06,26.964387893676758
2008-08-07,28.067920684814453
2008-08-08,29.119430541992188
2008-08-11,29.69761848449707
2008-08-12,28.488689422607422
2008-08-13,27.805383682250977
2008-08-14,28.278446197509766
2008-08-15,27.490009307861328
2008-08-18,26.281078338623047
2008-08-19,25.991989135742188
2008-08-20,26.2285213470459
2008-08-21,26.281078338623047
2008-08-22,27.1220760345459
2008-08-25,26.754140853881836
2008-08-26,26.281078338623047
2008-08-27,26.149677276611328
2008-08-28,27.384883880615234
2008-08-29,26.754140853881836
2008-09-01,26.54389190673828
2008-09-02,26.54389190673828
2008-09-03,24.704212188720703
2008-09-04,23.915781021118164
2008-09-05,24.073469161987305
2008-09-08,25.545211791992188
2008-09-09,25.22983741760254
2008-09-10,24.4414005279541
2008-09-11,22.73313331604004
2008-09-12,22.286354064941406
2008-09-15,22.07610511779785
2008-09-16,21.02486228942871
2008-09-17,21.865859985351562
2008-09-18,21.287675857543945
2008-09-19,22.549169540405273
2008-09-22,22.549169540405273
2008-09-23,22.890819549560547
2008-09-24,22.890819549560547
2008-09-25,21.603046417236328
2008-09-26,21.55048179626465
2008-09-29,21.550273895263672
2008-09-30,20.052467346191406
2008-10-01,19.34287452697754
2008-10-02,19.34287452697754
2008-10-03,18.817251205444336
2008-10-06,17.608327865600586
2008-10-07,17.923694610595703
2008-10-08,16.7673282623291
2008-10-09,15.63724136352539
2008-10-13,15.11161994934082
2008-10-14,16.162864685058594
2008-10-15,16.662206649780273
2008-10-16,16.084020614624023
2008-10-17,15.532115936279297
2008-10-20,15.006498336791992
2008-10-21,14.507158279418945
2008-10-22,14.007813453674316
2008-10-23,13.534759521484375
2008-10-24,13.061698913574219
2008-10-27,12.509795188903809
2008-10-28,13.377070426940918
2008-10-29,13.981534004211426
2008-10-30,14.953933715820312
2008-10-31,15.689807891845703
2008-11-03,15.61095905303955
2008-11-04,15.768647193908691
2008-11-05,15.61095905303955
2008-11-06,14.638561248779297
2008-11-07,13.639878273010254
2008-11-10,12.72004222869873
2008-11-11,12.168140411376953
2008-11-12,12.352106094360352
2008-11-13,11.51111125946045
2008-11-14,11.405987739562988
2008-11-17,10.643837928771973
2008-11-18,10.249622344970703
2008-11-19,10.959210395812988
2008-11-20,10.775240898132324
2008-11-21,11.51111125946045
2008-11-24,10.722681999206543
2008-11-25,10.880365371704102
2008-11-26,10.880365371704102
2008-11-27,11.616236686706543
2008-11-28,11.616236686706543
2008-12-01,11.668798446655273
2008-12-02,10.985491752624512
2008-12-03,10.985491752624512
2008-12-04,10.932929992675781
2008-12-05,10.827805519104004
2008-12-08,11.537393569946289
2008-12-09,10.854085922241211
2008-12-10,10.932929992675781
2008-12-11,11.695079803466797
2008-12-12,11.695079803466797
2008-12-15,12.509795188903809
2008-12-16,11.931611061096191
2008-12-17,11.563676834106445
2008-12-18,11.563563346862793
2008-12-19,11.72136116027832
2008-12-22,11.038052558898926
2008-12-23,10.775240898132324
2008-12-24,10.617552757263184
2008-12-25,10.748961448669434
2008-12-26,10.512431144714355
2008-12-29,10.302184104919434
2008-12-30,10.722681999206543
2008-12-31,10.906648635864258
2009-01-02,10.906648635864258
2009-01-05,11.274582862854004
2009-01-06,11.327147483825684
2009-01-07,11.642518043518066
2009-01-08,10.827805519104004
2009-01-09,10.617552757263184
2009-01-12,10.407309532165527
2009-01-13,10.643837928771973
2009-01-14,10.827805519104004
2009-01-15,10.486150741577148
2009-01-16,10.512431144714355
2009-01-19,10.039371490478516
2009-01-20,9.5925931930542
2009-01-21,9.2772216796875
2009-02-02,9.618875503540039
2009-02-03,10.118216514587402
2009-02-04,10.223339080810547
2009-02-05,10.065651893615723
2009-02-06,10.748961448669434
2009-02-09,10.59127426147461
2009-02-10,10.696399688720703
2009-02-11,10.801523208618164
2009-02-12,10.59127426147461
2009-02-13,10.775240898132324
2009-02-16,11.274582862854004
2009-02-17,10.827805519104004
2009-02-18,10.696399688720703
2009-02-19,11.090615272521973
2009-02-20,10.880365371704102
2009-02-23,10.932929992675781
2009-02-24,10.696399688720703
2009-02-25,11.090615272521973
2009-02-26,11.852764129638672
2009-02-27,12.036734580993652
2009-03-02,11.747644424438477
2009-03-03,11.668798446655273
2009-03-04,12.483510971069336
2009-03-05,12.352106094360352
2009-03-06,12.430948257446289
2009-03-09,12.693761825561523
2009-03-10,12.667479515075684
2009-03-11,12.509795188903809
2009-03-12,12.693761825561523
2009-03-13,12.798885345458984
2009-03-16,12.877728462219238
2009-03-17,12.877728462219238
2009-03-18,12.877728462219238
2009-03-19,12.772605895996094
2009-03-20,12.58863639831543
2009-03-23,13.009134292602539
2009-03-24,13.771285057067871
2009-03-25,13.850128173828125
2009-03-26,13.823847770690918
2009-03-27,13.823847770690918
2009-03-30,12.982853889465332
2009-03-31,13.009134292602539
2009-04-02,13.56103801727295
2009-04-03,13.981534004211426
2009-04-06,14.953933715820312
2009-04-07,14.454593658447266
2009-04-08,14.927652359008789
2009-04-09,15.137903213500977
2009-04-10,15.243029594421387
2009-04-13,16.215429306030273
2009-04-14,16.005178451538086
2009-04-15,15.952611923217773
2009-04-16,15.873771667480469
2009-04-17,14.76996898651123
2009-04-20,14.402030944824219
2009-04-21,14.76996898651123
2009-04-22,15.348151206970215
2009-04-23,15.11161994934082
2009-04-24,16.162864685058594
2009-04-27,17.13526153564453
2009-04-28,15.952611923217773
2009-04-29,15.58468246459961
2009-04-30,16.662206649780273
2009-05-04,17.818571090698242
2009-05-05,17.18782615661621
2009-05-06,18.02882194519043
2009-05-07,18.659570693969727
2009-05-08,19.947338104248047
2009-05-11,20.420400619506836
2009-05-12,19.553119659423828
2009-05-13,20.105030059814453
2009-05-14,19.369155883789062
2009-05-15,19.369155883789062
2009-05-18,19.34287452697754
2009-05-19,19.65824317932129
2009-05-20,19.710811614990234
2009-05-21,19.553119659423828
2009-05-22,19.868499755859375
2009-05-25,19.237751007080078
2009-05-26,18.370473861694336
2009-05-27,19.02750015258789
2009-06-01,18.580718994140625
2009-06-02,19.1851863861084
2009-06-03,19.080062866210938
2009-06-04,18.869813919067383
2009-06-05,18.97494125366211
2009-06-08,18.659570693969727
2009-06-09,17.660884857177734
2009-06-10,18.08138084411621
2009-06-11,17.97625732421875
2009-06-12,17.739727020263672
2009-06-15,17.056421279907227
2009-06-16,16.557077407836914
2009-06-17,16.557077407836914
2009-06-18,16.399394989013672
2009-06-19,17.52947998046875
2009-06-22,18.738405227661133
2009-06-23,18.948657989501953
2009-06-24,19.264034271240234
2009-06-25,19.737089157104492
2009-06-26,19.290311813354492
2009-06-29,19.68282127380371
2009-06-30,19.917137145996094
2009-07-01,20.034299850463867
2009-07-02,21.00086784362793
2009-07-03,21.38163185119629
2009-07-06,21.205894470214844
2009-07-07,21.118024826049805
2009-07-08,21.674530029296875
2009-07-09,21.498790740966797
2009-07-10,21.850271224975586
2009-07-13,20.678678512573242
2009-07-14,21.26447105407715
2009-07-15,22.055299758911133
2009-07-16,22.37748908996582
2009-07-17,22.348201751708984
2009-07-20,22.084592819213867
2009-07-21,22.58251953125
2009-07-22,23.431926727294922
2009-07-23,25.072166442871094
2009-07-24,26.800262451171875
2009-07-27,26.24376106262207
2009-07-28,26.273052215576172
2009-07-29,25.89228057861328
2009-07-30,27.649667739868164
2009-07-31,29.58281135559082
2009-08-03,28.997011184692383
2009-08-04,27.298194885253906
2009-08-05,28.00115394592285
2009-08-06,27.44464683532715
2009-08-07,27.44464683532715
2009-08-10,28.997011184692383
2009-08-11,29.289913177490234
2009-08-12,29.055587768554688
2009-08-13,29.055587768554688
2009-08-14,29.055587768554688
2009-08-17,27.532514572143555
2009-08-18,26.565946578979492
2009-08-19,26.097307205200195
2009-08-20,25.48221778869629
2009-08-21,25.775123596191406
2009-08-24,26.302335739135742
2009-08-25,26.82955551147461
2009-08-26,25.95085906982422
2009-08-27,25.89228057861328
2009-08-28,26.068021774291992
2009-08-31,26.1558895111084
2009-09-01,27.971860885620117
2009-09-02,28.176895141601562
2009-09-03,28.11831283569336
2009-09-04,27.82540512084961
2009-09-07,27.591096878051758
2009-09-08,28.089021682739258
2009-09-09,27.298194885253906
2009-09-10,26.65381622314453
2009-09-11,26.946718215942383
2009-09-14,26.331626892089844
2009-09-15,26.507369995117188
2009-09-16,28.352632522583008
2009-09-17,30.285768508911133
2009-09-18,32.27748489379883
2009-09-21,33.97629928588867
2009-09-22,33.56623458862305
2009-09-23,34.913570404052734
2009-09-24,37.13960647583008
2009-09-25,34.56208801269531
2009-09-28,34.73783493041992
2009-09-29,34.3863525390625
2009-09-30,36.729549407958984
2009-10-01,37.373924255371094
2009-10-02,39.24847412109375
2009-10-05,39.424217224121094
2009-10-06,38.83842468261719
2009-10-07,39.36564254760742
2009-10-08,36.612388610839844
2009-10-09,36.67096710205078
2009-10-12,37.43250274658203
2009-10-13,37.43250274658203
2009-10-14,37.256771087646484
2009-10-15,37.842559814453125
2009-10-16,38.662681579589844
2009-10-19,41.357357025146484
2009-10-20,40.068599700927734
2009-10-21,39.71712112426758
2009-10-22,40.59581756591797
2009-10-23,41.76741409301758
2009-10-26,41.76741409301758
2009-10-27,40.185752868652344
2009-10-28,38.4869384765625
2009-10-29,38.07688522338867
2009-10-30,37.315345764160156
2009-11-02,37.491085052490234
2009-11-03,39.54137420654297
2009-11-04,39.59995651245117
2009-11-05,39.30705642700195
2009-11-06,39.36564254760742
2009-11-09,38.77983474731445
2009-11-10,38.19403839111328
2009-11-11,38.25261688232422
2009-11-12,38.77983474731445
2009-11-13,38.07688522338867
2009-11-16,38.36978530883789
2009-11-17,37.608245849609375
2009-11-18,39.71712112426758
2009-11-19,39.4827995300293
2009-11-20,38.662681579589844
2009-11-23,38.72126007080078
2009-11-24,40.478660583496094
2009-11-25,40.185752868652344
2009-11-26,39.54137420654297
2009-11-27,38.662681579589844
2009-11-30,39.13131332397461
2009-12-01,40.068599700927734
2009-12-02,39.65853500366211
2009-12-03,42.41178894042969
2009-12-04,44.110599517822266
2009-12-07,44.989295959472656
2009-12-08,42.76326370239258
2009-12-09,42.76326370239258
2009-12-10,40.36149215698242
2009-12-11,41.82599639892578
2009-12-14,41.474510192871094
2009-12-15,42.1188850402832
2009-12-16,41.88456726074219
2009-12-17,40.888710021972656
2009-12-18,40.537235260009766
2009-12-21,42.5289421081543
2009-12-22,42.41178894042969
2009-12-23,42.470367431640625
2009-12-24,42.470367431640625
2009-12-25,42.587528228759766
2009-12-28,43.5833854675293
2009-12-29,42.704689025878906
2009-12-30,42.587528228759766
2009-12-31,42.587528228759766
2010-01-04,41.94315719604492
2010-01-05,40.71297073364258
2010-01-06,40.888710021972656
2010-01-07,39.83427429199219
2010-01-08,40.127174377441406
2010-01-11,39.65853500366211
2010-01-12,39.83427429199219
2010-01-13,39.30705642700195
2010-01-14,40.24433517456055
2010-01-15,40.420074462890625
2010-01-18,40.127174377441406
2010-01-19,40.71297073364258
2010-01-20,40.888710021972656
2010-01-21,40.185752868652344
2010-01-22,38.07688522338867
2010-01-25,37.373924255371094
2010-01-26,34.796409606933594
2010-01-27,33.15617752075195
2010-01-28,35.44078826904297
2010-01-29,36.9052848815918
2010-02-01,37.491085052490234
2010-02-02,37.9011344909668
2010-02-03,38.25261688232422
2010-02-04,38.42835998535156
2010-02-05,37.198184967041016
2010-02-08,35.14788818359375
2010-02-09,36.31949234008789
2010-02-10,35.323631286621094
2010-02-22,36.31949234008789
2010-02-23,36.729549407958984
2010-02-24,36.436649322509766
2010-02-25,35.850852966308594
2010-02-26,37.198184967041016
2010-03-01,38.604103088378906
2010-03-02,38.19403839111328
2010-03-03,38.135459899902344
2010-03-04,38.31119155883789
2010-03-05,39.424217224121094
2010-03-08,39.24847412109375
2010-03-09,39.77569580078125
2010-03-10,39.83427429199219
2010-03-11,39.424217224121094
2010-03-12,39.01416015625
2010-03-15,37.9011344909668
2010-03-16,37.256771087646484
2010-03-17,38.72126007080078
2010-03-18,38.604103088378906
2010-03-19,38.662681579589844
2010-03-22,39.77569580078125
2010-03-23,40.478660583496094
2010-03-24,40.24433517456055
2010-03-25,39.24847412109375
2010-03-26,39.01416015625
2010-03-29,40.185752868652344
2010-03-30,39.54137420654297
2010-03-31,40.420074462890625
2010-04-01,40.36149215698242
2010-04-02,39.83427429199219
2010-04-06,39.24847412109375
2010-04-07,38.42835998535156
2010-04-08,39.24847412109375
2010-04-09,41.82599639892578
2010-04-12,41.708831787109375
2010-04-13,40.59581756591797
2010-04-14,40.83013916015625
2010-04-15,40.77154541015625
2010-04-16,40.478660583496094
2010-04-19,39.13131332397461
2010-04-20,39.71712112426758
2010-04-21,39.77569580078125
2010-04-22,40.83013916015625
2010-04-23,40.420074462890625
2010-04-26,40.65439224243164
2010-04-27,40.478660583496094
2010-04-28,39.83427429199219
2010-04-29,40.010013580322266
2010-04-30,39.71712112426758
2010-05-03,39.13131332397461
2010-05-04,39.36564254760742
2010-05-05,38.36978530883789
2010-05-06,37.491085052490234
2010-05-07,35.850852966308594
2010-05-10,36.436649322509766
2010-05-11,36.085174560546875
2010-05-12,36.31949234008789
2010-05-13,36.84670639038086
2010-05-14,37.081024169921875
2010-05-17,36.14374923706055
2010-05-18,35.9680061340332
2010-05-19,35.73368453979492
2010-05-20,34.034873962402344
2010-05-21,31.691688537597656
2010-05-24,33.859134674072266
2010-05-25,31.808837890625
2010-05-26,32.92185592651367
2010-05-27,34.62067794799805
2010-05-28,34.913570404052734
2010-05-31,36.31949234008789
2010-06-01,35.9680061340332
2010-06-02,35.675106048583984
2010-06-03,36.202327728271484
2010-06-04,36.3780632019043
2010-06-07,35.265052795410156
2010-06-08,35.44078826904297
2010-06-09,36.026588439941406
2010-06-10,37.959720611572266
2010-06-11,37.959720611572266
2010-06-14,38.25261688232422
2010-06-15,38.25261688232422
2010-06-17,38.25261688232422
2010-06-18,38.135459899902344
2010-06-21,38.25261688232422
2010-06-22,37.9011344909668
2010-06-23,37.081024169921875
2010-06-24,36.67096710205078
2010-06-25,36.612388610839844
2010-06-28,36.78812789916992
2010-06-29,38.25261688232422
2010-06-30,36.3780632019043
2010-07-01,36.612388610839844
2010-07-02,37.081024169921875
2010-07-05,36.4952278137207
2010-07-06,37.43250274658203
2010-07-07,38.54551315307617
2010-07-08,38.148555755615234
2010-07-09,37.48875045776367
2010-07-12,38.56843566894531
2010-07-13,38.38848876953125
2010-07-14,39.168251037597656
2010-07-15,39.52814483642578
2010-07-16,39.1082649230957
2010-07-19,38.38848876953125
2010-07-20,38.38848876953125
2010-07-21,38.38848876953125
2010-07-22,38.628414154052734
2010-07-23,39.408172607421875
2010-07-26,38.20853805541992
2010-07-27,38.20853805541992
2010-07-28,38.688392639160156
2010-07-29,38.628414154052734
2010-07-30,38.56843566894531
2010-08-02,38.56843566894531
2010-08-03,39.888038635253906
2010-08-04,40.36789321899414
2010-08-05,41.9874153137207
2010-08-06,41.08767318725586
2010-08-09,41.62751770019531
2010-08-10,40.9077262878418
2010-08-11,41.807464599609375
2010-08-12,40.78776931762695
2010-08-13,40.9077262878418
2010-08-16,41.38758850097656
2010-08-17,40.60782241821289
2010-08-18,41.86743927001953
2010-08-19,43.18703842163086
2010-08-20,44.44667053222656
2010-08-23,44.86653518676758
2010-08-24,45.64630889892578
2010-08-25,44.14676284790039
2010-08-26,45.046485900878906
2010-08-27,44.38669204711914
2010-08-30,44.50665283203125
2010-08-31,44.14676284790039
2010-09-01,44.14676284790039
2010-09-02,44.68659210205078
2010-09-03,47.8056640625
2010-09-06,47.385780334472656
2010-09-07,46.54603958129883
2010-09-08,46.42607879638672
2010-09-09,45.046485900878906
2010-09-10,45.346397399902344
2010-09-13,46.246131896972656
2010-09-14,46.12617111206055
2010-09-15,45.58633041381836
2010-09-16,45.46636199951172
2010-09-17,47.085880279541016
2010-09-20,45.946224212646484
2010-09-21,45.16645431518555
2010-09-23,44.086769104003906
2010-09-24,44.14676284790039
2010-09-27,44.56663131713867
2010-09-28,44.32670593261719
2010-09-29,44.80656051635742
2010-09-30,44.68659210205078
2010-10-01,44.44667053222656
2010-10-04,44.086769104003906
2010-10-05,43.84684753417969
2010-10-06,44.026790618896484
2010-10-07,44.86653518676758
2010-10-08,44.62661361694336
2010-10-11,44.086769104003906
2010-10-12,43.666908264160156
2010-10-13,44.56663131713867
2010-10-14,46.12617111206055
2010-10-15,45.286415100097656
2010-10-18,44.32670593261719
2010-10-19,44.2667236328125
2010-10-20,44.98651885986328
2010-10-21,44.32670593261719
2010-10-22,45.16645431518555
2010-10-25,47.385780334472656
2010-10-26,49.4251708984375
2010-10-27,47.865638732910156
2010-10-28,47.865638732910156
2010-10-29,47.26582336425781
2010-11-01,47.325809478759766
2010-11-02,47.6257209777832
2010-11-03,46.60602569580078
2010-11-04,47.085880279541016
2010-11-05,47.56572723388672
2010-11-08,47.6257209777832
2010-11-09,46.96590805053711
2010-11-10,47.1458625793457
2010-11-11,47.50574493408203
2010-11-12,46.1861457824707
2010-11-15,45.58633041381836
2010-11-16,47.1458625793457
2010-11-17,46.486061096191406
2010-11-18,46.36608123779297
2010-11-19,46.00619888305664
2010-11-22,46.1861457824707
2010-11-23,45.88623046875
2010-11-24,45.706295013427734
2010-11-25,45.88623046875
2010-11-26,45.706295013427734
2010-11-29,45.58633041381836
2010-11-30,46.725990295410156
2010-12-01,49.06528091430664
2010-12-02,48.58543014526367
2010-12-03,49.12526321411133
2010-12-06,50.264923095703125
2010-12-07,53.443965911865234
2010-12-08,52.90414047241211
2010-12-09,52.78417205810547
2010-12-10,52.78417205810547
2010-12-13,52.844154357910156
2010-12-14,56.263126373291016
2010-12-15,53.98381423950195
2010-12-16,53.443965911865234
2010-12-17,53.2640266418457
2010-12-20,52.184349060058594
2010-12-21,53.20404052734375
2010-12-22,55.12346267700195
2010-12-23,54.46366882324219
2010-12-24,53.98381423950195
2010-12-27,53.98381423950195
2010-12-28,53.683895111083984
2010-12-29,52.184349060058594
2010-12-30,52.3043098449707
2010-12-31,52.24433517456055
2011-01-03,53.92382049560547
2011-01-04,53.08409118652344
2011-01-05,53.02409362792969
2011-01-06,53.50394821166992
2011-01-07,53.50394821166992
2011-01-10,52.78417205810547
2011-01-11,52.78417205810547
2011-01-12,53.32400131225586
2011-01-13,53.443965911865234
2011-01-14,53.38398742675781
2011-01-17,52.42427444458008
2011-01-18,52.42427444458008
2011-01-19,53.38398742675781
2011-01-20,53.56394577026367
2011-01-21,53.38398742675781
2011-01-24,53.98381423950195
2011-01-25,54.043785095214844
2011-01-26,53.98381423950195
2011-01-27,53.98381423950195
2011-01-28,53.98381423950195
2011-02-08,54.043785095214844
2011-02-09,54.043785095214844
2011-02-10,53.803863525390625
2011-02-11,51.404579162597656
2011-02-14,51.76447296142578
2011-02-15,52.124359130859375
2011-02-16,50.384891510009766
2011-02-17,52.78417205810547
2011-02-18,53.98381423950195
2011-02-21,53.38398742675781
2011-02-22,52.484256744384766
2011-02-23,52.96411895751953
2011-02-24,52.484256744384766
2011-02-25,52.90414047241211
2011-03-01,53.683895111083984
2011-03-02,52.484256744384766
2011-03-03,52.60421371459961
2011-03-04,53.08409118652344
2011-03-07,52.24433517456055
2011-03-08,52.60421371459961
2011-03-09,52.42427444458008
2011-03-10,52.54424285888672
2011-03-11,51.16465759277344
2011-03-14,49.185245513916016
2011-03-15,47.085880279541016
2011-03-16,48.40549087524414
2011-03-17,49.4251708984375
2011-03-18,50.684791564941406
2011-03-21,50.504852294921875
2011-03-22,50.80475997924805
2011-03-23,49.2452278137207
2011-03-24,48.52544403076172
2011-03-25,50.14497375488281
2011-03-28,52.664207458496094
2011-03-29,53.02409362792969
2011-03-30,54.403682708740234
2011-03-31,56.982913970947266
2011-04-01,55.483360290527344
2011-04-06,56.563026428222656
2011-04-07,56.86294937133789
2011-04-08,56.20314025878906
2011-04-11,58.60242462158203
2011-04-12,56.68300247192383
2011-04-13,55.0634880065918
2011-04-14,55.30340576171875
2011-04-15,54.64360809326172
2011-04-18,54.7036018371582
2011-04-19,54.16375732421875
2011-04-20,54.5836296081543
2011-04-21,56.742984771728516
2011-04-22,57.40277862548828
2011-04-25,58.002593994140625
2011-04-26,58.18254852294922
2011-04-27,59.38218307495117
2011-04-28,59.08229064941406
2011-04-29,56.68300247192383
2011-05-03,54.523651123046875
2011-05-04,54.5836296081543
2011-05-05,54.763572692871094
2011-05-06,54.46366882324219
2011-05-09,55.12346267700195
2011-05-10,54.5836296081543
2011-05-11,54.46366882324219
2011-05-12,57.282806396484375
2011-05-13,56.623023986816406
2011-05-16,55.243438720703125
2011-05-17,56.023193359375
2011-05-18,55.903236389160156
2011-05-19,56.383087158203125
2011-05-20,55.963218688964844
2011-05-23,55.003501892089844
2011-05-24,54.223731994628906
2011-05-25,54.34370040893555
2011-05-26,55.18345642089844
2011-05-27,54.64360809326172
2011-05-30,54.763572692871094
2011-05-31,55.0634880065918
2011-06-01,56.08317947387695
2011-06-02,56.383087158203125
2011-06-03,55.003501892089844
2011-06-07,55.18345642089844
2011-06-08,55.243438720703125
2011-06-09,55.66330337524414
2011-06-10,55.423377990722656
2011-06-13,54.7036018371582
2011-06-14,54.943511962890625
2011-06-15,54.943511962890625
2011-06-16,54.043785095214844
2011-06-17,55.12346267700195
2011-06-20,54.043785095214844
2011-06-21,51.16465759277344
2011-06-22,51.16465759277344
2011-06-23,52.184349060058594
2011-06-24,54.403682708740234
2011-06-27,54.5836296081543
2011-06-28,54.223731994628906
2011-06-29,54.943511962890625
2011-06-30,54.823551177978516
2011-07-01,55.18345642089844
2011-07-04,54.823551177978516
2011-07-05,55.243438720703125
2011-07-06,55.3633918762207
2011-07-07,55.78327178955078
2011-07-08,54.88353729248047
2011-07-11,54.34370040893555
2011-07-12,55.280311584472656
2011-07-13,52.15493392944336
2011-07-14,49.485328674316406
2011-07-15,49.55043411254883
2011-07-18,49.289981842041016
2011-07-19,47.206398010253906
2011-07-20,46.750614166259766
2011-07-21,48.44353103637695
2011-07-22,49.680660247802734
2011-07-25,49.485328674316406
2011-07-26,49.81088638305664
2011-07-27,47.922630310058594
2011-07-28,47.987735748291016
2011-07-29,47.206398010253906
2011-08-01,47.401737213134766
2011-08-02,48.183082580566406
2011-08-03,47.72728729248047
2011-08-04,47.987735748291016
2011-08-05,46.034366607666016
2011-08-08,45.57859802246094
2011-08-09,46.16459655761719
2011-08-10,46.49015808105469
2011-08-11,47.401737213134766
2011-08-12,46.099491119384766
2011-08-15,46.55528259277344
2011-08-16,47.011051177978516
2011-08-17,46.229713439941406
2011-08-18,45.57859802246094
2011-08-19,44.927459716796875
2011-08-22,45.05768585205078
2011-08-23,47.27150344848633
2011-08-24,46.29481887817383
2011-08-25,47.011051177978516
2011-08-26,47.206398010253906
2011-08-29,47.857513427734375
2011-08-30,47.662174224853516
2011-08-31,47.662174224853516
2011-09-01,46.685489654541016
2011-09-02,45.12281036376953
2011-09-05,42.32297134399414
2011-09-06,43.950775146484375
2011-09-07,45.57859802246094
2011-09-08,46.425045013427734
2011-09-09,45.70881271362305
2011-09-13,44.927459716796875
2011-09-14,42.58342361450195
2011-09-15,43.56010437011719
2011-09-16,46.229713439941406
2011-09-19,45.77392578125
2011-09-20,46.229713439941406
2011-09-21,46.16459655761719
2011-09-22,45.57859802246094
2011-09-23,43.36476516723633
2011-09-26,43.23454666137695
2011-09-27,43.950775146484375
2011-09-28,42.713645935058594
2011-09-29,42.713645935058594
2011-09-30,41.15095138549805
2011-10-03,40.369606018066406
2011-10-04,38.220909118652344
2011-10-05,35.55129623413086
2011-10-06,35.16062927246094
2011-10-07,36.85354232788086
2011-10-11,37.309329986572266
2011-10-12,36.202423095703125
2011-10-13,36.26753234863281
2011-10-14,37.56977462768555
2011-10-17,37.56977462768555
2011-10-18,36.72332000732422
2011-10-19,37.179107666015625
2011-10-20,36.85354232788086
2011-10-21,37.56977462768555
2011-10-24,38.806907653808594
2011-10-25,39.783592224121094
2011-10-26,38.155792236328125
2011-10-27,38.286014556884766
2011-10-28,38.67668914794922
2011-10-31,39.32780838012695
2011-11-01,42.062522888183594
2011-11-02,41.867183685302734
2011-11-03,41.15095138549805
2011-11-04,42.58342361450195
2011-11-07,43.23454666137695
2011-11-08,43.299659729003906
2011-11-09,41.93230056762695
2011-11-10,41.67185592651367
2011-11-11,43.039215087890625
2011-11-14,43.820560455322266
2011-11-15,44.08100509643555
2011-11-16,44.4716796875
2011-11-17,44.27634048461914
2011-11-18,42.77876281738281
2011-11-21,41.02073287963867
2011-11-22,40.89051055908203
2011-11-23,40.30449295043945
2011-11-24,40.23938751220703
2011-11-25,40.23938751220703
2011-11-28,40.89051055908203
2011-11-29,41.67185592651367
2011-11-30,41.67185592651367
2011-12-01,44.53678894042969
2011-12-02,44.53678894042969
2011-12-05,44.341453552246094
2011-12-06,42.713645935058594
2011-12-07,42.908992767333984
2011-12-08,42.8438720703125
2011-12-09,42.25785827636719
2011-12-12,42.062522888183594
2011-12-13,41.93230056762695
2011-12-14,42.32297134399414
2011-12-15,41.411399841308594
2011-12-16,38.74180603027344
2011-12-19,37.765113830566406
2011-12-20,37.89533996582031
2011-12-21,39.13247299194336
2011-12-22,38.611576080322266
2011-12-23,38.87202835083008
2011-12-26,38.937137603759766
2011-12-27,39.06735610961914
2011-12-28,38.74180603027344
2011-12-29,38.74180603027344
2011-12-30,38.67668914794922
2012-01-02,38.67668914794922
2012-01-03,38.67668914794922
2012-01-04,38.67668914794922
2012-01-05,38.67668914794922
2012-01-06,39.392921447753906
2012-01-09,39.13247299194336
2012-01-10,39.19758987426758
2012-01-11,39.2626953125
2012-01-12,38.67668914794922
2012-01-13,36.26753234863281
2012-01-16,35.94197463989258
2012-01-17,36.26753234863281
2012-01-18,38.74180603027344
2012-01-30,41.411399841308594
2012-01-31,44.08100509643555
2012-02-01,43.10432052612305
2012-02-02,42.648536682128906
2012-02-03,43.299659729003906
2012-02-06,42.32297134399414
2012-02-07,43.820560455322266
2012-02-08,45.38325500488281
2012-02-09,46.16459655761719
2012-02-10,45.904151916503906
2012-02-13,46.49015808105469
2012-02-14,45.969261169433594
2012-02-15,46.55528259277344
2012-02-16,44.99257278442383
2012-02-17,44.86235809326172
2012-02-20,44.797245025634766
2012-02-21,45.25303268432617
2012-02-22,44.146121978759766
2012-02-23,43.42988586425781
2012-02-24,43.69032287597656
2012-02-29,43.88566589355469
2012-03-01,45.51347732543945
2012-03-02,45.51347732543945
2012-03-05,44.99257278442383
2012-03-06,44.40656280517578
2012-03-07,43.950775146484375
2012-03-08,44.4716796875
2012-03-09,45.643699645996094
2012-03-12,44.60190200805664
2012-03-13,44.797245025634766
2012-03-14,45.25303268432617
2012-03-15,44.60190200805664
2012-03-16,44.4716796875
2012-03-19,43.820560455322266
2012-03-20,43.56010437011719
2012-03-21,44.01588821411133
2012-03-22,44.27634048461914
2012-03-23,45.57859802246094
2012-03-26,45.57859802246094
2012-03-27,45.448360443115234
2012-03-28,47.662174224853516
2012-03-29,50.982906341552734
2012-03-30,48.964420318603516
2012-04-02,49.289981842041016
2012-04-03,46.29481887817383
2012-04-05,45.57859802246094
2012-04-06,45.448360443115234
2012-04-09,45.05768585205078
2012-04-10,44.797245025634766
2012-04-11,44.4716796875
2012-04-12,44.4716796875
2012-04-13,44.797245025634766
2012-04-16,45.643699645996094
2012-04-17,45.05768585205078
2012-04-18,44.86235809326172
2012-04-19,44.927459716796875
2012-04-20,44.341453552246094
2012-04-23,44.53678894042969
2012-04-24,44.73212432861328
2012-04-25,44.927459716796875
2012-04-26,44.927459716796875
2012-04-27,43.820560455322266
2012-04-30,43.36476516723633
2012-05-02,43.950775146484375
2012-05-03,44.73212432861328
2012-05-04,46.099491119384766
2012-05-07,45.448360443115234
2012-05-08,45.448360443115234
2012-05-09,44.86235809326172
2012-05-10,44.27634048461914
2012-05-11,44.341453552246094
2012-05-14,44.927459716796875
2012-05-15,44.60190200805664
2012-05-16,43.62521743774414
2012-05-17,43.23454666137695
2012-05-18,40.369606018066406
2012-05-21,39.2626953125
2012-05-22,39.97893524169922
2012-05-23,39.84870910644531
2012-05-24,39.5882568359375
2012-05-25,39.32780838012695
2012-05-28,40.17427444458008
2012-05-29,41.997413635253906
2012-05-30,42.8438720703125
2012-05-31,43.69032287597656
2012-06-01,43.10432052612305
2012-06-04,42.32297134399414
2012-06-05,43.820560455322266
2012-06-06,44.797245025634766
2012-06-07,44.53678894042969
2012-06-08,44.40656280517578
2012-06-11,44.73212432861328
2012-06-12,45.18791961669922
2012-06-13,44.797245025634766
2012-06-14,44.27634048461914
2012-06-15,46.29481887817383
2012-06-18,44.927459716796875
2012-06-19,43.23454666137695
2012-06-20,44.60190200805664
2012-06-21,44.60190200805664
2012-06-22,44.86235809326172
2012-06-25,44.27634048461914
2012-06-26,43.820560455322266
2012-06-27,43.56010437011719
2012-06-28,43.36476516723633
2012-06-29,44.08100509643555
2012-07-02,44.797245025634766
2012-07-03,45.18791961669922
2012-07-04,45.969261169433594
2012-07-05,46.17176818847656
2012-07-06,46.84679412841797
2012-07-09,47.11680603027344
2012-07-10,47.251808166503906
2012-07-11,47.251808166503906
2012-07-12,47.11680603027344
2012-07-13,47.79183578491211
2012-07-16,48.26435470581055
2012-07-17,48.26435470581055
2012-07-18,47.58932113647461
2012-07-19,47.859336853027344
2012-07-20,47.65682601928711
2012-07-23,47.45432662963867
2012-07-24,47.184303283691406
2012-07-25,47.319305419921875
2012-07-26,46.779296875
2012-07-27,45.631752014160156
2012-07-30,45.36173629760742
2012-07-31,45.22673416137695
2012-08-01,45.49674606323242
2012-08-02,45.49674606323242
2012-08-03,44.55170440673828
2012-08-06,44.48420333862305
2012-08-07,43.066654205322266
2012-08-08,41.109073638916016
2012-08-09,41.851600646972656
2012-08-10,42.256614685058594
2012-08-13,42.18911361694336
2012-08-14,41.91910171508789
2012-08-15,41.851600646972656
2012-08-16,42.18911361694336
2012-08-17,42.52663040161133
2012-08-20,42.52663040161133
2012-08-21,42.52663040161133
2012-08-22,42.39162826538086
2012-08-23,42.864139556884766
2012-08-24,42.59413528442383
2012-08-27,42.45912551879883
2012-08-28,42.52663040161133
2012-08-29,42.864139556884766
2012-08-30,42.39162826538086
2012-08-31,42.256614685058594
2012-09-03,42.18911361694336
2012-09-04,42.256614685058594
2012-09-05,41.58159637451172
2012-09-06,41.649105072021484
2012-09-07,41.91910171508789
2012-09-10,41.78409957885742
2012-09-11,41.58159637451172
2012-09-12,41.851600646972656
2012-09-13,42.05411148071289
2012-09-14,42.256614685058594
2012-09-17,42.66163635253906
2012-09-18,43.33666229248047
2012-09-19,43.201656341552734
2012-09-20,43.201656341552734
2012-09-21,43.201656341552734
2012-09-24,42.324127197265625
2012-09-25,42.324127197265625
2012-09-26,41.71660614013672
2012-09-27,41.71660614013672
2012-09-28,41.649105072021484
2012-10-01,41.71660614013672
2012-10-02,41.78409957885742
2012-10-03,42.39162826538086
2012-10-04,42.864139556884766
2012-10-05,42.79663848876953
2012-10-08,41.514095306396484
2012-10-09,41.514095306396484
2012-10-11,40.096534729003906
2012-10-12,40.096534729003906
2012-10-15,39.82652282714844
2012-10-16,39.96153259277344
2012-10-17,40.569053649902344
2012-10-18,41.17657470703125
2012-10-19,40.636558532714844
2012-10-22,40.096534729003906
2012-10-23,39.5565185546875
2012-10-24,38.881492614746094
2012-10-25,39.01649475097656
2012-10-26,37.12641906738281
2012-10-29,38.476478576660156
2012-10-30,38.476478576660156
2012-10-31,37.53144073486328
2012-11-01,37.93645477294922
2012-11-02,38.54397964477539
2012-11-05,40.97406768798828
2012-11-06,42.52663040161133
2012-11-07,42.324127197265625
2012-11-08,41.78409957885742
2012-11-09,43.201656341552734
2012-11-12,43.134151458740234
2012-11-13,41.71660614013672
2012-11-14,41.91910171508789
2012-11-15,42.9991569519043
2012-11-16,41.91910171508789
2012-11-19,42.256614685058594
2012-11-20,42.18911361694336
2012-11-21,41.851600646972656
2012-11-22,42.66163635253906
2012-11-23,43.201656341552734
2012-11-26,43.606666564941406
2012-11-27,43.87667465209961
2012-11-28,44.48420333862305
2012-11-29,44.48420333862305
2012-11-30,45.22673416137695
2012-12-03,46.104270935058594
2012-12-04,45.90175247192383
2012-12-05,45.294227600097656
2012-12-06,45.15922927856445
2012-12-07,44.55170440673828
2012-12-10,43.80916976928711
2012-12-11,43.201656341552734
2012-12-12,43.201656341552734
2012-12-13,43.066654205322266
2012-12-14,42.9991569519043
2012-12-17,43.26915740966797
2012-12-18,43.201656341552734
2012-12-19,43.40416717529297
2012-12-20,44.28169631958008
2012-12-21,44.146690368652344
2012-12-24,44.146690368652344
2012-12-25,44.21419906616211
2012-12-26,44.75421905517578
2012-12-27,44.34920120239258
2012-12-28,43.674171447753906
2013-01-02,43.40416717529297
2013-01-03,42.864139556884766
2013-01-04,43.134151458740234
2013-01-07,42.729129791259766
2013-01-08,42.9991569519043
2013-01-09,42.864139556884766
2013-01-10,43.134151458740234
2013-01-11,42.9991569519043
2013-01-14,42.52663040161133
2013-01-15,42.18911361694336
2013-01-16,41.78409957885742
2013-01-17,42.324127197265625
2013-01-18,42.45912551879883
2013-01-21,41.91910171508789
2013-01-22,42.18911361694336
2013-01-23,42.729129791259766
2013-01-24,42.256614685058594
2013-01-25,41.851600646972656
2013-01-28,42.18911361694336
2013-01-29,42.324127197265625
2013-01-30,42.45912551879883
2013-01-31,42.729129791259766
2013-02-01,42.52663040161133
2013-02-04,45.49674606323242
2013-02-05,45.90175247192383
2013-02-06,45.56424331665039
2013-02-18,45.90175247192383
2013-02-19,46.17176818847656
2013-02-20,45.294227600097656
2013-02-21,45.90175247192383
2013-02-22,45.766754150390625
2013-02-25,46.104270935058594
2013-02-26,45.96925354003906
2013-02-27,45.96925354003906
2013-03-01,45.90175247192383
2013-03-04,45.90175247192383
2013-03-05,45.834251403808594
2013-03-06,46.2392692565918
2013-03-07,46.576778411865234
2013-03-08,47.251808166503906
2013-03-11,47.859336853027344
2013-03-12,48.26435470581055
2013-03-13,49.27688217163086
2013-03-14,49.14189147949219
2013-03-15,49.614402770996094
2013-03-18,48.39935302734375
2013-03-19,48.534358978271484
2013-03-20,48.60185623168945
2013-03-21,49.00687026977539
2013-03-22,49.27688217163086
2013-03-25,49.27688217163086
2013-03-26,49.27688217163086
2013-03-27,48.93937683105469
2013-03-28,48.60185623168945
2013-03-29,48.12934875488281
2013-04-01,47.65682601928711
2013-04-02,47.859336853027344
2013-04-03,48.60185623168945
2013-04-08,47.92683792114258
2013-04-09,47.251808166503906
2013-04-10,45.96925354003906
2013-04-11,45.90175247192383
2013-04-12,45.699249267578125
2013-04-15,45.766754150390625
2013-04-16,45.56424331665039
2013-04-17,43.674171447753906
2013-04-18,44.21419906616211
2013-04-19,43.53916549682617
2013-04-22,42.52663040161133
2013-04-23,43.201656341552734
2013-04-24,43.201656341552734
2013-04-25,43.201656341552734
2013-04-26,43.53916549682617
2013-04-29,43.066654205322266
2013-04-30,42.729129791259766
2013-05-02,43.33666229248047
2013-05-03,43.201656341552734
2013-05-06,42.864139556884766
2013-05-07,42.39162826538086
2013-05-08,42.18911361694336
2013-05-09,42.79663848876953
2013-05-10,43.066654205322266
2013-05-13,43.066654205322266
2013-05-14,43.201656341552734
2013-05-15,42.729129791259766
2013-05-16,42.9991569519043
2013-05-17,43.26915740966797
2013-05-20,42.39162826538086
2013-05-21,43.26915740966797
2013-05-22,43.201656341552734
2013-05-23,43.134151458740234
2013-05-24,41.17657470703125
2013-05-27,41.91910171508789
2013-05-28,42.324127197265625
2013-05-29,41.91910171508789
2013-05-30,41.58159637451172
2013-05-31,41.851600646972656
2013-06-03,41.514095306396484
2013-06-04,40.636558532714844
2013-06-05,39.151493072509766
2013-06-06,37.86894989013672
2013-06-07,36.78891372680664
2013-06-10,37.12641906738281
2013-06-11,36.586402893066406
2013-06-13,36.586402893066406
2013-06-14,36.856414794921875
2013-06-17,37.26142883300781
2013-06-18,37.39643478393555
2013-06-19,36.92391586303711
2013-06-20,36.45140075683594
2013-06-21,33.95379638671875
2013-06-24,33.95379638671875
2013-06-25,34.088809967041016
2013-06-26,33.75128936767578
2013-06-27,33.95379638671875
2013-06-28,34.42633056640625
2013-07-01,36.45140075683594
2013-07-02,37.19392395019531
2013-07-03,37.32892990112305
2013-07-04,36.99141311645508
2013-07-05,37.39643478393555
2013-07-08,37.466461181640625
2013-07-09,39.91754150390625
2013-07-10,39.567386627197266
2013-07-11,39.91754150390625
2013-07-12,40.05760955810547
2013-07-15,40.54781723022461
2013-07-16,40.40775680541992
2013-07-17,41.108070373535156
2013-07-18,41.24812698364258
2013-07-19,39.21723556518555
2013-07-22,39.98757553100586
2013-07-23,40.337730407714844
2013-07-24,42.29859161376953
2013-07-25,42.29859161376953
2013-07-26,42.01845932006836
2013-07-29,43.20899200439453
2013-07-30,43.34904479980469
2013-07-31,43.9093017578125
2013-08-01,44.88972473144531
2013-08-02,43.76923370361328
2013-08-05,45.66006088256836
2013-08-06,46.500431060791016
2013-08-07,46.220306396484375
2013-08-08,45.940185546875
2013-08-09,44.329471588134766
2013-08-12,42.928863525390625
2013-08-13,44.119388580322266
2013-08-14,44.88972473144531
2013-08-15,44.88972473144531
2013-08-16,44.819698333740234
2013-08-19,45.44996643066406
2013-08-20,46.08024978637695
2013-08-22,45.519996643066406
2013-08-23,44.95975875854492
2013-08-26,45.30990982055664
2013-08-27,44.819698333740234
2013-08-28,44.95975875854492
2013-08-29,47.27077102661133
2013-08-30,48.53133010864258
2013-09-02,47.90104675292969
2013-09-03,47.3408088684082
2013-09-04,47.0606803894043
2013-09-05,46.92061996459961
2013-09-06,46.220306396484375
2013-09-09,44.67963790893555
2013-09-10,46.500431060791016
2013-09-11,46.08024978637695
2013-09-12,46.71052551269531
2013-09-13,46.29034423828125
2013-09-16,47.27077102661133
2013-09-17,47.3408088684082
2013-09-18,46.6404914855957
2013-09-23,46.500431060791016
2013-09-24,46.360374450683594
2013-09-25,47.13071060180664
2013-09-26,45.23987579345703
2013-09-27,45.80012893676758
2013-09-30,46.6404914855957
2013-10-01,46.360374450683594
2013-10-02,46.92061996459961
2013-10-03,47.62092208862305
2013-10-04,46.92061996459961
2013-10-07,46.57046127319336
2013-10-08,47.27077102661133
2013-10-09,46.6404914855957
2013-10-11,46.1502799987793
2013-10-14,45.029788970947266
2013-10-15,45.7301025390625
2013-10-16,48.53133010864258
2013-10-17,47.5508918762207
2013-10-18,50.212066650390625
2013-10-21,50.07201385498047
2013-10-22,47.760982513427734
2013-10-23,46.01021957397461
2013-10-24,45.7301025390625
2013-10-25,44.95975875854492
2013-10-28,45.37994384765625
2013-10-29,44.819698333740234
2013-10-30,44.25944900512695
2013-10-31,43.839263916015625
2013-11-01,42.368614196777344
2013-11-04,40.89796829223633
2013-11-05,41.52825164794922
2013-11-06,42.01845932006836
2013-11-07,41.59827423095703
2013-11-08,41.738346099853516
2013-11-11,42.01845932006836
2013-11-12,41.738346099853516
2013-11-13,40.89796829223633
2013-11-14,41.178096771240234
2013-11-15,41.668312072753906
2013-11-18,41.03803634643555
2013-11-19,40.68787384033203
2013-11-20,41.178096771240234
2013-11-21,40.12763595581055
2013-11-22,39.91754150390625
2013-11-25,40.26769256591797
2013-11-26,41.458221435546875
2013-11-27,41.668312072753906
2013-11-28,42.088497161865234
2013-11-29,42.01845932006836
2013-12-02,42.368614196777344
2013-12-03,42.158531188964844
2013-12-04,43.629173278808594
2013-12-05,43.41907501220703
2013-12-06,43.20899200439453
2013-12-09,42.85883331298828
2013-12-10,42.71876907348633
2013-12-11,42.01845932006836
2013-12-12,42.01845932006836
2013-12-13,41.668312072753906
2013-12-16,42.29859161376953
2013-12-17,42.01845932006836
2013-12-18,42.368614196777344
2013-12-19,41.808372497558594
2013-12-20,41.808372497558594
2013-12-23,42.158531188964844
2013-12-24,42.648738861083984
2013-12-25,42.01845932006836
2013-12-26,42.368614196777344
2013-12-27,42.78880310058594
2013-12-30,43.839263916015625
2013-12-31,43.76923370361328
2014-01-02,43.34904479980469
2014-01-03,43.41907501220703
2014-01-06,44.119388580322266
2014-01-07,44.88972473144531
2014-01-08,44.04935836791992
2014-01-09,43.279022216796875
2014-01-10,43.69920349121094
2014-01-13,43.068931579589844
2014-01-14,43.629173278808594
2014-01-15,44.39950942993164
2014-01-16,43.839263916015625
2014-01-17,43.41907501220703
2014-01-20,43.9093017578125
2014-01-21,43.839263916015625
2014-01-22,43.559139251708984
2014-01-23,44.04935836791992
2014-01-24,46.29034423828125
2014-01-27,45.519996643066406
2014-02-05,46.500431060791016
2014-02-06,48.181175231933594
2014-02-07,47.48086929321289
2014-02-10,47.27077102661133
2014-02-11,47.690948486328125
2014-02-12,47.690948486328125
2014-02-13,49.021541595458984
2014-02-14,48.111148834228516
2014-02-17,47.90104675292969
2014-02-18,49.09156799316406
2014-02-19,50.772315979003906
2014-02-20,51.472618103027344
2014-02-21,50.84233474731445
2014-02-24,50.2821044921875
2014-02-25,49.93194580078125
2014-02-26,50.212066650390625
2014-02-27,50.84233474731445
2014-03-03,49.791873931884766
2014-03-04,50.142032623291016
2014-03-05,50.42215347290039
2014-03-06,50.772315979003906
2014-03-07,49.021541595458984
2014-03-10,50.00197219848633
2014-03-11,50.212066650390625
2014-03-12,51.19248962402344
2014-03-13,50.42215347290039
2014-03-14,50.42215347290039
2014-03-17,50.142032623291016
2014-03-18,50.142032623291016
2014-03-19,50.35212707519531
2014-03-20,49.44172668457031
2014-03-21,49.021541595458984
2014-03-24,48.67138671875
2014-03-25,49.791873931884766
2014-03-26,51.122459411621094
2014-03-27,51.332550048828125
2014-03-28,50.56221389770508
2014-03-31,50.84233474731445
2014-04-01,50.42215347290039
2014-04-02,51.472618103027344
2014-04-03,51.40259552001953
2014-04-07,49.511756896972656
2014-04-08,50.42215347290039
2014-04-09,51.96283721923828
2014-04-10,51.26251983642578
2014-04-11,51.122459411621094
2014-04-14,51.122459411621094
2014-04-15,51.332550048828125
2014-04-16,50.84233474731445
2014-04-17,50.42215347290039
2014-04-18,51.26251983642578
2014-04-21,51.68272399902344
2014-04-22,52.17292404174805
2014-04-23,55.81452560424805
2014-04-24,57.42523193359375
2014-04-25,54.553977966308594
2014-04-28,53.713600158691406
2014-04-29,56.514827728271484
2014-04-30,54.413909912109375
2014-05-02,55.394344329833984
2014-05-05,54.3438835144043
2014-05-06,53.643577575683594
2014-05-07,53.713600158691406
2014-05-08,53.85366439819336
2014-05-09,53.0132942199707
2014-05-12,53.713600158691406
2014-05-13,52.17292404174805
2014-05-14,51.40259552001953
2014-05-15,54.974159240722656
2014-05-16,52.80320739746094
2014-05-19,52.94326400756836
2014-05-20,53.503509521484375
2014-05-21,52.66313171386719
2014-05-22,53.9236946105957
2014-05-23,54.3438835144043
2014-05-26,54.62399673461914
2014-05-27,54.62399673461914
2014-05-28,53.9236946105957
2014-05-29,53.433475494384766
2014-05-30,52.45305252075195
2014-06-03,55.044189453125
2014-06-04,58.12554168701172
2014-06-05,57.07508087158203
2014-06-06,56.794952392578125
2014-06-09,56.09465026855469
2014-06-10,55.394344329833984
2014-06-11,54.553977966308594
2014-06-12,54.974159240722656
2014-06-13,58.75582504272461
2014-06-16,61.627079010009766
2014-06-17,60.43656539916992
2014-06-18,60.92677307128906
2014-06-19,59.52616882324219
2014-06-20,57.28517150878906
2014-06-23,56.37477493286133
2014-06-24,57.005043029785156
2014-06-25,56.37477493286133
2014-06-26,59.10597610473633
2014-06-27,58.12554168701172
2014-06-30,58.545719146728516
2014-07-01,59.876312255859375
2014-07-02,59.596187591552734
2014-07-03,58.825843811035156
2014-07-04,60.08640670776367
2014-07-07,59.52616882324219
2014-07-08,60.71668243408203
2014-07-09,59.246028900146484
2014-07-10,62.04726028442383
2014-07-11,61.69711685180664
2014-07-14,61.346961975097656
2014-07-15,60.43656539916992
2014-07-16,59.73624801635742
2014-07-17,59.51982498168945
2014-07-18,60.02483367919922
2014-07-21,58.72621536254883
2014-07-22,59.014808654785156
2014-07-23,59.014808654785156
2014-07-24,61.68416976928711
2014-07-25,61.10701370239258
2014-07-28,60.74628829956055
2014-07-29,58.72621536254883
2014-07-30,56.85044860839844
2014-07-31,57.71617889404297
2014-08-01,58.2933349609375
2014-08-04,58.65408706665039
2014-08-05,58.94264221191406
2014-08-06,57.644046783447266
2014-08-07,59.231231689453125
2014-08-08,58.43763732910156
2014-08-11,59.37553405761719
2014-08-12,61.756324768066406
2014-08-13,61.32343673706055
2014-08-14,59.88053512573242
2014-08-15,60.601993560791016
2014-08-18,58.50978469848633
2014-08-19,59.159095764160156
2014-08-20,59.95268249511719
2014-08-21,60.529850006103516
2014-08-22,60.81843185424805
2014-08-25,60.74628829956055
2014-08-26,60.241268157958984
2014-08-27,63.1270866394043
2014-08-28,63.48781204223633
2014-08-29,63.48781204223633
2014-09-01,64.2092514038086
2014-09-02,64.06494903564453
2014-09-03,64.2092514038086
2014-09-04,63.84853744506836
2014-09-05,62.6220588684082
2014-09-09,62.83849334716797
2014-09-10,63.19921875
2014-09-11,63.55994415283203
2014-09-12,62.83849334716797
2014-09-15,62.69420623779297
2014-09-16,61.32343673706055
2014-09-17,62.5499153137207
2014-09-18,61.68416976928711
2014-09-19,62.333473205566406
2014-09-22,61.68416976928711
2014-09-23,61.612037658691406
2014-09-24,61.68416976928711
2014-09-25,62.477760314941406
2014-09-26,61.32343673706055
2014-09-29,60.457706451416016
2014-09-30,60.96271896362305
2014-10-01,60.241268157958984
2014-10-02,59.51982498168945
2014-10-03,59.664100646972656
2014-10-06,60.457706451416016
2014-10-07,61.82846450805664
2014-10-08,61.539886474609375
2014-10-09,60.601993560791016
2014-10-13,57.1390266418457
2014-10-14,57.4276008605957
2014-10-15,53.67604446411133
2014-10-16,53.96463394165039
2014-10-17,53.243186950683594
2014-10-20,54.46965026855469
2014-10-21,54.46965026855469
2014-10-22,55.55183029174805
2014-10-23,54.181068420410156
2014-10-24,53.82033920288086
2014-10-27,52.088844299316406
2014-10-28,54.181068420410156
2014-10-29,55.62397384643555
2014-10-30,54.83037185668945
2014-10-31,54.61392593383789
2014-11-03,58.36549758911133
2014-11-04,58.65408706665039
2014-11-05,58.2933349609375
2014-11-06,56.99474334716797
2014-11-07,60.96271896362305
2014-11-10,59.59196472167969
2014-11-11,60.89058303833008
2014-11-12,60.16911697387695
2014-11-13,59.88053512573242
2014-11-14,58.72621536254883
2014-11-17,58.79835510253906
2014-11-18,58.22119140625
2014-11-19,59.447669982910156
2014-11-20,60.16911697387695
2014-11-21,60.02483367919922
2014-11-24,60.16911697387695
2014-11-25,60.096981048583984
2014-11-26,59.88053512573242
2014-11-27,60.457706451416016
2014-11-28,60.31340026855469
2014-12-01,59.95268249511719
2014-12-02,59.51982498168945
2014-12-03,59.88053512573242
2014-12-04,59.37553405761719
2014-12-05,59.51982498168945
2014-12-08,59.447669982910156
2014-12-09,59.88053512573242
2014-12-10,58.94264221191406
2014-12-11,58.72621536254883
2014-12-12,58.22119140625
2014-12-15,57.71617889404297
2014-12-16,59.231231689453125
2014-12-17,57.78833770751953
2014-12-18,58.79835510253906
2014-12-19,58.2933349609375
2014-12-22,58.43763732910156
2014-12-23,58.94264221191406
2014-12-24,58.87051010131836
2014-12-25,58.22119140625
2014-12-26,58.58192825317383
2014-12-29,59.30337142944336
2014-12-30,58.58192825317383
2014-12-31,59.231231689453125
2015-01-05,59.014808654785156
2015-01-06,59.88053512573242
2015-01-07,59.014808654785156
2015-01-08,59.014808654785156
2015-01-09,60.16911697387695
2015-01-12,59.37553405761719
2015-01-13,59.447669982910156
2015-01-14,59.30337142944336
2015-01-15,59.159095764160156
2015-01-16,58.2933349609375
2015-01-19,57.28331756591797
2015-01-20,58.149044036865234
2015-01-21,59.08694076538086
2015-01-22,59.664100646972656
2015-01-23,58.076904296875
2015-01-26,56.48972702026367
2015-01-27,57.1390266418457
2015-01-28,56.778297424316406
2015-01-29,56.634002685546875
2015-01-30,56.922584533691406
2015-02-02,56.273277282714844
2015-02-03,57.066871643066406
2015-02-04,57.28331756591797
2015-02-05,57.28331756591797
2015-02-06,56.85044860839844
2015-02-09,56.561851501464844
2015-02-10,56.922584533691406
2015-02-11,55.40754699707031
2015-02-12,55.91255187988281
2015-02-13,56.634002685546875
2015-02-24,57.71617889404297
2015-02-25,58.79835510253906
2015-02-26,58.22119140625
2015-03-02,56.922584533691406
2015-03-03,58.076904296875
2015-03-04,57.932621002197266
2015-03-05,57.571903228759766
2015-03-06,57.71617889404297
2015-03-09,57.35545349121094
2015-03-10,57.2111701965332
2015-03-11,56.634002685546875
2015-03-12,56.12898635864258
2015-03-13,56.201133728027344
2015-03-16,56.12898635864258
2015-03-17,56.99474334716797
2015-03-18,57.571903228759766
2015-03-19,57.1390266418457
2015-03-20,56.778297424316406
2015-03-23,57.4997444152832
2015-03-24,57.35545349121094
2015-03-25,56.12898635864258
2015-03-26,57.4276008605957
2015-03-27,56.922584533691406
2015-03-30,56.48972702026367
2015-03-31,56.05684280395508
2015-04-01,56.99474334716797
2015-04-02,57.35545349121094
2015-04-07,57.71617889404297
2015-04-08,57.2111701965332
2015-04-09,55.26325225830078
2015-04-10,55.55183029174805
2015-04-13,55.55183029174805
2015-04-14,55.55183029174805
2015-04-15,54.83037185668945
2015-04-16,54.10892105102539
2015-04-17,54.46965026855469
2015-04-20,54.181068420410156
2015-04-21,54.036781311035156
2015-04-22,54.90251922607422
2015-04-23,54.83037185668945
2015-04-24,53.459617614746094
2015-04-27,54.036781311035156
2015-04-28,53.89247512817383
2015-04-29,54.32536697387695
2015-04-30,53.38747787475586
2015-05-04,49.70806884765625
2015-05-05,47.6879997253418
2015-05-06,49.92449951171875
2015-05-07,51.15096664428711
2015-05-08,50.57380294799805
2015-05-11,50.42951583862305
2015-05-12,50.64594650268555
2015-05-13,53.67604446411133
2015-05-14,54.10892105102539
2015-05-15,53.31532669067383
2015-05-18,53.531768798828125
2015-05-19,52.5938720703125
2015-05-20,50.14093017578125
2015-05-21,49.27519607543945
2015-05-22,50.14093017578125
2015-05-25,50.068790435791016
2015-05-26,49.56377410888672
2015-05-27,48.193016052246094
2015-05-28,49.780208587646484
2015-05-29,49.85234832763672
2015-06-01,49.92449951171875
2015-06-02,50.213077545166016
2015-06-03,48.770179748535156
2015-06-04,48.26515197753906
2015-06-05,47.97658157348633
2015-06-08,48.625885009765625
2015-06-09,48.625885009765625
2015-06-10,47.97658157348633
2015-06-11,47.97658157348633
2015-06-12,47.6879997253418
2015-06-15,45.81222152709961
2015-06-16,43.72001266479492
2015-06-17,44.802188873291016
2015-06-18,45.667930603027344
2015-06-22,46.10080337524414
2015-06-23,46.172950744628906
2015-06-24,47.3272705078125
2015-06-25,48.337303161621094
2015-06-26,48.770179748535156
2015-06-29,48.698028564453125
2015-06-30,49.20304870605469
2015-07-01,49.780208587646484
2015-07-02,49.780208587646484
2015-07-03,49.92449951171875
2015-07-06,49.92449951171875
2015-07-07,48.698028564453125
2015-07-08,47.3272705078125
2015-07-09,46.9665412902832
2015-07-10,46.9665412902832
2015-07-13,47.255123138427734
2015-07-14,47.76013946533203
2015-07-15,47.97658157348633
2015-07-16,48.26515197753906
2015-07-17,48.048728942871094
2015-07-20,46.6058235168457
2015-07-21,46.245094299316406
2015-07-22,46.4758415222168
2015-07-23,45.94941711425781
2015-07-24,46.62624740600586
2015-07-27,46.17503356933594
2015-07-28,46.62624740600586
2015-07-29,46.55104064941406
2015-07-30,47.227882385253906
2015-07-31,48.13032531738281
2015-08-03,45.799015045166016
2015-08-04,46.62624740600586
2015-08-05,47.227882385253906
2015-08-06,46.325435638427734
2015-08-07,43.99412536621094
2015-08-10,43.242088317871094
2015-08-11,42.715660095214844
2015-08-12,43.31728744506836
2015-08-13,43.69330978393555
2015-08-14,43.542903900146484
2015-08-17,43.69330978393555
2015-08-18,43.61811065673828
2015-08-19,43.31728744506836
2015-08-20,42.64046096801758
2015-08-21,40.98597717285156
2015-08-24,37.338600158691406
2015-08-25,39.33149719238281
2015-08-26,39.40670394897461
2015-08-27,39.48190689086914
2015-08-28,40.7603645324707
2015-08-31,40.45954895019531
2015-09-01,40.45954895019531
2015-09-02,40.45954895019531
2015-09-03,40.45954895019531
2015-09-04,40.00833511352539
2015-09-07,42.715660095214844
2015-09-08,41.963623046875
2015-09-09,43.16688537597656
2015-09-10,43.392494201660156
2015-09-11,43.768516540527344
2015-09-14,43.61811065673828
2015-09-15,43.99412536621094
2015-09-16,43.69330978393555
2015-09-17,43.768516540527344
2015-09-18,45.64860153198242
2015-09-21,44.82135772705078
2015-09-22,44.82135772705078
2015-09-23,44.29493713378906
2015-09-24,43.61811065673828
2015-09-25,43.16688537597656
2015-09-29,43.16688537597656
2015-09-30,42.339637756347656
2015-10-01,43.99412536621094
2015-10-02,43.768516540527344
2015-10-05,43.31728744506836
2015-10-06,43.46770095825195
2015-10-07,44.2197380065918
2015-10-08,44.2197380065918
2015-10-12,45.799015045166016
2015-10-13,44.971771240234375
2015-10-14,45.12217712402344
2015-10-15,46.25022888183594
2015-10-16,48.43113708496094
2015-10-19,47.00226974487305
2015-10-20,46.400638580322266
2015-10-21,46.4758415222168
2015-10-22,45.49819564819336
2015-10-23,45.49819564819336
2015-10-26,45.49819564819336
2015-10-27,45.3477897644043
2015-10-28,44.746158599853516
2015-10-29,43.918922424316406
2015-10-30,43.61811065673828
2015-11-02,43.99412536621094
2015-11-03,44.445343017578125
2015-11-04,43.84372329711914
2015-11-05,43.768516540527344
2015-11-06,44.144535064697266
2015-11-09,45.799015045166016
2015-11-10,46.02462387084961
2015-11-11,44.59575271606445
2015-11-12,44.29493713378906
2015-11-13,44.29493713378906
2015-11-16,43.091678619384766
2015-11-17,43.392494201660156
2015-11-18,43.091678619384766
2015-11-19,43.31728744506836
2015-11-20,43.31728744506836
2015-11-23,43.091678619384766
2015-11-24,43.091678619384766
2015-11-25,43.242088317871094
2015-11-26,43.768516540527344
2015-11-27,43.768516540527344
2015-11-30,43.392494201660156
2015-12-01,43.69330978393555
2015-12-02,45.874210357666016
2015-12-03,45.12217712402344
2015-12-04,48.882362365722656
2015-12-07,53.544986724853516
2015-12-08,51.13846969604492
2015-12-09,47.82950973510742
2015-12-10,49.63439178466797
2015-12-11,47.60389709472656
2015-12-14,48.50634002685547
2015-12-15,48.882362365722656
2015-12-16,50.53683853149414
2015-12-17,50.46162796020508
2015-12-18,49.63439178466797
2015-12-21,48.50634002685547
2015-12-22,48.280731201171875
2015-12-23,48.58154296875
2015-12-24,49.18317413330078
2015-12-25,48.6567497253418
2015-12-28,48.6567497253418
2015-12-29,48.13032531738281
2015-12-30,48.20552444458008
2015-12-31,48.05512237548828
2016-01-04,48.58154296875
2016-01-05,48.6567497253418
2016-01-06,50.010414123535156
2016-01-07,47.4534912109375
2016-01-08,47.67909622192383
2016-01-11,46.85186004638672
2016-01-12,45.1973762512207
2016-01-13,45.12217712402344
2016-01-14,44.89656448364258
2016-01-15,45.2725830078125
2016-01-18,45.874210357666016
2016-01-19,46.25022888183594
2016-01-20,46.17503356933594
2016-01-21,46.85186004638672
2016-01-22,45.874210357666016
2016-01-25,45.94941711425781
2016-01-26,46.17503356933594
2016-01-27,46.325435638427734
2016-01-28,47.15267562866211
2016-01-29,49.5591926574707
2016-02-01,49.25837707519531
2016-02-02,49.5591926574707
2016-02-03,48.882362365722656
2016-02-15,46.85186004638672
2016-02-16,49.5591926574707
2016-02-17,48.882362365722656
2016-02-18,49.107975006103516
2016-02-19,49.408782958984375
2016-02-22,50.16082000732422
2016-02-23,50.16082000732422
2016-02-24,50.46162796020508
2016-02-25,52.416927337646484
2016-02-26,53.018558502197266
2016-03-01,55.57548141479492
2016-03-02,56.026710510253906
2016-03-03,56.177101135253906
2016-03-04,55.72587966918945
2016-03-07,56.10190200805664
2016-03-08,55.124263763427734
2016-03-09,54.74824523925781
2016-03-10,54.44742965698242
2016-03-11,54.59782791137695
2016-03-14,55.04905700683594
2016-03-15,53.770599365234375
2016-03-16,55.27467346191406
2016-03-17,54.973854064941406
2016-03-18,55.04905700683594
2016-03-21,54.29701614379883
2016-03-22,54.52263641357422
2016-03-23,52.86815643310547
2016-03-24,52.34172821044922
2016-03-25,50.988059997558594
2016-03-28,51.8153076171875
2016-03-29,51.74009704589844
2016-03-30,51.13846969604492
2016-03-31,52.0409049987793
2016-04-01,52.191314697265625
2016-04-06,51.74009704589844
2016-04-07,51.514488220214844
2016-04-08,51.8153076171875
2016-04-11,53.31938171386719
2016-04-12,54.52263641357422
2016-04-13,53.24418258666992
2016-04-14,52.191314697265625
2016-04-15,53.09376525878906
2016-04-18,52.49214172363281
2016-04-19,52.642539978027344
2016-04-20,52.416927337646484
2016-04-21,51.8905029296875
2016-04-22,51.28887939453125
2016-04-25,50.762447357177734
2016-04-26,52.56733703613281
2016-04-27,51.74009704589844
2016-04-28,51.06326675415039
2016-04-29,53.84579849243164
2016-05-03,54.14661407470703
2016-05-04,53.544986724853516
2016-05-05,54.52263641357422
2016-05-06,55.04905700683594
2016-05-09,55.65068817138672
2016-05-10,54.74824523925781
2016-05-11,55.57548141479492
2016-05-12,55.50028610229492
2016-05-13,55.04905700683594
2016-05-16,54.29701614379883
2016-05-17,54.82344436645508
2016-05-18,56.77874755859375
2016-05-19,56.402713775634766
2016-05-20,56.177101135253906
2016-05-23,56.402713775634766
2016-05-24,56.47792434692383
2016-05-25,56.70353698730469
2016-05-26,58.658836364746094
2016-05-27,58.433223724365234
2016-05-30,58.88444900512695
2016-05-31,58.80923843383789
2016-06-01,58.583641052246094
2016-06-02,58.433223724365234
2016-06-03,58.80923843383789
2016-06-06,60.16291046142578
2016-06-07,60.16291046142578
2016-06-08,59.862091064453125
2016-06-13,60.31330871582031
2016-06-14,59.486061096191406
2016-06-15,59.41086959838867
2016-06-16,60.16291046142578
2016-06-17,59.41086959838867
2016-06-20,59.26046371459961
2016-06-21,59.786888122558594
2016-06-22,58.35801696777344
2016-06-23,58.35801696777344
2016-06-24,57.53076934814453
2016-06-27,57.75639724731445
2016-06-28,56.85394287109375
2016-06-29,58.583641052246094
2016-06-30,57.75639724731445
2016-07-01,57.53076934814453
2016-07-04,58.207611083984375
2016-07-05,58.583641052246094
2016-07-06,57.60599136352539
2016-07-07,58.433223724365234
2016-07-08,58.433223724365234
2016-07-11,59.18525314331055
2016-07-12,59.71168518066406
2016-07-13,59.786888122558594
2016-07-14,60.16291046142578
2016-07-15,59.26046371459961
2016-07-18,59.41086959838867
2016-07-19,59.6364860534668
2016-07-20,58.95964431762695
2016-07-21,58.658836364746094
2016-07-22,58.28281021118164
2016-07-25,58.05720138549805
2016-07-26,57.90679931640625
2016-07-27,57.38037109375
2016-07-28,58.05720138549805
2016-07-29,60.5389289855957
2016-08-01,61.8925895690918
2016-08-02,63.17103958129883
2016-08-03,64.59992218017578
2016-08-04,64.37430572509766
2016-08-05,66.17919158935547
2016-08-08,67.68326568603516
2016-08-09,65.49938201904297
2016-08-10,65.26766967773438
2016-08-11,65.26766967773438
2016-08-12,65.1131820678711
2016-08-15,65.03594207763672
2016-08-16,65.26766967773438
2016-08-17,63.722869873046875
2016-08-18,64.0318374633789
2016-08-19,63.41391372680664
2016-08-22,62.4097900390625
2016-08-23,62.641510009765625
2016-08-24,62.79599380493164
2016-08-25,62.56426239013672
2016-08-26,62.487037658691406
2016-08-29,62.255313873291016
2016-08-30,62.95047378540039
2016-08-31,62.79599380493164
2016-09-01,60.787750244140625
2016-09-02,62.95047378540039
2016-09-05,62.33254623413086
2016-09-06,63.18218994140625
2016-09-07,63.25942611694336
2016-09-08,65.03594207763672
2016-09-09,64.64974975585938
2016-09-12,64.26353454589844
2016-09-13,64.41803741455078
2016-09-14,62.641510009765625
2016-09-19,64.8814697265625
2016-09-20,65.03594207763672
2016-09-21,65.1131820678711
2016-09-22,64.64974975585938
2016-09-23,64.8814697265625
2016-09-26,64.8814697265625
2016-09-27,64.8814697265625
2016-09-28,64.8814697265625
2016-09-29,65.96282958984375
2016-09-30,65.26766967773438
2016-10-03,66.27178192138672
2016-10-04,66.58074188232422
2016-10-05,66.7352294921875
2016-10-06,67.044189453125
2016-10-07,67.66210174560547
2016-10-11,65.57662200927734
2016-10-12,65.57662200927734
2016-10-13,65.1131820678711
2016-10-14,64.26353454589844
2016-10-17,64.10906219482422
2016-10-18,64.0318374633789
2016-10-19,64.10906219482422
2016-10-20,65.42213439941406
2016-10-21,65.42213439941406
2016-10-24,66.65798950195312
2016-10-25,64.34080505371094
2016-10-26,61.791873931884766
2016-10-27,61.791873931884766
2016-10-28,61.405670166015625
2016-10-31,61.869110107421875
2016-11-01,61.94635772705078
2016-11-02,61.63740158081055
2016-11-03,60.247074127197266
2016-11-04,59.62916946411133
2016-11-07,61.482906341552734
2016-11-08,60.247074127197266
2016-11-09,56.23060989379883
2016-11-10,60.247074127197266
2016-11-11,59.24295425415039
2016-11-14,59.088478088378906
2016-11-15,59.62916946411133
2016-11-16,58.084354400634766
2016-11-17,57.852630615234375
2016-11-18,58.31608200073242
2016-11-21,57.5436897277832
2016-11-22,57.5436897277832
2016-11-23,59.088478088378906
2016-11-24,58.16160583496094
2016-11-25,58.77952194213867
2016-11-28,60.16983413696289
2016-11-29,59.78363037109375
2016-11-30,61.01947021484375
2016-12-01,60.47879409790039
2016-12-02,59.088478088378906
2016-12-05,59.165714263916016
2016-12-06,59.24295425415039
2016-12-07,59.551918029785156
2016-12-08,59.78363037109375
2016-12-09,59.551918029785156
2016-12-12,58.77952194213867
2016-12-13,58.62503433227539
2016-12-14,59.3202018737793
2016-12-15,59.3202018737793
2016-12-16,59.165714263916016
2016-12-19,59.165714263916016
2016-12-20,59.088478088378906
2016-12-21,60.01534652709961
2016-12-22,59.165714263916016
2016-12-23,58.856754302978516
2016-12-26,58.547794342041016
2016-12-27,58.00712203979492
2016-12-28,58.70228576660156
2016-12-29,58.62503433227539
2016-12-30,58.238834381103516
2017-01-03,58.77952194213867
2017-01-04,59.088478088378906
2017-01-05,60.247074127197266
2017-01-06,62.17807388305664
2017-01-09,61.94635772705078
2017-01-10,63.64563751220703
2017-01-11,64.34080505371094
2017-01-12,64.95870971679688
2017-01-13,64.0318374633789
2017-01-16,62.95047378540039
2017-01-17,63.3366584777832
2017-01-18,63.3366584777832
2017-01-19,63.25942611694336
2017-01-20,63.25942611694336
2017-01-23,63.25942611694336
2017-01-24,63.25942611694336
2017-02-02,64.95870971679688
2017-02-03,65.34490203857422
2017-02-06,65.42213439941406
2017-02-07,65.65386199951172
2017-02-08,66.19453430175781
2017-02-09,67.19866943359375
2017-02-10,66.42626953125
2017-02-13,67.81657409667969
2017-02-14,66.88969421386719
2017-02-15,66.34902954101562
2017-02-16,66.58074188232422
2017-02-17,67.19866943359375
2017-02-20,67.58486938476562
2017-02-21,68.35725402832031
2017-02-22,73.30059814453125
2017-02-23,73.7640380859375
2017-02-24,72.45096588134766
2017-03-01,70.75169372558594
2017-03-02,70.05652618408203
2017-03-03,70.98340606689453
2017-03-06,71.21514129638672
2017-03-07,73.37784576416016
2017-03-08,74.22748565673828
2017-03-09,73.37784576416016
2017-03-10,72.91442108154297
2017-03-13,72.29649353027344
2017-03-14,72.99165344238281
2017-03-15,73.37784576416016
2017-03-16,74.30472564697266
2017-03-17,74.30472564697266
2017-03-20,73.7640380859375
2017-03-21,74.1502456665039
2017-03-22,72.68269348144531
2017-03-23,72.45096588134766
2017-03-24,73.37784576416016
2017-03-27,71.60133361816406
2017-03-28,70.67445373535156
2017-03-29,72.2192611694336
2017-03-30,70.90617370605469
2017-03-31,70.98340606689453
2017-04-05,71.67857360839844
2017-04-06,70.98340606689453
2017-04-07,69.36138153076172
2017-04-10,68.5889663696289
2017-04-11,69.36138153076172
2017-04-12,68.89794158935547
2017-04-13,68.2027816772461
2017-04-14,67.19866943359375
2017-04-17,67.1214370727539
2017-04-18,66.42626953125
2017-04-19,69.05242156982422
2017-04-20,69.51586151123047
2017-04-21,69.51586151123047
2017-04-24,69.05242156982422
2017-04-25,70.28826141357422
2017-04-26,72.52821350097656
2017-04-27,72.68269348144531
2017-04-28,72.91442108154297
2017-05-02,71.13790130615234
2017-05-03,71.29237365722656
2017-05-04,72.2192611694336
2017-05-05,71.13790130615234
2017-05-08,71.21514129638672
2017-05-09,70.67445373535156
2017-05-10,74.07300567626953
2017-05-11,72.6054458618164
2017-05-12,71.60133361816406
2017-05-15,73.37784576416016
2017-05-16,74.07300567626953
2017-05-17,72.8371810913086
2017-05-18,71.29237365722656
2017-05-19,70.67445373535156
2017-05-22,71.83305358886719
2017-05-23,72.45096588134766
2017-05-24,71.83305358886719
2017-05-25,72.75993347167969
2017-05-26,72.6054458618164
2017-05-31,72.8371810913086
2017-06-01,72.6054458618164
2017-06-02,73.60957336425781
2017-06-05,73.37784576416016
2017-06-06,74.1502456665039
2017-06-07,74.1502456665039
2017-06-08,74.53645324707031
2017-06-09,72.6054458618164
2017-06-12,70.67445373535156
2017-06-13,70.36549377441406
2017-06-14,70.28826141357422
2017-06-15,71.75580596923828
2017-06-16,71.75580596923828
2017-06-19,73.06888580322266
2017-06-20,72.06476593017578
2017-06-21,73.37784576416016
2017-06-22,75.46331787109375
2017-06-23,74.99988555908203
2017-06-26,75.3860855102539
2017-06-27,76.69917297363281
2017-06-28,75.15437316894531
2017-06-29,75.3860855102539
2017-06-30,75.6950454711914
2017-07-03,73.53233337402344
2017-07-04,74.53645324707031
2017-07-05,72.6054458618164
2017-07-06,72.45096588134766
2017-07-07,72.06476593017578
2017-07-10,71.52409362792969
2017-07-11,73.91852569580078
2017-07-12,75.23160552978516
2017-07-13,75.84951782226562
2017-07-14,77.62605285644531
2017-07-17,77.23983764648438
2017-07-18,79.94324493408203
2017-07-19,79.5570297241211
2017-07-20,77.23983764648438
2017-07-21,77.23983764648438
2017-07-24,77.41612243652344
2017-07-25,76.85745239257812
2017-07-26,77.49592590332031
2017-07-27,77.73535919189453
2017-07-28,76.85745239257812
2017-07-31,76.21895599365234
2017-08-01,75.66028594970703
2017-08-02,74.9419937133789
2017-08-03,76.21895599365234
2017-08-04,75.26123809814453
2017-08-07,75.81991577148438
2017-08-08,76.21895599365234
2017-08-09,76.93726348876953
2017-08-10,77.73535919189453
2017-08-11,75.02179718017578
2017-08-14,75.66028594970703
2017-08-15,77.3363037109375
2017-08-16,77.41612243652344
2017-08-17,77.09687042236328
2017-08-18,77.65555572509766
2017-08-21,77.57573699951172
2017-08-22,78.29402160644531
2017-08-23,78.37383270263672
2017-08-24,79.01232147216797
2017-08-25,81.00759887695312
2017-08-28,79.17195129394531
2017-08-29,79.3315658569336
2017-08-30,85.79621124267578
2017-08-31,82.60380554199219
2017-09-01,81.00759887695312
2017-09-04,81.00759887695312
2017-09-05,80.20948791503906
2017-09-06,80.6085205078125
2017-09-07,79.49118041992188
2017-09-08,80.6085205078125
2017-09-11,80.6085205078125
2017-09-12,81.00759887695312
2017-09-13,79.81043243408203
2017-09-14,82.20474243164062
2017-09-15,81.00759887695312
2017-09-18,81.00759887695312
2017-09-19,81.40663146972656
2017-09-20,86.59432220458984
2017-09-21,87.39241790771484
2017-09-22,85.79621124267578
2017-09-25,83.80095672607422
2017-09-26,83.80095672607422
2017-09-27,83.40190124511719
2017-09-28,84.99811553955078
2017-09-29,85.39716339111328
2017-10-02,87.79147338867188
2017-10-03,86.59432220458984
2017-10-05,92.58009338378906
2017-10-06,98.16683959960938
2017-10-11,104.55167388916016
2017-10-12,105.34976959228516
2017-10-13,102.9554443359375
2017-10-16,103.35450744628906
2017-10-17,99.36399841308594
2017-10-18,98.16683959960938
2017-10-19,102.1573486328125
2017-10-20,100.96019744873047
2017-10-23,100.16209411621094
2017-10-24,108.14313507080078
2017-10-25,106.94596862792969
2017-10-26,110.13838195800781
2017-10-27,103.35450744628906
2017-10-30,106.94596862792969
2017-10-31,117.32133483886719
2017-11-01,113.72986602783203
2017-11-02,114.92701721191406
2017-11-03,119.71565246582031
2017-11-06,119.71565246582031
2017-11-07,122.50901794433594
2017-11-08,120.51376342773438
2017-11-09,126.8985824584961
2017-11-10,127.69669342041016
2017-11-13,124.50426483154297
2017-11-14,121.31185913085938
2017-11-15,122.90806579589844
2017-11-16,124.50426483154297
2017-11-17,125.3023910522461
2017-11-20,131.6872100830078
2017-11-21,137.67298889160156
2017-11-22,135.27870178222656
2017-11-23,133.28341674804688
2017-11-24,135.67774963378906
2017-11-27,136.87489318847656
2017-11-28,137.27394104003906
2017-11-29,144.45687866210938
2017-11-30,140.86538696289062
2017-12-01,134.08152770996094
2017-12-04,126.8985824584961
2017-12-05,120.51376342773438
2017-12-06,128.4947967529297
2017-12-07,120.91282653808594
2017-12-08,119.31658935546875
2017-12-11,124.10521697998047
2017-12-12,120.11468505859375
2017-12-13,125.3023910522461
2017-12-14,126.1004638671875
2017-12-15,126.8985824584961
2017-12-18,125.70142364501953
2017-12-19,127.29763793945312
2017-12-20,128.8938446044922
2017-12-21,128.8938446044922
2017-12-22,127.69669342041016
2017-12-25,126.4995346069336
2017-12-26,124.9033203125
2017-12-27,125.3023910522461
2017-12-28,129.69195556640625
2017-12-29,129.2928924560547
2018-01-02,127.29763793945312
2018-01-03,132.8843536376953
2018-01-04,131.6872100830078
2018-01-05,132.0862579345703
2018-01-08,131.28814697265625
2018-01-09,127.69669342041016
2018-01-10,124.9033203125
2018-01-11,128.09573364257812
2018-01-12,129.2928924560547
2018-01-15,130.09100341796875
2018-01-16,130.09100341796875
2018-01-17,133.68247985839844
2018-01-18,133.28341674804688
2018-01-19,132.0862579345703
2018-01-22,130.09100341796875
2018-01-23,133.28341674804688
2018-01-24,130.4900360107422
2018-01-25,133.68247985839844
2018-01-26,130.4900360107422
2018-01-29,132.0862579345703
2018-01-30,130.88909912109375
2018-01-31,132.48529052734375
2018-02-01,133.28341674804688
2018-02-02,138.87014770507812
2018-02-05,135.67774963378906
2018-02-06,133.28341674804688
2018-02-07,126.8985824584961
2018-02-08,121.71090698242188
2018-02-09,122.10997009277344
2018-02-12,114.92701721191406
2018-02-21,126.1004638671875
2018-02-22,126.8985824584961
2018-02-23,133.28341674804688
2018-02-26,126.4995346069336
2018-02-27,127.69669342041016
2018-03-01,128.09573364257812
2018-03-02,126.1004638671875
2018-03-05,122.90806579589844
2018-03-06,123.3071060180664
2018-03-07,124.50426483154297
2018-03-08,136.87489318847656
2018-03-09,129.69195556640625
2018-03-12,130.09100341796875
2018-03-13,131.28814697265625
2018-03-14,130.09100341796875
2018-03-15,132.48529052734375
2018-03-16,135.67774963378906
2018-03-19,135.67774963378906
2018-03-20,136.87489318847656
2018-03-21,144.85594177246094
2018-03-22,142.8606719970703
2018-03-23,142.8606719970703
2018-03-26,139.26919555664062
2018-03-27,140.4663543701172
2018-03-28,138.0720672607422
2018-03-29,143.2597198486328
2018-03-30,137.27394104003906
2018-04-02,136.0767822265625
2018-04-03,135.67774963378906
2018-04-09,137.67298889160156
2018-04-10,134.08152770996094
2018-04-11,135.67774963378906
2018-04-12,135.67774963378906
2018-04-13,139.26919555664062
2018-04-16,137.67298889160156
2018-04-17,134.48057556152344
2018-04-18,135.27870178222656
2018-04-19,132.48529052734375
2018-04-20,130.09100341796875
2018-04-23,125.3023910522461
2018-04-24,123.70616149902344
2018-04-25,126.8985824584961
2018-04-26,119.71565246582031
2018-04-27,124.10521697998047
2018-04-30,119.71565246582031
2018-05-02,126.4995346069336
2018-05-03,122.50901794433594
2018-05-04,119.71565246582031
2018-05-07,122.50901794433594
2018-05-08,120.91282653808594
2018-05-09,126.4995346069336
2018-05-10,130.4900360107422
2018-05-11,130.4900360107422
2018-05-14,135.67774963378906
2018-05-15,131.6872100830078
2018-05-16,133.28341674804688
2018-05-17,132.48529052734375
2018-05-18,129.69195556640625
2018-05-21,134.48057556152344
2018-05-22,131.6872100830078
2018-05-23,132.0862579345703
2018-05-24,131.28814697265625
2018-05-25,129.2928924560547
2018-05-28,128.8938446044922
2018-05-29,122.90806579589844
2018-05-30,122.90806579589844
2018-05-31,119.31658935546875
2018-06-01,125.3023910522461
2018-06-04,128.4947967529297
2018-06-05,128.09573364257812
2018-06-06,124.50426483154297
2018-06-07,124.10521697998047
2018-06-08,127.69669342041016
2018-06-11,132.0862579345703
2018-06-12,132.8843536376953
2018-06-13,134.87962341308594
2018-06-14,133.28341674804688
2018-06-15,133.28341674804688
2018-06-19,133.28341674804688
2018-06-20,131.28814697265625
2018-06-21,131.6872100830078
2018-06-22,129.69195556640625
2018-06-25,127.69669342041016
2018-06-26,130.88909912109375
2018-06-27,128.4947967529297
2018-06-28,127.29763793945312
2018-06-29,130.88909912109375
2018-07-02,130.88909912109375
2018-07-03,128.4947967529297
2018-07-04,124.10521697998047
2018-07-05,120.91282653808594
2018-07-06,122.50901794433594
2018-07-09,123.70616149902344
2018-07-10,128.8938446044922
2018-07-11,129.2928924560547
2018-07-12,130.4900360107422
2018-07-13,139.0858154296875
2018-07-16,141.13722229003906
2018-07-17,141.13722229003906
2018-07-18,138.26524353027344
2018-07-19,137.03439331054688
2018-07-20,137.03439331054688
2018-07-23,137.03439331054688
2018-07-24,139.0858154296875
2018-07-25,144.82972717285156
2018-07-26,146.8811798095703
2018-07-27,146.06060791015625
2018-07-30,138.26524353027344
2018-07-31,141.5474853515625
2018-08-01,155.49710083007812
2018-08-02,159.18966674804688
2018-08-03,151.80455017089844
2018-08-06,155.49710083007812
2018-08-07,153.44570922851562
2018-08-08,158.77935791015625
2018-08-09,158.77935791015625
2018-08-10,150.98397827148438
2018-08-13,146.06060791015625
2018-08-14,142.77835083007812
2018-08-15,139.49610900878906
2018-08-16,142.77835083007812
2018-08-17,141.13722229003906
2018-08-20,137.03439331054688
2018-08-21,141.5474853515625
2018-08-22,139.49610900878906
2018-08-23,142.3680877685547
2018-08-24,133.7521209716797
2018-08-27,137.44468688964844
2018-08-28,141.5474853515625
2018-08-29,141.95779418945312
2018-08-30,141.5474853515625
2018-08-31,139.0858154296875
2018-09-03,136.21380615234375
2018-09-04,133.7521209716797
2018-09-05,130.88014221191406
2018-09-06,131.2904510498047
2018-09-07,125.95677185058594
2018-09-10,118.16139221191406
2018-09-11,120.2127914428711
2018-09-12,119.80252075195312
2018-09-13,120.62309265136719
2018-09-14,122.67449188232422
2018-09-17,123.90535736083984
2018-09-18,126.36703491210938
2018-09-19,122.26422882080078
2018-09-20,125.95677185058594
2018-09-21,128.82875061035156
2018-09-25,129.6492919921875
2018-09-26,126.7773208618164
2018-09-27,123.90535736083984
2018-09-28,120.2127914428711
2018-10-01,119.80252075195312
2018-10-02,118.16139221191406
2018-10-03,114.0585708618164
2018-10-04,106.26319122314453
2018-10-05,108.31461334228516
2018-10-08,105.03234100341797
2018-10-09,94.77528381347656
2018-10-11,104.21177673339844
2018-10-12,99.28839111328125
2018-10-15,105.8529052734375
2018-10-16,107.0837631225586
2018-10-17,108.72488403320312
2018-10-18,109.95573425292969
2018-10-19,105.8529052734375
2018-10-22,107.90432739257812
2018-10-23,98.46782684326172
2018-10-24,100.10895538330078
2018-10-25,92.72386169433594
2018-10-26,91.08273315429688
2018-10-29,84.92850494384766
2018-10-30,83.69764709472656
2018-10-31,89.03132629394531
2018-11-01,95.18555450439453
2018-11-02,101.75008392333984
2018-11-05,102.57064819335938
2018-11-06,97.64726257324219
2018-11-07,101.3398208618164
2018-11-08,102.57064819335938
2018-11-09,100.10895538330078
2018-11-12,100.92952728271484
2018-11-13,91.49302673339844
2018-11-14,89.44161224365234
2018-11-15,88.62104797363281
2018-11-16,87.80047607421875
2018-11-19,91.08273315429688
2018-11-20,94.77528381347656
2018-11-21,94.36499786376953
2018-11-22,94.36499786376953
2018-11-23,91.90328979492188
2018-11-26,93.95472717285156
2018-11-27,96.82669067382812
2018-11-28,100.51924133300781
2018-11-29,101.75008392333984
2018-11-30,97.64726257324219
2018-12-03,107.0837631225586
2018-12-04,109.13517761230469
2018-12-05,103.80149841308594
2018-12-06,97.64726257324219
2018-12-07,102.57064819335938
2018-12-10,97.64726257324219
2018-12-11,97.23697662353516
2018-12-12,97.64726257324219
2018-12-13,97.64726257324219
2018-12-14,100.92952728271484
2018-12-17,101.75008392333984
2018-12-18,102.1603775024414
2018-12-19,101.3398208618164
2018-12-20,102.1603775024414
2018-12-21,94.36499786376953
2018-12-24,96.00613403320312
2018-12-25,95.5958480834961
2018-12-26,94.77528381347656
2018-12-27,95.5958480834961
2018-12-28,96.82669067382812
2019-01-02,96.82669067382812
2019-01-03,95.5958480834961
2019-01-04,93.54443359375
2019-01-07,100.51924133300781
2019-01-08,97.23697662353516
2019-01-09,96.00613403320312
2019-01-10,95.18555450439453
2019-01-11,96.00613403320312
2019-01-14,96.82669067382812
2019-01-15,100.10895538330078
2019-01-16,98.87809753417969
2019-01-17,97.64726257324219
2019-01-18,99.69866943359375
2019-01-21,101.75008392333984
2019-01-22,98.05754089355469
2019-01-23,98.87809753417969
2019-01-24,100.92952728271484
2019-01-25,102.57064819335938
2019-01-28,100.92952728271484
2019-01-29,99.69866943359375
2019-01-30,98.46782684326172
2019-02-11,99.69866943359375
2019-02-12,105.03234100341797
2019-02-13,107.49404907226562
2019-02-14,107.49404907226562
2019-02-15,108.72488403320312
2019-02-18,109.13517761230469
2019-02-19,115.28942108154297
2019-02-20,113.64827728271484
2019-02-21,114.4688491821289
2019-02-22,104.21177673339844
2019-02-25,105.8529052734375
2019-02-26,105.8529052734375
2019-02-27,105.03234100341797
2019-03-04,107.49404907226562
2019-03-05,108.31461334228516
2019-03-06,107.49404907226562
2019-03-07,106.67347717285156
2019-03-08,107.0837631225586
2019-03-11,107.49404907226562
2019-03-12,109.13517761230469
2019-03-13,112.41742706298828
2019-03-14,118.16139221191406
2019-03-15,117.75111389160156
2019-03-18,118.9819564819336
2019-03-19,116.10997772216797
2019-03-20,118.9819564819336
2019-03-21,125.13619232177734
2019-03-22,127.18760681152344
2019-03-25,122.26422882080078
2019-03-26,123.49504089355469
2019-03-27,124.3156509399414
2019-03-28,120.62309265136719
2019-03-29,120.2127914428711
2019-04-01,122.26422882080078
2019-04-02,121.03337097167969
2019-04-03,121.03337097167969
2019-04-08,120.2127914428711
2019-04-09,117.34083557128906
2019-04-10,114.87911987304688
2019-04-11,114.87911987304688
2019-04-12,114.0585708618164
2019-04-15,114.4688491821289
2019-04-16,119.39222717285156
2019-04-17,120.2127914428711
2019-04-18,120.62309265136719
2019-04-19,123.49504089355469
2019-04-22,122.67449188232422
2019-04-23,123.90535736083984
2019-04-24,124.72592163085938
2019-04-25,122.26422882080078
2019-04-26,121.44367218017578
2019-04-29,122.26422882080078
2019-04-30,121.03337097167969
2019-05-02,132.9315643310547
2019-05-03,130.46986389160156
2019-05-06,125.5464859008789
2019-05-07,125.13619232177734
2019-05-08,121.85393524169922
2019-05-09,116.5202407836914
2019-05-10,114.87911987304688
2019-05-13,112.00716400146484
2019-05-14,109.54545593261719
2019-05-15,107.90432739257812
2019-05-16,108.72488403320312
2019-05-17,106.67347717285156
2019-05-20,105.8529052734375
2019-05-21,107.49404907226562
2019-05-22,106.67347717285156
2019-05-23,100.51924133300781
2019-05-24,103.3912124633789
2019-05-27,104.21177673339844
2019-05-28,101.75008392333984
2019-05-29,102.1603775024414
2019-05-30,104.21177673339844
2019-05-31,106.67347717285156
2019-06-03,109.54545593261719
2019-06-04,109.95573425292969
2019-06-05,109.95573425292969
2019-06-06,109.13517761230469
2019-06-10,112.41742706298828
2019-06-11,112.41742706298828
2019-06-12,114.87911987304688
2019-06-13,116.5202407836914
2019-06-14,114.87911987304688
2019-06-17,114.4688491821289
2019-06-18,112.00716400146484
2019-06-19,114.87911987304688
2019-06-20,114.87911987304688
2019-06-21,114.87911987304688
2019-06-24,114.4688491821289
2019-06-25,112.82772064208984
2019-06-26,114.87911987304688
2019-06-27,114.87911987304688
2019-06-28,113.23799133300781
2019-07-01,118.5716781616211
2019-07-02,117.75111389160156
2019-07-03,118.16139221191406
2019-07-04,116.5202407836914
2019-07-05,115.6996841430664
2019-07-08,115.6996841430664
2019-07-09,115.6996841430664
2019-07-10,117.75111389160156
2019-07-11,119.39222717285156
2019-07-12,122.67449188232422
2019-07-15,123.08479309082031
2019-07-16,120.2127914428711
2019-07-17,116.9305419921875
2019-07-18,117.34083557128906
2019-07-19,118.16139221191406
2019-07-22,118.9819564819336
2019-07-23,121.03337097167969
2019-07-24,125.13619232177734
2019-07-25,130.88014221191406
2019-07-26,133.55789184570312
2019-07-29,130.60867309570312
2019-07-30,128.5020751953125
2019-07-31,123.86759185791016
2019-08-01,120.91836547851562
2019-08-02,117.54781341552734
2019-08-05,110.38540649414062
2019-08-06,109.54276275634766
2019-08-07,117.12649536132812
2019-08-08,125.55286407470703
2019-08-12,124.7102279663086
2019-08-13,123.02494049072266
2019-08-14,125.13153076171875
2019-08-15,122.18230438232422
2019-08-16,120.91836547851562
2019-08-19,126.3954849243164
2019-08-20,125.97416687011719
2019-08-21,125.13153076171875
2019-08-22,126.81680297851562
2019-08-23,123.86759185791016
2019-08-26,116.28385162353516
2019-08-27,119.23307800292969
2019-08-28,116.70516204833984
2019-08-29,119.65438079833984
2019-08-30,128.0807647705078
2019-09-02,133.13658142089844
2019-09-03,128.5020751953125
2019-09-04,131.87261962890625
2019-09-05,129.3447265625
2019-09-06,132.29396057128906
2019-09-10,127.65945434570312
2019-09-11,127.65945434570312
2019-09-12,128.0807647705078
2019-09-16,128.0807647705078
2019-09-17,125.97416687011719
2019-09-18,128.5020751953125
2019-09-19,130.60867309570312
2019-09-20,128.92340087890625
2019-09-23,136.0858154296875
2019-09-24,133.55789184570312
2019-09-25,128.92340087890625
2019-09-26,128.0807647705078
2019-09-27,123.86759185791016
2019-10-01,128.92340087890625
2019-10-02,129.7660369873047
2019-10-03,128.92340087890625
2019-10-04,128.5020751953125
2019-10-07,128.92340087890625
2019-10-08,128.0807647705078
2019-10-09,125.55286407470703
2019-10-14,124.28889465332031
2019-10-15,123.86759185791016
2019-10-16,125.55286407470703
2019-10-17,126.81680297851562
2019-10-18,127.65945434570312
2019-10-21,124.28889465332031
2019-10-22,123.02494049072266
2019-10-23,120.91836547851562
2019-10-24,122.60362243652344
2019-10-25,126.81680297851562
2019-10-28,133.13658142089844
2019-10-29,128.5020751953125
2019-10-30,131.0299835205078
2019-10-31,128.5020751953125
2019-11-01,120.49703979492188
2019-11-04,117.54781341552734
2019-11-05,117.96912384033203
2019-11-06,118.39044952392578
2019-11-07,116.70516204833984
2019-11-08,116.28385162353516
2019-11-11,115.01990509033203
2019-11-12,115.44121551513672
2019-11-13,115.44121551513672
2019-11-14,115.86254119873047
2019-11-15,110.80671691894531
2019-11-18,111.64934539794922
2019-11-19,115.01990509033203
2019-11-20,114.59858703613281
2019-11-21,118.81175994873047
2019-11-22,119.23307800292969
2019-11-25,118.39044952392578
2019-11-26,117.54781341552734
2019-11-27,119.65438079833984
2019-11-28,122.18230438232422
2019-11-29,117.54781341552734
2019-12-02,117.54781341552734
2019-12-03,115.44121551513672
2019-12-04,115.44121551513672
2019-12-05,117.96912384033203
2019-12-06,119.65438079833984
2019-12-09,119.65438079833984
2019-12-10,120.07571411132812
2019-12-11,120.49703979492188
2019-12-12,115.86254119873047
2019-12-13,114.17726135253906
2019-12-16,113.75595092773438
2019-12-17,115.01990509033203
2019-12-18,117.54781341552734
2019-12-19,116.28385162353516
2019-12-20,114.59858703613281
2019-12-23,115.44121551513672
2019-12-24,115.86254119873047
2019-12-25,115.86254119873047
2019-12-26,116.28385162353516
2019-12-27,119.65438079833984
2019-12-30,122.60362243652344
2019-12-31,122.18230438232422
2020-01-02,123.02494049072266
2020-01-03,124.7102279663086
2020-01-06,124.28889465332031
2020-01-07,126.81680297851562
2020-01-08,123.02494049072266
2020-01-09,128.92340087890625
2020-01-10,129.3447265625
2020-01-13,141.98426818847656
2020-01-14,141.98426818847656
2020-01-15,138.19236755371094
2020-01-16,134.8218536376953
2020-01-17,134.40052795410156
2020-01-20,133.55789184570312
2020-01-30,124.7102279663086
2020-01-31,126.81680297851562
2020-02-03,123.02494049072266
2020-02-04,126.3954849243164
2020-02-05,127.23812103271484
2020-02-06,130.60867309570312
2020-02-07,127.65945434570312
2020-02-10,125.97416687011719
2020-02-11,128.0807647705078
2020-02-12,134.8218536376953
2020-02-13,136.5071258544922
2020-02-14,135.2431640625
2020-02-17,136.5071258544922
2020-02-18,133.97923278808594
2020-02-19,134.8218536376953
2020-02-20,134.8218536376953
2020-02-21,132.29396057128906
2020-02-24,127.23812103271484
2020-02-25,128.92340087890625
2020-02-26,126.3954849243164
2020-02-27,119.65438079833984
2020-03-02,119.65438079833984
2020-03-03,120.91836547851562
2020-03-04,116.70516204833984
2020-03-05,122.18230438232422
2020-03-06,117.96912384033203
2020-03-09,116.28385162353516
2020-03-10,113.75595092773438
2020-03-11,112.9133071899414
2020-03-12,103.6443099975586
2020-03-13,104.90825653076172
2020-03-16,96.0605697631836
2020-03-17,90.58343505859375
2020-03-18,90.162109375
2020-03-19,83.25249481201172
2020-03-20,88.0555191040039
2020-03-23,80.05048370361328
2020-03-24,85.52762603759766
2020-03-25,93.9539794921875
2020-03-26,98.58848571777344
2020-03-27,101.53770446777344
2020-03-30,102.80166625976562
2020-03-31,104.90825653076172
2020-04-01,102.80166625976562
2020-04-06,104.06562805175781
2020-04-07,108.70011901855469
2020-04-08,106.59352111816406
2020-04-09,108.70011901855469
2020-04-10,107.01484680175781
2020-04-13,107.01484680175781
2020-04-14,108.70011901855469
2020-04-15,115.86254119873047
2020-04-16,114.17726135253906
2020-04-17,115.86254119873047
2020-04-20,111.64934539794922
2020-04-21,110.80671691894531
2020-04-22,111.22803497314453
2020-04-23,111.22803497314453
2020-04-24,110.38540649414062
2020-04-27,113.33462524414062
2020-04-28,117.96912384033203
2020-04-29,119.65438079833984
2020-04-30,117.12649536132812
2020-05-04,117.54781341552734
2020-05-05,115.86254119873047
2020-05-06,116.70516204833984
2020-05-07,117.96912384033203
2020-05-08,117.54781341552734
2020-05-11,116.28385162353516
2020-05-12,116.70516204833984
2020-05-13,112.9133071899414
2020-05-14,110.38540649414062
2020-05-15,114.17726135253906
2020-05-18,112.07067108154297
2020-05-19,110.38540649414062
2020-05-20,113.33462524414062
2020-05-21,115.44121551513672
2020-05-22,109.96407318115234
2020-05-25,112.49198913574219
2020-05-26,112.49198913574219
2020-05-27,112.07067108154297
2020-05-28,111.22803497314453
2020-05-29,110.38540649414062
2020-06-01,114.17726135253906
2020-06-02,113.75595092773438
2020-06-03,115.01990509033203
2020-06-04,116.70516204833984
2020-06-05,116.28385162353516
2020-06-08,117.12649536132812
2020-06-09,119.23307800292969
2020-06-10,120.91836547851562
2020-06-11,123.44625854492188
2020-06-12,120.07571411132812
2020-06-15,119.65438079833984
2020-06-16,121.760986328125
2020-06-17,125.13153076171875
2020-06-18,128.0807647705078
2020-06-19,127.65945434570312
2020-06-22,127.65945434570312
2020-06-23,124.28889465332031
2020-06-24,123.86759185791016
2020-06-29,125.13153076171875
2020-06-30,127.65945434570312
2020-07-01,126.3954849243164
2020-07-02,127.23812103271484
2020-07-03,132.29396057128906
2020-07-06,133.13658142089844
2020-07-07,133.97923278808594
2020-07-08,131.87261962890625
2020-07-09,129.3447265625
2020-07-10,130.60867309570312
2020-07-13,128.92340087890625
2020-07-14,128.0807647705078
2020-07-15,133.13658142089844
2020-07-16,133.97923278808594
2020-07-17,135.2431640625
2020-07-20,136.92845153808594
2020-07-21,143.24822998046875
2020-07-22,146.6187744140625
2020-07-23,156.30908203125
2020-07-24,147.32125854492188
2020-07-27,145.60821533203125
2020-07-28,146.46473693847656
2020-07-29,142.18212890625
2020-07-30,144.75169372558594
2020-07-31,140.89736938476562
2020-08-03,143.89517211914062
2020-08-04,143.4669189453125
2020-08-05,146.46473693847656
2020-08-06,140.04083251953125
2020-08-07,137.0430145263672
2020-08-10,135.32998657226562
2020-08-11,135.75823974609375
2020-08-12,135.32998657226562
2020-08-13,131.90390014648438
2020-08-14,136.18650817871094
2020-08-17,136.18650817871094
2020-08-18,133.18869018554688
2020-08-19,134.9017333984375
2020-08-20,129.3343505859375
2020-08-21,133.18869018554688
2020-08-24,137.0430145263672
2020-08-25,135.32998657226562
2020-08-26,140.4690704345703
2020-08-27,141.32562255859375
2020-08-28,140.89736938476562
2020-08-31,137.89955139160156
2020-09-01,139.61257934570312
2020-09-02,137.47128295898438
2020-09-03,137.0430145263672
2020-09-04,134.47348022460938
2020-09-07,130.19088745117188
2020-09-08,131.04739379882812
2020-09-09,132.3321533203125
2020-09-10,129.76263427734375
2020-09-11,133.616943359375
2020-09-14,136.18650817871094
2020-09-15,137.0430145263672
2020-09-16,137.47128295898438
2020-09-17,139.18434143066406
2020-09-18,142.18212890625
2020-09-21,139.61257934570312
2020-09-22,134.9017333984375
2020-09-23,132.7604217529297
2020-09-24,130.19088745117188
2020-09-25,129.3343505859375
2020-09-28,130.19088745117188
2020-09-29,129.76263427734375
2020-09-30,131.04739379882812
2020-10-05,135.32998657226562
2020-10-06,131.90390014648438
2020-10-07,131.90390014648438
2020-10-08,133.616943359375
2020-10-12,135.75823974609375
2020-10-13,133.18869018554688
2020-10-14,133.616943359375
2020-10-15,131.4756622314453
2020-10-16,131.4756622314453
2020-10-19,134.04519653320312
2020-10-20,129.76263427734375
2020-10-21,129.76263427734375
2020-10-22,126.3365478515625
2020-10-23,126.76480865478516
2020-10-26,128.049560546875
2020-10-27,126.76480865478516
2020-10-28,125.90827941894531
2020-10-29,122.05394744873047
2020-10-30,116.486572265625
2020-11-02,117.34308624267578
2020-11-03,120.3409194946289
2020-11-04,121.19741821289062
2020-11-05,125.90827941894531
2020-11-06,124.19524383544922
2020-11-09,125.90827941894531
2020-11-10,125.05174255371094
2020-11-11,126.3365478515625
2020-11-12,125.90827941894531
2020-11-13,127.6213150024414
2020-11-16,128.9060821533203
2020-11-17,127.6213150024414
2020-11-18,128.4778289794922
2020-11-19,128.049560546875
2020-11-20,130.61912536621094
2020-11-23,132.7604217529297
2020-11-24,132.7604217529297
2020-11-25,132.3321533203125
2020-11-26,131.4756622314453
2020-11-27,129.3343505859375
2020-11-30,128.4778289794922
2020-12-01,136.18650817871094
2020-12-02,135.75823974609375
2020-12-03,135.32998657226562
2020-12-04,134.9017333984375
2020-12-07,139.61257934570312
2020-12-08,142.18212890625
2020-12-09,146.8929901123047
2020-12-10,152.46035766601562
2020-12-11,149.89080810546875
2020-12-14,151.17556762695312
2020-12-15,154.60165405273438
2020-12-16,150.74732971191406
2020-12-17,153.31689453125
2020-12-18,149.03428649902344
2020-12-21,150.74732971191406
2020-12-22,146.8929901123047
2020-12-23,147.74951171875
2020-12-24,146.46473693847656
2020-12-25,146.46473693847656
2020-12-28,145.60821533203125
2020-12-29,143.89517211914062
2020-12-30,145.60821533203125
2020-12-31,143.89517211914062
2021-01-04,151.6038360595703
2021-01-05,154.1733856201172
2021-01-06,151.17556762695312
2021-01-07,147.74951171875
2021-01-08,147.32125854492188
2021-01-11,155.88644409179688
2021-01-12,171.3037872314453
2021-01-13,175.5863800048828
2021-01-14,172.16029357910156
2021-01-15,163.16685485839844
2021-01-18,161.02552795410156
2021-01-19,170.8755340576172
2021-01-20,165.7364044189453
2021-01-21,169.59072875976562
2021-01-22,185.00808715820312
2021-01-25,185.86460876464844
2021-01-26,187.57763671875
2021-01-27,185.00808715820312
2021-01-28,172.5885467529297
2021-01-29,161.88206481933594
2021-02-01,171.73202514648438
2021-02-02,184.1515655517578
2021-02-03,183.2950439453125
2021-02-04,183.72329711914062
2021-02-05,176.87115478515625
2021-02-17,194.42979431152344
2021-02-18,184.57981872558594
2021-02-19,187.1493682861328
2021-02-22,191.00372314453125
2021-02-23,185.86460876464844
2021-02-24,183.2950439453125
2021-02-25,179.4407196044922
2021-02-26,175.15811157226562
2021-03-02,175.15811157226562
2021-03-03,175.5863800048828
2021-03-04,169.59072875976562
2021-03-05,167.87771606445312
2021-03-08,166.59292602539062
2021-03-09,162.31033325195312
2021-03-10,162.31033325195312
2021-03-11,164.45162963867188
2021-03-12,163.16685485839844
2021-03-15,158.45599365234375
2021-03-16,157.59945678710938
2021-03-17,158.88426208496094
2021-03-18,161.4538116455078
2021-03-19,158.45599365234375
2021-03-22,157.59945678710938
2021-03-23,159.7407989501953
2021-03-24,158.88426208496094
2021-03-25,159.31251525878906
2021-03-26,164.45162963867188
2021-03-29,163.16685485839844
2021-03-30,164.02337646484375
2021-03-31,161.4538116455078
2021-04-01,164.45162963867188
2021-04-07,164.8798828125
2021-04-08,168.7342071533203
2021-04-09,168.7342071533203
2021-04-12,161.02552795410156
2021-04-13,157.59945678710938
2021-04-14,158.45599365234375
2021-04-15,157.59945678710938
2021-04-16,159.31251525878906
2021-04-19,164.45162963867188
2021-04-20,164.02337646484375
2021-04-21,164.8798828125
2021-04-22,167.0211944580078
2021-04-23,175.5863800048828
2021-04-26,178.15591430664062
2021-04-27,175.5863800048828
2021-04-28,176.44287109375
2021-04-29,166.16465759277344
2021-05-03,159.7407989501953
2021-05-04,156.7429656982422
2021-05-05,153.31689453125
2021-05-06,155.88644409179688
2021-05-07,157.1712188720703
2021-05-10,155.02992248535156
2021-05-11,152.88861083984375
2021-05-12,142.18212890625
2021-05-13,153.74514770507812
2021-05-14,161.88206481933594
2021-05-17,154.1733856201172
2021-05-18,159.7407989501953
2021-05-19,158.45599365234375
2021-05-20,158.88426208496094
2021-05-21,156.7429656982422
2021-05-24,161.88206481933594
2021-05-25,164.8798828125
2021-05-26,161.88206481933594
2021-05-27,165.3081512451172
2021-05-28,164.45162963867188
2021-05-31,161.4538116455078
2021-06-01,161.88206481933594
2021-06-02,161.4538116455078
2021-06-03,166.59292602539062
2021-06-04,164.8798828125
2021-06-07,165.7364044189453
2021-06-08,167.87771606445312
2021-06-09,169.59072875976562
2021-06-10,172.16029357910156
2021-06-11,170.8755340576172
2021-06-15,170.0189971923828
2021-06-16,171.3037872314453
2021-06-17,169.59072875976562
2021-06-18,166.59292602539062
2021-06-21,167.0211944580078
2021-06-22,165.3081512451172
2021-06-23,167.50021362304688
2021-06-24,172.32351684570312
2021-06-25,167.9386749267578
2021-06-28,167.06173706054688
2021-06-29,166.62326049804688
2021-06-30,167.9386749267578
2021-07-01,174.0774383544922
2021-07-02,169.69261169433594
2021-07-05,172.76199340820312
2021-07-06,171.44656372070312
2021-07-07,171.88504028320312
2021-07-08,170.131103515625
2021-07-09,172.32351684570312
2021-07-12,181.09315490722656
2021-07-13,176.2698516845703
2021-07-14,178.0238037109375
2021-07-15,176.7083282470703
2021-07-16,184.60101318359375
2021-07-19,185.91647338867188
2021-07-20,179.3392333984375
2021-07-21,179.77772521972656
2021-07-22,179.77772521972656
2021-07-23,178.4622802734375
2021-07-26,181.09315490722656
2021-07-27,178.9007568359375
2021-07-28,171.88504028320312
2021-07-29,174.5159149169922
2021-07-30,172.32351684570312
2021-08-02,170.131103515625
2021-08-03,169.69261169433594
2021-08-04,166.62326049804688
2021-08-05,163.11538696289062
2021-08-06,165.74627685546875
2021-08-09,163.9923553466797
2021-08-10,158.73056030273438
2021-08-11,154.7842254638672
2021-08-12,157.8535919189453
2021-08-13,156.9766387939453
2021-08-16,157.4151153564453
2021-08-17,157.4151153564453
2021-08-18,159.1690673828125
2021-08-19,155.66119384765625
2021-08-20,155.66119384765625
2021-08-23,156.9766387939453
2021-08-24,156.53814697265625
2021-08-25,158.29208374023438
2021-08-26,158.73056030273438
2021-08-27,156.9766387939453
2021-08-30,159.1690673828125
2021-08-31,157.4151153564453
2021-09-01,159.60752868652344
2021-09-02,156.09967041015625
2021-09-03,157.4151153564453
2021-09-06,160.92298889160156
2021-09-07,157.8535919189453
2021-09-08,154.3457489013672
2021-09-09,156.09967041015625
2021-09-10,155.22268676757812
2021-09-13,155.22268676757812
2021-09-14,155.66119384765625
2021-09-15,154.7842254638672
2021-09-16,154.7842254638672
2021-09-17,160.4844970703125
2021-09-22,156.9766387939453
2021-09-23,157.8535919189453
2021-09-24,155.66119384765625
2021-09-27,160.0460205078125
2021-09-28,158.29208374023438
2021-09-29,152.59182739257812
2021-09-30,154.3457489013672
2021-10-01,156.09967041015625
2021-10-04,156.53814697265625
2021-10-05,158.73056030273438
2021-10-06,166.62326049804688
2021-10-07,166.62326049804688
2021-10-08,163.11538696289062
2021-10-12,161.3614501953125
2021-10-13,160.92298889160156
2021-10-14,156.53814697265625
2021-10-15,159.60752868652344
2021-10-18,157.8535919189453
2021-10-19,163.11538696289062
2021-10-20,160.4844970703125
2021-10-21,160.4844970703125
2021-10-22,157.8535919189453
2021-10-25,153.03028869628906
2021-10-26,159.60752868652344
2021-10-27,158.73056030273438
2021-10-28,161.79994201660156
2021-10-29,158.73056030273438
2021-11-01,165.30780029296875
2021-11-02,164.8693084716797
2021-11-03,165.74627685546875
2021-11-04,165.74627685546875
2021-11-05,165.74627685546875
2021-11-08,165.74627685546875
2021-11-09,164.8693084716797
2021-11-10,167.06173706054688
2021-11-11,164.8693084716797
2021-11-12,165.30780029296875
2021-11-15,167.06173706054688
2021-11-16,166.18475341796875
2021-11-17,166.18475341796875
2021-11-18,163.9923553466797
2021-11-19,159.1690673828125
2021-11-22,162.23841857910156
2021-11-23,161.3614501953125
2021-11-24,159.60752868652344
2021-11-25,162.23841857910156
2021-11-26,162.23841857910156
2021-11-29,160.4844970703125
2021-11-30,162.67689514160156
2021-12-01,161.3614501953125
2021-12-02,158.73056030273438
2021-12-03,159.60752868652344
2021-12-06,164.8693084716797
2021-12-07,162.67689514160156
2021-12-08,161.79994201660156
2021-12-09,159.1690673828125
2021-12-10,159.60752868652344
2021-12-13,163.11538696289062
2021-12-14,160.4844970703125
2021-12-15,160.4844970703125
2021-12-16,161.3614501953125
2021-12-17,163.9923553466797
2021-12-20,163.11538696289062
2021-12-21,164.8693084716797
2021-12-22,171.00807189941406
2021-12-23,180.6546630859375
2021-12-24,179.77772521972656
2021-12-27,181.97012329101562
2021-12-28,180.2161865234375
2021-12-29,178.4622802734375
2021-12-30,175.39288330078125
2022-01-03,174.5159149169922
2022-01-04,174.5159149169922
2022-01-05,174.5159149169922
2022-01-06,174.0774383544922
2022-01-07,185.03948974609375
2022-01-10,197.75547790527344
2022-01-11,203.8942413330078
2022-01-12,194.24761962890625
2022-01-13,186.7934112548828
2022-01-14,181.53164672851562
2022-01-17,189.42433166503906
2022-01-18,191.17825317382812
2022-01-19,193.3706512451172
2022-01-20,191.17825317382812
2022-01-21,186.7934112548828
2022-01-24,190.73977661132812
2022-01-25,180.6546630859375
2022-01-26,185.91647338867188
2022-02-07,192.05520629882812
2022-02-08,191.17825317382812
2022-02-09,190.73977661132812
2022-02-10,185.03948974609375
2022-02-11,182.40859985351562
2022-02-14,174.95440673828125
2022-02-15,174.95440673828125
2022-02-16,176.7083282470703
2022-02-17,178.0238037109375
2022-02-18,175.39288330078125
2022-02-21,174.0774383544922
2022-02-22,170.56959533691406
2022-02-23,171.44656372070312
2022-02-24,163.9923553466797
2022-02-25,165.30780029296875
2022-03-01,170.131103515625
2022-03-02,171.44656372070312
2022-03-03,171.00807189941406
2022-03-04,166.18475341796875
2022-03-07,163.9923553466797
2022-03-08,155.22268676757812
2022-03-09,154.7842254638672
2022-03-10,158.29208374023438
2022-03-11,157.8535919189453
2022-03-14,155.66119384765625
2022-03-15,154.3457489013672
2022-03-16,149.52243041992188
2022-03-17,155.66119384765625
2022-03-18,155.66119384765625
2022-03-21,156.53814697265625
2022-03-22,154.7842254638672
2022-03-23,156.09967041015625
2022-03-24,158.73056030273438
2022-03-25,156.53814697265625
2022-03-28,155.66119384765625
2022-03-29,156.09967041015625
2022-03-30,158.73056030273438
2022-03-31,157.8535919189453
2022-04-01,155.22268676757812
2022-04-06,156.9766387939453
2022-04-07,153.90725708007812
2022-04-08,148.20700073242188
2022-04-11,145.57608032226562
2022-04-12,143.38368225097656
2022-04-13,148.20700073242188
2022-04-14,148.6454620361328
2022-04-15,146.45306396484375
2022-04-18,145.57608032226562
2022-04-19,149.52243041992188
2022-04-20,149.08396911621094
2022-04-21,148.20700073242188
2022-04-22,146.89154052734375
2022-04-25,142.0682373046875
2022-04-26,138.5603790283203
2022-04-27,137.2449188232422
2022-04-28,142.9451904296875
2022-04-29,146.01458740234375
2022-05-03,146.01458740234375
2022-05-04,146.89154052734375
2022-05-05,147.3300323486328
2022-05-06,143.8221435546875
2022-05-09,142.0682373046875
2022-05-10,139.43734741210938
2022-05-11,133.29861450195312
2022-05-12,134.17556762695312
2022-05-13,138.99887084960938
2022-05-16,138.5603790283203
2022-05-17,139.87583923339844
2022-05-18,139.43734741210938
2022-05-19,138.5603790283203
2022-05-20,139.87583923339844
2022-05-23,137.6834259033203
2022-05-24,134.17556762695312
2022-05-25,134.17556762695312
2022-05-26,136.36795043945312
2022-05-27,139.43734741210938
2022-05-30,144.2606658935547
2022-05-31,146.01458740234375
2022-06-01,144.69912719726562
2022-06-02,142.9451904296875
2022-06-06,148.6454620361328
2022-06-07,147.7685089111328
2022-06-08,149.52243041992188
2022-06-09,149.08396911621094
2022-06-10,148.20700073242188
2022-06-13,142.9451904296875
2022-06-14,141.1912841796875
2022-06-15,146.01458740234375
2022-06-16,140.31431579589844
2022-06-17,138.99887084960938
2022-06-20,137.2449188232422
2022-06-21,140.7528076171875
2022-06-22,139.43734741210938
2022-06-23,141.1912841796875
2022-06-24,140.7528076171875
2022-06-27,143.38368225097656
2022-06-28,140.7528076171875
2022-06-29,135.49099731445312
2022-06-30,134.17556762695312
2022-07-01,124.5289306640625
2022-07-04,122.3365478515625
2022-07-05,124.9674301147461
2022-07-06,119.26716613769531
2022-07-07,124.09046173095703
2022-07-08,128.4752960205078
2022-07-11,130.22921752929688
2022-07-12,131.98313903808594
2022-07-13,135.9294891357422
2022-07-14,137.6834259033203
2022-07-15,133.29861450195312
2022-07-18,138.12188720703125
2022-07-19,137.2449188232422
2022-07-20,140.7528076171875
2022-07-21,142.9451904296875
2022-07-22,141.1912841796875
2022-07-25,140.7154083251953
2022-07-26,141.63211059570312
2022-07-27,139.34034729003906
2022-07-28,143.4655303955078
2022-07-29,157.67459106445312
2022-08-01,160.88308715820312
2022-08-02,159.04966735839844
2022-08-03,159.04966735839844
2022-08-04,159.04966735839844
2022-08-05,158.59130859375
2022-08-08,159.50802612304688
2022-08-09,162.7165069580078
2022-08-10,165.00828552246094
2022-08-11,167.75843811035156
2022-08-12,170.05020141601562
2022-08-15,166.8417205810547
2022-08-16,168.6751251220703
2022-08-17,168.6751251220703
2022-08-18,167.30007934570312
2022-08-19,165.00828552246094
2022-08-22,165.00828552246094
2022-08-23,165.00828552246094
2022-08-24,162.7165069580078
2022-08-25,163.63320922851562
2022-08-26,166.8417205810547
2022-08-29,163.63320922851562
2022-08-30,167.75843811035156
2022-08-31,172.80035400390625
2022-09-01,171.88363647460938
2022-09-02,161.34144592285156
2022-09-05,160.4247283935547
2022-09-06,160.4247283935547
2022-09-07,165.00828552246094
2022-09-08,169.1334991455078
2022-09-12,177.38389587402344
2022-09-13,186.55105590820312
2022-09-14,183.34254455566406
2022-09-15,185.63430786132812
2022-09-16,181.96746826171875
2022-09-19,179.6757049560547
2022-09-20,180.13404846191406
2022-09-21,174.6337890625
2022-09-22,176.00885009765625
2022-09-23,170.50856018066406
2022-09-26,165.00828552246094
2022-09-27,168.6751251220703
2022-09-28,163.17486572265625
2022-09-29,164.09158325195312
2022-09-30,165.00828552246094
2022-10-03,161.79978942871094
2022-10-04,168.6751251220703
2022-10-05,170.96693420410156
2022-10-06,170.96693420410156
2022-10-07,170.50856018066406
2022-10-11,154.92445373535156
2022-10-12,159.04966735839844
2022-10-13,162.2581329345703
2022-10-14,166.3833770751953
2022-10-17,167.30007934570312
2022-10-18,161.34144592285156
2022-10-19,163.17486572265625
2022-10-20,159.50802612304688
2022-10-21,155.38279724121094
2022-10-24,156.75787353515625
2022-10-25,155.38279724121094
2022-10-26,155.38279724121094
2022-10-27,157.21621704101562
2022-10-28,158.59130859375
2022-10-31,161.79978942871094
2022-11-01,159.04966735839844
2022-11-02,161.34144592285156
2022-11-03,160.88308715820312
2022-11-04,160.4247283935547
2022-11-07,165.00828552246094
2022-11-08,165.46664428710938
2022-11-09,170.05020141601562
2022-11-10,172.34197998046875
2022-11-11,177.84226989746094
2022-11-14,177.38389587402344
2022-11-15,177.38389587402344
2022-11-16,176.00885009765625
2022-11-17,172.80035400390625
2022-11-18,172.34197998046875
2022-11-21,172.34197998046875
2022-11-22,173.71705627441406
2022-11-23,169.5918426513672
2022-11-24,174.17543029785156
2022-11-25,169.5918426513672
2022-11-28,174.17543029785156
2022-11-29,173.71705627441406
2022-11-30,181.96746826171875
2022-12-01,180.5924072265625
2022-12-02,179.21734619140625
2022-12-05,175.09213256835938
2022-12-06,172.80035400390625
2022-12-07,173.25869750976562
2022-12-08,174.17543029785156
2022-12-09,162.7165069580078
2022-12-12,163.63320922851562
2022-12-13,163.63320922851562
2022-12-14,165.00828552246094
2022-12-15,165.00828552246094
2022-12-16,169.1334991455078
2022-12-19,165.46664428710938
2022-12-20,165.00828552246094
2022-12-21,162.7165069580078
2022-12-22,163.17486572265625
2022-12-23,164.09158325195312
2022-12-26,163.17486572265625
2022-12-27,168.216796875
2022-12-28,164.5499267578125
2022-12-29,167.75843811035156
2022-12-30,165.9250030517578
2023-01-03,166.8417205810547
2023-01-04,168.216796875
2023-01-05,170.96693420410156
2023-01-06,177.38389587402344
2023-01-09,177.38389587402344
2023-01-10,177.38389587402344
2023-01-11,165.9250030517578
2023-01-12,172.80035400390625
2023-01-13,170.96693420410156
2023-01-16,167.75843811035156
2023-01-17,165.9250030517578
2023-01-30,168.6751251220703
2023-01-31,169.5918426513672
2023-02-01,170.50856018066406
2023-02-02,175.55047607421875
2023-02-03,174.6337890625
2023-02-06,175.55047607421875
2023-02-07,172.80035400390625
2023-02-08,176.46719360351562
2023-02-09,174.6337890625
2023-02-10,174.17543029785156
2023-02-13,173.25869750976562
2023-02-14,175.55047607421875
2023-02-15,173.25869750976562
2023-02-16,175.09213256835938
2023-02-17,176.92555236816406
2023-02-20,174.6337890625
2023-02-21,179.6757049560547
2023-02-22,178.7589874267578
2023-02-23,181.05076599121094
2023-02-24,169.1334991455078
2023-03-01,163.63320922851562
2023-03-02,163.63320922851562
2023-03-03,163.63320922851562
2023-03-06,167.75843811035156
2023-03-07,165.46664428710938
2023-03-08,164.5499267578125
2023-03-09,163.17486572265625
2023-03-10,160.4247283935547
2023-03-13,159.04966735839844
2023-03-14,154.0077362060547
2023-03-15,153.54937744140625
2023-03-16,149.8825225830078
2023-03-17,150.3408660888672
2023-03-20,151.25759887695312
2023-03-21,154.0077362060547
2023-03-22,156.75787353515625
2023-03-23,164.09158325195312
2023-03-24,166.3833770751953
2023-03-27,163.63320922851562
2023-03-28,162.7165069580078
2023-03-29,163.63320922851562
2023-03-30,163.17486572265625
2023-03-31,162.7165069580078
2023-04-06,162.7165069580078
2023-04-07,165.46664428710938
2023-04-10,162.2581329345703
2023-04-11,163.17486572265625
2023-04-12,162.2581329345703
2023-04-13,164.5499267578125
2023-04-14,163.17486572265625
2023-04-17,162.2581329345703
2023-04-18,163.17486572265625
2023-04-19,159.50802612304688
2023-04-20,160.88308715820312
2023-04-21,163.17486572265625
2023-04-24,161.79978942871094
2023-04-25,158.59130859375
2023-04-26,163.17486572265625
2023-04-27,164.09158325195312
2023-04-28,174.17543029785156
2023-05-02,175.55047607421875
2023-05-03,168.216796875
2023-05-04,173.71705627441406
2023-05-05,174.17543029785156
2023-05-08,175.09213256835938
2023-05-09,174.6337890625
2023-05-10,174.17543029785156
2023-05-11,168.216796875
2023-05-12,172.80035400390625
2023-05-15,171.88363647460938
2023-05-16,174.17543029785156
2023-05-17,178.30062866210938
2023-05-18,179.6757049560547
2023-05-19,184.7176055908203
2023-05-22,184.25926208496094
2023-05-23,181.50912475585938
2023-05-24,178.30062866210938
2023-05-25,181.05076599121094
2023-05-26,198.92666625976562
2023-05-29,207.63543701171875
2023-05-30,207.1770782470703
2023-05-31,213.5940704345703
2023-06-01,206.71871948242188
2023-06-02,200.7600860595703
2023-06-05,200.7600860595703
2023-06-06,204.88528442382812
2023-06-07,209.01048278808594
2023-06-08,206.2603759765625
2023-06-09,209.01048278808594
2023-06-12,209.01048278808594
2023-06-13,225.51133728027344
2023-06-14,225.51133728027344
2023-06-15,233.76174926757812
2023-06-16,236.51187133789062
2023-06-19,236.51187133789062
2023-06-20,233.76174926757812
2023-06-21,231.0115966796875
2023-06-26,228.26145935058594
2023-06-27,224.13624572753906
2023-06-28,222.30282592773438
2023-06-29,225.51133728027344
2023-06-30,229.6365509033203
2023-07-03,235.13681030273438
2023-07-04,249.34585571289062
2023-07-05,247.97079467773438
2023-07-06,242.0121612548828
2023-07-07,242.48541259765625
2023-07-10,237.75860595703125
2023-07-11,246.7395477294922
2023-07-12,256.66583251953125
2023-07-13,251.93902587890625
2023-07-14,266.5921325683594
2023-07-17,252.88438415527344
2023-07-18,251.93902587890625
2023-07-19,254.77513122558594
2023-07-20,253.35707092285156
2023-07-21,264.2287292480469
2023-07-24,260.447265625
2023-07-25,263.7560729980469
2023-07-26,260.9199523925781
2023-07-27,255.24781799316406
2023-07-28,273.2096862792969
2023-07-31,260.9199523925781
2023-08-01,266.5921325683594
2023-08-02,247.21221923828125
2023-08-04,247.21221923828125
2023-08-07,256.66583251953125
2023-08-08,259.974609375
2023-08-09,257.6112060546875
2023-08-10,244.84881591796875
2023-08-11,247.68492126464844
2023-08-14,242.48541259765625
2023-08-15,255.7205047607422
2023-08-16,252.88438415527344
2023-08-17,257.6112060546875
2023-08-18,251.4663543701172
2023-08-21,251.93902587890625
2023-08-22,261.39263916015625
2023-08-23,264.701416015625
2023-08-24,278.8818664550781
2023-08-25,266.11944580078125
2023-08-28,262.8106994628906
2023-08-29,266.5921325683594
2023-08-30,269.9009094238281
2023-08-31,264.701416015625
2023-09-01,257.1385192871094
2023-09-04,262.8106994628906
2023-09-05,261.39263916015625
2023-09-06,260.9199523925781
2023-09-07,260.447265625
2023-09-08,257.1385192871094
2023-09-11,255.24781799316406
2023-09-12,251.93902587890625
2023-09-13,247.21221923828125
2023-09-14,247.21221923828125
2023-09-15,247.21221923828125
2023-09-18,242.48541259765625
2023-09-19,241.06736755371094
2023-09-20,247.21221923828125
2023-09-21,241.54005432128906
2023-09-22,249.5756378173828
2023-09-25,256.66583251953125
2023-09-26,256.66583251953125
2023-09-27,259.02923583984375
2023-09-28,260.9199523925781
2023-10-02,266.11944580078125
2023-10-03,260.9199523925781
2023-10-04,250.99366760253906
2023-10-05,254.77513122558594
2023-10-06,254.77513122558594
2023-10-11,239.1766357421875
2023-10-12,223.10546875
2023-10-13,220.2694091796875
2023-10-16,216.4879608154297
2023-10-17,216.9606475830078
2023-10-18,211.76113891601562
2023-10-19,206.08897399902344
2023-10-20,209.39773559570312
2023-10-23,209.39773559570312
2023-10-24,213.17918395996094
2023-10-25,216.01528930664062
2023-10-26,212.23382568359375
2023-10-27,207.97970581054688
2023-10-30,211.76113891601562
2023-10-31,206.08897399902344
2023-11-01,199.47142028808594
2023-11-02,198.99874877929688
2023-11-03,202.7801971435547
2023-11-06,207.5070037841797
2023-11-07,205.6162872314453
2023-11-08,206.5616455078125
2023-11-09,200.8894805908203
2023-11-10,197.1080322265625
2023-11-13,193.79925537109375
2023-11-14,196.63534545898438
2023-11-15,195.21730041503906
2023-11-16,196.63534545898438
2023-11-17,194.74461364746094
2023-11-20,199.47142028808594
2023-11-21,201.36215209960938
2023-11-22,199.94412231445312
2023-11-23,205.6162872314453
2023-11-24,207.5070037841797
2023-11-27,201.8348388671875
2023-11-28,199.47142028808594
2023-11-29,199.94412231445312
2023-11-30,203.2528839111328
2023-12-01,204.67092895507812
2023-12-04,204.19825744628906
2023-12-05,200.4167938232422
2023-12-06,203.2528839111328
2023-12-07,200.8894805908203
2023-12-08,200.4167938232422
2023-12-11,198.0533905029297
2023-12-12,183.4002685546875
2023-12-13,187.1817169189453
2023-12-14,198.52606201171875
2023-12-15,199.47142028808594
2023-12-18,195.6899871826172
2023-12-19,195.6899871826172
2023-12-20,197.58070373535156
2023-12-21,193.79925537109375
2023-12-22,196.1626739501953
2023-12-25,195.6899871826172
2023-12-26,197.1080322265625
2023-12-27,199.94412231445312
2023-12-28,200.4167938232422
2023-12-29,201.36215209960938
2024-01-02,203.2528839111328
2024-01-03,200.4167938232422
2024-01-04,203.2528839111328
2024-01-05,203.72557067871094
2024-01-08,201.36215209960938
2024-01-09,204.67092895507812
2024-01-10,205.6162872314453
2024-01-11,203.72557067871094
2024-01-12,200.8894805908203
2024-01-15,203.72557067871094
2024-01-16,198.99874877929688
2024-01-17,199.94412231445312
2024-01-18,202.30751037597656
2024-01-19,199.94412231445312
2024-01-22,204.19825744628906
2024-01-23,204.19825744628906
2024-01-24,198.99874877929688
2024-01-25,192.3812255859375
2024-01-26,190.490478515625
2024-01-29,194.27194213867188
2024-01-30,191.90853881835938
2024-01-31,189.5451202392578
2024-02-01,185.763671875
2024-02-02,192.3812255859375
2024-02-05,196.63534545898438
2024-02-15,195.21730041503906
2024-02-16,200.8894805908203
2024-02-19,200.8894805908203
2024-02-20,209.87042236328125
2024-02-21,215.06991577148438
2024-02-22,218.8513641357422
2024-02-23,225.9415740966797
2024-02-26,224.05084228515625
2024-02-27,216.9606475830078
2024-02-29,220.2694091796875
2024-03-01,221.21475219726562
2024-03-04,230.6683807373047
2024-03-05,250.52099609375
2024-03-06,259.974609375
2024-03-07,269.42822265625
2024-03-08,254.3024444580078
2024-03-11,254.77513122558594
2024-03-12,250.52099609375
2024-03-13,245.794189453125
2024-03-14,240.12200927734375
2024-03-15,239.1766357421875
2024-03-18,242.01272583007812
2024-03-19,245.32150268554688
2024-03-20,239.64932250976562
2024-03-21,252.88438415527344
2024-03-22,246.26686096191406
2024-03-25,243.43077087402344
2024-03-26,238.70396423339844
2024-03-27,242.01272583007812
2024-03-28,238.70396423339844
2024-03-29,241.06736755371094
2024-04-01,241.06736755371094
2024-04-02,242.01272583007812
2024-04-03,240.12200927734375
2024-04-08,239.1766357421875
2024-04-09,237.75860595703125
2024-04-10,244.84881591796875
2024-04-11,240.12200927734375
2024-04-12,245.32150268554688
2024-04-15,237.28591918945312
2024-04-16,234.4498291015625
2024-04-17,235.8678741455078
2024-04-18,237.75860595703125
2024-04-19,229.7230224609375
2024-04-22,223.57815551757812
2024-04-23,228.7776641845703
2024-04-24,233.0317840576172
2024-04-25,233.0317840576172
2024-04-26,242.48541259765625
2024-04-29,246.7395477294922
2024-04-30,251.93902587890625
2024-05-02,238.70396423339844
2024-05-03,244.84881591796875
2024-05-06,248.63027954101562
2024-05-07,243.9034423828125
2024-05-08,247.21221923828125
2024-05-09,240.12200927734375
2024-05-10,239.64932250976562
2024-05-13,241.54005432128906
2024-05-14,238.2312774658203
2024-05-15,236.81324768066406
2024-05-16,242.9580841064453
2024-05-17,250.04830932617188
2024-05-20,250.04830932617188
2024-05-21,250.52099609375
2024-05-22,252.41171264648438
2024-05-23,264.701416015625
2024-05-24,266.11944580078125
2024-05-27,277.46380615234375
2024-05-28,278.8818664550781
2024-05-29,278.8818664550781
2024-05-30,276.5184326171875
2024-05-31,269.42822265625
2024-06-03,268.9555358886719
2024-06-04,266.5921325683594
2024-06-05,261.39263916015625
2024-06-06,263.7560729980469
2024-06-07,272.73699951171875
2024-06-11,279.35455322265625
2024-06-12,279.4512939453125
2024-06-13,277.51739501953125
2024-06-14,273.6495361328125
2024-06-17,300.7243957519531
2024-06-18,311.8444519042969
2024-06-19,307.0096435546875
2024-06-20,299.7574462890625
2024-06-21,315.22882080078125
2024-06-24,302.6583251953125
2024-06-25,307.9765930175781
2024-06-26,310.3940124511719
2024-06-27,304.5922546386719
2024-06-28,307.4931335449219
2024-07-01,307.0096435546875
2024-07-02,302.6583251953125
2024-07-03,299.2739562988281
2024-07-04,304.5922546386719
2024-07-05,308.4600830078125
2024-07-08,307.0096435546875
2024-07-09,314.7453308105469
2024-07-10,314.2618713378906
2024-07-11,326.83233642578125
2024-07-12,307.4931335449219
2024-07-15,323.93145751953125
2024-07-16,333.60107421875
2024-07-17,317.1627502441406
2024-07-18,293.9556884765625
2024-07-19,292.9887390136719
2024-07-22,289.6043701171875
2024-07-23,296.8565673828125
2024-07-26,273.6495361328125
2024-07-29,276.06695556640625
2024-07-30,294.9226379394531
2024-07-31,291.0548095703125
2024-08-01,312.3279113769531
2024-08-02,288.6374206542969
2024-08-05,260.11212158203125
2024-08-06,271.2321472167969
2024-08-07,282.3521728515625
2024-08-08,272.6825866699219
2024-08-09,282.3521728515625
2024-08-12,287.1869812011719
2024-08-13,293.9556884765625
2024-08-14,300.7243957519531
2024-08-15,296.3730773925781
2024-08-16,305.5592041015625
2024-08-19,308.4600830078125
2024-08-20,310.8774719238281
2024-08-21,305.5592041015625
2024-08-22,309.4270324707031
2024-08-23,310.8774719238281
2024-08-26,316.19580078125
2024-08-27,319.0966796875
2024-08-28,318.6131896972656
2024-08-29,308.9435729980469
2024-08-30,315.7123107910156
2024-09-02,321.03057861328125
2024-09-03,315.7123107910156
2024-09-04,300.7243957519531
2024-09-05,305.5592041015625
2024-09-06,307.4931335449219
2024-09-09,313.2948913574219
2024-09-10,334.5680236816406
2024-09-11,325.8653869628906
2024-09-12,343.2706604003906
2024-09-13,367.44464111328125
2024-09-16,363.09332275390625
2024-09-18,348.58892822265625
2024-09-19,355.3576354980469
2024-09-20,356.8080749511719
2024-09-23,350.03936767578125
2024-09-24,371.79595947265625
2024-09-25,360.19244384765625
2024-09-26,357.7750549316406
2024-09-27,361.1593933105469
2024-09-30,361.1593933105469
2024-10-01,365.5107116699219
2024-10-04,346.1715393066406
2024-10-07,371.3124694824219
2024-10-08,379.5316467285156
2024-10-09,374.69683837890625
2024-10-11,369.3785705566406
2024-10-14,388.7177429199219
2024-10-15,386.7838134765625
2024-10-16,396.9368896484375
2024-10-17,402.25518798828125
2024-10-18,402.25518798828125
2024-10-21,403.2221374511719
2024-10-22,413.85870361328125
2024-10-23,409.0238952636719
2024-10-24,401.7716979980469
2024-10-25,404.1890869140625
2024-10-28,396.45343017578125
2024-10-29,390.65167236328125
2024-10-30,401.7716979980469
2024-11-01,410.95782470703125
2024-11-04,422.56134033203125
2024-11-05,429.8135070800781
2024-11-06,444.8013916015625
2024-11-07,440.9335632324219
2024-11-08,427.3961181640625
2024-11-11,440.9335632324219
2024-11-12,434.1648254394531
2024-11-13,424.9787292480469
2024-11-14,406.1230163574219
2024-11-15,407.0899658203125
2024-11-18,382.9159851074219
2024-11-19,403.70562744140625
2024-11-20,398.8708190917969
2024-11-21,399.8377685546875
2024-11-22,398.3873291015625
2024-11-25,415.30914306640625
2024-11-26,395.4864501953125
2024-11-27,393.55255126953125
2024-11-28,395.4864501953125
2024-11-29,398.8708190917969
2024-12-02,414.3421630859375
2024-12-03,410.4743347167969
2024-12-04,438.0326843261719
2024-12-05,419.66046142578125
2024-12-06,415.7926025390625
2024-12-09,401.2882080078125
2024-12-10,388.2342529296875
2024-12-11,398.3873291015625
2024-12-12,390.1681823730469
2024-12-13,391.6186218261719
2024-12-16,387.2673034667969
2024-12-17,389.6846923828125
2024-12-18,384.84991455078125
2024-12-19,389.20123291015625
2024-12-20,389.20123291015625
2024-12-23,391.1351318359375
2024-12-24,389.6846923828125
2024-12-25,395.4864501953125
2024-12-26,387.75079345703125
2024-12-27,389.20123291015625
2024-12-30,390.1681823730469
2024-12-31,395.4864501953125
2025-01-02,379.5316467285156
2025-01-03,341.8202209472656
2025-01-06,351.48980712890625
2025-01-07,374.69683837890625
2025-01-08,374.2133483886719
2025-01-09,376.6307678222656
2025-01-10,387.2673034667969
2025-01-13,354.39068603515625
2025-01-14,359.7089538574219
2025-01-15,351.9732971191406
2025-01-16,365.5107116699219
2025-01-17,364.0602722167969
2025-01-20,360.6759338378906
2025-01-21,359.7089538574219
2025-01-22,366.9611511230469
2025-02-03,330.7001953125
2025-02-04,297.8235168457031
2025-02-05,318.6131896972656
2025-02-06,328.7662658691406
2025-02-07,334.5680236816406
2025-02-10,341.33673095703125
2025-02-11,342.3036804199219
2025-02-12,336.0184631347656
2025-02-13,336.501953125
2025-02-14,338.43585205078125
2025-02-17,346.1715393066406
2025-02-18,339.88629150390625
2025-02-19,333.1175842285156
2025-02-20,337.4689025878906
2025-02-21,342.3036804199219
2025-02-24,338.9193420410156
2025-02-25,324.4149475097656
2025-02-26,330.7001953125
2025-02-27,328.28277587890625
2025-03-03,319.0966796875
2025-03-04,316.67926025390625
2025-03-05,315.7123107910156
2025-03-06,307.4931335449219
2025-03-07,306.0426940917969
2025-03-10,310.3940124511719
2025-03-11,302.6583251953125
2025-03-12,307.9765930175781
2025-03-13,304.1087646484375
2025-03-14,305.5592041015625
2025-03-17,308.4600830078125
2025-03-18,312.3279113769531
2025-03-19,300.7243957519531
2025-03-20,307.4931335449219
2025-03-21,300.7243957519531
2025-03-24,300.7243957519531
2025-03-25,303.6252746582031
2025-03-26,305.0757141113281
2025-03-27,288.1539306640625
2025-03-28,281.86871337890625
2025-03-31,275.5834655761719
2025-04-01,282.8356628417969
2025-04-02,282.8356628417969
2025-04-07,254.7938232421875
2025-04-08,229.65289306640625
2025-04-09,217.08241271972656
2025-04-10,238.35552978515625
2025-04-11,254.7938232421875
2025-04-14,259.1451416015625
2025-04-15,266.8808288574219
2025-04-16,251.40948486328125
2025-04-17,254.31036376953125
2025-04-18,256.7277526855469
2025-04-21,253.34339904785156
2025-04-22,255.76080322265625
2025-04-23,261.0790710449219
2025-04-24,270.26519775390625
2025-04-25,277.51739501953125
2025-04-28,284.76959228515625
2025-04-29,286.7034912109375
2025-04-30,282.8356628417969
2025-05-02,310.8774719238281
2025-05-05,304.5922546386719
2025-05-06,302.6583251953125
2025-05-07,294.4391784667969
2025-05-08,304.5922546386719
2025-05-09,307.4931335449219
2025-05-12,309.4270324707031
2025-05-13,312.8114013671875
2025-05-14,315.22882080078125
2025-05-15,319.58013916015625
2025-05-16,324.8984375
2025-05-19,318.12969970703125
2025-05-20,318.12969970703125
2025-05-21,323.93145751953125
2025-05-22,319.58013916015625
2025-05-23,320.0636291503906
2025-05-26,325.38189697265625
2025-05-27,320.0636291503906
2025-05-28,321.03057861328125
2025-05-29,324.4149475097656
2025-06-02,321.99755859375
2025-06-03,331.18365478515625
2025-06-04,337.4689025878906
2025-06-05,329.73321533203125
2025-06-06,335.53497314453125
2025-06-09,335.53497314453125
2025-06-10,328.7662658691406
2025-06-11,346.1715393066406
2025-06-12,343.2706604003906
2025-06-13,338.43585205078125
2025-06-16,342.3036804199219
2025-06-17,345.2045593261719
2025-06-18,346.1715393066406
2025-06-19,350.03936767578125
2025-06-20,347.06451416015625
2025-06-23,351.5267639160156
2025-06-24,370.367431640625
2025-06-25,387.72064208984375
2025-06-26,426.3935546875
2025-06-27,425.8977355957031
2025-06-30,438.7887268066406
2025-07-01,434.822265625
2025-07-02,433.8306579589844
2025-07-03,430.8558044433594
2025-07-04,431.35162353515625
2025-07-07,428.8725891113281
2025-07-08,424.41033935546875
2025-07-09,421.43548583984375
2025-07-10,422.4270935058594
2025-07-11,425.8977355957031
2025-07-14,420.9396667480469
2025-07-15,423.418701171875
2025-07-16,427.3851623535156
2025-07-17,428.37677001953125
2025-07-18,430.8558044433594
2025-07-21,425.8977355957031
2025-07-22,421.43548583984375
2025-07-23,405.5696716308594
2025-07-24,404.082275390625
2025-07-25,401.6032409667969
2025-07-28,405.0738830566406
2025-07-29,404.082275390625
2025-07-30,406.561279296875
2025-07-31,426.88934326171875
2025-08-04,490.3525695800781
2025-08-05,489.8567810058594
2025-08-06,490.3525695800781
2025-08-07,490.3525695800781
2025-08-08,497.7896728515625
2025-08-11,513.655517578125
2025-08-12,500.7645263671875
2025-08-13,504.73095703125
2025-08-14,510.6806640625
2025-08-15,516.6303100585938
2025-08-18,523.5715942382812
2025-08-19,508.6974182128906
2025-08-20,486.8819274902344
2025-08-21,499.7729187011719
2025-08-22,492.83160400390625
2025-08-25,507.705810546875
2025-08-26,530.5128784179688
2025-08-27,544.3955078125
2025-08-28,551.3367919921875
2025-08-29,576.1270751953125
2025-09-01,554.3116455078125
2025-09-02,551.3367919921875
2025-09-03,541.420654296875
2025-09-04,538.44580078125
2025-09-05,567.2025756835938
2025-09-08,565.2193603515625
2025-09-09,571.1690673828125
2025-09-10,575.135498046875
2025-09-11,569.185791015625
2025-09-12,566.2109985351562
2025-09-15,547.3703002929688
2025-09-16,551.3367919921875
2025-09-17,561.2529296875
2025-09-18,608.850341796875
2025-09-19,592.9844970703125
2025-09-22,590.0097045898438
2025-09-23,608.850341796875
2025-09-24,597.9425659179688
2025-09-25,591.0012817382812
2025-09-26,559.2696533203125
2025-09-30,574.1438598632812
2025-10-01,600.9174194335938
2025-10-02,628.6825561523438
2025-10-03,633.640625
2025-10-07,642.565185546875
2025-10-08,626.6993408203125
2025-10-09,616.783203125
2025-10-13,638.5986938476562
2025-10-14,657.4393310546875
2025-10-15,681.2380981445312
2025-10-16,688.1793823242188
2025-10-17,656.44775390625
2025-10-20,650.498046875
2025-10-21,671.3219604492188
2025-10-22,687.187744140625
2025-10-23,686.1961059570312
2025-10-27,731.810302734375
2025-10-28,735.7767944335938
2025-10-29,781.3909912109375
2025-10-30,797.2567749023438
2025-10-31,812.1309814453125
2025-11-03,804.1980590820312
2025-11-04,769.4916381835938
2025-11-05,755.6090087890625
2025-11-06,746.6845092773438
2025-11-07,734.78515625
2025-11-10,737.760009765625
2025-11-11,753.6257934570312
2025-11-12,791.30712890625
2025-11-13,800.2316284179688
2025-11-14,778.4161376953125
2025-11-17,767.5084228515625
2025-11-18,739.7432250976562
2025-11-19,763.5419311523438
2025-11-20,801.2232055664062
2025-11-21,767.5084228515625
2025-11-24,803.2064819335938
2025-11-25,822.047119140625
2025-11-26,793.2903442382812
2025-11-27,804.1980590820312
2025-11-28,812.1309814453125
2025-12-01,778.4161376953125
2025-12-02,771.474853515625
2025-12-03,798.2484130859375
2025-12-04,769.4916381835938
2025-12-05,789.3238525390625
2025-12-08,798.2484130859375
2025-12-09,801.2232055664062
2025-12-10,793.2903442382812
2025-12-11,789.3238525390625
2025-12-12,798.2484130859375
2025-12-15,762.5503540039062
2025-12-16,739.7432250976562
2025-12-17,733.7935791015625
2025-12-18,721.8942260742188
2025-12-19,734.78515625
2025-12-22,749.6593627929688
2025-12-23,756.6006469726562
2025-12-24,764.5335693359375
2025-12-26,782.382568359375
2025-12-29,774.44970703125
2025-12-30,783.3742065429688
2025-12-31,768.5
2026-01-02,789.3238525390625
2026-01-05,804.1980590820312
2026-01-06,848.8206787109375
2026-01-07,914.26708984375
2026-01-08,917.241943359375
2026-01-09,915.2587280273438
2026-01-12,945.9987182617188
2026-01-13,975.7471313476562
2026-01-14,980.7051391601562
2026-01-15,957.8980712890625
2026-01-16,980.7051391601562
2026-01-19,942.0322875976562
2026-01-20,1021.361328125
2026-01-21,986.6548461914062
2026-01-22,1001.529052734375
2026-01-23,1016.4032592773438
2026-01-26,1006.4871215820312
2026-01-27,1026.3193359375
2026-01-28,1026.3193359375
2026-01-29,1006.4871215820312
2026-01-30,971.7806396484375
2026-02-02,962.8561401367188
2026-02-03,1031.2774658203125
2026-02-04,1021.361328125
2026-02-05,965.8309936523438
2026-02-06,958.8897094726562
2026-02-09,1021.361328125
2026-02-10,1031.2774658203125
2026-02-11,1041.193603515625
2026-02-23,1145.3128662109375
2026-02-24,1214.725830078125
2026-02-25,1244.4742431640625
2026-02-26,1368.42578125
2026-03-02,1502.2935791015625
2026-03-03,1383.300048828125
2026-03-04,1328.7613525390625
2026-03-05,1393.2161865234375
2026-03-06,1363.4677734375
2026-03-09,1229.5999755859375
2026-03-10,1348.593505859375
2026-03-11,1482.4613037109375
2026-03-12,1482.4613037109375
2026-03-13,1517.167724609375
2026-03-16,1437.8387451171875
2026-03-17,1457.6710205078125
2026-03-18,1551.8741455078125
2026-03-19,1581.62255859375
2026-03-20,1571.7064208984375
2026-03-23,1507.2515869140625
2026-03-24,1467.587158203125
2026-03-25,1611.3709716796875
2026-03-26,1626.2451171875
2026-03-27,1601.454833984375
2026-03-30,1611.3709716796875
2026-03-31,1452.712890625
2026-04-01,1596.496826171875
2026-04-02,1522.1258544921875
2026-04-07,1556.832275390625
2026-04-08,1710.5322265625
2026-04-09,1824.5677490234375
2026-04-10,1770.029052734375
2026-04-13,1864.2322998046875
2026-04-14,1824.5677490234375
2026-04-15,2003.05810546875
2026-04-16,2032.8065185546875
2026-04-17,2236.087158203125
2026-04-20,2032.8065185546875
2026-04-21,2008.01611328125
2026-04-22,2012.9742431640625
2026-04-23,1923.72900390625
2026-04-24,1903.896728515625
2026-04-27,1908.8548583984375
2026-04-28,2047.6806640625
2026-04-29,2037.7645263671875
2026-04-30,2102.219482421875
2026-05-04,2290.625732421875
2026-05-05,2216.2548828125
2026-05-06,2325.332275390625
2026-05-07,2305.5
2026-05-08,2211.296875
2026-05-11,2340.20654296875
2026-05-12,2419.535400390625
2026-05-13,2384.8291015625
2026-05-14,2241.045166015625
2026-05-15,2221.212890625
2026-05-18,2166.67431640625
2026-05-19,2037.7645263671875
2026-05-20,2047.6806640625
2026-05-21,2250.96142578125
2026-05-22,2250.96142578125
2026-05-25,2439.36767578125
2026-05-26,2479.0322265625
2026-05-27,2602.98388671875
2026-05-28,2548.445068359375
2026-05-29,2498.864501953125
2026-06-01,2558.361328125
2026-06-02,2399.703125
2026-06-03,2523.65478515625
2026-06-04,2598.02587890625
2026-06-05,2543.487060546875
2026-06-08,2429.45166015625
2026-06-09,2369.954833984375
2026-06-10,2191.464599609375
2026-06-11,2171.63232421875
2026-06-12,2275.751708984375
2026-06-15,2246.003173828125
2026-06-16,2305.5
2026-06-17,2230.0
2026-06-18,2310.0
2026-06-22,2310.0
2026-06-23,2265.0
2026-06-24,2160.0
2026-06-25,2185.0
2026-06-26,2035.0
2026-06-29,2080.0
2026-06-30,2160.0
2026-07-01,2270.0
2026-07-02,2210.0
2026-07-03,2265.0
2026-07-06,2180.0
2026-07-07,1965.0
2026-07-08,1855.0
2026-07-09,1820.0
2026-07-10,1820.0
2026-07-13,1850.0
2026-07-14,1820.0
2026-07-15,1905.0
2026-07-16,1990.0
2026-07-17,1850.0
2026-07-20,1835.0
2026-07-21,2015.0
2026-07-22,2125.0
2026-07-23,2155.0
2026-07-24,2080.0
2026-07-27,2100.0
2026-07-28,1940.0
2026-07-29,1835.0
2026-07-30,1910.0
2026-07-31,2100.0
2026-08-03,1960.0
2026-08-04,1925.0
2026-08-05,1885.0
2026-08-06,1975.0
2026-08-07,2030.0
2026-08-10,2030.0
2026-08-11,2080.0
2026-08-12,2195.0
2026-08-13,2300.0
2026-08-14,2300.0
2026-08-17,2360.0
2026-08-18,2305.0
2026-08-19,2120.0
2026-08-20,2140.0
2026-08-21,2100.0
2026-08-24,2070.0
2026-08-25,1965.0
2026-08-26,1980.0
2026-08-27,1990.0
2026-08-28,2010.0
2026-08-31,1960.0
2026-09-01,2030.0
2026-09-02,1975.0
2026-09-03,2015.0
2026-09-04,2030.0
2026-09-07,2230.0
2026-09-08,2265.0
2026-09-09,2335.0
2026-09-10,2180.0
2026-09-11,2160.0
2026-09-14,2140.0
2026-09-15,2080.0
2026-09-16,2090.0
2026-09-17,2085.0
2026-09-18,2290.0
2026-09-21,2375.0
2026-09-22,2440.0
2026-09-23,2325.0
2026-09-24,2295.0
2026-09-29,2185.0
