Price,AdjClose
Ticker,2368.TW
Date,
2000-01-04,15.04175853729248
2000-01-05,15.631632804870605
2000-01-06,16.221506118774414
2000-01-07,17.2537841796875
2000-01-10,18.13858985900879
2000-01-11,16.958850860595703
2000-01-12,17.2537841796875
2000-01-13,17.10631561279297
2000-01-14,16.811378479003906
2000-01-17,16.958850860595703
2000-01-18,16.811378479003906
2000-01-19,16.811378479003906
2000-01-20,17.10631561279297
2000-01-21,17.696189880371094
2000-01-24,17.548717498779297
2000-01-25,17.2537841796875
2000-01-26,17.2537841796875
2000-01-27,17.696189880371094
2000-01-28,17.991125106811523
2000-01-31,18.433528900146484
2000-02-01,18.58099937438965
2000-02-02,18.58099937438965
2000-02-03,18.58099937438965
2000-02-04,18.58099937438965
2000-02-07,18.58099937438965
2000-02-08,18.58099937438965
2000-02-09,18.58099937438965
2000-02-10,19.760740280151367
2000-02-11,20.645551681518555
2000-02-14,19.46580696105957
2000-02-15,19.023399353027344
2000-02-16,20.055679321289062
2000-02-17,19.90821075439453
2000-02-18,20.645551681518555
2000-02-21,19.170869827270508
2000-02-22,18.875930786132812
2000-02-23,17.991125106811523
2000-02-24,17.991125106811523
2000-02-25,17.696189880371094
2000-02-28,17.696189880371094
2000-02-29,17.84365463256836
2000-03-01,18.286060333251953
2000-03-02,17.991125106811523
2000-03-03,17.2537841796875
2000-03-06,16.663909912109375
2000-03-07,16.51643943786621
2000-03-08,16.36897087097168
2000-03-09,16.663909912109375
2000-03-10,16.074033737182617
2000-03-13,15.04175853729248
2000-03-14,14.451889038085938
2000-03-15,14.156952857971191
2000-03-16,13.950494766235352
2000-03-17,14.215935707092285
2000-03-20,13.744040489196777
2000-03-21,14.687834739685059
2000-03-22,15.336695671081543
2000-03-23,16.221506118774414
2000-03-24,15.779105186462402
2000-03-27,16.811378479003906
2000-03-28,16.51643943786621
2000-03-29,16.663909912109375
2000-03-30,17.696189880371094
2000-03-31,17.84365463256836
2000-04-03,17.84365463256836
2000-04-04,17.84365463256836
2000-04-05,19.46580696105957
2000-04-06,19.46580696105957
2000-04-07,19.170869827270508
2000-04-10,20.940486907958984
2000-04-11,19.760740280151367
2000-04-12,18.58099937438965
2000-04-13,18.286060333251953
2000-04-14,17.696189880371094
2000-04-17,17.401256561279297
2000-04-18,17.991125106811523
2000-04-19,17.991125106811523
2000-04-20,17.10631561279297
2000-04-21,17.2537841796875
2000-04-24,16.36897087097168
2000-04-25,16.221506118774414
2000-04-26,15.189230918884277
2000-04-27,15.04175853729248
2000-04-28,15.779105186462402
2000-05-01,15.779105186462402
2000-05-02,15.484167098999023
2000-05-03,15.779105186462402
2000-05-04,15.631632804870605
2000-05-05,16.663909912109375
2000-05-08,15.926569938659668
2000-05-09,15.926569938659668
2000-05-10,15.779105186462402
2000-05-11,15.336695671081543
2000-05-12,15.631632804870605
2000-05-15,15.04175853729248
2000-05-16,15.779105186462402
2000-05-17,16.663909912109375
2000-05-18,16.36897087097168
2000-05-19,16.958850860595703
2000-05-22,15.926569938659668
2000-05-23,15.631632804870605
2000-05-24,15.631632804870605
2000-05-25,15.484167098999023
2000-05-26,15.336695671081543
2000-05-29,15.484167098999023
2000-05-30,15.484167098999023
2000-05-31,16.074033737182617
2000-06-01,15.631632804870605
2000-06-02,16.074033737182617
2000-06-05,16.811378479003906
2000-06-06,16.811378479003906
2000-06-07,17.84365463256836
2000-06-08,18.13858985900879
2000-06-09,17.84365463256836
2000-06-12,17.84365463256836
2000-06-13,17.401256561279297
2000-06-14,17.84365463256836
2000-06-15,17.548717498779297
2000-06-16,17.401256561279297
2000-06-19,18.286060333251953
2000-06-20,17.991125106811523
2000-06-21,17.991125106811523
2000-06-22,18.286060333251953
2000-06-23,17.991125106811523
2000-06-26,17.401256561279297
2000-06-27,19.961299896240234
2000-06-28,19.579063415527344
2000-06-29,19.409177780151367
2000-06-30,19.9188289642334
2000-07-03,19.621532440185547
2000-07-04,18.34740447998047
2000-07-05,19.196823120117188
2000-07-06,18.68717384338379
2000-07-07,18.602230072021484
2000-07-10,18.389881134033203
2000-07-11,18.09258460998535
2000-07-12,17.795286178588867
2000-07-13,19.026939392089844
2000-07-14,19.111886978149414
2000-07-17,19.621532440185547
2000-07-18,19.409177780151367
2000-07-19,19.409177780151367
2000-07-20,18.559764862060547
2000-07-21,18.68717384338379
2000-07-24,18.262468338012695
2000-07-25,17.455516815185547
2000-07-26,17.795286178588867
2000-07-27,17.795286178588867
2000-07-28,18.51729393005371
2000-07-31,18.77211570739746
2000-08-01,17.837759017944336
2000-08-02,17.455516815185547
2000-08-03,18.09258460998535
2000-08-04,18.262468338012695
2000-08-07,18.177520751953125
2000-08-08,18.474817276000977
2000-08-09,19.324237823486328
2000-08-10,18.77211570739746
2000-08-11,18.68717384338379
2000-08-14,18.34740447998047
2000-08-15,18.050111770629883
2000-08-16,18.602230072021484
2000-08-17,18.94200325012207
2000-08-18,18.98447036743164
2000-08-21,19.621532440185547
2000-08-22,19.239295959472656
2000-08-23,19.239295959472656
2000-08-24,18.899526596069336
2000-08-25,18.68717384338379
2000-08-28,18.602230072021484
2000-08-29,18.602230072021484
2000-08-30,18.43234634399414
2000-08-31,18.77211570739746
2000-09-01,18.899526596069336
2000-09-04,19.791419982910156
2000-09-05,19.239295959472656
2000-09-06,19.111886978149414
2000-09-07,18.94200325012207
2000-09-08,18.644704818725586
2000-09-11,18.304935455322266
2000-09-12,18.304935455322266
2000-09-13,17.837759017944336
2000-09-14,16.733518600463867
2000-09-15,16.39374542236328
2000-09-18,14.737381935119629
2000-09-19,14.015380859375
2000-09-20,14.015380859375
2000-09-21,14.270203590393066
2000-09-22,13.335847854614258
2000-09-25,13.463258743286133
2000-09-26,13.845495223999023
2000-09-27,13.972908020019531
2000-09-28,13.803028106689453
2000-09-29,13.335847854614258
2000-10-02,11.594544410705566
2000-10-03,11.594544410705566
2000-10-04,11.212301254272461
2000-10-05,10.830065727233887
2000-10-06,11.552071571350098
2000-10-09,11.084890365600586
2000-10-10,11.084890365600586
2000-10-11,10.702653884887695
2000-10-12,9.9806489944458
2000-10-13,9.938176155090332
2000-10-16,9.938176155090332
2000-10-17,9.471001625061035
2000-10-18,8.833940505981445
2000-10-19,8.23934555053711
2000-10-20,8.79146671295166
2000-10-23,9.258644104003906
2000-10-24,9.895709991455078
2000-10-25,10.40535831451416
2000-10-26,10.277944564819336
2000-10-27,10.277944564819336
2000-10-30,9.598410606384277
2000-10-31,9.301115036010742
2000-11-01,9.003820419311523
2000-11-02,9.471001625061035
2000-11-03,9.9806489944458
2000-11-06,9.386061668395996
2000-11-07,10.02312183380127
2000-11-08,10.702653884887695
2000-11-09,11.297246932983398
2000-11-10,11.764425277709961
2000-11-13,11.042424201965332
2000-11-14,11.382187843322754
2000-11-15,10.999950408935547
2000-11-16,10.40535831451416
2000-11-17,10.575241088867188
2000-11-20,9.428525924682617
2000-11-21,10.065592765808105
2000-11-22,10.193004608154297
2000-11-23,9.9806489944458
2000-11-24,10.660181045532227
2000-11-27,11.042424201965332
2000-11-28,10.745125770568848
2000-11-29,10.872539520263672
2000-11-30,10.745125770568848
2000-12-01,11.127362251281738
2000-12-04,10.490303039550781
2000-12-05,10.702653884887695
2000-12-06,10.745125770568848
2000-12-07,10.830065727233887
2000-12-08,10.787595748901367
2000-12-11,10.872539520263672
2000-12-12,11.169836044311523
2000-12-13,11.084890365600586
2000-12-14,10.830065727233887
2000-12-15,10.660181045532227
2000-12-18,10.2354736328125
2000-12-19,10.193004608154297
2000-12-20,9.9806489944458
2000-12-21,9.640884399414062
2000-12-22,9.51346492767334
2000-12-25,9.51346492767334
2000-12-26,9.216175079345703
2000-12-27,8.918879508972168
2000-12-28,9.088764190673828
2000-12-29,8.79146671295166
2001-01-01,8.79146671295166
2001-01-02,8.961344718933105
2001-01-03,8.961344718933105
2001-01-04,9.555939674377441
2001-01-05,10.108061790466309
2001-01-08,9.768298149108887
2001-01-09,10.447830200195312
2001-01-10,10.660181045532227
2001-01-11,10.447830200195312
2001-01-12,10.320417404174805
2001-01-15,10.193004608154297
2001-01-16,10.872539520263672
2001-01-17,10.872539520263672
2001-01-18,10.320417404174805
2001-01-19,10.320417404174805
2001-01-22,10.320417404174805
2001-01-23,10.320417404174805
2001-01-24,10.320417404174805
2001-01-25,10.320417404174805
2001-01-26,10.320417404174805
2001-01-29,10.108061790466309
2001-01-30,10.532769203186035
2001-01-31,11.169836044311523
2001-02-01,11.169836044311523
2001-02-02,11.934309959411621
2001-02-05,11.764425277709961
2001-02-06,11.084890365600586
2001-02-07,10.40535831451416
2001-02-08,10.787595748901367
2001-02-09,10.91501235961914
2001-02-12,11.169836044311523
2001-02-13,11.467132568359375
2001-02-14,11.339720726013184
2001-02-15,11.976781845092773
2001-02-16,11.679482460021973
2001-02-19,10.957476615905762
2001-02-20,11.127362251281738
2001-02-21,11.127362251281738
2001-02-22,10.617714881896973
2001-02-23,10.447830200195312
2001-02-26,10.2354736328125
2001-02-27,10.277944564819336
2001-02-28,10.277944564819336
2001-03-01,9.81076431274414
2001-03-02,9.81076431274414
2001-03-05,10.40535831451416
2001-03-06,10.362890243530273
2001-03-07,10.660181045532227
2001-03-08,10.660181045532227
2001-03-09,10.787595748901367
2001-03-12,10.447830200195312
2001-03-13,10.575241088867188
2001-03-14,10.575241088867188
2001-03-15,10.787595748901367
2001-03-16,11.127362251281738
2001-03-19,10.91501235961914
2001-03-20,11.594544410705566
2001-03-21,11.339720726013184
2001-03-22,11.509599685668945
2001-03-23,11.509599685668945
2001-03-26,12.01925277709961
2001-03-27,11.849369049072266
2001-03-28,12.01925277709961
2001-03-29,12.189132690429688
2001-03-30,12.146665573120117
2001-04-02,11.509599685668945
2001-04-03,11.212301254272461
2001-04-04,11.169836044311523
2001-04-05,11.169836044311523
2001-04-06,11.552071571350098
2001-04-09,11.637011528015137
2001-04-10,11.467132568359375
2001-04-11,11.509599685668945
2001-04-12,11.679482460021973
2001-04-13,11.509599685668945
2001-04-16,11.169836044311523
2001-04-17,11.042424201965332
2001-04-18,11.382187843322754
2001-04-19,11.509599685668945
2001-04-20,11.594544410705566
2001-04-23,11.679482460021973
2001-04-24,11.976781845092773
2001-04-25,11.721955299377441
2001-04-26,11.721955299377441
2001-04-27,11.042424201965332
2001-04-30,10.575241088867188
2001-05-01,10.575241088867188
2001-05-02,9.9806489944458
2001-05-03,10.617714881896973
2001-05-04,10.108061790466309
2001-05-07,9.9806489944458
2001-05-08,9.555939674377441
2001-05-09,9.555939674377441
2001-05-10,9.04629135131836
2001-05-11,9.258644104003906
2001-05-14,9.216175079345703
2001-05-15,9.386061668395996
2001-05-16,9.258644104003906
2001-05-17,9.428525924682617
2001-05-18,9.003820419311523
2001-05-21,8.706522941589355
2001-05-22,8.62158203125
2001-05-23,9.216175079345703
2001-05-24,9.555939674377441
2001-05-25,9.428525924682617
2001-05-28,9.216175079345703
2001-05-29,9.088764190673828
2001-05-30,9.04629135131836
2001-05-31,9.131230354309082
2001-06-01,9.131230354309082
2001-06-04,8.918879508972168
2001-06-05,9.51346492767334
2001-06-06,9.9806489944458
2001-06-07,9.725823402404785
2001-06-08,9.768298149108887
2001-06-11,9.683353424072266
2001-06-12,9.81076431274414
2001-06-13,9.768298149108887
2001-06-14,9.386061668395996
2001-06-15,9.555939674377441
2001-06-18,9.258644104003906
2001-06-19,8.961344718933105
2001-06-20,9.088764190673828
2001-06-21,9.04629135131836
2001-06-22,9.04629135131836
2001-06-25,9.04629135131836
2001-06-26,8.45169734954834
2001-06-27,8.19687271118164
2001-06-28,8.19687271118164
2001-06-29,8.23934555053711
2001-07-02,8.154400825500488
2001-07-03,8.23934555053711
2001-07-04,7.814635276794434
2001-07-05,7.3049845695495605
2001-07-06,7.262516021728516
2001-07-09,7.135104656219482
2001-07-10,6.667923927307129
2001-07-11,6.264453411102295
2001-07-12,6.667923927307129
2001-07-13,6.349392890930176
2001-07-16,5.924684524536133
2001-07-17,5.9034504890441895
2001-07-18,5.818505764007568
2001-07-19,7.247227191925049
2001-07-20,7.367513656616211
2001-07-23,7.337444305419922
2001-07-24,7.157015800476074
2001-07-25,7.157015800476074
2001-07-26,7.5178680419921875
2001-07-27,7.578012943267822
2001-07-30,7.578012943267822
2001-07-31,7.397587299346924
2001-08-01,7.1870832443237305
2001-08-02,7.5178680419921875
2001-08-03,7.668231964111328
2001-08-06,7.758444786071777
2001-08-07,7.758444786071777
2001-08-08,7.968943119049072
2001-08-09,7.788512706756592
2001-08-10,7.788512706756592
2001-08-13,7.938873767852783
2001-08-14,8.149374008178711
2001-08-15,8.149374008178711
2001-08-16,8.209515571594238
2001-08-17,8.690659523010254
2001-08-20,8.299729347229004
2001-08-21,8.23958683013916
2001-08-22,7.668231964111328
2001-08-23,7.758444786071777
2001-08-24,7.457727432250977
2001-08-27,7.938873767852783
2001-08-28,7.999016761779785
2001-08-29,8.329803466796875
2001-08-30,8.299729347229004
2001-08-31,8.269660949707031
2001-09-03,8.23958683013916
2001-09-04,8.420015335083008
2001-09-05,8.23958683013916
2001-09-06,8.059155464172363
2001-09-07,7.8185882568359375
2001-09-10,7.788512706756592
2001-09-11,7.247227191925049
2001-09-12,7.247227191925049
2001-09-13,6.766083240509033
2001-09-14,6.315010070800781
2001-09-17,6.315010070800781
2001-09-18,6.315010070800781
2001-09-19,6.315010070800781
2001-09-20,5.894012451171875
2001-09-21,5.71358060836792
2001-09-24,5.71358060836792
2001-09-25,5.352725982666016
2001-09-26,5.5932936668396
2001-09-27,5.412870407104492
2001-09-28,5.412870407104492
2001-10-01,5.412870407104492
2001-10-02,5.172296047210693
2001-10-03,4.811440944671631
2001-10-04,4.691153526306152
2001-10-05,4.691153526306152
2001-10-08,4.390435695648193
2001-10-09,4.390435695648193
2001-10-10,4.390435695648193
2001-10-11,4.691153526306152
2001-10-12,4.7512969970703125
2001-10-15,4.57086706161499
2001-10-16,4.661078453063965
2001-10-17,4.781364440917969
2001-10-18,4.691153526306152
2001-10-19,4.8415093421936035
2001-10-22,4.96179723739624
2001-10-23,4.991864204406738
2001-10-24,5.052008628845215
2001-10-25,5.052008628845215
2001-10-26,5.112152099609375
2001-10-29,4.96179723739624
2001-10-30,4.721221923828125
2001-10-31,4.661078453063965
2001-11-01,4.691153526306152
2001-11-02,4.8415093421936035
2001-11-05,5.021939754486084
2001-11-06,5.142226696014404
2001-11-07,5.262507915496826
2001-11-08,5.322651386260986
2001-11-09,5.322651386260986
2001-11-12,6.044367790222168
2001-11-13,5.863936424255371
2001-11-14,5.984224319458008
2001-11-15,6.044367790222168
2001-11-16,6.044367790222168
2001-11-19,6.134586334228516
2001-11-20,5.863936424255371
2001-11-21,5.984224319458008
2001-11-22,6.074443817138672
2001-11-23,6.014300346374512
2001-11-26,6.43529748916626
2001-11-27,6.856296539306641
2001-11-28,6.856296539306641
2001-11-29,7.096869945526123
2001-11-30,7.096869945526123
2001-12-03,7.427657127380371
2001-12-04,7.938873767852783
2001-12-05,8.059155464172363
2001-12-06,8.179443359375
2001-12-07,8.059155464172363
2001-12-10,8.480159759521484
2001-12-11,8.359871864318848
2001-12-12,8.931235313415527
2001-12-13,8.690659523010254
2001-12-14,8.420015335083008
2001-12-17,8.359871864318848
2001-12-18,7.938873767852783
2001-12-19,7.397587299346924
2001-12-20,7.487802028656006
2001-12-21,6.976583480834961
2001-12-24,7.1269402503967285
2001-12-25,7.578012943267822
2001-12-26,7.5178680419921875
2001-12-27,7.096869945526123
2001-12-28,7.1269402503967285
2001-12-31,7.487802028656006
2002-01-01,7.487802028656006
2002-01-02,7.999016761779785
2002-01-03,7.999016761779785
2002-01-04,8.45008373260498
2002-01-07,8.480159759521484
2002-01-08,8.72072696685791
2002-01-09,9.021444320678711
2002-01-10,9.262020111083984
2002-01-11,8.63051700592041
2002-01-14,8.059155464172363
2002-01-15,8.179443359375
2002-01-16,7.878730773925781
2002-01-17,7.728367328643799
2002-01-18,7.788512706756592
2002-01-21,8.209515571594238
2002-01-22,8.299729347229004
2002-01-23,8.299729347229004
2002-01-24,8.269660949707031
2002-01-25,8.600447654724121
2002-01-28,8.660591125488281
2002-01-29,8.420015335083008
2002-01-30,8.329803466796875
2002-01-31,8.329803466796875
2002-02-01,8.119297981262207
2002-02-04,7.8185882568359375
2002-02-05,7.698300361633301
2002-02-06,7.878730773925781
2002-02-07,7.878730773925781
2002-02-08,7.878730773925781
2002-02-11,7.878730773925781
2002-02-12,7.878730773925781
2002-02-13,7.878730773925781
2002-02-14,7.878730773925781
2002-02-15,7.878730773925781
2002-02-18,7.999016761779785
2002-02-19,7.938873767852783
2002-02-20,7.758444786071777
2002-02-21,7.698300361633301
2002-02-22,7.487802028656006
2002-02-25,7.096869945526123
2002-02-26,7.096869945526123
2002-02-27,7.397587299346924
2002-02-28,7.397587299346924
2002-03-01,7.487802028656006
2002-03-04,7.908799648284912
2002-03-05,7.878730773925781
2002-03-06,8.420015335083008
2002-03-07,8.690659523010254
2002-03-08,8.540303230285645
2002-03-11,8.63051700592041
2002-03-12,8.38994026184082
2002-03-13,8.51022720336914
2002-03-14,8.45008373260498
2002-03-15,8.480159759521484
2002-03-18,8.5703706741333
2002-03-19,8.299729347229004
2002-03-20,8.480159759521484
2002-03-21,8.600447654724121
2002-03-22,9.201876640319824
2002-03-25,9.562729835510254
2002-03-26,9.262020111083984
2002-03-27,8.750802993774414
2002-03-28,8.841014862060547
2002-03-29,8.991376876831055
2002-04-01,9.262020111083984
2002-04-02,9.32215690612793
2002-04-03,9.92359447479248
2002-04-04,9.683018684387207
2002-04-05,9.683018684387207
2002-04-08,9.562729835510254
2002-04-09,9.50258731842041
2002-04-10,9.562729835510254
2002-04-11,9.622875213623047
2002-04-12,10.043872833251953
2002-04-15,9.92359447479248
2002-04-16,10.40473461151123
2002-04-17,10.28444766998291
2002-04-18,10.585166931152344
2002-04-19,10.525023460388184
2002-04-22,10.28444766998291
2002-04-23,9.983736991882324
2002-04-24,9.983736991882324
2002-04-25,10.28444766998291
2002-04-26,10.104018211364746
2002-04-29,9.803305625915527
2002-04-30,9.382301330566406
2002-05-01,9.382301330566406
2002-05-02,8.871089935302734
2002-05-03,8.5703706741333
2002-05-06,7.999016761779785
2002-05-07,7.999016761779785
2002-05-08,8.059155464172363
2002-05-09,8.059155464172363
2002-05-10,8.480159759521484
2002-05-13,8.359871864318848
2002-05-14,8.329803466796875
2002-05-15,8.871089935302734
2002-05-16,8.359871864318848
2002-05-17,8.23958683013916
2002-05-20,7.668231964111328
2002-05-21,7.247227191925049
2002-05-22,7.397587299346924
2002-05-23,7.638156414031982
2002-05-24,7.938873767852783
2002-05-27,7.938873767852783
2002-05-28,7.698300361633301
2002-05-29,7.5178680419921875
2002-05-30,7.668231964111328
2002-05-31,7.788512706756592
2002-06-03,7.848656177520752
2002-06-04,7.999016761779785
2002-06-05,8.179443359375
2002-06-06,8.029085159301758
2002-06-07,7.638156414031982
2002-06-10,7.8185882568359375
2002-06-11,7.758444786071777
2002-06-12,7.758444786071777
2002-06-13,7.968943119049072
2002-06-14,7.788512706756592
2002-06-17,7.8185882568359375
2002-06-18,7.788512706756592
2002-06-19,7.788512706756592
2002-06-20,7.728367328643799
2002-06-21,7.878730773925781
2002-06-24,7.638156414031982
2002-06-25,7.217158317565918
2002-06-26,6.7360148429870605
2002-06-27,6.28494119644165
2002-06-28,6.3450846672058105
2002-07-01,5.924079895019531
2002-07-02,5.533150672912598
2002-07-03,5.743656635284424
2002-07-04,6.074443817138672
2002-07-05,6.375155448913574
2002-07-08,6.465365886688232
2002-07-09,6.315010070800781
2002-07-10,6.074443817138672
2002-07-11,5.924079895019531
2002-07-12,6.315010070800781
2002-07-15,6.43529748916626
2002-07-16,6.375155448913574
2002-07-17,6.224799156188965
2002-07-18,6.224799156188965
2002-07-19,6.134586334228516
2002-07-22,6.014300346374512
2002-07-23,6.194723129272461
2002-07-24,6.014300346374512
2002-07-25,6.104511737823486
2002-07-26,6.315010070800781
2002-07-29,6.254867076873779
2002-07-30,6.3450846672058105
2002-07-31,6.194723129272461
2002-08-01,6.194723129272461
2002-08-02,6.134586334228516
2002-08-05,5.71358060836792
2002-08-06,5.533150672912598
2002-08-07,5.773725509643555
2002-08-08,5.5932936668396
2002-08-09,5.773725509643555
2002-08-12,5.683513164520264
2002-08-13,5.683513164520264
2002-08-14,5.924079895019531
2002-08-15,6.014300346374512
2002-08-16,6.28494119644165
2002-08-19,6.194723129272461
2002-08-20,6.104511737823486
2002-08-21,6.014300346374512
2002-08-22,6.504460334777832
2002-08-23,6.504459381103516
2002-08-26,6.464996337890625
2002-08-27,6.464996337890625
2002-08-28,6.498146057128906
2002-08-29,6.895988464355469
2002-08-30,6.630761623382568
2002-09-02,6.1666107177734375
2002-09-03,5.735610008239746
2002-09-04,5.337766170501709
2002-09-05,4.973072528839111
2002-09-06,4.973072528839111
2002-09-09,5.105687141418457
2002-09-10,5.437222957611084
2002-09-11,5.304609298706055
2002-09-12,5.304609298706055
2002-09-13,5.171994686126709
2002-09-16,5.105687141418457
2002-09-17,5.370916843414307
2002-09-18,5.1388444900512695
2002-09-19,5.105687141418457
2002-09-20,5.072536468505859
2002-09-23,4.973072528839111
2002-09-24,4.873608589172363
2002-09-25,4.54207181930542
2002-09-26,4.641536712646484
2002-09-27,4.575228214263916
2002-09-30,4.54207181930542
2002-10-01,4.442614555358887
2002-10-02,4.575228214263916
2002-10-03,4.37630033493042
2002-10-04,4.309992790222168
2002-10-07,4.243685245513916
2002-10-08,4.243685245513916
2002-10-09,4.210535526275635
2002-10-10,4.210535526275635
2002-10-11,3.9784562587738037
2002-10-14,4.044763088226318
2002-10-15,4.309992790222168
2002-10-16,4.608379364013672
2002-10-17,4.608379364013672
2002-10-18,4.906764984130859
2002-10-21,5.006222248077393
2002-10-22,4.740993499755859
2002-10-23,4.973072528839111
2002-10-24,4.973072528839111
2002-10-25,4.906764984130859
2002-10-28,4.840458393096924
2002-10-29,4.807301044464111
2002-10-30,4.740993499755859
2002-10-31,4.807301044464111
2002-11-01,4.575228214263916
2002-11-04,4.575228214263916
2002-11-05,4.575228214263916
2002-11-06,4.774150848388672
2002-11-07,4.774150848388672
2002-11-08,4.906764984130859
2002-11-11,4.740993499755859
2002-11-12,4.707842826843262
2002-11-13,4.641536712646484
2002-11-14,4.641536712646484
2002-11-15,4.774150848388672
2002-11-18,4.774150848388672
2002-11-19,4.840458393096924
2002-11-20,4.807301044464111
2002-11-21,4.641536712646484
2002-11-22,4.740993499755859
2002-11-25,4.740993499755859
2002-11-26,4.641536712646484
2002-11-27,4.442614555358887
2002-11-28,4.442614555358887
2002-11-29,4.475765228271484
2002-12-02,4.475765228271484
2002-12-03,4.774150848388672
2002-12-04,4.641536712646484
2002-12-05,4.641536712646484
2002-12-06,4.575228214263916
2002-12-09,4.575228214263916
2002-12-10,4.508921146392822
2002-12-11,4.475765228271484
2002-12-12,4.3431501388549805
2002-12-13,4.309992790222168
2002-12-16,4.309992790222168
2002-12-17,4.309992790222168
2002-12-18,4.144227981567383
2002-12-19,4.144227981567383
2002-12-20,4.177378177642822
2002-12-23,4.044763088226318
2002-12-24,4.044763088226318
2002-12-25,3.9784562587738037
2002-12-26,4.144227981567383
2002-12-27,4.1110711097717285
2002-12-30,3.9453067779541016
2002-12-31,3.9784562587738037
2003-01-01,3.9784562587738037
2003-01-02,4.044763088226318
2003-01-03,4.177378177642822
2003-01-06,4.144227981567383
2003-01-07,4.177378177642822
2003-01-08,4.243685245513916
2003-01-09,4.309992790222168
2003-01-10,4.608379364013672
2003-01-13,4.906764984130859
2003-01-14,4.774150848388672
2003-01-15,4.807301044464111
2003-01-16,4.840458393096924
2003-01-17,4.840458393096924
2003-01-20,4.707842826843262
2003-01-21,4.807301044464111
2003-01-22,4.707842826843262
2003-01-23,5.006222248077393
2003-01-24,5.2383012771606445
2003-01-27,5.370916843414307
2003-01-28,5.337766170501709
2003-01-29,5.337766170501709
2003-01-30,5.337766170501709
2003-01-31,5.337766170501709
2003-02-03,5.337766170501709
2003-02-04,5.337766170501709
2003-02-05,5.337766170501709
2003-02-06,4.973072528839111
2003-02-07,4.873608589172363
2003-02-10,4.939915180206299
2003-02-11,4.939915180206299
2003-02-12,4.873608589172363
2003-02-13,4.774150848388672
2003-02-14,4.873608589172363
2003-02-17,5.105687141418457
2003-02-18,4.939915180206299
2003-02-19,4.973072528839111
2003-02-20,4.939915180206299
2003-02-21,4.807301044464111
2003-02-24,4.740993499755859
2003-02-25,4.575228214263916
2003-02-26,4.508921146392822
2003-02-27,4.442614555358887
2003-02-28,4.442614555358887
2003-03-03,4.54207181930542
2003-03-04,4.508921146392822
2003-03-05,4.210535526275635
2003-03-06,4.243685245513916
2003-03-07,4.177378177642822
2003-03-10,4.077920913696289
2003-03-11,3.9784562587738037
2003-03-12,4.1110711097717285
2003-03-13,4.243685245513916
2003-03-14,4.37630033493042
2003-03-17,4.1110711097717285
2003-03-18,4.309992790222168
2003-03-19,4.309992790222168
2003-03-20,4.3431501388549805
2003-03-21,4.309992790222168
2003-03-24,4.3431501388549805
2003-03-25,4.276843547821045
2003-03-26,4.144227981567383
2003-03-27,4.177378177642822
2003-03-28,4.177378177642822
2003-03-31,4.011613368988037
2003-04-01,4.077920913696289
2003-04-02,4.177378177642822
2003-04-03,4.243685245513916
2003-04-04,4.37630033493042
2003-04-07,4.508921146392822
2003-04-08,4.409456729888916
2003-04-09,4.475765228271484
2003-04-10,4.475765228271484
2003-04-11,4.774150848388672
2003-04-14,5.105687141418457
2003-04-15,5.105687141418457
2003-04-16,5.437222957611084
2003-04-17,5.7687668800354
2003-04-18,6.1666107177734375
2003-04-21,6.365531921386719
2003-04-22,5.934532165527344
2003-04-23,5.934532165527344
2003-04-24,5.669302463531494
2003-04-25,5.96768856048584
2003-04-28,6.133453369140625
2003-04-29,5.835073947906494
2003-04-30,5.70245885848999
2003-05-01,5.70245885848999
2003-05-02,6.100303649902344
2003-05-05,6.498146057128906
2003-05-06,6.299224853515625
2003-05-07,6.431840896606445
2003-05-08,6.1666107177734375
2003-05-09,6.067145824432373
2003-05-12,6.000837802886963
2003-05-13,6.100303649902344
2003-05-14,6.431840896606445
2003-05-15,6.266067028045654
2003-05-16,5.96768856048584
2003-05-19,5.90138053894043
2003-05-20,5.835073947906494
2003-05-21,5.90138053894043
2003-05-22,6.033997058868408
2003-05-23,6.133453369140625
2003-05-26,6.299224853515625
2003-05-27,6.299224853515625
2003-05-28,6.564454555511475
2003-05-29,6.299224853515625
2003-05-30,6.365531921386719
2003-06-02,6.431840896606445
2003-06-03,6.564454555511475
2003-06-04,6.564454555511475
2003-06-05,6.995455741882324
2003-06-06,7.326992034912109
2003-06-09,7.293840408325195
2003-06-10,7.293840408325195
2003-06-11,6.9622979164123535
2003-06-12,6.697067737579346
2003-06-13,6.82968282699585
2003-06-16,6.82968282699585
2003-06-17,6.82968282699585
2003-06-18,7.293840408325195
2003-06-19,7.791147232055664
2003-06-20,8.321606636047363
2003-06-23,8.619993209838867
2003-06-24,9.216758728027344
2003-06-25,8.885223388671875
2003-06-26,8.288456916809082
2003-06-27,8.586835861206055
2003-06-30,9.183608055114746
2003-07-01,9.813530921936035
2003-07-02,10.343989372253418
2003-07-03,9.912988662719727
2003-07-04,10.211374282836914
2003-07-07,10.874455451965332
2003-07-08,10.741833686828613
2003-07-09,10.476603507995605
2003-07-10,9.946145057678223
2003-07-11,10.211374282836914
2003-07-14,10.078760147094727
2003-07-15,9.614602088928223
2003-07-16,9.780372619628906
2003-07-17,9.879839897155762
2003-07-18,9.780372619628906
2003-07-21,9.117301940917969
2003-07-22,8.984679222106934
2003-07-23,8.918379783630371
2003-07-24,8.984679222106934
2003-07-25,9.084144592285156
2003-07-28,8.45422077178955
2003-07-29,8.520530700683594
2003-07-30,8.619993209838867
2003-07-31,8.619993209838867
2003-08-01,8.719449043273926
2003-08-04,8.719449043273926
2003-08-05,8.421072006225586
2003-08-06,8.02322006225586
2003-08-07,7.824298858642578
2003-08-08,7.757991790771484
2003-08-11,7.293840408325195
2003-08-12,7.658535003662109
2003-08-13,8.188992500305176
2003-08-14,7.890606880187988
2003-08-15,7.857455253601074
2003-08-18,7.890606880187988
2003-08-19,7.890606880187988
2003-08-20,7.923763275146484
2003-08-21,8.188992500305176
2003-08-22,7.9900689125061035
2003-08-25,7.857455253601074
2003-08-26,7.393299102783203
2003-08-27,7.3601484298706055
2003-08-28,7.16122579574585
2003-08-29,7.492763042449951
2003-09-01,7.326992034912109
2003-09-02,7.326992034912109
2003-09-03,7.492763042449951
2003-09-04,7.293840408325195
2003-09-05,7.260683536529541
2003-09-08,7.194375514984131
2003-09-09,7.194375514984131
2003-09-10,6.929147720336914
2003-09-11,6.929147720336914
2003-09-12,7.028604984283447
2003-09-15,7.094918727874756
2003-09-16,7.393299102783203
2003-09-17,7.426455497741699
2003-09-18,7.923763275146484
2003-09-19,8.188992500305176
2003-09-22,7.890606880187988
2003-09-23,8.421072006225586
2003-09-24,8.48737907409668
2003-09-25,8.222142219543457
2003-09-26,7.890606880187988
2003-09-29,7.757991790771484
2003-09-30,7.890606880187988
2003-10-01,7.791147232055664
2003-10-02,7.956912994384766
2003-10-03,7.890606880187988
2003-10-06,7.757991790771484
2003-10-07,8.122685432434082
2003-10-08,8.02322006225586
2003-10-09,8.056378364562988
2003-10-10,8.056378364562988
2003-10-13,7.857455253601074
2003-10-14,7.824298858642578
2003-10-15,8.056378364562988
2003-10-16,8.288456916809082
2003-10-17,8.288456916809082
2003-10-20,8.222142219543457
2003-10-21,8.15583610534668
2003-10-22,7.9900689125061035
2003-10-23,7.890606880187988
2003-10-24,7.890606880187988
2003-10-27,7.923763275146484
2003-10-28,7.890606880187988
2003-10-29,7.857455253601074
2003-10-30,7.923763275146484
2003-10-31,7.824298858642578
2003-11-03,7.890606880187988
2003-11-04,7.9900689125061035
2003-11-05,8.387913703918457
2003-11-06,8.520530700683594
2003-11-07,9.084144592285156
2003-11-10,8.885223388671875
2003-11-11,9.415678977966309
2003-11-12,9.349372863769531
2003-11-13,9.515145301818848
2003-11-14,9.283065795898438
2003-11-17,8.885223388671875
2003-11-18,8.852065086364746
2003-11-19,8.55368709564209
2003-11-20,8.48737907409668
2003-11-21,9.050992965698242
2003-11-24,9.249917984008789
2003-11-25,8.984679222106934
2003-11-26,9.084144592285156
2003-11-27,9.283065795898438
2003-11-28,9.183608055114746
2003-12-01,9.415678977966309
2003-12-02,9.481987953186035
2003-12-03,9.349372863769531
2003-12-04,9.216758728027344
2003-12-05,9.415678977966309
2003-12-08,9.415678977966309
2003-12-09,9.283065795898438
2003-12-10,9.283065795898438
2003-12-11,9.150452613830566
2003-12-12,9.283065795898438
2003-12-15,9.647759437561035
2003-12-16,9.912988662719727
2003-12-17,9.747223854064941
2003-12-18,10.078760147094727
2003-12-19,10.078760147094727
2003-12-22,9.714068412780762
2003-12-23,9.84668254852295
2003-12-24,9.747223854064941
2003-12-25,9.382530212402344
2003-12-26,9.548294067382812
2003-12-29,9.481987953186035
2003-12-30,9.481987953186035
2003-12-31,9.813530921936035
2004-01-01,9.813530921936035
2004-01-02,9.912988662719727
2004-01-05,9.946145057678223
2004-01-06,9.747223854064941
2004-01-07,9.747223854064941
2004-01-08,9.714068412780762
2004-01-09,9.84668254852295
2004-01-12,9.680916786193848
2004-01-13,9.813530921936035
2004-01-14,9.813530921936035
2004-01-15,9.481987953186035
2004-01-16,9.283065795898438
2004-01-19,9.283065795898438
2004-01-20,9.283065795898438
2004-01-21,9.283065795898438
2004-01-22,9.283065795898438
2004-01-23,9.283065795898438
2004-01-26,9.283065795898438
2004-01-27,9.581449508666992
2004-01-28,9.747223854064941
2004-01-29,9.747223854064941
2004-01-30,9.647759437561035
2004-02-02,9.515145301818848
2004-02-03,9.415678977966309
2004-02-04,9.283065795898438
2004-02-05,9.382530212402344
2004-02-06,9.349372863769531
2004-02-09,9.515145301818848
2004-02-10,9.780372619628906
2004-02-11,9.349372863769531
2004-02-12,9.382530212402344
2004-02-13,9.415678977966309
2004-02-16,9.415678977966309
2004-02-17,9.316224098205566
2004-02-18,9.349372863769531
2004-02-19,9.614602088928223
2004-02-20,9.614602088928223
2004-02-23,9.946145057678223
2004-02-24,10.277681350708008
2004-02-25,10.277681350708008
2004-02-26,10.343989372253418
2004-02-27,10.476603507995605
2004-03-01,10.078760147094727
2004-03-02,10.211374282836914
2004-03-03,10.078760147094727
2004-03-04,10.741833686828613
2004-03-05,11.139683723449707
2004-03-08,10.94076156616211
2004-03-09,10.94076156616211
2004-03-10,11.139683723449707
2004-03-11,11.139683723449707
2004-03-12,10.94076156616211
2004-03-15,10.277681350708008
2004-03-16,10.277681350708008
2004-03-17,10.277681350708008
2004-03-18,10.476603507995605
2004-03-19,10.078760147094727
2004-03-22,9.382530212402344
2004-03-23,8.752608299255371
2004-03-24,8.55368709564209
2004-03-25,8.752608299255371
2004-03-26,8.818914413452148
2004-03-29,9.415678977966309
2004-03-30,9.747223854064941
2004-03-31,9.647759437561035
2004-04-01,9.647759437561035
2004-04-02,9.780372619628906
2004-04-05,10.410295486450195
2004-04-06,10.277681350708008
2004-04-07,10.277681350708008
2004-04-08,10.277681350708008
2004-04-09,10.01245403289795
2004-04-12,10.60921859741211
2004-04-13,11.272296905517578
2004-04-14,12.001675605773926
2004-04-15,11.60383415222168
2004-04-16,11.736448287963867
2004-04-19,11.00706958770752
2004-04-20,11.073376655578613
2004-04-21,11.338605880737305
2004-04-22,11.073376655578613
2004-04-23,10.80813980102539
2004-04-26,10.343989372253418
2004-04-27,10.14506721496582
2004-04-28,9.747223854064941
2004-04-29,10.01245403289795
2004-04-30,9.415678977966309
2004-05-03,9.283065795898438
2004-05-04,9.515145301818848
2004-05-05,8.852065086364746
2004-05-06,8.852065086364746
2004-05-07,8.984679222106934
2004-05-10,8.45422077178955
2004-05-11,8.719449043273926
2004-05-12,8.852065086364746
2004-05-13,8.619993209838867
2004-05-14,8.55368709564209
2004-05-17,7.956912994384766
2004-05-18,7.724841117858887
2004-05-19,8.25529956817627
2004-05-20,7.9900689125061035
2004-05-21,8.45422077178955
2004-05-24,8.586835861206055
2004-05-25,8.653144836425781
2004-05-26,8.752608299255371
2004-05-27,8.752608299255371
2004-05-28,8.918379783630371
2004-05-31,8.55368709564209
2004-06-01,9.150452613830566
2004-06-02,9.150452613830566
2004-06-03,8.951530456542969
2004-06-04,9.548294067382812
2004-06-07,9.912988662719727
2004-06-08,9.912988662719727
2004-06-09,9.780372619628906
2004-06-10,9.117301940917969
2004-06-11,8.818914413452148
2004-06-14,8.288456916809082
2004-06-15,8.55368709564209
2004-06-16,8.288456916809082
2004-06-17,8.852065086364746
2004-06-18,8.918379783630371
2004-06-21,9.017837524414062
2004-06-22,9.017837524414062
2004-06-23,9.216758728027344
2004-06-24,9.548294067382812
2004-06-25,9.349372863769531
2004-06-28,9.084144592285156
2004-06-29,9.548294067382812
2004-06-30,9.415678977966309
2004-07-01,9.349372863769531
2004-07-02,9.150452613830566
2004-07-05,8.951530456542969
2004-07-06,9.183608055114746
2004-07-07,9.515145301818848
2004-07-08,9.283065795898438
2004-07-09,9.481987953186035
2004-07-12,9.481987953186035
2004-07-13,9.581449508666992
2004-07-14,9.382530212402344
2004-07-15,9.216758728027344
2004-07-16,9.084144592285156
2004-07-19,8.918379783630371
2004-07-20,8.48737907409668
2004-07-21,8.852065086364746
2004-07-22,8.951530456542969
2004-07-23,9.017837524414062
2004-07-26,8.885223388671875
2004-07-27,9.150452613830566
2004-07-28,9.017837524414062
2004-07-29,9.050992965698242
2004-07-30,9.050992965698242
2004-08-02,9.050992965698242
2004-08-03,8.918379783630371
2004-08-04,8.752608299255371
2004-08-05,9.349372863769531
2004-08-06,9.216758728027344
2004-08-09,9.283065795898438
2004-08-10,9.448837280273438
2004-08-11,9.349372863769531
2004-08-12,9.382530212402344
2004-08-13,9.316224098205566
2004-08-16,9.349372863769531
2004-08-17,9.481987953186035
2004-08-18,9.946145057678223
2004-08-19,9.912988662719727
2004-08-20,9.680916786193848
2004-08-23,9.680916786193848
2004-08-24,9.680916786193848
2004-08-25,9.680916786193848
2004-08-26,9.946145057678223
2004-08-27,10.211374282836914
2004-08-30,9.946145057678223
2004-08-31,9.614602088928223
2004-09-01,9.780372619628906
2004-09-02,9.946145057678223
2004-09-03,9.647759437561035
2004-09-06,10.01245403289795
2004-09-07,9.879839897155762
2004-09-08,9.879839897155762
2004-09-09,10.078760147094727
2004-09-10,10.14506721496582
2004-09-13,10.211374282836914
2004-09-14,10.01245403289795
2004-09-15,9.879839897155762
2004-09-16,9.946145057678223
2004-09-17,9.780372619628906
2004-09-20,9.216758728027344
2004-09-21,9.382530212402344
2004-09-22,9.481987953186035
2004-09-23,9.415678977966309
2004-09-24,9.283065795898438
2004-09-27,9.150452613830566
2004-09-28,9.150452613830566
2004-09-29,9.150452613830566
2004-09-30,9.216758728027344
2004-10-01,9.216758728027344
2004-10-04,9.481987953186035
2004-10-05,9.647759437561035
2004-10-06,9.614602088928223
2004-10-07,9.680916786193848
2004-10-08,9.548294067382812
2004-10-11,9.448837280273438
2004-10-12,9.316224098205566
2004-10-13,9.382530212402344
2004-10-14,9.382530212402344
2004-10-15,9.515145301818848
2004-10-18,9.515145301818848
2004-10-19,9.515145301818848
2004-10-20,9.382530212402344
2004-10-21,9.481987953186035
2004-10-22,9.548294067382812
2004-10-25,9.548294067382812
2004-10-26,9.349372863769531
2004-10-27,9.183608055114746
2004-10-28,9.382530212402344
2004-10-29,9.647759437561035
2004-11-01,9.349372863769531
2004-11-02,9.680916786193848
2004-11-03,9.780372619628906
2004-11-04,9.84668254852295
2004-11-05,9.780372619628906
2004-11-08,9.614602088928223
2004-11-09,9.647759437561035
2004-11-10,10.01245403289795
2004-11-11,9.912988662719727
2004-11-12,9.912988662719727
2004-11-15,9.747223854064941
2004-11-16,9.680916786193848
2004-11-17,9.946145057678223
2004-11-18,9.912988662719727
2004-11-19,9.879839897155762
2004-11-22,9.879839897155762
2004-11-23,9.780372619628906
2004-11-24,9.614602088928223
2004-11-25,9.481987953186035
2004-11-26,9.283065795898438
2004-11-29,9.216758728027344
2004-11-30,9.084144592285156
2004-12-01,9.183608055114746
2004-12-02,9.117301940917969
2004-12-03,9.084144592285156
2004-12-06,9.249917984008789
2004-12-07,9.150452613830566
2004-12-08,9.216758728027344
2004-12-09,9.183608055114746
2004-12-10,9.183608055114746
2004-12-13,9.249917984008789
2004-12-14,9.283065795898438
2004-12-15,9.349372863769531
2004-12-16,9.382530212402344
2004-12-17,9.316224098205566
2004-12-20,9.117301940917969
2004-12-21,9.183608055114746
2004-12-22,9.150452613830566
2004-12-23,9.084144592285156
2004-12-24,9.481987953186035
2004-12-27,9.316224098205566
2004-12-28,9.349372863769531
2004-12-29,9.415678977966309
2004-12-30,9.316224098205566
2004-12-31,9.349372863769531
2005-01-03,9.415678977966309
2005-01-04,9.283065795898438
2005-01-05,9.283065795898438
2005-01-06,9.150452613830566
2005-01-07,9.017837524414062
2005-01-10,8.984679222106934
2005-01-11,9.084144592285156
2005-01-12,9.017837524414062
2005-01-13,8.752608299255371
2005-01-14,8.586835861206055
2005-01-17,8.686301231384277
2005-01-18,8.586835861206055
2005-01-19,8.55368709564209
2005-01-20,8.586835861206055
2005-01-21,8.586835861206055
2005-01-24,8.421072006225586
2005-01-25,8.421072006225586
2005-01-26,8.48737907409668
2005-01-27,8.48737907409668
2005-01-28,8.619993209838867
2005-01-31,8.719449043273926
2005-02-01,8.818914413452148
2005-02-02,8.852065086364746
2005-02-03,8.818914413452148
2005-02-04,8.818914413452148
2005-02-07,8.818914413452148
2005-02-08,8.818914413452148
2005-02-09,8.818914413452148
2005-02-10,8.818914413452148
2005-02-11,8.818914413452148
2005-02-14,9.150452613830566
2005-02-15,9.050992965698242
2005-02-16,9.316224098205566
2005-02-17,9.050992965698242
2005-02-18,9.316224098205566
2005-02-21,9.448837280273438
2005-02-22,9.216758728027344
2005-02-23,9.249917984008789
2005-02-24,9.117301940917969
2005-02-25,9.249917984008789
2005-02-28,9.249917984008789
2005-03-01,9.117301940917969
2005-03-02,9.017837524414062
2005-03-03,9.050992965698242
2005-03-04,9.050992965698242
2005-03-07,9.017837524414062
2005-03-08,9.017837524414062
2005-03-09,9.050992965698242
2005-03-10,9.216758728027344
2005-03-11,9.183608055114746
2005-03-14,8.984679222106934
2005-03-15,8.785757064819336
2005-03-16,8.785757064819336
2005-03-17,8.686301231384277
2005-03-18,8.686301231384277
2005-03-21,8.586835861206055
2005-03-22,8.951530456542969
2005-03-23,8.752608299255371
2005-03-24,8.785757064819336
2005-03-25,8.719449043273926
2005-03-28,8.785757064819336
2005-03-29,8.55368709564209
2005-03-30,8.586835861206055
2005-03-31,9.183608055114746
2005-04-01,9.680916786193848
2005-04-04,9.481987953186035
2005-04-05,9.481987953186035
2005-04-06,9.780372619628906
2005-04-07,9.614602088928223
2005-04-08,9.946145057678223
2005-04-11,9.979294776916504
2005-04-12,9.780372619628906
2005-04-13,9.680916786193848
2005-04-14,9.415678977966309
2005-04-15,9.515145301818848
2005-04-18,9.084144592285156
2005-04-19,9.117301940917969
2005-04-20,8.619993209838867
2005-04-21,8.951530456542969
2005-04-22,8.885223388671875
2005-04-25,8.818914413452148
2005-04-26,8.951530456542969
2005-04-27,8.785757064819336
2005-04-28,8.752608299255371
2005-04-29,8.25529956817627
2005-05-02,8.25529956817627
2005-05-03,8.02322006225586
2005-05-04,8.056378364562988
2005-05-05,8.222142219543457
2005-05-06,8.354757308959961
2005-05-09,8.354757308959961
2005-05-10,8.188992500305176
2005-05-11,8.02322006225586
2005-05-12,8.188992500305176
2005-05-13,8.222142219543457
2005-05-16,8.122685432434082
2005-05-17,8.02322006225586
2005-05-18,8.056378364562988
2005-05-19,8.354757308959961
2005-05-20,8.288456916809082
2005-05-23,8.15583610534668
2005-05-24,8.222142219543457
2005-05-25,8.222142219543457
2005-05-26,8.785757064819336
2005-05-27,9.283065795898438
2005-05-30,9.249917984008789
2005-05-31,9.382530212402344
2005-06-01,9.614602088928223
2005-06-02,9.680916786193848
2005-06-03,10.045601844787598
2005-06-06,10.11191177368164
2005-06-07,9.912988662719727
2005-06-08,9.979294776916504
2005-06-09,9.614602088928223
2005-06-10,9.912988662719727
2005-06-13,9.946145057678223
2005-06-14,9.714068412780762
2005-06-15,9.813530921936035
2005-06-16,9.912988662719727
2005-06-17,9.714068412780762
2005-06-20,9.946145057678223
2005-06-21,10.078760147094727
2005-06-22,10.211374282836914
2005-06-23,10.443452835083008
2005-06-24,10.310837745666504
2005-06-27,10.410295486450195
2005-06-28,10.244531631469727
2005-06-29,10.343989372253418
2005-06-30,10.410295486450195
2005-07-01,10.476603507995605
2005-07-04,10.410295486450195
2005-07-05,10.675525665283203
2005-07-06,10.90760326385498
2005-07-07,10.90760326385498
2005-07-08,10.741833686828613
2005-07-11,11.0402193069458
2005-07-12,11.139683723449707
2005-07-13,11.338605880737305
2005-07-14,11.37175464630127
2005-07-15,11.504375457763672
2005-07-18,11.504375457763672
2005-07-19,11.703298568725586
2005-07-20,11.471220016479492
2005-07-21,11.404911994934082
2005-07-22,10.80813980102539
2005-07-25,10.90760326385498
2005-07-26,10.642375946044922
2005-07-27,10.476603507995605
2005-07-28,10.80813980102539
2005-07-29,10.60921859741211
2005-08-01,10.642375946044922
2005-08-02,11.576910972595215
2005-08-03,11.72726058959961
2005-08-04,11.61449909210205
2005-08-05,11.61449909210205
2005-08-08,12.103135108947754
2005-08-09,12.93005657196045
2005-08-10,13.343518257141113
2005-08-11,13.193171501159668
2005-08-12,13.343518257141113
2005-08-15,12.89246940612793
2005-08-16,12.93005657196045
2005-08-17,13.193171501159668
2005-08-18,13.193171501159668
2005-08-19,12.93005657196045
2005-08-22,13.005232810974121
2005-08-23,12.817294120788574
2005-08-24,12.666946411132812
2005-08-25,12.366247177124023
2005-08-26,12.704533576965332
2005-08-29,12.328660011291504
2005-08-30,12.178309440612793
2005-08-31,12.554183006286621
2005-09-01,12.554183006286621
2005-09-02,12.666946411132812
2005-09-05,12.591772079467773
2005-09-06,12.629359245300293
2005-09-07,12.554183006286621
2005-09-08,12.479009628295898
2005-09-09,12.89246940612793
2005-09-12,12.89246940612793
2005-09-13,12.666946411132812
2005-09-14,12.441421508789062
2005-09-15,12.479009628295898
2005-09-16,12.253483772277832
2005-09-19,12.291071891784668
2005-09-20,12.779708862304688
2005-09-21,12.479009628295898
2005-09-22,12.516596794128418
2005-09-23,12.328660011291504
2005-09-26,12.328660011291504
2005-09-27,12.291071891784668
2005-09-28,12.291071891784668
2005-09-29,12.779708862304688
2005-09-30,12.779708862304688
2005-10-03,13.005232810974121
2005-10-04,13.042819023132324
2005-10-05,12.93005657196045
2005-10-06,12.93005657196045
2005-10-07,12.779708862304688
2005-10-10,12.779708862304688
2005-10-11,12.479009628295898
2005-10-12,12.328660011291504
2005-10-13,12.215896606445312
2005-10-14,12.441421508789062
2005-10-17,11.802436828613281
2005-10-18,11.65208625793457
2005-10-19,11.276213645935059
2005-10-20,11.388975143432617
2005-10-21,11.501737594604492
2005-10-24,11.351388931274414
2005-10-25,11.276213645935059
2005-10-26,10.74998950958252
2005-10-27,10.411703109741211
2005-10-28,10.524463653564453
2005-10-31,11.238626480102539
2005-11-01,11.16344928741455
2005-11-02,11.238626480102539
2005-11-03,11.16344928741455
2005-11-04,11.16344928741455
2005-11-07,10.900339126586914
2005-11-08,11.050687789916992
2005-11-09,11.313802719116211
2005-11-10,11.313802719116211
2005-11-11,11.388975143432617
2005-11-14,11.42656135559082
2005-11-15,11.125863075256348
2005-11-16,11.276213645935059
2005-11-17,11.276213645935059
2005-11-18,11.501737594604492
2005-11-21,11.351388931274414
2005-11-22,11.539322853088379
2005-11-23,11.42656135559082
2005-11-24,11.313802719116211
2005-11-25,11.313802719116211
2005-11-28,11.689674377441406
2005-11-29,12.14072322845459
2005-11-30,12.441421508789062
2005-12-01,12.328660011291504
2005-12-02,12.403833389282227
2005-12-05,13.042819023132324
2005-12-06,12.854883193969727
2005-12-07,12.704533576965332
2005-12-08,12.779708862304688
2005-12-09,13.005232810974121
2005-12-12,13.230755805969238
2005-12-13,13.305931091308594
2005-12-14,13.343518257141113
2005-12-15,13.230755805969238
2005-12-16,13.756978034973145
2005-12-19,13.756978034973145
2005-12-20,13.719390869140625
2005-12-21,13.64421558380127
2005-12-22,13.268343925476074
2005-12-23,13.681804656982422
2005-12-26,13.531455039978027
2005-12-27,13.531455039978027
2005-12-28,13.681804656982422
2005-12-29,13.60662841796875
2005-12-30,13.456278800964355
2006-01-02,12.854883193969727
2006-01-03,13.60662841796875
2006-01-04,13.268343925476074
2006-01-05,13.681804656982422
2006-01-06,14.320789337158203
2006-01-09,15.185297012329102
2006-01-10,14.809428215026855
2006-01-11,14.809428215026855
2006-01-12,14.057680130004883
2006-01-13,14.170442581176758
2006-01-16,14.24561595916748
2006-01-17,14.057680130004883
2006-01-18,13.681804656982422
2006-01-19,13.681804656982422
2006-01-20,13.531455039978027
2006-01-23,12.817294120788574
2006-01-24,13.343518257141113
2006-01-25,13.305931091308594
2006-02-03,13.418691635131836
2006-02-06,14.283203125
2006-02-07,14.170442581176758
2006-02-08,13.756978034973145
2006-02-09,13.8321533203125
2006-02-10,13.907330513000488
2006-02-13,13.794564247131348
2006-02-14,14.132852554321289
2006-02-15,13.907330513000488
2006-02-16,14.395965576171875
2006-02-17,14.546313285827637
2006-02-20,14.433551788330078
2006-02-21,14.358377456665039
2006-02-22,13.982502937316895
2006-02-23,14.020092010498047
2006-02-24,14.020092010498047
2006-02-27,14.170442581176758
2006-03-01,14.471138954162598
2006-03-02,14.283203125
2006-03-03,13.8321533203125
2006-03-06,14.132852554321289
2006-03-07,13.907330513000488
2006-03-08,13.756978034973145
2006-03-09,13.982502937316895
2006-03-10,13.907330513000488
2006-03-13,14.358377456665039
2006-03-14,14.170442581176758
2006-03-15,14.170442581176758
2006-03-16,14.095267295837402
2006-03-17,14.057680130004883
2006-03-20,14.132852554321289
2006-03-21,14.208026885986328
2006-03-22,13.982502937316895
2006-03-23,13.907330513000488
2006-03-24,13.794564247131348
2006-03-27,14.020092010498047
2006-03-28,13.944915771484375
2006-03-29,13.869738578796387
2006-03-30,14.057680130004883
2006-03-31,14.095267295837402
2006-04-03,14.283203125
2006-04-04,14.057680130004883
2006-04-06,14.471138954162598
2006-04-07,14.621490478515625
2006-04-10,14.471138954162598
2006-04-11,14.471138954162598
2006-04-12,15.410823822021484
2006-04-13,16.087400436401367
2006-04-14,15.974637031555176
2006-04-17,16.613616943359375
2006-04-18,16.200159072875977
2006-04-19,16.53844451904297
2006-04-20,16.388093948364258
2006-04-21,16.425683975219727
2006-04-24,16.801557540893555
2006-04-25,16.087400436401367
2006-04-26,16.5008544921875
2006-04-27,15.824285507202148
2006-04-28,16.23774528503418
2006-05-02,15.711524963378906
2006-05-03,16.688793182373047
2006-05-04,17.290189743041992
2006-05-05,17.139842987060547
2006-05-08,17.47812843322754
2006-05-09,17.816417694091797
2006-05-10,17.36536979675293
2006-05-11,17.666065216064453
2006-05-12,17.440540313720703
2006-05-15,17.290189743041992
2006-05-16,17.290189743041992
2006-05-17,17.515718460083008
2006-05-18,17.177433013916016
2006-05-19,17.290189743041992
2006-05-22,17.4029541015625
2006-05-23,17.77882957458496
2006-05-24,17.290189743041992
2006-05-25,17.177433013916016
2006-05-26,16.23774528503418
2006-05-29,16.388093948364258
2006-05-30,16.53844451904297
2006-06-01,16.763967514038086
2006-06-02,16.46327018737793
2006-06-05,15.335648536682129
2006-06-06,15.110124588012695
2006-06-07,14.847013473510742
2006-06-08,13.8321533203125
2006-06-09,14.583902359008789
2006-06-12,14.395965576171875
2006-06-13,14.132852554321289
2006-06-14,14.433551788330078
2006-06-15,14.057680130004883
2006-06-16,14.320789337158203
2006-06-19,14.132852554321289
2006-06-20,13.756978034973145
2006-06-21,13.305931091308594
2006-06-22,14.057680130004883
2006-06-23,13.8321533203125
2006-06-26,14.283203125
2006-06-27,14.170442581176758
2006-06-28,14.358377456665039
2006-06-29,14.508723258972168
2006-06-30,15.149996757507324
2006-07-03,14.989681243896484
2006-07-04,15.190077781677246
2006-07-05,14.90951919555664
2006-07-06,14.949600219726562
2006-07-07,15.149996757507324
2006-07-10,15.430550575256348
2006-07-11,15.510708808898926
2006-07-12,15.430550575256348
2006-07-13,15.390471458435059
2006-07-14,15.350395202636719
2006-07-17,14.949600219726562
2006-07-18,15.190077781677246
2006-07-19,15.069836616516113
2006-07-20,15.390471458435059
2006-07-21,15.350395202636719
2006-07-24,15.230156898498535
2006-07-25,15.270234107971191
2006-07-26,15.350395202636719
2006-07-27,15.711106300354004
2006-07-28,16.151979446411133
2006-07-31,16.432537078857422
2006-08-01,16.432537078857422
2006-08-02,16.632930755615234
2006-08-03,16.352378845214844
2006-08-04,16.19205665588379
2006-08-07,16.071821212768555
2006-08-08,16.352378845214844
2006-08-09,16.753171920776367
2006-08-10,16.632930755615234
2006-08-11,16.432537078857422
2006-08-14,16.592853546142578
2006-08-15,16.873411178588867
2006-08-16,16.632930755615234
2006-08-17,16.713090896606445
2006-08-18,16.753171920776367
2006-08-21,15.711106300354004
2006-08-22,16.19205665588379
2006-08-23,16.031742095947266
2006-08-24,16.352378845214844
2006-08-25,16.19205665588379
2006-08-28,15.791268348693848
2006-08-29,15.991663932800293
2006-08-30,16.11189842224121
2006-08-31,16.071821212768555
2006-09-01,16.11189842224121
2006-09-04,16.632930755615234
2006-09-05,16.352378845214844
2006-09-06,16.11189842224121
2006-09-07,16.11189842224121
2006-09-08,16.151979446411133
2006-09-11,16.352378845214844
2006-09-12,16.031742095947266
2006-09-13,15.951581954956055
2006-09-14,15.350395202636719
2006-09-15,15.630948066711426
2006-09-18,16.232141494750977
2006-09-19,16.11189842224121
2006-09-20,16.272220611572266
2006-09-21,16.19205665588379
2006-09-22,16.312297821044922
2006-09-25,16.673015594482422
2006-09-26,16.392457962036133
2006-09-27,16.272220611572266
2006-09-28,16.151979446411133
2006-09-29,16.19205665588379
2006-10-02,16.232141494750977
2006-10-03,16.19205665588379
2006-10-04,15.951581954956055
2006-10-05,16.232141494750977
2006-10-09,16.232141494750977
2006-10-11,16.272220611572266
2006-10-12,16.232141494750977
2006-10-13,16.432537078857422
2006-10-16,16.432537078857422
2006-10-17,16.272220611572266
2006-10-18,16.11189842224121
2006-10-19,16.11189842224121
2006-10-20,16.5126953125
2006-10-23,16.392457962036133
2006-10-24,16.472620010375977
2006-10-25,16.472620010375977
2006-10-26,16.913484573364258
2006-10-27,16.673015594482422
2006-10-30,16.592853546142578
2006-10-31,16.632930755615234
2006-11-01,16.592853546142578
2006-11-02,16.432537078857422
2006-11-03,16.432537078857422
2006-11-06,16.151979446411133
2006-11-07,16.392457962036133
2006-11-08,16.432537078857422
2006-11-09,16.312297821044922
2006-11-10,16.352378845214844
2006-11-13,16.312297821044922
2006-11-14,16.5126953125
2006-11-15,16.833328247070312
2006-11-16,16.873411178588867
2006-11-17,17.07380485534668
2006-11-20,17.514678955078125
2006-11-21,17.274202346801758
2006-11-22,17.795230865478516
2006-11-23,17.434518814086914
2006-11-24,17.594833374023438
2006-11-27,18.155948638916016
2006-11-28,18.43650245666504
2006-11-29,18.636899948120117
2006-11-30,18.596820831298828
2006-12-01,18.717060089111328
2006-12-04,19.35833168029785
2006-12-05,18.837295532226562
2006-12-06,18.997615814208984
2006-12-07,18.596820831298828
2006-12-08,18.55674171447754
2006-12-11,18.757139205932617
2006-12-12,18.596820831298828
2006-12-13,18.636899948120117
2006-12-14,18.636899948120117
2006-12-15,18.43650245666504
2006-12-18,18.316267013549805
2006-12-19,18.396425247192383
2006-12-20,18.396425247192383
2006-12-21,18.35634422302246
2006-12-22,18.43650245666504
2006-12-25,18.877378463745117
2006-12-26,18.797222137451172
2006-12-27,18.51666259765625
2006-12-28,18.43650245666504
2006-12-29,18.51666259765625
2007-01-02,18.476585388183594
2007-01-03,18.115867614746094
2007-01-04,18.115867614746094
2007-01-05,18.115867614746094
2007-01-08,18.115867614746094
2007-01-09,18.636899948120117
2007-01-10,19.03769302368164
2007-01-11,18.596820831298828
2007-01-12,18.997615814208984
2007-01-15,19.71904182434082
2007-01-16,20.841262817382812
2007-01-17,21.88332748413086
2007-01-18,23.406343460083008
2007-01-19,23.24602508544922
2007-01-22,22.965471267700195
2007-01-23,22.444440841674805
2007-01-24,22.364282608032227
2007-01-25,22.604759216308594
2007-01-26,22.203962326049805
2007-01-29,22.203962326049805
2007-01-30,22.48452377319336
2007-01-31,22.324203491210938
2007-02-01,21.322216033935547
2007-02-02,21.482532501220703
2007-02-05,21.602771759033203
2007-02-06,22.965471267700195
2007-02-07,22.444440841674805
2007-02-08,22.765073776245117
2007-02-09,22.965471267700195
2007-02-12,23.286104202270508
2007-02-13,23.085708618164062
2007-02-14,22.845230102539062
2007-02-26,23.286104202270508
2007-02-27,23.286104202270508
2007-03-01,23.32618522644043
2007-03-02,23.24602508544922
2007-03-05,21.322216033935547
2007-03-06,21.642852783203125
2007-03-07,21.843250274658203
2007-03-08,22.284122467041016
2007-03-09,22.604759216308594
2007-03-12,22.444440841674805
2007-03-13,22.00356674194336
2007-03-14,22.284122467041016
2007-03-15,23.24602508544922
2007-03-16,22.845230102539062
2007-03-19,22.604759216308594
2007-03-20,22.524600982666016
2007-03-21,22.48452377319336
2007-03-22,22.56467628479004
2007-03-23,22.885311126708984
2007-03-26,23.005552291870117
2007-03-27,22.444440841674805
2007-03-28,22.324203491210938
2007-03-29,22.48452377319336
2007-03-30,22.364282608032227
2007-04-02,22.364282608032227
2007-04-03,22.364282608032227
2007-04-04,22.404361724853516
2007-04-09,22.765073776245117
2007-04-10,22.404361724853516
2007-04-11,21.92340660095215
2007-04-12,21.642852783203125
2007-04-13,21.36229705810547
2007-04-16,21.482532501220703
2007-04-17,20.92142677307129
2007-04-18,21.121822357177734
2007-04-19,20.400392532348633
2007-04-20,20.961502075195312
2007-04-23,21.121822357177734
2007-04-24,21.16189956665039
2007-04-25,21.16189956665039
2007-04-26,21.482532501220703
2007-04-27,21.121822357177734
2007-04-30,20.560707092285156
2007-05-02,19.35833168029785
2007-05-03,18.837295532226562
2007-05-04,19.198013305664062
2007-05-07,18.837295532226562
2007-05-08,18.997615814208984
2007-05-09,19.518646240234375
2007-05-10,19.238088607788086
2007-05-11,18.997615814208984
2007-05-14,19.03769302368164
2007-05-15,18.957536697387695
2007-05-16,18.757139205932617
2007-05-17,18.877378463745117
2007-05-18,19.198013305664062
2007-05-21,19.15793228149414
2007-05-22,18.917455673217773
2007-05-23,19.15793228149414
2007-05-24,18.957536697387695
2007-05-25,19.43848991394043
2007-05-28,19.35833168029785
2007-05-29,19.238088607788086
2007-05-30,19.077770233154297
2007-05-31,20.400392532348633
2007-06-01,20.841262817382812
2007-06-04,20.761104583740234
2007-06-05,20.560707092285156
2007-06-06,19.839279174804688
2007-06-07,20.079757690429688
2007-06-08,19.87936019897461
2007-06-11,20.2801570892334
2007-06-12,20.1599178314209
2007-06-13,19.87936019897461
2007-06-14,19.71904182434082
2007-06-15,19.638883590698242
2007-06-20,19.27817153930664
2007-06-21,19.71904182434082
2007-06-22,20.079757690429688
2007-06-25,20.199996948242188
2007-06-26,20.320232391357422
2007-06-27,20.44046974182129
2007-06-28,20.320232391357422
2007-06-29,20.44046974182129
2007-07-02,20.82056427001953
2007-07-03,21.158418655395508
2007-07-04,21.11618995666504
2007-07-05,21.41181755065918
2007-07-06,22.889949798583984
2007-07-09,23.312273025512695
2007-07-10,22.84771728515625
2007-07-11,23.312273025512695
2007-07-12,23.312273025512695
2007-07-13,22.636554718017578
2007-07-16,22.594324111938477
2007-07-17,22.46762466430664
2007-07-18,22.84771728515625
2007-07-19,23.523435592651367
2007-07-20,23.227807998657227
2007-07-23,22.93218231201172
2007-07-24,23.776832580566406
2007-07-25,23.396738052368164
2007-07-26,22.425392150878906
2007-07-27,22.298696517944336
2007-07-30,22.678787231445312
2007-07-31,23.10110855102539
2007-08-01,22.383161544799805
2007-08-02,22.425392150878906
2007-08-03,23.396738052368164
2007-08-06,23.73459815979004
2007-08-07,25.001567840576172
2007-08-08,25.33942985534668
2007-08-09,25.001567840576172
2007-08-10,24.325851440429688
2007-08-13,26.0151424407959
2007-08-14,25.93067741394043
2007-08-15,24.66370964050293
2007-08-16,22.974414825439453
2007-08-17,23.86129379272461
2007-08-20,24.917102813720703
2007-08-21,23.86129379272461
2007-08-22,24.325851440429688
2007-08-23,25.33942985534668
2007-08-24,25.170499801635742
2007-08-27,24.494783401489258
2007-08-28,24.494783401489258
2007-08-29,25.086030960083008
2007-08-30,24.66370964050293
2007-08-31,25.25496482849121
2007-09-03,24.579246520996094
2007-09-04,24.494783401489258
2007-09-05,24.11468505859375
2007-09-06,23.94576072692871
2007-09-07,24.07245445251465
2007-09-10,24.11468505859375
2007-09-11,24.368083953857422
2007-09-12,24.241384506225586
2007-09-13,23.692363739013672
2007-09-14,24.283618927001953
2007-09-17,23.903528213500977
2007-09-18,23.903528213500977
2007-09-19,22.46762466430664
2007-09-20,22.214229583740234
2007-09-21,22.383161544799805
2007-09-26,22.721017837524414
2007-09-27,24.241384506225586
2007-09-28,23.86129379272461
2007-10-01,24.241384506225586
2007-10-02,23.903528213500977
2007-10-03,24.241384506225586
2007-10-04,24.45254898071289
2007-10-05,24.156919479370117
2007-10-08,24.156919479370117
2007-10-09,23.65013313293457
2007-10-11,24.325851440429688
2007-10-12,23.65013313293457
2007-10-15,23.396738052368164
2007-10-16,24.030221939086914
2007-10-17,24.494783401489258
2007-10-18,25.212730407714844
2007-10-19,25.33942985534668
2007-10-22,24.917102813720703
2007-10-23,26.395238876342773
2007-10-24,25.33942985534668
2007-10-25,25.001567840576172
2007-10-26,25.508359909057617
2007-10-29,26.0573787689209
2007-10-30,25.423891067504883
2007-10-31,25.719520568847656
2007-11-01,26.690866470336914
2007-11-02,25.677288055419922
2007-11-05,26.099611282348633
2007-11-06,27.53550910949707
2007-11-07,28.549089431762695
2007-11-08,27.619976043701172
2007-11-09,27.788904190063477
2007-11-12,26.775327682495117
2007-11-13,25.635053634643555
2007-11-14,27.408811569213867
2007-11-15,26.775327682495117
2007-11-16,26.1840763092041
2007-11-19,25.508359909057617
2007-11-20,25.33942985534668
2007-11-21,25.33942985534668
2007-11-22,25.677288055419922
2007-11-23,25.423891067504883
2007-11-26,25.677288055419922
2007-11-27,25.086030960083008
2007-11-28,25.33942985534668
2007-11-29,25.677288055419922
2007-11-30,25.38166046142578
2007-12-03,25.38166046142578
2007-12-04,26.437469482421875
2007-12-05,27.155418395996094
2007-12-06,27.366580963134766
2007-12-07,27.873371124267578
2007-12-10,26.690866470336914
2007-12-11,27.113183975219727
2007-12-12,26.944255828857422
2007-12-13,25.086030960083008
2007-12-14,23.73459815979004
2007-12-17,22.087535858154297
2007-12-18,21.242887496948242
2007-12-19,22.721017837524414
2007-12-20,22.636554718017578
2007-12-21,22.721017837524414
2007-12-24,23.312273025512695
2007-12-25,23.692363739013672
2007-12-26,23.94576072692871
2007-12-27,24.156919479370117
2007-12-28,24.283618927001953
2007-12-31,24.410314559936523
2008-01-02,23.65013313293457
2008-01-03,22.974414825439453
2008-01-04,23.058879852294922
2008-01-07,21.45404815673828
2008-01-08,20.693866729736328
2008-01-09,20.693866729736328
2008-01-10,20.52493667602539
2008-01-11,21.242887496948242
2008-01-14,20.567167282104492
2008-01-15,20.862794876098633
2008-01-16,19.426895141601562
2008-01-17,19.426895141601562
2008-01-18,19.764751434326172
2008-01-21,19.595823287963867
2008-01-22,18.244388580322266
2008-01-23,16.977415084838867
2008-01-24,16.259464263916016
2008-01-25,17.357511520385742
2008-01-28,16.512863159179688
2008-01-29,16.766254425048828
2008-01-30,16.132770538330078
2008-01-31,15.625981330871582
2008-02-01,16.132770538330078
2008-02-12,15.330352783203125
2008-02-13,15.414816856384277
2008-02-14,16.38616180419922
2008-02-15,16.090532302856445
2008-02-18,17.188575744628906
2008-02-19,17.10411262512207
2008-02-20,16.55509376525879
2008-02-21,17.69536590576172
2008-02-22,18.455551147460938
2008-02-25,18.708942413330078
2008-02-26,18.497783660888672
2008-02-27,18.962337493896484
2008-02-29,19.046802520751953
2008-03-03,18.28662109375
2008-03-04,18.92010498046875
2008-03-05,18.75117301940918
2008-03-06,19.38466453552246
2008-03-07,18.962337493896484
2008-03-10,18.3288516998291
2008-03-11,17.822059631347656
2008-03-12,18.159923553466797
2008-03-13,18.2021541595459
2008-03-14,17.990991592407227
2008-03-17,17.146347045898438
2008-03-18,17.273042678833008
2008-03-19,17.146347045898438
2008-03-20,17.315279006958008
2008-03-21,17.230810165405273
2008-03-24,17.484207153320312
2008-03-25,17.441974639892578
2008-03-26,17.10411262512207
2008-03-27,16.8929500579834
2008-03-28,17.0196475982666
2008-03-31,17.230810165405273
2008-04-01,17.399742126464844
2008-04-02,18.03322410583496
2008-04-03,18.159923553466797
2008-04-07,18.117691040039062
2008-04-08,17.737598419189453
2008-04-09,17.69536590576172
2008-04-10,17.990991592407227
2008-04-11,18.244388580322266
2008-04-14,17.864295959472656
2008-04-15,17.948762893676758
2008-04-16,18.07546043395996
2008-04-17,19.046802520751953
2008-04-18,18.75117301940918
2008-04-21,18.624475479125977
2008-04-22,18.962337493896484
2008-04-23,19.131267547607422
2008-04-24,19.00457000732422
2008-04-25,18.58224868774414
2008-04-28,18.75117301940918
2008-04-29,18.75117301940918
2008-04-30,18.41331672668457
2008-05-02,17.990991592407227
2008-05-05,18.03322410583496
2008-05-06,18.244388580322266
2008-05-07,18.540014266967773
2008-05-08,18.497783660888672
2008-05-09,18.159923553466797
2008-05-12,18.117691040039062
2008-05-13,18.2021541595459
2008-05-14,18.244388580322266
2008-05-15,18.540014266967773
2008-05-16,18.58224868774414
2008-05-19,19.046802520751953
2008-05-20,19.72252082824707
2008-05-21,20.862794876098633
2008-05-22,20.94725799560547
2008-05-23,20.94725799560547
2008-05-26,19.764751434326172
2008-05-27,20.271543502807617
2008-05-28,19.89145278930664
2008-05-29,20.271543502807617
2008-05-30,19.34242820739746
2008-06-02,19.89145278930664
2008-06-03,19.553586959838867
2008-06-04,19.93368148803711
2008-06-05,20.14484214782715
2008-06-06,20.440471649169922
2008-06-09,19.89145278930664
2008-06-10,19.469127655029297
2008-06-11,18.3288516998291
2008-06-12,17.06188201904297
2008-06-13,16.639558792114258
2008-06-16,17.06188201904297
2008-06-17,17.484207153320312
2008-06-18,17.315279006958008
2008-06-19,17.0196475982666
2008-06-20,16.724023818969727
2008-06-23,16.38616180419922
2008-06-24,16.68178939819336
2008-06-25,16.935182571411133
2008-06-26,16.470626831054688
2008-06-27,15.330352783203125
2008-06-30,14.443473815917969
2008-07-01,13.472127914428711
2008-07-02,14.401240348815918
2008-07-03,15.28812026977539
2008-07-04,14.781332015991211
2008-07-07,14.612404823303223
2008-07-08,14.274544715881348
2008-07-09,14.485705375671387
2008-07-10,14.3590087890625
2008-07-11,14.950263023376465
2008-07-14,15.414816856384277
2008-07-15,15.245887756347656
2008-07-16,15.203655242919922
2008-07-17,15.710447311401367
2008-07-18,15.161422729492188
2008-07-21,15.583746910095215
2008-07-22,15.414816856384277
2008-07-23,15.837143898010254
2008-07-24,15.92160701751709
2008-07-25,15.794913291931152
2008-07-28,15.794913291931152
2008-07-29,15.28812026977539
2008-07-30,15.203655242919922
2008-07-31,14.147849082946777
2008-08-01,13.514360427856445
2008-08-04,13.271150588989258
2008-08-05,12.949703216552734
2008-08-06,13.8222017288208
2008-08-07,14.047673225402832
2008-08-08,14.556937217712402
2008-08-11,15.291672706604004
2008-08-12,15.062066078186035
2008-08-13,15.84272289276123
2008-08-14,15.88864517211914
2008-08-15,15.383512496948242
2008-08-18,15.153908729553223
2008-08-19,15.107986450195312
2008-08-20,15.107986450195312
2008-08-21,14.786540031433105
2008-08-22,14.419172286987305
2008-08-25,14.281412124633789
2008-08-26,14.189568519592285
2008-08-27,14.511013984680176
2008-08-28,15.153908729553223
2008-08-29,14.97022533416748
2008-09-01,14.32733154296875
2008-09-02,13.362991333007812
2008-09-03,12.444573402404785
2008-09-04,11.7098388671875
2008-09-05,11.11286735534668
2008-09-08,11.847601890563965
2008-09-09,11.021023750305176
2008-09-10,11.20470905303955
2008-09-11,10.699577331542969
2008-09-12,10.745499610900879
2008-09-15,10.010765075683594
2008-09-16,9.321950912475586
2008-09-17,8.669872283935547
2008-09-18,8.265769004821777
2008-09-19,8.84437084197998
2008-09-22,9.459712028503418
2008-09-23,10.102605819702148
2008-09-24,10.3322114944458
2008-09-25,10.194448471069336
2008-09-26,9.64339542388916
2008-09-29,9.64339542388916
2008-09-30,8.97295093536377
2008-10-01,9.367870330810547
2008-10-02,9.276029586791992
2008-10-03,9.918923377990723
2008-10-06,9.413790702819824
2008-10-07,9.367870330810547
2008-10-08,8.862740516662598
2008-10-09,8.541293144226074
2008-10-13,8.357610702514648
2008-10-14,8.936213493347168
2008-10-15,8.679057121276855
2008-10-16,8.375977516174316
2008-10-17,8.155557632446289
2008-10-20,8.100454330444336
2008-10-21,8.357610702514648
2008-10-22,8.660687446594238
2008-10-23,8.440266609191895
2008-10-24,8.146373748779297
2008-10-27,7.576954364776611
2008-10-28,8.100454330444336
2008-10-29,8.118820190429688
2008-10-30,8.605581283569336
2008-10-31,8.72497844696045
2008-11-03,9.184186935424805
2008-11-04,8.954584121704102
2008-11-05,8.770898818969727
2008-11-06,8.164740562438965
2008-11-07,8.128005027770996
2008-11-10,7.779006481170654
2008-11-11,7.521848678588867
2008-11-12,7.521848678588867
2008-11-13,6.998350143432617
2008-11-14,6.796298503875732
2008-11-17,6.39219331741333
2008-11-18,5.951353549957275
2008-11-19,5.749300956726074
2008-11-20,5.354381084442139
2008-11-21,5.55643367767334
2008-11-24,5.234986782073975
2008-11-25,5.51051139831543
2008-11-26,5.547248840332031
2008-11-27,5.932984828948975
2008-11-28,6.346273899078369
2008-12-01,6.474851131439209
2008-12-02,6.024826526641846
2008-12-03,5.9880900382995605
2008-12-04,5.887063503265381
2008-12-05,5.68501091003418
2008-12-08,5.9880900382995605
2008-12-09,5.942168712615967
2008-12-10,6.355456352233887
2008-12-11,6.484035968780518
2008-12-12,6.070747375488281
2008-12-15,6.3370890617370605
2008-12-16,6.272799491882324
2008-12-17,6.281983375549316
2008-12-18,6.291168212890625
2008-12-19,6.539140701293945
2008-12-22,6.254431247711182
2008-12-23,5.96972131729126
2008-12-24,6.015642166137695
2008-12-25,6.015642166137695
2008-12-26,6.024826526641846
2008-12-29,5.9880900382995605
2008-12-30,6.217694282531738
2008-12-31,6.383009910583496
2009-01-02,6.383009910583496
2009-01-05,6.484035968780518
2009-01-06,6.5207719802856445
2009-01-07,6.67690372467041
2009-01-08,6.217694282531738
2009-01-09,6.309535980224609
2009-01-12,6.098300457000732
2009-01-13,6.125852584838867
2009-01-14,6.180957794189453
2009-01-15,5.749300956726074
2009-01-16,5.831958293914795
2009-01-19,5.841142654418945
2009-01-20,5.666644096374512
2009-01-21,5.68501091003418
2009-02-02,5.68501091003418
2009-02-03,6.015642166137695
2009-02-04,5.96972131729126
2009-02-05,5.841142654418945
2009-02-06,5.96972131729126
2009-02-09,6.153404712677002
2009-02-10,6.428930759429932
2009-02-11,6.383009910583496
2009-02-12,6.245246410369873
2009-02-13,6.66771936416626
2009-02-16,6.842219352722168
2009-02-17,6.612614631652832
2009-02-18,6.474851131439209
2009-02-19,6.493219375610352
2009-02-20,6.3370890617370605
2009-02-23,6.383009910583496
2009-02-24,6.254431247711182
2009-02-25,6.4197468757629395
2009-02-26,6.566692352294922
2009-02-27,6.722825050354004
2009-03-02,6.796298503875732
2009-03-03,6.750377178192139
2009-03-04,7.218770503997803
2009-03-05,7.292243957519531
2009-03-06,7.714717388153076
2009-03-09,8.082084655761719
2009-03-10,8.082084655761719
2009-03-11,7.870847225189209
2009-03-12,7.999425411224365
2009-03-13,8.008610725402832
2009-03-16,8.137188911437988
2009-03-17,8.173925399780273
2009-03-18,8.183111190795898
2009-03-19,8.082084655761719
2009-03-20,7.714717388153076
2009-03-23,8.036162376403809
2009-03-24,8.366795539855957
2009-03-25,8.94539737701416
2009-03-26,9.184186935424805
2009-03-27,9.505633354187012
2009-03-30,8.84437084197998
2009-03-31,8.69742488861084
2009-04-02,9.184186935424805
2009-04-03,9.156635284423828
2009-04-06,9.505633354187012
2009-04-07,10.010765075683594
2009-04-08,9.64339542388916
2009-04-09,10.102605819702148
2009-04-10,10.28628921508789
2009-04-13,10.424052238464355
2009-04-14,10.515893936157227
2009-04-15,11.250629425048828
2009-04-16,11.11286735534668
2009-04-17,10.378130912780762
2009-04-20,9.964841842651367
2009-04-21,10.240367889404297
2009-04-22,10.424052238464355
2009-04-23,10.194448471069336
2009-04-24,10.3322114944458
2009-04-27,9.64339542388916
2009-04-28,8.982134819030762
2009-04-29,8.982134819030762
2009-04-30,9.5974760055542
2009-05-04,10.240367889404297
2009-05-05,10.102605819702148
2009-05-06,10.378130912780762
2009-05-07,10.83734130859375
2009-05-08,11.11286735534668
2009-05-11,11.021023750305176
2009-05-12,10.56181526184082
2009-05-13,10.745499610900879
2009-05-14,10.378130912780762
2009-05-15,10.56181526184082
2009-05-18,10.791419982910156
2009-05-19,10.653656959533691
2009-05-20,10.515893936157227
2009-05-21,10.607736587524414
2009-05-22,10.607736587524414
2009-05-25,11.021023750305176
2009-05-26,10.28628921508789
2009-05-27,10.515893936157227
2009-06-01,10.28628921508789
2009-06-02,10.699577331542969
2009-06-03,10.83734130859375
2009-06-04,10.653656959533691
2009-06-05,10.607736587524414
2009-06-08,10.240367889404297
2009-06-09,9.551554679870605
2009-06-10,9.367870330810547
2009-06-11,9.459712028503418
2009-06-12,9.184186935424805
2009-06-15,8.550477981567383
2009-06-16,8.504554748535156
2009-06-17,8.69742488861084
2009-06-18,8.44945240020752
2009-06-19,8.991318702697754
2009-06-22,8.881107330322266
2009-06-23,8.651504516601562
2009-06-24,8.908660888671875
2009-06-25,9.175003051757812
2009-06-26,8.97295093536377
2009-06-29,8.816819190979004
2009-06-30,8.862740516662598
2009-07-01,9.028056144714355
2009-07-02,9.184186935424805
2009-07-03,9.101530075073242
2009-07-06,9.138266563415527
2009-07-07,9.230109214782715
2009-07-08,9.505633354187012
2009-07-09,9.5974760055542
2009-07-10,9.505633354187012
2009-07-13,9.009686470031738
2009-07-14,9.184186935424805
2009-07-15,9.367870330810547
2009-07-16,9.689316749572754
2009-07-17,9.735239028930664
2009-07-20,9.781160354614258
2009-07-21,9.64339542388916
2009-07-22,9.873002052307129
2009-07-23,9.781160354614258
2009-07-24,9.964841842651367
2009-07-27,10.378130912780762
2009-07-28,10.424052238464355
2009-07-29,10.240367889404297
2009-07-30,10.102605819702148
2009-07-31,10.28628921508789
2009-08-03,10.56181526184082
2009-08-04,10.240367889404297
2009-08-05,9.964841842651367
2009-08-06,10.102605819702148
2009-08-07,10.102605819702148
2009-08-10,10.194448471069336
2009-08-11,10.653656959533691
2009-08-12,10.745499610900879
2009-08-13,11.48023509979248
2009-08-14,11.20470905303955
2009-08-17,11.20470905303955
2009-08-18,10.56181526184082
2009-08-19,10.56181526184082
2009-08-20,10.240367889404297
2009-08-21,10.148526191711426
2009-08-24,10.83734130859375
2009-08-25,10.745499610900879
2009-08-26,10.46997356414795
2009-08-27,11.021023750305176
2009-08-28,11.20470905303955
2009-08-31,11.847601890563965
2009-09-01,11.755759239196777
2009-09-02,12.169046401977539
2009-09-03,11.801680564880371
2009-09-04,11.48023509979248
2009-09-07,11.572074890136719
2009-09-08,11.801680564880371
2009-09-09,11.755759239196777
2009-09-10,11.755759239196777
2009-09-11,11.755759239196777
2009-09-14,11.48023509979248
2009-09-15,11.893522262573242
2009-09-16,12.169046401977539
2009-09-17,11.93944263458252
2009-09-18,12.03128433227539
2009-09-21,12.21496868133545
2009-09-22,12.077203750610352
2009-09-23,11.572074890136719
2009-09-24,11.617996215820312
2009-09-25,11.7098388671875
2009-09-28,11.43431282043457
2009-09-29,11.526154518127441
2009-09-30,11.663917541503906
2009-10-01,11.526154518127441
2009-10-02,11.296549797058105
2009-10-05,11.48023509979248
2009-10-06,11.7098388671875
2009-10-07,11.526154518127441
2009-10-08,11.3424711227417
2009-10-09,11.48023509979248
2009-10-12,11.43431282043457
2009-10-13,11.663917541503906
2009-10-14,11.93944263458252
2009-10-15,11.7098388671875
2009-10-16,11.7098388671875
2009-10-19,11.7098388671875
2009-10-20,11.663917541503906
2009-10-21,11.755759239196777
2009-10-22,12.123125076293945
2009-10-23,12.077203750610352
2009-10-26,11.755759239196777
2009-10-27,11.755759239196777
2009-10-28,11.48023509979248
2009-10-29,10.791419982910156
2009-10-30,10.83734130859375
2009-11-02,10.653656959533691
2009-11-03,10.791419982910156
2009-11-04,10.975103378295898
2009-11-05,10.975103378295898
2009-11-06,10.929183006286621
2009-11-09,11.021023750305176
2009-11-10,11.021023750305176
2009-11-11,11.021023750305176
2009-11-12,11.021023750305176
2009-11-13,11.296549797058105
2009-11-16,11.296549797058105
2009-11-17,11.199975967407227
2009-11-18,11.294890403747559
2009-11-19,11.294890403747559
2009-11-20,11.34234619140625
2009-11-23,11.484719276428223
2009-11-24,11.959297180175781
2009-11-25,11.91183853149414
2009-11-26,11.816924095153809
2009-11-27,11.199975967407227
2009-11-30,11.484719276428223
2009-12-01,11.674551010131836
2009-12-02,12.481328964233398
2009-12-03,12.33895492553711
2009-12-04,12.101668357849121
2009-12-07,12.19658374786377
2009-12-08,12.054211616516113
2009-12-09,12.244041442871094
2009-12-10,11.959297180175781
2009-12-11,12.054211616516113
2009-12-14,12.149126052856445
2009-12-15,12.19658374786377
2009-12-16,12.291498184204102
2009-12-17,11.959297180175781
2009-12-18,12.054211616516113
2009-12-21,12.19658374786377
2009-12-22,12.813531875610352
2009-12-23,12.671159744262695
2009-12-24,12.528787612915039
2009-12-25,12.766074180603027
2009-12-28,12.718616485595703
2009-12-29,12.766074180603027
2009-12-30,12.908446311950684
2009-12-31,13.098276138305664
2010-01-04,12.908446311950684
2010-01-05,12.528787612915039
2010-01-06,12.481328964233398
2010-01-07,12.528787612915039
2010-01-08,12.623701095581055
2010-01-11,12.623701095581055
2010-01-12,12.528787612915039
2010-01-13,12.33895492553711
2010-01-14,12.481328964233398
2010-01-15,12.576244354248047
2010-01-18,12.766074180603027
2010-01-19,13.05081844329834
2010-01-20,12.813531875610352
2010-01-21,12.481328964233398
2010-01-22,12.054211616516113
2010-01-25,11.864380836486816
2010-01-26,11.199975967407227
2010-01-27,10.962687492370605
2010-01-28,11.484719276428223
2010-01-29,11.484719276428223
2010-02-01,11.24743366241455
2010-02-02,10.915230751037598
2010-02-03,11.105060577392578
2010-02-04,11.34234619140625
2010-02-05,10.630484580993652
2010-02-08,10.440655708312988
2010-02-09,10.677942276000977
2010-02-10,10.820314407348633
2010-02-22,11.05760383605957
2010-02-23,11.05760383605957
2010-02-24,10.915230751037598
2010-02-25,10.725400924682617
2010-02-26,10.583027839660645
2010-03-01,10.820314407348633
2010-03-02,10.820314407348633
2010-03-03,10.820314407348633
2010-03-04,10.820314407348633
2010-03-05,11.152519226074219
2010-03-08,11.294890403747559
2010-03-09,11.24743366241455
2010-03-10,11.627092361450195
2010-03-11,11.34234619140625
2010-03-12,11.34234619140625
2010-03-15,11.199975967407227
2010-03-16,11.24743366241455
2010-03-17,11.532177925109863
2010-03-18,11.484719276428223
2010-03-19,11.627092361450195
2010-03-22,11.579635620117188
2010-03-23,11.864380836486816
2010-03-24,11.674551010131836
2010-03-25,11.722009658813477
2010-03-26,11.722009658813477
2010-03-29,11.722009658813477
2010-03-30,11.674551010131836
2010-03-31,11.532177925109863
2010-04-01,11.532177925109863
2010-04-02,11.91183853149414
2010-04-06,12.149126052856445
2010-04-07,11.959297180175781
2010-04-08,11.816924095153809
2010-04-09,11.91183853149414
2010-04-12,11.816924095153809
2010-04-13,11.579635620117188
2010-04-14,11.769465446472168
2010-04-15,11.816924095153809
2010-04-16,11.674551010131836
2010-04-19,11.05760383605957
2010-04-20,11.199975967407227
2010-04-21,11.389806747436523
2010-04-22,11.437262535095215
2010-04-23,11.389806747436523
2010-04-26,11.627092361450195
2010-04-27,11.484719276428223
2010-04-28,11.294890403747559
2010-04-29,11.484719276428223
2010-04-30,11.24743366241455
2010-05-03,11.199975967407227
2010-05-04,10.962687492370605
2010-05-05,10.39319896697998
2010-05-06,10.298282623291016
2010-05-07,10.108453750610352
2010-05-10,10.48811149597168
2010-05-11,10.34574031829834
2010-05-12,10.48811149597168
2010-05-13,10.725400924682617
2010-05-14,10.962687492370605
2010-05-17,10.630484580993652
2010-05-18,10.535569190979004
2010-05-19,10.48811149597168
2010-05-20,10.203367233276367
2010-05-21,9.633877754211426
2010-05-24,10.060995101928711
2010-05-25,9.586421012878418
2010-05-26,9.728790283203125
2010-05-27,9.966078758239746
2010-05-28,10.15591049194336
2010-05-31,10.203367233276367
2010-06-01,9.918622970581055
2010-06-02,9.728790283203125
2010-06-03,10.060995101928711
2010-06-04,10.013537406921387
2010-06-07,9.681334495544434
2010-06-08,9.728790283203125
2010-06-09,9.633877754211426
2010-06-10,9.681334495544434
2010-06-11,9.776249885559082
2010-06-14,9.918622970581055
2010-06-15,10.34574031829834
2010-06-17,10.203367233276367
2010-06-18,10.15591049194336
2010-06-21,10.535569190979004
2010-06-22,10.34574031829834
2010-06-23,10.298282623291016
2010-06-24,10.34574031829834
2010-06-25,10.060995101928711
2010-06-28,10.013537406921387
2010-06-29,9.966078758239746
2010-06-30,9.776249885559082
2010-07-01,9.728790283203125
2010-07-02,9.728790283203125
2010-07-05,9.82370662689209
2010-07-06,10.108453750610352
2010-07-07,10.060995101928711
2010-07-08,10.108453750610352
2010-07-09,10.203367233276367
2010-07-12,10.250826835632324
2010-07-13,10.060995101928711
2010-07-14,10.15591049194336
2010-07-15,10.34574031829834
2010-07-16,10.15591049194336
2010-07-19,10.108453750610352
2010-07-20,10.39319896697998
2010-07-21,10.583027839660645
2010-07-22,10.630484580993652
2010-07-23,10.630484580993652
2010-07-26,10.630484580993652
2010-07-27,10.820314407348633
2010-07-28,11.152519226074219
2010-07-29,11.152519226074219
2010-07-30,11.010146141052246
2010-08-02,10.915230751037598
2010-08-03,10.86777400970459
2010-08-04,10.820314407348633
2010-08-05,10.677942276000977
2010-08-06,10.725400924682617
2010-08-09,10.725400924682617
2010-08-10,10.772857666015625
2010-08-11,10.772857666015625
2010-08-12,10.962687492370605
2010-08-13,11.24743366241455
2010-08-16,11.105060577392578
2010-08-17,11.24743366241455
2010-08-18,11.34234619140625
2010-08-19,11.437262535095215
2010-08-20,11.24743366241455
2010-08-23,11.05760383605957
2010-08-24,11.105060577392578
2010-08-25,10.677942276000977
2010-08-26,10.535569190979004
2010-08-27,10.583027839660645
2010-08-30,10.535569190979004
2010-08-31,9.966078758239746
2010-09-01,10.108453750610352
2010-09-02,10.250826835632324
2010-09-03,10.34574031829834
2010-09-06,10.535569190979004
2010-09-07,10.39319896697998
2010-09-08,10.250826835632324
2010-09-09,10.298282623291016
2010-09-10,10.440655708312988
2010-09-13,10.583027839660645
2010-09-14,10.630484580993652
2010-09-15,10.583027839660645
2010-09-16,10.48811149597168
2010-09-17,10.725400924682617
2010-09-20,10.583027839660645
2010-09-21,10.630484580993652
2010-09-23,10.86777400970459
2010-09-24,10.630484580993652
2010-09-27,11.010146141052246
2010-09-28,10.725400924682617
2010-09-29,10.725400924682617
2010-09-30,10.820314407348633
2010-10-01,10.677942276000977
2010-10-04,10.583027839660645
2010-10-05,10.48811149597168
2010-10-06,10.48811149597168
2010-10-07,10.583027839660645
2010-10-08,10.630484580993652
2010-10-11,10.677942276000977
2010-10-12,10.535569190979004
2010-10-13,10.772857666015625
2010-10-14,10.630484580993652
2010-10-15,10.440655708312988
2010-10-18,10.440655708312988
2010-10-19,10.34574031829834
2010-10-20,10.39319896697998
2010-10-21,10.34574031829834
2010-10-22,10.39319896697998
2010-10-25,10.630484580993652
2010-10-26,10.535569190979004
2010-10-27,10.535569190979004
2010-10-28,10.630484580993652
2010-10-29,10.48811149597168
2010-11-01,10.48811149597168
2010-11-02,10.34574031829834
2010-11-03,10.15591049194336
2010-11-04,10.203367233276367
2010-11-05,10.15591049194336
2010-11-08,9.966078758239746
2010-11-09,10.060995101928711
2010-11-10,10.108453750610352
2010-11-11,10.34574031829834
2010-11-12,10.15591049194336
2010-11-15,10.013537406921387
2010-11-16,10.013537406921387
2010-11-17,9.82370662689209
2010-11-18,9.87116527557373
2010-11-19,9.918622970581055
2010-11-22,10.34574031829834
2010-11-23,10.39319896697998
2010-11-24,10.298282623291016
2010-11-25,10.39319896697998
2010-11-26,10.203367233276367
2010-11-29,10.535569190979004
2010-11-30,10.535569190979004
2010-12-01,10.630484580993652
2010-12-02,10.772857666015625
2010-12-03,10.915230751037598
2010-12-06,10.820314407348633
2010-12-07,11.532177925109863
2010-12-08,12.33895492553711
2010-12-09,13.193190574645996
2010-12-10,13.003362655639648
2010-12-13,13.38302230834961
2010-12-14,12.528787612915039
2010-12-15,12.054211616516113
2010-12-16,12.054211616516113
2010-12-17,12.101668357849121
2010-12-20,12.528787612915039
2010-12-21,12.33895492553711
2010-12-22,12.481328964233398
2010-12-23,13.335564613342285
2010-12-24,13.762682914733887
2010-12-27,12.860989570617676
2010-12-28,13.05081844329834
2010-12-29,12.623701095581055
2010-12-30,12.955903053283691
2010-12-31,12.860989570617676
2011-01-03,12.291498184204102
2011-01-04,12.576244354248047
2011-01-05,12.19658374786377
2011-01-06,12.576244354248047
2011-01-07,12.623701095581055
2011-01-10,12.433870315551758
2011-01-11,12.623701095581055
2011-01-12,12.433870315551758
2011-01-13,12.433870315551758
2011-01-14,12.291498184204102
2011-01-17,12.19658374786377
2011-01-18,12.291498184204102
2011-01-19,12.623701095581055
2011-01-20,12.860989570617676
2011-01-21,13.477935791015625
2011-01-24,13.193190574645996
2011-01-25,12.860989570617676
2011-01-26,12.908446311950684
2011-01-27,13.05081844329834
2011-01-28,12.813531875610352
2011-02-08,13.05081844329834
2011-02-09,12.908446311950684
2011-02-10,12.433870315551758
2011-02-11,12.19658374786377
2011-02-14,13.003362655639648
2011-02-15,13.38302230834961
2011-02-16,13.145732879638672
2011-02-17,13.193190574645996
2011-02-18,13.288107872009277
2011-02-21,13.715224266052246
2011-02-22,13.38302230834961
2011-02-23,12.908446311950684
2011-02-24,12.955903053283691
2011-02-25,12.955903053283691
2011-03-01,13.525394439697266
2011-03-02,13.193190574645996
2011-03-03,13.335564613342285
2011-03-04,13.003362655639648
2011-03-07,13.098276138305664
2011-03-08,13.05081844329834
2011-03-09,12.908446311950684
2011-03-10,12.576244354248047
2011-03-11,12.481328964233398
2011-03-14,11.864380836486816
2011-03-15,11.05760383605957
2011-03-16,11.152519226074219
2011-03-17,10.962687492370605
2011-03-18,11.722009658813477
2011-03-21,11.579635620117188
2011-03-22,11.959297180175781
2011-03-23,11.722009658813477
2011-03-24,11.816924095153809
2011-03-25,12.054211616516113
2011-03-28,11.864380836486816
2011-03-29,11.627092361450195
2011-03-30,11.864380836486816
2011-03-31,11.864380836486816
2011-04-01,11.722009658813477
2011-04-06,12.149126052856445
2011-04-07,12.054211616516113
2011-04-08,12.054211616516113
2011-04-11,11.769465446472168
2011-04-12,11.579635620117188
2011-04-13,11.627092361450195
2011-04-14,11.959297180175781
2011-04-15,12.006753921508789
2011-04-18,11.769465446472168
2011-04-19,11.579635620117188
2011-04-20,11.959297180175781
2011-04-21,12.006753921508789
2011-04-22,11.816924095153809
2011-04-25,11.674551010131836
2011-04-26,12.054211616516113
2011-04-27,11.864380836486816
2011-04-28,11.91183853149414
2011-04-29,12.006753921508789
2011-05-03,11.674551010131836
2011-05-04,11.674551010131836
2011-05-05,11.816924095153809
2011-05-06,11.674551010131836
2011-05-09,11.579635620117188
2011-05-10,11.579635620117188
2011-05-11,11.437262535095215
2011-05-12,11.294890403747559
2011-05-13,11.389806747436523
2011-05-16,11.152519226074219
2011-05-17,10.962687492370605
2011-05-18,11.294890403747559
2011-05-19,11.437262535095215
2011-05-20,11.627092361450195
2011-05-23,11.294890403747559
2011-05-24,11.437262535095215
2011-05-25,11.627092361450195
2011-05-26,11.579635620117188
2011-05-27,11.484719276428223
2011-05-30,11.722009658813477
2011-05-31,11.722009658813477
2011-06-01,11.627092361450195
2011-06-02,11.484719276428223
2011-06-03,11.769465446472168
2011-06-07,11.864380836486816
2011-06-08,12.576244354248047
2011-06-09,12.528787612915039
2011-06-10,12.054211616516113
2011-06-13,12.101668357849121
2011-06-14,12.38641357421875
2011-06-15,12.19658374786377
2011-06-16,11.769465446472168
2011-06-17,11.579635620117188
2011-06-20,11.010146141052246
2011-06-21,11.294890403747559
2011-06-22,11.674551010131836
2011-06-23,11.437262535095215
2011-06-24,11.389806747436523
2011-06-27,11.34234619140625
2011-06-28,11.294890403747559
2011-06-29,11.484719276428223
2011-06-30,11.389806747436523
2011-07-01,11.437262535095215
2011-07-04,11.627092361450195
2011-07-05,11.437262535095215
2011-07-06,11.484719276428223
2011-07-07,11.532177925109863
2011-07-08,11.91183853149414
2011-07-11,11.627092361450195
2011-07-12,11.294890403747559
2011-07-13,11.199975967407227
2011-07-14,11.105060577392578
2011-07-15,11.389806747436523
2011-07-18,11.34234619140625
2011-07-19,11.484719276428223
2011-07-20,11.579635620117188
2011-07-21,11.532177925109863
2011-07-22,11.484719276428223
2011-07-25,11.389806747436523
2011-07-26,11.579635620117188
2011-07-27,11.769465446472168
2011-07-28,11.864380836486816
2011-07-29,11.722009658813477
2011-08-01,12.006753921508789
2011-08-02,12.006753921508789
2011-08-03,11.627092361450195
2011-08-04,11.627092361450195
2011-08-05,10.820314407348633
2011-08-08,10.15591049194336
2011-08-09,9.82370662689209
2011-08-10,10.108453750610352
2011-08-11,9.776249885559082
2011-08-12,9.681334495544434
2011-08-15,9.87116527557373
2011-08-16,10.15591049194336
2011-08-17,10.250826835632324
2011-08-18,9.966078758239746
2011-08-19,9.273200035095215
2011-08-22,8.627778053283691
2011-08-23,9.178285598754883
2011-08-24,9.538962364196777
2011-08-25,9.130827903747559
2011-08-26,9.19726848602295
2011-08-29,9.34913158416748
2011-08-30,9.396590232849121
2011-08-31,9.34913158416748
2011-09-01,9.34913158416748
2011-09-02,9.396590232849121
2011-09-05,9.121336936950684
2011-09-06,9.064386367797852
2011-09-07,9.216249465942383
2011-09-08,9.216249465942383
2011-09-09,9.482014656066895
2011-09-13,9.09286117553711
2011-09-14,8.646760940551758
2011-09-15,8.770151138305664
2011-09-16,9.00170612335205
2011-09-19,8.876279830932617
2011-09-20,8.885926246643066
2011-09-21,8.953466415405273
2011-09-22,8.731557846069336
2011-09-23,8.36492919921875
2011-09-26,7.7860426902771
2011-09-27,7.863226890563965
2011-09-28,7.863226890563965
2011-09-29,8.046540260314941
2011-09-30,8.036892890930176
2011-10-03,7.998300552368164
2011-10-04,8.036892890930176
2011-10-05,7.969355583190918
2011-10-06,8.335986137390137
2011-10-07,8.335986137390137
2011-10-11,8.6254301071167
2011-10-12,8.577188491821289
2011-10-13,8.606133460998535
2011-10-14,8.413169860839844
2011-10-17,8.548243522644043
2011-10-18,8.403522491455078
2011-10-19,8.191263198852539
2011-10-20,8.104430198669434
2011-10-21,8.075485229492188
2011-10-24,8.249152183532715
2011-10-25,8.21055793762207
2011-10-26,8.326336860656738
2011-10-27,8.326336860656738
2011-10-28,8.34563159942627
2011-10-31,8.143021583557129
2011-11-01,8.075485229492188
2011-11-02,8.027243614196777
2011-11-03,7.892168998718262
2011-11-04,8.027243614196777
2011-11-07,8.21055793762207
2011-11-08,8.239503860473633
2011-11-09,8.104430198669434
2011-11-10,7.863226890563965
2011-11-11,7.795689582824707
2011-11-14,8.114078521728516
2011-11-15,7.979001998901367
2011-11-16,7.9307637214660645
2011-11-17,7.9307637214660645
2011-11-18,7.882523536682129
2011-11-21,7.332578659057617
2011-11-22,6.82122802734375
2011-11-23,6.348470211029053
2011-11-24,6.174803733825684
2011-11-25,6.309876918792725
2011-11-28,6.512487888336182
2011-11-29,6.898413181304932
2011-11-30,6.657209873199463
2011-12-01,6.985246181488037
2011-12-02,6.85017204284668
2011-12-05,6.7826361656188965
2011-12-06,6.608969688415527
2011-12-07,6.589672565460205
2011-12-08,6.425655364990234
2011-12-09,6.531785011291504
2011-12-12,6.657209873199463
2011-12-13,6.560728549957275
2011-12-14,6.599320888519287
2011-12-15,6.560728549957275
2011-12-16,6.512487888336182
2011-12-19,6.059025764465332
2011-12-20,6.02043342590332
2011-12-21,6.435303211212158
2011-12-22,6.454598903656006
2011-12-23,6.7826361656188965
2011-12-26,6.7729878425598145
2011-12-27,6.82122802734375
2011-12-28,6.75369119644165
2011-12-29,6.695802688598633
2011-12-30,6.676506042480469
2012-01-02,6.676506042480469
2012-01-03,6.676506042480469
2012-01-04,6.676506042480469
2012-01-05,6.676506042480469
2012-01-06,7.236098289489746
2012-01-09,7.062432289123535
2012-01-10,7.081727027893066
2012-01-11,7.149264812469482
2012-01-12,7.023838520050049
2012-01-13,6.811580181121826
2012-01-16,6.840524196624756
2012-01-17,7.072079658508301
2012-01-18,7.072079658508301
2012-01-30,7.2457451820373535
2012-01-31,7.380819797515869
2012-02-01,7.573782444000244
2012-02-02,7.814985752105713
2012-02-03,7.843928813934326
2012-02-06,8.007948875427246
2012-02-07,7.882523536682129
2012-02-08,8.104430198669434
2012-02-09,8.191263198852539
2012-02-10,8.335986137390137
2012-02-13,8.683318138122559
2012-02-14,8.393872261047363
2012-02-15,8.557891845703125
2012-02-16,8.307040214538574
2012-02-17,8.307040214538574
2012-02-20,8.36492919921875
2012-02-21,8.258801460266113
2012-02-22,8.326336860656738
2012-02-23,8.36492919921875
2012-02-24,8.297390937805176
2012-02-29,8.297390937805176
2012-03-01,8.538595199584961
2012-03-02,8.683318138122559
2012-03-05,8.789446830749512
2012-03-06,8.326336860656738
2012-03-07,8.335986137390137
2012-03-08,8.374577522277832
2012-03-09,8.712261199951172
2012-03-12,8.567540168762207
2012-03-13,8.577188491821289
2012-03-14,8.692965507507324
2012-03-15,8.992056846618652
2012-03-16,9.021001815795898
2012-03-19,8.7508544921875
2012-03-20,8.6254301071167
2012-03-21,8.538595199584961
2012-03-22,8.548243522644043
2012-03-23,8.538595199584961
2012-03-26,8.538595199584961
2012-03-27,8.422818183898926
2012-03-28,8.335986137390137
2012-03-29,7.757096767425537
2012-03-30,7.824633598327637
2012-04-02,7.593079566955566
2012-04-03,7.274689197540283
2012-04-05,6.985246181488037
2012-04-06,7.2553935050964355
2012-04-09,7.081727027893066
2012-04-10,7.236098289489746
2012-04-11,7.28433895111084
2012-04-12,7.2457451820373535
2012-04-13,7.419411659240723
2012-04-16,7.2457451820373535
2012-04-17,7.110671520233154
2012-04-18,6.965950012207031
2012-04-19,6.7729878425598145
2012-04-20,6.300229549407959
2012-04-23,6.078322410583496
2012-04-24,6.271284103393555
2012-04-25,6.464247703552246
2012-04-26,6.319524765014648
2012-04-27,6.338821887969971
2012-04-30,6.348470211029053
2012-05-02,6.75369119644165
2012-05-03,6.589672565460205
2012-05-04,6.657209873199463
2012-05-07,6.493191719055176
2012-05-08,6.531785011291504
2012-05-09,6.425655364990234
2012-05-10,6.464247703552246
2012-05-11,6.406358242034912
2012-05-14,6.3677659034729
2012-05-15,6.3870625495910645
2012-05-16,6.280932903289795
2012-05-17,6.715098857879639
2012-05-18,6.290581226348877
2012-05-21,6.348470211029053
2012-05-22,6.79228401184082
2012-05-23,6.801932334899902
2012-05-24,6.734395503997803
2012-05-25,6.454598903656006
2012-05-28,6.483543395996094
2012-05-29,6.686154365539551
2012-05-30,6.570376396179199
2012-05-31,6.5221357345581055
2012-06-01,6.425655364990234
2012-06-04,5.98184061050415
2012-06-05,6.155507564544678
2012-06-06,6.3291730880737305
2012-06-07,6.271284103393555
2012-06-08,6.242340564727783
2012-06-11,6.280932903289795
2012-06-12,6.174803733825684
2012-06-13,6.174803733825684
2012-06-14,6.136209964752197
2012-06-15,6.165155410766602
2012-06-18,6.232691287994385
2012-06-19,6.3291730880737305
2012-06-20,6.3677659034729
2012-06-21,6.232691287994385
2012-06-22,6.1940999031066895
2012-06-25,6.116914749145508
2012-06-26,6.136209964752197
2012-06-27,6.136209964752197
2012-06-28,6.087970733642578
2012-06-29,6.174803733825684
2012-07-02,6.223043918609619
2012-07-03,6.251988410949707
2012-07-04,6.425655364990234
2012-07-05,6.358118057250977
2012-07-06,6.3291730880737305
2012-07-09,6.358118057250977
2012-07-10,6.309876918792725
2012-07-11,6.232691287994385
2012-07-12,6.184451103210449
2012-07-13,6.12656307220459
2012-07-16,6.0011372566223145
2012-07-17,5.885359287261963
2012-07-18,5.798525333404541
2012-07-19,6.0107855796813965
2012-07-20,5.972192287445068
2012-07-23,5.846766948699951
2012-07-24,5.856415271759033
2012-07-25,5.866063594818115
2012-07-26,5.856415271759033
2012-07-27,5.962543964385986
2012-07-30,5.923952102661133
2012-07-31,5.962543964385986
2012-08-01,5.943248271942139
2012-08-02,5.943248271942139
2012-08-03,5.885359287261963
2012-08-06,5.923952102661133
2012-08-07,5.875710487365723
2012-08-08,5.923952102661133
2012-08-09,6.107266426086426
2012-08-10,6.271284103393555
2012-08-13,6.319524765014648
2012-08-14,6.280932903289795
2012-08-15,6.271284103393555
2012-08-16,6.377414226531982
2012-08-17,6.425655364990234
2012-08-20,6.464247703552246
2012-08-21,6.3870625495910645
2012-08-22,6.406358242034912
2012-08-23,6.3870625495910645
2012-08-24,6.425655364990234
2012-08-27,6.3677659034729
2012-08-28,6.309876918792725
2012-08-29,6.280932903289795
2012-08-30,6.290581226348877
2012-08-31,6.155507564544678
2012-09-03,6.319524765014648
2012-09-04,6.261636734008789
2012-09-05,6.242340564727783
2012-09-06,6.348470211029053
2012-09-07,6.319524765014648
2012-09-10,6.338821887969971
2012-09-11,6.3677659034729
2012-09-12,6.425655364990234
2012-09-13,6.435303211212158
2012-09-14,6.531785011291504
2012-09-17,6.560728549957275
2012-09-18,6.79228401184082
2012-09-19,6.85017204284668
2012-09-20,6.744042873382568
2012-09-21,6.801932334899902
2012-09-24,6.715098857879639
2012-09-25,6.599320888519287
2012-09-26,6.464247703552246
2012-09-27,6.715098857879639
2012-09-28,6.657209873199463
2012-10-01,6.589672565460205
2012-10-02,6.657209873199463
2012-10-03,6.599320888519287
2012-10-04,6.541432857513428
2012-10-05,6.493191719055176
2012-10-08,6.454598903656006
2012-10-09,6.338821887969971
2012-10-11,6.145858287811279
2012-10-12,6.068673133850098
2012-10-15,5.98184061050415
2012-10-16,6.059025764465332
2012-10-17,6.068673133850098
2012-10-18,5.98184061050415
2012-10-19,5.952897071838379
2012-10-22,5.885359287261963
2012-10-23,5.952897071838379
2012-10-24,5.904656887054443
2012-10-25,5.846766948699951
2012-10-26,5.509082317352295
2012-10-29,5.267878532409668
2012-10-30,5.402952671051025
2012-10-31,5.335416793823242
2012-11-01,5.402952671051025
2012-11-02,5.345063209533691
2012-11-05,5.2292866706848145
2012-11-06,5.142453670501709
2012-11-07,5.113509178161621
2012-11-08,5.026675701141357
2012-11-09,5.1713972091674805
2012-11-12,5.1906938552856445
2012-11-13,5.026675701141357
2012-11-14,5.026675701141357
2012-11-15,5.017027378082275
2012-11-16,4.968786716461182
2012-11-19,5.161749839782715
2012-11-20,5.209990501403809
2012-11-21,5.142453670501709
2012-11-22,5.132805824279785
2012-11-23,5.325767993927002
2012-11-26,5.402952671051025
2012-11-27,5.345063209533691
2012-11-28,5.383656978607178
2012-11-29,5.383656978607178
2012-11-30,5.354711532592773
2012-12-03,5.460841178894043
2012-12-04,5.69239616394043
2012-12-05,5.788877964019775
2012-12-06,5.69239616394043
2012-12-07,5.74063777923584
2012-12-10,5.644156455993652
2012-12-11,5.595915794372559
2012-12-12,5.644156455993652
2012-12-13,5.69239616394043
2012-12-14,5.6634521484375
2012-12-17,5.682748794555664
2012-12-18,5.779230117797852
2012-12-19,5.788877964019775
2012-12-20,5.759933948516846
2012-12-21,5.6634521484375
2012-12-24,5.730989456176758
2012-12-25,5.759933948516846
2012-12-26,5.827470779418945
2012-12-27,5.866063594818115
2012-12-28,5.866063594818115
2013-01-02,5.885359287261963
2013-01-03,5.952897071838379
2013-01-04,5.933599948883057
2013-01-07,5.856415271759033
2013-01-08,5.779230117797852
2013-01-09,5.788877964019775
2013-01-10,5.798525333404541
2013-01-11,5.81782341003418
2013-01-14,5.81782341003418
2013-01-15,5.933599948883057
2013-01-16,5.8081746101379395
2013-01-17,5.605563163757324
2013-01-18,5.624859809875488
2013-01-21,5.750285625457764
2013-01-22,5.8081746101379395
2013-01-23,5.759933948516846
2013-01-24,5.69239616394043
2013-01-25,5.624859809875488
2013-01-28,5.6152119636535645
2013-01-29,5.67310094833374
2013-01-30,5.750285625457764
2013-01-31,5.653804302215576
2013-02-01,5.644156455993652
2013-02-04,5.63450813293457
2013-02-05,5.557323932647705
2013-02-06,5.547674655914307
2013-02-18,5.557323932647705
2013-02-19,5.6152119636535645
2013-02-20,5.63450813293457
2013-02-21,5.586267471313477
2013-02-22,5.557323932647705
2013-02-25,5.721341133117676
2013-02-26,5.653804302215576
2013-02-27,5.653804302215576
2013-03-01,5.69239616394043
2013-03-04,5.605563163757324
2013-03-05,5.624859809875488
2013-03-06,5.605563163757324
2013-03-07,5.653804302215576
2013-03-08,5.6634521484375
2013-03-11,5.759933948516846
2013-03-12,5.81782341003418
2013-03-13,5.759933948516846
2013-03-14,5.779230117797852
2013-03-15,5.769582271575928
2013-03-18,5.69239616394043
2013-03-19,5.721341133117676
2013-03-20,5.6634521484375
2013-03-21,5.69239616394043
2013-03-22,5.74063777923584
2013-03-25,5.759933948516846
2013-03-26,5.788877964019775
2013-03-27,5.769582271575928
2013-03-28,5.70204496383667
2013-03-29,5.74063777923584
2013-04-01,5.6634521484375
2013-04-02,5.69239616394043
2013-04-03,5.69239616394043
2013-04-08,5.412600994110107
2013-04-09,5.383656978607178
2013-04-10,5.4222493171691895
2013-04-11,5.499433994293213
2013-04-12,5.39330530166626
2013-04-15,5.335416793823242
2013-04-16,5.451193809509277
2013-04-17,5.480138301849365
2013-04-18,5.4222493171691895
2013-04-19,5.547674655914307
2013-04-22,5.509082317352295
2013-04-23,5.644156455993652
2013-04-24,5.653804302215576
2013-04-25,5.682748794555664
2013-04-26,5.8081746101379395
2013-04-29,5.866063594818115
2013-04-30,5.798525333404541
2013-05-02,5.730989456176758
2013-05-03,5.721341133117676
2013-05-06,5.798525333404541
2013-05-07,5.798525333404541
2013-05-08,5.798525333404541
2013-05-09,5.837118625640869
2013-05-10,5.895007610321045
2013-05-13,5.98184061050415
2013-05-14,6.0011372566223145
2013-05-15,5.923952102661133
2013-05-16,5.914303779602051
2013-05-17,5.98184061050415
2013-05-20,6.078322410583496
2013-05-21,6.319524765014648
2013-05-22,6.75369119644165
2013-05-23,6.715098857879639
2013-05-24,6.551080226898193
2013-05-27,6.7826361656188965
2013-05-28,6.734395503997803
2013-05-29,7.043134689331055
2013-05-30,7.506246089935303
2013-05-31,7.332578659057617
2013-06-03,7.4965972900390625
2013-06-04,7.332578659057617
2013-06-05,7.187856674194336
2013-06-06,7.149264812469482
2013-06-07,6.869469165802002
2013-06-10,6.956302642822266
2013-06-11,7.139617443084717
2013-06-13,6.869469165802002
2013-06-14,6.676506042480469
2013-06-17,6.75369119644165
2013-06-18,6.82122802734375
2013-06-19,6.82122802734375
2013-06-20,6.618618011474609
2013-06-21,6.898413181304932
2013-06-24,6.85017204284668
2013-06-25,6.531785011291504
2013-06-26,6.85017204284668
2013-06-27,6.763339042663574
2013-06-28,6.994894504547119
2013-07-01,7.101024150848389
2013-07-02,7.081727027893066
2013-07-03,6.869469165802002
2013-07-04,6.763339042663574
2013-07-05,6.840524196624756
2013-07-08,6.7826361656188965
2013-07-09,6.744042873382568
2013-07-10,6.628265857696533
2013-07-11,6.657209873199463
2013-07-12,6.657209873199463
2013-07-15,6.657209873199463
2013-07-16,6.734395503997803
2013-07-17,6.734395503997803
2013-07-18,6.599320888519287
2013-07-19,6.541432857513428
2013-07-22,6.473896026611328
2013-07-23,6.695802688598633
2013-07-24,6.715098857879639
2013-07-25,6.676506042480469
2013-07-26,6.695802688598633
2013-07-29,6.570376396179199
2013-07-30,6.589672565460205
2013-07-31,6.686154365539551
2013-08-01,6.608969688415527
2013-08-02,6.608969688415527
2013-08-05,6.608969688415527
2013-08-06,6.570376396179199
2013-08-07,6.464247703552246
2013-08-08,6.483543395996094
2013-08-09,6.406358242034912
2013-08-12,6.444951057434082
2013-08-13,6.444951057434082
2013-08-14,6.435303211212158
2013-08-15,6.377414226531982
2013-08-16,6.271284103393555
2013-08-19,6.078322410583496
2013-08-20,6.0107855796813965
2013-08-22,5.885359287261963
2013-08-23,5.98184061050415
2013-08-26,6.059025764465332
2013-08-27,5.895007610321045
2013-08-28,5.827470779418945
2013-08-29,5.885359287261963
2013-08-30,5.933599948883057
2013-09-02,6.059025764465332
2013-09-03,6.155507564544678
2013-09-04,6.251988410949707
2013-09-05,6.454598903656006
2013-09-06,6.454598903656006
2013-09-09,6.338821887969971
2013-09-10,6.377414226531982
2013-09-11,6.338821887969971
2013-09-12,6.300229549407959
2013-09-13,6.242340564727783
2013-09-16,6.377414226531982
2013-09-17,6.3291730880737305
2013-09-18,6.348470211029053
2013-09-23,6.3870625495910645
2013-09-24,6.705450534820557
2013-09-25,6.79228401184082
2013-09-26,6.676506042480469
2013-09-27,6.628265857696533
2013-09-30,6.705450534820557
2013-10-01,6.705450534820557
2013-10-02,6.647561550140381
2013-10-03,6.7729878425598145
2013-10-04,6.79228401184082
2013-10-07,6.744042873382568
2013-10-08,6.734395503997803
2013-10-09,6.715098857879639
2013-10-11,7.178208827972412
2013-10-14,7.014190673828125
2013-10-15,7.014190673828125
2013-10-16,7.274689197540283
2013-10-17,7.265042304992676
2013-10-18,7.168560981750488
2013-10-21,7.004541873931885
2013-10-22,7.168560981750488
2013-10-23,7.052783489227295
2013-10-24,7.004541873931885
2013-10-25,7.0334882736206055
2013-10-28,7.197504997253418
2013-10-29,7.2457451820373535
2013-10-30,7.303635120391846
2013-10-31,7.390468120574951
2013-11-01,7.380819797515869
2013-11-04,7.216802597045898
2013-11-05,7.072079658508301
2013-11-06,6.994894504547119
2013-11-07,7.004541873931885
2013-11-08,6.869469165802002
2013-11-11,6.7247467041015625
2013-11-12,6.560728549957275
2013-11-13,6.416006088256836
2013-11-14,6.589672565460205
2013-11-15,6.541432857513428
2013-11-18,6.396710395812988
2013-11-19,6.473896026611328
2013-11-20,6.454598903656006
2013-11-21,6.406358242034912
2013-11-22,6.3870625495910645
2013-11-25,6.416006088256836
2013-11-26,6.464247703552246
2013-11-27,6.464247703552246
2013-11-28,6.869469165802002
2013-11-29,6.75369119644165
2013-12-02,6.686154365539551
2013-12-03,6.715098857879639
2013-12-04,6.686154365539551
2013-12-05,6.686154365539551
2013-12-06,6.657209873199463
2013-12-09,6.715098857879639
2013-12-10,6.657209873199463
2013-12-11,6.473896026611328
2013-12-12,6.531785011291504
2013-12-13,6.580024719238281
2013-12-16,6.5221357345581055
2013-12-17,6.493191719055176
2013-12-18,6.560728549957275
2013-12-19,6.637913703918457
2013-12-20,6.608969688415527
2013-12-23,6.570376396179199
2013-12-24,6.580024719238281
2013-12-25,6.647561550140381
2013-12-26,6.628265857696533
2013-12-27,6.637913703918457
2013-12-30,6.75369119644165
2013-12-31,6.946654319763184
2014-01-02,7.091375350952148
2014-01-03,7.052783489227295
2014-01-06,7.226449489593506
2014-01-07,7.236098289489746
2014-01-08,7.158912181854248
2014-01-09,7.052783489227295
2014-01-10,7.3132829666137695
2014-01-13,7.274689197540283
2014-01-14,7.120320796966553
2014-01-15,7.168560981750488
2014-01-16,7.207154273986816
2014-01-17,7.207154273986816
2014-01-20,7.187856674194336
2014-01-21,7.072079658508301
2014-01-22,7.043134689331055
2014-01-23,7.052783489227295
2014-01-24,7.236098289489746
2014-01-27,7.0334882736206055
2014-02-05,7.014190673828125
2014-02-06,7.4965972900390625
2014-02-07,7.747448921203613
2014-02-10,7.718503952026367
2014-02-11,7.863226890563965
2014-02-12,7.882523536682129
2014-02-13,7.9307637214660645
2014-02-14,7.834281921386719
2014-02-17,7.757096767425537
2014-02-18,8.065836906433105
2014-02-19,8.220206260681152
2014-02-20,8.036892890930176
2014-02-21,8.027243614196777
2014-02-24,7.9597086906433105
2014-02-25,7.863226890563965
2014-02-26,8.017596244812012
2014-02-27,7.9307637214660645
2014-03-03,7.834281921386719
2014-03-04,7.834281921386719
2014-03-05,7.998300552368164
2014-03-06,7.911467552185059
2014-03-07,7.757096767425537
2014-03-10,7.892168998718262
2014-03-11,8.104430198669434
2014-03-12,7.9597086906433105
2014-03-13,7.892168998718262
2014-03-14,7.853577613830566
2014-03-17,7.872873783111572
2014-03-18,7.969355583190918
2014-03-19,7.843928813934326
2014-03-20,7.650967597961426
2014-03-21,7.525541305541992
2014-03-24,7.62202262878418
2014-03-25,7.728151798248291
2014-03-26,7.737802028656006
2014-03-27,7.718503952026367
2014-03-28,7.718503952026367
2014-03-31,7.747448921203613
2014-04-01,7.7860426902771
2014-04-02,7.737802028656006
2014-04-03,7.6895599365234375
2014-04-07,7.699207782745361
2014-04-08,7.718503952026367
2014-04-09,7.776392936706543
2014-04-10,7.718503952026367
2014-04-11,7.544836044311523
2014-04-14,7.438708305358887
2014-04-15,7.699207782745361
2014-04-16,7.863226890563965
2014-04-17,7.766745567321777
2014-04-18,7.795689582824707
2014-04-21,7.757096767425537
2014-04-22,7.7860426902771
2014-04-23,7.747448921203613
2014-04-24,7.998300552368164
2014-04-25,7.9307637214660645
2014-04-28,7.776392936706543
2014-04-29,7.882523536682129
2014-04-30,7.979001998901367
2014-05-02,7.9597086906433105
2014-05-05,7.921114921569824
2014-05-06,7.901818752288818
2014-05-07,7.843928813934326
2014-05-08,7.863226890563965
2014-05-09,7.795689582824707
2014-05-12,7.795689582824707
2014-05-13,7.718503952026367
2014-05-14,7.699207782745361
2014-05-15,7.650967597961426
2014-05-16,7.60272741317749
2014-05-19,7.64132022857666
2014-05-20,7.60272741317749
2014-05-21,7.544836044311523
2014-05-22,7.573782444000244
2014-05-23,7.766745567321777
2014-05-26,7.718503952026367
2014-05-27,7.805336952209473
2014-05-28,7.940412521362305
2014-05-29,8.104430198669434
2014-05-30,8.393872261047363
2014-06-03,8.422818183898926
2014-06-04,8.403522491455078
2014-06-05,8.403522491455078
2014-06-06,8.82804012298584
2014-06-09,9.426222801208496
2014-06-10,9.078890800476074
2014-06-11,9.310445785522461
2014-06-12,8.924521446228027
2014-06-13,8.914873123168945
2014-06-16,8.972761154174805
2014-06-17,9.040297508239746
2014-06-18,8.982409477233887
2014-06-19,9.435871124267578
2014-06-20,9.55164909362793
2014-06-23,9.088539123535156
2014-06-24,9.098187446594238
2014-06-25,9.233262062072754
2014-06-26,9.185018539428711
2014-06-27,9.185018539428711
2014-06-30,9.213964462280273
2014-07-01,9.445520401000977
2014-07-02,9.358684539794922
2014-07-03,9.310445785522461
2014-07-04,9.455167770385742
2014-07-07,9.503408432006836
2014-07-08,9.792851448059082
2014-07-09,9.696371078491211
2014-07-10,10.371740341186523
2014-07-11,10.468221664428711
2014-07-14,10.468221664428711
2014-07-15,10.275259971618652
2014-07-16,10.950628280639648
2014-07-17,10.998867988586426
2014-07-18,10.709424018859863
2014-07-21,10.709424018859863
2014-07-22,10.66118335723877
2014-07-23,10.66118335723877
2014-07-24,10.66118335723877
2014-07-25,10.419981002807617
2014-07-28,10.227018356323242
2014-07-29,9.580594062805176
2014-07-30,9.841093063354492
2014-07-31,9.889333724975586
2014-08-01,9.744611740112305
2014-08-04,9.841093063354492
2014-08-05,9.628833770751953
2014-08-06,9.98581600189209
2014-08-07,9.889333724975586
2014-08-08,9.648130416870117
2014-08-11,9.792851448059082
2014-08-12,9.744611740112305
2014-08-13,10.082296371459961
2014-08-14,9.937573432922363
2014-08-15,9.744611740112305
2014-08-18,9.696371078491211
2014-08-19,9.792851448059082
2014-08-20,9.744611740112305
2014-08-21,9.696371078491211
2014-08-22,10.371740341186523
2014-08-25,10.902388572692871
2014-08-26,10.950628280639648
2014-08-27,10.950628280639648
2014-08-28,11.143590927124023
2014-08-29,11.38479232788086
2014-09-01,11.625997543334961
2014-09-02,11.288312911987305
2014-09-03,11.38479232788086
2014-09-04,11.577756881713867
2014-09-05,11.81895923614502
2014-09-09,11.867199897766113
2014-09-10,11.577756881713867
2014-09-11,11.48127555847168
2014-09-12,11.095349311828613
2014-09-15,11.095349311828613
2014-09-16,10.998867988586426
2014-09-17,11.143590927124023
2014-09-18,11.143590927124023
2014-09-19,11.577756881713867
2014-09-22,11.577756881713867
2014-09-23,11.433034896850586
2014-09-24,11.674237251281738
2014-09-25,11.722478866577148
2014-09-26,11.48127555847168
2014-09-29,11.529515266418457
2014-09-30,11.38479232788086
2014-10-01,11.48127555847168
2014-10-02,11.674237251281738
2014-10-03,11.963682174682617
2014-10-06,12.349607467651367
2014-10-07,12.060162544250488
2014-10-08,11.91544246673584
2014-10-09,11.770719528198242
2014-10-13,11.336554527282715
2014-10-14,11.288312911987305
2014-10-15,10.998867988586426
2014-10-16,11.433034896850586
2014-10-17,10.80590534210205
2014-10-20,11.240072250366211
2014-10-21,11.288312911987305
2014-10-22,11.433034896850586
2014-10-23,11.867199897766113
2014-10-24,11.91544246673584
2014-10-27,11.577756881713867
2014-10-28,11.91544246673584
2014-10-29,12.011922836303711
2014-10-30,11.963682174682617
2014-10-31,12.108405113220215
2014-11-03,12.349607467651367
2014-11-04,12.494329452514648
2014-11-05,12.494329452514648
2014-11-06,12.397849082946777
2014-11-07,12.54256820678711
2014-11-10,12.687292098999023
2014-11-11,12.7355318069458
2014-11-12,12.687292098999023
2014-11-13,12.59080982208252
2014-11-14,12.156644821166992
2014-11-17,12.446087837219238
2014-11-18,12.156644821166992
2014-11-19,12.253127098083496
2014-11-20,12.54256820678711
2014-11-21,12.59080982208252
2014-11-24,12.54256820678711
2014-11-25,13.07321834564209
2014-11-26,13.941549301147461
2014-11-27,14.472196578979492
2014-11-28,15.244046211242676
2014-12-01,16.305339813232422
2014-12-02,16.401819229125977
2014-12-03,17.511356353759766
2014-12-04,17.221912384033203
2014-12-05,17.31839370727539
2014-12-08,18.476171493530273
2014-12-09,17.752559661865234
2014-12-10,17.221912384033203
2014-12-11,17.366636276245117
2014-12-12,17.463115692138672
2014-12-15,17.221912384033203
2014-12-16,17.17367172241211
2014-12-17,17.17367172241211
2014-12-18,16.69126319885254
2014-12-19,16.160619735717773
2014-12-22,17.077190399169922
2014-12-23,17.077190399169922
2014-12-24,17.27015495300293
2014-12-25,17.463115692138672
2014-12-26,17.221912384033203
2014-12-29,17.125431060791016
2014-12-30,17.27015495300293
2014-12-31,17.27015495300293
2015-01-05,17.94552230834961
2015-01-06,17.17367172241211
2015-01-07,17.607837677001953
2015-01-08,18.81385612487793
2015-01-09,18.620891571044922
2015-01-12,18.234968185424805
2015-01-13,19.48922348022461
2015-01-14,20.550519943237305
2015-01-15,20.212833404541016
2015-01-16,20.40579605102539
2015-01-19,21.08116340637207
2015-01-20,20.454038619995117
2015-01-21,20.212833404541016
2015-01-22,21.27412986755371
2015-01-23,21.467092514038086
2015-01-26,21.467092514038086
2015-01-27,21.418848037719727
2015-01-28,21.467092514038086
2015-01-29,22.045978546142578
2015-01-30,21.418848037719727
2015-02-02,20.164592742919922
2015-02-03,20.50227928161621
2015-02-04,20.550519943237305
2015-02-05,20.40579605102539
2015-02-06,20.50227928161621
2015-02-09,19.296260833740234
2015-02-10,19.440980911254883
2015-02-11,19.19978141784668
2015-02-12,19.537466049194336
2015-02-13,19.440980911254883
2015-02-24,20.791719436645508
2015-02-25,20.88820457458496
2015-02-26,20.64699935913086
2015-03-02,20.791719436645508
2015-03-03,20.550519943237305
2015-03-04,20.068111419677734
2015-03-05,20.26107406616211
2015-03-06,20.40579605102539
2015-03-09,19.585704803466797
2015-03-10,19.24802017211914
2015-03-11,18.57265281677246
2015-03-12,18.669130325317383
2015-03-13,18.86209487915039
2015-03-16,18.427928924560547
2015-03-17,18.33144760131836
2015-03-18,18.669130325317383
2015-03-19,18.5244083404541
2015-03-20,18.5244083404541
2015-03-23,18.669130325317383
2015-03-24,18.57265281677246
2015-03-25,18.5244083404541
2015-03-26,18.138484954833984
2015-03-27,18.138484954833984
2015-03-30,17.752559661865234
2015-03-31,17.463115692138672
2015-04-01,17.70431900024414
2015-04-02,17.559598922729492
2015-04-07,17.849044799804688
2015-04-08,17.559598922729492
2015-04-09,17.897281646728516
2015-04-10,17.511356353759766
2015-04-13,17.559598922729492
2015-04-14,17.752559661865234
2015-04-15,17.366636276245117
2015-04-16,16.835988998413086
2015-04-17,16.450063705444336
2015-04-20,17.17367172241211
2015-04-21,16.69126319885254
2015-04-22,17.077190399169922
2015-04-23,17.02895164489746
2015-04-24,16.980709075927734
2015-04-27,17.077190399169922
2015-04-28,16.787744522094727
2015-04-29,15.871174812316895
2015-04-30,14.858121871948242
2015-05-04,15.099323272705078
2015-05-05,14.906363487243652
2015-05-06,14.809880256652832
2015-05-07,14.954601287841797
2015-05-08,13.989789009094238
2015-05-11,13.36266040802002
2015-05-12,13.989789009094238
2015-05-13,14.954601287841797
2015-05-14,15.533491134643555
2015-05-15,15.051082611083984
2015-05-18,15.00284194946289
2015-05-19,15.919417381286621
2015-05-20,16.257097244262695
2015-05-21,15.678214073181152
2015-05-22,15.678214073181152
2015-05-25,15.871174812316895
2015-05-26,15.147564888000488
2015-05-27,15.292287826538086
2015-05-28,15.388768196105957
2015-05-29,16.015897750854492
2015-06-01,15.678214073181152
2015-06-02,15.147564888000488
2015-06-03,15.244046211242676
2015-06-04,14.182750701904297
2015-06-05,14.375715255737305
2015-06-08,13.893308639526367
2015-06-09,12.832013130187988
2015-06-10,13.07321834564209
2015-06-11,13.024975776672363
2015-06-12,12.880253791809082
2015-06-15,12.832013130187988
2015-06-16,12.349607467651367
2015-06-17,12.011922836303711
2015-06-18,12.349607467651367
2015-06-22,13.555623054504395
2015-06-23,13.410901069641113
2015-06-24,13.266179084777832
2015-06-25,13.024975776672363
2015-06-26,12.928495407104492
2015-06-29,12.156644821166992
2015-06-30,12.204885482788086
2015-07-01,12.494329452514648
2015-07-02,12.639050483703613
2015-07-03,12.349607467651367
2015-07-06,12.108405113220215
2015-07-07,12.204885482788086
2015-07-08,11.191831588745117
2015-07-09,11.191831588745117
2015-07-10,11.191831588745117
2015-07-13,12.301366806030273
2015-07-14,11.91544246673584
2015-07-15,11.722478866577148
2015-07-16,11.963682174682617
2015-07-17,11.577756881713867
2015-07-20,11.577756881713867
2015-07-21,11.48127555847168
2015-07-22,11.38479232788086
2015-07-23,10.998867988586426
2015-07-24,10.854146957397461
2015-07-27,9.937573432922363
2015-07-28,10.371740341186523
2015-07-29,10.468221664428711
2015-07-30,10.854146957397461
2015-07-31,10.612943649291992
2015-08-03,10.468221664428711
2015-08-04,10.130537033081055
2015-08-05,10.371740341186523
2015-08-06,10.178778648376465
2015-08-07,10.227018356323242
2015-08-10,10.709424018859863
2015-08-11,10.468221664428711
2015-08-12,10.709424018859863
2015-08-13,10.227018356323242
2015-08-14,9.3876314163208
2015-08-17,8.6254301071167
2015-08-18,8.82804012298584
2015-08-19,8.692965507507324
2015-08-20,8.741206169128418
2015-08-21,7.940412521362305
2015-08-24,7.149264812469482
2015-08-25,7.351875305175781
2015-08-26,8.007948875427246
2015-08-27,8.094781875610352
2015-08-28,8.200909614562988
2015-08-31,8.326336860656738
2015-09-01,8.49035358428955
2015-09-02,9.03065013885498
2015-09-03,9.088539123535156
2015-09-04,8.683318138122559
2015-09-07,8.808743476867676
2015-09-08,8.924521446228027
2015-09-09,9.156076431274414
2015-09-10,9.16572380065918
2015-09-11,9.638483047485352
2015-09-14,10.034055709838867
2015-09-15,9.792851448059082
2015-09-16,9.648130416870117
2015-09-17,9.841093063354492
2015-09-18,9.648130416870117
2015-09-21,9.841093063354492
2015-09-22,9.841093063354492
2015-09-23,9.744611740112305
2015-09-24,9.648130416870117
2015-09-25,9.570944786071777
2015-09-29,9.570944786071777
2015-09-30,9.484110832214355
2015-10-01,9.696371078491211
2015-10-02,9.744611740112305
2015-10-05,9.98581600189209
2015-10-06,9.889333724975586
2015-10-07,9.937573432922363
2015-10-08,9.648130416870117
2015-10-12,9.696371078491211
2015-10-13,9.696371078491211
2015-10-14,9.696371078491211
2015-10-15,9.744611740112305
2015-10-16,10.709424018859863
2015-10-19,11.433034896850586
2015-10-20,11.48127555847168
2015-10-21,11.674237251281738
2015-10-22,11.577756881713867
2015-10-23,11.095349311828613
2015-10-26,11.336554527282715
2015-10-27,11.191831588745117
2015-10-28,10.80590534210205
2015-10-29,10.80590534210205
2015-10-30,10.950628280639648
2015-11-02,10.75766658782959
2015-11-03,11.095349311828613
2015-11-04,11.047111511230469
2015-11-05,11.288312911987305
2015-11-06,10.950628280639648
2015-11-09,10.66118335723877
2015-11-10,10.082296371459961
2015-11-11,9.696371078491211
2015-11-12,9.648130416870117
2015-11-13,9.53235149383545
2015-11-16,9.059595108032227
2015-11-17,9.937573432922363
2015-11-18,9.609538078308105
2015-11-19,9.648130416870117
2015-11-20,9.889333724975586
2015-11-23,9.744611740112305
2015-11-24,9.619186401367188
2015-11-25,9.455167770385742
2015-11-26,9.513056755065918
2015-11-27,9.27185344696045
2015-11-30,9.107833862304688
2015-12-01,9.484110832214355
2015-12-02,9.628833770751953
2015-12-03,9.628833770751953
2015-12-04,9.570944786071777
2015-12-07,9.937573432922363
2015-12-08,9.648130416870117
2015-12-09,9.310445785522461
2015-12-10,9.281500816345215
2015-12-11,8.992056846618652
2015-12-14,8.70261287689209
2015-12-15,8.760502815246582
2015-12-16,9.406928062438965
2015-12-17,9.49376106262207
2015-12-18,9.406928062438965
2015-12-21,9.59989070892334
2015-12-22,9.696371078491211
2015-12-23,9.503408432006836
2015-12-24,9.561296463012695
2015-12-25,9.59989070892334
2015-12-28,9.580594062805176
2015-12-29,9.46481704711914
2015-12-30,9.609538078308105
2015-12-31,9.609538078308105
2016-01-04,9.358684539794922
2016-01-05,9.146429061889648
2016-01-06,8.963112831115723
2016-01-07,8.49035358428955
2016-01-08,8.712261199951172
2016-01-11,8.220206260681152
2016-01-12,7.814985752105713
2016-01-13,7.882523536682129
2016-01-14,7.6895599365234375
2016-01-15,7.60272741317749
2016-01-18,7.814985752105713
2016-01-19,7.969355583190918
2016-01-20,7.728151798248291
2016-01-21,7.728151798248291
2016-01-22,7.853577613830566
2016-01-25,8.635077476501465
2016-01-26,8.442113876342773
2016-01-27,8.374577522277832
2016-01-28,8.70261287689209
2016-01-29,8.664019584655762
2016-02-01,8.586835861206055
2016-02-02,8.500001907348633
2016-02-03,8.229854583740234
2016-02-15,8.16231918334961
2016-02-16,8.567540168762207
2016-02-17,8.49035358428955
2016-02-18,8.500001907348633
2016-02-19,8.596484184265137
2016-02-22,8.6254301071167
2016-02-23,8.731557846069336
2016-02-24,8.64472484588623
2016-02-25,8.664019584655762
2016-02-26,8.712261199951172
2016-03-01,8.808743476867676
2016-03-02,8.972761154174805
2016-03-03,9.00170612335205
2016-03-04,9.088539123535156
2016-03-07,8.972761154174805
2016-03-08,9.156076431274414
2016-03-09,9.059595108032227
2016-03-10,9.069242477416992
2016-03-11,9.069242477416992
2016-03-14,9.26220417022705
2016-03-15,8.905224800109863
2016-03-16,9.00170612335205
2016-03-17,8.885926246643066
2016-03-18,8.876279830932617
2016-03-21,8.856985092163086
2016-03-22,8.856985092163086
2016-03-23,8.760502815246582
2016-03-24,8.606133460998535
2016-03-25,8.82804012298584
2016-03-28,8.664019584655762
2016-03-29,8.49035358428955
2016-03-30,8.577188491821289
2016-03-31,8.635077476501465
2016-04-01,8.567540168762207
2016-04-06,8.297390937805176
2016-04-07,8.239503860473633
2016-04-08,8.297390937805176
2016-04-11,8.297390937805176
2016-04-12,8.123723983764648
2016-04-13,8.181615829467773
2016-04-14,8.191263198852539
2016-04-15,8.152669906616211
2016-04-18,8.104430198669434
2016-04-19,8.114078521728516
2016-04-20,8.007948875427246
2016-04-21,7.9307637214660645
2016-04-22,7.843928813934326
2016-04-25,7.728151798248291
2016-04-26,7.834281921386719
2016-04-27,7.834281921386719
2016-04-28,7.98865270614624
2016-04-29,7.814985752105713
2016-05-03,7.506246089935303
2016-05-04,7.293987274169922
2016-05-05,7.342227458953857
2016-05-06,7.322931289672852
2016-05-09,7.236098289489746
2016-05-10,7.265042304992676
2016-05-11,7.178208827972412
2016-05-12,6.801932334899902
2016-05-13,6.309876918792725
2016-05-16,6.1940999031066895
2016-05-17,6.811580181121826
2016-05-18,7.0334882736206055
2016-05-19,6.985246181488037
2016-05-20,7.236098289489746
2016-05-23,7.467654228210449
2016-05-24,7.467654228210449
2016-05-25,7.583430767059326
2016-05-26,7.62202262878418
2016-05-27,7.60272741317749
2016-05-30,7.477300643920898
2016-05-31,7.535189151763916
2016-06-01,7.6316704750061035
2016-06-02,7.573782444000244
2016-06-03,7.911467552185059
2016-06-06,7.969355583190918
2016-06-07,8.017596244812012
2016-06-08,8.104430198669434
2016-06-13,8.056188583374023
2016-06-14,8.287745475769043
2016-06-15,8.606133460998535
2016-06-16,8.480708122253418
2016-06-17,8.606133460998535
2016-06-20,8.6254301071167
2016-06-21,8.654374122619629
2016-06-22,8.509652137756348
2016-06-23,8.49035358428955
2016-06-24,8.268446922302246
2016-06-27,8.200909614562988
2016-06-28,8.16231918334961
2016-06-29,8.239503860473633
2016-06-30,8.239503860473633
2016-07-01,8.258801460266113
2016-07-04,8.181615829467773
2016-07-05,8.21055793762207
2016-07-06,8.152669906616211
2016-07-07,8.67366886138916
2016-07-08,8.67366886138916
2016-07-11,8.615779876708984
2016-07-12,8.905224800109863
2016-07-13,8.953466415405273
2016-07-14,9.088539123535156
2016-07-15,9.648130416870117
2016-07-18,9.638483047485352
2016-07-19,9.696371078491211
2016-07-20,10.130537033081055
2016-07-21,10.80590534210205
2016-07-22,11.143590927124023
2016-07-25,10.80590534210205
2016-07-26,10.998867988586426
2016-07-27,11.191831588745117
2016-07-28,10.998867988586426
2016-07-29,10.950628280639648
2016-08-01,11.91544246673584
2016-08-02,11.91544246673584
2016-08-03,11.674237251281738
2016-08-04,11.674237251281738
2016-08-05,11.91544246673584
2016-08-08,11.722478866577148
2016-08-09,11.867199897766113
2016-08-10,11.191831588745117
2016-08-11,11.38479232788086
2016-08-12,11.240072250366211
2016-08-15,10.80590534210205
2016-08-16,11.047111511230469
2016-08-17,11.867199897766113
2016-08-18,11.529515266418457
2016-08-19,11.191831588745117
2016-08-22,10.75766658782959
2016-08-23,10.950628280639648
2016-08-24,10.998867988586426
2016-08-25,10.950628280639648
2016-08-26,11.191831588745117
2016-08-29,11.143590927124023
2016-08-30,11.095349311828613
2016-08-31,10.998867988586426
2016-09-01,10.998867988586426
2016-09-02,10.854146957397461
2016-09-05,10.998867988586426
2016-09-06,11.288312911987305
2016-09-07,11.288312911987305
2016-09-08,11.240072250366211
2016-09-09,11.240072250366211
2016-09-12,10.998867988586426
2016-09-13,10.854146957397461
2016-09-14,10.80590534210205
2016-09-19,11.047111511230469
2016-09-20,11.336554527282715
2016-09-21,11.529515266418457
2016-09-22,11.48127555847168
2016-09-23,11.91544246673584
2016-09-26,12.301366806030273
2016-09-27,12.301366806030273
2016-09-28,12.301366806030273
2016-09-29,11.770719528198242
2016-09-30,11.577756881713867
2016-10-03,11.529515266418457
2016-10-04,11.38479232788086
2016-10-05,11.529515266418457
2016-10-06,11.577756881713867
2016-10-07,11.191831588745117
2016-10-11,10.275259971618652
2016-10-12,10.419981002807617
2016-10-13,10.130537033081055
2016-10-14,9.744611740112305
2016-10-17,10.32349967956543
2016-10-18,10.275259971618652
2016-10-19,10.275259971618652
2016-10-20,10.516461372375488
2016-10-21,10.75766658782959
2016-10-24,10.564702987670898
2016-10-25,10.516461372375488
2016-10-26,10.564702987670898
2016-10-27,10.468221664428711
2016-10-28,10.32349967956543
2016-10-31,10.275259971618652
2016-11-01,10.275259971618652
2016-11-02,9.937573432922363
2016-11-03,9.841093063354492
2016-11-04,9.937573432922363
2016-11-07,9.98581600189209
2016-11-08,9.937573432922363
2016-11-09,9.455167770385742
2016-11-10,9.841093063354492
2016-11-11,9.648130416870117
2016-11-14,9.426222801208496
2016-11-15,9.513056755065918
2016-11-16,9.570944786071777
2016-11-17,9.445520401000977
2016-11-18,9.46481704711914
2016-11-21,10.371740341186523
2016-11-22,10.612943649291992
2016-11-23,10.709424018859863
2016-11-24,10.371740341186523
2016-11-25,10.468221664428711
2016-11-28,10.371740341186523
2016-11-29,10.564702987670898
2016-11-30,10.902388572692871
2016-12-01,10.854146957397461
2016-12-02,10.612943649291992
2016-12-05,10.516461372375488
2016-12-06,10.516461372375488
2016-12-07,10.564702987670898
2016-12-08,10.564702987670898
2016-12-09,10.564702987670898
2016-12-12,10.468221664428711
2016-12-13,10.468221664428711
2016-12-14,10.564702987670898
2016-12-15,10.80590534210205
2016-12-16,10.66118335723877
2016-12-19,10.371740341186523
2016-12-20,10.419981002807617
2016-12-21,10.32349967956543
2016-12-22,10.034055709838867
2016-12-23,9.937573432922363
2016-12-26,9.889333724975586
2016-12-27,9.841093063354492
2016-12-28,9.889333724975586
2016-12-29,9.841093063354492
2016-12-30,10.034055709838867
2017-01-03,10.082296371459961
2017-01-04,10.178778648376465
2017-01-05,10.130537033081055
2017-01-06,10.227018356323242
2017-01-09,10.034055709838867
2017-01-10,9.937573432922363
2017-01-11,9.937573432922363
2017-01-12,9.937573432922363
2017-01-13,9.889333724975586
2017-01-16,9.889333724975586
2017-01-17,9.937573432922363
2017-01-18,9.98581600189209
2017-01-19,10.082296371459961
2017-01-20,10.034055709838867
2017-01-23,10.227018356323242
2017-01-24,10.082296371459961
2017-02-02,10.130537033081055
2017-02-03,10.468221664428711
2017-02-06,10.66118335723877
2017-02-07,10.468221664428711
2017-02-08,10.516461372375488
2017-02-09,10.516461372375488
2017-02-10,10.612943649291992
2017-02-13,10.564702987670898
2017-02-14,10.709424018859863
2017-02-15,10.66118335723877
2017-02-16,10.709424018859863
2017-02-17,10.950628280639648
2017-02-20,10.709424018859863
2017-02-21,10.66118335723877
2017-02-22,10.75766658782959
2017-02-23,10.902388572692871
2017-02-24,11.143590927124023
2017-03-01,10.75766658782959
2017-03-02,10.80590534210205
2017-03-03,10.75766658782959
2017-03-06,10.709424018859863
2017-03-07,10.75766658782959
2017-03-08,10.75766658782959
2017-03-09,10.80590534210205
2017-03-10,10.80590534210205
2017-03-13,10.75766658782959
2017-03-14,10.709424018859863
2017-03-15,10.709424018859863
2017-03-16,10.80590534210205
2017-03-17,11.288312911987305
2017-03-20,11.288312911987305
2017-03-21,11.433034896850586
2017-03-22,11.529515266418457
2017-03-23,11.48127555847168
2017-03-24,11.674237251281738
2017-03-27,11.288312911987305
2017-03-28,10.902388572692871
2017-03-29,11.143590927124023
2017-03-30,11.047111511230469
2017-03-31,11.38479232788086
2017-04-05,11.336554527282715
2017-04-06,11.336554527282715
2017-04-07,11.143590927124023
2017-04-10,11.095349311828613
2017-04-11,10.902388572692871
2017-04-12,10.612943649291992
2017-04-13,11.095349311828613
2017-04-14,10.709424018859863
2017-04-17,10.75766658782959
2017-04-18,10.80590534210205
2017-04-19,10.612943649291992
2017-04-20,10.419981002807617
2017-04-21,10.516461372375488
2017-04-24,10.468221664428711
2017-04-25,10.516461372375488
2017-04-26,10.612943649291992
2017-04-27,10.564702987670898
2017-04-28,10.709424018859863
2017-05-02,10.564702987670898
2017-05-03,10.516461372375488
2017-05-04,10.516461372375488
2017-05-05,10.66118335723877
2017-05-08,11.336554527282715
2017-05-09,10.75766658782959
2017-05-10,10.902388572692871
2017-05-11,10.75766658782959
2017-05-12,10.66118335723877
2017-05-15,10.468221664428711
2017-05-16,10.468221664428711
2017-05-17,10.468221664428711
2017-05-18,10.564702987670898
2017-05-19,10.516461372375488
2017-05-22,10.516461372375488
2017-05-23,10.612943649291992
2017-05-24,10.564702987670898
2017-05-25,10.564702987670898
2017-05-26,10.612943649291992
2017-05-31,10.516461372375488
2017-06-01,10.468221664428711
2017-06-02,10.516461372375488
2017-06-05,10.80590534210205
2017-06-06,10.66118335723877
2017-06-07,10.66118335723877
2017-06-08,10.950628280639648
2017-06-09,10.998867988586426
2017-06-12,10.709424018859863
2017-06-13,10.75766658782959
2017-06-14,10.516461372375488
2017-06-15,10.564702987670898
2017-06-16,10.66118335723877
2017-06-19,10.66118335723877
2017-06-20,10.612943649291992
2017-06-21,10.66118335723877
2017-06-22,10.612943649291992
2017-06-23,10.612943649291992
2017-06-26,10.468221664428711
2017-06-27,10.419981002807617
2017-06-28,10.32349967956543
2017-06-29,10.275259971618652
2017-06-30,10.227018356323242
2017-07-03,10.32349967956543
2017-07-04,10.082296371459961
2017-07-05,10.082296371459961
2017-07-06,9.937573432922363
2017-07-07,9.792851448059082
2017-07-10,9.744611740112305
2017-07-11,9.792851448059082
2017-07-12,9.696371078491211
2017-07-13,9.744611740112305
2017-07-14,9.696371078491211
2017-07-17,10.082296371459961
2017-07-18,9.889333724975586
2017-07-19,9.792851448059082
2017-07-20,9.792851448059082
2017-07-21,9.696371078491211
2017-07-24,9.696371078491211
2017-07-25,9.744611740112305
2017-07-26,9.696371078491211
2017-07-27,9.98581600189209
2017-07-28,9.937573432922363
2017-07-31,9.841093063354492
2017-08-01,9.889333724975586
2017-08-02,10.034055709838867
2017-08-03,9.937573432922363
2017-08-04,9.792851448059082
2017-08-07,9.841093063354492
2017-08-08,9.744611740112305
2017-08-09,9.570944786071777
2017-08-10,9.136778831481934
2017-08-11,8.789446830749512
2017-08-14,8.49035358428955
2017-08-15,8.6254301071167
2017-08-16,8.885926246643066
2017-08-17,9.26220417022705
2017-08-18,9.213964462280273
2017-08-21,9.16572380065918
2017-08-22,9.300798416137695
2017-08-23,9.27185344696045
2017-08-24,9.474464416503906
2017-08-25,9.542000770568848
2017-08-28,9.638483047485352
2017-08-29,9.542000770568848
2017-08-30,9.570944786071777
2017-08-31,9.648130416870117
2017-09-01,9.648130416870117
2017-09-04,9.561296463012695
2017-09-05,9.542000770568848
2017-09-06,9.406928062438965
2017-09-07,9.329742431640625
2017-09-08,9.455167770385742
2017-09-11,9.474464416503906
2017-09-12,9.474464416503906
2017-09-13,9.792851448059082
2017-09-14,9.841093063354492
2017-09-15,9.744611740112305
2017-09-18,9.841093063354492
2017-09-19,9.744611740112305
2017-09-20,9.648130416870117
2017-09-21,9.841093063354492
2017-09-22,9.696371078491211
2017-09-25,9.32009506225586
2017-09-26,9.16572380065918
2017-09-27,9.204317092895508
2017-09-28,9.213964462280273
2017-09-29,9.040297508239746
2017-10-02,9.27185344696045
2017-10-03,9.300798416137695
2017-10-05,9.300798416137695
2017-10-06,9.291150093078613
2017-10-11,9.223612785339355
2017-10-12,9.32009506225586
2017-10-13,9.416576385498047
2017-10-16,9.484110832214355
2017-10-17,9.329742431640625
2017-10-18,9.329742431640625
2017-10-19,9.46481704711914
2017-10-20,9.416576385498047
2017-10-23,9.416576385498047
2017-10-24,9.841093063354492
2017-10-25,9.744611740112305
2017-10-26,9.696371078491211
2017-10-27,9.841093063354492
2017-10-30,9.792851448059082
2017-10-31,9.937573432922363
2017-11-01,10.612943649291992
2017-11-02,10.419981002807617
2017-11-03,10.612943649291992
2017-11-06,10.902388572692871
2017-11-07,10.709424018859863
2017-11-08,10.75766658782959
2017-11-09,10.516461372375488
2017-11-10,10.468221664428711
2017-11-13,9.841093063354492
2017-11-14,9.648130416870117
2017-11-15,9.484110832214355
2017-11-16,9.36833381652832
2017-11-17,9.53235149383545
2017-11-20,9.406928062438965
2017-11-21,9.648130416870117
2017-11-22,9.503408432006836
2017-11-23,9.53235149383545
2017-11-24,9.744611740112305
2017-11-27,9.619186401367188
2017-11-28,9.580594062805176
2017-11-29,9.98581600189209
2017-11-30,9.889333724975586
2017-12-01,9.648130416870117
2017-12-04,10.034055709838867
2017-12-05,9.937573432922363
2017-12-06,9.841093063354492
2017-12-07,9.744611740112305
2017-12-08,9.744611740112305
2017-12-11,9.937573432922363
2017-12-12,10.130537033081055
2017-12-13,10.130537033081055
2017-12-14,10.130537033081055
2017-12-15,10.034055709838867
2017-12-18,10.082296371459961
2017-12-19,9.98581600189209
2017-12-20,10.419981002807617
2017-12-21,10.419981002807617
2017-12-22,10.371740341186523
2017-12-25,10.419981002807617
2017-12-26,10.275259971618652
2017-12-27,10.275259971618652
2017-12-28,10.178778648376465
2017-12-29,10.227018356323242
2018-01-02,10.371740341186523
2018-01-03,10.227018356323242
2018-01-04,10.275259971618652
2018-01-05,10.371740341186523
2018-01-08,10.516461372375488
2018-01-09,10.371740341186523
2018-01-10,10.082296371459961
2018-01-11,10.082296371459961
2018-01-12,10.034055709838867
2018-01-15,9.98581600189209
2018-01-16,10.178778648376465
2018-01-17,10.082296371459961
2018-01-18,9.98581600189209
2018-01-19,9.98581600189209
2018-01-22,9.841093063354492
2018-01-23,9.792851448059082
2018-01-24,9.792851448059082
2018-01-25,9.841093063354492
2018-01-26,9.841093063354492
2018-01-29,9.841093063354492
2018-01-30,10.034055709838867
2018-01-31,9.889333724975586
2018-02-01,9.889333724975586
2018-02-02,9.889333724975586
2018-02-05,9.648130416870117
2018-02-06,8.731557846069336
2018-02-07,8.876279830932617
2018-02-08,8.70261287689209
2018-02-09,8.297390937805176
2018-02-12,8.741206169128418
2018-02-21,8.992056846618652
2018-02-22,9.049946784973145
2018-02-23,9.069242477416992
2018-02-26,9.16572380065918
2018-02-27,9.242910385131836
2018-03-01,9.204317092895508
2018-03-02,9.127132415771484
2018-03-05,8.982409477233887
2018-03-06,9.078890800476074
2018-03-07,9.146429061889648
2018-03-08,9.19466781616211
2018-03-09,9.300798416137695
2018-03-12,9.26220417022705
2018-03-13,9.503408432006836
2018-03-14,9.513056755065918
2018-03-15,9.648130416870117
2018-03-16,9.513056755065918
2018-03-19,9.445520401000977
2018-03-20,9.349039077758789
2018-03-21,9.426222801208496
2018-03-22,9.281500816345215
2018-03-23,9.069242477416992
2018-03-26,9.088539123535156
2018-03-27,9.377983093261719
2018-03-28,9.358684539794922
2018-03-29,9.484110832214355
2018-03-30,9.455167770385742
2018-04-02,9.377983093261719
2018-04-03,9.358684539794922
2018-04-09,9.291150093078613
2018-04-10,9.26220417022705
2018-04-11,9.377983093261719
2018-04-12,9.648130416870117
2018-04-13,9.744611740112305
2018-04-16,9.570944786071777
2018-04-17,9.46481704711914
2018-04-18,9.484110832214355
2018-04-19,9.648130416870117
2018-04-20,9.619186401367188
2018-04-23,9.36833381652832
2018-04-24,9.146429061889648
2018-04-25,9.098187446594238
2018-04-26,8.972761154174805
2018-04-27,8.924521446228027
2018-04-30,9.098187446594238
2018-05-02,9.069242477416992
2018-05-03,9.098187446594238
2018-05-04,9.049946784973145
2018-05-07,9.078890800476074
2018-05-08,9.16572380065918
2018-05-09,9.117484092712402
2018-05-10,9.16572380065918
2018-05-11,9.16572380065918
2018-05-14,9.03065013885498
2018-05-15,8.885926246643066
2018-05-16,8.77015209197998
2018-05-17,8.808743476867676
2018-05-18,8.712261199951172
2018-05-21,8.856985092163086
2018-05-22,8.82804012298584
2018-05-23,8.799095153808594
2018-05-24,8.856985092163086
2018-05-25,8.82804012298584
2018-05-28,8.905224800109863
2018-05-29,9.021001815795898
2018-05-30,8.914873123168945
2018-05-31,9.00170612335205
2018-06-01,9.069242477416992
2018-06-04,9.223612785339355
2018-06-05,9.36833381652832
2018-06-06,9.55164909362793
2018-06-07,9.561296463012695
2018-06-08,9.744611740112305
2018-06-11,10.034055709838867
2018-06-12,10.227018356323242
2018-06-13,9.889333724975586
2018-06-14,10.034055709838867
2018-06-15,10.034055709838867
2018-06-19,9.841093063354492
2018-06-20,9.696371078491211
2018-06-21,9.696371078491211
2018-06-22,9.696371078491211
2018-06-25,9.696371078491211
2018-06-26,9.628833770751953
2018-06-27,9.580594062805176
2018-06-28,9.416576385498047
2018-06-29,9.53235149383545
2018-07-02,9.53235149383545
2018-07-03,9.33938980102539
2018-07-04,9.233262062072754
2018-07-05,8.943819046020508
2018-07-06,8.924521446228027
2018-07-09,9.03065013885498
2018-07-10,9.03065013885498
2018-07-11,9.204317092895508
2018-07-12,9.107833862304688
2018-07-13,9.204317092895508
2018-07-16,9.185018539428711
2018-07-17,9.127132415771484
2018-07-18,9.16572380065918
2018-07-19,9.107833862304688
2018-07-20,9.088539123535156
2018-07-23,9.059595108032227
2018-07-24,9.117484092712402
2018-07-25,9.117484092712402
2018-07-26,9.3876314163208
2018-07-27,9.49376106262207
2018-07-30,9.455167770385742
2018-07-31,9.455167770385742
2018-08-01,9.46481704711914
2018-08-02,9.474464416503906
2018-08-03,9.53235149383545
2018-08-06,9.696371078491211
2018-08-07,9.59989070892334
2018-08-08,9.744611740112305
2018-08-09,9.744611740112305
2018-08-10,10.082296371459961
2018-08-13,9.889333724975586
2018-08-14,10.854146957397461
2018-08-15,11.770719528198242
2018-08-16,12.54256820678711
2018-08-17,13.796826362609863
2018-08-20,13.700345039367676
2018-08-21,14.761639595031738
2018-08-22,14.52043628692627
2018-08-23,15.437007904052734
2018-08-24,14.52043628692627
2018-08-27,14.56867790222168
2018-08-28,14.665157318115234
2018-08-29,15.533491134643555
2018-08-30,15.437007904052734
2018-08-31,16.11237907409668
2018-09-03,15.099323272705078
2018-09-04,15.485250473022461
2018-09-05,14.56867790222168
2018-09-06,14.182750701904297
2018-09-07,13.941549301147461
2018-09-10,12.59080982208252
2018-09-11,13.410901069641113
2018-09-12,12.7355318069458
2018-09-13,12.7355318069458
2018-09-14,13.507383346557617
2018-09-17,13.024975776672363
2018-09-18,12.832013130187988
2018-09-19,12.59080982208252
2018-09-20,11.81895923614502
2018-09-21,12.011922836303711
2018-09-25,12.108405113220215
2018-09-26,11.867199897766113
2018-09-27,11.867199897766113
2018-09-28,11.867199897766113
2018-10-01,12.060162544250488
2018-10-02,11.770719528198242
2018-10-03,11.047111511230469
2018-10-04,11.095349311828613
2018-10-05,10.66118335723877
2018-10-08,10.75766658782959
2018-10-09,10.468221664428711
2018-10-11,9.426222801208496
2018-10-12,10.034055709838867
2018-10-15,9.937573432922363
2018-10-16,10.082296371459961
2018-10-17,9.98581600189209
2018-10-18,9.889333724975586
2018-10-19,9.648130416870117
2018-10-22,9.889333724975586
2018-10-23,9.696371078491211
2018-10-24,9.696371078491211
2018-10-25,9.098187446594238
2018-10-26,8.905224800109863
2018-10-29,8.779799461364746
2018-10-30,9.513056755065918
2018-10-31,9.841093063354492
2018-11-01,10.275259971618652
2018-11-02,9.937573432922363
2018-11-05,10.034055709838867
2018-11-06,9.792851448059082
2018-11-07,10.227018356323242
2018-11-08,10.130537033081055
2018-11-09,10.082296371459961
2018-11-12,10.275259971618652
2018-11-13,10.419981002807617
2018-11-14,11.433034896850586
2018-11-15,12.060162544250488
2018-11-16,12.54256820678711
2018-11-19,12.687292098999023
2018-11-20,12.494329452514648
2018-11-21,12.639050483703613
2018-11-22,11.867199897766113
2018-11-23,11.963682174682617
2018-11-26,12.108405113220215
2018-11-27,12.446087837219238
2018-11-28,12.349607467651367
2018-11-29,11.674237251281738
2018-11-30,11.867199897766113
2018-12-03,12.397849082946777
2018-12-04,12.7355318069458
2018-12-05,13.266179084777832
2018-12-06,12.060162544250488
2018-12-07,13.266179084777832
2018-12-10,13.121458053588867
2018-12-11,12.446087837219238
2018-12-12,12.446087837219238
2018-12-13,11.81895923614502
2018-12-14,12.156644821166992
2018-12-17,11.867199897766113
2018-12-18,12.011922836303711
2018-12-19,11.867199897766113
2018-12-20,12.156644821166992
2018-12-21,12.7355318069458
2018-12-24,12.687292098999023
2018-12-25,13.024975776672363
2018-12-26,12.783774375915527
2018-12-27,12.59080982208252
2018-12-28,12.639050483703613
2019-01-02,12.687292098999023
2019-01-03,12.976736068725586
2019-01-04,12.639050483703613
2019-01-07,13.893308639526367
2019-01-08,14.038029670715332
2019-01-09,13.507383346557617
2019-01-10,12.976736068725586
2019-01-11,12.880253791809082
2019-01-14,12.976736068725586
2019-01-15,13.169698715209961
2019-01-16,13.410901069641113
2019-01-17,13.266179084777832
2019-01-18,13.410901069641113
2019-01-21,13.410901069641113
2019-01-22,12.639050483703613
2019-01-23,12.880253791809082
2019-01-24,12.783774375915527
2019-01-25,12.687292098999023
2019-01-28,12.783774375915527
2019-01-29,12.783774375915527
2019-01-30,12.783774375915527
2019-02-11,12.928495407104492
2019-02-12,13.410901069641113
2019-02-13,13.169698715209961
2019-02-14,13.603864669799805
2019-02-15,13.603864669799805
2019-02-18,13.603864669799805
2019-02-19,13.893308639526367
2019-02-20,13.700345039367676
2019-02-21,13.507383346557617
2019-02-22,13.555623054504395
2019-02-25,13.603864669799805
2019-02-26,13.507383346557617
2019-02-27,13.314419746398926
2019-03-04,13.700345039367676
2019-03-05,13.507383346557617
2019-03-06,13.555623054504395
2019-03-07,13.217939376831055
2019-03-08,13.121458053588867
2019-03-11,13.121458053588867
2019-03-12,13.024975776672363
2019-03-13,12.928495407104492
2019-03-14,12.976736068725586
2019-03-15,13.266179084777832
2019-03-18,13.36266040802002
2019-03-19,13.314419746398926
2019-03-20,13.796826362609863
2019-03-21,13.652105331420898
2019-03-22,13.603864669799805
2019-03-25,13.266179084777832
2019-03-26,13.07321834564209
2019-03-27,13.024975776672363
2019-03-28,12.59080982208252
2019-03-29,12.783774375915527
2019-04-01,12.928495407104492
2019-04-02,12.832013130187988
2019-04-03,13.459142684936523
2019-04-08,14.761639595031738
2019-04-09,14.279234886169434
2019-04-10,14.08626937866211
2019-04-11,13.652105331420898
2019-04-12,13.410901069641113
2019-04-15,13.507383346557617
2019-04-16,13.700345039367676
2019-04-17,13.459142684936523
2019-04-18,13.07321834564209
2019-04-19,13.169698715209961
2019-04-22,13.266179084777832
2019-04-23,13.024975776672363
2019-04-24,12.783774375915527
2019-04-25,12.928495407104492
2019-04-26,12.687292098999023
2019-04-29,12.060162544250488
2019-04-30,12.060162544250488
2019-05-02,12.494329452514648
2019-05-03,12.494329452514648
2019-05-06,11.963682174682617
2019-05-07,12.108405113220215
2019-05-08,12.253127098083496
2019-05-09,11.674237251281738
2019-05-10,11.336554527282715
2019-05-13,10.998867988586426
2019-05-14,11.095349311828613
2019-05-15,11.722478866577148
2019-05-16,11.336554527282715
2019-05-17,11.48127555847168
2019-05-20,10.709424018859863
2019-05-21,10.709424018859863
2019-05-22,10.854146957397461
2019-05-23,10.419981002807617
2019-05-24,10.371740341186523
2019-05-27,10.32349967956543
2019-05-28,10.468221664428711
2019-05-29,10.516461372375488
2019-05-30,10.709424018859863
2019-05-31,10.709424018859863
2019-06-03,10.516461372375488
2019-06-04,10.468221664428711
2019-06-05,10.516461372375488
2019-06-06,10.371740341186523
2019-06-10,10.468221664428711
2019-06-11,11.48127555847168
2019-06-12,11.240072250366211
2019-06-13,11.336554527282715
2019-06-14,11.240072250366211
2019-06-17,11.095349311828613
2019-06-18,10.998867988586426
2019-06-19,11.433034896850586
2019-06-20,11.529515266418457
2019-06-21,11.433034896850586
2019-06-24,11.577756881713867
2019-06-25,11.38479232788086
2019-06-26,11.095349311828613
2019-06-27,11.336554527282715
2019-06-28,11.240072250366211
2019-07-01,11.529515266418457
2019-07-02,11.625997543334961
2019-07-03,11.38479232788086
2019-07-04,11.577756881713867
2019-07-05,11.625997543334961
2019-07-08,11.48127555847168
2019-07-09,11.48127555847168
2019-07-10,11.625997543334961
2019-07-11,11.770719528198242
2019-07-12,11.722478866577148
2019-07-15,12.204885482788086
2019-07-16,12.446087837219238
2019-07-17,12.832013130187988
2019-07-18,12.59080982208252
2019-07-19,12.59080982208252
2019-07-22,13.121458053588867
2019-07-23,12.783774375915527
2019-07-24,12.494329452514648
2019-07-25,12.928495407104492
2019-07-26,13.024975776672363
2019-07-29,13.36266040802002
2019-07-30,12.928495407104492
2019-07-31,12.976736068725586
2019-08-01,12.59080982208252
2019-08-02,11.81895923614502
2019-08-05,11.529515266418457
2019-08-06,11.867199897766113
2019-08-07,11.674237251281738
2019-08-08,12.253127098083496
2019-08-12,12.060162544250488
2019-08-13,11.722478866577148
2019-08-14,11.91544246673584
2019-08-15,12.446087837219238
2019-08-16,12.349607467651367
2019-08-19,12.349607467651367
2019-08-20,12.253127098083496
2019-08-21,12.687292098999023
2019-08-22,13.024975776672363
2019-08-23,12.687292098999023
2019-08-26,12.301366806030273
2019-08-27,12.397849082946777
2019-08-28,12.446087837219238
2019-08-29,12.976736068725586
2019-08-30,13.941549301147461
2019-09-02,14.279234886169434
2019-09-03,13.941549301147461
2019-09-04,14.56867790222168
2019-09-05,14.230992317199707
2019-09-06,14.038029670715332
2019-09-10,14.038029670715332
2019-09-11,14.665157318115234
2019-09-12,14.52043628692627
2019-09-16,14.56867790222168
2019-09-17,14.472196578979492
2019-09-18,14.327474594116211
2019-09-19,13.989789009094238
2019-09-20,14.182750701904297
2019-09-23,14.279234886169434
2019-09-24,14.038029670715332
2019-09-25,13.845067977905273
2019-09-26,13.700345039367676
2019-09-27,13.314419746398926
2019-10-01,13.700345039367676
2019-10-02,13.652105331420898
2019-10-03,13.603864669799805
2019-10-04,13.410901069641113
2019-10-07,13.410901069641113
2019-10-08,13.266179084777832
2019-10-09,13.121458053588867
2019-10-14,13.748587608337402
2019-10-15,14.182750701904297
2019-10-16,13.893308639526367
2019-10-17,14.038029670715332
2019-10-18,14.038029670715332
2019-10-21,14.230992317199707
2019-10-22,14.038029670715332
2019-10-23,14.182750701904297
2019-10-24,14.230992317199707
2019-10-25,14.279234886169434
2019-10-28,14.375715255737305
2019-10-29,13.941549301147461
2019-10-30,14.472196578979492
2019-10-31,14.809880256652832
2019-11-01,14.375715255737305
2019-11-04,14.08626937866211
2019-11-05,14.182750701904297
2019-11-06,13.941549301147461
2019-11-07,13.652105331420898
2019-11-08,13.652105331420898
2019-11-11,13.121458053588867
2019-11-12,13.555623054504395
2019-11-13,13.507383346557617
2019-11-14,13.507383346557617
2019-11-15,14.375715255737305
2019-11-18,14.616917610168457
2019-11-19,14.858121871948242
2019-11-20,15.147564888000488
2019-11-21,15.96765422821045
2019-11-22,15.581732749938965
2019-11-25,15.678214073181152
2019-11-26,15.581732749938965
2019-11-27,15.533491134643555
2019-11-28,15.051082611083984
2019-11-29,14.954601287841797
2019-12-02,14.954601287841797
2019-12-03,15.147564888000488
2019-12-04,15.00284194946289
2019-12-05,15.147564888000488
2019-12-06,15.77469253540039
2019-12-09,15.72645378112793
2019-12-10,15.96765422821045
2019-12-11,15.919417381286621
2019-12-12,15.72645378112793
2019-12-13,15.388768196105957
2019-12-16,15.678214073181152
2019-12-17,15.678214073181152
2019-12-18,15.195807456970215
2019-12-19,15.244046211242676
2019-12-20,15.195807456970215
2019-12-23,14.761639595031738
2019-12-24,15.051082611083984
2019-12-25,15.244046211242676
2019-12-26,15.629971504211426
2019-12-27,16.160619735717773
2019-12-30,16.208860397338867
2019-12-31,16.064138412475586
2020-01-02,16.257097244262695
2020-01-03,16.257097244262695
2020-01-06,16.787744522094727
2020-01-07,16.450063705444336
2020-01-08,16.54654312133789
2020-01-09,17.65608024597168
2020-01-10,17.17367172241211
2020-01-13,17.221912384033203
2020-01-14,17.752559661865234
2020-01-15,17.463115692138672
2020-01-16,17.077190399169922
2020-01-17,17.366636276245117
2020-01-20,17.366636276245117
2020-01-30,15.629971504211426
2020-01-31,14.761639595031738
2020-02-03,13.845067977905273
2020-02-04,14.472196578979492
2020-02-05,13.893308639526367
2020-02-06,14.423955917358398
2020-02-07,13.796826362609863
2020-02-10,13.893308639526367
2020-02-11,14.327474594116211
2020-02-12,14.954601287841797
2020-02-13,14.713397979736328
2020-02-14,15.195807456970215
2020-02-17,15.00284194946289
2020-02-18,15.147564888000488
2020-02-19,15.147564888000488
2020-02-20,15.292287826538086
2020-02-21,15.533491134643555
2020-02-24,15.099323272705078
2020-02-25,15.388768196105957
2020-02-26,14.906363487243652
2020-02-27,14.279234886169434
2020-03-02,14.954601287841797
2020-03-03,16.450063705444336
2020-03-04,17.125431060791016
2020-03-05,17.849044799804688
2020-03-06,19.392742156982422
2020-03-09,17.993764877319336
2020-03-10,19.778667449951172
2020-03-11,21.322368621826172
2020-03-12,19.19978141784668
2020-03-13,21.08116340637207
2020-03-16,19.10329818725586
2020-03-17,19.344501495361328
2020-03-18,18.427928924560547
2020-03-19,16.59478187561035
2020-03-20,17.366636276245117
2020-03-23,17.125431060791016
2020-03-24,18.186731338500977
2020-03-25,19.48922348022461
2020-03-26,20.26107406616211
2020-03-27,22.287181854248047
2020-03-30,22.76958465576172
2020-03-31,23.396717071533203
2020-04-01,24.26504898071289
2020-04-06,25.953472137451172
2020-04-07,27.352449417114258
2020-04-08,25.567548751831055
2020-04-09,24.458011627197266
2020-04-10,25.4710636138916
2020-04-13,25.856990814208984
2020-04-14,27.738374710083008
2020-04-15,26.821802139282227
2020-04-16,27.593652725219727
2020-04-17,26.821802139282227
2020-04-20,26.72532081604004
2020-04-21,26.098190307617188
2020-04-22,27.352449417114258
2020-04-23,27.497175216674805
2020-04-24,27.641891479492188
2020-04-27,30.39161491394043
2020-04-28,30.150409698486328
2020-04-29,30.970500946044922
2020-04-30,31.887075424194336
2020-05-04,32.85188674926758
2020-05-05,31.838834762573242
2020-05-06,31.018741607666016
2020-05-07,32.32123947143555
2020-05-08,32.031795501708984
2020-05-11,32.08003616333008
2020-05-12,33.28605270385742
2020-05-13,32.417720794677734
2020-05-14,31.404666900634766
2020-05-15,32.90012741088867
2020-05-18,31.16346549987793
2020-05-19,32.32123947143555
2020-05-20,31.54938507080078
2020-05-21,32.46595764160156
2020-05-22,32.176517486572266
2020-05-25,31.983558654785156
2020-05-26,35.16743850708008
2020-05-27,35.60160446166992
2020-05-28,35.698089599609375
2020-05-29,35.939292907714844
2020-06-01,36.46993637084961
2020-06-02,34.829750061035156
2020-06-03,34.00965881347656
2020-06-04,33.768455505371094
2020-06-05,33.768455505371094
2020-06-08,32.755401611328125
2020-06-09,32.70716094970703
2020-06-10,31.935312271118164
2020-06-11,32.562435150146484
2020-06-12,31.308183670043945
2020-06-15,30.053926467895508
2020-06-16,33.04484558105469
2020-06-17,32.031795501708984
2020-06-18,31.983558654785156
2020-06-19,32.12827682495117
2020-06-22,30.922256469726562
2020-06-23,30.536331176757812
2020-06-24,30.87401580810547
2020-06-29,30.970500946044922
2020-06-30,32.417720794677734
2020-07-01,32.22475814819336
2020-07-02,32.031795501708984
2020-07-03,33.28605270385742
2020-07-06,33.913177490234375
2020-07-07,32.51419448852539
2020-07-08,32.99660873413086
2020-07-09,32.46595764160156
2020-07-10,32.70716094970703
2020-07-13,35.215675354003906
2020-07-14,34.39558410644531
2020-07-15,35.263916015625
2020-07-16,37.43474197387695
2020-07-17,36.759376525878906
2020-07-20,40.42566680908203
2020-07-21,40.329185485839844
2020-07-22,40.81159210205078
2020-07-23,42.2105712890625
2020-07-24,40.087989807128906
2020-07-27,40.66687774658203
2020-07-28,41.00455856323242
2020-07-29,39.123165130615234
2020-07-30,39.36437225341797
2020-07-31,38.88196563720703
2020-08-03,39.75029754638672
2020-08-04,38.93021011352539
2020-08-05,41.19751739501953
2020-08-06,39.94326400756836
2020-08-07,40.61863708496094
2020-08-10,42.06584548950195
2020-08-11,42.30704879760742
2020-08-12,46.503990173339844
2020-08-13,50.36323928833008
2020-08-14,51.23157501220703
2020-08-17,51.23157501220703
2020-08-18,54.22249221801758
2020-08-19,54.608421325683594
2020-08-20,50.36323928833008
2020-08-21,55.38027572631836
2020-08-24,53.2576789855957
2020-08-25,52.09990310668945
2020-08-26,52.00342559814453
2020-08-27,53.16120529174805
2020-08-28,49.977317810058594
2020-08-31,49.591400146484375
2020-09-01,51.23157501220703
2020-09-02,51.90694808959961
2020-09-03,52.00342559814453
2020-09-04,52.87175750732422
2020-09-07,49.977317810058594
2020-09-08,48.819541931152344
2020-09-09,48.91602325439453
2020-09-10,47.95120620727539
2020-09-11,47.13111877441406
2020-09-14,47.854732513427734
2020-09-15,47.420562744140625
2020-09-16,47.51704406738281
2020-09-17,46.793434143066406
2020-09-18,47.66176986694336
2020-09-21,46.503990173339844
2020-09-22,45.635658264160156
2020-09-23,44.67084503173828
2020-09-24,45.34621810913086
2020-09-25,42.403533935546875
2020-09-28,42.93418502807617
2020-09-29,43.7542724609375
2020-09-30,43.03066635131836
2020-10-05,43.7542724609375
2020-10-06,44.91204833984375
2020-10-07,44.23667907714844
2020-10-08,44.574363708496094
2020-10-12,43.802513122558594
2020-10-13,43.802513122558594
2020-10-14,45.683895111083984
2020-10-15,44.333160400390625
2020-10-16,44.71908950805664
2020-10-19,49.10898208618164
2020-10-20,49.39842987060547
2020-10-21,47.22760009765625
2020-10-22,46.35926818847656
2020-10-23,45.92510223388672
2020-10-26,44.47788619995117
2020-10-27,44.188446044921875
2020-10-28,42.982421875
2020-10-29,43.368350982666016
2020-10-30,42.403533935546875
2020-11-02,41.67992401123047
2020-11-03,43.27186584472656
2020-11-04,43.56131362915039
2020-11-05,42.83769607543945
2020-11-06,42.74121856689453
2020-11-09,43.32011032104492
2020-11-10,42.45177459716797
2020-11-11,42.11409378051758
2020-11-12,42.88594436645508
2020-11-13,42.54825973510742
2020-11-16,42.78946304321289
2020-11-17,43.85074996948242
2020-11-18,45.78037643432617
2020-11-19,45.92510223388672
2020-11-20,46.262786865234375
2020-11-23,46.793434143066406
2020-11-24,49.494911193847656
2020-11-25,48.433624267578125
2020-11-26,48.72305679321289
2020-11-27,49.977317810058594
2020-11-30,49.78435134887695
2020-12-01,48.72305679321289
2020-12-02,47.999454498291016
2020-12-03,49.012508392333984
2020-12-04,47.75825119018555
2020-12-07,48.337135314941406
2020-12-08,50.36323928833008
2020-12-09,50.1702766418457
2020-12-10,48.53009796142578
2020-12-11,49.494911193847656
2020-12-14,50.45972442626953
2020-12-15,49.88083267211914
2020-12-16,54.31897735595703
2020-12-17,53.35416030883789
2020-12-18,54.22249221801758
2020-12-21,54.704898834228516
2020-12-22,49.68787384033203
2020-12-23,49.88083267211914
2020-12-24,49.977317810058594
2020-12-25,49.10898208618164
2020-12-28,48.819541931152344
2020-12-29,48.53009796142578
2020-12-30,49.10898208618164
2020-12-31,48.72305679321289
2021-01-04,50.073795318603516
2021-01-05,51.038612365722656
2021-01-06,52.48583221435547
2021-01-07,52.87175750732422
2021-01-08,50.9421272277832
2021-01-11,49.494911193847656
2021-01-12,50.073795318603516
2021-01-13,53.836570739746094
2021-01-14,56.53805160522461
2021-01-15,55.18730545043945
2021-01-18,54.02953338623047
2021-01-19,52.96824264526367
2021-01-20,49.977317810058594
2021-01-21,50.073795318603516
2021-01-22,51.424537658691406
2021-01-25,50.266761779785156
2021-01-26,50.749168395996094
2021-01-27,52.38935470581055
2021-01-28,52.09990310668945
2021-01-29,50.266761779785156
2021-02-01,49.88083267211914
2021-02-02,50.45972442626953
2021-02-03,49.977317810058594
2021-02-04,50.749168395996094
2021-02-05,50.55620193481445
2021-02-17,53.16120529174805
2021-02-18,52.77527618408203
2021-02-19,53.2576789855957
2021-02-22,53.35416030883789
2021-02-23,52.678794860839844
2021-02-24,54.22249221801758
2021-02-25,53.93305206298828
2021-02-26,52.29287338256836
2021-03-02,54.897857666015625
2021-03-03,54.02953338623047
2021-03-04,53.2576789855957
2021-03-05,55.38027572631836
2021-03-08,56.441566467285156
2021-03-09,54.12601089477539
2021-03-10,53.836570739746094
2021-03-11,55.18730545043945
2021-03-12,54.80138397216797
2021-03-15,54.608421325683594
2021-03-16,54.02953338623047
2021-03-17,53.2576789855957
2021-03-18,53.45064163208008
2021-03-19,52.96824264526367
2021-03-22,52.582313537597656
2021-03-23,53.2576789855957
2021-03-24,53.836570739746094
2021-03-25,52.96824264526367
2021-03-26,53.064720153808594
2021-03-29,52.77527618408203
2021-03-30,53.2576789855957
2021-03-31,54.22249221801758
2021-04-01,53.16120529174805
2021-04-07,53.2576789855957
2021-04-08,54.31897735595703
2021-04-09,53.64360809326172
2021-04-12,53.16120529174805
2021-04-13,51.424537658691406
2021-04-14,50.266761779785156
2021-04-15,51.424537658691406
2021-04-16,52.582313537597656
2021-04-19,53.064720153808594
2021-04-20,53.64360809326172
2021-04-21,53.836570739746094
2021-04-22,52.582313537597656
2021-04-23,54.80138397216797
2021-04-26,55.57323455810547
2021-04-27,53.2576789855957
2021-04-28,52.48583221435547
2021-04-29,52.96824264526367
2021-05-03,50.55620193481445
2021-05-04,46.889915466308594
2021-05-05,47.71000671386719
2021-05-06,46.889915466308594
2021-05-07,48.24065017700195
2021-05-10,49.205467224121094
2021-05-11,44.863807678222656
2021-05-12,40.37742614746094
2021-05-13,42.30704879760742
2021-05-14,44.2849235534668
2021-05-17,46.55222702026367
2021-05-18,48.72305679321289
2021-05-19,49.012508392333984
2021-05-20,47.420562744140625
2021-05-21,49.205467224121094
2021-05-24,50.55620193481445
2021-05-25,51.810455322265625
2021-05-26,51.23157501220703
2021-05-27,50.65268325805664
2021-05-28,51.23157501220703
2021-05-31,53.2576789855957
2021-06-01,55.090824127197266
2021-06-02,55.38027572631836
2021-06-03,55.57323455810547
2021-06-04,53.64360809326172
2021-06-07,55.090824127197266
2021-06-08,55.95915603637695
2021-06-09,54.99435043334961
2021-06-10,59.33600616455078
2021-06-11,56.63452911376953
2021-06-15,57.50286102294922
2021-06-16,56.82748794555664
2021-06-17,57.21342086791992
2021-06-18,56.15211868286133
2021-06-21,60.011375427246094
2021-06-22,59.04655838012695
2021-06-23,64.93191528320312
2021-06-24,64.25655364990234
2021-06-25,65.12487030029297
2021-06-28,66.0896987915039
2021-06-29,66.18617248535156
2021-06-30,64.54601287841797
2021-07-01,64.54601287841797
2021-07-02,64.93191528320312
2021-07-05,66.57210540771484
2021-07-06,68.01932525634766
2021-07-07,68.984130859375
2021-07-08,75.15894317626953
2021-07-09,74.3870849609375
2021-07-12,77.18504333496094
2021-07-13,76.70264434814453
2021-07-14,77.28153991699219
2021-07-15,75.15894317626953
2021-07-16,74.67652130126953
2021-07-19,72.8433837890625
2021-07-20,72.26451110839844
2021-07-21,71.39617919921875
2021-07-22,72.93987274169922
2021-07-23,71.10672760009766
2021-07-26,73.1328353881836
2021-07-27,70.43135833740234
2021-07-28,69.65950012207031
2021-07-29,69.9489517211914
2021-07-30,68.984130859375
2021-08-02,70.04542541503906
2021-08-03,70.23839569091797
2021-08-04,70.33487701416016
2021-08-05,70.53189849853516
2021-08-06,70.92591857910156
2021-08-09,68.75875091552734
2021-08-10,66.59156799316406
2021-08-11,65.70499420166016
2021-08-12,65.70499420166016
2021-08-13,62.060184478759766
2021-08-16,60.878089904785156
2021-08-17,57.52880096435547
2021-08-18,63.24229431152344
2021-08-19,61.17361831665039
2021-08-20,67.28111267089844
2021-08-23,67.37962341308594
2021-08-24,70.8274154663086
2021-08-25,72.5020523071289
2021-08-26,69.94083404541016
2021-08-27,66.0005111694336
2021-08-30,69.15277862548828
2021-08-31,72.4035415649414
2021-09-01,72.79757690429688
2021-09-02,70.7289047241211
2021-09-03,71.7139892578125
2021-09-06,69.94083404541016
2021-09-07,66.4930419921875
2021-09-08,62.454219818115234
2021-09-09,67.9706802368164
2021-09-10,70.33487701416016
2021-09-13,65.80349731445312
2021-09-14,66.09901428222656
2021-09-15,66.88707733154297
2021-09-16,67.0841064453125
2021-09-17,72.8960952758789
2021-09-22,72.8960952758789
2021-09-23,74.07818603515625
2021-09-24,72.10802459716797
2021-09-27,66.78857421875
2021-09-28,67.28111267089844
2021-09-29,63.439300537109375
2021-09-30,64.03034973144531
2021-10-01,61.075096130371094
2021-10-04,60.18852233886719
2021-10-05,64.32587432861328
2021-10-06,60.976585388183594
2021-10-07,65.21244812011719
2021-10-08,66.1975326538086
2021-10-12,65.50797271728516
2021-10-13,62.552730560302734
2021-10-14,62.651222229003906
2021-10-15,64.42436218261719
2021-10-18,63.045265197753906
2021-10-19,64.22736358642578
2021-10-20,64.62139129638672
2021-10-21,64.42436218261719
2021-10-22,68.46322631835938
2021-10-25,66.59156799316406
2021-10-26,65.11393737792969
2021-10-27,65.50797271728516
2021-10-28,65.11393737792969
2021-10-29,65.40946197509766
2021-11-01,65.80349731445312
2021-11-02,67.6751480102539
2021-11-03,68.16767883300781
2021-11-04,69.44830322265625
2021-11-05,68.75875091552734
2021-11-08,67.8721694946289
2021-11-09,70.33487701416016
2021-11-10,68.2662124633789
2021-11-11,69.25128936767578
2021-11-12,71.8125
2021-11-15,75.94983673095703
2021-11-16,74.96476745605469
2021-11-17,75.45731353759766
2021-11-18,73.19160461425781
2021-11-19,70.92591857910156
2021-11-22,70.13785552978516
2021-11-23,68.46322631835938
2021-11-24,70.63038635253906
2021-11-25,69.54681396484375
2021-11-26,67.57664489746094
2021-11-29,69.15277862548828
2021-11-30,70.8274154663086
2021-12-01,73.68415069580078
2021-12-02,72.3050308227539
2021-12-03,72.00950622558594
2021-12-06,70.4333724975586
2021-12-07,70.33487701416016
2021-12-08,70.63038635253906
2021-12-09,70.7289047241211
2021-12-10,70.7289047241211
2021-12-13,69.74382019042969
2021-12-14,68.66023254394531
2021-12-15,70.13785552978516
2021-12-16,71.8125
2021-12-17,70.7289047241211
2021-12-20,71.0244369506836
2021-12-21,73.68415069580078
2021-12-22,75.65431213378906
2021-12-23,74.96476745605469
2021-12-24,78.31404113769531
2021-12-27,75.65431213378906
2021-12-28,74.17668914794922
2021-12-29,75.8513412475586
2021-12-30,74.86624145507812
2022-01-03,77.23046112060547
2022-01-04,78.60955810546875
2022-01-05,75.75282287597656
2022-01-06,74.57073211669922
2022-01-07,72.6990737915039
2022-01-10,73.29011535644531
2022-01-11,71.91100311279297
2022-01-12,72.00950622558594
2022-01-13,72.3050308227539
2022-01-14,73.48714447021484
2022-01-17,80.67823028564453
2022-01-18,85.2096176147461
2022-01-19,87.17977905273438
2022-01-20,82.94392395019531
2022-01-21,78.60955810546875
2022-01-24,77.23046112060547
2022-01-25,73.48714447021484
2022-01-26,74.17668914794922
2022-02-07,78.01851654052734
2022-02-08,81.072265625
2022-02-09,80.77674865722656
2022-02-10,79.10210418701172
2022-02-11,79.29913330078125
2022-02-14,79.69315338134766
2022-02-15,78.51107025146484
2022-02-16,80.9737777709961
2022-02-17,80.4812240600586
2022-02-18,81.072265625
2022-02-21,80.28421020507812
2022-02-22,77.91999816894531
2022-02-23,81.36780548095703
2022-02-24,79.69315338134766
2022-02-25,79.49613952636719
2022-03-01,81.76183319091797
2022-03-02,80.77674865722656
2022-03-03,79.98867797851562
2022-03-04,78.70807647705078
2022-03-07,74.76775360107422
2022-03-08,71.91100311279297
2022-03-09,73.38862609863281
2022-03-10,76.245361328125
2022-03-11,76.34388732910156
2022-03-14,75.06327056884766
2022-03-15,72.6005630493164
2022-03-16,71.615478515625
2022-03-17,76.83642578125
2022-03-18,79.00360107421875
2022-03-21,79.89016723632812
2022-03-22,81.9588394165039
2022-03-23,82.74691009521484
2022-03-24,83.33795166015625
2022-03-25,83.04244232177734
2022-03-28,82.84541320800781
2022-03-29,83.63348388671875
2022-03-30,86.19469451904297
2022-03-31,83.73199462890625
2022-04-01,86.7857437133789
2022-04-06,85.2096176147461
2022-04-07,82.45137786865234
2022-04-08,83.04244232177734
2022-04-11,79.39762115478516
2022-04-12,80.28421020507812
2022-04-13,81.46629333496094
2022-04-14,83.43647003173828
2022-04-15,79.20060729980469
2022-04-18,77.82149505615234
2022-04-19,80.67823028564453
2022-04-20,82.64840698242188
2022-04-21,87.27828979492188
2022-04-22,81.9588394165039
2022-04-25,77.03343200683594
2022-04-26,77.72299194335938
2022-04-27,80.9737777709961
2022-04-28,83.14093780517578
2022-04-29,81.76183319091797
2022-05-03,82.35287475585938
2022-05-04,83.43647003173828
2022-05-05,83.73199462890625
2022-05-06,80.5797348022461
2022-05-09,82.25437927246094
2022-05-10,80.77674865722656
2022-05-11,80.9737777709961
2022-05-12,80.9737777709961
2022-05-13,84.22453308105469
2022-05-16,84.8155746459961
2022-05-17,85.80066680908203
2022-05-18,84.12602233886719
2022-05-19,81.36780548095703
2022-05-20,80.38270568847656
2022-05-23,80.67823028564453
2022-05-24,78.21553802490234
2022-05-25,78.60955810546875
2022-05-26,74.96476745605469
2022-05-27,76.44237518310547
2022-05-30,79.69315338134766
2022-05-31,80.08718872070312
2022-06-01,79.79166412353516
2022-06-02,79.89016723632812
2022-06-06,78.51107025146484
2022-06-07,79.10210418701172
2022-06-08,78.60955810546875
2022-06-09,83.23944854736328
2022-06-10,91.51414489746094
2022-06-13,92.30220794677734
2022-06-14,89.64248657226562
2022-06-15,86.29320526123047
2022-06-16,81.86034393310547
2022-06-17,78.51107025146484
2022-06-20,76.83642578125
2022-06-21,79.69315338134766
2022-06-22,77.4274673461914
2022-06-23,78.31404113769531
2022-06-24,81.76183319091797
2022-06-27,86.51778411865234
2022-06-28,85.50586700439453
2022-06-29,85.50586700439453
2022-06-30,77.00587463378906
2022-07-01,69.31541442871094
2022-07-04,68.60707092285156
2022-07-05,67.49398040771484
2022-07-06,68.60707092285156
2022-07-07,70.42850494384766
2022-07-08,72.8570785522461
2022-07-11,73.86897277832031
2022-07-12,70.12493896484375
2022-07-13,73.66659545898438
2022-07-14,78.92849731445312
2022-07-15,79.0296859741211
2022-07-18,79.53564453125
2022-07-19,80.24396514892578
2022-07-20,82.97611999511719
2022-07-21,83.68443298339844
2022-07-22,84.19038391113281
2022-07-25,82.97611999511719
2022-07-26,81.5594482421875
2022-07-27,82.97611999511719
2022-07-28,82.26777648925781
2022-07-29,82.26777648925781
2022-08-01,82.06539154052734
2022-08-02,81.35707092285156
2022-08-03,80.85111236572266
2022-08-04,72.8570785522461
2022-08-05,72.8570785522461
2022-08-08,74.77969360351562
2022-08-09,78.42255401611328
2022-08-10,80.24396514892578
2022-08-11,79.94039916992188
2022-08-12,79.53564453125
2022-08-15,81.45825958251953
2022-08-16,83.27967834472656
2022-08-17,83.68443298339844
2022-08-18,83.9880142211914
2022-08-19,84.0892105102539
2022-08-22,84.29158020019531
2022-08-23,83.27967834472656
2022-08-24,81.25587463378906
2022-08-25,84.79754638671875
2022-08-26,84.39277648925781
2022-08-29,81.45825958251953
2022-08-30,83.07730102539062
2022-08-31,84.59516143798828
2022-09-01,81.96419525146484
2022-09-02,81.05349731445312
2022-09-05,79.53564453125
2022-09-06,78.62491607666016
2022-09-07,79.54630279541016
2022-09-08,79.54630279541016
2022-09-12,79.54630279541016
2022-09-13,79.54630279541016
2022-09-14,79.54630279541016
2022-09-15,79.54630279541016
2022-09-16,79.54630279541016
2022-09-19,81.17408752441406
2022-09-20,83.93826293945312
2022-09-21,86.33385467529297
2022-09-22,87.53165435791016
2022-09-23,93.98135375976562
2022-09-26,89.37442779541016
2022-09-27,86.61026763916016
2022-09-28,82.18761444091797
2022-09-29,79.23918151855469
2022-09-30,85.50460815429688
2022-10-03,86.42599487304688
2022-10-04,85.59674835205078
2022-10-05,87.16309356689453
2022-10-06,87.34737396240234
2022-10-07,84.30680847167969
2022-10-11,78.4099349975586
2022-10-12,83.38540649414062
2022-10-13,81.8190689086914
2022-10-14,81.08195495605469
2022-10-17,77.94923400878906
2022-10-18,76.47502136230469
2022-10-19,76.47502136230469
2022-10-20,75.83006286621094
2022-10-21,73.61872863769531
2022-10-24,73.71087646484375
2022-10-25,72.23665618896484
2022-10-26,70.85457611083984
2022-10-27,75.09294128417969
2022-10-28,75.64578247070312
2022-10-31,78.87062072753906
2022-11-01,79.69988250732422
2022-11-02,81.26622772216797
2022-11-03,80.8976821899414
2022-11-04,81.17408752441406
2022-11-07,80.7134017944336
2022-11-08,82.18761444091797
2022-11-09,84.76749420166016
2022-11-10,86.61026763916016
2022-11-11,86.61026763916016
2022-11-14,89.65084075927734
2022-11-15,88.08448791503906
2022-11-16,89.19015502929688
2022-11-17,90.94078063964844
2022-11-18,89.46656036376953
2022-11-21,90.75650024414062
2022-11-22,89.46656036376953
2022-11-23,90.94078063964844
2022-11-24,92.59928131103516
2022-11-25,92.13858032226562
2022-11-28,94.44205474853516
2022-11-29,89.83512115478516
2022-11-30,89.83512115478516
2022-12-01,92.59928131103516
2022-12-02,91.30933380126953
2022-12-05,90.57223510742188
2022-12-06,90.20367431640625
2022-12-07,87.99235534667969
2022-12-08,87.7159194946289
2022-12-09,87.99235534667969
2022-12-12,87.99235534667969
2022-12-13,87.53165435791016
2022-12-14,89.37442779541016
2022-12-15,89.00587463378906
2022-12-16,88.17662811279297
2022-12-19,87.62378692626953
2022-12-20,84.58322143554688
2022-12-21,83.10900115966797
2022-12-22,82.37189483642578
2022-12-23,81.45051574707031
2022-12-26,82.00334930419922
2022-12-27,82.64830780029297
2022-12-28,79.0549087524414
2022-12-29,80.16057586669922
2022-12-30,79.9762954711914
2023-01-03,82.18761444091797
2023-01-04,80.16057586669922
2023-01-05,78.50206756591797
2023-01-06,80.3448486328125
2023-01-09,83.84611511230469
2023-01-10,84.58322143554688
2023-01-11,83.75397491455078
2023-01-12,81.6347885131836
2023-01-13,82.27975463867188
2023-01-16,81.72692108154297
2023-01-17,81.08195495605469
2023-01-30,81.08195495605469
2023-01-31,80.43698120117188
2023-02-01,82.0954818725586
2023-02-02,86.14958190917969
2023-02-03,86.05744171142578
2023-02-06,82.46403503417969
2023-02-07,81.08195495605469
2023-02-08,80.8976821899414
2023-02-09,80.06843566894531
2023-02-10,78.4099349975586
2023-02-13,79.69988250732422
2023-02-14,79.69988250732422
2023-02-15,80.2527084350586
2023-02-16,81.17408752441406
2023-02-17,80.80553436279297
2023-02-20,81.54265594482422
2023-02-21,81.6347885131836
2023-02-22,80.2527084350586
2023-02-23,82.00334930419922
2023-02-24,84.85963439941406
2023-03-01,83.6618423461914
2023-03-02,82.83258056640625
2023-03-03,83.29328155517578
2023-03-06,83.75397491455078
2023-03-07,85.68888854980469
2023-03-08,85.22818756103516
2023-03-09,82.37189483642578
2023-03-10,80.80553436279297
2023-03-13,82.27975463867188
2023-03-14,81.17408752441406
2023-03-15,81.26622772216797
2023-03-16,79.9762954711914
2023-03-17,82.46403503417969
2023-03-20,83.10900115966797
2023-03-21,85.22818756103516
2023-03-22,87.90021514892578
2023-03-23,85.87315368652344
2023-03-24,86.61026763916016
2023-03-27,90.29582214355469
2023-03-28,90.01939392089844
2023-03-29,89.09800720214844
2023-03-30,90.11154174804688
2023-03-31,89.65084075927734
2023-04-06,86.70240783691406
2023-04-07,87.80806732177734
2023-04-10,91.03292846679688
2023-04-11,94.90274047851562
2023-04-12,94.44205474853516
2023-04-13,94.72824096679688
2023-04-14,94.63284301757812
2023-04-17,97.78091430664062
2023-04-18,96.82695770263672
2023-04-19,96.82695770263672
2023-04-20,95.39601135253906
2023-04-21,93.67888641357422
2023-04-24,96.82695770263672
2023-04-25,91.96175384521484
2023-04-26,93.86967468261719
2023-04-27,93.9650650024414
2023-04-28,94.06047058105469
2023-05-02,93.67888641357422
2023-05-03,92.24794006347656
2023-05-04,92.24794006347656
2023-05-05,93.58348846435547
2023-05-08,92.72492218017578
2023-05-09,92.82032012939453
2023-05-10,91.77096557617188
2023-05-11,90.62621307373047
2023-05-12,91.10319519042969
2023-05-15,92.24794006347656
2023-05-16,90.72160339355469
2023-05-17,93.39269256591797
2023-05-18,98.73487854003906
2023-05-19,108.27447509765625
2023-05-22,108.27447509765625
2023-05-23,105.41259765625
2023-05-24,106.3665542602539
2023-05-25,116.86011505126953
2023-05-26,115.90615844726562
2023-05-29,115.90615844726562
2023-05-30,119.2450180053711
2023-05-31,116.38313293457031
2023-06-01,119.2450180053711
2023-06-02,122.10689544677734
2023-06-05,126.87669372558594
2023-06-06,124.01481628417969
2023-06-07,128.30764770507812
2023-06-08,126.87669372558594
2023-06-09,132.6004638671875
2023-06-12,128.7846221923828
2023-06-13,129.7385711669922
2023-06-14,128.30764770507812
2023-06-15,131.64649963378906
2023-06-16,133.0774383544922
2023-06-19,133.55442810058594
2023-06-20,135.46234130859375
2023-06-21,135.46234130859375
2023-06-26,132.1234588623047
2023-06-27,128.7846221923828
2023-06-28,131.64649963378906
2023-06-29,132.6004638671875
2023-06-30,139.27816772460938
2023-07-03,145.95590209960938
2023-07-04,148.34078979492188
2023-07-05,147.38682556152344
2023-07-06,142.1400604248047
2023-07-07,141.6630859375
2023-07-10,147.8638153076172
2023-07-11,155.97247314453125
2023-07-12,162.1732177734375
2023-07-13,171.7128143310547
2023-07-14,173.62074279785156
2023-07-17,168.3739471435547
2023-07-18,169.80491638183594
2023-07-19,163.60415649414062
2023-07-20,167.4199981689453
2023-07-21,172.66676330566406
2023-07-24,179.82147216796875
2023-07-25,168.8509521484375
2023-07-26,166.46603393554688
2023-07-27,167.89698791503906
2023-07-28,170.28189086914062
2023-07-31,161.69625854492188
2023-08-01,157.40342712402344
2023-08-02,150.24871826171875
2023-08-04,151.20266723632812
2023-08-07,160.26528930664062
2023-08-08,164.0811309814453
2023-08-09,170.7588653564453
2023-08-10,158.83436584472656
2023-08-11,170.28189086914062
2023-08-14,165.5120849609375
2023-08-15,171.7128143310547
2023-08-16,179.34449768066406
2023-08-17,196.9927520751953
2023-08-18,194.13088989257812
2023-08-21,192.22296142578125
2023-08-22,192.22296142578125
2023-08-23,199.37767028808594
2023-08-24,206.53237915039062
2023-08-25,197.46975708007812
2023-08-28,192.69993591308594
2023-08-29,191.74598693847656
2023-08-30,198.9006805419922
2023-08-31,205.5784149169922
2023-09-01,191.74598693847656
2023-09-04,196.51577758789062
2023-09-05,198.4237060546875
2023-09-06,206.53237915039062
2023-09-07,199.85464477539062
2023-09-08,198.9006805419922
2023-09-11,189.8380584716797
2023-09-12,190.79202270507812
2023-09-13,185.06826782226562
2023-09-14,190.31504821777344
2023-09-15,194.13088989257812
2023-09-18,184.1143035888672
2023-09-19,181.25242614746094
2023-09-20,184.59127807617188
2023-09-21,186.02223205566406
2023-09-22,191.74598693847656
2023-09-25,201.28558349609375
2023-09-26,194.6078643798828
2023-09-27,201.7625732421875
2023-09-28,209.3942413330078
2023-10-02,205.5784149169922
2023-10-03,208.91726684570312
2023-10-04,210.8251953125
2023-10-05,212.25611877441406
2023-10-06,210.8251953125
2023-10-11,207.9633026123047
2023-10-12,213.2100830078125
2023-10-13,212.7331085205078
2023-10-16,205.10140991210938
2023-10-17,197.9467315673828
2023-10-18,189.36109924316406
2023-10-19,188.40711975097656
2023-10-20,183.63731384277344
2023-10-23,183.63731384277344
2023-10-24,192.22296142578125
2023-10-25,191.26901245117188
2023-10-26,178.3905487060547
2023-10-27,177.91357421875
2023-10-30,176.95960998535156
2023-10-31,167.89698791503906
2023-11-01,168.8509521484375
2023-11-02,175.52865600585938
2023-11-03,180.2984619140625
2023-11-06,188.40711975097656
2023-11-07,190.79202270507812
2023-11-08,199.37767028808594
2023-11-09,205.10140991210938
2023-11-10,210.3482208251953
2023-11-13,207.00933837890625
2023-11-14,221.31874084472656
2023-11-15,218.45687866210938
2023-11-16,210.3482208251953
2023-11-17,211.3021697998047
2023-11-20,213.2100830078125
2023-11-21,214.6410369873047
2023-11-22,210.8251953125
2023-11-23,205.5784149169922
2023-11-24,207.486328125
2023-11-27,201.7625732421875
2023-11-28,207.486328125
2023-11-29,214.6410369873047
2023-11-30,217.50291442871094
2023-12-01,218.93385314941406
2023-12-04,213.68707275390625
2023-12-05,202.23956298828125
2023-12-06,213.2100830078125
2023-12-07,214.16404724121094
2023-12-08,227.04251098632812
2023-12-11,210.3482208251953
2023-12-12,209.3942413330078
2023-12-13,213.2100830078125
2023-12-14,209.87123107910156
2023-12-15,205.5784149169922
2023-12-18,206.05538940429688
2023-12-19,203.6704864501953
2023-12-20,203.6704864501953
2023-12-21,200.80859375
2023-12-22,207.00933837890625
2023-12-25,203.6704864501953
2023-12-26,205.5784149169922
2023-12-27,207.00933837890625
2023-12-28,204.62445068359375
2023-12-29,207.9633026123047
2024-01-02,207.9633026123047
2024-01-03,208.44029235839844
2024-01-04,203.19351196289062
2024-01-05,196.03880310058594
2024-01-08,195.08485412597656
2024-01-09,186.49920654296875
2024-01-10,190.79202270507812
2024-01-11,196.51577758789062
2024-01-12,198.4237060546875
2024-01-15,206.05538940429688
2024-01-16,204.62445068359375
2024-01-17,200.80859375
2024-01-18,191.26901245117188
2024-01-19,194.6078643798828
2024-01-22,211.77914428710938
2024-01-23,211.3021697998047
2024-01-24,206.53237915039062
2024-01-25,212.25611877441406
2024-01-26,206.53237915039062
2024-01-29,214.16404724121094
2024-01-30,223.22666931152344
2024-01-31,218.45687866210938
2024-02-01,220.84176635742188
2024-02-02,229.90440368652344
2024-02-05,237.05908203125
2024-02-15,260.4311218261719
2024-02-16,262.3390197753906
2024-02-19,252.7994384765625
2024-02-20,249.4605712890625
2024-02-21,247.5526580810547
2024-02-22,243.73681640625
2024-02-23,249.93753051757812
2024-02-26,249.4605712890625
2024-02-27,240.87493896484375
2024-02-29,245.16775512695312
2024-03-01,249.4605712890625
2024-03-04,247.07568359375
2024-03-05,253.2764129638672
2024-03-06,261.8620300292969
2024-03-07,240.87493896484375
2024-03-08,238.0130615234375
2024-03-11,236.5821075439453
2024-03-12,231.3353271484375
2024-03-13,218.45687866210938
2024-03-14,210.3482208251953
2024-03-15,221.79574584960938
2024-03-18,227.04251098632812
2024-03-19,218.93385314941406
2024-03-20,218.93385314941406
2024-03-21,222.74969482421875
2024-03-22,236.10513305664062
2024-03-25,236.10513305664062
2024-03-26,230.8583526611328
2024-03-27,239.44398498535156
2024-03-28,233.2432403564453
2024-03-29,234.67420959472656
2024-04-01,233.72023010253906
2024-04-02,223.22666931152344
2024-04-03,229.90440368652344
2024-04-08,231.3353271484375
2024-04-09,226.08856201171875
2024-04-10,219.88780212402344
2024-04-11,218.93385314941406
2024-04-12,218.93385314941406
2024-04-15,202.71652221679688
2024-04-16,192.22296142578125
2024-04-17,192.22296142578125
2024-04-18,195.56182861328125
2024-04-19,186.9761962890625
2024-04-22,173.62074279785156
2024-04-23,179.34449768066406
2024-04-24,187.4531707763672
2024-04-25,178.3905487060547
2024-04-26,183.63731384277344
2024-04-29,188.88409423828125
2024-04-30,187.9301300048828
2024-05-02,187.4531707763672
2024-05-03,183.1603546142578
2024-05-06,181.72940063476562
2024-05-07,183.1603546142578
2024-05-08,187.4531707763672
2024-05-09,189.36109924316406
2024-05-10,184.1143035888672
2024-05-13,178.86753845214844
2024-05-14,181.72940063476562
2024-05-15,186.49920654296875
2024-05-16,194.13088989257812
2024-05-17,196.9927520751953
2024-05-20,196.9927520751953
2024-05-21,194.13088989257812
2024-05-22,196.03880310058594
2024-05-23,192.22296142578125
2024-05-24,193.65391540527344
2024-05-27,194.13088989257812
2024-05-28,193.1769256591797
2024-05-29,191.74598693847656
2024-05-30,194.6078643798828
2024-05-31,189.8380584716797
2024-06-03,192.69993591308594
2024-06-04,188.88409423828125
2024-06-05,186.49920654296875
2024-06-06,187.4531707763672
2024-06-07,183.1603546142578
2024-06-11,178.86753845214844
2024-06-12,185.5452423095703
2024-06-13,179.82147216796875
2024-06-14,183.1603546142578
2024-06-17,180.2984619140625
2024-06-18,182.20639038085938
2024-06-19,180.7754364013672
2024-06-20,186.49920654296875
2024-06-21,190.79202270507812
2024-06-24,195.08485412597656
2024-06-25,190.79202270507812
2024-06-26,191.74598693847656
2024-06-27,187.37709045410156
2024-06-28,200.96920776367188
2024-07-01,197.57118225097656
2024-07-02,207.2798309326172
2024-07-03,208.7361297607422
2024-07-04,210.6778564453125
2024-07-05,222.32826232910156
2024-07-08,220.8719482421875
2024-07-09,217.4739227294922
2024-07-10,213.5904541015625
2024-07-11,213.5904541015625
2024-07-12,208.7361297607422
2024-07-15,216.9884796142578
2024-07-16,216.9884796142578
2024-07-17,217.4739227294922
2024-07-18,208.7361297607422
2024-07-19,199.5128936767578
2024-07-22,194.1731414794922
2024-07-23,205.8235321044922
2024-07-26,203.88180541992188
2024-07-29,198.05661010742188
2024-07-30,208.7361297607422
2024-07-31,213.1050262451172
2024-08-01,221.35739135742188
2024-08-02,201.4546356201172
2024-08-05,181.55189514160156
2024-08-06,183.0081787109375
2024-08-07,200.96920776367188
2024-08-08,202.9109344482422
2024-08-09,201.94007873535156
2024-08-12,200.96920776367188
2024-08-13,201.4546356201172
2024-08-14,200.4837646484375
2024-08-15,200.4837646484375
2024-08-16,210.6778564453125
2024-08-19,214.5613250732422
2024-08-20,207.2798309326172
2024-08-21,207.2798309326172
2024-08-22,205.33810424804688
2024-08-23,209.7069854736328
2024-08-26,203.88180541992188
2024-08-27,204.85267639160156
2024-08-28,202.9109344482422
2024-08-29,207.2798309326172
2024-08-30,204.85267639160156
2024-09-02,202.9109344482422
2024-09-03,213.5904541015625
2024-09-04,204.3672332763672
2024-09-05,199.9983367919922
2024-09-06,198.54205322265625
2024-09-09,197.57118225097656
2024-09-10,190.77511596679688
2024-09-11,192.7168426513672
2024-09-12,199.0274658203125
2024-09-13,196.60031127929688
2024-09-16,199.5128936767578
2024-09-18,193.2022705078125
2024-09-19,199.0274658203125
2024-09-20,197.57118225097656
2024-09-23,196.1148681640625
2024-09-24,195.14401245117188
2024-09-25,200.96920776367188
2024-09-26,197.0857391357422
2024-09-27,198.05661010742188
2024-09-30,192.2313995361328
2024-10-01,191.2605438232422
2024-10-04,182.03732299804688
2024-10-07,187.86251831054688
2024-10-08,184.46449279785156
2024-10-09,179.6101531982422
2024-10-11,181.55189514160156
2024-10-14,184.94992065429688
2024-10-15,183.0081787109375
2024-10-16,183.9790496826172
2024-10-17,187.37709045410156
2024-10-18,185.9207763671875
2024-10-21,192.2313995361328
2024-10-22,197.0857391357422
2024-10-23,194.65858459472656
2024-10-24,192.2313995361328
2024-10-25,192.2313995361328
2024-10-28,189.31881713867188
2024-10-29,188.34796142578125
2024-10-30,183.0081787109375
2024-11-01,182.5227508544922
2024-11-04,183.49362182617188
2024-11-05,184.46449279785156
2024-11-06,183.0081787109375
2024-11-07,183.0081787109375
2024-11-08,176.21212768554688
2024-11-11,174.75582885742188
2024-11-12,167.47433471679688
2024-11-13,172.3286590576172
2024-11-14,174.75582885742188
2024-11-15,176.6975555419922
2024-11-18,171.35780334472656
2024-11-19,172.3286590576172
2024-11-20,170.38693237304688
2024-11-21,183.0081787109375
2024-11-22,185.4353485107422
2024-11-25,187.37709045410156
2024-11-26,185.4353485107422
2024-11-27,181.06646728515625
2024-11-28,178.15386962890625
2024-11-29,180.09559631347656
2024-12-02,185.9207763671875
2024-12-03,186.40621948242188
2024-12-04,191.2605438232422
2024-12-05,191.2605438232422
2024-12-06,188.8333740234375
2024-12-09,198.05661010742188
2024-12-10,197.0857391357422
2024-12-11,211.6487274169922
2024-12-12,214.07589721679688
2024-12-13,225.2408447265625
2024-12-16,233.49319458007812
2024-12-17,227.1825714111328
2024-12-18,229.6097412109375
2024-12-19,223.7845458984375
2024-12-20,223.7845458984375
2024-12-23,224.2699737548828
2024-12-24,218.9302215576172
2024-12-25,226.6971435546875
2024-12-26,228.63888549804688
2024-12-27,237.3766632080078
2024-12-30,233.49319458007812
2024-12-31,234.4640655517578
2025-01-02,231.0660400390625
2025-01-03,230.0951690673828
2025-01-06,229.1243133544922
2025-01-07,228.1534423828125
2025-01-08,226.6971435546875
2025-01-09,224.7554168701172
2025-01-10,219.4156494140625
2025-01-13,197.57118225097656
2025-01-14,202.4254913330078
2025-01-15,198.05661010742188
2025-01-16,198.54205322265625
2025-01-17,205.8235321044922
2025-01-20,213.5904541015625
2025-01-21,212.6195831298828
2025-01-22,216.5030517578125
2025-02-03,207.7652587890625
2025-02-04,209.7069854736328
2025-02-05,211.6487274169922
2025-02-06,212.13417053222656
2025-02-07,221.35739135742188
2025-02-10,215.53219604492188
2025-02-11,214.07589721679688
2025-02-12,214.07589721679688
2025-02-13,219.9010772705078
2025-02-14,219.4156494140625
2025-02-17,218.44479370117188
2025-02-18,229.6097412109375
2025-02-19,233.49319458007812
2025-02-20,225.2408447265625
2025-02-21,228.1534423828125
2025-02-24,216.9884796142578
2025-02-25,210.1924285888672
2025-02-26,215.53219604492188
2025-02-27,215.53219604492188
2025-03-03,210.6778564453125
2025-03-04,216.01760864257812
2025-03-05,217.4739227294922
2025-03-06,221.35739135742188
2025-03-07,221.35739135742188
2025-03-10,213.5904541015625
2025-03-11,202.9109344482422
2025-03-12,210.6778564453125
2025-03-13,210.6778564453125
2025-03-14,210.1924285888672
2025-03-17,214.5613250732422
2025-03-18,216.5030517578125
2025-03-19,209.7069854736328
2025-03-20,213.1050262451172
2025-03-21,216.01760864257812
2025-03-24,207.7652587890625
2025-03-25,210.1924285888672
2025-03-26,212.6195831298828
2025-03-27,211.6487274169922
2025-03-28,205.33810424804688
2025-03-31,195.14401245117188
2025-04-01,193.2022705078125
2025-04-02,189.31881713867188
2025-04-07,170.38693237304688
2025-04-08,153.39678955078125
2025-04-09,138.34835815429688
2025-04-10,151.9404754638672
2025-04-11,166.01803588867188
2025-04-14,175.2412567138672
2025-04-15,186.40621948242188
2025-04-16,177.66842651367188
2025-04-17,178.15386962890625
2025-04-18,179.12472534179688
2025-04-21,179.6101531982422
2025-04-22,172.81410217285156
2025-04-23,187.86251831054688
2025-04-24,183.9790496826172
2025-04-25,189.31881713867188
2025-04-28,186.8916473388672
2025-04-29,192.7168426513672
2025-04-30,185.9207763671875
2025-05-02,203.3963623046875
2025-05-05,209.7069854736328
2025-05-06,214.5613250732422
2025-05-07,208.25070190429688
2025-05-08,217.4739227294922
2025-05-09,219.4156494140625
2025-05-12,223.2991180419922
2025-05-13,217.4739227294922
2025-05-14,219.4156494140625
2025-05-15,222.8136749267578
2025-05-16,218.9302215576172
2025-05-19,214.07589721679688
2025-05-20,215.53219604492188
2025-05-21,236.8912353515625
2025-05-22,242.7164306640625
2025-05-23,236.40579223632812
2025-05-26,235.92037963867188
2025-05-27,236.40579223632812
2025-05-28,239.3184051513672
2025-05-29,252.4250946044922
2025-06-02,247.5707550048828
2025-06-03,260.67742919921875
2025-06-04,260.1920166015625
2025-06-05,270.87152099609375
2025-06-06,262.6191711425781
2025-06-09,270.3861083984375
2025-06-10,273.2987060546875
2025-06-11,274.2695617675781
2025-06-12,270.3861083984375
2025-06-13,269.9006652832031
2025-06-16,271.35699462890625
2025-06-17,261.16290283203125
2025-06-18,255.8231201171875
2025-06-19,256.30853271484375
2025-06-20,258.7356872558594
2025-06-23,261.6483154296875
2025-06-24,272.07452392578125
2025-06-25,270.0885925292969
2025-06-26,267.60614013671875
2025-06-27,274.06048583984375
2025-06-30,292.92694091796875
2025-07-01,292.43048095703125
2025-07-02,288.4585876464844
2025-07-03,287.96209716796875
2025-07-04,298.3883056640625
2025-07-07,295.9058837890625
2025-07-08,313.28289794921875
2025-07-09,320.7301940917969
2025-07-10,311.7934265136719
2025-07-11,308.3180236816406
2025-07-14,307.821533203125
2025-07-15,317.75128173828125
2025-07-16,315.2688293457031
2025-07-17,317.2547912597656
2025-07-18,327.6809997558594
2025-07-21,330.1634216308594
2025-07-22,324.2055969238281
2025-07-23,324.2055969238281
2025-07-24,328.6739807128906
2025-07-25,335.1282958984375
2025-07-28,342.5755920410156
2025-07-29,347.0439758300781
2025-07-30,351.015869140625
2025-07-31,371.8682861328125
2025-08-04,359.45611572265625
2025-08-05,363.92449951171875
2025-08-06,365.4139709472656
2025-08-07,369.3858642578125
2025-08-08,406.1258544921875
2025-08-11,437.40447998046875
2025-08-12,457.76043701171875
2025-08-13,456.7674560546875
2025-08-14,462.72528076171875
2025-08-15,462.22882080078125
2025-08-18,475.137451171875
2025-08-19,464.71124267578125
2025-08-20,440.3833923339844
2025-08-21,445.8447570800781
2025-08-22,455.77447509765625
2025-08-25,462.22882080078125
2025-08-26,454.7815246582031
2025-08-27,472.655029296875
2025-08-28,482.5847473144531
2025-08-29,501.45123291015625
2025-09-01,453.29205322265625
2025-09-02,431.9431457519531
2025-09-03,438.8939514160156
2025-09-04,433.4325866699219
2025-09-05,435.9150390625
2025-09-08,445.8447570800781
2025-09-09,461.7323303222656
2025-09-10,485.56365966796875
2025-09-11,490.03204345703125
2025-09-12,483.5777282714844
2025-09-15,465.7042236328125
2025-09-16,455.77447509765625
2025-09-17,444.8517761230469
2025-09-18,440.3833923339844
2025-09-19,432.43963623046875
2025-09-22,446.34124755859375
2025-09-23,451.8025817871094
2025-09-24,455.77447509765625
2025-09-25,434.92205810546875
2025-09-26,409.60125732421875
2025-09-30,432.43963623046875
2025-10-01,431.9431457519531
2025-10-02,431.9431457519531
2025-10-03,438.3974609375
2025-10-07,427.97125244140625
2025-10-08,432.43963623046875
2025-10-09,430.9501647949219
2025-10-13,422.5098876953125
2025-10-14,408.6082763671875
2025-10-15,410.0977478027344
2025-10-16,413.07666015625
2025-10-17,401.1609802246094
2025-10-20,411.0906982421875
2025-10-21,417.5450439453125
2025-10-22,397.6855773925781
2025-10-23,396.19610595703125
2025-10-27,405.13287353515625
2025-10-28,419.5309753417969
2025-10-29,413.07666015625
2025-10-30,420.5239562988281
2025-10-31,462.22882080078125
2025-11-03,489.5355529785156
2025-11-04,479.6058349609375
2025-11-05,461.23583984375
2025-11-06,475.137451171875
2025-11-07,461.23583984375
2025-11-10,478.61285400390625
2025-11-11,494.9969177246094
2025-11-12,544.1490478515625
2025-11-13,563.0155639648438
2025-11-14,540.1771850585938
2025-11-17,533.2263793945312
2025-11-18,503.4371643066406
2025-11-19,518.331787109375
2025-11-20,569.9663696289062
2025-11-21,546.135009765625
2025-11-24,536.2052612304688
2025-11-25,589.8258056640625
2025-11-26,605.71337890625
2025-11-27,622.5939331054688
2025-11-28,628.5517578125
2025-12-01,617.6290283203125
2025-12-02,595.7836303710938
2025-12-03,584.8609619140625
2025-12-04,577.91015625
2025-12-05,591.811767578125
2025-12-08,583.8679809570312
2025-12-09,591.811767578125
2025-12-10,611.6712036132812
2025-12-11,598.7625732421875
2025-12-12,613.6571655273438
2025-12-15,598.7625732421875
2025-12-16,589.8258056640625
2025-12-17,581.8820190429688
2025-12-18,584.8609619140625
2025-12-19,603.7274169921875
2025-12-22,645.4322509765625
2025-12-23,646.4252319335938
2025-12-24,663.3057861328125
2025-12-26,692.1019897460938
2025-12-29,692.1019897460938
2025-12-30,687.1371459960938
2025-12-31,682.1722412109375
2026-01-02,638.4814453125
2026-01-05,629.5447387695312
2026-01-06,657.3479614257812
2026-01-07,638.4814453125
2026-01-08,627.5587768554688
2026-01-09,632.5236206054688
2026-01-12,661.31982421875
2026-01-13,650.3971557617188
2026-01-14,673.2355346679688
2026-01-15,663.3057861328125
2026-01-16,672.2425537109375
2026-01-19,619.614990234375
2026-01-20,625.5728149414062
2026-01-21,591.811767578125
2026-01-22,621.6009521484375
2026-01-23,641.4603881835938
2026-01-26,661.31982421875
2026-01-27,681.1793212890625
2026-01-28,714.9403686523438
2026-01-29,687.1371459960938
2026-01-30,696.0739135742188
2026-02-02,701.0387573242188
2026-02-03,749.6943969726562
2026-02-04,791.3992919921875
2026-02-05,754.6593017578125
2026-02-06,739.7647094726562
2026-02-09,791.3992919921875
2026-02-10,840.054931640625
2026-02-11,823.1743774414062
2026-02-23,812.251708984375
2026-02-24,827.1463012695312
2026-02-25,839.0619506835938
2026-02-26,820.1954956054688
2026-03-02,781.4695434570312
2026-03-03,760.6171264648438
2026-03-04,704.0176391601562
2026-03-05,730.8279418945312
2026-03-06,786.4343872070312
2026-03-09,755.6522216796875
2026-03-10,811.2587280273438
2026-03-11,891.6895141601562
2026-03-12,904.59814453125
2026-03-13,928.4295043945312
2026-03-16,902.6121826171875
2026-03-17,910.5559692382812
2026-03-18,910.5559692382812
2026-03-19,997.9376220703125
2026-03-20,981.0570678710938
2026-03-23,955.23974609375
2026-03-24,881.759765625
2026-03-25,915.5208740234375
2026-03-26,911.5489501953125
2026-03-27,917.5067749023438
2026-03-30,891.6895141601562
2026-03-31,853.95654296875
2026-04-01,939.3522338867188
2026-04-02,898.6403198242188
2026-04-07,920.4857177734375
2026-04-08,990.98681640625
2026-04-09,1087.30517578125
2026-04-10,1082.34033203125
2026-04-13,1047.586181640625
2026-04-14,1141.918701171875
2026-04-15,1156.813232421875
2026-04-16,1156.813232421875
2026-04-17,1166.742919921875
2026-04-20,1201.4969482421875
2026-04-21,1216.3916015625
2026-04-22,1241.2159423828125
2026-04-23,1256.1104736328125
2026-04-24,1380.2320556640625
2026-04-27,1410.021240234375
2026-04-28,1380.2320556640625
2026-04-29,1350.44287109375
2026-04-30,1380.2320556640625
2026-05-04,1429.8807373046875
2026-05-05,1469.599609375
2026-05-06,1434.8455810546875
2026-05-07,1439.8104248046875
2026-05-08,1320.6536865234375
2026-05-11,1390.161865234375
2026-05-12,1380.2320556640625
2026-05-13,1340.51318359375
2026-05-14,1419.9510498046875
2026-05-15,1280.934814453125
2026-05-18,1241.2159423828125
2026-05-19,1275.969970703125
2026-05-20,1226.3212890625
2026-05-21,1275.969970703125
2026-05-22,1320.6536865234375
2026-05-25,1414.986083984375
2026-05-26,1434.8455810546875
2026-05-27,1365.3375244140625
2026-05-28,1295.8294677734375
2026-05-29,1310.7239990234375
2026-06-01,1315.6888427734375
2026-06-02,1266.040283203125
2026-06-03,1375.2672119140625
2026-06-04,1340.51318359375
2026-06-05,1305.7591552734375
2026-06-08,1350.44287109375
2026-06-09,1484.4942626953125
2026-06-10,1410.021240234375
2026-06-11,1335.54833984375
2026-06-12,1310.7239990234375
2026-06-15,1310.7239990234375
2026-06-16,1335.54833984375
2026-06-17,1360.3726806640625
2026-06-18,1345.47802734375
2026-06-22,1385.197021484375
2026-06-23,1265.0
2026-06-24,1255.0
2026-06-25,1240.0
2026-06-26,1190.0
2026-06-29,1155.0
2026-06-30,1200.0
2026-07-01,1220.0
2026-07-02,1235.0
2026-07-03,1305.0
2026-07-06,1225.0
2026-07-07,1135.0
2026-07-08,1150.0
2026-07-09,1075.0
2026-07-10,1075.0
2026-07-13,1045.0
2026-07-14,1015.0
2026-07-15,1025.0
2026-07-16,1005.0
2026-07-17,927.0
2026-07-20,927.0
2026-07-21,980.0
2026-07-22,940.0
2026-07-23,941.0
2026-07-24,901.0
2026-07-27,895.0
2026-07-28,809.0
2026-07-29,729.0
2026-07-30,721.0
2026-07-31,793.0
2026-08-03,872.0
2026-08-04,897.0
2026-08-05,940.0
2026-08-06,985.0
2026-08-07,982.0
2026-08-10,926.0
2026-08-11,964.0
2026-08-12,1000.0
2026-08-13,1010.0
2026-08-14,1015.0
2026-08-17,1010.0
2026-08-18,1070.0
2026-08-19,1040.0
2026-08-20,1025.0
2026-08-21,965.0
2026-08-24,948.0
2026-08-25,971.0
2026-08-26,1040.0
2026-08-27,1030.0
2026-08-28,1130.0
2026-08-31,1165.0
2026-09-01,1225.0
2026-09-02,1175.0
2026-09-03,1100.0
2026-09-04,1045.0
2026-09-07,1120.0
2026-09-08,1075.0
2026-09-09,1100.0
2026-09-10,1045.0
2026-09-11,1030.0
