Price,AdjClose
Ticker,2373.TW
Date,
2000-01-04,29.543010711669922
2000-01-05,31.075157165527344
2000-01-06,30.638105392456055
2000-01-07,29.10595703125
2000-01-10,29.32203483581543
2000-01-11,28.447914123535156
2000-01-12,28.884977340698242
2000-01-13,27.573801040649414
2000-01-14,28.010854721069336
2000-01-17,28.447914123535156
2000-01-18,28.66889762878418
2000-01-19,28.010854721069336
2000-01-20,28.23183822631836
2000-01-21,29.32203483581543
2000-01-24,28.884977340698242
2000-01-25,28.447914123535156
2000-01-26,28.884977340698242
2000-01-27,28.884977340698242
2000-01-28,28.23183822631836
2000-01-31,28.447914123535156
2000-02-01,29.10595703125
2000-02-02,29.10595703125
2000-02-03,29.10595703125
2000-02-04,29.10595703125
2000-02-07,29.10595703125
2000-02-08,29.10595703125
2000-02-09,29.98007583618164
2000-02-10,30.41712188720703
2000-02-11,32.38632583618164
2000-02-14,30.638105392456055
2000-02-15,30.41712188720703
2000-02-16,31.73319435119629
2000-02-17,31.075157165527344
2000-02-18,31.73319435119629
2000-02-21,32.607303619384766
2000-02-22,31.73319435119629
2000-02-23,31.51221466064453
2000-02-24,31.075157165527344
2000-02-25,29.543010711669922
2000-02-28,29.543010711669922
2000-02-29,29.98007583618164
2000-03-01,30.85418128967285
2000-03-02,29.98007583618164
2000-03-03,30.2010555267334
2000-03-06,29.543010711669922
2000-03-07,31.51221466064453
2000-03-08,30.85418128967285
2000-03-09,31.51221466064453
2000-03-10,30.85418128967285
2000-03-13,28.884977340698242
2000-03-14,28.884977340698242
2000-03-15,26.915761947631836
2000-03-16,28.66889762878418
2000-03-17,28.884977340698242
2000-03-20,28.447914123535156
2000-03-21,30.41712188720703
2000-03-22,32.38632583618164
2000-03-23,33.91848373413086
2000-03-24,32.823387145996094
2000-03-27,35.013572692871094
2000-03-28,33.91848373413086
2000-03-29,33.26534652709961
2000-03-30,33.26534652709961
2000-03-31,33.26534652709961
2000-04-03,33.26534652709961
2000-04-04,33.26534652709961
2000-04-05,34.35553741455078
2000-04-06,34.35553741455078
2000-04-07,35.45063018798828
2000-04-10,35.88768768310547
2000-04-11,35.234561920166016
2000-04-12,33.70240020751953
2000-04-13,32.823387145996094
2000-04-14,33.26534652709961
2000-04-17,31.94927406311035
2000-04-18,33.04436492919922
2000-04-19,31.94927406311035
2000-04-20,32.38632583618164
2000-04-21,32.823387145996094
2000-04-24,31.296144485473633
2000-04-25,31.94927406311035
2000-04-26,30.85418128967285
2000-04-27,31.075157165527344
2000-04-28,32.17025375366211
2000-05-01,32.17025375366211
2000-05-02,31.075157165527344
2000-05-03,30.85418128967285
2000-05-04,29.32203483581543
2000-05-05,30.2010555267334
2000-05-08,30.41712188720703
2000-05-09,30.41712188720703
2000-05-10,29.763992309570312
2000-05-11,28.447914123535156
2000-05-12,29.32203483581543
2000-05-15,30.85418128967285
2000-05-16,31.51221466064453
2000-05-17,32.607303619384766
2000-05-18,32.17025375366211
2000-05-19,32.38632583618164
2000-05-22,31.51221466064453
2000-05-23,30.85418128967285
2000-05-24,29.543010711669922
2000-05-25,29.32203483581543
2000-05-26,29.763992309570312
2000-05-29,30.638105392456055
2000-05-30,30.638105392456055
2000-05-31,32.300621032714844
2000-06-01,31.775409698486328
2000-06-02,31.775409698486328
2000-06-05,31.51279640197754
2000-06-06,31.51279640197754
2000-06-07,32.03800964355469
2000-06-08,32.300621032714844
2000-06-09,31.775409698486328
2000-06-12,32.03800964355469
2000-06-13,31.51279640197754
2000-06-14,31.775409698486328
2000-06-15,30.98758316040039
2000-06-16,30.462371826171875
2000-06-19,29.149335861206055
2000-06-20,29.149335861206055
2000-06-21,29.411949157714844
2000-06-22,30.462371826171875
2000-06-23,30.199769973754883
2000-06-26,28.624120712280273
2000-06-27,27.8363037109375
2000-06-28,27.048480987548828
2000-06-29,25.210243225097656
2000-06-30,25.682931900024414
2000-07-03,23.897207260131836
2000-07-04,22.269046783447266
2000-07-05,23.792158126831055
2000-07-06,23.949722290039062
2000-07-07,23.21442413330078
2000-07-10,22.21652603149414
2000-07-11,22.794254302978516
2000-07-12,22.95181655883789
2000-07-13,24.52745819091797
2000-07-14,26.20813751220703
2000-07-17,25.52536392211914
2000-07-18,24.474943161010742
2000-07-19,24.474943161010742
2000-07-20,22.95181655883789
2000-07-21,23.687114715576172
2000-07-24,23.634601593017578
2000-07-25,22.741737365722656
2000-07-26,22.8992977142334
2000-07-27,24.054773330688477
2000-07-28,25.052675247192383
2000-07-31,24.842588424682617
2000-08-01,24.685022354125977
2000-08-02,24.474943161010742
2000-08-03,24.685022354125977
2000-08-04,24.685022354125977
2000-08-07,23.58207893371582
2000-08-08,23.529550552368164
2000-08-09,24.474943161010742
2000-08-10,24.73754119873047
2000-08-11,24.579984664916992
2000-08-14,23.634601593017578
2000-08-15,23.58207893371582
2000-08-16,23.897207260131836
2000-08-17,24.474943161010742
2000-08-18,25.15771484375
2000-08-21,25.998062133789062
2000-08-22,25.420330047607422
2000-08-23,25.420330047607422
2000-08-24,25.105201721191406
2000-08-25,24.212326049804688
2000-08-28,23.161909103393555
2000-08-29,23.58207893371582
2000-08-30,21.953922271728516
2000-08-31,22.0589599609375
2000-09-01,22.0589599609375
2000-09-04,23.31947135925293
2000-09-05,23.10938262939453
2000-09-06,22.32155990600586
2000-09-07,22.0589599609375
2000-09-08,21.69130516052246
2000-09-11,20.693403244018555
2000-09-12,20.693403244018555
2000-09-13,19.32784652709961
2000-09-14,18.014814376831055
2000-09-15,17.174474716186523
2000-09-18,17.06943130493164
2000-09-19,15.913962364196777
2000-09-20,16.334135055541992
2000-09-21,16.911869049072266
2000-09-22,16.12405014038086
2000-09-25,16.439178466796875
2000-09-26,16.386653900146484
2000-09-27,17.01691246032715
2000-09-28,17.01691246032715
2000-09-29,17.01691246032715
2000-10-02,15.913962364196777
2000-10-03,16.439178466796875
2000-10-04,15.913962364196777
2000-10-05,15.966486930847168
2000-10-06,16.806821823120117
2000-10-09,15.703872680664062
2000-10-10,15.703872680664062
2000-10-11,15.17866325378418
2000-10-12,14.128241539001465
2000-10-13,13.655547142028809
2000-10-16,13.655547142028809
2000-10-17,11.869820594787598
2000-10-18,11.081999778747559
2000-10-19,10.346701622009277
2000-10-20,10.556783676147461
2000-10-23,10.294180870056152
2000-10-24,10.976961135864258
2000-10-25,11.712254524230957
2000-10-26,12.027386665344238
2000-10-27,12.027386665344238
2000-10-30,11.659733772277832
2000-10-31,11.292085647583008
2000-11-01,10.92443561553955
2000-11-02,10.976961135864258
2000-11-03,10.92443561553955
2000-11-06,10.556783676147461
2000-11-07,10.556783676147461
2000-11-08,11.292085647583008
2000-11-09,11.712254524230957
2000-11-10,11.449653625488281
2000-11-13,11.187042236328125
2000-11-14,11.817298889160156
2000-11-15,12.28998851776123
2000-11-16,12.184948921203613
2000-11-17,12.237471580505371
2000-11-20,11.922344207763672
2000-11-21,12.710165023803711
2000-11-22,13.07780933380127
2000-11-23,13.182853698730469
2000-11-24,13.86562728881836
2000-11-27,13.708063125610352
2000-11-28,13.392937660217285
2000-11-29,13.655547142028809
2000-11-30,13.445460319519043
2000-12-01,13.655547142028809
2000-12-04,13.287896156311035
2000-12-05,13.445460319519043
2000-12-06,13.445460319519043
2000-12-07,13.445460319519043
2000-12-08,13.86562728881836
2000-12-11,14.075716018676758
2000-12-12,14.495885848999023
2000-12-13,14.758496284484863
2000-12-14,14.811015129089355
2000-12-15,14.653444290161133
2000-12-18,13.708063125610352
2000-12-19,13.392937660217285
2000-12-20,12.972766876220703
2000-12-21,12.552600860595703
2000-12-22,12.28998851776123
2000-12-25,12.28998851776123
2000-12-26,12.552600860595703
2000-12-27,12.500075340270996
2000-12-28,12.815205574035645
2000-12-29,12.39503288269043
2001-01-01,12.39503288269043
2001-01-02,12.552600860595703
2001-01-03,12.237471580505371
2001-01-04,13.07780933380127
2001-01-05,13.392937660217285
2001-01-08,13.708063125610352
2001-01-09,14.075716018676758
2001-01-10,14.128241539001465
2001-01-11,13.392937660217285
2001-01-12,13.287896156311035
2001-01-15,13.130334854125977
2001-01-16,13.760586738586426
2001-01-17,14.180756568908691
2001-01-18,14.180756568908691
2001-01-19,14.180756568908691
2001-01-22,14.180756568908691
2001-01-23,14.180756568908691
2001-01-24,14.180756568908691
2001-01-25,14.180756568908691
2001-01-26,14.180756568908691
2001-01-29,14.128241539001465
2001-01-30,14.075716018676758
2001-01-31,14.180756568908691
2001-02-01,14.285801887512207
2001-02-02,15.021100997924805
2001-02-05,14.39084243774414
2001-02-06,13.445460319519043
2001-02-07,13.287896156311035
2001-02-08,13.445460319519043
2001-02-09,13.445460319519043
2001-02-12,13.550501823425293
2001-02-13,13.91815185546875
2001-02-14,13.8131103515625
2001-02-15,14.758496284484863
2001-02-16,14.285801887512207
2001-02-19,13.340417861938477
2001-02-20,13.340417861938477
2001-02-21,13.445460319519043
2001-02-22,12.76268196105957
2001-02-23,12.500075340270996
2001-02-26,12.447552680969238
2001-02-27,12.447552680969238
2001-02-28,12.447552680969238
2001-03-01,12.500075340270996
2001-03-02,13.07780933380127
2001-03-05,13.182853698730469
2001-03-06,13.970677375793457
2001-03-07,14.180756568908691
2001-03-08,14.495885848999023
2001-03-09,14.443366050720215
2001-03-12,14.811015129089355
2001-03-13,14.916057586669922
2001-03-14,14.916057586669922
2001-03-15,16.64926528930664
2001-03-16,17.174474716186523
2001-03-19,17.01691246032715
2001-03-20,16.911869049072266
2001-03-21,17.06943130493164
2001-03-22,17.06943130493164
2001-03-23,16.964385986328125
2001-03-26,17.43707847595215
2001-03-27,17.384559631347656
2001-03-28,17.06943130493164
2001-03-29,17.174474716186523
2001-03-30,17.174474716186523
2001-04-02,17.01691246032715
2001-04-03,16.964385986328125
2001-04-04,16.964385986328125
2001-04-05,16.964385986328125
2001-04-06,17.647165298461914
2001-04-09,18.119857788085938
2001-04-10,17.80472755432129
2001-04-11,17.80472755432129
2001-04-12,18.172380447387695
2001-04-13,17.75221061706543
2001-04-16,17.594650268554688
2001-04-17,17.594650268554688
2001-04-18,17.699687957763672
2001-04-19,17.962291717529297
2001-04-20,18.54002571105957
2001-04-23,18.907676696777344
2001-04-24,18.48750877380371
2001-04-25,18.434982299804688
2001-04-26,18.434982299804688
2001-04-27,18.382463455200195
2001-04-30,18.224897384643555
2001-05-01,18.224897384643555
2001-05-02,18.119857788085938
2001-05-03,18.277420043945312
2001-05-04,17.857255935668945
2001-05-07,17.699687957763672
2001-05-08,17.22699546813965
2001-05-09,17.22699546813965
2001-05-10,17.489599227905273
2001-05-11,17.43707847595215
2001-05-14,17.489599227905273
2001-05-15,17.647165298461914
2001-05-16,17.01691246032715
2001-05-17,17.3320369720459
2001-05-18,17.909772872924805
2001-05-21,18.224897384643555
2001-05-22,18.277420043945312
2001-05-23,18.277420043945312
2001-05-24,18.48750877380371
2001-05-25,17.22699546813965
2001-05-28,17.121950149536133
2001-05-29,17.06943130493164
2001-05-30,16.75430679321289
2001-05-31,16.75430679321289
2001-06-01,16.64926528930664
2001-06-04,15.493791580200195
2001-06-05,15.546307563781738
2001-06-06,15.75639820098877
2001-06-07,15.493791580200195
2001-06-08,15.441271781921387
2001-06-11,15.388751983642578
2001-06-12,15.598832130432129
2001-06-13,15.493791580200195
2001-06-14,15.441271781921387
2001-06-15,16.2816104888916
2001-06-18,16.59674072265625
2001-06-19,15.913962364196777
2001-06-20,15.441271781921387
2001-06-21,15.887704849243164
2001-06-22,14.807341575622559
2001-06-25,14.807341575622559
2001-06-26,13.790525436401367
2001-06-27,14.044731140136719
2001-06-28,13.790525436401367
2001-06-29,14.044731140136719
2001-07-02,13.663420677185059
2001-07-03,13.72697639465332
2001-07-04,13.472768783569336
2001-07-05,13.854076385498047
2001-07-06,13.854076385498047
2001-07-09,13.663420677185059
2001-07-10,13.599871635437012
2001-07-11,13.599871635437012
2001-07-12,13.663420677185059
2001-07-13,13.536322593688965
2001-07-16,12.64660930633545
2001-07-17,12.583059310913086
2001-07-18,11.756898880004883
2001-07-19,10.994287490844727
2001-07-20,10.358783721923828
2001-07-23,9.659720420837402
2001-07-24,8.992438316345215
2001-07-25,8.515810012817383
2001-07-26,9.087767601013184
2001-07-27,9.21486759185791
2001-07-30,9.21486759185791
2001-07-31,8.642913818359375
2001-08-01,8.642913818359375
2001-08-02,8.992438316345215
2001-08-03,9.183094024658203
2001-08-06,9.27841854095459
2001-08-07,8.928887367248535
2001-08-08,9.055989265441895
2001-08-09,9.405521392822266
2001-08-10,9.21486759185791
2001-08-13,9.21486759185791
2001-08-14,9.34196949005127
2001-08-15,9.34196949005127
2001-08-16,9.596175193786621
2001-08-17,9.469071388244629
2001-08-20,8.928887367248535
2001-08-21,8.452259063720703
2001-08-22,8.261603355407715
2001-08-23,7.784976482391357
2001-08-24,7.435444355010986
2001-08-27,7.403670787811279
2001-08-28,7.435444355010986
2001-08-29,7.562547206878662
2001-08-30,7.562547206878662
2001-08-31,7.403670787811279
2001-09-03,7.403670787811279
2001-09-04,7.498995780944824
2001-09-05,6.990586757659912
2001-09-06,6.51395845413208
2001-09-07,6.3550825119018555
2001-09-10,5.9102277755737305
2001-09-11,5.497143745422363
2001-09-12,5.497143745422363
2001-09-13,5.115838050842285
2001-09-14,4.89341402053833
2001-09-17,4.89341402053833
2001-09-18,4.89341402053833
2001-09-19,4.89341402053833
2001-09-20,4.702760696411133
2001-09-21,4.543883323669434
2001-09-24,4.543883323669434
2001-09-25,4.702760696411133
2001-09-26,5.020517349243164
2001-09-27,4.861639022827148
2001-09-28,4.861639022827148
2001-10-01,4.861639022827148
2001-10-02,4.734535217285156
2001-10-03,4.639209270477295
2001-10-04,4.321453094482422
2001-10-05,4.321453094482422
2001-10-08,4.035478591918945
2001-10-09,4.035478591918945
2001-10-10,4.035478591918945
2001-10-11,4.289677143096924
2001-10-12,4.385004997253418
2001-10-15,4.130805492401123
2001-10-16,4.289677143096924
2001-10-17,4.385004997253418
2001-10-18,4.289677143096924
2001-10-19,4.4167799949646
2001-10-22,4.702760696411133
2001-10-23,5.020517349243164
2001-10-24,5.306490421295166
2001-10-25,5.2111639976501465
2001-10-26,5.242940425872803
2001-10-29,5.084061622619629
2001-10-30,4.7980875968933105
2001-10-31,4.89341402053833
2001-11-01,4.734535217285156
2001-11-02,4.956965923309326
2001-11-05,5.242940425872803
2001-11-06,5.084061622619629
2001-11-07,5.179388999938965
2001-11-08,5.433593273162842
2001-11-09,5.433593273162842
2001-11-12,5.942004203796387
2001-11-13,5.656022071838379
2001-11-14,5.687798976898193
2001-11-15,5.846676826477051
2001-11-16,5.656022071838379
2001-11-19,5.878452301025391
2001-11-20,5.497143745422363
2001-11-21,5.592471599578857
2001-11-22,5.656022071838379
2001-11-23,6.037324905395508
2001-11-26,6.450407028198242
2001-11-27,6.323304653167725
2001-11-28,5.9102277755737305
2001-11-29,5.560696125030518
2001-11-30,5.624248027801514
2001-12-03,6.005554676055908
2001-12-04,6.227978229522705
2001-12-05,6.450407028198242
2001-12-06,6.79994010925293
2001-12-07,6.48218297958374
2001-12-10,6.927035331726074
2001-12-11,6.927035331726074
2001-12-12,7.340118408203125
2001-12-13,6.927035331726074
2001-12-14,7.085912227630615
2001-12-17,7.149463653564453
2001-12-18,6.672836780548096
2001-12-19,6.259753227233887
2001-12-20,6.164427280426025
2001-12-21,5.9102277755737305
2001-12-24,6.164427280426025
2001-12-25,6.48218297958374
2001-12-26,6.927035331726074
2001-12-27,6.577510356903076
2001-12-28,6.76816463470459
2001-12-31,7.085912227630615
2002-01-01,7.085912227630615
2002-01-02,7.2447919845581055
2002-01-03,7.2447919845581055
2002-01-04,7.181239128112793
2002-01-07,7.308343410491943
2002-01-08,7.562547206878662
2002-01-09,7.912073612213135
2002-01-10,8.007399559020996
2002-01-11,7.467222213745117
2002-01-14,6.958809852600098
2002-01-15,6.958809852600098
2002-01-16,6.736387729644775
2002-01-17,6.863491058349609
2002-01-18,6.736387729644775
2002-01-21,7.054136753082275
2002-01-22,7.085912227630615
2002-01-23,7.181239128112793
2002-01-24,7.276567459106445
2002-01-25,7.784976482391357
2002-01-28,8.134503364562988
2002-01-29,7.594322681427002
2002-01-30,7.213015079498291
2002-01-31,7.213015079498291
2002-02-01,7.562547206878662
2002-02-04,7.181239128112793
2002-02-05,7.054136753082275
2002-02-06,7.149463653564453
2002-02-07,7.149463653564453
2002-02-08,7.149463653564453
2002-02-11,7.149463653564453
2002-02-12,7.149463653564453
2002-02-13,7.149463653564453
2002-02-14,7.149463653564453
2002-02-15,7.149463653564453
2002-02-18,7.213015079498291
2002-02-19,7.149463653564453
2002-02-20,6.863491058349609
2002-02-21,6.704611778259277
2002-02-22,6.609285831451416
2002-02-25,6.577510356903076
2002-02-26,6.577510356903076
2002-02-27,6.927035331726074
2002-02-28,6.927035331726074
2002-03-01,6.927035331726074
2002-03-04,7.371892929077148
2002-03-05,7.085912227630615
2002-03-06,7.276567459106445
2002-03-07,7.467222213745117
2002-03-08,7.975624084472656
2002-03-11,8.515810012817383
2002-03-12,8.70645809173584
2002-03-13,9.27841854095459
2002-03-14,8.897112846374512
2002-03-15,8.388708114624023
2002-03-18,8.229830741882324
2002-03-19,7.657874584197998
2002-03-20,7.943848133087158
2002-03-21,7.943848133087158
2002-03-22,8.484034538269043
2002-03-25,8.388708114624023
2002-03-26,8.1980562210083
2002-03-27,8.070951461791992
2002-03-28,8.388708114624023
2002-03-29,8.865336418151855
2002-04-01,8.674688339233398
2002-04-02,8.897112846374512
2002-04-03,9.500849723815918
2002-04-04,9.151318550109863
2002-04-05,9.151318550109863
2002-04-08,9.024211883544922
2002-04-09,8.547585487365723
2002-04-10,8.611129760742188
2002-04-11,8.738232612609863
2002-04-12,8.897112846374512
2002-04-15,9.024211883544922
2002-04-16,9.596175193786621
2002-04-17,9.500849723815918
2002-04-18,9.405521392822266
2002-04-19,9.437295913696289
2002-04-22,9.532624244689941
2002-04-23,9.21486759185791
2002-04-24,9.437295913696289
2002-04-25,9.723271369934082
2002-04-26,9.469071388244629
2002-04-29,9.087767601013184
2002-04-30,8.897112846374512
2002-05-01,8.897112846374512
2002-05-02,9.055989265441895
2002-05-03,9.27841854095459
2002-05-06,8.642913818359375
2002-05-07,8.388708114624023
2002-05-08,8.452259063720703
2002-05-09,8.547585487365723
2002-05-10,9.119539260864258
2002-05-13,9.024211883544922
2002-05-14,8.897112846374512
2002-05-15,9.087767601013184
2002-05-16,8.642913818359375
2002-05-17,8.484034538269043
2002-05-20,7.912073612213135
2002-05-21,7.371892929077148
2002-05-22,6.863491058349609
2002-05-23,6.79994010925293
2002-05-24,7.054136753082275
2002-05-27,6.990586757659912
2002-05-28,7.213015079498291
2002-05-29,6.927035331726074
2002-05-30,7.085912227630615
2002-05-31,6.958809852600098
2002-06-03,6.545734882354736
2002-06-04,6.48218297958374
2002-06-05,6.672836780548096
2002-06-06,6.672836780548096
2002-06-07,6.4186320304870605
2002-06-10,6.545734882354736
2002-06-11,6.48218297958374
2002-06-12,6.450407028198242
2002-06-13,6.736387729644775
2002-06-14,6.577510356903076
2002-06-17,6.641060829162598
2002-06-18,6.641060829162598
2002-06-19,6.196202754974365
2002-06-20,6.037324905395508
2002-06-21,5.846676826477051
2002-06-24,5.592471599578857
2002-06-25,5.592471599578857
2002-06-26,5.242940425872803
2002-06-27,4.956965923309326
2002-06-28,5.147612571716309
2002-07-01,4.7980875968933105
2002-07-02,4.670984745025635
2002-07-03,4.98874044418335
2002-07-04,5.306490421295166
2002-07-05,5.656022071838379
2002-07-08,5.687798976898193
2002-07-09,5.560696125030518
2002-07-10,5.338265895843506
2002-07-11,5.242940425872803
2002-07-12,5.592471599578857
2002-07-15,5.814901351928711
2002-07-16,5.656022071838379
2002-07-17,6.037324905395508
2002-07-18,5.751349925994873
2002-07-19,5.656022071838379
2002-07-22,5.624248027801514
2002-07-23,5.9102277755737305
2002-07-24,5.656022071838379
2002-07-25,5.592471599578857
2002-07-26,5.274714946746826
2002-07-29,5.306490421295166
2002-07-30,5.528921604156494
2002-07-31,5.338265895843506
2002-08-01,5.306490421295166
2002-08-02,5.274714946746826
2002-08-05,4.925190448760986
2002-08-06,4.670984745025635
2002-08-07,4.98874044418335
2002-08-08,4.766312122344971
2002-08-09,4.766312122344971
2002-08-12,4.543883323669434
2002-08-13,4.543883323669434
2002-08-14,4.639209270477295
2002-08-15,4.956965923309326
2002-08-16,5.274714946746826
2002-08-19,5.624248027801514
2002-08-20,5.624248027801514
2002-08-21,5.783125877380371
2002-08-22,6.164427280426025
2002-08-23,6.164427280426025
2002-08-26,6.704611778259277
2002-08-27,6.4186320304870605
2002-08-28,6.037324905395508
2002-08-29,6.450407028198242
2002-08-30,6.3550825119018555
2002-09-02,6.100875377655029
2002-09-03,5.973779201507568
2002-09-04,5.719573974609375
2002-09-05,5.719573974609375
2002-09-06,5.719573974609375
2002-09-09,5.942004203796387
2002-09-10,6.3550825119018555
2002-09-11,6.4186320304870605
2002-09-12,6.259753227233887
2002-09-13,6.323304653167725
2002-09-16,5.942004203796387
2002-09-17,6.3550825119018555
2002-09-18,6.0690999031066895
2002-09-19,6.037324905395508
2002-09-20,5.942004203796387
2002-09-23,5.783125877380371
2002-09-24,5.814901351928711
2002-09-25,5.528921604156494
2002-09-26,5.433593273162842
2002-09-27,5.370041370391846
2002-09-30,5.401817321777344
2002-10-01,5.401817321777344
2002-10-02,5.401817321777344
2002-10-03,5.2111639976501465
2002-10-04,5.242940425872803
2002-10-07,4.956965923309326
2002-10-08,5.242940425872803
2002-10-09,5.020517349243164
2002-10-10,5.020517349243164
2002-10-11,4.766312122344971
2002-10-14,4.7980875968933105
2002-10-15,5.115838050842285
2002-10-16,5.242940425872803
2002-10-17,5.084061622619629
2002-10-18,5.433593273162842
2002-10-21,5.656022071838379
2002-10-22,5.306490421295166
2002-10-23,5.592471599578857
2002-10-24,5.401817321777344
2002-10-25,5.401817321777344
2002-10-28,5.433593273162842
2002-10-29,5.338265895843506
2002-10-30,5.338265895843506
2002-10-31,5.687798976898193
2002-11-01,6.0690999031066895
2002-11-04,5.973779201507568
2002-11-05,6.037324905395508
2002-11-06,6.100875377655029
2002-11-07,6.037324905395508
2002-11-08,6.005554676055908
2002-11-11,5.846676826477051
2002-11-12,6.0690999031066895
2002-11-13,5.973779201507568
2002-11-14,5.846676826477051
2002-11-15,5.9102277755737305
2002-11-18,6.037324905395508
2002-11-19,5.878452301025391
2002-11-20,5.751349925994873
2002-11-21,5.592471599578857
2002-11-22,5.687798976898193
2002-11-25,5.687798976898193
2002-11-26,5.624248027801514
2002-11-27,5.497143745422363
2002-11-28,5.592471599578857
2002-11-29,5.592471599578857
2002-12-02,5.592471599578857
2002-12-03,5.751349925994873
2002-12-04,5.592471599578857
2002-12-05,5.687798976898193
2002-12-06,5.624248027801514
2002-12-09,5.719573974609375
2002-12-10,5.528921604156494
2002-12-11,5.497143745422363
2002-12-12,5.370041370391846
2002-12-13,5.306490421295166
2002-12-16,5.2111639976501465
2002-12-17,5.147612571716309
2002-12-18,5.084061622619629
2002-12-19,4.861639022827148
2002-12-20,4.956965923309326
2002-12-23,5.115838050842285
2002-12-24,5.147612571716309
2002-12-25,4.925190448760986
2002-12-26,5.084061622619629
2002-12-27,4.956965923309326
2002-12-30,4.89341402053833
2002-12-31,4.89341402053833
2003-01-01,4.89341402053833
2003-01-02,4.89341402053833
2003-01-03,4.89341402053833
2003-01-06,4.89341402053833
2003-01-07,4.89341402053833
2003-01-08,4.89341402053833
2003-01-09,4.89341402053833
2003-01-10,4.89341402053833
2003-01-13,4.89341402053833
2003-01-14,4.89341402053833
2003-01-15,4.89341402053833
2003-01-16,4.89341402053833
2003-01-17,4.89341402053833
2003-01-20,4.89341402053833
2003-01-21,4.89341402053833
2003-01-22,5.2254133224487305
2003-01-23,5.557460308074951
2003-01-24,5.941943168640137
2003-01-27,5.941943168640137
2003-01-28,5.80212926864624
2003-01-29,5.80212926864624
2003-01-30,5.80212926864624
2003-01-31,5.80212926864624
2003-02-03,5.80212926864624
2003-02-04,5.80212926864624
2003-02-05,5.80212926864624
2003-02-06,5.417652606964111
2003-02-07,5.138033390045166
2003-02-10,5.155506610870361
2003-02-11,5.207935333251953
2003-02-12,5.138033390045166
2003-02-13,5.155506610870361
2003-02-14,5.155506610870361
2003-02-17,5.417652606964111
2003-02-18,5.242887496948242
2003-02-19,5.172982692718506
2003-02-20,5.172982692718506
2003-02-21,5.138033390045166
2003-02-24,5.155506610870361
2003-02-25,4.9632697105407715
2003-02-26,4.823458671569824
2003-02-27,4.823458671569824
2003-02-28,4.823458671569824
2003-03-03,4.858410358428955
2003-03-04,4.840934753417969
2003-03-05,4.788504123687744
2003-03-06,4.788504123687744
2003-03-07,4.6486968994140625
2003-03-10,4.613742828369141
2003-03-11,4.543837547302246
2003-03-12,4.578791618347168
2003-03-13,4.6486968994140625
2003-03-14,4.788504123687744
2003-03-17,4.613742828369141
2003-03-18,4.893363952636719
2003-03-19,4.718598365783691
2003-03-20,4.858410358428955
2003-03-21,4.7535529136657715
2003-03-24,4.736074447631836
2003-03-25,4.718598365783691
2003-03-26,4.701122283935547
2003-03-27,4.666169166564941
2003-03-28,4.788504123687744
2003-03-31,4.736074447631836
2003-04-01,4.613742828369141
2003-04-02,4.578791618347168
2003-04-03,4.578791618347168
2003-04-04,4.683646202087402
2003-04-07,4.718598365783691
2003-04-08,4.805980682373047
2003-04-09,4.718598365783691
2003-04-10,4.683646202087402
2003-04-11,4.6486968994140625
2003-04-14,4.578791618347168
2003-04-15,4.596268177032471
2003-04-16,4.788504123687744
2003-04-17,4.840934753417969
2003-04-18,4.9632697105407715
2003-04-21,4.9632697105407715
2003-04-22,4.7535529136657715
2003-04-23,4.6486968994140625
2003-04-24,4.526361465454102
2003-04-25,4.456456184387207
2003-04-28,4.404026508331299
2003-04-29,4.351597309112549
2003-04-30,4.054501533508301
2003-05-01,4.054501533508301
2003-05-02,4.2292656898498535
2003-05-05,4.24674129486084
2003-05-06,4.1943135261535645
2003-05-07,4.2292656898498535
2003-05-08,4.508884906768799
2003-05-09,4.7535529136657715
2003-05-12,4.613742828369141
2003-05-13,4.631219387054443
2003-05-14,4.631219387054443
2003-05-15,4.543837547302246
2003-05-16,4.543837547302246
2003-05-19,4.561315059661865
2003-05-20,4.526361465454102
2003-05-21,4.404026508331299
2003-05-22,4.491407871246338
2003-05-23,4.578791618347168
2003-05-26,4.736074447631836
2003-05-27,4.631219387054443
2003-05-28,4.945792198181152
2003-05-29,4.910840034484863
2003-05-30,4.980745315551758
2003-06-02,5.138033390045166
2003-06-03,5.0856032371521
2003-06-04,5.0856032371521
2003-06-05,5.155506610870361
2003-06-06,5.487557888031006
2003-06-09,5.697271823883057
2003-06-10,5.592413902282715
2003-06-11,5.662320137023926
2003-06-12,5.941943168640137
2003-06-13,5.976893424987793
2003-06-16,6.116703033447266
2003-06-17,6.2565155029296875
2003-06-18,6.3613739013671875
2003-06-19,6.291467666625977
2003-06-20,5.941943168640137
2003-06-23,5.976893424987793
2003-06-24,5.941943168640137
2003-06-25,5.906989097595215
2003-06-26,5.767178535461426
2003-06-27,5.872036933898926
2003-06-30,5.80212926864624
2003-07-01,6.011847972869873
2003-07-02,6.116703033447266
2003-07-03,6.116703033447266
2003-07-04,6.186607360839844
2003-07-07,6.571087837219238
2003-07-08,7.025470733642578
2003-07-09,7.444901943206787
2003-07-10,7.3050947189331055
2003-07-11,7.794431209564209
2003-07-14,8.283763885498047
2003-07-15,7.829380989074707
2003-07-16,7.829380989074707
2003-07-17,7.340047359466553
2003-07-18,7.444901943206787
2003-07-21,7.444901943206787
2003-07-22,7.584712982177734
2003-07-23,7.584712982177734
2003-07-24,8.109003067016602
2003-07-25,8.59834098815918
2003-07-28,8.143956184387207
2003-07-29,8.143956184387207
2003-07-30,8.283763885498047
2003-07-31,8.178909301757812
2003-08-01,8.703194618225098
2003-08-04,8.353670120239258
2003-08-05,8.248810768127441
2003-08-06,8.493480682373047
2003-08-07,8.283763885498047
2003-08-08,8.21386432647705
2003-08-11,8.21386432647705
2003-08-12,8.109003067016602
2003-08-13,8.109003067016602
2003-08-14,7.934237003326416
2003-08-15,7.969192981719971
2003-08-18,8.21386432647705
2003-08-19,8.21386432647705
2003-08-20,7.969192981719971
2003-08-21,8.143956184387207
2003-08-22,8.109003067016602
2003-08-25,8.004144668579102
2003-08-26,8.21386432647705
2003-08-27,7.89232063293457
2003-08-28,7.600013732910156
2003-08-29,7.965398788452148
2003-09-01,7.746166229248047
2003-09-02,7.819243431091309
2003-09-03,7.709630966186523
2003-09-04,7.4903974533081055
2003-09-05,7.453859806060791
2003-09-08,7.563475131988525
2003-09-09,7.125012397766113
2003-09-10,7.307701587677002
2003-09-11,7.307701587677002
2003-09-12,7.234626293182373
2003-09-15,7.307701587677002
2003-09-16,7.307701587677002
2003-09-17,7.4903974533081055
2003-09-18,7.600013732910156
2003-09-19,7.600013732910156
2003-09-22,7.380782127380371
2003-09-23,7.4173197746276855
2003-09-24,7.4173197746276855
2003-09-25,7.307701587677002
2003-09-26,7.2711639404296875
2003-09-29,7.234626293182373
2003-09-30,7.161550998687744
2003-10-01,7.307701587677002
2003-10-02,7.307701587677002
2003-10-03,7.307701587677002
2003-10-06,7.526937007904053
2003-10-07,7.344242572784424
2003-10-08,7.344242572784424
2003-10-09,7.380782127380371
2003-10-10,7.380782127380371
2003-10-13,7.198086738586426
2003-10-14,7.161550998687744
2003-10-15,7.307701587677002
2003-10-16,7.453859806060791
2003-10-17,7.2711639404296875
2003-10-20,7.307701587677002
2003-10-21,7.234626293182373
2003-10-22,7.234626293182373
2003-10-23,7.088474273681641
2003-10-24,7.015395641326904
2003-10-27,7.088474273681641
2003-10-28,7.051935195922852
2003-10-29,7.051935195922852
2003-10-30,7.234626293182373
2003-10-31,7.709630966186523
2003-11-03,7.709630966186523
2003-11-04,7.746166229248047
2003-11-05,7.7827043533325195
2003-11-06,7.636553764343262
2003-11-07,7.7827043533325195
2003-11-10,7.819243431091309
2003-11-11,8.33078384399414
2003-11-12,8.257705688476562
2003-11-13,8.148094177246094
2003-11-14,8.148094177246094
2003-11-17,8.33078384399414
2003-11-18,8.038476943969727
2003-11-19,7.819243431091309
2003-11-20,7.855781555175781
2003-11-21,7.928858757019043
2003-11-24,7.965398788452148
2003-11-25,7.89232063293457
2003-11-26,7.89232063293457
2003-11-27,7.928858757019043
2003-11-28,7.89232063293457
2003-12-01,8.038476943969727
2003-12-02,8.184626579284668
2003-12-03,8.367321968078613
2003-12-04,8.367321968078613
2003-12-05,8.257705688476562
2003-12-08,8.038476943969727
2003-12-09,8.001935958862305
2003-12-10,7.965398788452148
2003-12-11,7.965398788452148
2003-12-12,7.965398788452148
2003-12-15,8.001935958862305
2003-12-16,7.965398788452148
2003-12-17,7.673091888427734
2003-12-18,7.673091888427734
2003-12-19,7.89232063293457
2003-12-22,7.819243431091309
2003-12-23,7.636553764343262
2003-12-24,7.636553764343262
2003-12-25,7.673091888427734
2003-12-26,7.855781555175781
2003-12-29,7.673091888427734
2003-12-30,7.344242572784424
2003-12-31,7.4173197746276855
2004-01-01,7.4173197746276855
2004-01-02,7.563475131988525
2004-01-05,7.636553764343262
2004-01-06,7.600013732910156
2004-01-07,7.636553764343262
2004-01-08,7.819243431091309
2004-01-09,7.819243431091309
2004-01-12,7.7827043533325195
2004-01-13,7.7827043533325195
2004-01-14,7.709630966186523
2004-01-15,7.819243431091309
2004-01-16,7.673091888427734
2004-01-19,7.673091888427734
2004-01-20,7.673091888427734
2004-01-21,7.673091888427734
2004-01-22,7.673091888427734
2004-01-23,7.673091888427734
2004-01-26,7.673091888427734
2004-01-27,8.001935958862305
2004-01-28,8.550016403198242
2004-01-29,8.221165657043457
2004-01-30,8.221165657043457
2004-02-02,8.257705688476562
2004-02-03,8.111552238464355
2004-02-04,8.148094177246094
2004-02-05,8.403861999511719
2004-02-06,8.769244194030762
2004-02-09,8.623089790344238
2004-02-10,8.623089790344238
2004-02-11,8.623089790344238
2004-02-12,8.221165657043457
2004-02-13,8.0750150680542
2004-02-16,7.965398788452148
2004-02-17,8.111552238464355
2004-02-18,8.184626579284668
2004-02-19,8.257705688476562
2004-02-20,8.294243812561035
2004-02-23,8.221165657043457
2004-02-24,8.221165657043457
2004-02-25,8.148094177246094
2004-02-26,8.148094177246094
2004-02-27,8.148094177246094
2004-03-01,8.148094177246094
2004-03-02,8.221165657043457
2004-03-03,8.184626579284668
2004-03-04,8.732706069946289
2004-03-05,8.80578327178955
2004-03-08,8.6961669921875
2004-03-09,8.6961669921875
2004-03-10,8.47693920135498
2004-03-11,8.550016403198242
2004-03-12,8.294243812561035
2004-03-15,8.184626579284668
2004-03-16,8.038476943969727
2004-03-17,7.928858757019043
2004-03-18,8.148094177246094
2004-03-19,8.0750150680542
2004-03-22,7.526937007904053
2004-03-23,7.015395641326904
2004-03-24,7.125012397766113
2004-03-25,7.125012397766113
2004-03-26,6.978858470916748
2004-03-29,7.453859806060791
2004-03-30,7.563475131988525
2004-03-31,7.526937007904053
2004-04-01,7.526937007904053
2004-04-02,7.600013732910156
2004-04-05,7.746166229248047
2004-04-06,7.673091888427734
2004-04-07,7.600013732910156
2004-04-08,7.563475131988525
2004-04-09,7.563475131988525
2004-04-12,7.709630966186523
2004-04-13,7.636553764343262
2004-04-14,7.7827043533325195
2004-04-15,7.709630966186523
2004-04-16,7.709630966186523
2004-04-19,7.855781555175781
2004-04-20,7.855781555175781
2004-04-21,7.673091888427734
2004-04-22,7.673091888427734
2004-04-23,7.673091888427734
2004-04-26,7.636553764343262
2004-04-27,7.600013732910156
2004-04-28,7.600013732910156
2004-04-29,7.526937007904053
2004-04-30,7.125012397766113
2004-05-03,7.198086738586426
2004-05-04,7.4173197746276855
2004-05-05,7.234626293182373
2004-05-06,7.125012397766113
2004-05-07,7.161550998687744
2004-05-10,7.125012397766113
2004-05-11,7.088474273681641
2004-05-12,7.161550998687744
2004-05-13,7.015395641326904
2004-05-14,7.051935195922852
2004-05-17,7.015395641326904
2004-05-18,7.051935195922852
2004-05-19,7.307701587677002
2004-05-20,7.234626293182373
2004-05-21,7.307701587677002
2004-05-24,7.307701587677002
2004-05-25,7.307701587677002
2004-05-26,7.2711639404296875
2004-05-27,7.2711639404296875
2004-05-28,7.198086738586426
2004-05-31,7.198086738586426
2004-06-01,7.198086738586426
2004-06-02,7.051935195922852
2004-06-03,6.796164512634277
2004-06-04,6.832702159881592
2004-06-07,7.051935195922852
2004-06-08,7.088474273681641
2004-06-09,7.051935195922852
2004-06-10,7.051935195922852
2004-06-11,6.942317962646484
2004-06-14,6.832702159881592
2004-06-15,6.942317962646484
2004-06-16,6.576934814453125
2004-06-17,6.650012016296387
2004-06-18,6.503856182098389
2004-06-21,6.211551189422607
2004-06-22,6.211551189422607
2004-06-23,6.357701301574707
2004-06-24,6.357701301574707
2004-06-25,6.321162700653076
2004-06-28,6.138473033905029
2004-06-29,6.138473033905029
2004-06-30,5.919240474700928
2004-07-01,6.065392971038818
2004-07-02,6.065392971038818
2004-07-05,6.065392971038818
2004-07-06,6.2846269607543945
2004-07-07,6.4673171043396
2004-07-08,6.4673171043396
2004-07-09,6.430778980255127
2004-07-12,6.394240856170654
2004-07-13,6.503856182098389
2004-07-14,6.394240856170654
2004-07-15,6.4673171043396
2004-07-16,6.576934814453125
2004-07-19,6.576934814453125
2004-07-20,6.357701301574707
2004-07-21,6.357701301574707
2004-07-22,6.4673171043396
2004-07-23,6.540396213531494
2004-07-26,6.576934814453125
2004-07-27,6.576934814453125
2004-07-28,6.540396213531494
2004-07-29,6.4673171043396
2004-07-30,6.430778980255127
2004-08-02,6.430778980255127
2004-08-03,6.503856182098389
2004-08-04,6.4673171043396
2004-08-05,6.503856182098389
2004-08-06,6.4673171043396
2004-08-09,6.503856182098389
2004-08-10,6.503856182098389
2004-08-11,6.540396213531494
2004-08-12,6.540396213531494
2004-08-13,6.540396213531494
2004-08-16,6.576934814453125
2004-08-17,6.576934814453125
2004-08-18,6.576934814453125
2004-08-19,6.759624481201172
2004-08-20,6.942317962646484
2004-08-23,7.088474273681641
2004-08-24,7.088474273681641
2004-08-25,7.088474273681641
2004-08-26,7.380782127380371
2004-08-27,7.563475131988525
2004-08-30,7.709630966186523
2004-08-31,7.563475131988525
2004-09-01,7.673091888427734
2004-09-02,7.673091888427734
2004-09-03,7.600013732910156
2004-09-06,7.563475131988525
2004-09-07,7.526937007904053
2004-09-08,7.344242572784424
2004-09-09,7.234626293182373
2004-09-10,7.125012397766113
2004-09-13,7.161550998687744
2004-09-14,7.307701587677002
2004-09-15,7.234626293182373
2004-09-16,7.161550998687744
2004-09-17,7.344242572784424
2004-09-20,7.161550998687744
2004-09-21,7.088474273681641
2004-09-22,6.978858470916748
2004-09-23,6.942317962646484
2004-09-24,7.051935195922852
2004-09-27,6.942317962646484
2004-09-28,6.942317962646484
2004-09-29,6.832702159881592
2004-09-30,7.015395641326904
2004-10-01,6.978858470916748
2004-10-04,6.978858470916748
2004-10-05,6.978858470916748
2004-10-06,7.015395641326904
2004-10-07,7.015395641326904
2004-10-08,7.051935195922852
2004-10-11,7.125012397766113
2004-10-12,6.942317962646484
2004-10-13,6.905779838562012
2004-10-14,6.832702159881592
2004-10-15,6.723090171813965
2004-10-18,6.686551094055176
2004-10-19,6.686551094055176
2004-10-20,6.650012016296387
2004-10-21,6.650012016296387
2004-10-22,6.6134724617004395
2004-10-25,6.6134724617004395
2004-10-26,6.503856182098389
2004-10-27,6.540396213531494
2004-10-28,6.540396213531494
2004-10-29,6.978858470916748
2004-11-01,6.759624481201172
2004-11-02,6.686551094055176
2004-11-03,6.650012016296387
2004-11-04,6.540396213531494
2004-11-05,6.6134724617004395
2004-11-08,6.430778980255127
2004-11-09,6.4673171043396
2004-11-10,6.430778980255127
2004-11-11,6.430778980255127
2004-11-12,6.394240856170654
2004-11-15,6.4673171043396
2004-11-16,6.430778980255127
2004-11-17,6.503856182098389
2004-11-18,6.869241714477539
2004-11-19,6.650012016296387
2004-11-22,6.394240856170654
2004-11-23,6.394240856170654
2004-11-24,6.394240856170654
2004-11-25,6.394240856170654
2004-11-26,6.357701301574707
2004-11-29,6.540396213531494
2004-11-30,6.503856182098389
2004-12-01,6.2846269607543945
2004-12-02,6.2846269607543945
2004-12-03,6.2846269607543945
2004-12-06,6.2846269607543945
2004-12-07,6.650012016296387
2004-12-08,6.759624481201172
2004-12-09,6.723090171813965
2004-12-10,6.723090171813965
2004-12-13,6.723090171813965
2004-12-14,6.942317962646484
2004-12-15,6.832702159881592
2004-12-16,6.869241714477539
2004-12-17,6.905779838562012
2004-12-20,6.905779838562012
2004-12-21,6.905779838562012
2004-12-22,6.869241714477539
2004-12-23,6.869241714477539
2004-12-24,7.125012397766113
2004-12-27,6.832702159881592
2004-12-28,6.832702159881592
2004-12-29,6.832702159881592
2004-12-30,6.832702159881592
2004-12-31,6.686551094055176
2005-01-03,6.759624481201172
2005-01-04,6.686551094055176
2005-01-05,6.686551094055176
2005-01-06,6.686551094055176
2005-01-07,6.6134724617004395
2005-01-10,6.6134724617004395
2005-01-11,6.650012016296387
2005-01-12,6.503856182098389
2005-01-13,6.503856182098389
2005-01-14,6.4673171043396
2005-01-17,6.540396213531494
2005-01-18,6.4673171043396
2005-01-19,6.248087406158447
2005-01-20,6.394240856170654
2005-01-21,6.394240856170654
2005-01-24,6.394240856170654
2005-01-25,6.430778980255127
2005-01-26,6.321162700653076
2005-01-27,6.394240856170654
2005-01-28,6.430778980255127
2005-01-31,6.503856182098389
2005-02-01,6.394240856170654
2005-02-02,6.248087406158447
2005-02-03,6.503856182098389
2005-02-04,6.503856182098389
2005-02-07,6.503856182098389
2005-02-08,6.503856182098389
2005-02-09,6.503856182098389
2005-02-10,6.503856182098389
2005-02-11,6.503856182098389
2005-02-14,6.4673171043396
2005-02-15,6.248087406158447
2005-02-16,6.394240856170654
2005-02-17,6.2846269607543945
2005-02-18,6.357701301574707
2005-02-21,6.394240856170654
2005-02-22,6.2846269607543945
2005-02-23,6.248087406158447
2005-02-24,6.248087406158447
2005-02-25,6.650012016296387
2005-02-28,6.650012016296387
2005-03-01,6.869241714477539
2005-03-02,6.796164512634277
2005-03-03,6.723090171813965
2005-03-04,6.650012016296387
2005-03-07,6.576934814453125
2005-03-08,6.394240856170654
2005-03-09,6.430778980255127
2005-03-10,6.375971794128418
2005-03-11,6.412510395050049
2005-03-14,6.394240856170654
2005-03-15,6.321162700653076
2005-03-16,6.321162700653076
2005-03-17,6.357701301574707
2005-03-18,6.2846269607543945
2005-03-21,6.30289363861084
2005-03-22,6.321162700653076
2005-03-23,6.430778980255127
2005-03-24,6.394240856170654
2005-03-25,6.375971794128418
2005-03-28,6.357701301574707
2005-03-29,6.248087406158447
2005-03-30,6.193281173706055
2005-03-31,6.211551189422607
2005-04-01,6.211551189422607
2005-04-04,6.211551189422607
2005-04-05,6.211551189422607
2005-04-06,6.211551189422607
2005-04-07,6.211551189422607
2005-04-08,6.175012111663818
2005-04-11,6.193281173706055
2005-04-12,6.193281173706055
2005-04-13,6.193281173706055
2005-04-14,6.2298197746276855
2005-04-15,6.211551189422607
2005-04-18,6.175012111663818
2005-04-19,6.211551189422607
2005-04-20,6.211551189422607
2005-04-21,6.211551189422607
2005-04-22,6.248087406158447
2005-04-25,6.2846269607543945
2005-04-26,6.2298197746276855
2005-04-27,6.2846269607543945
2005-04-28,6.321162700653076
2005-04-29,6.321162700653076
2005-05-02,6.321162700653076
2005-05-03,6.375971794128418
2005-05-04,6.4673171043396
2005-05-05,6.503856182098389
2005-05-06,6.576934814453125
2005-05-09,6.723090171813965
2005-05-10,6.668281555175781
2005-05-11,6.540396213531494
2005-05-12,6.576934814453125
2005-05-13,6.723090171813965
2005-05-16,6.759624481201172
2005-05-17,6.704822063446045
2005-05-18,6.759624481201172
2005-05-19,6.942317962646484
2005-05-20,6.942317962646484
2005-05-23,6.869241714477539
2005-05-24,7.051935195922852
2005-05-25,7.015395641326904
2005-05-26,6.942317962646484
2005-05-27,7.051935195922852
2005-05-30,6.942317962646484
2005-05-31,6.905779838562012
2005-06-01,6.905779838562012
2005-06-02,7.051935195922852
2005-06-03,7.051935195922852
2005-06-06,7.051935195922852
2005-06-07,7.015395641326904
2005-06-08,7.015395641326904
2005-06-09,7.051935195922852
2005-06-10,7.198086738586426
2005-06-13,7.07020378112793
2005-06-14,7.051935195922852
2005-06-15,7.033667087554932
2005-06-16,7.125012397766113
2005-06-17,7.051935195922852
2005-06-20,7.051935195922852
2005-06-21,7.015395641326904
2005-06-22,7.07020378112793
2005-06-23,7.088474273681641
2005-06-24,6.997125625610352
2005-06-27,7.015395641326904
2005-06-28,6.905779838562012
2005-06-29,6.942317962646484
2005-06-30,7.125119209289551
2005-07-01,7.125119209289551
2005-07-04,6.991046905517578
2005-07-05,6.991046905517578
2005-07-06,6.97189474105835
2005-07-07,6.97189474105835
2005-07-08,6.97189474105835
2005-07-11,6.97189474105835
2005-07-12,6.97189474105835
2005-07-13,7.086812496185303
2005-07-14,7.144271373748779
2005-07-15,7.048509120941162
2005-07-18,7.048509120941162
2005-07-19,6.895280361175537
2005-07-20,6.81866455078125
2005-07-21,6.876124382019043
2005-07-22,7.010201930999756
2005-07-25,6.895280361175537
2005-07-26,6.895280361175537
2005-07-27,6.799511432647705
2005-07-28,6.7803568840026855
2005-07-29,6.646280288696289
2005-08-01,6.531363010406494
2005-08-02,6.512208938598633
2005-08-03,6.5888214111328125
2005-08-04,6.5888214111328125
2005-08-05,6.5888214111328125
2005-08-08,6.512208938598633
2005-08-09,6.5888214111328125
2005-08-10,6.607974052429199
2005-08-11,6.512208938598633
2005-08-12,6.358980178833008
2005-08-15,6.512208938598633
2005-08-16,6.512208938598633
2005-08-17,6.493054389953613
2005-08-18,6.473901748657227
2005-08-19,6.282364368438721
2005-08-22,6.186595439910889
2005-08-23,6.1674418449401855
2005-08-24,6.1674418449401855
2005-08-25,6.2440571784973145
2005-08-26,6.282364368438721
2005-08-29,6.3206706047058105
2005-08-30,6.761203289031982
2005-08-31,6.97189474105835
2005-09-01,6.97189474105835
2005-09-02,6.837818145751953
2005-09-05,6.837818145751953
2005-09-06,6.665432929992676
2005-09-07,6.627127170562744
2005-09-08,6.991046905517578
2005-09-09,6.895280361175537
2005-09-12,6.837818145751953
2005-09-13,6.703740119934082
2005-09-14,6.646280288696289
2005-09-15,6.550516605377197
2005-09-16,6.512208938598633
2005-09-19,6.684587478637695
2005-09-20,6.703740119934082
2005-09-21,6.703740119934082
2005-09-22,6.512208938598633
2005-09-23,6.512208938598633
2005-09-26,6.550516605377197
2005-09-27,6.5888214111328125
2005-09-28,6.569664001464844
2005-09-29,6.837818145751953
2005-09-30,6.87689208984375
2005-10-03,6.837818145751953
2005-10-04,6.68152379989624
2005-10-05,6.642452716827393
2005-10-06,6.68152379989624
2005-10-07,6.68152379989624
2005-10-10,6.550516605377197
2005-10-11,6.661988735198975
2005-10-12,6.642452716827393
2005-10-13,6.642452716827393
2005-10-14,6.642452716827393
2005-10-17,6.583841800689697
2005-10-18,6.564304351806641
2005-10-19,6.564304351806641
2005-10-20,6.564304351806641
2005-10-21,6.564304351806641
2005-10-24,6.6033782958984375
2005-10-25,6.564304351806641
2005-10-26,6.447085857391357
2005-10-27,6.4861578941345215
2005-10-28,6.564304351806641
2005-10-31,6.740133762359619
2005-11-01,6.642452716827393
2005-11-02,6.622915744781494
2005-11-03,6.68152379989624
2005-11-04,6.4861578941345215
2005-11-07,6.4080119132995605
2005-11-08,6.368938446044922
2005-11-09,6.4080119132995605
2005-11-10,6.4861578941345215
2005-11-11,6.544768333435059
2005-11-14,6.642452716827393
2005-11-15,6.6033782958984375
2005-11-16,6.661988735198975
2005-11-17,6.740133762359619
2005-11-18,6.740133762359619
2005-11-21,6.759671211242676
2005-11-22,6.642452716827393
2005-11-23,6.525232315063477
2005-11-24,6.4861578941345215
2005-11-25,6.505697250366211
2005-11-28,6.583841800689697
2005-11-29,6.525232315063477
2005-11-30,6.525232315063477
2005-12-01,6.564304351806641
2005-12-02,6.544768333435059
2005-12-05,6.505697250366211
2005-12-06,6.4861578941345215
2005-12-07,6.544768333435059
2005-12-08,6.896427631378174
2005-12-09,6.935500144958496
2005-12-12,7.150402545928955
2005-12-13,7.228550434112549
2005-12-14,7.306698322296143
2005-12-15,7.423916339874268
2005-12-16,7.599745273590088
2005-12-19,7.580209732055664
2005-12-20,7.560672283172607
2005-12-21,7.599745273590088
2005-12-22,7.31665563583374
2005-12-23,7.658356189727783
2005-12-26,7.4507317543029785
2005-12-27,7.599745273590088
2005-12-28,7.599745273590088
2005-12-29,7.599745273590088
2005-12-30,7.580209732055664
2006-01-02,7.384842395782471
2006-01-03,7.7365031242370605
2006-01-04,7.814647674560547
2006-01-05,8.127235412597656
2006-01-06,8.049087524414062
2006-01-09,8.049087524414062
2006-01-10,8.049087524414062
2006-01-11,7.853723526000977
2006-01-12,7.814647674560547
2006-01-13,7.775575637817383
2006-01-16,7.775575637817383
2006-01-17,7.677892684936523
2006-01-18,7.541134834289551
2006-01-19,7.502063751220703
2006-01-20,7.384842395782471
2006-01-23,7.287160873413086
2006-01-24,7.384842395782471
2006-01-25,7.404379844665527
2006-02-03,7.502063751220703
2006-02-06,8.010014533996582
2006-02-07,7.931868076324463
2006-02-08,7.677892684936523
2006-02-09,7.619282245635986
2006-02-10,7.502063751220703
2006-02-13,7.462988376617432
2006-02-14,7.462988376617432
2006-02-15,7.423916339874268
2006-02-16,7.423916339874268
2006-02-17,7.443455219268799
2006-02-20,7.345769882202148
2006-02-21,7.248086452484131
2006-02-22,7.228550434112549
2006-02-23,7.209014415740967
2006-02-24,7.228550434112549
2006-02-27,7.111330986022949
2006-03-01,7.2676239013671875
2006-03-02,7.228550434112549
2006-03-03,7.228550434112549
2006-03-06,7.228550434112549
2006-03-07,7.228550434112549
2006-03-08,7.228550434112549
2006-03-09,7.228550434112549
2006-03-10,7.228550434112549
2006-03-13,7.189477920532227
2006-03-14,7.209014415740967
2006-03-15,7.189477920532227
2006-03-16,7.150402545928955
2006-03-17,7.150402545928955
2006-03-20,6.994112491607666
2006-03-21,6.915964603424072
2006-03-22,6.915964603424072
2006-03-23,6.935500144958496
2006-03-24,6.974575042724609
2006-03-27,6.9550371170043945
2006-03-28,6.9550371170043945
2006-03-29,6.9550371170043945
2006-03-30,7.013646602630615
2006-03-31,7.013646602630615
2006-04-03,7.0331830978393555
2006-04-04,7.0331830978393555
2006-04-06,7.130866527557373
2006-04-07,7.150402545928955
2006-04-10,7.111330986022949
2006-04-11,6.974575042724609
2006-04-12,6.9550371170043945
2006-04-13,7.013646602630615
2006-04-14,7.189477920532227
2006-04-17,7.306698322296143
2006-04-18,7.443455219268799
2006-04-19,7.580209732055664
2006-04-20,7.502063751220703
2006-04-21,7.462988376617432
2006-04-24,7.3653059005737305
2006-04-25,7.3653059005737305
2006-04-26,7.502063751220703
2006-04-27,7.502063751220703
2006-04-28,7.462988376617432
2006-05-02,7.384842395782471
2006-05-03,7.306698322296143
2006-05-04,7.658356189727783
2006-05-05,7.502063751220703
2006-05-08,7.462988376617432
2006-05-09,7.345769882202148
2006-05-10,7.502063751220703
2006-05-11,7.482526779174805
2006-05-12,7.443455219268799
2006-05-15,7.443455219268799
2006-05-16,7.560672283172607
2006-05-17,7.7169647216796875
2006-05-18,7.546496868133545
2006-05-19,7.3932719230651855
2006-05-22,7.7365031242370605
2006-05-23,7.619282245635986
2006-05-24,7.580209732055664
2006-05-25,7.580209732055664
2006-05-26,7.541134834289551
2006-05-29,7.31665563583374
2006-05-30,7.462988376617432
2006-06-01,7.306698322296143
2006-06-02,7.013646602630615
2006-06-05,6.915964603424072
2006-06-06,6.994112491607666
2006-06-07,6.9550371170043945
2006-06-08,6.994112491607666
2006-06-09,7.423916339874268
2006-06-12,7.248086452484131
2006-06-13,7.111330986022949
2006-06-14,7.111330986022949
2006-06-15,7.228550434112549
2006-06-16,7.384842395782471
2006-06-19,7.2676239013671875
2006-06-20,7.16994047164917
2006-06-21,7.150402545928955
2006-06-22,7.16994047164917
2006-06-23,7.150402545928955
2006-06-26,7.228550434112549
2006-06-27,7.345769882202148
2006-06-28,7.306698322296143
2006-06-29,7.345769882202148
2006-06-30,7.482526779174805
2006-07-03,7.482526779174805
2006-07-04,7.503783226013184
2006-07-05,7.461268901824951
2006-07-06,7.397500038146973
2006-07-07,7.354984283447266
2006-07-10,7.397500038146973
2006-07-11,7.354984283447266
2006-07-12,7.269956111907959
2006-07-13,7.227441310882568
2006-07-14,7.057381629943848
2006-07-17,7.014869213104248
2006-07-18,7.121153354644775
2006-07-19,7.121153354644775
2006-07-20,7.227441310882568
2006-07-21,7.269956111907959
2006-07-24,7.248697280883789
2006-07-25,7.227441310882568
2006-07-26,7.064864158630371
2006-07-27,7.002365589141846
2006-07-28,7.206182479858398
2006-07-31,7.312469959259033
2006-08-01,7.1849260330200195
2006-08-02,7.227441310882568
2006-08-03,7.227441310882568
2006-08-04,7.440013408660889
2006-08-07,7.312469959259033
2006-08-08,7.354984283447266
2006-08-09,7.227441310882568
2006-08-10,7.248697280883789
2006-08-11,7.269956111907959
2006-08-14,7.291213035583496
2006-08-15,7.248697280883789
2006-08-16,7.227441310882568
2006-08-17,7.227441310882568
2006-08-18,7.227441310882568
2006-08-21,7.142410755157471
2006-08-22,7.206182479858398
2006-08-23,7.142410755157471
2006-08-24,7.1849260330200195
2006-08-25,7.121153354644775
2006-08-28,7.121153354644775
2006-08-29,7.1849260330200195
2006-08-30,7.1849260330200195
2006-08-31,7.354984283447266
2006-09-01,7.291213035583496
2006-09-04,7.227441310882568
2006-09-05,7.1849260330200195
2006-09-06,7.1849260330200195
2006-09-07,7.1849260330200195
2006-09-08,7.206182479858398
2006-09-11,7.227441310882568
2006-09-12,7.057381629943848
2006-09-13,7.057381629943848
2006-09-14,6.993610858917236
2006-09-15,7.078639030456543
2006-09-18,7.227441310882568
2006-09-19,7.206182479858398
2006-09-20,7.1849260330200195
2006-09-21,7.142410755157471
2006-09-22,7.163668155670166
2006-09-25,7.1849260330200195
2006-09-26,7.227441310882568
2006-09-27,7.227441310882568
2006-09-28,7.142410755157471
2006-09-29,7.163668155670166
2006-10-02,7.1849260330200195
2006-10-03,7.121153354644775
2006-10-04,7.142410755157471
2006-10-05,7.227441310882568
2006-10-09,7.085726737976074
2006-10-11,7.3337273597717285
2006-10-12,7.269956111907959
2006-10-13,7.397500038146973
2006-10-16,7.291213035583496
2006-10-17,7.503783226013184
2006-10-18,7.567554473876953
2006-10-19,7.737611293792725
2006-10-20,7.865156650543213
2006-10-23,7.801384449005127
2006-10-24,7.822640895843506
2006-10-25,8.077725410461426
2006-10-26,7.919340133666992
2006-10-27,8.013955116271973
2006-10-30,7.9076690673828125
2006-10-31,7.78012752532959
2006-11-01,7.92892599105835
2006-11-02,7.9076690673828125
2006-11-03,8.077725410461426
2006-11-06,7.992697715759277
2006-11-07,8.035212516784668
2006-11-08,7.865156650543213
2006-11-09,7.9076690673828125
2006-11-10,7.865156650543213
2006-11-13,7.78012752532959
2006-11-14,7.652582168579102
2006-11-15,7.78012752532959
2006-11-16,7.78012752532959
2006-11-17,7.801384449005127
2006-11-20,7.801384449005127
2006-11-21,7.78012752532959
2006-11-22,7.78012752532959
2006-11-23,7.843898773193359
2006-11-24,7.843898773193359
2006-11-27,7.92892599105835
2006-11-28,7.865156650543213
2006-11-29,8.077725410461426
2006-11-30,8.226527214050293
2006-12-01,8.37532901763916
2006-12-04,8.417841911315918
2006-12-05,8.141497611999512
2006-12-06,8.162755012512207
2006-12-07,8.077725410461426
2006-12-08,7.992697715759277
2006-12-11,8.120241165161133
2006-12-12,8.013955116271973
2006-12-13,7.843898773193359
2006-12-14,7.843898773193359
2006-12-15,7.737611293792725
2006-12-18,7.92892599105835
2006-12-19,7.9076690673828125
2006-12-20,7.92892599105835
2006-12-21,7.92892599105835
2006-12-22,7.950185298919678
2006-12-25,8.077725410461426
2006-12-26,8.077725410461426
2006-12-27,8.077725410461426
2006-12-28,8.098983764648438
2006-12-29,8.141497611999512
2007-01-02,8.58790111541748
2007-01-03,8.630413055419922
2007-01-04,8.5028715133667
2007-01-05,8.396585464477539
2007-01-08,8.417841911315918
2007-01-09,8.417841911315918
2007-01-10,8.439099311828613
2007-01-11,8.290297508239746
2007-01-12,8.247784614562988
2007-01-15,8.141497611999512
2007-01-16,8.205270767211914
2007-01-17,8.37532901763916
2007-01-18,8.14858627319336
2007-01-19,8.332813262939453
2007-01-22,8.906757354736328
2007-01-23,8.417841911315918
2007-01-24,8.481614112854004
2007-01-25,8.5028715133667
2007-01-26,8.37532901763916
2007-01-29,8.290297508239746
2007-01-30,8.226527214050293
2007-01-31,8.247784614562988
2007-02-01,8.162755012512207
2007-02-02,8.205270767211914
2007-02-05,8.162755012512207
2007-02-06,8.247784614562988
2007-02-07,8.120241165161133
2007-02-08,7.9076690673828125
2007-02-09,8.035212516784668
2007-02-12,7.92892599105835
2007-02-13,7.971442222595215
2007-02-14,7.950185298919678
2007-02-26,8.5028715133667
2007-02-27,8.5028715133667
2007-03-01,8.205270767211914
2007-03-02,8.247784614562988
2007-03-05,7.716355323791504
2007-03-06,7.78012752532959
2007-03-07,7.758869171142578
2007-03-08,7.950185298919678
2007-03-09,7.865156650543213
2007-03-12,7.9076690673828125
2007-03-13,7.9076690673828125
2007-03-14,7.801384449005127
2007-03-15,7.92892599105835
2007-03-16,8.077725410461426
2007-03-19,7.92892599105835
2007-03-20,7.950185298919678
2007-03-21,7.92892599105835
2007-03-22,7.9076690673828125
2007-03-23,7.92892599105835
2007-03-26,7.9076690673828125
2007-03-27,8.013955116271973
2007-03-28,8.162755012512207
2007-03-29,8.098983764648438
2007-03-30,8.077725410461426
2007-04-02,8.05647087097168
2007-04-03,8.077725410461426
2007-04-04,8.05647087097168
2007-04-09,8.162755012512207
2007-04-10,8.077725410461426
2007-04-11,8.077725410461426
2007-04-12,8.077725410461426
2007-04-13,8.120241165161133
2007-04-16,8.247784614562988
2007-04-17,8.58790111541748
2007-04-18,9.183098793029785
2007-04-19,9.438185691833496
2007-04-20,9.331902503967285
2007-04-23,8.949273109436035
2007-04-24,8.970527648925781
2007-04-25,9.055558204650879
2007-04-26,8.715442657470703
2007-04-27,8.524128913879395
2007-04-30,8.205270767211914
2007-05-02,8.162755012512207
2007-05-03,7.886413097381592
2007-05-04,8.290297508239746
2007-05-07,8.247784614562988
2007-05-08,8.184011459350586
2007-05-09,8.098983764648438
2007-05-10,8.077725410461426
2007-05-11,8.035212516784668
2007-05-14,8.077725410461426
2007-05-15,8.013955116271973
2007-05-16,7.992697715759277
2007-05-17,8.035212516784668
2007-05-18,7.950185298919678
2007-05-21,7.992697715759277
2007-05-22,8.013955116271973
2007-05-23,8.184011459350586
2007-05-24,8.077725410461426
2007-05-25,8.013955116271973
2007-05-28,8.098983764648438
2007-05-29,7.992697715759277
2007-05-30,7.971442222595215
2007-05-31,8.05647087097168
2007-06-01,8.290297508239746
2007-06-04,8.120241165161133
2007-06-05,8.141497611999512
2007-06-06,8.141497611999512
2007-06-07,8.120241165161133
2007-06-08,8.077725410461426
2007-06-11,8.184011459350586
2007-06-12,8.226527214050293
2007-06-13,8.37532901763916
2007-06-14,8.311554908752441
2007-06-15,8.247784614562988
2007-06-20,8.332813262939453
2007-06-21,8.354069709777832
2007-06-22,8.417841911315918
2007-06-25,8.609156608581543
2007-06-26,8.481614112854004
2007-06-27,9.055558204650879
2007-06-28,8.842984199523926
2007-06-29,8.607073783874512
2007-07-02,8.970527648925781
2007-07-03,8.842984199523926
2007-07-04,8.736701011657715
2007-07-05,8.82172679901123
2007-07-06,8.885499954223633
2007-07-09,9.055558204650879
2007-07-10,8.906757354736328
2007-07-11,8.82172679901123
2007-07-12,8.82172679901123
2007-07-13,8.885499954223633
2007-07-16,9.013044357299805
2007-07-17,9.140586853027344
2007-07-18,9.034300804138184
2007-07-19,9.076814651489258
2007-07-20,9.119330406188965
2007-07-23,9.225613594055176
2007-07-24,9.225613594055176
2007-07-25,9.161844253540039
2007-07-26,9.22913646697998
2007-07-27,9.437834739685059
2007-07-30,9.41464614868164
2007-07-31,9.64653491973877
2007-08-01,10.319008827209473
2007-08-02,11.037862777709961
2007-08-03,10.945106506347656
2007-08-06,10.458141326904297
2007-08-07,11.176992416381836
2007-08-08,11.408882141113281
2007-08-09,12.011791229248047
2007-08-10,11.43206787109375
2007-08-13,11.13061809539795
2007-08-14,11.89585018157959
2007-08-15,12.707452774047852
2007-08-16,11.826282501220703
2007-08-17,11.362504005432129
2007-08-20,12.150918960571289
2007-08-21,12.985718727111816
2007-08-22,13.890082359313965
2007-08-23,14.840822219848633
2007-08-24,15.304597854614258
2007-08-27,14.562553405761719
2007-08-28,15.559674263000488
2007-08-29,15.559674263000488
2007-08-30,16.093019485473633
2007-08-31,16.0466365814209
2007-09-03,15.188650131225586
2007-09-04,14.608932495117188
2007-09-05,14.979952812194824
2007-09-06,14.933577537536621
2007-09-07,14.516179084777832
2007-09-10,14.933577537536621
2007-09-11,14.794445037841797
2007-09-12,14.492990493774414
2007-09-13,14.052404403686523
2007-09-14,14.075593948364258
2007-09-17,15.049521446228027
2007-09-18,15.049521446228027
2007-09-19,14.748067855834961
2007-09-20,14.377046585083008
2007-09-21,14.608932495117188
2007-09-26,14.191535949707031
2007-09-27,14.261102676391602
2007-09-28,14.678499221801758
2007-10-01,14.42342472076416
2007-10-02,14.28428840637207
2007-10-03,14.237915992736816
2007-10-04,14.191535949707031
2007-10-05,14.377046585083008
2007-10-08,14.748067855834961
2007-10-09,14.446611404418945
2007-10-11,14.701689720153809
2007-10-12,14.701689720153809
2007-10-15,15.142274856567383
2007-10-16,14.933577537536621
2007-10-17,14.933577537536621
2007-10-18,14.979952812194824
2007-10-19,15.07270622253418
2007-10-22,14.65530776977539
2007-10-23,15.07270622253418
2007-10-24,15.07270622253418
2007-10-25,16.116209030151367
2007-10-26,17.22926902770996
2007-10-29,16.881437301635742
2007-10-30,17.043758392333984
2007-10-31,16.510414123535156
2007-11-01,15.374167442321777
2007-11-02,14.42342472076416
2007-11-05,15.165464401245117
2007-11-06,15.049521446228027
2007-11-07,14.701689720153809
2007-11-08,14.145156860351562
2007-11-09,13.774137496948242
2007-11-12,13.403116226196289
2007-11-13,13.635004997253418
2007-11-14,14.098780632019043
2007-11-15,14.353854179382324
2007-11-16,14.214726448059082
2007-11-19,13.774137496948242
2007-11-20,13.774137496948242
2007-11-21,13.47268295288086
2007-11-22,13.449494361877441
2007-11-23,13.217607498168945
2007-11-26,13.171228408813477
2007-11-27,13.124853134155273
2007-11-28,13.101661682128906
2007-11-29,13.542247772216797
2007-11-30,13.866893768310547
2007-12-03,13.774137496948242
2007-12-04,13.820511817932129
2007-12-05,13.820511817932129
2007-12-06,13.959651947021484
2007-12-07,14.261102676391602
2007-12-10,13.797327041625977
2007-12-11,13.542247772216797
2007-12-12,13.171228408813477
2007-12-13,12.266865730285645
2007-12-14,11.408882141113281
2007-12-17,11.408882141113281
2007-12-18,11.548013687133789
2007-12-19,11.965414047241211
2007-12-20,11.779902458190918
2007-12-21,11.779902458190918
2007-12-24,11.988602638244629
2007-12-25,12.24367618560791
2007-12-26,12.521944046020508
2007-12-27,12.591510772705078
2007-12-28,12.777019500732422
2007-12-31,12.753830909729004
2008-01-02,11.872657775878906
2008-01-03,11.965414047241211
2008-01-04,12.382811546325684
2008-01-07,12.150918960571289
2008-01-08,12.336432456970215
2008-01-09,12.637887954711914
2008-01-10,12.985718727111816
2008-01-11,12.962531089782715
2008-01-14,13.148040771484375
2008-01-15,13.194416999816895
2008-01-16,12.336432456970215
2008-01-17,12.521944046020508
2008-01-18,12.382811546325684
2008-01-21,11.965414047241211
2008-01-22,11.13061809539795
2008-01-23,10.388575553894043
2008-01-24,10.666841506958008
2008-01-25,11.339317321777344
2008-01-28,11.223371505737305
2008-01-29,11.478448867797852
2008-01-30,11.594391822814941
2008-01-31,11.594391822814941
2008-02-01,12.058167457580566
2008-02-12,12.058167457580566
2008-02-13,12.011791229248047
2008-02-14,12.42918872833252
2008-02-15,12.42918872833252
2008-02-18,12.42918872833252
2008-02-19,12.661078453063965
2008-02-20,12.521944046020508
2008-02-21,12.661078453063965
2008-02-22,12.591510772705078
2008-02-25,12.45237922668457
2008-02-26,12.42918872833252
2008-02-27,12.684266090393066
2008-02-29,13.565438270568848
2008-03-03,14.121968269348145
2008-03-04,13.91326904296875
2008-03-05,14.887198448181152
2008-03-06,14.469799995422363
2008-03-07,14.469799995422363
2008-03-10,13.58862590789795
2008-03-11,13.91326904296875
2008-03-12,13.91326904296875
2008-03-13,13.449494361877441
2008-03-14,13.449494361877441
2008-03-17,13.00890827178955
2008-03-18,12.985718727111816
2008-03-19,13.217607498168945
2008-03-20,13.403116226196289
2008-03-21,13.495869636535645
2008-03-24,14.353854179382324
2008-03-25,14.052404403686523
2008-03-26,14.052404403686523
2008-03-27,13.72775936126709
2008-03-28,13.797327041625977
2008-03-31,13.866893768310547
2008-04-01,13.449494361877441
2008-04-02,13.72775936126709
2008-04-03,13.519059181213379
2008-04-07,13.959651947021484
2008-04-08,13.658193588256836
2008-04-09,13.68138313293457
2008-04-10,14.052404403686523
2008-04-11,14.191535949707031
2008-04-14,14.168349266052246
2008-04-15,14.006026268005371
2008-04-16,13.936461448669434
2008-04-17,13.936461448669434
2008-04-18,13.774137496948242
2008-04-21,13.91326904296875
2008-04-22,14.516179084777832
2008-04-23,14.539369583129883
2008-04-24,14.145156860351562
2008-04-25,14.052404403686523
2008-04-28,14.145156860351562
2008-04-29,14.145156860351562
2008-04-30,14.237915992736816
2008-05-02,14.075593948364258
2008-05-05,13.936461448669434
2008-05-06,13.98283863067627
2008-05-07,14.237915992736816
2008-05-08,13.959651947021484
2008-05-09,14.006026268005371
2008-05-12,14.145156860351562
2008-05-13,13.959651947021484
2008-05-14,13.98283863067627
2008-05-15,14.052404403686523
2008-05-16,14.492990493774414
2008-05-19,14.516179084777832
2008-05-20,14.191535949707031
2008-05-21,14.075593948364258
2008-05-22,14.006026268005371
2008-05-23,13.890082359313965
2008-05-26,13.449494361877441
2008-05-27,13.58862590789795
2008-05-28,13.449494361877441
2008-05-29,13.240796089172363
2008-05-30,13.217607498168945
2008-06-02,13.58862590789795
2008-06-03,13.449494361877441
2008-06-04,13.495869636535645
2008-06-05,13.68138313293457
2008-06-06,13.58862590789795
2008-06-09,13.426307678222656
2008-06-10,13.91326904296875
2008-06-11,13.426307678222656
2008-06-12,13.263984680175781
2008-06-13,13.68138313293457
2008-06-16,13.403116226196289
2008-06-17,13.449494361877441
2008-06-18,13.217607498168945
2008-06-19,12.568321228027344
2008-06-20,12.521944046020508
2008-06-23,12.498754501342773
2008-06-24,12.498754501342773
2008-06-25,12.892961502075195
2008-06-26,12.985718727111816
2008-06-27,12.753830909729004
2008-06-30,13.124853134155273
2008-07-01,12.382811546325684
2008-07-02,12.614700317382812
2008-07-03,12.614700317382812
2008-07-04,12.684266090393066
2008-07-07,12.777019500732422
2008-07-08,12.730643272399902
2008-07-09,12.753830909729004
2008-07-10,12.962531089782715
2008-07-11,12.985718727111816
2008-07-14,13.124853134155273
2008-07-15,12.614700317382812
2008-07-16,12.661078453063965
2008-07-17,12.892961502075195
2008-07-18,12.521944046020508
2008-07-21,12.76954460144043
2008-07-22,12.744302749633789
2008-07-23,13.072380065917969
2008-07-24,13.072380065917969
2008-07-25,12.971433639526367
2008-07-28,12.971433639526367
2008-07-29,12.946198463439941
2008-07-30,12.946198463439941
2008-07-31,13.122854232788086
2008-08-01,13.122854232788086
2008-08-04,13.375213623046875
2008-08-05,13.173322677612305
2008-08-06,13.375213623046875
2008-08-07,13.577101707458496
2008-08-08,13.652813911437988
2008-08-11,13.627575874328613
2008-08-12,13.577101707458496
2008-08-13,13.501394271850586
2008-08-14,13.728519439697266
2008-08-15,13.829465866088867
2008-08-18,13.778993606567383
2008-08-19,13.577101707458496
2008-08-20,13.577101707458496
2008-08-21,13.400450706481934
2008-08-22,13.274266242980957
2008-08-25,13.249032020568848
2008-08-26,13.173322677612305
2008-08-27,13.223794937133789
2008-08-28,13.072380065917969
2008-08-29,13.198559761047363
2008-09-01,13.047142028808594
2008-09-02,12.971433639526367
2008-09-03,12.542418479919434
2008-09-04,12.113401412963867
2008-09-05,11.70961856842041
2008-09-08,12.517179489135742
2008-09-09,12.517179489135742
2008-09-10,13.198559761047363
2008-09-11,12.567652702331543
2008-09-12,12.189109802246094
2008-09-15,11.886274337768555
2008-09-16,11.305840492248535
2008-09-17,10.649698257446289
2008-09-18,10.599225044250488
2008-09-19,11.305840492248535
2008-09-22,11.532966613769531
2008-09-23,11.659149169921875
2008-09-24,11.91151237487793
2008-09-25,11.835803031921387
2008-09-26,11.810565948486328
2008-09-29,11.810565948486328
2008-09-30,11.810565948486328
2008-10-01,11.760093688964844
2008-10-02,11.280604362487793
2008-10-03,11.70961856842041
2008-10-06,11.70961856842041
2008-10-07,12.113401412963867
2008-10-08,11.810565948486328
2008-10-09,11.760093688964844
2008-10-13,12.113401412963867
2008-10-14,12.946198463439941
2008-10-15,12.76954460144043
2008-10-16,12.542418479919434
2008-10-17,12.542418479919434
2008-10-20,12.416236877441406
2008-10-21,12.466707229614258
2008-10-22,12.466707229614258
2008-10-23,12.21434497833252
2008-10-24,11.810565948486328
2008-10-27,11.457258224487305
2008-10-28,11.457258224487305
2008-10-29,11.60867691040039
2008-10-30,12.239580154418945
2008-10-31,12.315291404724121
2008-11-03,12.517179489135742
2008-11-04,12.567652702331543
2008-11-05,12.719071388244629
2008-11-06,12.542418479919434
2008-11-07,12.466707229614258
2008-11-10,12.315291404724121
2008-11-11,12.088167190551758
2008-11-12,12.088167190551758
2008-11-13,11.936746597290039
2008-11-14,11.936746597290039
2008-11-17,11.60867691040039
2008-11-18,11.12918758392334
2008-11-19,11.280604362487793
2008-11-20,11.20489501953125
2008-11-21,11.20489501953125
2008-11-24,11.305840492248535
2008-11-25,11.406785011291504
2008-11-26,11.356314659118652
2008-11-27,11.659149169921875
2008-11-28,11.861038208007812
2008-12-01,12.062928199768066
2008-12-02,12.012455940246582
2008-12-03,11.886274337768555
2008-12-04,11.861038208007812
2008-12-05,11.861038208007812
2008-12-08,12.062928199768066
2008-12-09,12.088167190551758
2008-12-10,12.113401412963867
2008-12-11,12.037692070007324
2008-12-12,11.659149169921875
2008-12-15,11.70961856842041
2008-12-16,11.432022094726562
2008-12-17,11.331076622009277
2008-12-18,11.103951454162598
2008-12-19,11.05347728729248
2008-12-22,10.85158920288086
2008-12-23,11.20489501953125
2008-12-24,11.20489501953125
2008-12-25,11.179659843444824
2008-12-26,11.179659843444824
2008-12-29,11.028241157531738
2008-12-30,11.20489501953125
2008-12-31,11.255367279052734
2009-01-02,11.255367279052734
2009-01-05,11.356314659118652
2009-01-06,11.406785011291504
2009-01-07,11.482495307922363
2009-01-08,11.356314659118652
2009-01-09,11.331076622009277
2009-01-12,11.381551742553711
2009-01-13,11.482495307922363
2009-01-14,11.482495307922363
2009-01-15,11.356314659118652
2009-01-16,11.457258224487305
2009-01-19,11.457258224487305
2009-01-20,11.331076622009277
2009-01-21,11.331076622009277
2009-02-02,11.331076622009277
2009-02-03,11.406785011291504
2009-02-04,11.406785011291504
2009-02-05,11.432022094726562
2009-02-06,11.457258224487305
2009-02-09,11.457258224487305
2009-02-10,11.457258224487305
2009-02-11,11.432022094726562
2009-02-12,11.432022094726562
2009-02-13,11.532966613769531
2009-02-16,11.507729530334473
2009-02-17,11.406785011291504
2009-02-18,11.381551742553711
2009-02-19,11.356314659118652
2009-02-20,11.356314659118652
2009-02-23,11.432022094726562
2009-02-24,11.457258224487305
2009-02-25,11.507729530334473
2009-02-26,11.507729530334473
2009-02-27,12.062928199768066
2009-03-02,11.961984634399414
2009-03-03,11.835803031921387
2009-03-04,11.936746597290039
2009-03-05,12.062928199768066
2009-03-06,12.088167190551758
2009-03-09,12.088167190551758
2009-03-10,12.062928199768066
2009-03-11,12.062928199768066
2009-03-12,11.961984634399414
2009-03-13,12.113401412963867
2009-03-16,12.365763664245605
2009-03-17,12.542418479919434
2009-03-18,13.021906852722168
2009-03-19,13.021906852722168
2009-03-20,12.99666976928711
2009-03-23,13.324738502502441
2009-03-24,13.602341651916504
2009-03-25,13.526632308959961
2009-03-26,13.450922966003418
2009-03-27,13.450922966003418
2009-03-30,13.34997844696045
2009-03-31,13.476157188415527
2009-04-02,13.678051948547363
2009-04-03,13.728519439697266
2009-04-06,13.778993606567383
2009-04-07,14.132301330566406
2009-04-08,14.107062339782715
2009-04-09,14.737971305847168
2009-04-10,14.990331649780273
2009-04-13,15.091278076171875
2009-04-14,15.495060920715332
2009-04-15,15.419349670410156
2009-04-16,15.495060920715332
2009-04-17,14.889387130737305
2009-04-20,15.040804862976074
2009-04-21,15.26793384552002
2009-04-22,15.293170928955078
2009-04-23,15.26793384552002
2009-04-24,15.26793384552002
2009-04-27,15.091278076171875
2009-04-28,14.889387130737305
2009-04-29,14.737971305847168
2009-04-30,15.394112586975098
2009-05-04,16.050254821777344
2009-05-05,15.924073219299316
2009-05-06,15.747418403625488
2009-05-07,15.520296096801758
2009-05-08,15.54552936553955
2009-05-11,15.26793384552002
2009-05-12,15.192222595214844
2009-05-13,15.520296096801758
2009-05-14,15.242692947387695
2009-05-15,15.217461585998535
2009-05-18,15.192222595214844
2009-05-19,15.34364128112793
2009-05-20,15.444588661193848
2009-05-21,15.444588661193848
2009-05-22,15.34364128112793
2009-05-25,15.242692947387695
2009-05-26,15.015570640563965
2009-05-27,15.419349670410156
2009-06-01,15.671714782714844
2009-06-02,15.696948051452637
2009-06-03,15.646475791931152
2009-06-04,15.570768356323242
2009-06-05,15.722185134887695
2009-06-08,15.520296096801758
2009-06-09,15.34364128112793
2009-06-10,15.31840705871582
2009-06-11,15.34364128112793
2009-06-12,15.066044807434082
2009-06-15,14.435136795043945
2009-06-16,14.384666442871094
2009-06-17,14.384666442871094
2009-06-18,14.359429359436035
2009-06-19,14.53608226776123
2009-06-22,14.384666442871094
2009-06-23,13.980883598327637
2009-06-24,13.804228782653809
2009-06-25,14.485611915588379
2009-06-26,14.435136795043945
2009-06-29,14.662263870239258
2009-06-30,14.788443565368652
2009-07-01,15.202583312988281
2009-07-02,15.543329238891602
2009-07-03,15.595751762390137
2009-07-06,15.72680950164795
2009-07-07,16.303457260131836
2009-07-08,16.251035690307617
2009-07-09,16.329669952392578
2009-07-10,16.067556381225586
2009-07-13,15.884077072143555
2009-07-14,16.251035690307617
2009-07-15,16.51314926147461
2009-07-16,16.775264739990234
2009-07-17,16.749052047729492
2009-07-20,16.69662857055664
2009-07-21,16.69662857055664
2009-07-22,16.775264739990234
2009-07-23,16.85389518737793
2009-07-24,16.775264739990234
2009-07-27,16.775264739990234
2009-07-28,16.722841262817383
2009-07-29,16.355876922607422
2009-07-30,16.015134811401367
2009-07-31,16.172401428222656
2009-08-03,16.19861602783203
2009-08-04,16.172401428222656
2009-08-05,16.19861602783203
2009-08-06,16.22482681274414
2009-08-07,16.22482681274414
2009-08-10,16.22482681274414
2009-08-11,15.93649959564209
2009-08-12,16.172401428222656
2009-08-13,16.67041778564453
2009-08-14,16.51314926147461
2009-08-17,16.355876922607422
2009-08-18,16.251035690307617
2009-08-19,16.251035690307617
2009-08-20,16.355876922607422
2009-08-21,16.355876922607422
2009-08-24,16.565574645996094
2009-08-25,16.61799430847168
2009-08-26,16.61799430847168
2009-08-27,16.67041778564453
2009-08-28,16.591785430908203
2009-08-31,16.61799430847168
2009-09-01,17.40433692932129
2009-09-02,17.273279190063477
2009-09-03,17.273279190063477
2009-09-04,17.56160545349121
2009-09-07,17.7188720703125
2009-09-08,17.823715209960938
2009-09-09,17.66645050048828
2009-09-10,17.928560256958008
2009-09-11,17.954774856567383
2009-09-14,17.90235137939453
2009-09-15,17.90235137939453
2009-09-16,17.980985641479492
2009-09-17,18.0071964263916
2009-09-18,18.0071964263916
2009-09-21,17.77129364013672
2009-09-22,17.74508285522461
2009-09-23,17.58781623840332
2009-09-24,17.456758499145508
2009-09-25,17.351917266845703
2009-09-28,17.299489974975586
2009-09-29,17.614025115966797
2009-09-30,17.84992790222168
2009-10-01,17.876142501831055
2009-10-02,17.876142501831055
2009-10-05,17.823715209960938
2009-10-06,17.823715209960938
2009-10-07,17.823715209960938
2009-10-08,17.928560256958008
2009-10-09,17.823715209960938
2009-10-12,17.77129364013672
2009-10-13,18.347946166992188
2009-10-14,18.452791213989258
2009-10-15,18.583845138549805
2009-10-16,18.505210876464844
2009-10-19,18.557636260986328
2009-10-20,18.583845138549805
2009-10-21,18.53142547607422
2009-10-22,18.452791213989258
2009-10-23,18.583845138549805
2009-10-26,18.505210876464844
2009-10-27,18.40036392211914
2009-10-28,18.1906795501709
2009-10-29,18.0071964263916
2009-10-30,17.928560256958008
2009-11-02,17.797504425048828
2009-11-03,17.74508285522461
2009-11-04,18.321731567382812
2009-11-05,18.347946166992188
2009-11-06,18.977014541625977
2009-11-09,18.872167587280273
2009-11-10,18.81974983215332
2009-11-11,18.89838218688965
2009-11-12,18.872167587280273
2009-11-13,18.40036392211914
2009-11-16,19.343978881835938
2009-11-17,19.2391300201416
2009-11-18,19.37019157409668
2009-11-19,19.343978881835938
2009-11-20,19.291549682617188
2009-11-23,19.160497665405273
2009-11-24,18.977014541625977
2009-11-25,19.1342830657959
2009-11-26,19.108076095581055
2009-11-27,18.6624813079834
2009-11-30,18.71490478515625
2009-12-01,18.53142547607422
2009-12-02,18.452791213989258
2009-12-03,18.505210876464844
2009-12-04,18.452791213989258
2009-12-07,18.92459487915039
2009-12-08,18.688692092895508
2009-12-09,18.636268615722656
2009-12-10,18.243101119995117
2009-12-11,18.505210876464844
2009-12-14,18.610057830810547
2009-12-15,18.6624813079834
2009-12-16,18.452791213989258
2009-12-17,18.53142547607422
2009-12-18,18.53142547607422
2009-12-21,18.583845138549805
2009-12-22,18.583845138549805
2009-12-23,18.583845138549805
2009-12-24,18.40036392211914
2009-12-25,18.295520782470703
2009-12-28,18.505210876464844
2009-12-29,18.557636260986328
2009-12-30,19.108076095581055
2009-12-31,19.396398544311523
2010-01-04,19.52745819091797
2010-01-05,19.31776237487793
2010-01-06,19.291549682617188
2010-01-07,19.31776237487793
2010-01-08,19.343978881835938
2010-01-11,19.553665161132812
2010-01-12,19.553665161132812
2010-01-13,19.658512115478516
2010-01-14,19.632301330566406
2010-01-15,19.81578254699707
2010-01-18,19.606088638305664
2010-01-19,19.343978881835938
2010-01-20,19.37019157409668
2010-01-21,19.579879760742188
2010-01-22,19.265342712402344
2010-01-25,19.2391300201416
2010-01-26,19.1342830657959
2010-01-27,19.08186149597168
2010-01-28,19.2391300201416
2010-01-29,18.92459487915039
2010-02-01,18.557636260986328
2010-02-02,18.452791213989258
2010-02-03,18.583845138549805
2010-02-04,18.583845138549805
2010-02-05,18.243101119995117
2010-02-08,18.84596061706543
2010-02-09,18.977014541625977
2010-02-10,18.977014541625977
2010-02-22,19.343978881835938
2010-02-23,19.396398544311523
2010-02-24,19.291549682617188
2010-02-25,19.18670654296875
2010-02-26,19.265342712402344
2010-03-01,19.396398544311523
2010-03-02,19.37019157409668
2010-03-03,19.396398544311523
2010-03-04,19.553665161132812
2010-03-05,19.81578254699707
2010-03-08,19.920629501342773
2010-03-09,19.763357162475586
2010-03-10,19.684724807739258
2010-03-11,19.710933685302734
2010-03-12,19.710933685302734
2010-03-15,19.52745819091797
2010-03-16,19.47503089904785
2010-03-17,19.37019157409668
2010-03-18,19.31776237487793
2010-03-19,19.291549682617188
2010-03-22,19.1342830657959
2010-03-23,18.977014541625977
2010-03-24,19.00322723388672
2010-03-25,18.977014541625977
2010-03-26,19.00322723388672
2010-03-29,19.501243591308594
2010-03-30,20.864233016967773
2010-03-31,21.021501541137695
2010-04-01,22.48933982849121
2010-04-02,22.410703659057617
2010-04-06,22.0699520111084
2010-04-07,22.30585479736328
2010-04-08,21.938899993896484
2010-04-09,22.0699520111084
2010-04-12,21.807844161987305
2010-04-13,21.571943283081055
2010-04-14,21.886476516723633
2010-04-15,22.646604537963867
2010-04-16,22.646604537963867
2010-04-19,22.174800872802734
2010-04-20,22.33206558227539
2010-04-21,23.66884994506836
2010-04-22,23.511579513549805
2010-04-23,24.795934677124023
2010-04-26,25.582277297973633
2010-04-27,25.582277297973633
2010-04-28,25.556062698364258
2010-04-29,26.316194534301758
2010-04-30,25.00562858581543
2010-05-03,24.271709442138672
2010-05-04,23.432945251464844
2010-05-05,22.253437042236328
2010-05-06,21.807844161987305
2010-05-07,21.807844161987305
2010-05-10,22.27964973449707
2010-05-11,22.48933982849121
2010-05-12,22.541763305664062
2010-05-13,22.69902801513672
2010-05-14,22.69902801513672
2010-05-17,22.253437042236328
2010-05-18,22.30585479736328
2010-05-19,22.803874969482422
2010-05-20,23.039775848388672
2010-05-21,22.515552520751953
2010-05-24,23.039775848388672
2010-05-25,22.12238121032715
2010-05-26,22.803874969482422
2010-05-27,22.961139678955078
2010-05-28,22.77766227722168
2010-05-31,22.48933982849121
2010-06-01,22.27964973449707
2010-06-02,21.545726776123047
2010-06-03,21.912689208984375
2010-06-04,21.912689208984375
2010-06-07,21.676786422729492
2010-06-08,22.148590087890625
2010-06-09,21.807844161987305
2010-06-10,21.807844161987305
2010-06-11,21.860265731811523
2010-06-14,21.807844161987305
2010-06-15,21.807844161987305
2010-06-17,21.598154067993164
2010-06-18,21.126346588134766
2010-06-21,21.965112686157227
2010-06-22,21.965112686157227
2010-06-23,21.676786422729492
2010-06-24,23.170835494995117
2010-06-25,23.35430908203125
2010-06-28,23.38051986694336
2010-06-29,22.594186782836914
2010-06-30,22.594186782836914
2010-07-01,22.48933982849121
2010-07-02,22.725238800048828
2010-07-05,23.118410110473633
2010-07-06,23.039775848388672
2010-07-07,22.98735237121582
2010-07-08,23.38051986694336
2010-07-09,24.11444091796875
2010-07-12,24.415870666503906
2010-07-13,26.114845275878906
2010-07-14,27.896026611328125
2010-07-15,29.375776290893555
2010-07-16,28.498886108398438
2010-07-19,29.320968627929688
2010-07-20,29.156557083129883
2010-07-21,28.882526397705078
2010-07-22,28.389278411865234
2010-07-23,28.772911071777344
2010-07-26,28.498886108398438
2010-07-27,28.93733024597168
2010-07-28,28.772911071777344
2010-07-29,29.48538589477539
2010-07-30,29.266157150268555
2010-08-02,31.293968200683594
2010-08-03,31.458389282226562
2010-08-04,32.061241149902344
2010-08-05,32.28046798706055
2010-08-06,33.266971588134766
2010-08-09,35.56880187988281
2010-08-10,35.34958267211914
2010-08-11,35.02074432373047
2010-08-12,35.34958267211914
2010-08-13,37.65140914916992
2010-08-16,37.48698806762695
2010-08-17,37.48698806762695
2010-08-18,36.44568634033203
2010-08-19,34.80152130126953
2010-08-20,34.80152130126953
2010-08-23,34.527496337890625
2010-08-24,35.89763259887695
2010-08-25,35.07555389404297
2010-08-26,33.32176971435547
2010-08-27,33.32176971435547
2010-08-30,31.23916244506836
2010-08-31,30.96514320373535
2010-09-01,31.129554748535156
2010-09-02,31.129554748535156
2010-09-03,32.60930252075195
2010-09-06,33.86983108520508
2010-09-07,32.883331298828125
2010-09-08,31.842018127441406
2010-09-09,31.787220001220703
2010-09-10,31.73241424560547
2010-09-13,32.99293899536133
2010-09-14,32.061241149902344
2010-09-15,32.22566223144531
2010-09-16,31.403583526611328
2010-09-17,31.951641082763672
2010-09-20,32.66410827636719
2010-09-21,31.896827697753906
2010-09-23,31.403583526611328
2010-09-24,30.197858810424805
2010-09-27,29.704612731933594
2010-09-28,29.759408950805664
2010-09-29,29.266157150268555
2010-09-30,29.320968627929688
2010-10-01,28.60849952697754
2010-10-04,28.60849952697754
2010-10-05,28.389278411865234
2010-10-06,29.540193557739258
2010-10-07,29.923830032348633
2010-10-08,29.375776290893555
2010-10-11,29.320968627929688
2010-10-12,29.430574417114258
2010-10-13,29.320968627929688
2010-10-14,29.375776290893555
2010-10-15,29.540193557739258
2010-10-18,28.2796630859375
2010-10-19,28.498886108398438
2010-10-20,28.66329574584961
2010-10-21,30.636301040649414
2010-10-22,30.417078018188477
2010-10-25,30.252660751342773
2010-10-26,31.513195037841797
2010-10-27,30.52668571472168
2010-10-28,30.636301040649414
2010-10-29,30.033443450927734
2010-11-01,30.197858810424805
2010-11-02,29.266157150268555
2010-11-03,28.498886108398438
2010-11-04,28.17005157470703
2010-11-05,28.55369758605957
2010-11-08,28.44407844543457
2010-11-09,28.60849952697754
2010-11-10,28.334470748901367
2010-11-11,28.498886108398438
2010-11-12,27.841218948364258
2010-11-15,27.51238441467285
2010-11-16,27.621994018554688
2010-11-17,27.402772903442383
2010-11-18,27.896026611328125
2010-11-19,28.389278411865234
2010-11-22,28.55369758605957
2010-11-23,28.389278411865234
2010-11-24,28.2248592376709
2010-11-25,28.2248592376709
2010-11-26,28.060443878173828
2010-11-29,28.17005157470703
2010-11-30,28.992137908935547
2010-12-01,28.772911071777344
2010-12-02,28.772911071777344
2010-12-03,28.772911071777344
2010-12-06,28.498886108398438
2010-12-07,28.718107223510742
2010-12-08,28.82771873474121
2010-12-09,30.80071449279785
2010-12-10,30.80071449279785
2010-12-13,30.80071449279785
2010-12-14,30.691110610961914
2010-12-15,30.636301040649414
2010-12-16,30.636301040649414
2010-12-17,30.910329818725586
2010-12-20,30.52668571472168
2010-12-21,30.58149528503418
2010-12-22,30.252660751342773
2010-12-23,29.923830032348633
2010-12-24,30.143056869506836
2010-12-27,30.362276077270508
2010-12-28,30.143056869506836
2010-12-29,30.033443450927734
2010-12-30,30.033443450927734
2010-12-31,30.143056869506836
2011-01-03,29.8142147064209
2011-01-04,30.252660751342773
2011-01-05,29.869020462036133
2011-01-06,29.759408950805664
2011-01-07,29.320968627929688
2011-01-10,29.266157150268555
2011-01-11,29.375776290893555
2011-01-12,29.266157150268555
2011-01-13,28.992137908935547
2011-01-14,28.498886108398438
2011-01-17,27.95083236694336
2011-01-18,27.95083236694336
2011-01-19,28.55369758605957
2011-01-20,28.55369758605957
2011-01-21,28.11524772644043
2011-01-24,28.060443878173828
2011-01-25,27.457582473754883
2011-01-26,27.402772903442383
2011-01-27,27.402772903442383
2011-01-28,27.320566177368164
2011-02-08,28.334470748901367
2011-02-09,29.211360931396484
2011-02-10,28.498886108398438
2011-02-11,26.635499954223633
2011-02-14,26.79991340637207
2011-02-15,26.69029998779297
2011-02-16,26.854721069335938
2011-02-17,26.47108268737793
2011-02-18,28.2796630859375
2011-02-21,28.44407844543457
2011-02-22,27.567184448242188
2011-02-23,27.402772903442383
2011-02-24,26.854721069335938
2011-02-25,27.34796905517578
2011-03-01,27.731609344482422
2011-03-02,27.210956573486328
2011-03-03,27.29316520690918
2011-03-04,27.183547973632812
2011-03-07,26.79991340637207
2011-03-08,27.676801681518555
2011-03-09,28.060443878173828
2011-03-10,27.567184448242188
2011-03-11,27.402772903442383
2011-03-14,26.580692291259766
2011-03-15,28.389278411865234
2011-03-16,27.183547973632812
2011-03-17,26.30666732788086
2011-03-18,26.334062576293945
2011-03-21,26.41627311706543
2011-03-22,26.635499954223633
2011-03-23,26.635499954223633
2011-03-24,26.90952491760254
2011-03-25,27.238357543945312
2011-03-28,27.156150817871094
2011-03-29,27.046539306640625
2011-03-30,27.29316520690918
2011-03-31,27.320566177368164
2011-04-01,27.51238441467285
2011-04-06,27.786413192749023
2011-04-07,27.841218948364258
2011-04-08,27.95083236694336
2011-04-11,28.93733024597168
2011-04-12,29.704612731933594
2011-04-13,29.704612731933594
2011-04-14,30.417078018188477
2011-04-15,30.58149528503418
2011-04-18,30.197858810424805
2011-04-19,29.869020462036133
2011-04-20,29.978635787963867
2011-04-21,29.704612731933594
2011-04-22,29.375776290893555
2011-04-25,29.375776290893555
2011-04-26,29.211360931396484
2011-04-27,29.211360931396484
2011-04-28,29.759408950805664
2011-04-29,29.10174560546875
2011-05-03,27.457582473754883
2011-05-04,27.457582473754883
2011-05-05,29.375776290893555
2011-05-06,30.033443450927734
2011-05-09,31.842018127441406
2011-05-10,31.458389282226562
2011-05-11,32.33526611328125
2011-05-12,32.33526611328125
2011-05-13,32.22566223144531
2011-05-16,31.896827697753906
2011-05-17,31.458389282226562
2011-05-18,31.293968200683594
2011-05-19,30.74591636657715
2011-05-20,30.471879959106445
2011-05-23,30.417078018188477
2011-05-24,30.52668571472168
2011-05-25,29.649797439575195
2011-05-26,30.910329818725586
2011-05-27,30.143056869506836
2011-05-30,29.759408950805664
2011-05-31,30.088247299194336
2011-06-01,30.088247299194336
2011-06-02,30.088247299194336
2011-06-03,29.59499740600586
2011-06-07,29.156557083129883
2011-06-08,29.430574417114258
2011-06-09,29.211360931396484
2011-06-10,28.389278411865234
2011-06-13,28.17005157470703
2011-06-14,28.2248592376709
2011-06-15,29.046945571899414
2011-06-16,28.772911071777344
2011-06-17,29.59499740600586
2011-06-20,28.82771873474121
2011-06-21,28.772911071777344
2011-06-22,29.320968627929688
2011-06-23,29.211360931396484
2011-06-24,29.046945571899414
2011-06-27,28.882526397705078
2011-06-28,29.48538589477539
2011-06-29,29.649797439575195
2011-06-30,30.80071449279785
2011-07-01,30.96514320373535
2011-07-04,30.855527877807617
2011-07-05,30.143056869506836
2011-07-06,30.033443450927734
2011-07-07,30.488492965698242
2011-07-08,30.488492965698242
2011-07-11,30.488492965698242
2011-07-12,30.31784439086914
2011-07-13,29.976558685302734
2011-07-14,29.578386306762695
2011-07-15,29.46462631225586
2011-07-18,29.976558685302734
2011-07-19,30.659143447875977
2011-07-20,32.763755798339844
2011-07-21,33.21881103515625
2011-07-22,34.697731018066406
2011-07-25,33.616981506347656
2011-07-26,34.697731018066406
2011-07-27,34.4133186340332
2011-07-28,33.84450912475586
2011-07-29,32.422462463378906
2011-08-01,32.87751770019531
2011-08-02,33.27568435668945
2011-08-03,32.25181579589844
2011-08-04,31.398601531982422
2011-08-05,29.23710060119629
2011-08-08,29.180217742919922
2011-08-09,29.86280059814453
2011-08-10,30.090322494506836
2011-08-11,29.919673919677734
2011-08-12,29.86280059814453
2011-08-15,31.91053581237793
2011-08-16,31.626121520996094
2011-08-17,30.829784393310547
2011-08-18,30.374725341796875
2011-08-19,29.35086441040039
2011-08-22,29.521507263183594
2011-08-23,29.805912017822266
2011-08-24,29.692150115966797
2011-08-25,29.46462631225586
2011-08-26,29.123342514038086
2011-08-29,29.805912017822266
2011-08-30,30.43161392211914
2011-08-31,30.43161392211914
2011-09-01,30.033443450927734
2011-09-02,29.692150115966797
2011-09-05,28.838932037353516
2011-09-06,28.668285369873047
2011-09-07,28.895809173583984
2011-09-08,28.440759658813477
2011-09-09,28.440759658813477
2011-09-13,28.213233947753906
2011-09-14,27.871950149536133
2011-09-15,28.014142990112305
2011-09-16,28.35543441772461
2011-09-19,27.815053939819336
2011-09-20,27.985706329345703
2011-09-21,27.985706329345703
2011-09-22,27.018718719482422
2011-09-23,25.596681594848633
2011-09-26,24.45905113220215
2011-09-27,24.71502113342285
2011-09-28,24.914100646972656
2011-09-29,25.02786636352539
2011-09-30,25.05630874633789
2011-10-03,24.743457794189453
2011-10-04,24.65813636779785
2011-10-05,24.45905113220215
2011-10-06,25.141632080078125
2011-10-07,25.48291778564453
2011-10-11,26.42146110534668
2011-10-12,26.42146110534668
2011-10-13,26.705869674682617
2011-10-14,26.67743682861328
2011-10-17,27.047163009643555
2011-10-18,26.705869674682617
2011-10-19,26.535228729248047
2011-10-20,26.449909210205078
2011-10-21,26.449909210205078
2011-10-24,27.075603485107422
2011-10-25,27.10403823852539
2011-10-26,27.246248245239258
2011-10-27,27.530656814575195
2011-10-28,27.843505859375
2011-10-31,27.843505859375
2011-11-01,27.871950149536133
2011-11-02,27.843505859375
2011-11-03,27.61598014831543
2011-11-04,27.7581787109375
2011-11-07,27.530656814575195
2011-11-08,27.30312728881836
2011-11-09,27.189361572265625
2011-11-10,26.62055206298828
2011-11-11,26.449909210205078
2011-11-14,26.84807777404785
2011-11-15,26.734315872192383
2011-11-16,26.506784439086914
2011-11-17,26.62055206298828
2011-11-18,26.16549301147461
2011-11-21,25.909528732299805
2011-11-22,25.824207305908203
2011-11-23,25.710445404052734
2011-11-24,26.16549301147461
2011-11-25,26.108613967895508
2011-11-28,26.16549301147461
2011-11-29,26.16549301147461
2011-11-30,26.137060165405273
2011-12-01,26.84807777404785
2011-12-02,26.734315872192383
2011-12-05,26.506784439086914
2011-12-06,26.051740646362305
2011-12-07,26.137060165405273
2011-12-08,26.137060165405273
2011-12-09,26.023290634155273
2011-12-12,26.023290634155273
2011-12-13,26.137060165405273
2011-12-14,26.137060165405273
2011-12-15,26.108613967895508
2011-12-16,26.137060165405273
2011-12-19,25.966411590576172
2011-12-20,26.051740646362305
2011-12-21,26.62055206298828
2011-12-22,26.535228729248047
2011-12-23,26.705869674682617
2011-12-26,26.734315872192383
2011-12-27,26.734315872192383
2011-12-28,26.791194915771484
2011-12-29,26.64899253845215
2011-12-30,26.535228729248047
2012-01-02,26.535228729248047
2012-01-03,26.535228729248047
2012-01-04,26.535228729248047
2012-01-05,26.535228729248047
2012-01-06,25.02786636352539
2012-01-09,24.231525421142578
2012-01-10,24.259967803955078
2012-01-11,24.032440185546875
2012-01-12,23.207658767700195
2012-01-13,24.373727798461914
2012-01-16,24.288410186767578
2012-01-17,24.62969398498535
2012-01-18,24.62969398498535
2012-01-30,25.511362075805664
2012-01-31,25.937971115112305
2012-02-01,26.449909210205078
2012-02-02,26.27926254272461
2012-02-03,26.250822067260742
2012-02-06,26.27926254272461
2012-02-07,26.27926254272461
2012-02-08,26.933395385742188
2012-02-09,26.961843490600586
2012-02-10,26.90495491027832
2012-02-13,27.58753776550293
2012-02-14,28.15634536743164
2012-02-15,29.46462631225586
2012-02-16,29.123342514038086
2012-02-17,29.00957489013672
2012-02-20,29.066450119018555
2012-02-21,29.123342514038086
2012-02-22,29.35086441040039
2012-02-23,29.578386306762695
2012-02-24,29.692150115966797
2012-02-29,29.976558685302734
2012-03-01,30.147201538085938
2012-03-02,30.26096534729004
2012-03-05,30.26096534729004
2012-03-06,30.204086303710938
2012-03-07,30.43161392211914
2012-03-08,30.488492965698242
2012-03-09,30.659143447875977
2012-03-12,30.772903442382812
2012-03-13,30.545372009277344
2012-03-14,30.716020584106445
2012-03-15,30.886659622192383
2012-03-16,30.829784393310547
2012-03-19,30.31784439086914
2012-03-20,30.090322494506836
2012-03-21,29.578386306762695
2012-03-22,29.805912017822266
2012-03-23,29.805912017822266
2012-03-26,30.26096534729004
2012-03-27,29.805912017822266
2012-03-28,29.692150115966797
2012-03-29,29.692150115966797
2012-03-30,29.692150115966797
2012-04-02,29.35086441040039
2012-04-03,28.78204345703125
2012-04-05,27.957263946533203
2012-04-06,28.099462509155273
2012-04-09,27.78662109375
2012-04-10,27.871950149536133
2012-04-11,27.78662109375
2012-04-12,27.957263946533203
2012-04-13,28.440759658813477
2012-04-16,28.099462509155273
2012-04-17,28.042583465576172
2012-04-18,28.241674423217773
2012-04-19,28.61140251159668
2012-04-20,28.78204345703125
2012-04-23,28.32699203491211
2012-04-24,28.213233947753906
2012-04-25,28.184791564941406
2012-04-26,27.985706329345703
2012-04-27,27.871950149536133
2012-04-30,27.729736328125
2012-05-02,28.27011489868164
2012-05-03,28.014142990112305
2012-05-04,28.071033477783203
2012-05-07,27.871950149536133
2012-05-08,28.298559188842773
2012-05-09,28.099462509155273
2012-05-10,28.042583465576172
2012-05-11,27.928831100463867
2012-05-14,27.7012996673584
2012-05-15,28.15634536743164
2012-05-16,27.957263946533203
2012-05-17,27.7012996673584
2012-05-18,27.473773956298828
2012-05-21,27.530656814575195
2012-05-22,27.7581787109375
2012-05-23,27.64441680908203
2012-05-24,27.58753776550293
2012-05-25,27.58753776550293
2012-05-28,27.985706329345703
2012-05-29,28.32699203491211
2012-05-30,28.241674423217773
2012-05-31,28.15634536743164
2012-06-01,27.64441680908203
2012-06-04,27.10403823852539
2012-06-05,27.30312728881836
2012-06-06,27.530656814575195
2012-06-07,27.388452529907227
2012-06-08,26.961843490600586
2012-06-11,27.018718719482422
2012-06-12,26.90495491027832
2012-06-13,27.160924911499023
2012-06-14,27.274690628051758
2012-06-15,25.625120162963867
2012-06-18,25.79576873779297
2012-06-19,25.994850158691406
2012-06-20,26.023290634155273
2012-06-21,26.051740646362305
2012-06-22,26.42146110534668
2012-06-25,26.393022537231445
2012-06-26,26.336143493652344
2012-06-27,26.51776695251465
2012-06-28,26.57831382751465
2012-06-29,26.820484161376953
2012-07-02,26.669126510620117
2012-07-03,26.57831382751465
2012-07-04,26.729673385620117
2012-07-05,26.69940185546875
2012-07-06,26.638858795166016
2012-07-09,26.487497329711914
2012-07-10,26.184783935546875
2012-07-11,26.033428192138672
2012-07-12,26.093975067138672
2012-07-13,26.033428192138672
2012-07-16,25.428003311157227
2012-07-17,25.18582534790039
2012-07-18,25.125282287597656
2012-07-19,25.488540649414062
2012-07-20,25.488540649414062
2012-07-23,25.428003311157227
2012-07-24,25.488540649414062
2012-07-25,25.518815994262695
2012-07-26,25.6398983001709
2012-07-27,26.063705444335938
2012-07-30,26.275602340698242
2012-07-31,26.729673385620117
2012-08-01,26.820484161376953
2012-08-02,26.820484161376953
2012-08-03,26.881025314331055
2012-08-06,27.123199462890625
2012-08-07,27.244277954101562
2012-08-08,27.244277954101562
2012-08-09,27.5772705078125
2012-08-10,27.6075382232666
2012-08-13,27.637815475463867
2012-08-14,27.728628158569336
2012-08-15,27.668087005615234
2012-08-16,27.486454010009766
2012-08-17,27.425920486450195
2012-08-20,26.45722770690918
2012-08-21,26.215055465698242
2012-08-22,26.33614158630371
2012-08-23,26.69940185546875
2012-08-24,27.123199462890625
2012-08-27,27.274555206298828
2012-08-28,26.729673385620117
2012-08-29,26.941574096679688
2012-08-30,27.002113342285156
2012-08-31,27.062658309936523
2012-09-03,27.214017868041992
2012-09-04,27.244277954101562
2012-09-05,26.941574096679688
2012-09-06,26.881025314331055
2012-09-07,26.941574096679688
2012-09-10,27.123199462890625
2012-09-11,27.18373680114746
2012-09-12,27.39564323425293
2012-09-13,27.39564323425293
2012-09-14,27.819440841674805
2012-09-17,27.84971046447754
2012-09-18,27.728628158569336
2012-09-19,27.789175033569336
2012-09-20,27.425920486450195
2012-09-21,27.910253524780273
2012-09-24,27.819440841674805
2012-09-25,27.75889778137207
2012-09-26,27.486454010009766
2012-09-27,27.6075382232666
2012-09-28,27.365367889404297
2012-10-01,27.123199462890625
2012-10-02,27.062658309936523
2012-10-03,27.123199462890625
2012-10-04,26.971843719482422
2012-10-05,26.941574096679688
2012-10-08,26.638858795166016
2012-10-09,26.51776695251465
2012-10-11,26.033428192138672
2012-10-12,25.791255950927734
2012-10-15,26.033428192138672
2012-10-16,26.215055465698242
2012-10-17,26.093975067138672
2012-10-18,26.215055465698242
2012-10-19,26.396684646606445
2012-10-22,26.33614158630371
2012-10-23,26.33614158630371
2012-10-24,26.396684646606445
2012-10-25,26.275602340698242
2012-10-26,26.33614158630371
2012-10-29,26.33614158630371
2012-10-30,26.638858795166016
2012-10-31,26.57831382751465
2012-11-01,26.33614158630371
2012-11-02,26.15451431274414
2012-11-05,26.063705444335938
2012-11-06,26.033428192138672
2012-11-07,26.033428192138672
2012-11-08,26.245330810546875
2012-11-09,26.093975067138672
2012-11-12,25.912338256835938
2012-11-13,25.730714797973633
2012-11-14,25.730714797973633
2012-11-15,26.69940185546875
2012-11-16,25.851795196533203
2012-11-19,25.367462158203125
2012-11-20,25.851795196533203
2012-11-21,25.609630584716797
2012-11-22,25.670169830322266
2012-11-23,26.033428192138672
2012-11-26,26.33614158630371
2012-11-27,26.33614158630371
2012-11-28,26.396684646606445
2012-11-29,26.69940185546875
2012-11-30,26.941574096679688
2012-12-03,27.002113342285156
2012-12-04,27.062658309936523
2012-12-05,27.123199462890625
2012-12-06,27.062658309936523
2012-12-07,27.062658309936523
2012-12-10,26.971843719482422
2012-12-11,26.941574096679688
2012-12-12,27.002113342285156
2012-12-13,27.123199462890625
2012-12-14,26.941574096679688
2012-12-17,26.669126510620117
2012-12-18,26.638858795166016
2012-12-19,26.69940185546875
2012-12-20,26.275602340698242
2012-12-21,26.033428192138672
2012-12-24,25.730714797973633
2012-12-25,25.97288703918457
2012-12-26,26.063705444335938
2012-12-27,25.670169830322266
2012-12-28,26.093975067138672
2013-01-02,26.33614158630371
2013-01-03,26.51776695251465
2013-01-04,26.366413116455078
2013-01-07,26.15451431274414
2013-01-08,26.033428192138672
2013-01-09,26.033428192138672
2013-01-10,26.245330810546875
2013-01-11,26.275602340698242
2013-01-14,26.33614158630371
2013-01-15,26.245330810546875
2013-01-16,26.15451431274414
2013-01-17,26.033428192138672
2013-01-18,26.33614158630371
2013-01-21,26.33614158630371
2013-01-22,26.366413116455078
2013-01-23,26.33614158630371
2013-01-24,26.033428192138672
2013-01-25,25.97288703918457
2013-01-28,26.003154754638672
2013-01-29,26.215055465698242
2013-01-30,26.184783935546875
2013-01-31,26.245330810546875
2013-02-01,26.15451431274414
2013-02-04,26.69940185546875
2013-02-05,26.57831382751465
2013-02-06,27.244277954101562
2013-02-18,27.092926025390625
2013-02-19,27.637815475463867
2013-02-20,28.273509979248047
2013-02-21,28.848669052124023
2013-02-22,28.818401336669922
2013-02-25,28.939483642578125
2013-02-26,28.212968826293945
2013-02-27,28.212968826293945
2013-03-01,28.757854461669922
2013-03-04,29.060569763183594
2013-03-05,29.3632869720459
2013-03-06,29.847623825073242
2013-03-07,29.968711853027344
2013-03-08,30.089799880981445
2013-03-11,30.331966400146484
2013-03-12,29.78708267211914
2013-03-13,29.817350387573242
2013-03-14,29.817350387573242
2013-03-15,30.029258728027344
2013-03-18,30.029258728027344
2013-03-19,30.089799880981445
2013-03-20,30.029258728027344
2013-03-21,29.968711853027344
2013-03-22,30.029258728027344
2013-03-25,30.99794578552246
2013-03-26,31.542831420898438
2013-03-27,31.542831420898438
2013-03-28,31.603374481201172
2013-03-29,32.32988357543945
2013-04-01,32.693145751953125
2013-04-02,32.51150894165039
2013-04-03,33.177486419677734
2013-04-08,32.693145751953125
2013-04-09,32.693145751953125
2013-04-10,32.26934051513672
2013-04-11,32.26934051513672
2013-04-12,32.208797454833984
2013-04-15,31.966630935668945
2013-04-16,32.08771514892578
2013-04-17,32.08771514892578
2013-04-18,32.08771514892578
2013-04-19,32.08771514892578
2013-04-22,32.08771514892578
2013-04-23,32.208797454833984
2013-04-24,32.693145751953125
2013-04-25,32.32988357543945
2013-04-26,32.32988357543945
2013-04-29,32.39042663574219
2013-04-30,32.632598876953125
2013-05-02,32.693145751953125
2013-05-03,32.57205581665039
2013-05-06,32.693145751953125
2013-05-07,32.632598876953125
2013-05-08,32.9353141784668
2013-05-09,32.995849609375
2013-05-10,32.8747673034668
2013-05-13,32.57205581665039
2013-05-14,32.39042663574219
2013-05-15,32.995849609375
2013-05-16,33.116943359375
2013-05-17,33.056400299072266
2013-05-20,32.9353141784668
2013-05-21,32.57205581665039
2013-05-22,32.26934051513672
2013-05-23,32.08771514892578
2013-05-24,31.966630935668945
2013-05-27,31.663909912109375
2013-05-28,31.845542907714844
2013-05-29,31.906084060668945
2013-05-30,32.208797454833984
2013-05-31,32.693145751953125
2013-06-03,32.51150894165039
2013-06-04,32.51150894165039
2013-06-05,32.57205581665039
2013-06-06,32.32988357543945
2013-06-07,32.32988357543945
2013-06-10,32.57205581665039
2013-06-11,32.995849609375
2013-06-13,32.995849609375
2013-06-14,33.29856872558594
2013-06-17,33.78291702270508
2013-06-18,33.84345626831055
2013-06-19,33.66183090209961
2013-06-20,33.66183090209961
2013-06-21,33.66183090209961
2013-06-24,33.72236633300781
2013-06-25,33.540748596191406
2013-06-26,33.84345626831055
2013-06-27,34.81214141845703
2013-06-28,36.15352249145508
2013-07-01,36.217403411865234
2013-07-02,36.281280517578125
2013-07-03,36.281280517578125
2013-07-04,36.281280517578125
2013-07-05,36.66453552246094
2013-07-08,36.60065841674805
2013-07-09,36.9200325012207
2013-07-10,36.7284049987793
2013-07-11,37.30328369140625
2013-07-12,37.36716079711914
2013-07-15,37.4310417175293
2013-07-16,37.4310417175293
2013-07-17,37.4310417175293
2013-07-18,37.30328369140625
2013-07-19,37.04777908325195
2013-07-22,37.239410400390625
2013-07-23,37.68653869628906
2013-07-24,37.68653869628906
2013-07-25,37.68653869628906
2013-07-26,37.68653869628906
2013-07-29,37.75041580200195
2013-07-30,37.75041580200195
2013-07-31,37.55879211425781
2013-08-01,37.55879211425781
2013-08-02,37.62266540527344
2013-08-05,37.62266540527344
2013-08-06,37.62266540527344
2013-08-07,37.62266540527344
2013-08-08,37.62266540527344
2013-08-09,37.49491500854492
2013-08-12,37.4310417175293
2013-08-13,37.49491500854492
2013-08-14,37.11166000366211
2013-08-15,36.85615158081055
2013-08-16,36.66453552246094
2013-08-19,36.281280517578125
2013-08-20,35.7702751159668
2013-08-22,35.64252471923828
2013-08-23,35.578643798828125
2013-08-26,35.578643798828125
2013-08-27,35.578643798828125
2013-08-28,35.578643798828125
2013-08-29,35.578643798828125
2013-08-30,36.025779724121094
2013-09-02,36.15352249145508
2013-09-03,36.15352249145508
2013-09-04,35.9619026184082
2013-09-05,36.025779724121094
2013-09-06,35.9619026184082
2013-09-09,35.89802551269531
2013-09-10,35.7702751159668
2013-09-11,35.64252471923828
2013-09-12,35.9619026184082
2013-09-13,35.9619026184082
2013-09-16,36.217403411865234
2013-09-17,36.409027099609375
2013-09-18,37.175540924072266
2013-09-23,37.30328369140625
2013-09-24,37.11166000366211
2013-09-25,39.666683197021484
2013-09-26,39.602806091308594
2013-09-27,39.28342056274414
2013-09-30,39.155677795410156
2013-10-01,39.155677795410156
2013-10-02,39.155677795410156
2013-10-03,39.219547271728516
2013-10-04,39.091796875
2013-10-07,39.091796875
2013-10-08,39.091796875
2013-10-09,38.964046478271484
2013-10-11,39.091796875
2013-10-14,38.964046478271484
2013-10-15,40.36930847167969
2013-10-16,40.17768478393555
2013-10-17,41.13581085205078
2013-10-18,41.838443756103516
2013-10-21,41.39131546020508
2013-10-22,41.838443756103516
2013-10-23,40.11381149291992
2013-10-24,39.85830307006836
2013-10-25,39.5389289855957
2013-10-28,39.98605728149414
2013-10-29,40.36930847167969
2013-10-30,39.730552673339844
2013-10-31,39.219547271728516
2013-11-01,38.70854568481445
2013-11-04,38.325294494628906
2013-11-05,37.75041580200195
2013-11-06,37.55879211425781
2013-11-07,38.005916595458984
2013-11-08,37.49491500854492
2013-11-11,37.04777908325195
2013-11-12,37.11166000366211
2013-11-13,36.98390579223633
2013-11-14,37.175540924072266
2013-11-15,37.30328369140625
2013-11-18,37.49491500854492
2013-11-19,37.68653869628906
2013-11-20,37.62266540527344
2013-11-21,37.36716079711914
2013-11-22,37.36716079711914
2013-11-25,37.68653869628906
2013-11-26,37.942039489746094
2013-11-27,38.389163970947266
2013-11-28,39.666683197021484
2013-11-29,38.8363037109375
2013-12-02,39.92218017578125
2013-12-03,40.30543518066406
2013-12-04,40.30543518066406
2013-12-05,40.30543518066406
2013-12-06,41.39131546020508
2013-12-09,41.519065856933594
2013-12-10,41.19969177246094
2013-12-11,41.19969177246094
2013-12-12,40.94418716430664
2013-12-13,40.560935974121094
2013-12-16,40.36930847167969
2013-12-17,40.433189392089844
2013-12-18,40.11381149291992
2013-12-19,40.11381149291992
2013-12-20,40.11381149291992
2013-12-23,40.2415657043457
2013-12-24,40.17768478393555
2013-12-25,40.17768478393555
2013-12-26,40.049930572509766
2013-12-27,40.11381149291992
2013-12-30,41.2635612487793
2013-12-31,40.88031768798828
2014-01-02,40.88031768798828
2014-01-03,40.81643295288086
2014-01-06,40.88031768798828
2014-01-07,40.560935974121094
2014-01-08,40.36930847167969
2014-01-09,40.17768478393555
2014-01-10,40.30543518066406
2014-01-13,40.30543518066406
2014-01-14,39.92218017578125
2014-01-15,40.11381149291992
2014-01-16,39.92218017578125
2014-01-17,39.98605728149414
2014-01-20,39.794429779052734
2014-01-21,39.602806091308594
2014-01-22,39.3473014831543
2014-01-23,39.28342056274414
2014-01-24,38.964046478271484
2014-01-27,38.8363037109375
2014-02-05,37.878170013427734
2014-02-06,37.878170013427734
2014-02-07,38.005916595458984
2014-02-10,38.069793701171875
2014-02-11,38.19754409790039
2014-02-12,38.325294494628906
2014-02-13,38.45304489135742
2014-02-14,38.45304489135742
2014-02-17,38.19754409790039
2014-02-18,38.26141357421875
2014-02-19,38.325294494628906
2014-02-20,38.005916595458984
2014-02-21,38.005916595458984
2014-02-24,38.005916595458984
2014-02-25,38.005916595458984
2014-02-26,38.133663177490234
2014-02-27,38.133663177490234
2014-03-03,37.942039489746094
2014-03-04,37.81428527832031
2014-03-05,37.878170013427734
2014-03-06,37.942039489746094
2014-03-07,37.49491500854492
2014-03-10,37.175540924072266
2014-03-11,37.11166000366211
2014-03-12,37.04777908325195
2014-03-13,37.11166000366211
2014-03-14,36.7284049987793
2014-03-17,36.281280517578125
2014-03-18,35.9619026184082
2014-03-19,35.89802551269531
2014-03-20,35.7702751159668
2014-03-21,35.25927734375
2014-03-24,34.620521545410156
2014-03-25,35.64252471923828
2014-03-26,35.706398010253906
2014-03-27,35.64252471923828
2014-03-28,35.32314682006836
2014-03-31,35.45090103149414
2014-04-01,35.387027740478516
2014-04-02,35.83415603637695
2014-04-03,36.15352249145508
2014-04-07,36.08965301513672
2014-04-08,36.025779724121094
2014-04-09,36.025779724121094
2014-04-10,36.025779724121094
2014-04-11,36.025779724121094
2014-04-14,35.9619026184082
2014-04-15,36.08965301513672
2014-04-16,36.472896575927734
2014-04-17,36.472896575927734
2014-04-18,36.536781311035156
2014-04-21,36.536781311035156
2014-04-22,36.60065841674805
2014-04-23,36.536781311035156
2014-04-24,36.345149993896484
2014-04-25,35.706398010253906
2014-04-28,35.7702751159668
2014-04-29,35.83415603637695
2014-04-30,35.578643798828125
2014-05-02,35.64252471923828
2014-05-05,35.13151931762695
2014-05-06,35.13151931762695
2014-05-07,35.0676383972168
2014-05-08,35.25927734375
2014-05-09,35.387027740478516
2014-05-12,35.00376892089844
2014-05-13,34.748260498046875
2014-05-14,35.13151931762695
2014-05-15,35.00376892089844
2014-05-16,35.00376892089844
2014-05-19,35.13151931762695
2014-05-20,35.19539260864258
2014-05-21,35.19539260864258
2014-05-22,35.578643798828125
2014-05-23,35.89802551269531
2014-05-26,36.281280517578125
2014-05-27,36.66453552246094
2014-05-28,36.85615158081055
2014-05-29,36.9200325012207
2014-05-30,36.98390579223633
2014-06-03,36.472896575927734
2014-06-04,35.83415603637695
2014-06-05,35.25927734375
2014-06-06,35.45090103149414
2014-06-09,35.706398010253906
2014-06-10,35.83415603637695
2014-06-11,36.08965301513672
2014-06-12,35.89802551269531
2014-06-13,36.08965301513672
2014-06-16,36.60065841674805
2014-06-17,36.7284049987793
2014-06-18,36.409027099609375
2014-06-19,36.536781311035156
2014-06-20,36.409027099609375
2014-06-23,36.409027099609375
2014-06-24,36.536781311035156
2014-06-25,36.536781311035156
2014-06-26,36.9200325012207
2014-06-27,36.9877815246582
2014-06-30,37.52973175048828
2014-07-01,37.52973175048828
2014-07-02,37.59746170043945
2014-07-03,37.32649230957031
2014-07-04,36.85228729248047
2014-07-07,35.700660705566406
2014-07-08,35.90388870239258
2014-07-09,35.90388870239258
2014-07-10,35.836143493652344
2014-07-11,35.22645568847656
2014-07-14,35.56517028808594
2014-07-15,35.56517028808594
2014-07-16,35.56517028808594
2014-07-17,35.90388870239258
2014-07-18,35.76840591430664
2014-07-21,35.97163009643555
2014-07-22,35.97163009643555
2014-07-23,35.97163009643555
2014-07-24,36.03937911987305
2014-07-25,36.10711669921875
2014-07-28,35.90388870239258
2014-07-29,35.90388870239258
2014-07-30,35.97163009643555
2014-07-31,35.90388870239258
2014-08-01,35.97163009643555
2014-08-04,35.97163009643555
2014-08-05,35.90388870239258
2014-08-06,35.700660705566406
2014-08-07,35.76840591430664
2014-08-08,35.63291549682617
2014-08-11,35.76840591430664
2014-08-12,35.76840591430664
2014-08-13,35.76840591430664
2014-08-14,35.63291549682617
2014-08-15,35.63291549682617
2014-08-18,35.56517028808594
2014-08-19,35.56517028808594
2014-08-20,35.22645568847656
2014-08-21,34.88773727416992
2014-08-22,35.023223876953125
2014-08-25,34.88773727416992
2014-08-26,35.023223876953125
2014-08-27,35.158714294433594
2014-08-28,35.023223876953125
2014-08-29,35.023223876953125
2014-09-01,35.023223876953125
2014-09-02,34.88773727416992
2014-09-03,34.88773727416992
2014-09-04,34.81999206542969
2014-09-05,35.023223876953125
2014-09-09,34.88773727416992
2014-09-10,34.54902267456055
2014-09-11,34.413536071777344
2014-09-12,34.345794677734375
2014-09-15,34.345794677734375
2014-09-16,34.21031188964844
2014-09-17,34.21031188964844
2014-09-18,34.27804946899414
2014-09-19,34.345794677734375
2014-09-22,34.14255905151367
2014-09-23,34.21031188964844
2014-09-24,34.345794677734375
2014-09-25,34.54902267456055
2014-09-26,34.54902267456055
2014-09-29,34.54902267456055
2014-09-30,34.616764068603516
2014-10-01,34.88773727416992
2014-10-02,34.88773727416992
2014-10-03,35.09096908569336
2014-10-06,35.158714294433594
2014-10-07,35.09096908569336
2014-10-08,34.955482482910156
2014-10-09,34.955482482910156
2014-10-13,34.54902267456055
2014-10-14,35.09096908569336
2014-10-15,34.752254486083984
2014-10-16,34.48127746582031
2014-10-17,33.26190185546875
2014-10-20,34.54902267456055
2014-10-21,34.345794677734375
2014-10-22,34.54902267456055
2014-10-23,34.413536071777344
2014-10-24,34.21031188964844
2014-10-27,34.14255905151367
2014-10-28,34.14255905151367
2014-10-29,33.8715934753418
2014-10-30,33.8715934753418
2014-10-31,34.14255905151367
2014-11-03,34.21031188964844
2014-11-04,34.21031188964844
2014-11-05,33.9393310546875
2014-11-06,33.8715934753418
2014-11-07,33.8715934753418
2014-11-10,34.14255905151367
2014-11-11,34.21031188964844
2014-11-12,34.007080078125
2014-11-13,34.0748176574707
2014-11-14,34.0748176574707
2014-11-17,34.007080078125
2014-11-18,34.007080078125
2014-11-19,34.345794677734375
2014-11-20,34.48127746582031
2014-11-21,34.14255905151367
2014-11-24,34.14255905151367
2014-11-25,33.8715934753418
2014-11-26,34.345794677734375
2014-11-27,34.48127746582031
2014-11-28,35.22645568847656
2014-12-01,35.4974250793457
2014-12-02,35.4974250793457
2014-12-03,35.63291549682617
2014-12-04,36.03937911987305
2014-12-05,36.378089904785156
2014-12-08,36.17485427856445
2014-12-09,36.03937911987305
2014-12-10,35.700660705566406
2014-12-11,35.56517028808594
2014-12-12,35.700660705566406
2014-12-15,35.76840591430664
2014-12-16,35.97163009643555
2014-12-17,35.76840591430664
2014-12-18,35.90388870239258
2014-12-19,36.24260711669922
2014-12-22,36.513580322265625
2014-12-23,36.58131790161133
2014-12-24,36.7168083190918
2014-12-25,36.7168083190918
2014-12-26,36.85228729248047
2014-12-29,36.9200325012207
2014-12-30,36.9200325012207
2014-12-31,36.9200325012207
2015-01-05,36.9200325012207
2015-01-06,36.513580322265625
2015-01-07,36.58131790161133
2015-01-08,36.85228729248047
2015-01-09,36.85228729248047
2015-01-12,36.784549713134766
2015-01-13,36.85228729248047
2015-01-14,36.7168083190918
2015-01-15,36.58131790161133
2015-01-16,36.445831298828125
2015-01-19,36.445831298828125
2015-01-20,36.378089904785156
2015-01-21,36.58131790161133
2015-01-22,36.58131790161133
2015-01-23,36.58131790161133
2015-01-26,36.24260711669922
2015-01-27,36.31034469604492
2015-01-28,36.445831298828125
2015-01-29,36.31034469604492
2015-01-30,36.31034469604492
2015-02-02,36.378089904785156
2015-02-03,36.513580322265625
2015-02-04,36.513580322265625
2015-02-05,36.378089904785156
2015-02-06,36.03937911987305
2015-02-09,36.03937911987305
2015-02-10,36.17485427856445
2015-02-11,36.31034469604492
2015-02-12,36.31034469604492
2015-02-13,36.378089904785156
2015-02-24,36.58131790161133
2015-02-25,36.64906311035156
2015-02-26,36.445831298828125
2015-03-02,36.31034469604492
2015-03-03,36.513580322265625
2015-03-04,36.445831298828125
2015-03-05,36.24260711669922
2015-03-06,36.445831298828125
2015-03-09,36.378089904785156
2015-03-10,36.31034469604492
2015-03-11,36.10711669921875
2015-03-12,36.24260711669922
2015-03-13,36.17485427856445
2015-03-16,36.31034469604492
2015-03-17,36.24260711669922
2015-03-18,36.31034469604492
2015-03-19,36.58131790161133
2015-03-20,36.445831298828125
2015-03-23,36.17485427856445
2015-03-24,36.17485427856445
2015-03-25,36.10711669921875
2015-03-26,36.378089904785156
2015-03-27,36.378089904785156
2015-03-30,36.24260711669922
2015-03-31,36.378089904785156
2015-04-01,36.17485427856445
2015-04-02,36.03937911987305
2015-04-07,35.97163009643555
2015-04-08,35.90388870239258
2015-04-09,35.76840591430664
2015-04-10,35.90388870239258
2015-04-13,36.03937911987305
2015-04-14,36.03937911987305
2015-04-15,35.56517028808594
2015-04-16,35.700660705566406
2015-04-17,35.97163009643555
2015-04-20,35.90388870239258
2015-04-21,35.90388870239258
2015-04-22,35.90388870239258
2015-04-23,36.24260711669922
2015-04-24,36.445831298828125
2015-04-27,36.58131790161133
2015-04-28,36.7168083190918
2015-04-29,37.12326431274414
2015-04-30,37.25874710083008
2015-05-04,36.513580322265625
2015-05-05,36.58131790161133
2015-05-06,36.58131790161133
2015-05-07,36.513580322265625
2015-05-08,36.58131790161133
2015-05-11,36.64906311035156
2015-05-12,36.64906311035156
2015-05-13,36.64906311035156
2015-05-14,36.445831298828125
2015-05-15,36.24260711669922
2015-05-18,36.24260711669922
2015-05-19,36.58131790161133
2015-05-20,36.31034469604492
2015-05-21,35.90388870239258
2015-05-22,36.17485427856445
2015-05-25,36.10711669921875
2015-05-26,36.17485427856445
2015-05-27,36.513580322265625
2015-05-28,36.64906311035156
2015-05-29,36.31034469604492
2015-06-01,36.378089904785156
2015-06-02,36.378089904785156
2015-06-03,36.17485427856445
2015-06-04,35.90388870239258
2015-06-05,35.836143493652344
2015-06-08,35.97163009643555
2015-06-09,35.76840591430664
2015-06-10,36.10711669921875
2015-06-11,36.445831298828125
2015-06-12,36.58131790161133
2015-06-15,36.58131790161133
2015-06-16,36.445831298828125
2015-06-17,36.31034469604492
2015-06-18,36.445831298828125
2015-06-22,36.64906311035156
2015-06-23,36.784549713134766
2015-06-24,36.784549713134766
2015-06-25,36.9877815246582
2015-06-26,37.131141662597656
2015-06-29,36.84440994262695
2015-06-30,36.91609573364258
2015-07-01,36.91609573364258
2015-07-02,36.91609573364258
2015-07-03,36.84440994262695
2015-07-06,36.629364013671875
2015-07-07,36.55768585205078
2015-07-08,35.84086990356445
2015-07-09,35.73334503173828
2015-07-10,35.73334503173828
2015-07-13,36.19927978515625
2015-07-14,36.12759780883789
2015-07-15,36.05591583251953
2015-07-16,36.05591583251953
2015-07-17,36.12759780883789
2015-07-20,36.19927978515625
2015-07-21,36.48600769042969
2015-07-22,36.41432189941406
2015-07-23,36.48600769042969
2015-07-24,36.629364013671875
2015-07-27,36.48600769042969
2015-07-28,36.55768585205078
2015-07-29,36.701053619384766
2015-07-30,36.77273178100586
2015-07-31,36.701053619384766
2015-08-03,36.701053619384766
2015-08-04,36.84440994262695
2015-08-05,36.91609573364258
2015-08-06,36.84440994262695
2015-08-07,36.629364013671875
2015-08-10,36.701053619384766
2015-08-11,36.629364013671875
2015-08-12,36.77273178100586
2015-08-13,36.84440994262695
2015-08-14,37.05945587158203
2015-08-17,36.77273178100586
2015-08-18,36.55768585205078
2015-08-19,36.270957946777344
2015-08-20,36.77273178100586
2015-08-21,36.41432189941406
2015-08-24,35.3390998840332
2015-08-25,35.697505950927734
2015-08-26,35.91255187988281
2015-08-27,36.270957946777344
2015-08-28,37.27450942993164
2015-08-31,37.27450942993164
2015-09-01,36.91609573364258
2015-09-02,36.9877815246582
2015-09-03,36.9877815246582
2015-09-04,36.91609573364258
2015-09-07,36.84440994262695
2015-09-08,36.91609573364258
2015-09-09,36.91609573364258
2015-09-10,36.84440994262695
2015-09-11,36.91609573364258
2015-09-14,36.84440994262695
2015-09-15,36.701053619384766
2015-09-16,36.701053619384766
2015-09-17,36.84440994262695
2015-09-18,36.84440994262695
2015-09-21,36.629364013671875
2015-09-22,36.55768585205078
2015-09-23,36.48600769042969
2015-09-24,36.19927978515625
2015-09-25,35.91255187988281
2015-09-29,35.91255187988281
2015-09-30,35.84086990356445
2015-10-01,36.05591583251953
2015-10-02,36.19927978515625
2015-10-05,36.05591583251953
2015-10-06,36.270957946777344
2015-10-07,37.202823638916016
2015-10-08,36.91609573364258
2015-10-12,37.202823638916016
2015-10-13,36.77273178100586
2015-10-14,36.91609573364258
2015-10-15,37.202823638916016
2015-10-16,37.27450942993164
2015-10-19,37.27450942993164
2015-10-20,37.632911682128906
2015-10-21,37.48954391479492
2015-10-22,37.27450942993164
2015-10-23,37.05945587158203
2015-10-26,37.27450942993164
2015-10-27,37.131141662597656
2015-10-28,36.91609573364258
2015-10-29,36.629364013671875
2015-10-30,36.701053619384766
2015-11-02,36.84440994262695
2015-11-03,36.701053619384766
2015-11-04,37.27450942993164
2015-11-05,37.131141662597656
2015-11-06,37.202823638916016
2015-11-09,36.91609573364258
2015-11-10,36.701053619384766
2015-11-11,36.41432189941406
2015-11-12,36.12759780883789
2015-11-13,36.12759780883789
2015-11-16,36.12759780883789
2015-11-17,37.27450942993164
2015-11-18,36.84440994262695
2015-11-19,36.701053619384766
2015-11-20,37.27450942993164
2015-11-23,37.202823638916016
2015-11-24,36.91609573364258
2015-11-25,36.9877815246582
2015-11-26,36.9877815246582
2015-11-27,36.9877815246582
2015-11-30,36.270957946777344
2015-12-01,36.48600769042969
2015-12-02,36.84440994262695
2015-12-03,36.77273178100586
2015-12-04,36.9877815246582
2015-12-07,36.9877815246582
2015-12-08,36.9877815246582
2015-12-09,36.701053619384766
2015-12-10,36.41432189941406
2015-12-11,36.270957946777344
2015-12-14,36.05591583251953
2015-12-15,36.12759780883789
2015-12-16,36.05591583251953
2015-12-17,36.12759780883789
2015-12-18,35.84086990356445
2015-12-21,35.984230041503906
2015-12-22,37.34619140625
2015-12-23,37.704593658447266
2015-12-24,37.202823638916016
2015-12-25,37.27450942993164
2015-12-28,36.91609573364258
2015-12-29,36.629364013671875
2015-12-30,36.55768585205078
2015-12-31,36.629364013671875
2016-01-04,36.41432189941406
2016-01-05,36.12759780883789
2016-01-06,36.12759780883789
2016-01-07,35.91255187988281
2016-01-08,36.19927978515625
2016-01-11,35.984230041503906
2016-01-12,35.91255187988281
2016-01-13,35.984230041503906
2016-01-14,35.984230041503906
2016-01-15,35.984230041503906
2016-01-18,36.55768585205078
2016-01-19,36.84440994262695
2016-01-20,36.701053619384766
2016-01-21,36.77273178100586
2016-01-22,36.84440994262695
2016-01-25,37.131141662597656
2016-01-26,37.27450942993164
2016-01-27,37.27450942993164
2016-01-28,37.48954391479492
2016-01-29,37.91963195800781
2016-02-01,37.91963195800781
2016-02-02,37.84796142578125
2016-02-03,37.56122970581055
2016-02-15,37.632911682128906
2016-02-16,37.91963195800781
2016-02-17,37.9913215637207
2016-02-18,38.42141342163086
2016-02-19,38.49309539794922
2016-02-22,38.70813751220703
2016-02-23,38.85150909423828
2016-02-24,38.70813751220703
2016-02-25,38.923187255859375
2016-02-26,38.9948616027832
2016-03-01,39.13823318481445
2016-03-02,39.353275299072266
2016-03-03,39.6400032043457
2016-03-04,39.9984130859375
2016-03-07,40.14176940917969
2016-03-08,40.14176940917969
2016-03-09,40.14176940917969
2016-03-10,40.07008361816406
2016-03-11,40.14176940917969
2016-03-14,40.285133361816406
2016-03-15,40.07008361816406
2016-03-16,40.42850112915039
2016-03-17,40.571861267089844
2016-03-18,40.71522903442383
2016-03-21,40.71522903442383
2016-03-22,39.926727294921875
2016-03-23,39.9984130859375
2016-03-24,39.9984130859375
2016-03-25,40.14176940917969
2016-03-28,40.356815338134766
2016-03-29,40.285133361816406
2016-03-30,40.50018310546875
2016-03-31,40.50018310546875
2016-04-01,40.356815338134766
2016-04-06,40.14176940917969
2016-04-07,40.14176940917969
2016-04-08,40.285133361816406
2016-04-11,40.356815338134766
2016-04-12,40.64354705810547
2016-04-13,41.073638916015625
2016-04-14,41.073638916015625
2016-04-15,40.571861267089844
2016-04-18,40.571861267089844
2016-04-19,40.85859298706055
2016-04-20,40.71522903442383
2016-04-21,40.85859298706055
2016-04-22,40.71522903442383
2016-04-25,40.71522903442383
2016-04-26,40.78691101074219
2016-04-27,40.14176940917969
2016-04-28,40.07008361816406
2016-04-29,39.9984130859375
2016-05-03,39.85504150390625
2016-05-04,39.926727294921875
2016-05-05,39.85504150390625
2016-05-06,40.14176940917969
2016-05-09,40.14176940917969
2016-05-10,40.14176940917969
2016-05-11,39.9984130859375
2016-05-12,39.9984130859375
2016-05-13,39.9984130859375
2016-05-16,39.926727294921875
2016-05-17,40.21345901489258
2016-05-18,40.07008361816406
2016-05-19,39.9984130859375
2016-05-20,39.9984130859375
2016-05-23,40.07008361816406
2016-05-24,39.9984130859375
2016-05-25,40.285133361816406
2016-05-26,40.285133361816406
2016-05-27,40.21345901489258
2016-05-30,40.21345901489258
2016-05-31,40.07008361816406
2016-06-01,39.9984130859375
2016-06-02,39.6400032043457
2016-06-03,39.6400032043457
2016-06-06,39.85504150390625
2016-06-07,39.926727294921875
2016-06-08,39.6400032043457
2016-06-13,39.56831359863281
2016-06-14,39.783363342285156
2016-06-15,39.926727294921875
2016-06-16,39.783363342285156
2016-06-17,39.783363342285156
2016-06-20,39.85504150390625
2016-06-21,39.926727294921875
2016-06-22,39.926727294921875
2016-06-23,39.424957275390625
2016-06-24,39.353275299072266
2016-06-27,39.281593322753906
2016-06-28,39.58610916137695
2016-06-29,39.73835754394531
2016-06-30,39.81447982788086
2016-07-01,39.89060974121094
2016-07-04,39.73835754394531
2016-07-05,39.73835754394531
2016-07-06,39.73835754394531
2016-07-07,39.81447982788086
2016-07-08,39.81447982788086
2016-07-11,39.81447982788086
2016-07-12,39.662235260009766
2016-07-13,39.50997543334961
2016-07-14,39.50997543334961
2016-07-15,39.28159713745117
2016-07-18,38.672576904296875
2016-07-19,38.672576904296875
2016-07-20,38.90095520019531
2016-07-21,38.977088928222656
2016-07-22,39.129337310791016
2016-07-25,38.74870681762695
2016-07-26,39.0532112121582
2016-07-27,38.8248291015625
2016-07-28,38.90095520019531
2016-07-29,38.8248291015625
2016-08-01,38.8248291015625
2016-08-02,38.90095520019531
2016-08-03,38.977088928222656
2016-08-04,38.74870681762695
2016-08-05,38.8248291015625
2016-08-08,38.8248291015625
2016-08-09,38.74870681762695
2016-08-10,38.74870681762695
2016-08-11,38.74870681762695
2016-08-12,38.90095520019531
2016-08-15,38.672576904296875
2016-08-16,38.520320892333984
2016-08-17,38.8248291015625
2016-08-18,38.596458435058594
2016-08-19,38.520320892333984
2016-08-22,38.44419860839844
2016-08-23,38.520320892333984
2016-08-24,38.21581268310547
2016-08-25,38.21581268310547
2016-08-26,38.36806869506836
2016-08-29,38.29194259643555
2016-08-30,38.21581268310547
2016-08-31,38.44419860839844
2016-09-01,38.977088928222656
2016-09-02,38.977088928222656
2016-09-05,39.205467224121094
2016-09-06,38.90095520019531
2016-09-07,39.28159713745117
2016-09-08,38.90095520019531
2016-09-09,38.8248291015625
2016-09-12,38.596458435058594
2016-09-13,38.520320892333984
2016-09-14,38.520320892333984
2016-09-19,38.977088928222656
2016-09-20,38.520320892333984
2016-09-21,38.74870681762695
2016-09-22,38.74870681762695
2016-09-23,39.0532112121582
2016-09-26,38.90095520019531
2016-09-27,38.90095520019531
2016-09-28,38.90095520019531
2016-09-29,38.977088928222656
2016-09-30,38.977088928222656
2016-10-03,38.977088928222656
2016-10-04,38.977088928222656
2016-10-05,38.977088928222656
2016-10-06,38.977088928222656
2016-10-07,38.977088928222656
2016-10-11,38.8248291015625
2016-10-12,39.0532112121582
2016-10-13,39.0532112121582
2016-10-14,38.977088928222656
2016-10-17,38.90095520019531
2016-10-18,38.977088928222656
2016-10-19,38.977088928222656
2016-10-20,38.90095520019531
2016-10-21,38.90095520019531
2016-10-24,38.977088928222656
2016-10-25,38.90095520019531
2016-10-26,38.8248291015625
2016-10-27,38.74870681762695
2016-10-28,38.74870681762695
2016-10-31,38.8248291015625
2016-11-01,38.8248291015625
2016-11-02,38.596458435058594
2016-11-03,38.596458435058594
2016-11-04,38.44419860839844
2016-11-07,38.8248291015625
2016-11-08,38.8248291015625
2016-11-09,38.36806869506836
2016-11-10,39.35771942138672
2016-11-11,39.35771942138672
2016-11-14,39.4338493347168
2016-11-15,39.58610916137695
2016-11-16,39.4338493347168
2016-11-17,39.50997543334961
2016-11-18,39.50997543334961
2016-11-21,39.4338493347168
2016-11-22,39.205467224121094
2016-11-23,39.28159713745117
2016-11-24,39.35771942138672
2016-11-25,39.28159713745117
2016-11-28,39.4338493347168
2016-11-29,39.205467224121094
2016-11-30,39.4338493347168
2016-12-01,39.50997543334961
2016-12-02,39.4338493347168
2016-12-05,39.4338493347168
2016-12-06,39.50997543334961
2016-12-07,39.58610916137695
2016-12-08,39.662235260009766
2016-12-09,39.58610916137695
2016-12-12,39.35771942138672
2016-12-13,39.4338493347168
2016-12-14,39.50997543334961
2016-12-15,39.205467224121094
2016-12-16,39.35771942138672
2016-12-19,39.35771942138672
2016-12-20,39.4338493347168
2016-12-21,39.50997543334961
2016-12-22,39.28159713745117
2016-12-23,39.35771942138672
2016-12-26,39.4338493347168
2016-12-27,39.35771942138672
2016-12-28,39.58610916137695
2016-12-29,39.662235260009766
2016-12-30,40.72801208496094
2017-01-03,40.88026428222656
2017-01-04,41.108642578125
2017-01-05,41.03252029418945
2017-01-06,41.108642578125
2017-01-09,41.108642578125
2017-01-10,41.18476867675781
2017-01-11,41.26090621948242
2017-01-12,41.33702850341797
2017-01-13,41.18476867675781
2017-01-16,41.03252029418945
2017-01-17,41.18476867675781
2017-01-18,41.18476867675781
2017-01-19,41.18476867675781
2017-01-20,41.108642578125
2017-01-23,41.33702850341797
2017-01-24,41.48927688598633
2017-02-02,41.413150787353516
2017-02-03,41.48927688598633
2017-02-06,41.56541061401367
2017-02-07,41.48927688598633
2017-02-08,41.413150787353516
2017-02-09,41.413150787353516
2017-02-10,41.48927688598633
2017-02-13,41.7176628112793
2017-02-14,41.86991882324219
2017-02-15,42.09830093383789
2017-02-16,42.17443084716797
2017-02-17,42.17443084716797
2017-02-20,42.25054931640625
2017-02-21,42.32667541503906
2017-02-22,42.25054931640625
2017-02-23,42.32667541503906
2017-02-24,42.32667541503906
2017-03-01,42.25054931640625
2017-03-02,42.32667541503906
2017-03-03,42.25054931640625
2017-03-06,42.32667541503906
2017-03-07,42.47893524169922
2017-03-08,46.66592788696289
2017-03-09,46.74205780029297
2017-03-10,46.58979415893555
2017-03-13,46.58979415893555
2017-03-14,46.66592788696289
2017-03-15,46.58979415893555
2017-03-16,46.43754577636719
2017-03-17,46.43754577636719
2017-03-20,46.36141586303711
2017-03-21,46.36141586303711
2017-03-22,46.209163665771484
2017-03-23,46.209163665771484
2017-03-24,46.209163665771484
2017-03-27,46.13303756713867
2017-03-28,46.056915283203125
2017-03-29,45.828529357910156
2017-03-30,45.60014343261719
2017-03-31,45.60014343261719
2017-04-05,45.67627716064453
2017-04-06,45.52402114868164
2017-04-07,45.37176513671875
2017-04-10,45.219505310058594
2017-04-11,44.991127014160156
2017-04-12,44.76274490356445
2017-04-13,44.61048889160156
2017-04-14,44.30598449707031
2017-04-17,44.153724670410156
2017-04-18,44.153724670410156
2017-04-19,44.00147247314453
2017-04-20,43.925350189208984
2017-04-21,44.00147247314453
2017-04-24,43.773094177246094
2017-04-25,43.925350189208984
2017-04-26,43.925350189208984
2017-04-27,43.849220275878906
2017-04-28,44.07759475708008
2017-05-02,44.38211441040039
2017-05-03,44.30598449707031
2017-05-04,44.07759475708008
2017-05-05,43.849220275878906
2017-05-08,43.54471206665039
2017-05-09,43.392459869384766
2017-05-10,43.392459869384766
2017-05-11,43.392459869384766
2017-05-12,43.24020767211914
2017-05-15,43.087947845458984
2017-05-16,42.85956573486328
2017-05-17,42.78343963623047
2017-05-18,42.555049896240234
2017-05-19,42.555049896240234
2017-05-22,42.63118362426758
2017-05-23,42.63118362426758
2017-05-24,42.555049896240234
2017-05-25,42.70731735229492
2017-05-26,43.925350189208984
2017-05-31,44.00147247314453
2017-06-01,44.229862213134766
2017-06-02,44.61048889160156
2017-06-05,45.29563903808594
2017-06-06,45.37176513671875
2017-06-07,45.67627716064453
2017-06-08,45.904659271240234
2017-06-09,46.36141586303711
2017-06-12,46.2852897644043
2017-06-13,46.43754577636719
2017-06-14,46.13303756713867
2017-06-15,46.209163665771484
2017-06-16,46.43754577636719
2017-06-19,46.74205780029297
2017-06-20,46.97043991088867
2017-06-21,47.960086822509766
2017-06-22,47.960086822509766
2017-06-23,47.73170852661133
2017-06-26,47.73170852661133
2017-06-27,47.65557861328125
2017-06-28,47.57944869995117
2017-06-29,47.69990158081055
2017-06-30,47.619606018066406
2017-07-03,47.53929138183594
2017-07-04,47.37868881225586
2017-07-05,46.736270904541016
2017-07-06,46.57566452026367
2017-07-07,46.25445556640625
2017-07-10,45.9332389831543
2017-07-11,45.77263259887695
2017-07-12,45.77263259887695
2017-07-13,45.77263259887695
2017-07-14,45.69232940673828
2017-07-17,46.17414855957031
2017-07-18,46.495357513427734
2017-07-19,46.25445556640625
2017-07-20,46.33475875854492
2017-07-21,46.25445556640625
2017-07-24,46.25445556640625
2017-07-25,46.655967712402344
2017-07-26,46.89687728881836
2017-07-27,47.13779067993164
2017-07-28,46.977176666259766
2017-07-31,47.13779067993164
2017-08-01,47.21808624267578
2017-08-02,47.37868881225586
2017-08-03,47.37868881225586
2017-08-04,47.37868881225586
2017-08-07,47.4589958190918
2017-08-08,47.37868881225586
2017-08-09,47.86050796508789
2017-08-10,47.4589958190918
2017-08-11,47.37868881225586
2017-08-14,47.29838943481445
2017-08-15,47.780208587646484
2017-08-16,47.780208587646484
2017-08-17,47.940818786621094
2017-08-18,47.86050796508789
2017-08-21,47.940818786621094
2017-08-22,47.940818786621094
2017-08-23,47.53929138183594
2017-08-24,47.53929138183594
2017-08-25,47.53929138183594
2017-08-28,47.53929138183594
2017-08-29,47.53929138183594
2017-08-30,47.53929138183594
2017-08-31,47.53929138183594
2017-09-01,47.53929138183594
2017-09-04,47.53929138183594
2017-09-05,47.53929138183594
2017-09-06,47.53929138183594
2017-09-07,45.5317268371582
2017-09-08,44.744754791259766
2017-09-11,44.744754791259766
2017-09-12,45.025821685791016
2017-09-13,45.36309814453125
2017-09-14,45.13824462890625
2017-09-15,45.306880950927734
2017-09-18,45.5317268371582
2017-09-19,46.93703079223633
2017-09-20,46.824607849121094
2017-09-21,47.611568450927734
2017-09-22,48.62338638305664
2017-09-25,48.06126403808594
2017-09-26,49.35414505004883
2017-09-27,50.309749603271484
2017-09-28,49.297935485839844
2017-09-29,48.792030334472656
2017-10-02,50.759437561035156
2017-10-03,49.63520812988281
2017-10-05,49.69142150878906
2017-10-06,49.63520812988281
2017-10-11,49.52278137207031
2017-10-12,50.42216873168945
2017-10-13,50.309749603271484
2017-10-16,50.36595153808594
2017-10-17,50.197322845458984
2017-10-18,50.0286865234375
2017-10-19,50.197322845458984
2017-10-20,50.08489990234375
2017-10-23,50.0286865234375
2017-10-24,50.141109466552734
2017-10-25,50.47838592529297
2017-10-26,51.096717834472656
2017-10-27,51.321571350097656
2017-10-30,51.37777328491211
2017-10-31,51.040504455566406
2017-11-01,50.81565475463867
2017-11-02,50.64702224731445
2017-11-03,50.53459548950195
2017-11-06,50.47838592529297
2017-11-07,49.80384063720703
2017-11-08,49.91626739501953
2017-11-09,49.74762725830078
2017-11-10,49.63520812988281
2017-11-13,49.35414505004883
2017-11-14,49.24171829223633
2017-11-15,49.46656036376953
2017-11-16,49.46656036376953
2017-11-17,49.69142150878906
2017-11-20,49.69142150878906
2017-11-21,49.74762725830078
2017-11-22,50.42216873168945
2017-11-23,50.87186050415039
2017-11-24,50.59081268310547
2017-11-27,50.42216873168945
2017-11-28,50.197322845458984
2017-11-29,50.08489990234375
2017-11-30,49.69142150878906
2017-12-01,49.74762725830078
2017-12-04,49.80384063720703
2017-12-05,49.46656036376953
2017-12-06,49.129295349121094
2017-12-07,48.904449462890625
2017-12-08,48.62338638305664
2017-12-11,48.679595947265625
2017-12-12,48.51096725463867
2017-12-13,48.28611755371094
2017-12-14,48.398536682128906
2017-12-15,48.960655212402344
2017-12-18,50.70323181152344
2017-12-19,50.59081268310547
2017-12-20,50.59081268310547
2017-12-21,50.141109466552734
2017-12-22,49.91626739501953
2017-12-25,49.63520812988281
2017-12-26,49.35414505004883
2017-12-27,48.904449462890625
2017-12-28,48.56717300415039
2017-12-29,48.51096725463867
2018-01-02,48.792030334472656
2018-01-03,49.016868591308594
2018-01-04,49.18550491333008
2018-01-05,49.297935485839844
2018-01-08,49.410362243652344
2018-01-09,49.410362243652344
2018-01-10,49.297935485839844
2018-01-11,49.18550491333008
2018-01-12,49.297935485839844
2018-01-15,49.46656036376953
2018-01-16,49.52278137207031
2018-01-17,49.46656036376953
2018-01-18,49.35414505004883
2018-01-19,49.52278137207031
2018-01-22,49.57899475097656
2018-01-23,49.46656036376953
2018-01-24,49.46656036376953
2018-01-25,49.46656036376953
2018-01-26,49.57899475097656
2018-01-29,49.63520812988281
2018-01-30,49.52278137207031
2018-01-31,49.297935485839844
2018-02-01,51.602630615234375
2018-02-02,51.433990478515625
2018-02-05,50.70323181152344
2018-02-06,49.860050201416016
2018-02-07,50.53459548950195
2018-02-08,50.759437561035156
2018-02-09,50.309749603271484
2018-02-12,50.59081268310547
2018-02-21,51.65882873535156
2018-02-22,51.49020004272461
2018-02-23,51.546417236328125
2018-02-26,51.602630615234375
2018-02-27,51.602630615234375
2018-03-01,50.81565475463867
2018-03-02,50.59081268310547
2018-03-05,50.141109466552734
2018-03-06,50.0286865234375
2018-03-07,51.715049743652344
2018-03-08,51.77125549316406
2018-03-09,51.88368606567383
2018-03-12,51.93989944458008
2018-03-13,51.99610900878906
2018-03-14,51.37777328491211
2018-03-15,50.87186050415039
2018-03-16,50.53459548950195
2018-03-19,50.59081268310547
2018-03-20,50.64702224731445
2018-03-21,50.64702224731445
2018-03-22,50.81565475463867
2018-03-23,50.53459548950195
2018-03-26,50.141109466552734
2018-03-27,50.197322845458984
2018-03-28,50.81565475463867
2018-03-29,50.87186050415039
2018-03-30,50.98428726196289
2018-04-02,50.59081268310547
2018-04-03,50.141109466552734
2018-04-09,50.141109466552734
2018-04-10,50.47838592529297
2018-04-11,50.53459548950195
2018-04-12,50.141109466552734
2018-04-13,50.08489990234375
2018-04-16,50.36595153808594
2018-04-17,50.25353240966797
2018-04-18,50.0286865234375
2018-04-19,50.25353240966797
2018-04-20,49.97247314453125
2018-04-23,49.860050201416016
2018-04-24,49.57899475097656
2018-04-25,49.410362243652344
2018-04-26,49.18550491333008
2018-04-27,48.848243713378906
2018-04-30,49.69142150878906
2018-05-02,50.0286865234375
2018-05-03,50.0286865234375
2018-05-04,50.141109466552734
2018-05-07,50.197322845458984
2018-05-08,50.309749603271484
2018-05-09,50.42216873168945
2018-05-10,50.36595153808594
2018-05-11,50.59081268310547
2018-05-14,50.759437561035156
2018-05-15,50.59081268310547
2018-05-16,50.70323181152344
2018-05-17,50.64702224731445
2018-05-18,50.59081268310547
2018-05-21,51.096717834472656
2018-05-22,51.040504455566406
2018-05-23,50.70323181152344
2018-05-24,50.759437561035156
2018-05-25,50.70323181152344
2018-05-28,50.759437561035156
2018-05-29,50.70323181152344
2018-05-30,50.81565475463867
2018-05-31,50.759437561035156
2018-06-01,50.81565475463867
2018-06-04,50.87186050415039
2018-06-05,50.98428726196289
2018-06-06,51.15292739868164
2018-06-07,51.209144592285156
2018-06-08,50.98428726196289
2018-06-11,51.321571350097656
2018-06-12,51.37777328491211
2018-06-13,51.37777328491211
2018-06-14,51.265342712402344
2018-06-15,51.265342712402344
2018-06-19,51.209144592285156
2018-06-20,51.433990478515625
2018-06-21,51.37777328491211
2018-06-22,51.37777328491211
2018-06-25,51.040504455566406
2018-06-26,50.759437561035156
2018-06-27,50.59081268310547
2018-06-28,50.47838592529297
2018-06-29,50.759437561035156
2018-07-02,50.759437561035156
2018-07-03,51.361572265625
2018-07-04,51.42178726196289
2018-07-05,51.18093490600586
2018-07-06,51.84326934814453
2018-07-09,52.505611419677734
2018-07-10,52.626041412353516
2018-07-11,52.565826416015625
2018-07-12,52.686248779296875
2018-07-13,52.98731231689453
2018-07-16,52.74646759033203
2018-07-17,52.505611419677734
2018-07-18,52.98731231689453
2018-07-19,53.10775375366211
2018-07-20,52.98731231689453
2018-07-23,52.9271125793457
2018-07-24,52.9271125793457
2018-07-25,52.98731231689453
2018-07-26,53.1679573059082
2018-07-27,53.28839111328125
2018-07-30,53.228179931640625
2018-07-31,53.348594665527344
2018-08-01,54.31199645996094
2018-08-02,53.95072555541992
2018-08-03,54.13136672973633
2018-08-06,54.31199645996094
2018-08-07,54.37220764160156
2018-08-08,55.45603942871094
2018-08-09,55.094764709472656
2018-08-10,55.15498352050781
2018-08-13,54.67328643798828
2018-08-14,54.613059997558594
2018-08-15,54.613059997558594
2018-08-16,54.793701171875
2018-08-17,55.094764709472656
2018-08-20,55.39582824707031
2018-08-21,55.45603942871094
2018-08-22,55.576473236083984
2018-08-23,55.757102966308594
2018-08-24,55.81732177734375
2018-08-27,59.851585388183594
2018-08-28,65.63201904296875
2018-08-29,63.52457046508789
2018-08-30,62.922428131103516
2018-08-31,65.63201904296875
2018-09-03,63.82563400268555
2018-09-04,64.12669372558594
2018-09-05,63.82563400268555
2018-09-06,61.41712188720703
2018-09-07,58.94839096069336
2018-09-10,57.20221710205078
2018-09-11,57.984981536865234
2018-09-12,57.74414825439453
2018-09-13,59.18924331665039
2018-09-14,59.6107292175293
2018-09-17,59.18924331665039
2018-09-18,58.94839096069336
2018-09-19,58.94839096069336
2018-09-20,57.38285827636719
2018-09-21,56.05817794799805
2018-09-25,56.60009002685547
2018-09-26,56.60009002685547
2018-09-27,57.021583557128906
2018-09-28,57.021583557128906
2018-10-01,57.08180236816406
2018-10-02,57.021583557128906
2018-10-03,57.021583557128906
2018-10-04,56.901153564453125
2018-10-05,56.60009002685547
2018-10-08,57.021583557128906
2018-10-09,57.142005920410156
2018-10-11,56.23881530761719
2018-10-12,56.35923385620117
2018-10-15,56.118385314941406
2018-10-16,56.17860412597656
2018-10-17,56.17860412597656
2018-10-18,55.87753677368164
2018-10-19,54.73348617553711
2018-10-22,55.15498352050781
2018-10-23,54.793701171875
2018-10-24,54.73348617553711
2018-10-25,54.492637634277344
2018-10-26,54.492637634277344
2018-10-29,54.492637634277344
2018-10-30,54.914119720458984
2018-10-31,56.60009002685547
2018-11-01,56.780731201171875
2018-11-02,56.8409423828125
2018-11-05,56.66029357910156
2018-11-06,56.901153564453125
2018-11-07,57.021583557128906
2018-11-08,57.142005920410156
2018-11-09,57.08180236816406
2018-11-12,57.38285827636719
2018-11-13,57.38285827636719
2018-11-14,57.50328063964844
2018-11-15,57.563499450683594
2018-11-16,57.563499450683594
2018-11-19,57.563499450683594
2018-11-20,57.262428283691406
2018-11-21,57.142005920410156
2018-11-22,57.021583557128906
2018-11-23,56.8409423828125
2018-11-26,57.32263946533203
2018-11-27,57.262428283691406
2018-11-28,57.74414825439453
2018-11-29,57.74414825439453
2018-11-30,57.74414825439453
2018-12-03,57.804359436035156
2018-12-04,57.74414825439453
2018-12-05,57.563499450683594
2018-12-06,56.901153564453125
2018-12-07,57.262428283691406
2018-12-10,56.961368560791016
2018-12-11,57.021583557128906
2018-12-12,57.021583557128906
2018-12-13,56.8409423828125
2018-12-14,56.72051239013672
2018-12-17,56.72051239013672
2018-12-18,56.29902267456055
2018-12-19,55.99796676635742
2018-12-20,56.118385314941406
2018-12-21,56.60009002685547
2018-12-24,56.901153564453125
2018-12-25,56.66029357910156
2018-12-26,57.50328063964844
2018-12-27,57.683921813964844
2018-12-28,58.04520034790039
2019-01-02,57.683921813964844
2019-01-03,57.20221710205078
2019-01-04,56.539878845214844
2019-01-07,56.60009002685547
2019-01-08,56.05817794799805
2019-01-09,56.118385314941406
2019-01-10,55.81732177734375
2019-01-11,55.576473236083984
2019-01-14,55.39582824707031
2019-01-15,55.33561706542969
2019-01-16,55.15498352050781
2019-01-17,54.55284881591797
2019-01-18,54.492637634277344
2019-01-21,54.55284881591797
2019-01-22,54.613059997558594
2019-01-23,54.37220764160156
2019-01-24,54.31199645996094
2019-01-25,54.31199645996094
2019-01-28,54.31199645996094
2019-01-29,53.8905143737793
2019-01-30,53.95072555541992
2019-02-11,54.25178909301758
2019-02-12,55.03456115722656
2019-02-13,55.15498352050781
2019-02-14,54.793701171875
2019-02-15,54.67328643798828
2019-02-18,54.25178909301758
2019-02-19,55.094764709472656
2019-02-20,55.33561706542969
2019-02-21,54.97434616088867
2019-02-22,55.39582824707031
2019-02-25,55.39582824707031
2019-02-26,55.39582824707031
2019-02-27,55.45603942871094
2019-03-04,55.39582824707031
2019-03-05,55.33561706542969
2019-03-06,55.39582824707031
2019-03-07,54.97434616088867
2019-03-08,54.793701171875
2019-03-11,55.094764709472656
2019-03-12,54.97434616088867
2019-03-13,55.937747955322266
2019-03-14,56.118385314941406
2019-03-15,56.29902267456055
2019-03-18,56.118385314941406
2019-03-19,55.99796676635742
2019-03-20,56.118385314941406
2019-03-21,55.99796676635742
2019-03-22,55.99796676635742
2019-03-25,55.576473236083984
2019-03-26,55.81732177734375
2019-03-27,55.576473236083984
2019-03-28,55.576473236083984
2019-03-29,55.576473236083984
2019-04-01,55.45603942871094
2019-04-02,55.51625442504883
2019-04-03,55.576473236083984
2019-04-08,55.576473236083984
2019-04-09,55.937747955322266
2019-04-10,55.99796676635742
2019-04-11,55.576473236083984
2019-04-12,55.696895599365234
2019-04-15,55.81732177734375
2019-04-16,55.696895599365234
2019-04-17,55.937747955322266
2019-04-18,56.23881530761719
2019-04-19,57.021583557128906
2019-04-22,57.08180236816406
2019-04-23,57.20221710205078
2019-04-24,57.44307327270508
2019-04-25,58.34626007080078
2019-04-26,58.64732360839844
2019-04-29,58.94839096069336
2019-04-30,59.309669494628906
2019-05-02,58.52688980102539
2019-05-03,58.827964782714844
2019-05-06,59.008602142333984
2019-05-07,59.18924331665039
2019-05-08,59.309669494628906
2019-05-09,58.64732360839844
2019-05-10,58.165626525878906
2019-05-13,57.86456298828125
2019-05-14,57.50328063964844
2019-05-15,57.32263946533203
2019-05-16,56.961368560791016
2019-05-17,56.539878845214844
2019-05-20,57.38285827636719
2019-05-21,57.38285827636719
2019-05-22,56.780731201171875
2019-05-23,56.47966384887695
2019-05-24,56.29902267456055
2019-05-27,56.41946029663086
2019-05-28,58.286048889160156
2019-05-29,57.74414825439453
2019-05-30,57.38285827636719
2019-05-31,57.984981536865234
2019-06-03,57.50328063964844
2019-06-04,57.142005920410156
2019-06-05,56.901153564453125
2019-06-06,57.924774169921875
2019-06-10,58.105411529541016
2019-06-11,58.707542419433594
2019-06-12,58.64732360839844
2019-06-13,59.008602142333984
2019-06-14,58.94839096069336
2019-06-17,58.827964782714844
2019-06-18,58.76776123046875
2019-06-19,59.309669494628906
2019-06-20,59.43008804321289
2019-06-21,59.129024505615234
2019-06-24,59.73115921020508
2019-06-25,59.24945068359375
2019-06-26,58.827964782714844
2019-06-27,59.18924331665039
2019-06-28,59.06881332397461
2019-07-01,59.129024505615234
2019-07-02,59.24945068359375
2019-07-03,59.129024505615234
2019-07-04,59.309669494628906
2019-07-05,59.129024505615234
2019-07-08,59.18924331665039
2019-07-09,58.76776123046875
2019-07-10,59.73115921020508
2019-07-11,60.5002326965332
2019-07-12,60.37205123901367
2019-07-15,60.307960510253906
2019-07-16,60.11568832397461
2019-07-17,59.92342758178711
2019-07-18,60.43614196777344
2019-07-19,61.141117095947266
2019-07-22,61.52565383911133
2019-07-23,61.65383529663086
2019-07-24,61.461578369140625
2019-07-25,61.65383529663086
2019-07-26,61.91019058227539
2019-07-29,61.39748001098633
2019-07-30,61.717926025390625
2019-07-31,61.65383529663086
2019-08-01,61.461578369140625
2019-08-02,60.8206787109375
2019-08-05,60.11568832397461
2019-08-06,60.11568832397461
2019-08-07,59.92342758178711
2019-08-08,60.11568832397461
2019-08-12,60.8206787109375
2019-08-13,60.24387741088867
2019-08-14,60.7565803527832
2019-08-15,60.5002326965332
2019-08-16,61.33338928222656
2019-08-19,61.33338928222656
2019-08-20,61.52565383911133
2019-08-21,61.33338928222656
2019-08-22,61.33338928222656
2019-08-23,61.269290924072266
2019-08-26,60.69248962402344
2019-08-27,61.20521545410156
2019-08-28,61.20521545410156
2019-08-29,61.20521545410156
2019-08-30,61.269290924072266
2019-09-02,61.52565383911133
2019-09-03,61.141117095947266
2019-09-04,61.52565383911133
2019-09-05,61.589744567871094
2019-09-06,61.20521545410156
2019-09-10,61.52565383911133
2019-09-11,60.884761810302734
2019-09-12,61.52565383911133
2019-09-16,61.461578369140625
2019-09-17,61.39748001098633
2019-09-18,61.846107482910156
2019-09-19,61.78200912475586
2019-09-20,62.16655349731445
2019-09-23,62.16655349731445
2019-09-24,62.29472732543945
2019-09-25,61.717926025390625
2019-09-26,61.012943267822266
2019-09-27,60.56432342529297
2019-10-01,60.37205123901367
2019-10-02,60.9488525390625
2019-10-03,59.92342758178711
2019-10-04,59.66706848144531
2019-10-07,59.60298156738281
2019-10-08,59.60298156738281
2019-10-09,59.66706848144531
2019-10-14,60.43614196777344
2019-10-15,60.5002326965332
2019-10-16,60.8206787109375
2019-10-17,60.8206787109375
2019-10-18,60.43614196777344
2019-10-21,59.60298156738281
2019-10-22,59.92342758178711
2019-10-23,59.66706848144531
2019-10-24,60.24387741088867
2019-10-25,60.56432342529297
2019-10-28,60.56432342529297
2019-10-29,60.37205123901367
2019-10-30,60.24387741088867
2019-10-31,60.37205123901367
2019-11-01,60.7565803527832
2019-11-04,60.884761810302734
2019-11-05,61.012943267822266
2019-11-06,60.628414154052734
2019-11-07,60.37205123901367
2019-11-08,60.37205123901367
2019-11-11,59.53889083862305
2019-11-12,59.92342758178711
2019-11-13,60.05160140991211
2019-11-14,60.37205123901367
2019-11-15,60.69248962402344
2019-11-18,59.66706848144531
2019-11-19,59.73115921020508
2019-11-20,60.37205123901367
2019-11-21,59.53889083862305
2019-11-22,59.85934066772461
2019-11-25,59.92342758178711
2019-11-26,60.24387741088867
2019-11-27,60.24387741088867
2019-11-28,59.98752212524414
2019-11-29,59.090267181396484
2019-12-02,58.833919525146484
2019-12-03,58.89800262451172
2019-12-04,58.833919525146484
2019-12-05,58.577552795410156
2019-12-06,58.321205139160156
2019-12-09,58.1289176940918
2019-12-10,57.8725700378418
2019-12-11,57.808475494384766
2019-12-12,57.8725700378418
2019-12-13,57.808475494384766
2019-12-16,57.808475494384766
2019-12-17,57.8725700378418
2019-12-18,58.25710678100586
2019-12-19,58.064842224121094
2019-12-20,57.68030548095703
2019-12-23,57.74439239501953
2019-12-24,57.68030548095703
2019-12-25,57.8725700378418
2019-12-26,57.68030548095703
2019-12-27,58.00074768066406
2019-12-30,57.74439239501953
2019-12-31,57.74439239501953
2020-01-02,58.00074768066406
2020-01-03,58.1289176940918
2020-01-06,57.808475494384766
2020-01-07,57.9366569519043
2020-01-08,57.68030548095703
2020-01-09,57.68030548095703
2020-01-10,57.68030548095703
2020-01-13,57.8725700378418
2020-01-14,57.616207122802734
2020-01-15,57.42394256591797
2020-01-16,57.68030548095703
2020-01-17,57.616207122802734
2020-01-20,57.68030548095703
2020-01-30,57.2316780090332
2020-01-31,57.68030548095703
2020-02-03,57.68030548095703
2020-02-04,57.9366569519043
2020-02-05,57.68030548095703
2020-02-06,57.74439239501953
2020-02-07,57.29576873779297
2020-02-10,56.97532653808594
2020-02-11,57.03940963745117
2020-02-12,57.29576873779297
2020-02-13,57.16758728027344
2020-02-14,57.2316780090332
2020-02-17,57.03940963745117
2020-02-18,57.03940963745117
2020-02-19,57.16758728027344
2020-02-20,57.03940963745117
2020-02-21,56.847137451171875
2020-02-24,56.590797424316406
2020-02-25,56.46261215209961
2020-02-26,56.07807540893555
2020-02-27,55.82170867919922
2020-03-02,55.75762176513672
2020-03-03,56.39850997924805
2020-03-04,56.97532653808594
2020-03-05,57.03940963745117
2020-03-06,56.39850997924805
2020-03-09,55.75762176513672
2020-03-10,55.75762176513672
2020-03-11,55.75762176513672
2020-03-12,54.98855209350586
2020-03-13,54.60402297973633
2020-03-16,53.89903259277344
2020-03-17,53.38633346557617
2020-03-18,52.74543380737305
2020-03-19,51.720008850097656
2020-03-20,53.19405746459961
2020-03-23,52.23271179199219
2020-03-24,53.32223129272461
2020-03-25,54.283573150634766
2020-03-26,54.283573150634766
2020-03-27,53.96312713623047
2020-03-30,54.09131622314453
2020-03-31,54.1553955078125
2020-04-01,54.1553955078125
2020-04-06,54.219478607177734
2020-04-07,54.53993225097656
2020-04-08,55.052650451660156
2020-04-09,55.75762176513672
2020-04-10,55.82170867919922
2020-04-13,55.43717956542969
2020-04-14,56.01398849487305
2020-04-15,57.35985565185547
2020-04-16,56.847137451171875
2020-04-17,56.71896743774414
2020-04-20,57.03940963745117
2020-04-21,55.75762176513672
2020-04-22,55.75762176513672
2020-04-23,56.14216232299805
2020-04-24,55.82170867919922
2020-04-27,56.590797424316406
2020-04-28,57.03940963745117
2020-04-29,57.42394256591797
2020-04-30,57.68030548095703
2020-05-04,56.97532653808594
2020-05-05,57.03940963745117
2020-05-06,56.97532653808594
2020-05-07,57.16758728027344
2020-05-08,57.35985565185547
2020-05-11,57.42394256591797
2020-05-12,57.68030548095703
2020-05-13,57.68030548095703
2020-05-14,57.03940963745117
2020-05-15,57.16758728027344
2020-05-18,56.71896743774414
2020-05-19,56.78306198120117
2020-05-20,56.39850997924805
2020-05-21,56.46261215209961
2020-05-22,56.33443832397461
2020-05-25,56.526695251464844
2020-05-26,57.552127838134766
2020-05-27,57.616207122802734
2020-05-28,57.552127838134766
2020-05-29,57.29576873779297
2020-06-01,57.68030548095703
2020-06-02,57.616207122802734
2020-06-03,58.25710678100586
2020-06-04,57.68030548095703
2020-06-05,58.00074768066406
2020-06-08,58.064842224121094
2020-06-09,58.385284423828125
2020-06-10,58.705726623535156
2020-06-11,58.641639709472656
2020-06-12,57.9366569519043
2020-06-15,57.48802947998047
2020-06-16,57.616207122802734
2020-06-17,57.42394256591797
2020-06-18,57.2316780090332
2020-06-19,58.00074768066406
2020-06-22,58.51346206665039
2020-06-23,58.641639709472656
2020-06-24,58.641639709472656
2020-06-29,58.705726623535156
2020-06-30,58.385284423828125
2020-07-01,58.51346206665039
2020-07-02,58.76981735229492
2020-07-03,59.41071701049805
2020-07-06,60.307960510253906
2020-07-07,60.56432342529297
2020-07-08,60.90648651123047
2020-07-09,60.427459716796875
2020-07-10,60.016845703125
2020-07-13,59.94841003417969
2020-07-14,59.53779983520508
2020-07-15,60.63275909423828
2020-07-16,60.290584564208984
2020-07-17,59.74311065673828
2020-07-20,59.53779983520508
2020-07-21,60.359012603759766
2020-07-22,60.016845703125
2020-07-23,59.67466735839844
2020-07-24,58.85346603393555
2020-07-27,59.05876159667969
2020-07-28,58.169124603271484
2020-07-29,57.62164306640625
2020-07-30,57.62164306640625
2020-07-31,58.305992126464844
2020-08-03,57.96381378173828
2020-08-04,57.8953742980957
2020-08-05,57.758522033691406
2020-08-06,57.00574493408203
2020-08-07,57.00574493408203
2020-08-10,56.93729782104492
2020-08-11,57.14261245727539
2020-08-12,56.86886978149414
2020-08-13,56.86886978149414
2020-08-14,56.93729782104492
2020-08-17,57.416343688964844
2020-08-18,58.100685119628906
2020-08-19,58.374420166015625
2020-08-20,56.93729782104492
2020-08-21,57.48477554321289
2020-08-24,57.416343688964844
2020-08-25,57.55320358276367
2020-08-26,57.416343688964844
2020-08-27,57.21104049682617
2020-08-28,57.48477554321289
2020-08-31,57.8953742980957
2020-09-01,57.82694625854492
2020-09-02,57.62164306640625
2020-09-03,57.82694625854492
2020-09-04,57.96381378173828
2020-09-07,57.82694625854492
2020-09-08,57.96381378173828
2020-09-09,58.032257080078125
2020-09-10,57.96381378173828
2020-09-11,58.169124603271484
2020-09-14,58.5797233581543
2020-09-15,58.511295318603516
2020-09-16,59.05876159667969
2020-09-17,59.33250045776367
2020-09-18,59.53779983520508
2020-09-21,59.67466735839844
2020-09-22,58.85346603393555
2020-09-23,58.7850341796875
2020-09-24,57.62164306640625
2020-09-25,57.758522033691406
2020-09-28,57.96381378173828
2020-09-29,57.96381378173828
2020-09-30,57.55320358276367
2020-10-05,57.96381378173828
2020-10-06,58.169124603271484
2020-10-07,58.7850341796875
2020-10-08,58.85346603393555
2020-10-12,58.5797233581543
2020-10-13,58.44285583496094
2020-10-14,58.44285583496094
2020-10-15,58.237552642822266
2020-10-16,58.716590881347656
2020-10-19,60.08527755737305
2020-10-20,59.19563293457031
2020-10-21,59.05876159667969
2020-10-22,58.7850341796875
2020-10-23,58.511295318603516
2020-10-26,58.85346603393555
2020-10-27,58.85346603393555
2020-10-28,58.237552642822266
2020-10-29,58.032257080078125
2020-10-30,57.55320358276367
2020-11-02,57.48477554321289
2020-11-03,57.690086364746094
2020-11-04,57.48477554321289
2020-11-05,58.44285583496094
2020-11-06,58.305992126464844
2020-11-09,58.305992126464844
2020-11-10,58.85346603393555
2020-11-11,58.85346603393555
2020-11-12,58.85346603393555
2020-11-13,58.716590881347656
2020-11-16,59.400936126708984
2020-11-17,59.67466735839844
2020-11-18,59.606231689453125
2020-11-19,59.264068603515625
2020-11-20,59.33250045776367
2020-11-23,59.74311065673828
2020-11-24,59.53779983520508
2020-11-25,59.400936126708984
2020-11-26,59.94841003417969
2020-11-27,59.811546325683594
2020-11-30,59.264068603515625
2020-12-01,59.264068603515625
2020-12-02,59.19563293457031
2020-12-03,59.19563293457031
2020-12-04,59.67466735839844
2020-12-07,59.19563293457031
2020-12-08,59.400936126708984
2020-12-09,59.53779983520508
2020-12-10,59.53779983520508
2020-12-11,59.400936126708984
2020-12-14,59.606231689453125
2020-12-15,59.127201080322266
2020-12-16,60.016845703125
2020-12-17,60.90648651123047
2020-12-18,60.90648651123047
2020-12-21,60.49588394165039
2020-12-22,60.222137451171875
2020-12-23,60.15372085571289
2020-12-24,59.400936126708984
2020-12-25,58.990325927734375
2020-12-28,61.59083557128906
2020-12-29,60.15372085571289
2020-12-30,60.76962661743164
2020-12-31,60.83805847167969
2021-01-04,60.90648651123047
2021-01-05,60.427459716796875
2021-01-06,59.87997817993164
2021-01-07,59.94841003417969
2021-01-08,60.08527755737305
2021-01-11,60.15372085571289
2021-01-12,59.87997817993164
2021-01-13,60.90648651123047
2021-01-14,60.90648651123047
2021-01-15,60.222137451171875
2021-01-18,59.87997817993164
2021-01-19,60.5643196105957
2021-01-20,58.511295318603516
2021-01-21,59.19563293457031
2021-01-22,59.606231689453125
2021-01-25,60.016845703125
2021-01-26,59.19563293457031
2021-01-27,59.53779983520508
2021-01-28,59.05876159667969
2021-01-29,58.716590881347656
2021-02-01,59.127201080322266
2021-02-02,59.05876159667969
2021-02-03,59.264068603515625
2021-02-04,58.85346603393555
2021-02-05,58.85346603393555
2021-02-17,59.606231689453125
2021-02-18,59.33250045776367
2021-02-19,59.53779983520508
2021-02-22,59.87997817993164
2021-02-23,60.63275909423828
2021-02-24,60.222137451171875
2021-02-25,60.70117950439453
2021-02-26,59.67466735839844
2021-03-02,59.87997817993164
2021-03-03,60.08527755737305
2021-03-04,60.222137451171875
2021-03-05,60.222137451171875
2021-03-08,60.427459716796875
2021-03-09,61.111793518066406
2021-03-10,60.90648651123047
2021-03-11,62.34360885620117
2021-03-12,62.275184631347656
2021-03-15,62.95951843261719
2021-03-16,62.95951843261719
2021-03-17,63.7122917175293
2021-03-18,63.98603439331055
2021-03-19,63.233253479003906
2021-03-22,63.233253479003906
2021-03-23,63.0279426574707
2021-03-24,63.30168533325195
2021-03-25,63.78072738647461
2021-03-26,63.849159240722656
2021-03-29,63.78072738647461
2021-03-30,63.9176025390625
2021-03-31,63.98603439331055
2021-04-01,63.9176025390625
2021-04-07,63.7122917175293
2021-04-08,63.9176025390625
2021-04-09,63.9176025390625
2021-04-12,63.7122917175293
2021-04-13,63.64385986328125
2021-04-14,63.64385986328125
2021-04-15,63.438560485839844
2021-04-16,63.57542419433594
2021-04-19,63.233253479003906
2021-04-20,63.57542419433594
2021-04-21,63.09638595581055
2021-04-22,63.37012481689453
2021-04-23,63.09638595581055
2021-04-26,63.233253479003906
2021-04-27,63.233253479003906
2021-04-28,63.30168533325195
2021-04-29,63.09638595581055
2021-05-03,63.0279426574707
2021-05-04,63.0279426574707
2021-05-05,62.95951843261719
2021-05-06,62.61734390258789
2021-05-07,62.61734390258789
2021-05-10,62.75421142578125
2021-05-11,62.138309478759766
2021-05-12,60.15372085571289
2021-05-13,60.5643196105957
2021-05-14,61.65926742553711
2021-05-17,61.59083557128906
2021-05-18,62.20674133300781
2021-05-19,61.52239227294922
2021-05-20,61.864566802978516
2021-05-21,62.75421142578125
2021-05-24,62.68577575683594
2021-05-25,62.75421142578125
2021-05-26,62.82265853881836
2021-05-27,62.275184631347656
2021-05-28,62.548912048339844
2021-05-31,62.68577575683594
2021-06-01,63.0279426574707
2021-06-02,63.64385986328125
2021-06-03,63.0279426574707
2021-06-04,62.34360885620117
2021-06-07,62.34360885620117
2021-06-08,62.48047637939453
2021-06-09,62.34360885620117
2021-06-10,62.75421142578125
2021-06-11,62.68577575683594
2021-06-15,62.75421142578125
2021-06-16,63.30168533325195
2021-06-17,63.30168533325195
2021-06-18,62.89108657836914
2021-06-21,62.548912048339844
2021-06-22,63.09638595581055
2021-06-23,63.849159240722656
2021-06-24,63.7122917175293
2021-06-25,63.50699996948242
2021-06-28,63.37012481689453
2021-06-29,63.0279426574707
2021-06-30,62.95951843261719
2021-07-01,62.89108657836914
2021-07-02,62.89108657836914
2021-07-05,63.09638595581055
2021-07-06,63.30168533325195
2021-07-07,63.30168533325195
2021-07-08,63.164825439453125
2021-07-09,62.95951843261719
2021-07-12,63.09638595581055
2021-07-13,63.09638595581055
2021-07-14,63.0279426574707
2021-07-15,63.64385986328125
2021-07-16,63.98603439331055
2021-07-19,63.98603439331055
2021-07-20,63.98603439331055
2021-07-21,64.12289428710938
2021-07-22,63.849159240722656
2021-07-23,64.19132995605469
2021-07-26,64.39663696289062
2021-07-27,64.19132995605469
2021-07-28,64.12289428710938
2021-07-29,64.25977325439453
2021-07-30,64.19132995605469
2021-08-02,65.3611068725586
2021-08-03,65.06866455078125
2021-08-04,65.43421936035156
2021-08-05,65.7266616821289
2021-08-06,65.79977416992188
2021-08-09,65.65355682373047
2021-08-10,65.65355682373047
2021-08-11,65.14176940917969
2021-08-12,65.14176940917969
2021-08-13,64.84932708740234
2021-08-16,64.55689239501953
2021-08-17,64.55689239501953
2021-08-18,64.70310974121094
2021-08-19,64.04510498046875
2021-08-20,64.11821746826172
2021-08-23,64.70310974121094
2021-08-24,64.84932708740234
2021-08-25,65.06866455078125
2021-08-26,65.06866455078125
2021-08-27,65.14176940917969
2021-08-30,65.06866455078125
2021-08-31,64.70310974121094
2021-09-01,64.70310974121094
2021-09-02,64.55689239501953
2021-09-03,65.3611068725586
2021-09-06,64.84932708740234
2021-09-07,64.92244720458984
2021-09-08,64.48377990722656
2021-09-09,64.7762222290039
2021-09-10,64.70310974121094
2021-09-13,64.7762222290039
2021-09-14,64.99555206298828
2021-09-15,64.70310974121094
2021-09-16,64.70310974121094
2021-09-17,64.33755493164062
2021-09-22,64.11821746826172
2021-09-23,64.33755493164062
2021-09-24,64.48377990722656
2021-09-27,64.33755493164062
2021-09-28,64.41065979003906
2021-09-29,64.19132995605469
2021-09-30,64.48377990722656
2021-10-01,64.19132995605469
2021-10-04,64.33755493164062
2021-10-05,64.41065979003906
2021-10-06,64.33755493164062
2021-10-07,64.70310974121094
2021-10-08,64.62999725341797
2021-10-12,64.33755493164062
2021-10-13,64.48377990722656
2021-10-14,64.7762222290039
2021-10-15,64.84932708740234
2021-10-18,64.99555206298828
2021-10-19,64.84932708740234
2021-10-20,65.06866455078125
2021-10-21,65.06866455078125
2021-10-22,64.99555206298828
2021-10-25,65.06866455078125
2021-10-26,65.3611068725586
2021-10-27,65.3611068725586
2021-10-28,64.92244720458984
2021-10-29,64.92244720458984
2021-11-01,65.21488189697266
2021-11-02,64.99555206298828
2021-11-03,64.99555206298828
2021-11-04,64.99555206298828
2021-11-05,65.06866455078125
2021-11-08,64.92244720458984
2021-11-09,65.14176940917969
2021-11-10,65.43421936035156
2021-11-11,64.70310974121094
2021-11-12,64.92244720458984
2021-11-15,65.06866455078125
2021-11-16,65.21488189697266
2021-11-17,65.43421936035156
2021-11-18,65.43421936035156
2021-11-19,65.3611068725586
2021-11-22,65.43421936035156
2021-11-23,65.58042907714844
2021-11-24,65.7266616821289
2021-11-25,65.7266616821289
2021-11-26,65.14176940917969
2021-11-29,65.50733184814453
2021-11-30,65.94599914550781
2021-12-01,66.09221649169922
2021-12-02,65.50733184814453
2021-12-03,66.01909637451172
2021-12-06,65.79977416992188
2021-12-07,65.43421936035156
2021-12-08,65.87287902832031
2021-12-09,65.94599914550781
2021-12-10,66.01909637451172
2021-12-13,65.87287902832031
2021-12-14,65.43421936035156
2021-12-15,65.28799438476562
2021-12-16,65.43421936035156
2021-12-17,65.58042907714844
2021-12-20,65.50733184814453
2021-12-21,65.79977416992188
2021-12-22,65.87287902832031
2021-12-23,65.87287902832031
2021-12-24,65.65355682373047
2021-12-27,65.79977416992188
2021-12-28,65.79977416992188
2021-12-29,65.79977416992188
2021-12-30,65.65355682373047
2022-01-03,65.94599914550781
2022-01-04,65.58042907714844
2022-01-05,65.58042907714844
2022-01-06,65.79977416992188
2022-01-07,65.7266616821289
2022-01-10,65.79977416992188
2022-01-11,65.58042907714844
2022-01-12,65.65355682373047
2022-01-13,65.50733184814453
2022-01-14,65.65355682373047
2022-01-17,65.28799438476562
2022-01-18,65.58042907714844
2022-01-19,65.65355682373047
2022-01-20,65.65355682373047
2022-01-21,65.3611068725586
2022-01-24,65.50733184814453
2022-01-25,65.7266616821289
2022-01-26,65.50733184814453
2022-02-07,65.28799438476562
2022-02-08,65.7266616821289
2022-02-09,66.3115463256836
2022-02-10,65.7266616821289
2022-02-11,65.3611068725586
2022-02-14,65.3611068725586
2022-02-15,65.43421936035156
2022-02-16,65.65355682373047
2022-02-17,65.79977416992188
2022-02-18,65.79977416992188
2022-02-21,65.50733184814453
2022-02-22,65.43421936035156
2022-02-23,65.3611068725586
2022-02-24,65.28799438476562
2022-02-25,67.11577606201172
2022-03-01,66.09221649169922
2022-03-02,66.38465881347656
2022-03-03,65.3611068725586
2022-03-04,65.87287902832031
2022-03-07,65.06866455078125
2022-03-08,65.06866455078125
2022-03-09,65.14176940917969
2022-03-10,65.3611068725586
2022-03-11,65.21488189697266
2022-03-14,65.14176940917969
2022-03-15,65.06866455078125
2022-03-16,65.28799438476562
2022-03-17,66.60398864746094
2022-03-18,66.45777130126953
2022-03-21,66.3115463256836
2022-03-22,66.3115463256836
2022-03-23,66.60398864746094
2022-03-24,66.60398864746094
2022-03-25,66.67709350585938
2022-03-28,66.60398864746094
2022-03-29,66.82332611083984
2022-03-30,67.62754821777344
2022-03-31,66.96955108642578
2022-04-01,66.75021362304688
2022-04-06,66.67709350585938
2022-04-07,66.67709350585938
2022-04-08,66.96955108642578
2022-04-11,66.45777130126953
2022-04-12,66.23843383789062
2022-04-13,67.11577606201172
2022-04-14,66.96955108642578
2022-04-15,66.38465881347656
2022-04-18,66.16532897949219
2022-04-19,66.3115463256836
2022-04-20,66.23843383789062
2022-04-21,66.38465881347656
2022-04-22,66.23843383789062
2022-04-25,65.65355682373047
2022-04-26,65.7266616821289
2022-04-27,65.50733184814453
2022-04-28,65.94599914550781
2022-04-29,66.01909637451172
2022-05-03,65.58042907714844
2022-05-04,65.7266616821289
2022-05-05,65.7266616821289
2022-05-06,65.3611068725586
2022-05-09,64.99555206298828
2022-05-10,64.99555206298828
2022-05-11,63.97199249267578
2022-05-12,64.04510498046875
2022-05-13,64.11821746826172
2022-05-16,64.33755493164062
2022-05-17,64.55689239501953
2022-05-18,64.33755493164062
2022-05-19,63.97199249267578
2022-05-20,63.97199249267578
2022-05-23,64.19132995605469
2022-05-24,64.04510498046875
2022-05-25,64.99555206298828
2022-05-26,64.19132995605469
2022-05-27,64.19132995605469
2022-05-30,64.33755493164062
2022-05-31,64.19132995605469
2022-06-01,64.33755493164062
2022-06-02,64.19132995605469
2022-06-06,64.33755493164062
2022-06-07,64.19132995605469
2022-06-08,64.26444244384766
2022-06-09,64.33755493164062
2022-06-10,64.33755493164062
2022-06-13,63.606441497802734
2022-06-14,63.387115478515625
2022-06-15,64.11821746826172
2022-06-16,63.89889144897461
2022-06-17,63.606441497802734
2022-06-20,63.387115478515625
2022-06-21,64.84932708740234
2022-06-22,64.19132995605469
2022-06-23,64.99555206298828
2022-06-24,65.7266616821289
2022-06-27,65.06866455078125
2022-06-28,64.92244720458984
2022-06-29,65.06866455078125
2022-06-30,63.825782775878906
2022-07-01,64.33755493164062
2022-07-04,64.62999725341797
2022-07-05,65.79977416992188
2022-07-06,66.34809875488281
2022-07-07,66.89643096923828
2022-07-08,66.03477478027344
2022-07-11,66.03477478027344
2022-07-12,65.09477233886719
2022-07-13,67.99309539794922
2022-07-14,66.5831069946289
2022-07-15,66.03477478027344
2022-07-18,65.56477355957031
2022-07-19,65.48643493652344
2022-07-20,65.32977294921875
2022-07-21,65.79977416992188
2022-07-22,66.11311340332031
2022-07-25,66.1914291381836
2022-07-26,66.11311340332031
2022-07-27,66.50476837158203
2022-07-28,65.95642852783203
2022-07-29,67.05309295654297
2022-08-01,67.20977020263672
2022-08-02,66.5831069946289
2022-08-03,66.50476837158203
2022-08-04,66.5831069946289
2022-08-05,66.66143798828125
2022-08-08,66.73976135253906
2022-08-09,66.34809875488281
2022-08-10,65.95642852783203
2022-08-11,65.87810516357422
2022-08-12,65.95642852783203
2022-08-15,65.95642852783203
2022-08-16,65.95642852783203
2022-08-17,65.72144317626953
2022-08-18,65.56477355957031
2022-08-19,65.72144317626953
2022-08-22,65.72144317626953
2022-08-23,65.79977416992188
2022-08-24,65.79977416992188
2022-08-25,65.87810516357422
2022-08-26,66.03477478027344
2022-08-29,65.17310333251953
2022-08-30,65.4081039428711
2022-08-31,66.97476959228516
2022-09-01,65.4081039428711
2022-09-02,65.17310333251953
2022-09-05,65.09477233886719
2022-09-06,65.09477233886719
2022-09-07,65.01644134521484
2022-09-08,65.01644134521484
2022-09-12,65.48643493652344
2022-09-13,65.32977294921875
2022-09-14,64.93810272216797
2022-09-15,64.85977935791016
2022-09-16,64.85977935791016
2022-09-19,64.6247787475586
2022-09-20,64.6247787475586
2022-09-21,64.6247787475586
2022-09-22,64.31143951416016
2022-09-23,64.46810913085938
2022-09-26,63.3714485168457
2022-09-27,63.3714485168457
2022-09-28,63.3714485168457
2022-09-29,63.13644790649414
2022-09-30,63.52811813354492
2022-10-03,63.13644790649414
2022-10-04,63.44977569580078
2022-10-05,63.293121337890625
2022-10-06,63.05811309814453
2022-10-07,63.13644790649414
2022-10-11,62.666446685791016
2022-10-12,63.44977569580078
2022-10-13,62.58811950683594
2022-10-14,62.901451110839844
2022-10-17,62.823116302490234
2022-10-18,62.353111267089844
2022-10-19,62.353111267089844
2022-10-20,62.43144607543945
2022-10-21,61.80479049682617
2022-10-24,61.88311767578125
2022-10-25,61.64811706542969
2022-10-26,61.64811706542969
2022-10-27,61.88311767578125
2022-10-28,61.021453857421875
2022-10-31,61.021453857421875
2022-11-01,60.7081184387207
2022-11-02,60.786460876464844
2022-11-03,60.629791259765625
2022-11-04,60.7081184387207
2022-11-07,60.7081184387207
2022-11-08,60.786460876464844
2022-11-09,61.099788665771484
2022-11-10,61.099788665771484
2022-11-11,61.88311767578125
2022-11-14,61.491455078125
2022-11-15,62.43144607543945
2022-11-16,61.56978225708008
2022-11-17,61.491455078125
2022-11-18,61.80479049682617
2022-11-21,60.94312286376953
2022-11-22,61.178123474121094
2022-11-23,61.33479309082031
2022-11-24,61.56978225708008
2022-11-25,61.41312026977539
2022-11-28,61.33479309082031
2022-11-29,61.491455078125
2022-11-30,61.56978225708008
2022-12-01,61.64811706542969
2022-12-02,61.41312026977539
2022-12-05,61.64811706542969
2022-12-06,61.25645065307617
2022-12-07,61.178123474121094
2022-12-08,61.099788665771484
2022-12-09,61.178123474121094
2022-12-12,61.178123474121094
2022-12-13,61.491455078125
2022-12-14,61.491455078125
2022-12-15,61.64811706542969
2022-12-16,60.94312286376953
2022-12-19,60.86478042602539
2022-12-20,60.7081184387207
2022-12-21,60.86478042602539
2022-12-22,61.25645065307617
2022-12-23,60.786460876464844
2022-12-26,60.786460876464844
2022-12-27,60.786460876464844
2022-12-28,60.786460876464844
2022-12-29,60.786460876464844
2022-12-30,61.021453857421875
2023-01-03,61.021453857421875
2023-01-04,60.94312286376953
2023-01-05,60.94312286376953
2023-01-06,60.94312286376953
2023-01-09,60.94312286376953
2023-01-10,61.021453857421875
2023-01-11,60.86478042602539
2023-01-12,61.021453857421875
2023-01-13,60.94312286376953
2023-01-16,60.629791259765625
2023-01-17,60.47312545776367
2023-01-30,60.55146408081055
2023-01-31,60.86478042602539
2023-02-01,60.94312286376953
2023-02-02,61.56978225708008
2023-02-03,62.43144607543945
2023-02-06,62.744781494140625
2023-02-07,63.214778900146484
2023-02-08,63.13644790649414
2023-02-09,62.97977828979492
2023-02-10,62.666446685791016
2023-02-13,61.80479049682617
2023-02-14,61.96144485473633
2023-02-15,61.80479049682617
2023-02-16,61.96144485473633
2023-02-17,61.96144485473633
2023-02-20,62.11811447143555
2023-02-21,62.11811447143555
2023-02-22,61.96144485473633
2023-02-23,62.196449279785156
2023-02-24,63.05811309814453
2023-03-01,62.50978469848633
2023-03-02,62.50978469848633
2023-03-03,62.666446685791016
2023-03-06,62.97977828979492
2023-03-07,62.97977828979492
2023-03-08,62.901451110839844
2023-03-09,62.823116302490234
2023-03-10,62.50978469848633
2023-03-13,62.50978469848633
2023-03-14,62.2747917175293
2023-03-15,62.2747917175293
2023-03-16,61.64811706542969
2023-03-17,61.96144485473633
2023-03-20,61.88311767578125
2023-03-21,61.80479049682617
2023-03-22,62.11811447143555
2023-03-23,62.03978729248047
2023-03-24,62.43144607543945
2023-03-27,62.50978469848633
2023-03-28,62.50978469848633
2023-03-29,62.43144607543945
2023-03-30,62.353111267089844
2023-03-31,62.2747917175293
2023-04-06,61.96144485473633
2023-04-07,61.88311767578125
2023-04-10,61.88311767578125
2023-04-11,62.50978469848633
2023-04-12,62.58811950683594
2023-04-13,62.58811950683594
2023-04-14,62.43144607543945
2023-04-17,62.50978469848633
2023-04-18,63.293121337890625
2023-04-19,62.97977828979492
2023-04-20,62.823116302490234
2023-04-21,62.744781494140625
2023-04-24,62.666446685791016
2023-04-25,62.666446685791016
2023-04-26,62.744781494140625
2023-04-27,62.901451110839844
2023-04-28,62.823116302490234
2023-05-02,62.744781494140625
2023-05-03,62.666446685791016
2023-05-04,63.05811309814453
2023-05-05,63.293121337890625
2023-05-08,62.97977828979492
2023-05-09,62.823116302490234
2023-05-10,62.901451110839844
2023-05-11,63.293121337890625
2023-05-12,63.05811309814453
2023-05-15,62.744781494140625
2023-05-16,63.13644790649414
2023-05-17,63.60643768310547
2023-05-18,63.05811309814453
2023-05-19,62.744781494140625
2023-05-22,62.744781494140625
2023-05-23,62.666446685791016
2023-05-24,62.196449279785156
2023-05-25,62.353111267089844
2023-05-26,62.2747917175293
2023-05-29,62.353111267089844
2023-05-30,62.353111267089844
2023-05-31,62.901451110839844
2023-06-01,62.666446685791016
2023-06-02,62.97977828979492
2023-06-05,62.901451110839844
2023-06-06,62.901451110839844
2023-06-07,63.05811309814453
2023-06-08,62.823116302490234
2023-06-09,63.05811309814453
2023-06-12,63.214778900146484
2023-06-13,63.44977569580078
2023-06-14,63.214778900146484
2023-06-15,63.13644790649414
2023-06-16,63.293121337890625
2023-06-19,63.293121337890625
2023-06-20,63.214778900146484
2023-06-21,63.13644790649414
2023-06-26,63.13644790649414
2023-06-27,62.901451110839844
2023-06-28,62.97977828979492
2023-06-29,62.97977828979492
2023-06-30,62.823116302490234
2023-07-03,62.97977828979492
2023-07-04,63.05811309814453
2023-07-05,63.13644790649414
2023-07-06,63.05811309814453
2023-07-07,63.307682037353516
2023-07-10,63.557254791259766
2023-07-11,63.390869140625
2023-07-12,63.390869140625
2023-07-13,63.307682037353516
2023-07-14,63.640438079833984
2023-07-17,63.7236328125
2023-07-18,63.640438079833984
2023-07-19,63.47406768798828
2023-07-20,63.307682037353516
2023-07-21,63.307682037353516
2023-07-24,63.224491119384766
2023-07-25,63.05811309814453
2023-07-26,63.14130401611328
2023-07-27,63.14130401611328
2023-07-28,63.307682037353516
2023-07-31,63.390869140625
2023-08-01,63.390869140625
2023-08-02,63.05811309814453
2023-08-04,63.224491119384766
2023-08-07,63.224491119384766
2023-08-08,62.974918365478516
2023-08-09,62.974918365478516
2023-08-10,62.80854034423828
2023-08-11,63.224491119384766
2023-08-14,62.8917350769043
2023-08-15,62.8917350769043
2023-08-16,62.8917350769043
2023-08-17,62.974918365478516
2023-08-18,62.974918365478516
2023-08-21,62.80854034423828
2023-08-22,62.974918365478516
2023-08-23,63.05811309814453
2023-08-24,63.05811309814453
2023-08-25,62.8917350769043
2023-08-28,62.8917350769043
2023-08-29,63.05811309814453
2023-08-30,63.05811309814453
2023-08-31,63.14130401611328
2023-09-01,63.224491119384766
2023-09-04,63.640438079833984
2023-09-05,63.390869140625
2023-09-06,63.390869140625
2023-09-07,63.14130401611328
2023-09-08,63.05811309814453
2023-09-11,62.80854034423828
2023-09-12,62.974918365478516
2023-09-13,62.8917350769043
2023-09-14,63.224491119384766
2023-09-15,63.14130401611328
2023-09-18,63.05811309814453
2023-09-19,62.974918365478516
2023-09-20,63.05811309814453
2023-09-21,62.80854034423828
2023-09-22,62.8917350769043
2023-09-25,62.80854034423828
2023-09-26,62.64216995239258
2023-09-27,62.558963775634766
2023-09-28,62.558963775634766
2023-10-02,62.64216995239258
2023-10-03,62.558963775634766
2023-10-04,62.30939865112305
2023-10-05,62.39259338378906
2023-10-06,62.30939865112305
2023-10-11,62.64216995239258
2023-10-12,62.72534942626953
2023-10-13,62.47578430175781
2023-10-16,62.22621536254883
2023-10-17,62.22621536254883
2023-10-18,62.05982208251953
2023-10-19,62.14302062988281
2023-10-20,61.97664260864258
2023-10-23,61.810264587402344
2023-10-24,61.810264587402344
2023-10-25,61.89345169067383
2023-10-26,61.810264587402344
2023-10-27,61.72706604003906
2023-10-30,61.64387893676758
2023-10-31,61.56069564819336
2023-11-01,60.728782653808594
2023-11-02,60.811981201171875
2023-11-03,60.89516830444336
2023-11-06,60.89516830444336
2023-11-07,61.061553955078125
2023-11-08,61.477500915527344
2023-11-09,61.56069564819336
2023-11-10,61.144737243652344
2023-11-13,61.394309997558594
2023-11-14,61.97664260864258
2023-11-15,62.22621536254883
2023-11-16,61.89345169067383
2023-11-17,61.89345169067383
2023-11-20,62.39259338378906
2023-11-21,62.8917350769043
2023-11-22,62.558963775634766
2023-11-23,62.974918365478516
2023-11-24,62.64216995239258
2023-11-27,62.47578430175781
2023-11-28,62.80854034423828
2023-11-29,62.72534942626953
2023-11-30,62.47578430175781
2023-12-01,62.80854034423828
2023-12-04,62.64216995239258
2023-12-05,62.64216995239258
2023-12-06,62.39259338378906
2023-12-07,62.558963775634766
2023-12-08,63.307682037353516
2023-12-11,62.8917350769043
2023-12-12,62.974918365478516
2023-12-13,62.47578430175781
2023-12-14,63.224491119384766
2023-12-15,63.224491119384766
2023-12-18,62.558963775634766
2023-12-19,62.47578430175781
2023-12-20,62.558963775634766
2023-12-21,62.64216995239258
2023-12-22,62.22621536254883
2023-12-25,63.05811309814453
2023-12-26,63.14130401611328
2023-12-27,63.14130401611328
2023-12-28,63.14130401611328
2023-12-29,63.224491119384766
2024-01-02,62.72534942626953
2024-01-03,62.47578430175781
2024-01-04,62.47578430175781
2024-01-05,62.39259338378906
2024-01-08,62.30939865112305
2024-01-09,62.30939865112305
2024-01-10,62.14302062988281
2024-01-11,62.558963775634766
2024-01-12,62.39259338378906
2024-01-15,62.05982208251953
2024-01-16,61.64387893676758
2024-01-17,61.22792434692383
2024-01-18,61.31112289428711
2024-01-19,61.144737243652344
2024-01-22,61.144737243652344
2024-01-23,61.144737243652344
2024-01-24,61.22792434692383
2024-01-25,61.144737243652344
2024-01-26,61.22792434692383
2024-01-29,61.22792434692383
2024-01-30,61.394309997558594
2024-01-31,61.22792434692383
2024-02-01,61.64387893676758
2024-02-02,61.97664260864258
2024-02-05,61.64387893676758
2024-02-15,61.56069564819336
2024-02-16,61.64387893676758
2024-02-19,62.30939865112305
2024-02-20,61.97664260864258
2024-02-21,62.14302062988281
2024-02-22,61.97664260864258
2024-02-23,61.89345169067383
2024-02-26,62.05982208251953
2024-02-27,61.810264587402344
2024-02-29,61.72706604003906
2024-03-01,61.477500915527344
2024-03-04,61.56069564819336
2024-03-05,61.477500915527344
2024-03-06,61.394309997558594
2024-03-07,61.31112289428711
2024-03-08,61.144737243652344
2024-03-11,60.89516830444336
2024-03-12,60.811981201171875
2024-03-13,60.396026611328125
2024-03-14,60.14646530151367
2024-03-15,60.56241226196289
2024-03-18,61.22792434692383
2024-03-19,60.811981201171875
2024-03-20,60.64560317993164
2024-03-21,60.728782653808594
2024-03-22,60.64560317993164
2024-03-25,61.061553955078125
2024-03-26,60.97835922241211
2024-03-27,60.97835922241211
2024-03-28,61.144737243652344
2024-03-29,61.22792434692383
2024-04-01,61.144737243652344
2024-04-02,61.394309997558594
2024-04-03,60.89516830444336
2024-04-08,61.144737243652344
2024-04-09,61.394309997558594
2024-04-10,61.64387893676758
2024-04-11,61.56069564819336
2024-04-12,61.31112289428711
2024-04-15,60.89516830444336
2024-04-16,60.97835922241211
2024-04-17,60.728782653808594
2024-04-18,60.728782653808594
2024-04-19,60.31283950805664
2024-04-22,60.47921371459961
2024-04-23,60.64560317993164
2024-04-24,60.811981201171875
2024-04-25,60.64560317993164
2024-04-26,60.811981201171875
2024-04-29,60.97835922241211
2024-04-30,60.811981201171875
2024-05-02,61.22792434692383
2024-05-03,61.144737243652344
2024-05-06,61.22792434692383
2024-05-07,61.22792434692383
2024-05-08,61.144737243652344
2024-05-09,60.811981201171875
2024-05-10,61.22792434692383
2024-05-13,61.97664260864258
2024-05-14,61.89345169067383
2024-05-15,61.810264587402344
2024-05-16,61.89345169067383
2024-05-17,61.89345169067383
2024-05-20,62.14302062988281
2024-05-21,61.89345169067383
2024-05-22,61.89345169067383
2024-05-23,61.72706604003906
2024-05-24,61.64387893676758
2024-05-27,61.56069564819336
2024-05-28,61.72706604003906
2024-05-29,61.89345169067383
2024-05-30,61.64387893676758
2024-05-31,61.89345169067383
2024-06-03,61.72706604003906
2024-06-04,61.810264587402344
2024-06-05,61.810264587402344
2024-06-06,61.810264587402344
2024-06-07,61.810264587402344
2024-06-11,61.72706604003906
2024-06-12,61.64387893676758
2024-06-13,61.72706604003906
2024-06-14,61.89345169067383
2024-06-17,61.810264587402344
2024-06-18,61.97664260864258
2024-06-19,62.14302062988281
2024-06-20,62.8917350769043
2024-06-21,63.224491119384766
2024-06-24,63.224491119384766
2024-06-25,63.224491119384766
2024-06-26,63.14130401611328
2024-06-27,62.64216995239258
2024-06-28,62.974918365478516
2024-07-01,63.14130401611328
2024-07-02,63.14130401611328
2024-07-03,63.14130401611328
2024-07-04,64.056396484375
2024-07-05,63.704917907714844
2024-07-08,62.914093017578125
2024-07-09,62.47475051879883
2024-07-10,62.38689041137695
2024-07-11,62.29901885986328
2024-07-12,62.38689041137695
2024-07-15,62.03540802001953
2024-07-16,61.683929443359375
2024-07-17,61.77180480957031
2024-07-18,61.77180480957031
2024-07-19,61.15672302246094
2024-07-22,61.15672302246094
2024-07-23,60.98098373413086
2024-07-26,60.805240631103516
2024-07-29,61.15672302246094
2024-07-30,60.89311981201172
2024-07-31,61.24458694458008
2024-08-01,61.77180480957031
2024-08-02,61.15672302246094
2024-08-05,58.87213134765625
2024-08-06,60.102294921875
2024-08-07,60.102294921875
2024-08-08,59.48720932006836
2024-08-09,59.48720932006836
2024-08-12,59.5750846862793
2024-08-13,59.5750846862793
2024-08-14,59.31147766113281
2024-08-15,59.22360610961914
2024-08-16,59.48720932006836
2024-08-19,59.6629524230957
2024-08-20,59.838687896728516
2024-08-21,60.71737289428711
2024-08-22,60.36589813232422
2024-08-23,60.27803039550781
2024-08-26,60.89311981201172
2024-08-27,60.54164123535156
2024-08-28,60.62950897216797
2024-08-29,60.36589813232422
2024-08-30,60.71737289428711
2024-09-02,60.71737289428711
2024-09-03,60.19016647338867
2024-09-04,58.95999526977539
2024-09-05,59.39934158325195
2024-09-06,59.1357421875
2024-09-09,58.69639587402344
2024-09-10,58.784263610839844
2024-09-11,58.43278884887695
2024-09-12,58.520652770996094
2024-09-13,58.520652770996094
2024-09-16,59.22360610961914
2024-09-18,59.1357421875
2024-09-19,59.5750846862793
2024-09-20,59.926551818847656
2024-09-23,60.01443099975586
2024-09-24,59.926551818847656
2024-09-25,60.27803039550781
2024-09-26,60.98098373413086
2024-09-27,60.89311981201172
2024-09-30,60.71737289428711
2024-10-01,60.62950897216797
2024-10-04,60.45376968383789
2024-10-07,60.98098373413086
2024-10-08,60.01443099975586
2024-10-09,60.27803039550781
2024-10-11,59.6629524230957
2024-10-14,59.48720932006836
2024-10-15,59.5750846862793
2024-10-16,59.22360610961914
2024-10-17,59.22360610961914
2024-10-18,59.926551818847656
2024-10-21,60.19016647338867
2024-10-22,60.01443099975586
2024-10-23,59.926551818847656
2024-10-24,59.75082015991211
2024-10-25,59.926551818847656
2024-10-28,59.838687896728516
2024-10-29,59.6629524230957
2024-10-30,59.6629524230957
2024-11-01,60.71737289428711
2024-11-04,59.838687896728516
2024-11-05,59.75082015991211
2024-11-06,59.75082015991211
2024-11-07,59.6629524230957
2024-11-08,59.48720932006836
2024-11-11,59.39934158325195
2024-11-12,58.87213134765625
2024-11-13,58.520652770996094
2024-11-14,58.1691780090332
2024-11-15,58.784263610839844
2024-11-18,58.520652770996094
2024-11-19,59.22360610961914
2024-11-20,59.39934158325195
2024-11-21,59.31147766113281
2024-11-22,59.39934158325195
2024-11-25,59.75082015991211
2024-11-26,59.31147766113281
2024-11-27,58.95999526977539
2024-11-28,58.87213134765625
2024-11-29,58.87213134765625
2024-12-02,58.69639587402344
2024-12-03,58.87213134765625
2024-12-04,58.87213134765625
2024-12-05,58.784263610839844
2024-12-06,58.69639587402344
2024-12-09,58.6085205078125
2024-12-10,58.43278884887695
2024-12-11,58.43278884887695
2024-12-12,58.257049560546875
2024-12-13,57.99344253540039
2024-12-16,57.11475372314453
2024-12-17,56.67540740966797
2024-12-18,56.32393264770508
2024-12-19,55.7088508605957
2024-12-20,55.35737609863281
2024-12-23,55.445247650146484
2024-12-24,55.445247650146484
2024-12-25,55.796722412109375
2024-12-26,55.7088508605957
2024-12-27,55.796722412109375
2024-12-30,55.7088508605957
2024-12-31,55.181640625
2025-01-02,54.74229431152344
2025-01-03,55.445247650146484
2025-01-06,55.445247650146484
2025-01-07,55.005897521972656
2025-01-08,55.35737609863281
2025-01-09,54.918033599853516
2025-01-10,54.74229431152344
2025-01-13,54.65442657470703
2025-01-14,54.47869110107422
2025-01-15,54.65442657470703
2025-01-16,55.09376907348633
2025-01-17,54.918033599853516
2025-01-20,55.181640625
2025-01-21,55.181640625
2025-01-22,55.53311538696289
2025-02-03,54.918033599853516
2025-02-04,55.09376907348633
2025-02-05,55.53311538696289
2025-02-06,55.7088508605957
2025-02-07,55.7088508605957
2025-02-10,55.53311538696289
2025-02-11,55.796722412109375
2025-02-12,55.97245788574219
2025-02-13,56.148197174072266
2025-02-14,55.97245788574219
2025-02-17,56.411800384521484
2025-02-18,56.58754348754883
2025-02-19,57.026885986328125
2025-02-20,57.378360748291016
2025-02-21,57.99344253540039
2025-02-24,58.1691780090332
2025-02-25,57.729835510253906
2025-02-26,57.81770706176758
2025-02-27,57.641963958740234
2025-03-03,57.81770706176758
2025-03-04,57.55409622192383
2025-03-05,57.55409622192383
2025-03-06,58.0813102722168
2025-03-07,58.0813102722168
2025-03-10,57.55409622192383
2025-03-11,57.11475372314453
2025-03-12,56.93901824951172
2025-03-13,57.026885986328125
2025-03-14,57.81770706176758
2025-03-17,57.55409622192383
2025-03-18,57.81770706176758
2025-03-19,57.55409622192383
2025-03-20,58.0813102722168
2025-03-21,57.55409622192383
2025-03-24,57.641963958740234
2025-03-25,57.46623229980469
2025-03-26,57.46623229980469
2025-03-27,57.46623229980469
2025-03-28,56.67540740966797
2025-03-31,55.6209831237793
2025-04-01,56.148197174072266
2025-04-02,55.97245788574219
2025-04-07,50.7003288269043
2025-04-08,52.369834899902344
2025-04-09,51.579017639160156
2025-04-10,54.56655502319336
2025-04-11,54.65442657470703
2025-04-14,53.95147705078125
2025-04-15,54.47869110107422
2025-04-16,53.77573776245117
2025-04-17,54.12721252441406
2025-04-18,54.039344787597656
2025-04-21,54.12721252441406
2025-04-22,54.039344787597656
2025-04-23,53.86360549926758
2025-04-24,53.77573776245117
2025-04-25,53.95147705078125
2025-04-28,53.86360549926758
2025-04-29,54.039344787597656
2025-04-30,53.77573776245117
2025-05-02,53.95147705078125
2025-05-05,53.6878662109375
2025-05-06,53.86360549926758
2025-05-07,54.215084075927734
2025-05-08,54.215084075927734
2025-05-09,54.302947998046875
2025-05-12,54.302947998046875
2025-05-13,54.39081954956055
2025-05-14,54.39081954956055
2025-05-15,54.215084075927734
2025-05-16,54.12721252441406
2025-05-19,53.6878662109375
2025-05-20,53.77573776245117
2025-05-21,54.302947998046875
2025-05-22,54.215084075927734
2025-05-23,54.215084075927734
2025-05-26,54.302947998046875
2025-05-27,53.95147705078125
2025-05-28,53.95147705078125
2025-05-29,54.12721252441406
2025-06-02,53.51213455200195
2025-06-03,53.336395263671875
2025-06-04,53.6878662109375
2025-06-05,54.039344787597656
2025-06-06,53.95147705078125
2025-06-09,54.039344787597656
2025-06-10,54.12721252441406
2025-06-11,53.599998474121094
2025-06-12,53.6878662109375
2025-06-13,53.16065216064453
2025-06-16,53.51213455200195
2025-06-17,53.51213455200195
2025-06-18,53.6878662109375
2025-06-19,52.98491668701172
2025-06-20,53.424259185791016
2025-06-23,52.89705276489258
2025-06-24,54.83016586303711
2025-06-25,54.12721252441406
2025-06-26,54.39081954956055
2025-06-27,54.74229431152344
2025-06-30,54.039344787597656
2025-07-01,55.09376907348633
2025-07-02,54.83016586303711
2025-07-03,54.83016586303711
2025-07-04,53.599998474121094
2025-07-07,53.41291046142578
2025-07-08,53.69354248046875
2025-07-09,53.599998474121094
2025-07-10,53.97417068481445
2025-07-11,53.78708267211914
2025-07-14,53.03874206542969
2025-07-15,53.03874206542969
2025-07-16,53.50645446777344
2025-07-17,53.599998474121094
2025-07-18,54.628971099853516
2025-07-21,54.067710876464844
2025-07-22,53.31937026977539
2025-07-23,54.067710876464844
2025-07-24,53.8806266784668
2025-07-25,53.97417068481445
2025-07-28,54.254798889160156
2025-07-29,53.599998474121094
2025-07-30,53.97417068481445
2025-07-31,53.50645446777344
2025-08-04,53.97417068481445
2025-08-05,54.254798889160156
2025-08-06,54.067710876464844
2025-08-07,54.34833908081055
2025-08-08,54.067710876464844
2025-08-11,54.1612548828125
2025-08-12,53.97417068481445
2025-08-13,53.97417068481445
2025-08-14,54.254798889160156
2025-08-15,54.1612548828125
2025-08-18,54.254798889160156
2025-08-19,54.254798889160156
2025-08-20,53.13228225708008
2025-08-21,53.97417068481445
2025-08-22,53.31937026977539
2025-08-25,53.13228225708008
2025-08-26,53.13228225708008
2025-08-27,52.94519805908203
2025-08-28,53.13228225708008
2025-08-29,53.31937026977539
2025-09-01,53.41291046142578
2025-09-02,53.03874206542969
2025-09-03,53.13228225708008
2025-09-04,53.31937026977539
2025-09-05,53.31937026977539
2025-09-08,53.50645446777344
2025-09-09,53.41291046142578
2025-09-10,53.225830078125
2025-09-11,52.94519805908203
2025-09-12,53.13228225708008
2025-09-15,53.225830078125
2025-09-16,52.94519805908203
2025-09-17,52.94519805908203
2025-09-18,52.94519805908203
2025-09-19,53.13228225708008
2025-09-22,53.13228225708008
2025-09-23,53.13228225708008
2025-09-24,53.78708267211914
2025-09-25,53.50645446777344
2025-09-26,53.31937026977539
2025-09-30,53.69354248046875
2025-10-01,53.97417068481445
2025-10-02,54.4418830871582
2025-10-03,54.067710876464844
2025-10-07,53.8806266784668
2025-10-08,53.41291046142578
2025-10-09,53.50645446777344
2025-10-13,53.31937026977539
2025-10-14,53.78708267211914
2025-10-15,53.03874206542969
2025-10-16,53.03874206542969
2025-10-17,53.225830078125
2025-10-20,53.225830078125
2025-10-21,53.31937026977539
2025-10-22,53.8806266784668
2025-10-23,53.41291046142578
2025-10-27,53.31937026977539
2025-10-28,53.78708267211914
2025-10-29,53.599998474121094
2025-10-30,53.31937026977539
2025-10-31,53.97417068481445
2025-11-03,53.8806266784668
2025-11-04,53.41291046142578
2025-11-05,52.94519805908203
2025-11-06,53.599998474121094
2025-11-07,53.69354248046875
2025-11-10,53.599998474121094
2025-11-11,53.78708267211914
2025-11-12,53.50645446777344
2025-11-13,53.31937026977539
2025-11-14,53.03874206542969
2025-11-17,52.94519805908203
2025-11-18,52.57102966308594
2025-11-19,52.758113861083984
2025-11-20,53.50645446777344
2025-11-21,53.599998474121094
2025-11-24,53.69354248046875
2025-11-25,53.31937026977539
2025-11-26,53.41291046142578
2025-11-27,53.31937026977539
2025-11-28,53.31937026977539
2025-12-01,53.50645446777344
2025-12-02,53.41291046142578
2025-12-03,53.31937026977539
2025-12-04,52.85165786743164
2025-12-05,53.41291046142578
2025-12-08,53.31937026977539
2025-12-09,52.94519805908203
2025-12-10,52.94519805908203
2025-12-11,53.13228225708008
2025-12-12,53.31937026977539
2025-12-15,52.94519805908203
2025-12-16,53.31937026977539
2025-12-17,52.94519805908203
2025-12-18,52.94519805908203
2025-12-19,53.03874206542969
2025-12-22,53.225830078125
2025-12-23,52.66456985473633
2025-12-24,52.66456985473633
2025-12-26,52.57102966308594
2025-12-29,52.66456985473633
2025-12-30,52.47748565673828
2025-12-31,52.57102966308594
2026-01-02,52.383941650390625
2026-01-05,52.383941650390625
2026-01-06,52.94519805908203
2026-01-07,52.758113861083984
2026-01-08,52.57102966308594
2026-01-09,52.57102966308594
2026-01-12,52.19685745239258
2026-01-13,52.10331344604492
2026-01-14,52.10331344604492
2026-01-15,52.19685745239258
2026-01-16,52.009769439697266
2026-01-19,51.63560104370117
2026-01-20,51.35497283935547
2026-01-21,51.16788864135742
2026-01-22,51.0743408203125
2026-01-23,50.79371643066406
2026-01-26,51.542057037353516
2026-01-27,51.448516845703125
2026-01-28,51.63560104370117
2026-01-29,51.35497283935547
2026-01-30,51.35497283935547
2026-02-02,50.700172424316406
2026-02-03,50.700172424316406
2026-02-04,51.542057037353516
2026-02-05,50.98080062866211
2026-02-06,50.79371643066406
2026-02-09,51.0743408203125
2026-02-10,51.35497283935547
2026-02-11,51.916229248046875
2026-02-23,52.57102966308594
2026-02-24,52.85165786743164
2026-02-25,52.94519805908203
2026-02-26,53.13228225708008
2026-03-02,52.85165786743164
2026-03-03,52.57102966308594
2026-03-04,52.19685745239258
2026-03-05,52.66456985473633
2026-03-06,53.03874206542969
2026-03-09,51.35497283935547
2026-03-10,51.542057037353516
2026-03-11,51.542057037353516
2026-03-12,51.542057037353516
2026-03-13,51.72914123535156
2026-03-16,51.542057037353516
2026-03-17,52.47748565673828
2026-03-18,52.94519805908203
2026-03-19,52.290401458740234
2026-03-20,52.290401458740234
2026-03-23,52.009769439697266
2026-03-24,52.383941650390625
2026-03-25,52.85165786743164
2026-03-26,52.19685745239258
2026-03-27,52.57102966308594
2026-03-30,52.009769439697266
2026-03-31,52.19685745239258
2026-04-01,52.758113861083984
2026-04-02,52.383941650390625
2026-04-07,52.57102966308594
2026-04-08,53.03874206542969
2026-04-09,52.85165786743164
2026-04-10,53.225830078125
2026-04-13,53.13228225708008
2026-04-14,53.41291046142578
2026-04-15,53.599998474121094
2026-04-16,53.78708267211914
2026-04-17,54.34833908081055
2026-04-20,54.722511291503906
2026-04-21,54.90959930419922
2026-04-22,54.34833908081055
2026-04-23,53.41291046142578
2026-04-24,53.599998474121094
2026-04-27,53.225830078125
2026-04-28,53.225830078125
2026-04-29,53.8806266784668
2026-04-30,53.41291046142578
2026-05-04,53.225830078125
2026-05-05,53.03874206542969
2026-05-06,53.78708267211914
2026-05-07,53.13228225708008
2026-05-08,53.13228225708008
2026-05-11,52.758113861083984
2026-05-12,52.94519805908203
2026-05-13,52.66456985473633
2026-05-14,52.10331344604492
2026-05-15,52.19685745239258
2026-05-18,52.383941650390625
2026-05-19,52.47748565673828
2026-05-20,52.85165786743164
2026-05-21,53.13228225708008
2026-05-22,53.13228225708008
2026-05-25,53.599998474121094
2026-05-26,53.50645446777344
2026-05-27,54.254798889160156
2026-05-28,53.78708267211914
2026-05-29,54.4418830871582
2026-06-01,54.628971099853516
2026-06-02,54.628971099853516
2026-06-03,54.90959930419922
2026-06-04,55.00313949584961
2026-06-05,54.53542709350586
2026-06-08,53.13228225708008
2026-06-09,53.78708267211914
2026-06-10,53.50645446777344
2026-06-11,53.50645446777344
2026-06-12,53.69354248046875
2026-06-15,54.1612548828125
2026-06-16,54.1612548828125
2026-06-17,54.1612548828125
2026-06-18,54.254798889160156
2026-06-22,54.34833908081055
2026-06-23,54.4418830871582
2026-06-24,54.53542709350586
2026-06-25,54.628971099853516
2026-06-26,54.34833908081055
2026-06-29,54.34833908081055
2026-06-30,54.90959930419922
2026-07-01,54.53542709350586
2026-07-02,53.8806266784668
2026-07-03,53.599998474121094
2026-07-06,53.900001525878906
2026-07-07,53.70000076293945
2026-07-08,53.79999923706055
2026-07-09,53.900001525878906
2026-07-10,53.900001525878906
2026-07-13,53.79999923706055
2026-07-14,53.79999923706055
2026-07-15,54.70000076293945
2026-07-16,54.099998474121094
2026-07-17,54.29999923706055
2026-07-20,54.20000076293945
2026-07-21,54.400001525878906
2026-07-22,53.29999923706055
2026-07-23,53.400001525878906
2026-07-24,54.0
2026-07-27,53.79999923706055
2026-07-28,53.900001525878906
2026-07-29,54.0
2026-07-30,53.79999923706055
2026-07-31,54.0
2026-08-03,53.400001525878906
2026-08-04,53.5
2026-08-05,53.400001525878906
2026-08-06,53.400001525878906
2026-08-07,53.29999923706055
2026-08-10,53.400001525878906
2026-08-11,53.400001525878906
2026-08-12,53.29999923706055
2026-08-13,53.599998474121094
2026-08-14,53.29999923706055
2026-08-17,53.400001525878906
2026-08-18,53.0
2026-08-19,53.0
2026-08-20,53.400001525878906
2026-08-21,53.400001525878906
2026-08-24,53.20000076293945
2026-08-25,53.400001525878906
2026-08-26,53.599998474121094
2026-08-27,53.29999923706055
2026-08-28,53.20000076293945
2026-08-31,53.099998474121094
2026-09-01,53.099998474121094
2026-09-02,52.79999923706055
