Price,AdjClose
Ticker,2451.TW
Date,
2001-05-04,6.268099784851074
2001-05-07,6.085238456726074
2001-05-08,5.792271614074707
2001-05-09,5.792271614074707
2001-05-10,5.535688877105713
2001-05-11,5.901417255401611
2001-05-14,5.7185516357421875
2001-05-15,5.792271614074707
2001-05-16,5.754933834075928
2001-05-17,5.865035533905029
2001-05-18,5.68217134475708
2001-05-21,5.425586223602295
2001-05-22,5.35186767578125
2001-05-23,5.7185516357421875
2001-05-24,5.68217134475708
2001-05-25,5.7185516357421875
2001-05-28,5.754933834075928
2001-05-29,5.7185516357421875
2001-05-30,5.644833087921143
2001-05-31,5.754933834075928
2001-06-01,5.608452796936035
2001-06-04,5.498349189758301
2001-06-05,5.644833087921143
2001-06-06,5.865035533905029
2001-06-07,5.792271614074707
2001-06-08,6.01151704788208
2001-06-11,5.901417255401611
2001-06-12,5.938754081726074
2001-06-13,5.97513484954834
2001-06-14,5.754933834075928
2001-06-15,5.7185516357421875
2001-06-18,5.498349189758301
2001-06-19,5.35186767578125
2001-06-20,5.315487384796143
2001-06-21,5.462362766265869
2001-06-22,5.1315717697143555
2001-06-25,5.1315717697143555
2001-06-26,4.849968433380127
2001-06-27,4.849968433380127
2001-06-28,4.849968433380127
2001-06-29,5.03811502456665
2001-07-02,4.708552360534668
2001-07-03,4.425718784332275
2001-07-04,4.472448348999023
2001-07-05,4.548689842224121
2001-07-06,4.605255603790283
2001-07-09,4.500731945037842
2001-07-10,4.454002380371094
2001-07-11,4.388827800750732
2001-07-12,4.332261562347412
2001-07-13,4.30397891998291
2001-07-16,4.256020545959473
2001-07-17,4.2658586502075195
2001-07-18,4.190844535827637
2001-07-19,4.21912956237793
2001-07-20,4.284303188323975
2001-07-23,4.21912956237793
2001-07-24,4.171168804168701
2001-07-25,4.18100643157959
2001-07-26,4.350707530975342
2001-07-27,4.378991603851318
2001-07-30,4.378991603851318
2001-07-31,4.492122173309326
2001-08-01,4.7552809715271
2001-08-02,4.849968433380127
2001-08-03,4.896698951721191
2001-08-06,4.7552809715271
2001-08-07,4.661823749542236
2001-08-08,4.680269241333008
2001-08-09,4.595418453216553
2001-08-10,4.529015064239502
2001-08-13,4.520407199859619
2001-08-14,4.651986122131348
2001-08-15,4.651986122131348
2001-08-16,4.661823749542236
2001-08-17,4.849968433380127
2001-08-20,4.7552809715271
2001-08-21,4.8020100593566895
2001-08-22,4.670432090759277
2001-08-23,4.6901068687438965
2001-08-24,4.482285976409912
2001-08-27,4.500731945037842
2001-08-28,4.492122173309326
2001-08-29,4.492122173309326
2001-08-30,4.463840961456299
2001-08-31,4.388827800750732
2001-09-03,4.388827800750732
2001-09-04,4.378991603851318
2001-09-05,4.322423934936523
2001-09-06,4.237574577331543
2001-09-07,4.096157550811768
2001-09-10,3.9830245971679688
2001-09-11,3.908012866973877
2001-09-12,3.908012866973877
2001-09-13,3.6350183486938477
2001-09-14,3.3804681301116943
2001-09-17,3.3804681301116943
2001-09-18,3.3804681301116943
2001-09-19,3.3804681301116943
2001-09-20,3.1542019844055176
2001-09-21,3.050905227661133
2001-09-24,3.050905227661133
2001-09-25,3.0693514347076416
2001-09-26,3.089027166366577
2001-09-27,2.9476099014282227
2001-09-28,2.9476099014282227
2001-10-01,2.9476099014282227
2001-10-02,2.7397894859313965
2001-10-03,2.5516445636749268
2001-10-04,2.5233612060546875
2001-10-05,2.561481475830078
2001-10-08,2.533198118209839
2001-10-09,2.5897653102874756
2001-10-10,2.5897653102874756
2001-10-11,2.7311809062957764
2001-10-12,2.6278860569000244
2001-10-15,2.5430362224578857
2001-10-16,2.533198118209839
2001-10-17,2.5147528648376465
2001-10-18,2.4864695072174072
2001-10-19,2.654940605163574
2001-10-22,2.834476947784424
2001-10-23,2.872598171234131
2001-10-24,2.8812055587768555
2001-10-25,2.9291651248931885
2001-10-26,2.9660568237304688
2001-10-29,2.9660568237304688
2001-10-30,2.862760066986084
2001-10-31,2.777909994125366
2001-11-01,2.8061938285827637
2001-11-02,2.9943392276763916
2001-11-05,3.2021591663360596
2001-11-06,3.135756254196167
2001-11-07,3.3239011764526367
2001-11-08,3.2488880157470703
2001-11-09,3.2488880157470703
2001-11-12,3.663299560546875
2001-11-13,3.9178497791290283
2001-11-14,4.134278297424316
2001-11-15,4.134278297424316
2001-11-16,4.209290027618408
2001-11-19,4.2658586502075195
2001-11-20,3.9928627014160156
2001-11-21,4.2658586502075195
2001-11-22,4.557298183441162
2001-11-23,4.548689842224121
2001-11-26,4.585581302642822
2001-11-27,4.576973915100098
2001-11-28,4.322423934936523
2001-11-29,4.256020545959473
2001-11-30,4.332261562347412
2001-12-03,4.633540153503418
2001-12-04,4.943426609039307
2001-12-05,5.272988319396973
2001-12-06,5.602549076080322
2001-12-07,5.980069637298584
2001-12-10,5.743967533111572
2001-12-11,5.838654518127441
2001-12-12,6.2149434089660645
2001-12-13,5.980069637298584
2001-12-14,5.9321136474609375
2001-12-17,5.697237491607666
2001-12-18,5.32094669342041
2001-12-19,5.179530620574951
2001-12-20,5.36767578125
2001-12-21,5.03811502456665
2001-12-24,5.36767578125
2001-12-25,5.697237491607666
2001-12-26,6.0735273361206055
2001-12-27,6.309630870819092
2001-12-28,6.356360912322998
2001-12-31,6.2149434089660645
2002-01-01,6.2149434089660645
2002-01-02,5.980069637298584
2002-01-03,5.980069637298584
2002-01-04,6.780608654022217
2002-01-07,7.0622172355651855
2002-01-08,7.0622172355651855
2002-01-09,7.391776084899902
2002-01-10,7.391776084899902
2002-01-11,6.9207987785339355
2002-01-14,6.5912346839904785
2002-01-15,6.497777938842773
2002-01-16,6.356360912322998
2002-01-17,6.0735273361206055
2002-01-18,6.261673927307129
2002-01-21,6.685922622680664
2002-01-22,7.110173225402832
2002-01-23,7.3450469970703125
2002-01-24,7.43973445892334
2002-01-25,7.957440376281738
2002-01-28,8.475149154663086
2002-01-29,8.098855972290039
2002-01-30,8.333732604980469
2002-01-31,8.333732604980469
2002-02-01,8.9928560256958
2002-02-04,8.42841911315918
2002-02-05,8.663293838500977
2002-02-06,9.180998802185059
2002-02-07,9.180998802185059
2002-02-08,9.180998802185059
2002-02-11,9.180998802185059
2002-02-12,9.180998802185059
2002-02-13,9.180998802185059
2002-02-14,9.180998802185059
2002-02-15,9.180998802185059
2002-02-18,9.793397903442383
2002-02-19,10.0762300491333
2002-02-20,10.5939359664917
2002-02-21,9.888079643249512
2002-02-22,9.746667861938477
2002-02-25,9.087544441223145
2002-02-26,8.946126937866211
2002-02-27,9.417104721069336
2002-02-28,9.417104721069336
2002-03-01,8.757983207702637
2002-03-04,9.369147300720215
2002-03-05,9.558521270751953
2002-03-06,10.217644691467285
2002-03-07,10.359061241149902
2002-03-08,10.782078742980957
2002-03-11,10.359061241149902
2002-03-12,11.064916610717773
2002-03-13,11.394474983215332
2002-03-14,10.970224380493164
2002-03-15,10.499249458312988
2002-03-18,10.217644691467285
2002-03-19,9.698709487915039
2002-03-20,10.0762300491333
2002-03-21,9.698709487915039
2002-03-22,9.322415351867676
2002-03-25,9.417104721069336
2002-03-26,9.793397903442383
2002-03-27,9.369147300720215
2002-03-28,9.417104721069336
2002-03-29,9.698709487915039
2002-04-01,9.5105619430542
2002-04-02,9.417104721069336
2002-04-03,9.039582252502441
2002-04-04,8.757983207702637
2002-04-05,8.757983207702637
2002-04-08,8.663293838500977
2002-04-09,8.899397850036621
2002-04-10,9.134271621704102
2002-04-11,9.134271621704102
2002-04-12,9.698709487915039
2002-04-15,9.793397903442383
2002-04-16,9.605250358581543
2002-04-17,9.463831901550293
2002-04-18,9.322415351867676
2002-04-19,9.087544441223145
2002-04-22,9.039582252502441
2002-04-23,9.417104721069336
2002-04-24,9.228960990905762
2002-04-25,9.180998802185059
2002-04-26,8.946126937866211
2002-04-29,8.804709434509277
2002-04-30,8.9928560256958
2002-05-01,8.9928560256958
2002-05-02,8.42841911315918
2002-05-03,8.475149154663086
2002-05-06,7.910713195800781
2002-05-07,8.004170417785645
2002-05-08,7.486462116241455
2002-05-09,7.43973445892334
2002-05-10,7.957440376281738
2002-05-13,8.240273475646973
2002-05-14,8.333732604980469
2002-05-15,8.521879196166992
2002-05-16,8.098855972290039
2002-05-17,8.192315101623535
2002-05-20,7.721337795257568
2002-05-21,7.721337795257568
2002-05-22,7.816025733947754
2002-05-23,7.674609661102295
2002-05-24,8.050898551940918
2002-05-27,7.816025733947754
2002-05-28,8.004170417785645
2002-05-29,7.8627543449401855
2002-05-30,8.098855972290039
2002-05-31,8.287002563476562
2002-06-03,8.287002563476562
2002-06-04,8.616565704345703
2002-06-05,8.85143756866455
2002-06-06,8.616565704345703
2002-06-07,8.569835662841797
2002-06-10,8.757983207702637
2002-06-11,8.475149154663086
2002-06-12,8.475149154663086
2002-06-13,8.663293838500977
2002-06-14,9.087544441223145
2002-06-17,9.463831901550293
2002-06-18,9.369147300720215
2002-06-19,9.087544441223145
2002-06-20,9.039582252502441
2002-06-21,8.946126937866211
2002-06-24,8.663293838500977
2002-06-25,8.710021018981934
2002-06-26,8.145586967468262
2002-06-27,8.004170417785645
2002-06-28,8.42841911315918
2002-07-01,7.910713195800781
2002-07-02,7.8627543449401855
2002-07-03,7.957440376281738
2002-07-04,8.475149154663086
2002-07-05,9.039582252502441
2002-07-08,9.651978492736816
2002-07-09,9.651978492736816
2002-07-10,9.369147300720215
2002-07-11,9.98154067993164
2002-07-12,10.640665054321289
2002-07-15,10.876769065856934
2002-07-16,10.640665054321289
2002-07-17,11.11164379119873
2002-07-18,10.782078742980957
2002-07-19,10.640665054321289
2002-07-22,10.169686317443848
2002-07-23,10.359061241149902
2002-07-24,10.405790328979492
2002-07-25,10.828811645507812
2002-07-26,10.0762300491333
2002-07-29,10.547205924987793
2002-07-30,10.782078742980957
2002-07-31,10.264373779296875
2002-08-01,10.359061241149902
2002-08-02,10.923497200012207
2002-08-05,10.640665054321289
2002-08-06,10.547205924987793
2002-08-07,10.7353515625
2002-08-08,10.0762300491333
2002-08-09,9.417104721069336
2002-08-12,9.698709487915039
2002-08-13,9.793397903442383
2002-08-14,10.348129272460938
2002-08-15,10.518705368041992
2002-08-16,11.20099925994873
2002-08-19,11.087281227111816
2002-08-20,11.144140243530273
2002-08-21,11.030424118041992
2002-08-22,11.144140243530273
2002-08-23,11.144140243530273
2002-08-26,11.314716339111328
2002-08-27,11.485284805297852
2002-08-28,11.257856369018555
2002-08-29,11.257856369018555
2002-08-30,11.20099925994873
2002-09-02,11.030424118041992
2002-09-03,11.144140243530273
2002-09-04,11.087281227111816
2002-09-05,10.348129272460938
2002-09-06,10.348129272460938
2002-09-09,10.234416007995605
2002-09-10,10.746132850646973
2002-09-11,10.802993774414062
2002-09-12,10.5755615234375
2002-09-13,10.348129272460938
2002-09-16,10.177555084228516
2002-09-17,10.404989242553711
2002-09-18,9.95012378692627
2002-09-19,9.95012378692627
2002-09-20,9.324690818786621
2002-09-23,8.699252128601074
2002-09-24,8.301244735717773
2002-09-25,8.301244735717773
2002-09-26,8.64239501953125
2002-09-27,8.756110191345215
2002-09-30,9.324690818786621
2002-10-01,9.21097183227539
2002-10-02,8.699252128601074
2002-10-03,8.699252128601074
2002-10-04,8.41496467590332
2002-10-07,7.8463826179504395
2002-10-08,8.016959190368652
2002-10-09,7.618952751159668
2002-10-10,7.618952751159668
2002-10-11,7.107232093811035
2002-10-14,6.822945594787598
2002-10-15,7.277806282043457
2002-10-16,7.732666969299316
2002-10-17,8.1306734085083
2002-10-18,8.699252128601074
2002-10-21,8.86982536315918
2002-10-22,8.812969207763672
2002-10-23,9.381545066833496
2002-10-24,10.006982803344727
2002-10-25,10.120696067810059
2002-10-28,10.177555084228516
2002-10-29,9.95012378692627
2002-10-30,9.381545066833496
2002-10-31,9.779552459716797
2002-11-01,9.324690818786621
2002-11-04,9.495261192321777
2002-11-05,9.21097183227539
2002-11-06,9.722692489624023
2002-11-07,9.324690818786621
2002-11-08,9.040398597717285
2002-11-11,8.471818923950195
2002-11-12,8.585538864135742
2002-11-13,8.301244735717773
2002-11-14,8.301244735717773
2002-11-15,8.301244735717773
2002-11-18,8.528677940368652
2002-11-19,8.471818923950195
2002-11-20,8.301244735717773
2002-11-21,8.07381534576416
2002-11-22,8.41496467590332
2002-11-25,8.24438762664795
2002-11-26,8.24438762664795
2002-11-27,8.016959190368652
2002-11-28,8.016959190368652
2002-11-29,8.1306734085083
2002-12-02,8.1306734085083
2002-12-03,8.812969207763672
2002-12-04,8.812969207763672
2002-12-05,8.585538864135742
2002-12-06,8.585538864135742
2002-12-09,8.41496467590332
2002-12-10,8.24438762664795
2002-12-11,8.1306734085083
2002-12-12,7.675811290740967
2002-12-13,7.5052361488342285
2002-12-16,7.789525985717773
2002-12-17,7.562094688415527
2002-12-18,7.050375938415527
2002-12-19,7.050375938415527
2002-12-20,7.5052361488342285
2002-12-23,7.220949172973633
2002-12-24,7.220949172973633
2002-12-25,7.164092063903809
2002-12-26,7.448381423950195
2002-12-27,7.448381423950195
2002-12-30,7.164092063903809
2002-12-31,7.220949172973633
2003-01-01,7.220949172973633
2003-01-02,7.277806282043457
2003-01-03,7.448381423950195
2003-01-06,7.220949172973633
2003-01-07,7.220949172973633
2003-01-08,7.277806282043457
2003-01-09,7.107232093811035
2003-01-10,7.334662914276123
2003-01-13,7.8463826179504395
2003-01-14,8.07381534576416
2003-01-15,7.789525985717773
2003-01-16,7.448381423950195
2003-01-17,7.5052361488342285
2003-01-20,7.277806282043457
2003-01-21,7.277806282043457
2003-01-22,7.107232093811035
2003-01-23,7.107232093811035
2003-01-24,6.936659336090088
2003-01-27,6.822945594787598
2003-01-28,6.993516445159912
2003-01-29,6.993516445159912
2003-01-30,6.993516445159912
2003-01-31,6.993516445159912
2003-02-03,6.993516445159912
2003-02-04,6.993516445159912
2003-02-05,6.993516445159912
2003-02-06,6.538651943206787
2003-02-07,6.254364967346191
2003-02-10,6.197505950927734
2003-02-11,6.254364967346191
2003-02-12,6.140647888183594
2003-02-13,6.538651943206787
2003-02-14,6.481794357299805
2003-02-17,6.709228992462158
2003-02-18,6.481794357299805
2003-02-19,6.368080139160156
2003-02-20,6.652370929718018
2003-02-21,6.879800796508789
2003-02-24,6.766086101531982
2003-02-25,6.538651943206787
2003-02-26,6.652370929718018
2003-02-27,6.481794357299805
2003-02-28,6.481794357299805
2003-03-03,6.652370929718018
2003-03-04,6.595510959625244
2003-03-05,6.424938201904297
2003-03-06,6.538651943206787
2003-03-07,6.368080139160156
2003-03-10,6.481794357299805
2003-03-11,6.709228992462158
2003-03-12,6.766086101531982
2003-03-13,6.595510959625244
2003-03-14,6.595510959625244
2003-03-17,6.481794357299805
2003-03-18,6.879800796508789
2003-03-19,6.766086101531982
2003-03-20,6.993516445159912
2003-03-21,6.993516445159912
2003-03-24,7.050375938415527
2003-03-25,6.879800796508789
2003-03-26,6.822945594787598
2003-03-27,6.879800796508789
2003-03-28,6.993516445159912
2003-03-31,6.538651943206787
2003-04-01,6.368080139160156
2003-04-02,6.140647888183594
2003-04-03,6.311222553253174
2003-04-04,6.709228992462158
2003-04-07,7.107232093811035
2003-04-08,6.993516445159912
2003-04-09,6.936659336090088
2003-04-10,6.936659336090088
2003-04-11,6.879800796508789
2003-04-14,6.936659336090088
2003-04-15,6.879800796508789
2003-04-16,7.334662914276123
2003-04-17,7.277806282043457
2003-04-18,7.732666969299316
2003-04-21,8.07381534576416
2003-04-22,7.789525985717773
2003-04-23,7.789525985717773
2003-04-24,7.334662914276123
2003-04-25,7.334662914276123
2003-04-28,7.107232093811035
2003-04-29,7.164092063903809
2003-04-30,7.164092063903809
2003-05-01,7.164092063903809
2003-05-02,7.334662914276123
2003-05-05,7.334662914276123
2003-05-06,7.391522407531738
2003-05-07,7.618952751159668
2003-05-08,7.334662914276123
2003-05-09,7.391522407531738
2003-05-12,7.220949172973633
2003-05-13,7.448381423950195
2003-05-14,7.675811290740967
2003-05-15,7.562094688415527
2003-05-16,7.391522407531738
2003-05-19,7.277806282043457
2003-05-20,7.334662914276123
2003-05-21,7.277806282043457
2003-05-22,7.448381423950195
2003-05-23,7.675811290740967
2003-05-26,8.187531471252441
2003-05-27,8.41496467590332
2003-05-28,8.699252128601074
2003-05-29,8.585538864135742
2003-05-30,8.926684379577637
2003-06-02,8.983541488647461
2003-06-03,8.86982536315918
2003-06-04,8.86982536315918
2003-06-05,9.438405990600586
2003-06-06,9.381545066833496
2003-06-09,9.381545066833496
2003-06-10,9.040398597717285
2003-06-11,9.040398597717285
2003-06-12,9.09725570678711
2003-06-13,8.983541488647461
2003-06-16,8.983541488647461
2003-06-17,8.983541488647461
2003-06-18,9.608980178833008
2003-06-19,9.722692489624023
2003-06-20,9.267830848693848
2003-06-23,9.040398597717285
2003-06-24,9.15411376953125
2003-06-25,9.040398597717285
2003-06-26,8.983541488647461
2003-06-27,9.040398597717285
2003-06-30,9.040398597717285
2003-07-01,9.438405990600586
2003-07-02,9.495261192321777
2003-07-03,9.608980178833008
2003-07-04,10.234416007995605
2003-07-07,10.234416007995605
2003-07-08,10.234416007995605
2003-07-09,10.177555084228516
2003-07-10,9.836408615112305
2003-07-11,9.836408615112305
2003-07-14,10.006982803344727
2003-07-15,9.836408615112305
2003-07-16,10.234416007995605
2003-07-17,9.722692489624023
2003-07-18,9.893266677856445
2003-07-21,9.836408615112305
2003-07-22,10.177555084228516
2003-07-23,10.006982803344727
2003-07-24,10.120696067810059
2003-07-25,10.234416007995605
2003-07-28,10.063838958740234
2003-07-29,9.836408615112305
2003-07-30,9.836408615112305
2003-07-31,9.836408615112305
2003-08-01,10.120696067810059
2003-08-04,10.006982803344727
2003-08-05,9.836408615112305
2003-08-06,9.665837287902832
2003-08-07,9.608980178833008
2003-08-08,9.836408615112305
2003-08-11,9.893266677856445
2003-08-12,9.836408615112305
2003-08-13,10.177555084228516
2003-08-14,9.836408615112305
2003-08-15,10.006982803344727
2003-08-18,9.836408615112305
2003-08-19,10.006982803344727
2003-08-20,10.348129272460938
2003-08-21,11.617518424987793
2003-08-22,11.766459465026855
2003-08-25,12.213287353515625
2003-08-26,11.989875793457031
2003-08-27,11.766459465026855
2003-08-28,11.319635391235352
2003-08-29,11.766459465026855
2003-09-01,11.617518424987793
2003-09-02,11.691990852355957
2003-09-03,11.394103050231934
2003-09-04,10.872804641723633
2003-09-05,10.872804641723633
2003-09-08,10.723861694335938
2003-09-09,10.798335075378418
2003-09-10,11.021747589111328
2003-09-11,11.021747589111328
2003-09-12,11.021747589111328
2003-09-15,11.096220016479492
2003-09-16,11.021747589111328
2003-09-17,11.096220016479492
2003-09-18,10.947277069091797
2003-09-19,11.096220016479492
2003-09-22,10.872804641723633
2003-09-23,11.021747589111328
2003-09-24,10.947277069091797
2003-09-25,11.170689582824707
2003-09-26,10.947277069091797
2003-09-29,10.798335075378418
2003-09-30,10.872804641723633
2003-10-01,10.574919700622559
2003-10-02,10.723861694335938
2003-10-03,11.468575477600098
2003-10-06,11.766459465026855
2003-10-07,11.617518424987793
2003-10-08,11.468575477600098
2003-10-09,11.394103050231934
2003-10-10,11.394103050231934
2003-10-13,11.319635391235352
2003-10-14,11.021747589111328
2003-10-15,11.319635391235352
2003-10-16,11.245161056518555
2003-10-17,11.245161056518555
2003-10-20,11.319635391235352
2003-10-21,11.021747589111328
2003-10-22,11.245161056518555
2003-10-23,11.096220016479492
2003-10-24,11.096220016479492
2003-10-27,11.245161056518555
2003-10-28,11.319635391235352
2003-10-29,11.096220016479492
2003-10-30,11.096220016479492
2003-10-31,11.021747589111328
2003-11-03,11.170689582824707
2003-11-04,11.096220016479492
2003-11-05,11.021747589111328
2003-11-06,11.170689582824707
2003-11-07,11.245161056518555
2003-11-10,11.245161056518555
2003-11-11,11.245161056518555
2003-11-12,11.543047904968262
2003-11-13,11.394103050231934
2003-11-14,11.468575477600098
2003-11-17,11.170689582824707
2003-11-18,11.021747589111328
2003-11-19,11.021747589111328
2003-11-20,10.947277069091797
2003-11-21,10.947277069091797
2003-11-24,10.798335075378418
2003-11-25,10.798335075378418
2003-11-26,10.798335075378418
2003-11-27,10.723861694335938
2003-11-28,10.723861694335938
2003-12-01,11.170689582824707
2003-12-02,10.947277069091797
2003-12-03,11.096220016479492
2003-12-04,10.947277069091797
2003-12-05,10.947277069091797
2003-12-08,11.021747589111328
2003-12-09,10.872804641723633
2003-12-10,10.798335075378418
2003-12-11,10.798335075378418
2003-12-12,10.649394035339355
2003-12-15,10.798335075378418
2003-12-16,10.649394035339355
2003-12-17,10.42597770690918
2003-12-18,10.351506233215332
2003-12-19,10.351506233215332
2003-12-22,10.351506233215332
2003-12-23,10.351506233215332
2003-12-24,10.42597770690918
2003-12-25,10.2770357131958
2003-12-26,10.42597770690918
2003-12-29,10.351506233215332
2003-12-30,10.798335075378418
2003-12-31,10.798335075378418
2004-01-01,10.798335075378418
2004-01-02,10.723861694335938
2004-01-05,10.798335075378418
2004-01-06,10.723861694335938
2004-01-07,10.723861694335938
2004-01-08,11.096220016479492
2004-01-09,11.096220016479492
2004-01-12,11.245161056518555
2004-01-13,11.394103050231934
2004-01-14,11.617518424987793
2004-01-15,11.394103050231934
2004-01-16,11.394103050231934
2004-01-19,11.394103050231934
2004-01-20,11.394103050231934
2004-01-21,11.394103050231934
2004-01-22,11.394103050231934
2004-01-23,11.394103050231934
2004-01-26,11.394103050231934
2004-01-27,11.617518424987793
2004-01-28,11.617518424987793
2004-01-29,11.91540241241455
2004-01-30,12.362231254577637
2004-02-02,12.138816833496094
2004-02-03,12.064345359802246
2004-02-04,12.064345359802246
2004-02-05,11.91540241241455
2004-02-06,11.91540241241455
2004-02-09,11.91540241241455
2004-02-10,11.989875793457031
2004-02-11,11.91540241241455
2004-02-12,11.989875793457031
2004-02-13,12.064345359802246
2004-02-16,12.660117149353027
2004-02-17,12.4367036819458
2004-02-18,12.88353157043457
2004-02-19,12.734587669372559
2004-02-20,12.585644721984863
2004-02-23,12.734587669372559
2004-02-24,12.585644721984863
2004-02-25,12.660117149353027
2004-02-26,12.734587669372559
2004-02-27,12.585644721984863
2004-03-01,12.585644721984863
2004-03-02,12.88353157043457
2004-03-03,12.809059143066406
2004-03-04,12.88353157043457
2004-03-05,12.660117149353027
2004-03-08,12.734587669372559
2004-03-09,12.660117149353027
2004-03-10,12.5111722946167
2004-03-11,12.5111722946167
2004-03-12,12.660117149353027
2004-03-15,12.5111722946167
2004-03-16,12.5111722946167
2004-03-17,12.4367036819458
2004-03-18,13.255887031555176
2004-03-19,13.404828071594238
2004-03-22,12.5111722946167
2004-03-23,12.4367036819458
2004-03-24,13.03247356414795
2004-03-25,12.734587669372559
2004-03-26,12.585644721984863
2004-03-29,13.181413650512695
2004-03-30,13.553773880004883
2004-03-31,13.330360412597656
2004-04-01,14.149539947509766
2004-04-02,14.44742488861084
2004-04-05,15.415549278259277
2004-04-06,15.192139625549316
2004-04-07,15.192139625549316
2004-04-08,15.341081619262695
2004-04-09,15.564495086669922
2004-04-12,15.564495086669922
2004-04-13,15.415549278259277
2004-04-14,15.192139625549316
2004-04-15,14.149539947509766
2004-04-16,14.521899223327637
2004-04-19,14.224016189575195
2004-04-20,14.224016189575195
2004-04-21,14.224016189575195
2004-04-22,13.479300498962402
2004-04-23,13.553773880004883
2004-04-26,13.553773880004883
2004-04-27,13.553773880004883
2004-04-28,13.03247356414795
2004-04-29,12.734587669372559
2004-04-30,12.4367036819458
2004-05-03,12.362231254577637
2004-05-04,12.660117149353027
2004-05-05,11.840930938720703
2004-05-06,12.287760734558105
2004-05-07,12.809059143066406
2004-05-10,12.064345359802246
2004-05-11,12.064345359802246
2004-05-12,12.213287353515625
2004-05-13,11.766459465026855
2004-05-14,11.319635391235352
2004-05-17,10.574919700622559
2004-05-18,10.649394035339355
2004-05-19,11.394103050231934
2004-05-20,11.170689582824707
2004-05-21,11.468575477600098
2004-05-24,11.617518424987793
2004-05-25,11.543047904968262
2004-05-26,11.617518424987793
2004-05-27,11.691990852355957
2004-05-28,12.138816833496094
2004-05-31,11.91540241241455
2004-06-01,11.766459465026855
2004-06-02,11.468575477600098
2004-06-03,11.170689582824707
2004-06-04,11.245161056518555
2004-06-07,11.543047904968262
2004-06-08,11.543047904968262
2004-06-09,11.543047904968262
2004-06-10,11.096220016479492
2004-06-11,10.723861694335938
2004-06-14,10.42597770690918
2004-06-15,10.723861694335938
2004-06-16,10.2770357131958
2004-06-17,10.574919700622559
2004-06-18,10.2770357131958
2004-06-21,10.202563285827637
2004-06-22,10.202563285827637
2004-06-23,10.42597770690918
2004-06-24,11.021747589111328
2004-06-25,11.096220016479492
2004-06-28,11.468575477600098
2004-06-29,11.319635391235352
2004-06-30,11.245161056518555
2004-07-01,11.245161056518555
2004-07-02,11.245161056518555
2004-07-05,10.798335075378418
2004-07-06,11.021747589111328
2004-07-07,10.947277069091797
2004-07-08,10.872804641723633
2004-07-09,11.245161056518555
2004-07-12,11.096220016479492
2004-07-13,10.872804641723633
2004-07-14,10.872804641723633
2004-07-15,10.947277069091797
2004-07-16,10.947277069091797
2004-07-19,10.798335075378418
2004-07-20,10.202563285827637
2004-07-21,10.574919700622559
2004-07-22,10.872804641723633
2004-07-23,11.245161056518555
2004-07-26,11.394103050231934
2004-07-27,11.394103050231934
2004-07-28,11.468575477600098
2004-07-29,11.394103050231934
2004-07-30,11.245161056518555
2004-08-02,10.798335075378418
2004-08-03,11.021747589111328
2004-08-04,11.096220016479492
2004-08-05,11.543047904968262
2004-08-06,11.468575477600098
2004-08-09,11.989875793457031
2004-08-10,11.989875793457031
2004-08-11,11.840930938720703
2004-08-12,11.543047904968262
2004-08-13,11.617518424987793
2004-08-16,11.617518424987793
2004-08-17,11.468575477600098
2004-08-18,11.91540241241455
2004-08-19,12.734587669372559
2004-08-20,13.483052253723145
2004-08-23,13.483052253723145
2004-08-24,13.483052253723145
2004-08-25,13.483052253723145
2004-08-26,13.762009620666504
2004-08-27,13.57603931427002
2004-08-30,13.483052253723145
2004-08-31,13.483052253723145
2004-09-01,13.57603931427002
2004-09-02,13.483052253723145
2004-09-03,13.111104965209961
2004-09-06,13.111104965209961
2004-09-07,13.390066146850586
2004-09-08,13.57603931427002
2004-09-09,13.669024467468262
2004-09-10,13.57603931427002
2004-09-13,13.669024467468262
2004-09-14,13.669024467468262
2004-09-15,13.57603931427002
2004-09-16,13.669024467468262
2004-09-17,13.483052253723145
2004-09-20,13.390066146850586
2004-09-21,13.297080039978027
2004-09-22,13.297080039978027
2004-09-23,13.57603931427002
2004-09-24,13.297080039978027
2004-09-27,13.204092025756836
2004-09-28,13.204092025756836
2004-09-29,13.204092025756836
2004-09-30,13.297080039978027
2004-10-01,13.204092025756836
2004-10-04,13.762009620666504
2004-10-05,13.762009620666504
2004-10-06,13.669024467468262
2004-10-07,13.947982788085938
2004-10-08,13.762009620666504
2004-10-11,13.297080039978027
2004-10-12,13.204092025756836
2004-10-13,13.204092025756836
2004-10-14,13.204092025756836
2004-10-15,12.739160537719727
2004-10-18,11.90228271484375
2004-10-19,12.08825397491455
2004-10-20,11.995267868041992
2004-10-21,11.995267868041992
2004-10-22,12.36721420288086
2004-10-25,12.36721420288086
2004-10-26,11.716309547424316
2004-10-27,11.437348365783691
2004-10-28,12.18124008178711
2004-10-29,12.18124008178711
2004-11-01,11.716309547424316
2004-11-02,12.18124008178711
2004-11-03,12.460199356079102
2004-11-04,12.36721420288086
2004-11-05,12.36721420288086
2004-11-08,11.90228271484375
2004-11-09,12.08825397491455
2004-11-10,12.18124008178711
2004-11-11,11.90228271484375
2004-11-12,12.08825397491455
2004-11-15,12.08825397491455
2004-11-16,12.2742280960083
2004-11-17,12.832147598266602
2004-11-18,12.646170616149902
2004-11-19,12.460199356079102
2004-11-22,11.809295654296875
2004-11-23,11.90228271484375
2004-11-24,11.995267868041992
2004-11-25,11.716309547424316
2004-11-26,11.623319625854492
2004-11-29,11.716309547424316
2004-11-30,11.716309547424316
2004-12-01,11.716309547424316
2004-12-02,11.809295654296875
2004-12-03,11.716309547424316
2004-12-06,11.716309547424316
2004-12-07,11.716309547424316
2004-12-08,11.716309547424316
2004-12-09,11.716309547424316
2004-12-10,11.716309547424316
2004-12-13,11.809295654296875
2004-12-14,11.995267868041992
2004-12-15,12.2742280960083
2004-12-16,12.553187370300293
2004-12-17,12.832147598266602
2004-12-20,12.646170616149902
2004-12-21,12.646170616149902
2004-12-22,12.739160537719727
2004-12-23,12.739160537719727
2004-12-24,12.553187370300293
2004-12-27,12.460199356079102
2004-12-28,12.646170616149902
2004-12-29,12.739160537719727
2004-12-30,12.832147598266602
2004-12-31,12.832147598266602
2005-01-03,12.739160537719727
2005-01-04,12.553187370300293
2005-01-05,12.460199356079102
2005-01-06,12.460199356079102
2005-01-07,12.36721420288086
2005-01-10,12.2742280960083
2005-01-11,12.553187370300293
2005-01-12,12.2742280960083
2005-01-13,12.2742280960083
2005-01-14,12.36721420288086
2005-01-17,12.460199356079102
2005-01-18,12.553187370300293
2005-01-19,12.36721420288086
2005-01-20,12.646170616149902
2005-01-21,12.460199356079102
2005-01-24,12.460199356079102
2005-01-25,12.646170616149902
2005-01-26,12.739160537719727
2005-01-27,12.739160537719727
2005-01-28,13.204092025756836
2005-01-31,13.390066146850586
2005-02-01,13.390066146850586
2005-02-02,13.297080039978027
2005-02-03,12.832147598266602
2005-02-04,12.832147598266602
2005-02-07,12.832147598266602
2005-02-08,12.832147598266602
2005-02-09,12.832147598266602
2005-02-10,12.832147598266602
2005-02-11,12.832147598266602
2005-02-14,13.390066146850586
2005-02-15,13.762009620666504
2005-02-16,14.691878318786621
2005-02-17,15.52875804901123
2005-02-18,16.086673736572266
2005-02-21,15.435769081115723
2005-02-22,15.435769081115723
2005-02-23,15.807717323303223
2005-02-24,15.063826560974121
2005-02-25,15.342788696289062
2005-02-28,15.342788696289062
2005-03-01,15.584548950195312
2005-03-02,15.584548950195312
2005-03-03,15.714734077453613
2005-03-04,15.249798774719238
2005-03-07,15.696134567260742
2005-03-08,15.937897682189941
2005-03-09,16.793376922607422
2005-03-10,16.272645950317383
2005-03-11,16.923559188842773
2005-03-14,17.611658096313477
2005-03-15,16.570207595825195
2005-03-16,16.51441764831543
2005-03-17,16.533016204833984
2005-03-18,17.128124237060547
2005-03-21,17.202518463134766
2005-03-22,16.75617790222168
2005-03-23,16.886362075805664
2005-03-24,16.216856002807617
2005-03-25,16.384233474731445
2005-03-28,16.328447341918945
2005-03-29,15.249798774719238
2005-03-30,15.342788696289062
2005-03-31,15.603153228759766
2005-04-01,15.844907760620117
2005-04-04,16.60740089416504
2005-04-05,16.60740089416504
2005-04-06,17.202518463134766
2005-04-07,17.10953140258789
2005-04-08,17.146726608276367
2005-04-11,17.016538619995117
2005-04-12,16.718984603881836
2005-04-13,16.625999450683594
2005-04-14,16.64459991455078
2005-04-15,16.51441764831543
2005-04-18,15.919306755065918
2005-04-19,15.714734077453613
2005-04-20,15.249798774719238
2005-04-21,14.524500846862793
2005-04-22,14.561697959899902
2005-04-25,14.803461074829102
2005-04-26,14.63608455657959
2005-04-27,14.264142036437988
2005-04-28,14.654685974121094
2005-04-29,14.43151569366455
2005-05-02,14.43151569366455
2005-05-03,14.31993293762207
2005-05-04,13.687626838684082
2005-05-05,14.20835018157959
2005-05-06,14.598894119262695
2005-05-09,14.93364429473877
2005-05-10,14.859254837036133
2005-05-11,14.673284530639648
2005-05-12,14.450113296508789
2005-05-13,14.3013334274292
2005-05-16,14.245546340942383
2005-05-17,14.245546340942383
2005-05-18,14.282737731933594
2005-05-19,14.747672080993652
2005-05-20,14.840658187866211
2005-05-23,14.840658187866211
2005-05-24,14.840658187866211
2005-05-25,15.119614601135254
2005-05-26,15.082422256469727
2005-05-27,15.175410270690918
2005-05-30,15.231201171875
2005-05-31,14.989437103271484
2005-06-01,15.063826560974121
2005-06-02,15.04522705078125
2005-06-03,15.472966194152832
2005-06-06,15.900704383850098
2005-06-07,15.88210678100586
2005-06-08,15.714734077453613
2005-06-09,15.398574829101562
2005-06-10,15.52875804901123
2005-06-13,14.450113296508789
2005-06-14,14.3013334274292
2005-06-15,14.43151569366455
2005-06-16,14.598894119262695
2005-06-17,14.412919998168945
2005-06-20,14.412919998168945
2005-06-21,14.43151569366455
2005-06-22,14.710476875305176
2005-06-23,14.784862518310547
2005-06-24,14.877856254577637
2005-06-27,14.617486000061035
2005-06-28,14.580293655395508
2005-06-29,14.468709945678711
2005-06-30,14.468709945678711
2005-07-01,14.375720977783203
2005-07-04,14.375720977783203
2005-07-05,14.39432144165039
2005-07-06,14.710476875305176
2005-07-07,14.896449089050293
2005-07-08,15.305597305297852
2005-07-11,15.472966194152832
2005-07-12,15.342788696289062
2005-07-13,15.324190139770508
2005-07-14,16.36564064025879
2005-07-15,16.36564064025879
2005-07-18,16.36564064025879
2005-07-19,16.774778366088867
2005-07-20,16.774778366088867
2005-07-21,16.923559188842773
2005-07-22,16.291248321533203
2005-07-25,17.10953140258789
2005-07-26,16.737585067749023
2005-07-27,16.384233474731445
2005-07-28,16.123872756958008
2005-07-29,15.807717323303223
2005-08-01,15.807717323303223
2005-08-02,15.826313972473145
2005-08-03,16.14246940612793
2005-08-04,16.681795120239258
2005-08-05,16.681795120239258
2005-08-08,16.681795120239258
2005-08-09,16.458621978759766
2005-08-10,16.47722053527832
2005-08-11,17.016538619995117
2005-08-12,16.90496063232422
2005-08-15,16.068078994750977
2005-08-16,16.068078994750977
2005-08-17,16.384233474731445
2005-08-18,16.086673736572266
2005-08-19,15.993694305419922
2005-08-22,16.049484252929688
2005-08-23,15.547350883483887
2005-08-24,14.54310417175293
2005-08-25,14.654685974121094
2005-08-26,14.896449089050293
2005-08-29,14.598894119262695
2005-08-30,14.598894119262695
2005-08-31,14.264142036437988
2005-09-01,14.264142036437988
2005-09-02,14.040973663330078
2005-09-05,14.040973663330078
2005-09-06,13.873597145080566
2005-09-07,14.13396167755127
2005-09-08,13.947982788085938
2005-09-09,14.226943969726562
2005-09-12,14.375720977783203
2005-09-13,14.450113296508789
2005-09-14,14.3013334274292
2005-09-15,14.412919998168945
2005-09-16,13.55744457244873
2005-09-19,14.325508117675781
2005-09-20,14.73139476776123
2005-09-21,14.325508117675781
2005-09-22,14.707521438598633
2005-09-23,14.49263858795166
2005-09-26,14.421011924743652
2005-09-27,14.540390014648438
2005-09-28,15.185042381286621
2005-09-29,17.2135009765625
2005-09-30,17.08693504333496
2005-10-03,17.162872314453125
2005-10-04,16.833791732788086
2005-10-05,16.656591415405273
2005-10-06,16.68190574645996
2005-10-07,16.707218170166016
2005-10-10,15.758056640625
2005-10-11,16.757848739624023
2005-10-12,16.707218170166016
2005-10-13,16.47939682006836
2005-10-14,16.580657958984375
2005-10-17,15.94780445098877
2005-10-18,16.454082489013672
2005-10-19,15.719977378845215
2005-10-20,15.94780445098877
2005-10-21,15.74528980255127
2005-10-24,15.74528980255127
2005-10-25,15.59340763092041
2005-10-26,15.06181526184082
2005-10-27,14.049254417419434
2005-10-28,14.023941040039062
2005-10-31,14.504907608032227
2005-11-01,14.30239486694336
2005-11-02,14.580849647521973
2005-11-03,14.555532455444336
2005-11-04,14.428963661193848
2005-11-07,14.175826072692871
2005-11-08,14.049254417419434
2005-11-09,14.555532455444336
2005-11-10,14.909929275512695
2005-11-11,15.036499977111816
2005-11-14,15.06181526184082
2005-11-15,14.78335952758789
2005-11-16,14.985873222351074
2005-11-17,15.011184692382812
2005-11-18,15.239012718200684
2005-11-21,15.44152545928955
2005-11-22,15.087124824523926
2005-11-23,15.112442016601562
2005-11-24,15.264327049255371
2005-11-25,15.264327049255371
2005-11-28,15.44152545928955
2005-11-29,15.314952850341797
2005-11-30,15.213700294494629
2005-12-01,15.188379287719727
2005-12-02,15.213700294494629
2005-12-05,15.74528980255127
2005-12-06,15.56808853149414
2005-12-07,16.07437515258789
2005-12-08,15.897173881530762
2005-12-09,15.897173881530762
2005-12-12,16.07437515258789
2005-12-13,16.53002166748047
2005-12-14,16.707218170166016
2005-12-15,17.010990142822266
2005-12-16,16.98567771911621
2005-12-19,16.78316307067871
2005-12-20,16.833791732788086
2005-12-21,16.85910415649414
2005-12-22,15.996816635131836
2005-12-23,16.96036148071289
2005-12-26,16.140073776245117
2005-12-27,16.757848739624023
2005-12-28,16.53002166748047
2005-12-29,16.251567840576172
2005-12-30,16.30219841003418
2006-01-02,16.049055099487305
2006-01-03,16.884418487548828
2006-01-04,17.2135009765625
2006-01-05,17.87166404724121
2006-01-06,17.466642379760742
2006-01-09,17.618528366088867
2006-01-10,17.49195671081543
2006-01-11,17.56789779663086
2006-01-12,17.36538314819336
2006-01-13,17.264129638671875
2006-01-16,17.340070724487305
2006-01-17,17.694467544555664
2006-01-18,16.78316307067871
2006-01-19,15.998432159423828
2006-01-20,15.94780445098877
2006-01-23,15.542778015136719
2006-01-24,15.821229934692383
2006-01-25,15.719977378845215
2006-02-03,15.340267181396484
2006-02-06,15.795920372009277
2006-02-07,16.884418487548828
2006-02-08,16.37813949584961
2006-02-09,16.454082489013672
2006-02-10,16.049055099487305
2006-02-13,16.099687576293945
2006-02-14,16.30219841003418
2006-02-15,15.897173881530762
2006-02-16,15.94780445098877
2006-02-17,15.846546173095703
2006-02-20,15.821229934692383
2006-02-21,15.719977378845215
2006-02-22,15.466835975646973
2006-02-23,15.264327049255371
2006-02-24,15.314952850341797
2006-02-27,15.239012718200684
2006-03-01,15.517461776733398
2006-03-02,15.517461776733398
2006-03-03,15.239012718200684
2006-03-06,15.011184692382812
2006-03-07,14.960556983947754
2006-03-08,15.06181526184082
2006-03-09,15.011184692382812
2006-03-10,14.985873222351074
2006-03-13,15.036499977111816
2006-03-14,14.935246467590332
2006-03-15,14.682103157043457
2006-03-16,14.12519645690918
2006-03-17,13.922684669494629
2006-03-20,14.099883079528809
2006-03-21,14.175826072692871
2006-03-22,14.175826072692871
2006-03-23,13.264518737792969
2006-03-24,12.758240699768066
2006-03-27,12.65698528289795
2006-03-28,13.365781784057617
2006-03-29,13.289835929870605
2006-03-30,13.542974472045898
2006-03-31,13.644229888916016
2006-04-03,13.644229888916016
2006-04-04,14.580849647521973
2006-04-06,14.985873222351074
2006-04-07,14.428963661193848
2006-04-10,13.872054100036621
2006-04-11,14.22645378112793
2006-04-12,14.22645378112793
2006-04-13,14.78335952758789
2006-04-14,14.83398723602295
2006-04-17,14.884617805480957
2006-04-18,14.935246467590332
2006-04-19,15.06181526184082
2006-04-20,14.985873222351074
2006-04-21,14.682103157043457
2006-04-24,14.960556983947754
2006-04-25,15.188379287719727
2006-04-26,15.112442016601562
2006-04-27,14.732735633850098
2006-04-28,14.85930061340332
2006-05-02,14.808675765991211
2006-05-03,15.44152545928955
2006-05-04,15.74528980255127
2006-05-05,15.74528980255127
2006-05-08,15.846546173095703
2006-05-09,15.846546173095703
2006-05-10,15.74528980255127
2006-05-11,15.846546173095703
2006-05-12,15.821229934692383
2006-05-15,15.56808853149414
2006-05-16,15.59340763092041
2006-05-17,15.59340763092041
2006-05-18,14.707521438598633
2006-05-19,14.77914810180664
2006-05-22,15.517461776733398
2006-05-23,15.264327049255371
2006-05-24,15.06181526184082
2006-05-25,14.78335952758789
2006-05-26,14.909929275512695
2006-05-29,14.206130027770996
2006-05-30,15.06181526184082
2006-06-01,15.821229934692383
2006-06-02,15.821229934692383
2006-06-05,14.960556983947754
2006-06-06,15.694665908813477
2006-06-07,15.77060604095459
2006-06-08,15.036499977111816
2006-06-09,15.56808853149414
2006-06-12,15.644033432006836
2006-06-13,15.973116874694824
2006-06-14,15.77060604095459
2006-06-15,15.56808853149414
2006-06-16,15.644033432006836
2006-06-19,15.340267181396484
2006-06-20,14.32770824432373
2006-06-21,14.12519645690918
2006-06-22,14.631475448608398
2006-06-23,14.808675765991211
2006-06-26,14.909929275512695
2006-06-27,14.985873222351074
2006-06-28,14.935246467590332
2006-06-29,15.44152545928955
2006-06-30,15.821229934692383
2006-07-03,15.77060604095459
2006-07-04,15.618721961975098
2006-07-05,15.44152545928955
2006-07-06,15.618721961975098
2006-07-07,15.795920372009277
2006-07-10,15.94780445098877
2006-07-11,17.061616897583008
2006-07-12,17.061616897583008
2006-07-13,17.11224365234375
2006-07-14,16.454082489013672
2006-07-17,15.846546173095703
2006-07-18,16.935049057006836
2006-07-19,17.162872314453125
2006-07-20,18.352628707885742
2006-07-21,18.732337951660156
2006-07-24,18.7070255279541
2006-07-25,18.960166931152344
2006-07-26,18.384403228759766
2006-07-27,18.265024185180664
2006-07-28,19.314563751220703
2006-07-31,18.45388412475586
2006-08-01,18.681713104248047
2006-08-02,18.88422203063965
2006-08-03,19.49176025390625
2006-08-04,19.11204719543457
2006-08-07,19.365188598632812
2006-08-08,19.44112777709961
2006-08-09,19.770212173461914
2006-08-10,19.97272491455078
2006-08-11,19.744897842407227
2006-08-14,19.97272491455078
2006-08-15,20.149921417236328
2006-08-16,19.49176025390625
2006-08-17,19.49176025390625
2006-08-18,19.567697525024414
2006-08-21,18.7829647064209
2006-08-22,19.238616943359375
2006-08-23,19.187990188598633
2006-08-24,20.225862503051758
2006-08-25,19.947406768798828
2006-08-28,20.25118064880371
2006-08-29,20.17523193359375
2006-08-30,20.554941177368164
2006-08-31,20.554941177368164
2006-09-01,21.972530364990234
2006-09-04,23.491371154785156
2006-09-05,23.36479949951172
2006-09-06,23.16228485107422
2006-09-07,23.795133590698242
2006-09-08,22.085163116455078
2006-09-11,24.09890365600586
2006-09-12,23.795133590698242
2006-09-13,23.390111923217773
2006-09-14,23.48216438293457
2006-09-15,23.894134521484375
2006-09-18,25.542011260986328
2006-09-19,25.15750503540039
2006-09-20,24.278642654418945
2006-09-21,24.168777465820312
2006-09-22,24.937786102294922
2006-09-25,24.498353958129883
2006-09-26,24.031457901000977
2006-09-27,24.168777465820312
2006-09-28,23.4547061920166
2006-09-29,23.48216438293457
2006-10-02,23.48216438293457
2006-10-03,23.39977264404297
2006-10-04,23.56456184387207
2006-10-05,24.443431854248047
2006-10-09,24.203874588012695
2006-10-11,23.72934913635254
2006-10-12,23.72934913635254
2006-10-13,24.937786102294922
2006-10-16,24.086387634277344
2006-10-17,23.78428077697754
2006-10-18,22.328659057617188
2006-10-19,22.328659057617188
2006-10-20,22.41105079650879
2006-10-23,22.52090835571289
2006-10-24,22.30119514465332
2006-10-25,22.328659057617188
2006-10-26,21.75629234313965
2006-10-27,21.422327041625977
2006-10-30,20.7906436920166
2006-10-31,21.010360717773438
2006-11-01,21.94415283203125
2006-11-02,21.69697380065918
2006-11-03,21.69697380065918
2006-11-06,21.559648513793945
2006-11-07,21.642047882080078
2006-11-08,22.35612678527832
2006-11-09,21.834299087524414
2006-11-10,21.971620559692383
2006-11-13,22.108943939208984
2006-11-14,23.646955490112305
2006-11-15,23.3448429107666
2006-11-16,23.39977264404297
2006-11-17,23.83920669555664
2006-11-20,23.94906234741211
2006-11-21,24.168777465820312
2006-11-22,23.976531982421875
2006-11-23,23.48216438293457
2006-11-24,23.4547061920166
2006-11-27,23.39977264404297
2006-11-28,23.207521438598633
2006-11-29,23.042736053466797
2006-11-30,22.850482940673828
2006-12-01,22.980079650878906
2006-12-04,23.3448429107666
2006-12-05,23.015274047851562
2006-12-06,23.646955490112305
2006-12-07,23.207521438598633
2006-12-08,23.207521438598633
2006-12-11,23.756813049316406
2006-12-12,23.39977264404297
2006-12-13,23.262449264526367
2006-12-14,24.05891990661621
2006-12-15,23.976531982421875
2006-12-18,23.78428077697754
2006-12-19,24.333566665649414
2006-12-20,24.278642654418945
2006-12-21,24.031457901000977
2006-12-22,23.3448429107666
2006-12-25,23.2349853515625
2006-12-26,23.674413681030273
2006-12-27,23.866670608520508
2006-12-28,23.619495391845703
2006-12-29,23.619495391845703
2007-01-02,23.4547061920166
2007-01-03,23.592031478881836
2007-01-04,23.78428077697754
2007-01-05,23.56456184387207
2007-01-08,23.3448429107666
2007-01-09,23.3448429107666
2007-01-10,23.3448429107666
2007-01-11,23.3448429107666
2007-01-12,23.4272403717041
2007-01-15,24.031457901000977
2007-01-16,23.894134521484375
2007-01-17,23.894134521484375
2007-01-18,25.13003921508789
2007-01-19,25.21242904663086
2007-01-22,24.99271583557129
2007-01-23,25.102577209472656
2007-01-24,25.349761962890625
2007-01-25,25.267366409301758
2007-01-26,25.377222061157227
2007-01-29,24.22370719909668
2007-01-30,24.22370719909668
2007-01-31,24.05891990661621
2007-02-01,23.894134521484375
2007-02-02,23.756813049316406
2007-02-05,23.756813049316406
2007-02-06,24.141311645507812
2007-02-07,23.894134521484375
2007-02-08,24.00399398803711
2007-02-09,23.78428077697754
2007-02-12,23.646955490112305
2007-02-13,23.674413681030273
2007-02-14,23.894134521484375
2007-02-26,24.718074798583984
2007-02-27,24.74777603149414
2007-03-01,25.21242904663086
2007-03-02,26.970157623291016
2007-03-05,26.39340591430664
2007-03-06,28.151140213012695
2007-03-07,28.83775520324707
2007-03-08,29.11239242553711
2007-03-09,29.661685943603516
2007-03-12,29.661685943603516
2007-03-13,29.11239242553711
2007-03-14,28.975069046020508
2007-03-15,30.8975830078125
2007-03-16,32.13349533081055
2007-03-19,32.13349533081055
2007-03-20,32.68278884887695
2007-03-21,31.858842849731445
2007-03-22,31.446882247924805
2007-03-23,33.644039154052734
2007-03-26,34.05601119995117
2007-03-27,33.23207473754883
2007-03-28,33.644039154052734
2007-03-29,34.467979431152344
2007-03-30,34.33065414428711
2007-04-02,34.605308532714844
2007-04-03,34.193328857421875
2007-04-04,34.74262237548828
2007-04-09,34.05601119995117
2007-04-10,32.95742416381836
2007-04-11,32.95742416381836
2007-04-12,32.68278884887695
2007-04-13,32.270816802978516
2007-04-16,30.210975646972656
2007-04-17,31.1722354888916
2007-04-18,32.68278884887695
2007-04-19,32.408138275146484
2007-04-20,32.408138275146484
2007-04-23,32.270816802978516
2007-04-24,32.68278884887695
2007-04-25,33.23207473754883
2007-04-26,31.1722354888916
2007-04-27,30.210975646972656
2007-04-30,30.760257720947266
2007-05-02,30.62295150756836
2007-05-03,30.485614776611328
2007-05-04,31.858842849731445
2007-05-07,31.858842849731445
2007-05-08,31.584199905395508
2007-05-09,30.760257720947266
2007-05-10,31.996171951293945
2007-05-11,31.996171951293945
2007-05-14,31.858842849731445
2007-05-15,31.858842849731445
2007-05-16,32.13349533081055
2007-05-17,31.584199905395508
2007-05-18,31.034910202026367
2007-05-21,30.485614776611328
2007-05-22,30.760257720947266
2007-05-23,30.210975646972656
2007-05-24,32.270816802978516
2007-05-25,32.270816802978516
2007-05-28,31.996171951293945
2007-05-29,32.13349533081055
2007-05-30,32.68278884887695
2007-05-31,33.5067253112793
2007-06-01,33.91868209838867
2007-06-04,33.3693962097168
2007-06-05,32.68278884887695
2007-06-06,32.68278884887695
2007-06-07,32.95742416381836
2007-06-08,33.23207473754883
2007-06-11,34.605308532714844
2007-06-12,35.9785270690918
2007-06-13,36.1158561706543
2007-06-14,36.253173828125
2007-06-15,36.939788818359375
2007-06-20,38.313011169433594
2007-06-21,38.038368225097656
2007-06-22,38.72498321533203
2007-06-25,37.90104293823242
2007-06-26,37.35175323486328
2007-06-27,37.62640380859375
2007-06-28,38.038368225097656
2007-06-29,36.665138244628906
2007-07-02,37.76372528076172
2007-07-03,37.62640380859375
2007-07-04,39.411582946777344
2007-07-05,40.37285614013672
2007-07-06,42.43269348144531
2007-07-09,43.11929702758789
2007-07-10,41.88087844848633
2007-07-11,42.29536819458008
2007-07-12,42.020721435546875
2007-07-13,43.11929702758789
2007-07-16,44.767173767089844
2007-07-17,43.943241119384766
2007-07-18,44.767173767089844
2007-07-19,45.59110641479492
2007-07-20,47.238990783691406
2007-07-23,48.337554931640625
2007-07-24,47.238990783691406
2007-07-25,47.37630844116211
2007-07-26,44.767173767089844
2007-07-27,43.943241119384766
2007-07-30,44.355201721191406
2007-07-31,44.767173767089844
2007-08-01,41.74607467651367
2007-08-02,40.92214584350586
2007-08-03,38.72498321533203
2007-08-06,41.3341064453125
2007-08-07,40.51017379760742
2007-08-08,41.74607467651367
2007-08-09,42.15805435180664
2007-08-10,43.256622314453125
2007-08-13,41.05946350097656
2007-08-14,40.51017379760742
2007-08-15,38.999629974365234
2007-08-16,37.07710647583008
2007-08-17,37.07710647583008
2007-08-20,39.54891586303711
2007-08-21,36.802467346191406
2007-08-22,35.566558837890625
2007-08-23,35.70387649536133
2007-08-24,36.1158561706543
2007-08-27,36.665138244628906
2007-08-28,35.15459442138672
2007-08-29,34.193328857421875
2007-08-30,33.781368255615234
2007-08-31,34.05601119995117
2007-09-03,32.270816802978516
2007-09-04,33.23207473754883
2007-09-05,34.605308532714844
2007-09-06,34.879940032958984
2007-09-07,35.017269134521484
2007-09-10,34.08829116821289
2007-09-11,34.516178131103516
2007-09-12,35.65720748901367
2007-09-13,33.94566345214844
2007-09-14,33.517784118652344
2007-09-17,33.08989334106445
2007-09-18,33.08989334106445
2007-09-19,31.2357234954834
2007-09-20,31.52097511291504
2007-09-21,33.08989334106445
2007-09-26,35.371952056884766
2007-09-27,36.227725982666016
2007-09-28,36.51298522949219
2007-10-01,35.79983901977539
2007-10-02,36.08510208129883
2007-10-03,35.942466735839844
2007-10-04,35.65720748901367
2007-10-05,36.227725982666016
2007-10-08,35.086692810058594
2007-10-09,35.086692810058594
2007-10-11,35.086692810058594
2007-10-12,35.086692810058594
2007-10-15,34.230926513671875
2007-10-16,34.6588134765625
2007-10-17,34.94407653808594
2007-10-18,37.08349609375
2007-10-19,35.942466735839844
2007-10-22,33.80303955078125
2007-10-23,34.08829116821289
2007-10-24,33.37514877319336
2007-10-25,32.80463409423828
2007-10-26,32.2341194152832
2007-10-29,32.2341194152832
2007-10-30,32.947265625
2007-10-31,33.94566345214844
2007-11-01,33.66040802001953
2007-11-02,32.2341194152832
2007-11-05,32.2341194152832
2007-11-06,32.37674331665039
2007-11-07,32.2341194152832
2007-11-08,30.094680786132812
2007-11-09,30.807828903198242
2007-11-12,29.524171829223633
2007-11-13,30.094680786132812
2007-11-14,30.807828903198242
2007-11-15,30.665203094482422
2007-11-16,29.809429168701172
2007-11-19,29.666799545288086
2007-11-20,29.381547927856445
2007-11-21,29.096282958984375
2007-11-22,28.811025619506836
2007-11-23,27.955251693725586
2007-11-26,27.755573272705078
2007-11-27,26.528966903686523
2007-11-28,26.928325653076172
2007-11-29,28.525766372680664
2007-11-30,29.096282958984375
2007-12-03,30.094680786132812
2007-12-04,30.379934310913086
2007-12-05,32.37674331665039
2007-12-06,30.807828903198242
2007-12-07,31.37834930419922
2007-12-10,30.807828903198242
2007-12-11,31.2357234954834
2007-12-12,30.094680786132812
2007-12-13,28.012304306030273
2007-12-14,28.525766372680664
2007-12-17,26.956851959228516
2007-12-18,28.12641143798828
2007-12-19,28.525766372680664
2007-12-20,27.0994815826416
2007-12-21,27.242107391357422
2007-12-24,27.69852066040039
2007-12-25,27.41326332092285
2007-12-26,27.185060501098633
2007-12-27,28.66839027404785
2007-12-28,28.95365333557129
2007-12-31,27.185060501098633
2008-01-02,29.524171829223633
2008-01-03,29.381547927856445
2008-01-04,28.4401912689209
2008-01-07,26.528966903686523
2008-01-08,25.815820693969727
2008-01-09,27.013900756835938
2008-01-10,26.528966903686523
2008-01-11,26.700122833251953
2008-01-14,26.643068313598633
2008-01-15,27.612947463989258
2008-01-16,25.73023796081543
2008-01-17,27.0994815826416
2008-01-18,27.69852066040039
2008-01-21,27.527366638183594
2008-01-22,25.61614227294922
2008-01-23,23.84754180908203
2008-01-24,23.84754180908203
2008-01-25,24.960052490234375
2008-01-28,23.391136169433594
2008-01-29,23.248498916625977
2008-01-30,23.07734489440918
2008-01-31,22.535358428955078
2008-02-01,22.592409133911133
2008-02-12,21.96484375
2008-02-13,20.681177139282227
2008-02-14,22.107471466064453
2008-02-15,21.936315536499023
2008-02-18,22.107471466064453
2008-02-19,22.506834030151367
2008-02-20,22.84914207458496
2008-02-21,23.3055477142334
2008-02-22,22.535358428955078
2008-02-25,22.535358428955078
2008-02-26,22.877668380737305
2008-02-27,23.391136169433594
2008-02-29,25.01710319519043
2008-03-03,23.562286376953125
2008-03-04,23.876066207885742
2008-03-05,23.733436584472656
2008-03-06,24.8459529876709
2008-03-07,24.532163619995117
2008-03-10,24.246904373168945
2008-03-11,24.161325454711914
2008-03-12,24.64626693725586
2008-03-13,24.13279914855957
2008-03-14,23.990171432495117
2008-03-17,23.048818588256836
2008-03-18,23.048818588256836
2008-03-19,23.219974517822266
2008-03-20,23.562286376953125
2008-03-21,24.189855575561523
2008-03-24,25.530563354492188
2008-03-25,25.387929916381836
2008-03-26,25.473512649536133
2008-03-27,24.67479133605957
2008-03-28,24.817426681518555
2008-03-31,25.70171546936035
2008-04-01,26.557497024536133
2008-04-02,28.411666870117188
2008-04-03,28.525766372680664
2008-04-07,28.66839027404785
2008-04-08,27.926727294921875
2008-04-09,26.528966903686523
2008-04-10,27.38473892211914
2008-04-11,28.211986541748047
2008-04-14,27.356216430664062
2008-04-15,27.926727294921875
2008-04-16,29.381547927856445
2008-04-17,30.807828903198242
2008-04-18,30.522571563720703
2008-04-21,32.091487884521484
2008-04-22,32.37674331665039
2008-04-23,32.37674331665039
2008-04-24,31.663606643676758
2008-04-25,33.80303955078125
2008-04-28,33.517784118652344
2008-04-29,32.66200256347656
2008-04-30,32.947265625
2008-05-02,31.948867797851562
2008-05-05,31.37834930419922
2008-05-06,33.517784118652344
2008-05-07,35.79983901977539
2008-05-08,35.942466735839844
2008-05-09,34.230926513671875
2008-05-12,35.086692810058594
2008-05-13,35.086692810058594
2008-05-14,35.086692810058594
2008-05-15,35.086692810058594
2008-05-16,35.086692810058594
2008-05-19,34.94407653808594
2008-05-20,33.517784118652344
2008-05-21,33.08989334106445
2008-05-22,32.80463409423828
2008-05-23,30.522571563720703
2008-05-26,29.524171829223633
2008-05-27,30.094680786132812
2008-05-28,28.097885131835938
2008-05-29,28.097885131835938
2008-05-30,27.042430877685547
2008-06-02,28.811025619506836
2008-06-03,29.809429168701172
2008-06-04,30.522571563720703
2008-06-05,31.948867797851562
2008-06-06,30.522571563720703
2008-06-09,30.807828903198242
2008-06-10,28.95365333557129
2008-06-11,30.379934310913086
2008-06-12,29.524171829223633
2008-06-13,30.094680786132812
2008-06-16,28.383140563964844
2008-06-17,29.096282958984375
2008-06-18,28.154935836791992
2008-06-19,27.299161911010742
2008-06-20,26.928325653076172
2008-06-23,27.356216430664062
2008-06-24,25.444984436035156
2008-06-25,24.446584701538086
2008-06-26,24.3895320892334
2008-06-27,22.82061767578125
2008-06-30,22.27862548828125
2008-07-01,22.64946174621582
2008-07-02,24.218381881713867
2008-07-03,25.90139389038086
2008-07-04,24.874479293823242
2008-07-07,25.673192977905273
2008-07-08,23.990171432495117
2008-07-09,24.817426681518555
2008-07-10,25.245304107666016
2008-07-11,25.70171546936035
2008-07-14,25.815820693969727
2008-07-15,24.532163619995117
2008-07-16,24.161325454711914
2008-07-17,25.844345092773438
2008-07-18,25.15972328186035
2008-07-21,25.95844841003418
2008-07-22,26.643068313598633
2008-07-23,25.473512649536133
2008-07-24,25.758769989013672
2008-07-25,23.961645126342773
2008-07-28,25.14774513244629
2008-07-29,22.906192779541016
2008-07-30,22.193052291870117
2008-07-31,21.993371963500977
2008-08-01,21.337270736694336
2008-08-04,21.166118621826172
2008-08-05,20.2532958984375
2008-08-06,21.622533798217773
2008-08-07,24.279552459716797
2008-08-08,24.361003875732422
2008-08-11,24.64626693725586
2008-08-12,25.188247680664062
2008-08-13,24.960052490234375
2008-08-14,25.188247680664062
2008-08-15,24.988576889038086
2008-08-18,24.27543067932129
2008-08-19,24.3895320892334
2008-08-20,24.246904373168945
2008-08-21,23.761960983276367
2008-08-22,23.53376007080078
2008-08-25,23.53376007080078
2008-08-26,23.334077835083008
2008-08-27,23.961645126342773
2008-08-28,24.047222137451172
2008-08-29,23.733436584472656
2008-09-01,23.961645126342773
2008-09-02,24.104280471801758
2008-09-03,22.763565063476562
2008-09-04,22.763565063476562
2008-09-05,22.82061767578125
2008-09-08,23.64786720275879
2008-09-09,22.735042572021484
2008-09-10,22.82061767578125
2008-09-11,22.67799186706543
2008-09-12,21.96484375
2008-09-15,20.45297622680664
2008-09-16,19.026687622070312
2008-09-17,17.714500427246094
2008-09-18,16.35485076904297
2008-09-19,17.470678329467773
2008-09-22,18.235816955566406
2008-09-23,18.714031219482422
2008-09-24,18.55462646484375
2008-09-25,18.55462646484375
2008-09-26,17.279390335083008
2008-09-29,18.134729385375977
2008-09-30,16.099807739257812
2008-10-01,16.673662185668945
2008-10-02,16.25920867919922
2008-10-03,17.21563148498535
2008-10-06,16.227327346801758
2008-10-07,16.41861343383789
2008-10-08,15.398430824279785
2008-10-09,15.7012939453125
2008-10-13,16.7374210357666
2008-10-14,17.885133743286133
2008-10-15,18.140178680419922
2008-10-16,17.534440994262695
2008-10-17,16.9287052154541
2008-10-20,17.21563148498535
2008-10-21,17.21563148498535
2008-10-22,17.21563148498535
2008-10-23,16.64177703857422
2008-10-24,16.06792449951172
2008-10-27,15.302787780761719
2008-10-28,15.462189674377441
2008-10-29,15.780998229980469
2008-10-30,16.864944458007812
2008-10-31,17.69384765625
2008-11-03,17.69384765625
2008-11-04,17.534440994262695
2008-11-05,17.534440994262695
2008-11-06,16.32297134399414
2008-11-07,16.41861343383789
2008-11-10,16.32297134399414
2008-11-11,16.06792449951172
2008-11-12,16.131685256958008
2008-11-13,15.462189674377441
2008-11-14,15.510010719299316
2008-11-17,14.537646293640137
2008-11-18,13.62904167175293
2008-11-19,13.039247512817383
2008-11-20,12.130645751953125
2008-11-21,12.624796867370605
2008-11-24,12.736380577087402
2008-11-25,13.613103866577148
2008-11-26,13.597164154052734
2008-11-27,14.537646293640137
2008-11-28,14.537646293640137
2008-12-01,14.82457447052002
2008-12-02,13.78844928741455
2008-12-03,13.995673179626465
2008-12-04,14.12319564819336
2008-12-05,13.900031089782715
2008-12-08,14.872394561767578
2008-12-09,15.302787780761719
2008-12-10,16.25920867919922
2008-12-11,17.151872634887695
2008-12-12,15.97227954864502
2008-12-15,16.482378005981445
2008-12-16,16.54613494873047
2008-12-17,16.83306312561035
2008-12-18,17.980777740478516
2008-12-19,19.224123001098633
2008-12-22,19.128482818603516
2008-12-23,18.203937530517578
2008-12-24,18.203937530517578
2008-12-25,19.447290420532227
2008-12-26,19.192245483398438
2008-12-29,19.096603393554688
2008-12-30,19.989267349243164
2008-12-31,19.287887573242188
2009-01-02,19.287887573242188
2009-01-05,19.16036033630371
2009-01-06,19.54293441772461
2009-01-07,20.881929397583008
2009-01-08,20.08490562438965
2009-01-09,19.766098022460938
2009-01-12,19.000961303710938
2009-01-13,18.714031219482422
2009-01-14,20.021142959594727
2009-01-15,18.682147979736328
2009-01-16,18.969079971313477
2009-01-19,19.383527755737305
2009-01-20,19.000961303710938
2009-01-21,19.192245483398438
2009-02-02,20.53123664855957
2009-02-03,21.073213577270508
2009-02-04,21.997756958007812
2009-02-05,21.615184783935547
2009-02-06,22.699129104614258
2009-02-09,21.96587371826172
2009-02-10,22.475967407226562
2009-02-11,22.571603775024414
2009-02-12,21.009449005126953
2009-02-13,21.136974334716797
2009-02-16,20.56311798095703
2009-02-17,19.70233726501465
2009-02-18,20.33995246887207
2009-02-19,20.244306564331055
2009-02-20,19.734220504760742
2009-02-23,21.105093002319336
2009-02-24,21.20073127746582
2009-02-25,21.360139846801758
2009-02-26,21.933990478515625
2009-02-27,22.571603775024414
2009-03-02,21.487661361694336
2009-03-03,21.742708206176758
2009-03-04,21.8702335357666
2009-03-05,22.412200927734375
2009-03-06,22.73101043701172
2009-03-09,22.252805709838867
2009-03-10,22.316556930541992
2009-03-11,21.997756958007812
2009-03-12,22.316556930541992
2009-03-13,22.794776916503906
2009-03-16,22.92229652404785
2009-03-17,22.316556930541992
2009-03-18,22.06151580810547
2009-03-19,21.6789493560791
2009-03-20,21.6789493560791
2009-03-23,22.475967407226562
2009-03-24,22.412200927734375
2009-03-25,23.974363327026367
2009-03-26,25.632165908813477
2009-03-27,25.919092178344727
2009-03-30,24.13376808166504
2009-03-31,23.591793060302734
2009-04-02,24.229408264160156
2009-04-03,24.197528839111328
2009-04-06,24.38882064819336
2009-04-07,25.345237731933594
2009-04-08,25.60028648376465
2009-04-09,27.098690032958984
2009-04-10,27.098690032958984
2009-04-13,26.939279556274414
2009-04-14,27.066804885864258
2009-04-15,28.78837013244629
2009-04-16,29.744789123535156
2009-04-17,27.80006217956543
2009-04-20,27.927583694458008
2009-04-21,28.34203338623047
2009-04-22,29.617271423339844
2009-04-23,29.2984619140625
2009-04-24,29.330345153808594
2009-04-27,27.28997039794922
2009-04-28,27.831945419311523
2009-04-29,27.098690032958984
2009-04-30,28.979652404785156
2009-05-04,30.254878997802734
2009-05-05,29.64914894104004
2009-05-06,31.721403121948242
2009-05-07,30.70121955871582
2009-05-08,31.561996459960938
2009-05-11,31.083786010742188
2009-05-12,29.776660919189453
2009-05-13,29.489742279052734
2009-05-14,29.362218856811523
2009-05-15,29.202816009521484
2009-05-18,29.58537483215332
2009-05-19,30.254878997802734
2009-05-20,30.031715393066406
2009-05-21,29.17093276977539
2009-05-22,28.437671661376953
2009-05-25,27.736299514770508
2009-05-26,26.971160888671875
2009-05-27,27.353727340698242
2009-06-01,26.14226531982422
2009-06-02,27.00303840637207
2009-06-03,26.237899780273438
2009-06-04,27.098690032958984
2009-06-05,26.556713104248047
2009-06-08,25.727807998657227
2009-06-09,25.185834884643555
2009-06-10,25.664051055908203
2009-06-11,26.301660537719727
2009-06-12,25.664051055908203
2009-06-15,24.070005416870117
2009-06-16,25.504642486572266
2009-06-17,24.739500045776367
2009-06-18,24.45257568359375
2009-06-19,24.835147857666016
2009-06-22,25.60028648376465
2009-06-23,25.345237731933594
2009-06-24,25.759689331054688
2009-06-25,26.17413902282715
2009-06-26,26.46106719970703
2009-06-29,26.110376358032227
2009-06-30,26.46106719970703
2009-07-01,26.556713104248047
2009-07-02,26.811756134033203
2009-07-03,27.098690032958984
2009-07-06,27.098690032958984
2009-07-07,27.895702362060547
2009-07-08,27.5768985748291
2009-07-09,27.672544479370117
2009-07-10,28.086990356445312
2009-07-13,27.64065933227539
2009-07-14,28.310157775878906
2009-07-15,29.489742279052734
2009-07-16,29.234695434570312
2009-07-17,31.275062561035156
2009-07-20,32.83722686767578
2009-07-21,32.3590202331543
2009-07-22,32.51841735839844
2009-07-23,32.04020690917969
2009-07-24,32.83722686767578
2009-07-27,32.83722686767578
2009-07-28,33.156036376953125
2009-07-29,33.156036376953125
2009-07-30,31.7851619720459
2009-07-31,33.31544494628906
2009-08-03,33.4748420715332
2009-08-04,32.04020690917969
2009-08-05,31.243186950683594
2009-08-06,33.31544494628906
2009-08-07,34.96455764770508
2009-08-10,33.95305633544922
2009-08-11,36.18470764160156
2009-08-12,36.18470764160156
2009-08-13,36.3441162109375
2009-08-14,36.18470764160156
2009-08-17,34.75007247924805
2009-08-18,34.11246109008789
2009-08-19,35.06888198852539
2009-08-20,35.06888198852539
2009-08-21,32.67782974243164
2009-08-24,34.4312629699707
2009-08-25,34.59067153930664
2009-08-26,33.79365158081055
2009-08-27,34.11246109008789
2009-08-28,34.27186584472656
2009-08-31,34.909481048583984
2009-09-01,37.300540924072266
2009-09-02,38.735172271728516
2009-09-03,39.071144104003906
2009-09-04,38.89902114868164
2009-09-07,39.759613037109375
2009-09-08,38.03841781616211
2009-09-09,37.177825927734375
2009-09-10,38.03841781616211
2009-09-11,38.38266372680664
2009-09-14,38.554779052734375
2009-09-15,39.24325942993164
2009-09-16,39.24325942993164
2009-09-17,39.24325942993164
2009-09-18,39.93173599243164
2009-09-21,39.759613037109375
2009-09-22,39.41537857055664
2009-09-23,38.38266372680664
2009-09-24,38.03841781616211
2009-09-25,38.38266372680664
2009-09-28,38.38266372680664
2009-09-29,39.071144104003906
2009-09-30,39.58750534057617
2009-10-01,39.071144104003906
2009-10-02,39.24325942993164
2009-10-05,40.10385513305664
2009-10-06,39.759613037109375
2009-10-07,40.62022018432617
2009-10-08,38.89902114868164
2009-10-09,39.41537857055664
2009-10-12,40.10385513305664
2009-10-13,40.448097229003906
2009-10-14,41.13656997680664
2009-10-15,40.448097229003906
2009-10-16,40.448097229003906
2009-10-19,39.93173599243164
2009-10-20,39.58750534057617
2009-10-21,39.24325942993164
2009-10-22,38.21055221557617
2009-10-23,38.554779052734375
2009-10-26,38.554779052734375
2009-10-27,38.726905822753906
2009-10-28,38.21055221557617
2009-10-29,36.489349365234375
2009-10-30,35.628746032714844
2009-11-02,35.80086898803711
2009-11-03,36.317230224609375
2009-11-04,36.83358383178711
2009-11-05,35.80086898803711
2009-11-06,35.80086898803711
2009-11-09,35.456626892089844
2009-11-10,35.628746032714844
2009-11-11,35.80086898803711
2009-11-12,37.00571060180664
2009-11-13,36.317230224609375
2009-11-16,36.66146469116211
2009-11-17,35.80086898803711
2009-11-18,36.14509582519531
2009-11-19,35.97298812866211
2009-11-20,35.97298812866211
2009-11-23,35.456626892089844
2009-11-24,36.14509582519531
2009-11-25,35.80086898803711
2009-11-26,35.628746032714844
2009-11-27,34.42391586303711
2009-11-30,34.76814651489258
2009-12-01,34.42391586303711
2009-12-02,34.940269470214844
2009-12-03,35.628746032714844
2009-12-04,34.38949203491211
2009-12-07,35.456626892089844
2009-12-08,35.97298812866211
2009-12-09,35.456626892089844
2009-12-10,35.284507751464844
2009-12-11,35.628746032714844
2009-12-14,35.456626892089844
2009-12-15,35.284507751464844
2009-12-16,35.628746032714844
2009-12-17,38.03841781616211
2009-12-18,38.03841781616211
2009-12-21,37.52206039428711
2009-12-22,38.89902114868164
2009-12-23,40.10385513305664
2009-12-24,41.48080825805664
2009-12-25,40.96446228027344
2009-12-28,40.96446228027344
2009-12-29,40.96446228027344
2009-12-30,41.13656997680664
2009-12-31,41.30869674682617
2010-01-04,41.30869674682617
2010-01-05,39.24325942993164
2010-01-06,39.24325942993164
2010-01-07,38.89902114868164
2010-01-08,38.89902114868164
2010-01-11,38.03841781616211
2010-01-12,38.38266372680664
2010-01-13,38.38266372680664
2010-01-14,38.89902114868164
2010-01-15,39.24325942993164
2010-01-18,38.554779052734375
2010-01-19,37.177825927734375
2010-01-20,37.34994125366211
2010-01-21,37.34994125366211
2010-01-22,36.83358383178711
2010-01-25,37.00571060180664
2010-01-26,34.76814651489258
2010-01-27,34.76814651489258
2010-01-28,35.97298812866211
2010-01-29,35.80086898803711
2010-02-01,35.628746032714844
2010-02-02,34.940269470214844
2010-02-03,36.14509582519531
2010-02-04,36.14509582519531
2010-02-05,34.42391586303711
2010-02-08,35.456626892089844
2010-02-09,36.489349365234375
2010-02-10,36.14509582519531
2010-02-22,36.66146469116211
2010-02-23,37.177825927734375
2010-02-24,37.00571060180664
2010-02-25,36.83358383178711
2010-02-26,37.34994125366211
2010-03-01,37.694183349609375
2010-03-02,37.52206039428711
2010-03-03,37.694183349609375
2010-03-04,37.177825927734375
2010-03-05,37.52206039428711
2010-03-08,38.03841781616211
2010-03-09,38.89902114868164
2010-03-10,38.554779052734375
2010-03-11,37.866310119628906
2010-03-12,38.21055221557617
2010-03-15,38.21055221557617
2010-03-16,38.38266372680664
2010-03-17,39.071144104003906
2010-03-18,39.071144104003906
2010-03-19,38.89902114868164
2010-03-22,38.38266372680664
2010-03-23,38.38266372680664
2010-03-24,38.03841781616211
2010-03-25,38.21055221557617
2010-03-26,39.071144104003906
2010-03-29,39.24325942993164
2010-03-30,39.24325942993164
2010-03-31,39.58750534057617
2010-04-01,39.58750534057617
2010-04-02,39.41537857055664
2010-04-06,40.448097229003906
2010-04-07,40.62022018432617
2010-04-08,40.275970458984375
2010-04-09,39.58750534057617
2010-04-12,39.58750534057617
2010-04-13,40.62022018432617
2010-04-14,40.275970458984375
2010-04-15,40.10385513305664
2010-04-16,39.41537857055664
2010-04-19,38.554779052734375
2010-04-20,38.21055221557617
2010-04-21,38.554779052734375
2010-04-22,37.866310119628906
2010-04-23,37.866310119628906
2010-04-26,37.52206039428711
2010-04-27,37.694183349609375
2010-04-28,37.34994125366211
2010-04-29,36.83358383178711
2010-04-30,34.286216735839844
2010-05-03,35.80086898803711
2010-05-04,35.80086898803711
2010-05-05,33.976402282714844
2010-05-06,34.11409378051758
2010-05-07,32.42732620239258
2010-05-10,32.53059387207031
2010-05-11,31.87653923034668
2010-05-12,30.80940055847168
2010-05-13,31.394609451293945
2010-05-14,31.670000076293945
2010-05-17,30.70612907409668
2010-05-18,30.396318435668945
2010-05-19,30.499582290649414
2010-05-20,30.224191665649414
2010-05-21,30.224191665649414
2010-05-24,30.602853775024414
2010-05-25,28.468576431274414
2010-05-26,27.29816246032715
2010-05-27,28.64069366455078
2010-05-28,28.84724235534668
2010-05-31,28.98493194580078
2010-06-01,29.122631072998047
2010-06-02,29.08820915222168
2010-06-03,30.258617401123047
2010-06-04,30.258617401123047
2010-06-07,29.225900650024414
2010-06-08,29.707836151123047
2010-06-09,28.81280517578125
2010-06-10,29.432445526123047
2010-06-11,29.94879913330078
2010-06-14,30.534008026123047
2010-06-15,30.499582290649414
2010-06-17,30.637283325195312
2010-06-18,30.327470779418945
2010-06-21,30.774980545043945
2010-06-22,30.602853775024414
2010-06-23,31.050365447998047
2010-06-24,30.98151969909668
2010-06-25,29.98322296142578
2010-06-28,29.604562759399414
2010-06-29,29.94879913330078
2010-06-30,29.466873168945312
2010-07-01,29.39801788330078
2010-07-02,29.363597869873047
2010-07-05,29.570138931274414
2010-07-06,30.671701431274414
2010-07-07,30.671701431274414
2010-07-08,31.842117309570312
2010-07-09,31.738845825195312
2010-07-12,32.151939392089844
2010-07-13,31.670000076293945
2010-07-14,31.773277282714844
2010-07-15,31.670000076293945
2010-07-16,31.49787712097168
2010-07-19,32.151939392089844
2010-07-20,32.66828918457031
2010-07-21,32.18635940551758
2010-07-22,32.04865646362305
2010-07-23,31.945388793945312
2010-07-26,30.602853775024414
2010-07-27,31.015947341918945
2010-07-28,31.256912231445312
2010-07-29,30.98151969909668
2010-07-30,30.74054718017578
2010-08-02,31.325756072998047
2010-08-03,31.360177993774414
2010-08-04,31.18806266784668
2010-08-05,31.360177993774414
2010-08-06,31.360177993774414
2010-08-09,31.256912231445312
2010-08-10,30.947097778320312
2010-08-11,31.015947341918945
2010-08-12,30.017648696899414
2010-08-13,29.879953384399414
2010-08-16,29.604562759399414
2010-08-17,29.570138931274414
2010-08-18,29.63899040222168
2010-08-19,29.466873168945312
2010-08-20,29.053781509399414
2010-08-23,28.881664276123047
2010-08-24,28.67511558532715
2010-08-25,28.19318199157715
2010-08-26,28.15875816345215
2010-08-27,28.296449661254883
2010-08-30,28.22761344909668
2010-08-31,28.399730682373047
2010-09-01,28.537425994873047
2010-09-02,28.98493194580078
2010-09-03,29.157054901123047
2010-09-06,29.84553337097168
2010-09-07,29.53571319580078
2010-09-08,28.238037109375
2010-09-09,27.904956817626953
2010-09-10,28.090002059936523
2010-09-13,28.164016723632812
2010-09-14,28.64513397216797
2010-09-15,28.978225708007812
2010-09-16,28.793176651000977
2010-09-17,28.719158172607422
2010-09-20,28.49710464477539
2010-09-21,29.274293899536133
2010-09-23,29.311302185058594
2010-09-24,28.793176651000977
2010-09-27,28.793176651000977
2010-09-28,29.274293899536133
2010-09-29,29.237279891967773
2010-09-30,29.792423248291016
2010-10-01,29.97746467590332
2010-10-04,29.644384384155273
2010-10-05,29.45933723449707
2010-10-06,29.570362091064453
2010-10-07,29.60737419128418
2010-10-08,29.496347427368164
2010-10-11,29.60737419128418
2010-10-12,28.756166458129883
2010-10-13,28.719158172607422
2010-10-14,28.904203414916992
2010-10-15,28.386079788208008
2010-10-18,28.015979766845703
2010-10-19,28.127012252807617
2010-10-20,28.164016723632812
2010-10-21,27.830930709838867
2010-10-22,28.015979766845703
2010-10-25,28.904203414916992
2010-10-26,28.904203414916992
2010-10-27,28.164016723632812
2010-10-28,28.64513397216797
2010-10-29,28.164016723632812
2010-11-01,26.49860382080078
2010-11-02,26.276546478271484
2010-11-03,26.64664077758789
2010-11-04,26.68364715576172
2010-11-05,27.090749740600586
2010-11-08,26.720657348632812
2010-11-09,26.831689834594727
2010-11-10,26.942710876464844
2010-11-11,26.905710220336914
2010-11-12,26.68364715576172
2010-11-15,26.68364715576172
2010-11-16,26.68364715576172
2010-11-17,26.276546478271484
2010-11-18,26.461591720581055
2010-11-19,26.35055923461914
2010-11-22,26.572620391845703
2010-11-23,26.49860382080078
2010-11-24,26.609630584716797
2010-11-25,26.609630584716797
2010-11-26,26.609630584716797
2010-11-29,26.35055923461914
2010-11-30,26.276546478271484
2010-12-01,26.64664077758789
2010-12-02,27.090749740600586
2010-12-03,26.905710220336914
2010-12-06,26.794675827026367
2010-12-07,26.979721069335938
2010-12-08,26.942710876464844
2010-12-09,27.27579116821289
2010-12-10,27.94196319580078
2010-12-13,28.978225708007812
2010-12-14,28.978225708007812
2010-12-15,29.089244842529297
2010-12-16,29.200275421142578
2010-12-17,30.125503540039062
2010-12-20,29.45933723449707
2010-12-21,29.12626075744629
2010-12-22,29.422325134277344
2010-12-23,29.16326332092285
2010-12-24,28.941211700439453
2010-12-27,28.793176651000977
2010-12-28,29.0522403717041
2010-12-29,28.312053680419922
2010-12-30,28.60812759399414
2010-12-31,29.237279891967773
2011-01-03,29.385316848754883
2011-01-04,29.60737419128418
2011-01-05,29.97746467590332
2011-01-06,30.162519454956055
2011-01-07,30.532611846923828
2011-01-10,30.310550689697266
2011-01-11,30.902700424194336
2011-01-12,30.865690231323242
2011-01-13,31.30980110168457
2011-01-14,31.161760330200195
2011-01-17,31.161760330200195
2011-01-18,31.383825302124023
2011-01-19,31.753910064697266
2011-01-20,31.753910064697266
2011-01-21,32.938209533691406
2011-01-24,32.64213180541992
2011-01-25,31.827926635742188
2011-01-26,32.04998779296875
2011-01-27,32.12400817871094
2011-01-28,32.012977600097656
2011-02-08,32.23503112792969
2011-02-09,31.679893493652344
2011-02-10,30.42157554626465
2011-02-11,30.532611846923828
2011-02-14,30.014480590820312
2011-02-15,30.125503540039062
2011-02-16,31.272790908813477
2011-02-17,30.643632888793945
2011-02-18,30.273540496826172
2011-02-21,30.310550689697266
2011-02-22,29.75541114807129
2011-02-23,29.16326332092285
2011-02-24,29.015230178833008
2011-02-25,28.86719512939453
2011-03-01,28.86719512939453
2011-03-02,28.83017921447754
2011-03-03,29.237279891967773
2011-03-04,29.200275421142578
2011-03-07,29.089244842529297
2011-03-08,29.237279891967773
2011-03-09,29.274293899536133
2011-03-10,28.793176651000977
2011-03-11,28.682147979736328
2011-03-14,28.904203414916992
2011-03-15,28.83017921447754
2011-03-16,28.86719512939453
2011-03-17,27.978965759277344
2011-03-18,27.645885467529297
2011-03-21,27.719907760620117
2011-03-22,27.867948532104492
2011-03-23,28.423080444335938
2011-03-24,30.384565353393555
2011-03-25,29.34831428527832
2011-03-28,29.089244842529297
2011-03-29,29.60737419128418
2011-03-30,29.75541114807129
2011-03-31,29.75541114807129
2011-04-01,29.75541114807129
2011-04-06,31.087743759155273
2011-04-07,31.124757766723633
2011-04-08,31.272790908813477
2011-04-11,31.087743759155273
2011-04-12,30.7176570892334
2011-04-13,30.458587646484375
2011-04-14,30.34756851196289
2011-04-15,29.82942771911621
2011-04-18,30.051481246948242
2011-04-19,29.60737419128418
2011-04-20,30.34756851196289
2011-04-21,29.792423248291016
2011-04-22,30.125503540039062
2011-04-25,30.42157554626465
2011-04-26,30.82868003845215
2011-04-27,31.050737380981445
2011-04-28,31.45783805847168
2011-04-29,31.087743759155273
2011-05-03,31.087743759155273
2011-05-04,31.45783805847168
2011-05-05,31.642887115478516
2011-05-06,31.642887115478516
2011-05-09,30.902700424194336
2011-05-10,31.013731002807617
2011-05-11,31.420827865600586
2011-05-12,31.568862915039062
2011-05-13,31.53185272216797
2011-05-16,31.050737380981445
2011-05-17,30.754663467407227
2011-05-18,30.902700424194336
2011-05-19,29.90345001220703
2011-05-20,28.49710464477539
2011-05-23,29.34831428527832
2011-05-24,29.60737419128418
2011-05-25,28.86719512939453
2011-05-26,28.53411293029785
2011-05-27,29.089244842529297
2011-05-30,29.311302185058594
2011-05-31,31.235776901245117
2011-06-01,30.82868003845215
2011-06-02,30.458587646484375
2011-06-03,30.7176570892334
2011-06-07,30.49559783935547
2011-06-08,30.310550689697266
2011-06-09,30.60662269592285
2011-06-10,30.19951629638672
2011-06-13,29.533363342285156
2011-06-14,30.162519454956055
2011-06-15,30.791662216186523
2011-06-16,30.310550689697266
2011-06-17,30.754663467407227
2011-06-20,30.34756851196289
2011-06-21,30.458587646484375
2011-06-22,31.198774337768555
2011-06-23,30.93971061706543
2011-06-24,31.420827865600586
2011-06-27,31.420827865600586
2011-06-28,31.161760330200195
2011-06-29,30.865690231323242
2011-06-30,31.235776901245117
2011-07-01,31.198774337768555
2011-07-04,30.7176570892334
2011-07-05,31.087743759155273
2011-07-06,30.754663467407227
2011-07-07,31.087743759155273
2011-07-08,30.310550689697266
2011-07-11,29.82942771911621
2011-07-12,29.385316848754883
2011-07-13,29.82942771911621
2011-07-14,30.051481246948242
2011-07-15,30.0884952545166
2011-07-18,30.051481246948242
2011-07-19,30.358169555664062
2011-07-20,30.742450714111328
2011-07-21,30.819305419921875
2011-07-22,30.97301483154297
2011-07-25,30.24288558959961
2011-07-26,30.24288558959961
2011-07-27,30.24288558959961
2011-07-28,30.16602897644043
2011-07-29,29.973892211914062
2011-08-01,30.358169555664062
2011-08-02,30.358169555664062
2011-08-03,30.28131103515625
2011-08-04,29.935453414916992
2011-08-05,27.860347747802734
2011-08-08,25.938941955566406
2011-08-09,24.363391876220703
2011-08-10,25.285667419433594
2011-08-11,25.631513595581055
2011-08-12,24.93981170654297
2011-08-15,25.708372116088867
2011-08-16,25.285667419433594
2011-08-17,25.285667419433594
2011-08-18,23.748538970947266
2011-08-19,22.787841796875
2011-08-22,22.903125762939453
2011-08-23,23.786970138549805
2011-08-24,23.517976760864258
2011-08-25,23.248973846435547
2011-08-26,23.748538970947266
2011-08-29,25.093523025512695
2011-08-30,25.977365493774414
2011-08-31,25.554656982421875
2011-09-01,26.20794105529785
2011-09-02,26.13108253479004
2011-09-05,24.978242874145508
2011-09-06,24.440242767333984
2011-09-07,24.93981170654297
2011-09-08,24.978242874145508
2011-09-09,24.670818328857422
2011-09-13,24.401819229125977
2011-09-14,24.171249389648438
2011-09-15,24.632387161254883
2011-09-16,24.901386260986328
2011-09-19,24.670818328857422
2011-09-20,25.05509376525879
2011-09-21,25.05509376525879
2011-09-22,24.017536163330078
2011-09-23,23.364255905151367
2011-09-26,22.172992706298828
2011-09-27,23.133691787719727
2011-09-28,23.05683708190918
2011-09-29,23.441118240356445
2011-09-30,23.210552215576172
2011-10-03,22.595701217651367
2011-10-04,23.018409729003906
2011-10-05,22.787841796875
2011-10-06,22.864696502685547
2011-10-07,23.82539939880371
2011-10-11,24.555530548095703
2011-10-12,24.670818328857422
2011-10-13,24.440242767333984
2011-10-14,24.209672927856445
2011-10-17,24.59395980834961
2011-10-18,24.555530548095703
2011-10-19,24.824522018432617
2011-10-20,24.401819229125977
2011-10-21,24.555530548095703
2011-10-24,25.20880889892578
2011-10-25,24.86294937133789
2011-10-26,25.20880889892578
2011-10-27,25.170377731323242
2011-10-28,26.246368408203125
2011-10-31,27.168636322021484
2011-11-01,26.938066482543945
2011-11-02,26.438505172729492
2011-11-03,26.015796661376953
2011-11-04,26.630647659301758
2011-11-07,26.707502365112305
2011-11-08,26.40007972717285
2011-11-09,26.707502365112305
2011-11-10,25.631513595581055
2011-11-11,25.631513595581055
2011-11-14,26.476938247680664
2011-11-15,26.438505172729492
2011-11-16,26.745927810668945
2011-11-17,27.283924102783203
2011-11-18,26.553787231445312
2011-11-21,25.938941955566406
2011-11-22,25.708372116088867
2011-11-23,25.40094757080078
2011-11-24,25.362525939941406
2011-11-25,24.747669219970703
2011-11-28,25.593088150024414
2011-11-29,25.746803283691406
2011-11-30,25.862085342407227
2011-12-01,27.552919387817383
2011-12-02,28.014057159423828
2011-12-05,27.552919387817383
2011-12-06,26.97649574279785
2011-12-07,28.052480697631836
2011-12-08,28.552051544189453
2011-12-09,27.437633514404297
2011-12-12,28.398334503173828
2011-12-13,28.628904342651367
2011-12-14,29.12847137451172
2011-12-15,28.552051544189453
2011-12-16,28.20619773864746
2011-12-19,27.322345733642578
2011-12-20,28.28305435180664
2011-12-21,29.013187408447266
2011-12-22,29.781747817993164
2011-12-23,30.896160125732422
2011-12-26,30.627159118652344
2011-12-27,30.20445442199707
2011-12-28,30.319746017456055
2011-12-29,30.435022354125977
2011-12-30,30.435022354125977
2012-01-02,29.205324172973633
2012-01-03,29.12847137451172
2012-01-04,28.705760955810547
2012-01-05,28.821041107177734
2012-01-06,29.82017707824707
2012-01-09,29.89703369140625
2012-01-10,30.050743103027344
2012-01-11,29.43589210510254
2012-01-12,29.58960723876953
2012-01-13,29.397464752197266
2012-01-16,29.43589210510254
2012-01-17,29.82017707824707
2012-01-18,29.58960723876953
2012-01-30,30.819305419921875
2012-01-31,30.627159118652344
2012-02-01,30.28131103515625
2012-02-02,31.78000259399414
2012-02-03,33.58612823486328
2012-02-06,33.00970458984375
2012-02-07,32.663856506347656
2012-02-08,34.00883865356445
2012-02-09,34.23939895629883
2012-02-10,33.547698974609375
2012-02-13,33.00970458984375
2012-02-14,31.70315170288086
2012-02-15,32.279571533203125
2012-02-16,31.31886863708496
2012-02-17,32.31800079345703
2012-02-20,32.279571533203125
2012-02-21,31.741575241088867
2012-02-22,31.89529800415039
2012-02-23,31.58786392211914
2012-02-24,31.58786392211914
2012-02-29,33.77826690673828
2012-03-01,32.85599136352539
2012-03-02,31.972145080566406
2012-03-05,31.511016845703125
2012-03-06,31.31886863708496
2012-03-07,31.357288360595703
2012-03-08,31.58786392211914
2012-03-09,31.58786392211914
2012-03-12,31.165164947509766
2012-03-13,31.31886863708496
2012-03-14,31.511016845703125
2012-03-15,32.125858306884766
2012-03-16,31.70315170288086
2012-03-19,31.89529800415039
2012-03-20,31.24201202392578
2012-03-21,30.550304412841797
2012-03-22,31.47258186340332
2012-03-23,32.81756591796875
2012-03-26,32.663856506347656
2012-03-27,32.087425231933594
2012-03-28,32.43327713012695
2012-03-29,32.087425231933594
2012-03-30,32.74070358276367
2012-04-02,32.43327713012695
2012-04-03,32.087425231933594
2012-04-05,30.51188087463379
2012-04-06,31.203584671020508
2012-04-09,31.203584671020508
2012-04-10,31.165164947509766
2012-04-11,31.203584671020508
2012-04-12,31.203584671020508
2012-04-13,31.434162139892578
2012-04-16,30.704017639160156
2012-04-17,30.39659881591797
2012-04-18,30.358169555664062
2012-04-19,30.16602897644043
2012-04-20,29.858600616455078
2012-04-23,29.82017707824707
2012-04-24,30.16602897644043
2012-04-25,30.20445442199707
2012-04-26,30.16602897644043
2012-04-27,29.89703369140625
2012-04-30,30.08917236328125
2012-05-02,31.434162139892578
2012-05-03,31.31886863708496
2012-05-04,31.31886863708496
2012-05-07,31.011444091796875
2012-05-08,31.31886863708496
2012-05-09,31.165164947509766
2012-05-10,31.24201202392578
2012-05-11,31.165164947509766
2012-05-14,31.58786392211914
2012-05-15,31.70315170288086
2012-05-16,31.049875259399414
2012-05-17,31.5494327545166
2012-05-18,31.24201202392578
2012-05-21,31.5494327545166
2012-05-22,31.511016845703125
2012-05-23,31.395723342895508
2012-05-24,31.626293182373047
2012-05-25,31.434162139892578
2012-05-28,31.434162139892578
2012-05-29,32.01057434082031
2012-05-30,31.78000259399414
2012-05-31,32.58699417114258
2012-06-01,32.125858306884766
2012-06-04,31.511016845703125
2012-06-05,32.04899978637695
2012-06-06,31.434162139892578
2012-06-07,30.97301483154297
2012-06-08,30.97301483154297
2012-06-11,31.58786392211914
2012-06-12,31.856863021850586
2012-06-13,31.395723342895508
2012-06-14,30.819305419921875
2012-06-15,29.090036392211914
2012-06-18,30.358169555664062
2012-06-19,30.704017639160156
2012-06-20,30.588735580444336
2012-06-21,30.819305419921875
2012-06-22,30.550304412841797
2012-06-25,29.935453414916992
2012-06-26,30.28131103515625
2012-06-27,30.704017639160156
2012-06-28,30.97301483154297
2012-06-29,31.70315170288086
2012-07-02,31.58786392211914
2012-07-03,31.78000259399414
2012-07-04,32.125858306884766
2012-07-05,32.00245666503906
2012-07-06,32.0847282409668
2012-07-09,32.578338623046875
2012-07-10,32.00245666503906
2012-07-11,31.87904930114746
2012-07-12,31.262046813964844
2012-07-13,31.30317497253418
2012-07-16,31.961320877075195
2012-07-17,32.866275787353516
2012-07-18,32.496063232421875
2012-07-19,32.866275787353516
2012-07-20,33.318748474121094
2012-07-23,32.496063232421875
2012-07-24,32.701744079589844
2012-07-25,31.87904930114746
2012-07-26,32.0847282409668
2012-07-27,33.19534683227539
2012-07-30,33.318748474121094
2012-07-31,33.318748474121094
2012-08-01,33.93577194213867
2012-08-02,33.93577194213867
2012-08-03,33.318748474121094
2012-08-06,33.93577194213867
2012-08-07,34.14143753051758
2012-08-08,33.52442169189453
2012-08-09,33.73009490966797
2012-08-10,34.14143753051758
2012-08-13,34.10029983520508
2012-08-14,33.89462661743164
2012-08-15,33.73009490966797
2012-08-16,33.73009490966797
2012-08-17,33.60668182373047
2012-08-20,33.52442169189453
2012-08-21,33.40102005004883
2012-08-22,32.94853973388672
2012-08-23,32.907413482666016
2012-08-24,32.578338623046875
2012-08-27,32.82514953613281
2012-08-28,32.496063232421875
2012-08-29,31.87904930114746
2012-08-30,32.125858306884766
2012-08-31,32.33152770996094
2012-09-03,32.4138069152832
2012-09-04,32.33152770996094
2012-09-05,32.496063232421875
2012-09-06,32.2081298828125
2012-09-07,32.4138069152832
2012-09-10,32.29039764404297
2012-09-11,32.0847282409668
2012-09-12,32.00245666503906
2012-09-13,32.619476318359375
2012-09-14,32.537200927734375
2012-09-17,32.29039764404297
2012-09-18,32.04358673095703
2012-09-19,32.660606384277344
2012-09-20,32.0847282409668
2012-09-21,32.249263763427734
2012-09-24,32.125858306884766
2012-09-25,32.4138069152832
2012-09-26,32.4138069152832
2012-09-27,32.4138069152832
2012-09-28,32.619476318359375
2012-10-01,32.454933166503906
2012-10-02,32.619476318359375
2012-10-03,33.44215393066406
2012-10-04,33.52442169189453
2012-10-05,33.6478271484375
2012-10-08,33.44215393066406
2012-10-09,33.277618408203125
2012-10-11,32.660606384277344
2012-10-12,32.578338623046875
2012-10-15,32.249263763427734
2012-10-16,32.249263763427734
2012-10-17,32.166996002197266
2012-10-18,32.166996002197266
2012-10-19,32.04358673095703
2012-10-22,32.00245666503906
2012-10-23,32.29039764404297
2012-10-24,31.714519500732422
2012-10-25,31.30317497253418
2012-10-26,31.467714309692383
2012-10-29,30.398218154907227
2012-10-30,30.686159133911133
2012-10-31,30.233684539794922
2012-11-01,30.64501953125
2012-11-02,30.15142059326172
2012-11-05,30.439353942871094
2012-11-06,30.64501953125
2012-11-07,30.809560775756836
2012-11-08,30.64501953125
2012-11-09,30.64501953125
2012-11-12,30.56275749206543
2012-11-13,30.02800750732422
2012-11-14,30.357084274291992
2012-11-15,30.357084274291992
2012-11-16,30.27481460571289
2012-11-19,30.480484008789062
2012-11-20,30.52161979675293
2012-11-21,30.15142059326172
2012-11-22,30.192548751831055
2012-11-23,30.932960510253906
2012-11-26,31.262046813964844
2012-11-27,31.220905303955078
2012-11-28,31.09749984741211
2012-11-29,31.30317497253418
2012-11-30,32.29039764404297
2012-12-03,32.74286651611328
2012-12-04,32.82514953613281
2012-12-05,32.907413482666016
2012-12-06,33.07194900512695
2012-12-07,33.11307907104492
2012-12-10,32.907413482666016
2012-12-11,32.907413482666016
2012-12-12,33.19534683227539
2012-12-13,33.40102005004883
2012-12-14,33.35988998413086
2012-12-17,33.48329162597656
2012-12-18,33.565555572509766
2012-12-19,33.6478271484375
2012-12-20,33.48329162597656
2012-12-21,32.496063232421875
2012-12-24,32.866275787353516
2012-12-25,33.35988998413086
2012-12-26,33.277618408203125
2012-12-27,33.40102005004883
2012-12-28,33.23648452758789
2013-01-02,33.52442169189453
2013-01-03,33.73009490966797
2013-01-04,33.44215393066406
2013-01-07,33.6478271484375
2013-01-08,33.318748474121094
2013-01-09,33.318748474121094
2013-01-10,33.277618408203125
2013-01-11,33.11307907104492
2013-01-14,32.94853973388672
2013-01-15,33.40102005004883
2013-01-16,33.40102005004883
2013-01-17,33.40102005004883
2013-01-18,33.52442169189453
2013-01-21,33.40102005004883
2013-01-22,33.44215393066406
2013-01-23,33.52442169189453
2013-01-24,33.44215393066406
2013-01-25,33.35988998413086
2013-01-28,33.52442169189453
2013-01-29,33.52442169189453
2013-01-30,33.318748474121094
2013-01-31,33.19534683227539
2013-02-01,33.35988998413086
2013-02-04,33.40102005004883
2013-02-05,33.318748474121094
2013-02-06,33.48329162597656
2013-02-18,35.375465393066406
2013-02-19,35.29319763183594
2013-02-20,35.2109260559082
2013-02-21,35.04639434814453
2013-02-22,34.75844955444336
2013-02-25,34.96411895751953
2013-02-26,34.88185501098633
2013-02-27,34.75844955444336
2013-03-01,34.75844955444336
2013-03-04,35.70454025268555
2013-03-05,36.36268615722656
2013-03-06,36.609493255615234
2013-03-07,37.59671401977539
2013-03-08,38.58393859863281
2013-03-11,38.337127685546875
2013-03-12,38.131465911865234
2013-03-13,38.460540771484375
2013-03-14,38.83074188232422
2013-03-15,40.27044677734375
2013-03-18,39.077545166015625
2013-03-19,39.48889923095703
2013-03-20,39.69456481933594
2013-03-21,39.28322219848633
2013-03-22,39.98249816894531
2013-03-25,39.98249816894531
2013-03-26,40.06476974487305
2013-03-27,40.10590362548828
2013-03-28,39.81796646118164
2013-03-29,39.900238037109375
2013-04-01,40.188175201416016
2013-04-02,40.06476974487305
2013-04-03,41.54560089111328
2013-04-08,41.75127029418945
2013-04-09,40.517250061035156
2013-04-10,40.39384460449219
2013-04-11,39.900238037109375
2013-04-12,40.27044677734375
2013-04-15,40.43498229980469
2013-04-16,40.517250061035156
2013-04-17,41.75127029418945
2013-04-18,40.64065170288086
2013-04-19,41.13426208496094
2013-04-22,42.36829376220703
2013-04-23,42.57395935058594
2013-04-24,42.57395935058594
2013-04-25,41.956939697265625
2013-04-26,41.33993911743164
2013-04-29,41.13426208496094
2013-04-30,41.956939697265625
2013-05-02,41.956939697265625
2013-05-03,42.36829376220703
2013-05-06,42.36829376220703
2013-05-07,42.162620544433594
2013-05-08,41.956939697265625
2013-05-09,41.54560089111328
2013-05-10,41.33993911743164
2013-05-13,41.010860443115234
2013-05-14,40.476112365722656
2013-05-15,39.900238037109375
2013-05-16,40.31157684326172
2013-05-17,40.06476974487305
2013-05-20,39.94137191772461
2013-05-21,40.10590362548828
2013-05-22,40.10590362548828
2013-05-23,40.31157684326172
2013-05-24,39.900238037109375
2013-05-27,39.3654899597168
2013-05-28,38.66620635986328
2013-05-29,39.48889923095703
2013-05-30,39.4066162109375
2013-05-31,40.43498229980469
2013-06-03,40.31157684326172
2013-06-04,39.98249816894531
2013-06-05,40.517250061035156
2013-06-06,40.06476974487305
2013-06-07,40.517250061035156
2013-06-10,40.39384460449219
2013-06-11,40.06476974487305
2013-06-13,40.10590362548828
2013-06-14,38.91301345825195
2013-06-17,38.871883392333984
2013-06-18,38.66620635986328
2013-06-19,39.24208450317383
2013-06-20,40.31157684326172
2013-06-21,38.25486373901367
2013-06-24,38.83074188232422
2013-06-25,37.14424514770508
2013-06-26,38.008056640625
2013-06-27,38.25486373901367
2013-06-28,38.25486373901367
2013-07-01,39.48889923095703
2013-07-02,40.43498229980469
2013-07-03,39.730228424072266
2013-07-04,38.1885871887207
2013-07-05,37.88026428222656
2013-07-08,38.84929275512695
2013-07-09,38.1445426940918
2013-07-10,38.23263931274414
2013-07-11,38.452884674072266
2013-07-12,39.20166778564453
2013-07-15,39.64213943481445
2013-07-16,39.730228424072266
2013-07-17,40.214744567871094
2013-07-18,39.86236572265625
2013-07-19,40.170692443847656
2013-07-22,40.08259963989258
2013-07-23,40.08259963989258
2013-07-24,39.64213943481445
2013-07-25,38.49692153930664
2013-07-26,38.9814338684082
2013-07-29,38.1885871887207
2013-07-30,38.629058837890625
2013-07-31,38.320735931396484
2013-08-01,37.968353271484375
2013-08-02,38.10049819946289
2013-08-05,38.320735931396484
2013-08-06,38.408817291259766
2013-08-07,38.320735931396484
2013-08-08,37.704078674316406
2013-08-09,37.88026428222656
2013-08-12,37.88026428222656
2013-08-13,37.74811935424805
2013-08-14,38.452884674072266
2013-08-15,38.05644989013672
2013-08-16,38.364776611328125
2013-08-19,38.10049819946289
2013-08-20,37.836212158203125
2013-08-22,37.6159782409668
2013-08-23,37.57193374633789
2013-08-26,37.66002655029297
2013-08-27,37.66002655029297
2013-08-28,37.52788543701172
2013-08-29,37.88026428222656
2013-08-30,38.893348693847656
2013-09-02,38.761199951171875
2013-09-03,38.71715545654297
2013-09-04,38.761199951171875
2013-09-05,40.214744567871094
2013-09-06,39.730228424072266
2013-09-09,39.64213943481445
2013-09-10,40.08259963989258
2013-09-11,40.302833557128906
2013-09-12,40.302833557128906
2013-09-13,40.258785247802734
2013-09-16,40.43498229980469
2013-09-17,40.919490814208984
2013-09-18,41.09568405151367
2013-09-23,41.580204010009766
2013-09-24,41.18377685546875
2013-09-25,40.96354293823242
2013-09-26,41.18377685546875
2013-09-27,41.227821350097656
2013-09-30,41.00758361816406
2013-10-01,40.65521240234375
2013-10-02,41.09568405151367
2013-10-03,41.62424087524414
2013-10-04,41.62424087524414
2013-10-07,41.18377685546875
2013-10-08,41.18377685546875
2013-10-09,40.743309020996094
2013-10-11,40.96354293823242
2013-10-14,40.47903060913086
2013-10-15,40.787357330322266
2013-10-16,40.47903060913086
2013-10-17,40.611167907714844
2013-10-18,40.919490814208984
2013-10-21,40.743309020996094
2013-10-22,40.875450134277344
2013-10-23,40.875450134277344
2013-10-24,41.0516357421875
2013-10-25,40.875450134277344
2013-10-28,40.919490814208984
2013-10-29,40.83140563964844
2013-10-30,40.96354293823242
2013-10-31,40.875450134277344
2013-11-01,40.96354293823242
2013-11-04,40.743309020996094
2013-11-05,40.346885681152344
2013-11-06,40.611167907714844
2013-11-07,40.43498229980469
2013-11-08,40.43498229980469
2013-11-11,40.12664794921875
2013-11-12,39.99451446533203
2013-11-13,39.4659423828125
2013-11-14,39.15761947631836
2013-11-15,39.730228424072266
2013-11-18,38.05644989013672
2013-11-19,39.42190933227539
2013-11-20,39.20166778564453
2013-11-21,39.20166778564453
2013-11-22,38.80524826049805
2013-11-25,38.320735931396484
2013-11-26,39.33381271362305
2013-11-27,38.761199951171875
2013-11-28,39.06951904296875
2013-11-29,38.80524826049805
2013-12-02,38.761199951171875
2013-12-03,38.452884674072266
2013-12-04,38.49692153930664
2013-12-05,38.10049819946289
2013-12-06,38.10049819946289
2013-12-09,38.80524826049805
2013-12-10,38.54096984863281
2013-12-11,38.10049819946289
2013-12-12,37.704078674316406
2013-12-13,37.395748138427734
2013-12-16,36.95528030395508
2013-12-17,36.69099807739258
2013-12-18,36.558860778808594
2013-12-19,36.206485748291016
2013-12-20,36.558860778808594
2013-12-23,36.779090881347656
2013-12-24,36.779090881347656
2013-12-25,36.999324798583984
2013-12-26,36.779090881347656
2013-12-27,36.82313537597656
2013-12-30,37.26361083984375
2013-12-31,37.74811935424805
2014-01-02,38.23263931274414
2014-01-03,38.05644989013672
2014-01-06,38.1445426940918
2014-01-07,38.49692153930664
2014-01-08,38.67310333251953
2014-01-09,39.15761947631836
2014-01-10,38.84929275512695
2014-01-13,38.84929275512695
2014-01-14,38.452884674072266
2014-01-15,38.452884674072266
2014-01-16,39.025474548339844
2014-01-17,38.9814338684082
2014-01-20,39.37785339355469
2014-01-21,39.64213943481445
2014-01-22,39.86236572265625
2014-01-23,39.64213943481445
2014-01-24,40.08259963989258
2014-01-27,39.730228424072266
2014-02-05,38.452884674072266
2014-02-06,38.893348693847656
2014-02-07,39.554039001464844
2014-02-10,39.4659423828125
2014-02-11,39.06951904296875
2014-02-12,39.730228424072266
2014-02-13,39.730228424072266
2014-02-14,39.99451446533203
2014-02-17,40.39093017578125
2014-02-18,40.52307891845703
2014-02-19,40.919490814208984
2014-02-20,40.567115783691406
2014-02-21,40.65521240234375
2014-02-24,40.69926071166992
2014-02-25,40.302833557128906
2014-02-26,39.99451446533203
2014-02-27,40.69926071166992
2014-03-03,40.302833557128906
2014-03-04,39.95045852661133
2014-03-05,39.68618392944336
2014-03-06,39.86236572265625
2014-03-07,39.95045852661133
2014-03-10,39.4659423828125
2014-03-11,39.68618392944336
2014-03-12,39.86236572265625
2014-03-13,39.95045852661133
2014-03-14,40.170692443847656
2014-03-17,40.47903060913086
2014-03-18,40.47903060913086
2014-03-19,40.83140563964844
2014-03-20,42.06471252441406
2014-03-21,42.24089431762695
2014-03-24,42.72541809082031
2014-03-25,42.94564437866211
2014-03-26,42.81349563598633
2014-03-27,42.68136978149414
2014-03-28,42.94564437866211
2014-03-31,43.60634231567383
2014-04-01,43.78253173828125
2014-04-02,43.95872497558594
2014-04-03,44.92775344848633
2014-04-07,44.487281799316406
2014-04-08,44.26705551147461
2014-04-09,44.002769470214844
2014-04-10,44.70751953125
2014-04-11,44.70751953125
2014-04-14,43.60634231567383
2014-04-15,44.04682159423828
2014-04-16,44.70751953125
2014-04-17,44.70751953125
2014-04-18,44.04682159423828
2014-04-21,44.04682159423828
2014-04-22,44.92775344848633
2014-04-23,44.04682159423828
2014-04-24,44.04682159423828
2014-04-25,43.25397872924805
2014-04-28,44.04682159423828
2014-04-29,44.04682159423828
2014-04-30,43.870628356933594
2014-05-02,43.82658767700195
2014-05-05,44.002769470214844
2014-05-06,43.82658767700195
2014-05-07,43.95872497558594
2014-05-08,46.909854888916016
2014-05-09,46.2491569519043
2014-05-12,46.46938705444336
2014-05-13,46.68963623046875
2014-05-14,47.13009262084961
2014-05-15,47.35032653808594
2014-05-16,46.68963623046875
2014-05-19,47.35032653808594
2014-05-20,46.909854888916016
2014-05-21,46.2491569519043
2014-05-22,46.68963623046875
2014-05-23,46.68963623046875
2014-05-26,46.46938705444336
2014-05-27,46.68963623046875
2014-05-28,47.79079818725586
2014-05-29,47.13009262084961
2014-05-30,48.01102066040039
2014-06-03,47.79079818725586
2014-06-04,46.909854888916016
2014-06-05,49.99313735961914
2014-06-06,48.01102066040039
2014-06-09,48.01102066040039
2014-06-10,48.01102066040039
2014-06-11,48.23126220703125
2014-06-12,48.01102066040039
2014-06-13,48.01102066040039
2014-06-16,47.79079818725586
2014-06-17,47.570560455322266
2014-06-18,48.451499938964844
2014-06-19,48.451499938964844
2014-06-20,48.23126220703125
2014-06-23,47.570560455322266
2014-06-24,48.01102066040039
2014-06-25,48.451499938964844
2014-06-26,48.23126220703125
2014-06-27,48.01102066040039
2014-06-30,48.10490036010742
2014-07-01,47.870235443115234
2014-07-02,47.870235443115234
2014-07-03,47.63557434082031
2014-07-04,48.57421112060547
2014-07-07,49.27819061279297
2014-07-08,50.92079162597656
2014-07-09,50.68612289428711
2014-07-10,50.451473236083984
2014-07-11,49.27819061279297
2014-07-14,49.27819061279297
2014-07-15,49.27819061279297
2014-07-16,50.216819763183594
2014-07-17,50.68612289428711
2014-07-18,49.51283264160156
2014-07-21,48.339542388916016
2014-07-22,49.51283264160156
2014-07-23,49.51283264160156
2014-07-24,50.451473236083984
2014-07-25,49.51283264160156
2014-07-28,49.74750900268555
2014-07-29,49.982154846191406
2014-07-30,49.04352569580078
2014-07-31,48.339542388916016
2014-08-01,48.10490036010742
2014-08-04,49.27819061279297
2014-08-05,48.808868408203125
2014-08-06,48.339542388916016
2014-08-07,48.10490036010742
2014-08-08,47.870235443115234
2014-08-11,48.10490036010742
2014-08-12,47.63557434082031
2014-08-13,48.57421112060547
2014-08-14,47.870235443115234
2014-08-15,47.870235443115234
2014-08-18,46.931610107421875
2014-08-19,48.339542388916016
2014-08-20,48.10490036010742
2014-08-21,47.400917053222656
2014-08-22,48.57421112060547
2014-08-25,48.339542388916016
2014-08-26,47.870235443115234
2014-08-27,47.870235443115234
2014-08-28,48.808868408203125
2014-08-29,47.16626739501953
2014-09-01,47.400917053222656
2014-09-02,47.63557434082031
2014-09-03,47.870235443115234
2014-09-04,47.870235443115234
2014-09-05,47.870235443115234
2014-09-09,47.63557434082031
2014-09-10,47.400917053222656
2014-09-11,46.931610107421875
2014-09-12,46.227630615234375
2014-09-15,45.75830841064453
2014-09-16,45.42979431152344
2014-09-17,45.570587158203125
2014-09-18,45.570587158203125
2014-09-19,45.52366256713867
2014-09-22,44.11570358276367
2014-09-23,44.350364685058594
2014-09-24,45.66445541381836
2014-09-25,45.570587158203125
2014-09-26,45.899112701416016
2014-09-29,45.899112701416016
2014-09-30,47.400917053222656
2014-10-01,46.790809631347656
2014-10-02,47.870235443115234
2014-10-03,47.16626739501953
2014-10-06,47.16626739501953
2014-10-07,47.63557434082031
2014-10-08,47.63557434082031
2014-10-09,47.16626739501953
2014-10-13,46.0399055480957
2014-10-14,46.931610107421875
2014-10-15,46.931610107421875
2014-10-16,45.19513702392578
2014-10-17,44.72581481933594
2014-10-20,45.47672653198242
2014-10-21,44.585025787353516
2014-10-22,45.1482048034668
2014-10-23,45.61751174926758
2014-10-24,45.852176666259766
2014-10-27,45.852176666259766
2014-10-28,47.400917053222656
2014-10-29,47.870235443115234
2014-10-30,47.400917053222656
2014-10-31,48.10490036010742
2014-11-03,48.10490036010742
2014-11-04,48.10490036010742
2014-11-05,47.870235443115234
2014-11-06,48.10490036010742
2014-11-07,46.931610107421875
2014-11-10,48.10490036010742
2014-11-11,49.04352569580078
2014-11-12,49.04352569580078
2014-11-13,47.63557434082031
2014-11-14,47.870235443115234
2014-11-17,46.790809631347656
2014-11-18,46.74387741088867
2014-11-19,47.870235443115234
2014-11-20,47.870235443115234
2014-11-21,46.931610107421875
2014-11-24,46.931610107421875
2014-11-25,48.339542388916016
2014-11-26,47.400917053222656
2014-11-27,47.870235443115234
2014-11-28,47.63557434082031
2014-12-01,46.931610107421875
2014-12-02,47.400917053222656
2014-12-03,47.400917053222656
2014-12-04,47.870235443115234
2014-12-05,48.10490036010742
2014-12-08,47.63557434082031
2014-12-09,46.83774185180664
2014-12-10,46.83774185180664
2014-12-11,46.274566650390625
2014-12-12,46.13376235961914
2014-12-15,46.08683395385742
2014-12-16,46.4622802734375
2014-12-17,45.99297332763672
2014-12-18,45.288997650146484
2014-12-19,46.13376235961914
2014-12-22,45.71138000488281
2014-12-23,45.94603729248047
2014-12-24,46.41536331176758
2014-12-25,45.99297332763672
2014-12-26,46.08683395385742
2014-12-29,46.41536331176758
2014-12-30,46.18070602416992
2014-12-31,46.321495056152344
2015-01-05,46.227630615234375
2015-01-06,46.0399055480957
2015-01-07,46.0399055480957
2015-01-08,46.18070602416992
2015-01-09,46.227630615234375
2015-01-12,46.41536331176758
2015-01-13,46.65000915527344
2015-01-14,46.321495056152344
2015-01-15,46.556148529052734
2015-01-16,46.65000915527344
2015-01-19,46.88467788696289
2015-01-20,48.10490036010742
2015-01-21,48.10490036010742
2015-01-22,49.27819061279297
2015-01-23,48.339542388916016
2015-01-26,47.870235443115234
2015-01-27,48.10490036010742
2015-01-28,47.63557434082031
2015-01-29,48.10490036010742
2015-01-30,47.16626739501953
2015-02-02,47.870235443115234
2015-02-03,48.57421112060547
2015-02-04,48.339542388916016
2015-02-05,48.808868408203125
2015-02-06,49.27819061279297
2015-02-09,48.339542388916016
2015-02-10,48.10490036010742
2015-02-11,47.870235443115234
2015-02-12,47.63557434082031
2015-02-13,47.870235443115234
2015-02-24,48.808868408203125
2015-02-25,48.57421112060547
2015-02-26,48.57421112060547
2015-03-02,48.808868408203125
2015-03-03,50.68612289428711
2015-03-04,50.68612289428711
2015-03-05,50.216819763183594
2015-03-06,52.094078063964844
2015-03-09,51.15544509887695
2015-03-10,51.15544509887695
2015-03-11,50.216819763183594
2015-03-12,50.451473236083984
2015-03-13,50.68612289428711
2015-03-16,51.39010238647461
2015-03-17,51.62476348876953
2015-03-18,51.39010238647461
2015-03-19,51.15544509887695
2015-03-20,50.92079162597656
2015-03-23,51.62476348876953
2015-03-24,51.62476348876953
2015-03-25,52.094078063964844
2015-03-26,52.094078063964844
2015-03-27,51.62476348876953
2015-03-30,51.39010238647461
2015-03-31,52.094078063964844
2015-04-01,51.62476348876953
2015-04-02,52.56339645385742
2015-04-07,52.56339645385742
2015-04-08,56.0832633972168
2015-04-09,54.20600509643555
2015-04-10,54.67531204223633
2015-04-13,54.909976959228516
2015-04-14,56.0832633972168
2015-04-15,55.379295349121094
2015-04-16,55.379295349121094
2015-04-17,54.44065475463867
2015-04-20,53.97134780883789
2015-04-21,54.20600509643555
2015-04-22,55.613948822021484
2015-04-23,55.84861373901367
2015-04-24,56.31791687011719
2015-04-27,56.31791687011719
2015-04-28,56.31791687011719
2015-04-29,55.84861373901367
2015-04-30,55.379295349121094
2015-05-04,56.7872428894043
2015-05-05,56.7872428894043
2015-05-06,56.31791687011719
2015-05-07,55.14463806152344
2015-05-08,56.0832633972168
2015-05-11,56.31791687011719
2015-05-12,56.31791687011719
2015-05-13,54.909976959228516
2015-05-14,54.67531204223633
2015-05-15,54.67531204223633
2015-05-18,54.20600509643555
2015-05-19,54.44065475463867
2015-05-20,55.14463806152344
2015-05-21,54.20600509643555
2015-05-22,53.97134780883789
2015-05-25,53.267372131347656
2015-05-26,54.20600509643555
2015-05-27,54.909976959228516
2015-05-28,54.67531204223633
2015-05-29,55.379295349121094
2015-06-01,55.613948822021484
2015-06-02,55.613948822021484
2015-06-03,55.613948822021484
2015-06-04,53.502017974853516
2015-06-05,53.502017974853516
2015-06-08,55.84861373901367
2015-06-09,53.73668670654297
2015-06-10,55.379295349121094
2015-06-11,55.14463806152344
2015-06-12,53.73668670654297
2015-06-15,53.502017974853516
2015-06-16,53.73668670654297
2015-06-17,53.97134780883789
2015-06-18,55.379295349121094
2015-06-22,55.14463806152344
2015-06-23,55.14463806152344
2015-06-24,55.379295349121094
2015-06-25,55.613948822021484
2015-06-26,55.379295349121094
2015-06-29,54.909976959228516
2015-06-30,57.072181701660156
2015-07-01,56.82076644897461
2015-07-02,57.072181701660156
2015-07-03,55.563663482666016
2015-07-06,54.30657196044922
2015-07-07,52.798057556152344
2015-07-08,51.28953170776367
2015-07-09,49.78102111816406
2015-07-10,49.78102111816406
2015-07-13,49.27819061279297
2015-07-14,49.378746032714844
2015-07-15,52.043800354003906
2015-07-16,50.78669357299805
2015-07-17,50.032440185546875
2015-07-20,49.32846450805664
2015-07-21,48.92619705200195
2015-07-22,50.13301467895508
2015-07-23,49.02676773071289
2015-07-24,49.02676773071289
2015-07-27,48.674774169921875
2015-07-28,49.47932052612305
2015-07-29,48.171939849853516
2015-07-30,47.92051696777344
2015-07-31,47.31711196899414
2015-08-03,48.27251052856445
2015-08-04,49.02676773071289
2015-08-05,49.07704544067383
2015-08-06,49.02676773071289
2015-08-07,46.4622802734375
2015-08-10,44.652069091796875
2015-08-11,44.601783752441406
2015-08-12,45.255470275878906
2015-08-13,44.75263977050781
2015-08-14,44.350364685058594
2015-08-17,44.300086975097656
2015-08-18,42.23844528198242
2015-08-19,38.96998596191406
2015-08-20,38.718570709228516
2015-08-21,35.902679443359375
2015-08-24,35.19870376586914
2015-08-25,37.0592041015625
2015-08-26,36.80778503417969
2015-08-27,38.31629943847656
2015-08-28,40.12651824951172
2015-08-31,44.098941802978516
2015-09-01,41.03163528442383
2015-09-02,40.27737045288086
2015-09-03,40.88078308105469
2015-09-04,40.327659606933594
2015-09-07,40.629356384277344
2015-09-08,40.428226470947266
2015-09-09,41.886451721191406
2015-09-10,42.23844528198242
2015-09-11,41.886451721191406
2015-09-14,41.93674087524414
2015-09-15,40.78021240234375
2015-09-16,44.85320281982422
2015-09-17,49.27819061279297
2015-09-18,47.7696647644043
2015-09-21,46.512569427490234
2015-09-22,45.75830841064453
2015-09-23,43.495548248291016
2015-09-24,42.23844528198242
2015-09-25,41.7356071472168
2015-09-29,41.7356071472168
2015-09-30,41.7356071472168
2015-10-01,42.288726806640625
2015-10-02,42.69099807739258
2015-10-05,43.04298400878906
2015-10-06,43.54581832885742
2015-10-07,43.54581832885742
2015-10-08,42.74127960205078
2015-10-12,43.344688415527344
2015-10-13,43.294395446777344
2015-10-14,43.244117736816406
2015-10-15,43.64638900756836
2015-10-16,44.350364685058594
2015-10-19,45.50689697265625
2015-10-20,45.9091682434082
2015-10-21,45.8086051940918
2015-10-22,46.26115417480469
2015-10-23,45.70803451538086
2015-10-26,46.26115417480469
2015-10-27,46.26115417480469
2015-10-28,46.311439514160156
2015-10-29,45.356040954589844
2015-10-30,45.60745620727539
2015-11-02,45.456607818603516
2015-11-03,45.456607818603516
2015-11-04,45.356040954589844
2015-11-05,45.40632629394531
2015-11-06,45.40632629394531
2015-11-09,45.255470275878906
2015-11-10,43.79724884033203
2015-11-11,42.89213562011719
2015-11-12,42.942413330078125
2015-11-13,42.74127960205078
2015-11-16,41.83616638183594
2015-11-17,41.33333206176758
2015-11-18,41.03163528442383
2015-11-19,41.987022399902344
2015-11-20,41.484188079833984
2015-11-23,41.987022399902344
2015-11-24,42.087589263916016
2015-11-25,42.087589263916016
2015-11-26,42.288726806640625
2015-11-27,42.4898567199707
2015-11-30,42.89213562011719
2015-12-01,42.74127960205078
2015-12-02,43.495548248291016
2015-12-03,43.19384002685547
2015-12-04,42.74127960205078
2015-12-07,43.54581832885742
2015-12-08,42.841854095458984
2015-12-09,42.59043502807617
2015-12-10,42.087589263916016
2015-12-11,41.53446578979492
2015-12-14,41.13219451904297
2015-12-15,41.23276901245117
2015-12-16,41.484188079833984
2015-12-17,42.841854095458984
2015-12-18,43.69667053222656
2015-12-21,42.841854095458984
2015-12-22,43.244117736816406
2015-12-23,43.244117736816406
2015-12-24,43.294395446777344
2015-12-25,43.39497375488281
2015-12-28,43.44525909423828
2015-12-29,43.294395446777344
2015-12-30,43.04298400878906
2015-12-31,43.0932731628418
2016-01-04,42.03730773925781
2016-01-05,42.288726806640625
2016-01-06,41.987022399902344
2016-01-07,42.18816375732422
2016-01-08,42.18816375732422
2016-01-11,42.23844528198242
2016-01-12,41.03163528442383
2016-01-13,41.685325622558594
2016-01-14,41.433902740478516
2016-01-15,41.23276901245117
2016-01-18,41.987022399902344
2016-01-19,42.23844528198242
2016-01-20,41.584747314453125
2016-01-21,41.23276901245117
2016-01-22,42.4395751953125
2016-01-25,42.79155731201172
2016-01-26,41.63503646850586
2016-01-27,42.74127960205078
2016-01-28,43.64638900756836
2016-01-29,45.1549072265625
2016-02-01,45.959442138671875
2016-02-02,46.06001281738281
2016-02-03,46.009727478027344
2016-02-15,46.512569427490234
2016-02-16,47.36739730834961
2016-02-17,47.719383239746094
2016-02-18,48.72506332397461
2016-02-19,49.12732696533203
2016-02-22,48.775352478027344
2016-02-23,48.875911712646484
2016-02-24,48.97647476196289
2016-02-25,49.57988739013672
2016-02-26,51.038124084472656
2016-03-01,53.04947280883789
2016-03-02,53.04947280883789
2016-03-03,53.300899505615234
2016-03-04,51.540958404541016
2016-03-07,50.78669357299805
2016-03-08,50.5352783203125
2016-03-09,51.540958404541016
2016-03-10,52.546634674072266
2016-03-11,52.798057556152344
2016-03-14,51.540958404541016
2016-03-15,50.5352783203125
2016-03-16,49.83131408691406
2016-03-17,49.17761993408203
2016-03-18,49.982154846191406
2016-03-21,50.233577728271484
2016-03-22,49.12732696533203
2016-03-23,49.57988739013672
2016-03-24,49.17761993408203
2016-03-25,49.2279052734375
2016-03-28,49.42902755737305
2016-03-29,49.52960205078125
2016-03-30,49.68046188354492
2016-03-31,50.032440185546875
2016-04-01,49.78102111816406
2016-04-06,48.92619705200195
2016-04-07,48.37307357788086
2016-04-08,48.171939849853516
2016-04-11,48.42335510253906
2016-04-12,47.870235443115234
2016-04-13,48.674774169921875
2016-04-14,48.22221755981445
2016-04-15,48.72506332397461
2016-04-18,49.02676773071289
2016-04-19,48.12165451049805
2016-04-20,47.669105529785156
2016-04-21,47.16626739501953
2016-04-22,46.71371078491211
2016-04-25,46.663421630859375
2016-04-26,46.663421630859375
2016-04-27,46.613136291503906
2016-04-28,46.512569427490234
2016-04-29,45.60745620727539
2016-05-03,45.55717468261719
2016-05-04,45.1549072265625
2016-05-05,44.85320281982422
2016-05-06,44.149227142333984
2016-05-09,44.149227142333984
2016-05-10,44.19950866699219
2016-05-11,43.64638900756836
2016-05-12,44.300086975097656
2016-05-13,43.344688415527344
2016-05-16,43.143550872802734
2016-05-17,43.39497375488281
2016-05-18,43.495548248291016
2016-05-19,42.99270248413086
2016-05-20,43.948097229003906
2016-05-23,46.009727478027344
2016-05-24,44.85320281982422
2016-05-25,45.8086051940918
2016-05-26,45.55717468261719
2016-05-27,45.456607818603516
2016-05-30,46.160587310791016
2016-05-31,46.864559173583984
2016-06-01,47.26682662963867
2016-06-02,47.16626739501953
2016-06-03,47.26682662963867
2016-06-06,47.7696647644043
2016-06-07,48.27251052856445
2016-06-08,48.4736442565918
2016-06-13,46.81427001953125
2016-06-14,47.46796798706055
2016-06-15,48.171939849853516
2016-06-16,48.171939849853516
2016-06-17,47.015403747558594
2016-06-20,47.97080612182617
2016-06-21,49.02676773071289
2016-06-22,48.72506332397461
2016-06-23,48.32278823852539
2016-06-24,47.015403747558594
2016-06-27,47.97080612182617
2016-06-28,47.56853485107422
2016-06-29,48.57421112060547
2016-06-30,49.07704544067383
2016-07-01,49.78102111816406
2016-07-04,49.93186950683594
2016-07-05,49.47932052612305
2016-07-06,49.47932052612305
2016-07-07,49.64136505126953
2016-07-08,49.64136505126953
2016-07-11,50.883750915527344
2016-07-12,50.99178695678711
2016-07-13,51.856056213378906
2016-07-14,51.63998031616211
2016-07-15,51.315887451171875
2016-07-18,52.180152893066406
2016-07-19,52.39622497558594
2016-07-20,52.66631317138672
2016-07-21,52.88236999511719
2016-07-22,52.23416519165039
2016-07-25,51.856056213378906
2016-07-26,51.856056213378906
2016-07-27,51.856056213378906
2016-07-28,52.39622497558594
2016-07-29,51.69400405883789
2016-08-01,51.315887451171875
2016-08-02,51.20786666870117
2016-08-03,51.423919677734375
2016-08-04,50.883750915527344
2016-08-05,51.585975646972656
2016-08-08,51.315887451171875
2016-08-09,52.39622497558594
2016-08-10,51.856056213378906
2016-08-11,51.423919677734375
2016-08-12,51.477935791015625
2016-08-15,52.23416519165039
2016-08-16,52.28819274902344
2016-08-17,51.74802780151367
2016-08-18,51.20786666870117
2016-08-19,50.99178695678711
2016-08-22,50.829734802246094
2016-08-23,50.28956604003906
2016-08-24,49.91144943237305
2016-08-25,49.425296783447266
2016-08-26,49.58736038208008
2016-08-29,49.69538497924805
2016-08-30,49.80341720581055
2016-08-31,49.53334045410156
2016-09-01,49.15521240234375
2016-09-02,48.993160247802734
2016-09-05,49.20924758911133
2016-09-06,49.80341720581055
2016-09-07,49.10120391845703
2016-09-08,48.885135650634766
2016-09-09,48.831119537353516
2016-09-12,48.66907501220703
2016-09-13,48.723079681396484
2016-09-14,48.723079681396484
2016-09-19,48.885135650634766
2016-09-20,48.615047454833984
2016-09-21,48.939144134521484
2016-09-22,49.20924758911133
2016-09-23,49.80341720581055
2016-09-26,49.80341720581055
2016-09-27,49.80341720581055
2016-09-28,49.80341720581055
2016-09-29,50.397605895996094
2016-09-30,49.58736038208008
2016-10-03,49.31726837158203
2016-10-04,49.96546173095703
2016-10-05,50.01948547363281
2016-10-06,49.85744094848633
2016-10-07,49.425296783447266
2016-10-11,48.66907501220703
2016-10-12,49.10120391845703
2016-10-13,48.56103515625
2016-10-14,48.34496307373047
2016-10-17,48.07488250732422
2016-10-18,48.777103424072266
2016-10-19,48.34496307373047
2016-10-20,48.236934661865234
2016-10-21,48.66907501220703
2016-10-24,47.588741302490234
2016-10-25,47.48069763183594
2016-10-26,47.21062469482422
2016-10-27,46.99454879760742
2016-10-28,47.26463317871094
2016-10-31,47.102569580078125
2016-11-01,46.99454879760742
2016-11-02,46.94053268432617
2016-11-03,46.346351623535156
2016-11-04,46.18429946899414
2016-11-07,46.23831558227539
2016-11-08,46.88652038574219
2016-11-09,45.96822738647461
2016-11-10,46.454376220703125
2016-11-11,44.77986145019531
2016-11-14,43.80756378173828
2016-11-15,44.13166046142578
2016-11-16,43.969608306884766
2016-11-17,42.94329833984375
2016-11-18,43.75354766845703
2016-11-21,44.45576477050781
2016-11-22,44.56379699707031
2016-11-23,45.698150634765625
2016-11-24,45.64412307739258
2016-11-25,45.21199417114258
2016-11-28,45.374046325683594
2016-11-29,45.15797805786133
2016-11-30,47.21062469482422
2016-12-01,46.99454879760742
2016-12-02,46.72447204589844
2016-12-05,46.454376220703125
2016-12-06,46.99454879760742
2016-12-07,46.88652038574219
2016-12-08,46.88652038574219
2016-12-09,47.102569580078125
2016-12-12,46.18429946899414
2016-12-13,46.076271057128906
2016-12-14,46.72447204589844
2016-12-15,46.83249282836914
2016-12-16,46.130279541015625
2016-12-19,46.23831558227539
2016-12-20,45.752166748046875
2016-12-21,45.698150634765625
2016-12-22,45.806182861328125
2016-12-23,45.374046325683594
2016-12-26,45.86019515991211
2016-12-27,45.698150634765625
2016-12-28,45.752166748046875
2016-12-29,45.752166748046875
2016-12-30,46.02225112915039
2017-01-03,46.23831558227539
2017-01-04,46.72447204589844
2017-01-05,46.88652038574219
2017-01-06,46.508392333984375
2017-01-09,46.72447204589844
2017-01-10,46.83249282836914
2017-01-11,46.77847671508789
2017-01-12,46.56241226196289
2017-01-13,46.94053268432617
2017-01-16,46.02225112915039
2017-01-17,45.96822738647461
2017-01-18,46.076271057128906
2017-01-19,46.02225112915039
2017-01-20,46.02225112915039
2017-01-23,46.61643600463867
2017-01-24,46.18429946899414
2017-02-02,45.96822738647461
2017-02-03,46.18429946899414
2017-02-06,46.454376220703125
2017-02-07,46.346351623535156
2017-02-08,46.56241226196289
2017-02-09,46.56241226196289
2017-02-10,46.454376220703125
2017-02-13,47.42668533325195
2017-02-14,47.750789642333984
2017-02-15,47.8047981262207
2017-02-16,47.26463317871094
2017-02-17,46.99454879760742
2017-02-20,47.26463317871094
2017-02-21,47.53471374511719
2017-02-22,47.53471374511719
2017-02-23,47.64274597167969
2017-02-24,46.61643600463867
2017-03-01,46.67045593261719
2017-03-02,46.40037155151367
2017-03-03,46.454376220703125
2017-03-06,46.94053268432617
2017-03-07,47.37266540527344
2017-03-08,47.31864929199219
2017-03-09,47.37266540527344
2017-03-10,48.34496307373047
2017-03-13,50.28956604003906
2017-03-14,52.450233459472656
2017-03-15,52.39622497558594
2017-03-16,52.50425338745117
2017-03-17,53.0444221496582
2017-03-20,54.28680419921875
2017-03-21,54.016719818115234
2017-03-22,54.55689239501953
2017-03-23,54.016719818115234
2017-03-24,53.800655364990234
2017-03-27,54.016719818115234
2017-03-28,54.28680419921875
2017-03-29,54.016719818115234
2017-03-30,53.4765510559082
2017-03-31,53.692623138427734
2017-04-05,55.09705352783203
2017-04-06,54.82698059082031
2017-04-07,55.09705352783203
2017-04-10,54.82698059082031
2017-04-11,55.63722229003906
2017-04-12,54.55689239501953
2017-04-13,54.016719818115234
2017-04-14,54.016719818115234
2017-04-17,54.016719818115234
2017-04-18,54.55689239501953
2017-04-19,54.016719818115234
2017-04-20,53.692623138427734
2017-04-21,54.28680419921875
2017-04-24,53.3685302734375
2017-04-25,54.82698059082031
2017-04-26,56.177391052246094
2017-04-27,55.36714553833008
2017-04-28,55.63722229003906
2017-05-02,56.177391052246094
2017-05-03,55.63722229003906
2017-05-04,55.90730667114258
2017-05-05,56.177391052246094
2017-05-08,53.5845947265625
2017-05-09,52.99040603637695
2017-05-10,54.28680419921875
2017-05-11,54.55689239501953
2017-05-12,54.55689239501953
2017-05-15,54.016719818115234
2017-05-16,54.55689239501953
2017-05-17,54.55689239501953
2017-05-18,53.3685302734375
2017-05-19,53.3685302734375
2017-05-22,53.530574798583984
2017-05-23,53.42253494262695
2017-05-24,54.28680419921875
2017-05-25,55.09705352783203
2017-05-26,54.016719818115234
2017-05-31,55.63722229003906
2017-06-01,54.82698059082031
2017-06-02,54.82698059082031
2017-06-05,55.36714553833008
2017-06-06,54.82698059082031
2017-06-07,54.82698059082031
2017-06-08,55.63722229003906
2017-06-09,54.55689239501953
2017-06-12,53.74663162231445
2017-06-13,54.016719818115234
2017-06-14,55.63722229003906
2017-06-15,55.90730667114258
2017-06-16,55.90730667114258
2017-06-19,55.90730667114258
2017-06-20,55.36714553833008
2017-06-21,55.90730667114258
2017-06-22,55.90730667114258
2017-06-23,55.63722229003906
2017-06-26,55.90730667114258
2017-06-27,55.63722229003906
2017-06-28,54.82698059082031
2017-06-29,55.36714553833008
2017-06-30,55.09705352783203
2017-07-03,54.49599838256836
2017-07-04,54.09529113769531
2017-07-05,53.80907440185547
2017-07-06,53.522850036621094
2017-07-07,53.63734436035156
2017-07-10,53.465614318847656
2017-07-11,54.09529113769531
2017-07-12,54.438751220703125
2017-07-13,54.267024993896484
2017-07-14,54.038047790527344
2017-07-17,53.80907440185547
2017-07-18,53.58009719848633
2017-07-19,53.35112762451172
2017-07-20,53.35112762451172
2017-07-21,53.06489944458008
2017-07-24,53.06489944458008
2017-07-25,52.66420364379883
2017-07-26,52.14900588989258
2017-07-27,51.92002868652344
2017-07-28,51.519325256347656
2017-07-31,51.23310852050781
2017-08-01,51.40483856201172
2017-08-02,51.92002868652344
2017-08-03,51.40483856201172
2017-08-04,51.8055419921875
2017-08-07,51.69105529785156
2017-08-08,51.519325256347656
2017-08-09,51.004127502441406
2017-08-10,50.8896484375
2017-08-11,50.775150299072266
2017-08-14,50.775150299072266
2017-08-15,51.23310852050781
2017-08-16,51.23310852050781
2017-08-17,51.40483856201172
2017-08-18,51.118621826171875
2017-08-21,51.290348052978516
2017-08-22,51.347591400146484
2017-08-23,51.23310852050781
2017-08-24,51.40483856201172
2017-08-25,51.519325256347656
2017-08-28,51.519325256347656
2017-08-29,51.40483856201172
2017-08-30,51.290348052978516
2017-08-31,51.519325256347656
2017-09-01,51.40483856201172
2017-09-04,51.347591400146484
2017-09-05,51.290348052978516
2017-09-06,51.06137466430664
2017-09-07,51.17586135864258
2017-09-08,51.40483856201172
2017-09-11,51.23310852050781
2017-09-12,50.94689178466797
2017-09-13,50.832401275634766
2017-09-14,51.06137466430664
2017-09-15,50.37445068359375
2017-09-18,50.832401275634766
2017-09-19,50.717918395996094
2017-09-20,50.832401275634766
2017-09-21,50.832401275634766
2017-09-22,50.43169403076172
2017-09-25,49.57303237915039
2017-09-26,48.54265594482422
2017-09-27,48.82887649536133
2017-09-28,48.714385986328125
2017-09-29,49.05784606933594
2017-10-02,50.202720642089844
2017-10-03,50.37445068359375
2017-10-05,49.51579666137695
2017-10-06,49.630287170410156
2017-10-11,50.43169403076172
2017-10-12,50.31721115112305
2017-10-13,50.145477294921875
2017-10-16,49.80200958251953
2017-10-17,49.172332763671875
2017-10-18,49.51579666137695
2017-10-19,49.172332763671875
2017-10-20,49.115089416503906
2017-10-23,49.22957229614258
2017-10-24,48.943359375
2017-10-25,49.172332763671875
2017-10-26,48.943359375
2017-10-27,49.05784606933594
2017-10-30,49.05784606933594
2017-10-31,49.00060272216797
2017-11-01,49.401309967041016
2017-11-02,49.172332763671875
2017-11-03,48.82887649536133
2017-11-06,49.22957229614258
2017-11-07,49.45854949951172
2017-11-08,49.22957229614258
2017-11-09,48.77162170410156
2017-11-10,48.37091827392578
2017-11-13,47.79848861694336
2017-11-14,48.77162170410156
2017-11-15,48.25643539428711
2017-11-16,47.79848861694336
2017-11-17,47.68400192260742
2017-11-20,47.283294677734375
2017-11-21,47.34053039550781
2017-11-22,47.39778518676758
2017-11-23,47.741241455078125
2017-11-24,48.37091827392578
2017-11-27,47.912967681884766
2017-11-28,47.283294677734375
2017-11-29,47.912967681884766
2017-11-30,47.912967681884766
2017-12-01,48.65713882446289
2017-12-04,47.79848861694336
2017-12-05,47.51226806640625
2017-12-06,47.283294677734375
2017-12-07,46.93983459472656
2017-12-08,46.48188018798828
2017-12-11,46.65361022949219
2017-12-12,46.42463302612305
2017-12-13,46.138423919677734
2017-12-14,46.48188018798828
2017-12-15,47.226043701171875
2017-12-18,46.88258743286133
2017-12-19,46.252906799316406
2017-12-20,46.42463302612305
2017-12-21,46.65361022949219
2017-12-22,46.71086120605469
2017-12-25,46.9970703125
2017-12-26,46.88258743286133
2017-12-27,46.88258743286133
2017-12-28,47.05431365966797
2017-12-29,47.34053039550781
2018-01-02,47.45502471923828
2018-01-03,47.34053039550781
2018-01-04,47.34053039550781
2018-01-05,47.62675476074219
2018-01-08,47.68400192260742
2018-01-09,47.912967681884766
2018-01-10,47.85572814941406
2018-01-11,47.34053039550781
2018-01-12,47.05431365966797
2018-01-15,47.226043701171875
2018-01-16,47.51226806640625
2018-01-17,47.741241455078125
2018-01-18,47.68400192260742
2018-01-19,47.97022247314453
2018-01-22,48.37091827392578
2018-01-23,48.25643539428711
2018-01-24,48.54265594482422
2018-01-25,48.59989929199219
2018-01-26,48.54265594482422
2018-01-29,48.54265594482422
2018-01-30,48.485408782958984
2018-01-31,48.25643539428711
2018-02-01,48.37091827392578
2018-02-02,48.31367874145508
2018-02-05,48.14194869995117
2018-02-06,46.768096923828125
2018-02-07,46.93983459472656
2018-02-08,46.88258743286133
2018-02-09,46.48188018798828
2018-02-12,46.88258743286133
2018-02-21,47.45502471923828
2018-02-22,47.741241455078125
2018-02-23,48.027462005615234
2018-02-26,48.65713882446289
2018-02-27,48.54265594482422
2018-03-01,48.485408782958984
2018-03-02,48.027462005615234
2018-03-05,47.62675476074219
2018-03-06,47.68400192260742
2018-03-07,47.68400192260742
2018-03-08,47.97022247314453
2018-03-09,49.22957229614258
2018-03-12,49.22957229614258
2018-03-13,49.401309967041016
2018-03-14,49.28682327270508
2018-03-15,49.115089416503906
2018-03-16,48.59989929199219
2018-03-19,49.172332763671875
2018-03-20,49.00060272216797
2018-03-21,48.77162170410156
2018-03-22,48.37091827392578
2018-03-23,48.714385986328125
2018-03-26,48.943359375
2018-03-27,49.05784606933594
2018-03-28,48.77162170410156
2018-03-29,49.22957229614258
2018-03-30,49.51579666137695
2018-04-02,49.28682327270508
2018-04-03,49.57303237915039
2018-04-09,50.31721115112305
2018-04-10,49.85926055908203
2018-04-11,49.68752670288086
2018-04-12,49.51579666137695
2018-04-13,49.45854949951172
2018-04-16,48.65713882446289
2018-04-17,48.14194869995117
2018-04-18,48.37091827392578
2018-04-19,48.54265594482422
2018-04-20,48.25643539428711
2018-04-23,48.31367874145508
2018-04-24,48.08469772338867
2018-04-25,47.97022247314453
2018-04-26,47.68400192260742
2018-04-27,47.741241455078125
2018-04-30,47.912967681884766
2018-05-02,48.08469772338867
2018-05-03,47.741241455078125
2018-05-04,47.45502471923828
2018-05-07,47.68400192260742
2018-05-08,47.912967681884766
2018-05-09,47.85572814941406
2018-05-10,47.51226806640625
2018-05-11,47.62675476074219
2018-05-14,47.79848861694336
2018-05-15,47.62675476074219
2018-05-16,47.56950759887695
2018-05-17,47.912967681884766
2018-05-18,47.85572814941406
2018-05-21,48.25643539428711
2018-05-22,48.31367874145508
2018-05-23,48.59989929199219
2018-05-24,48.65713882446289
2018-05-25,48.714385986328125
2018-05-28,49.115089416503906
2018-05-29,49.05784606933594
2018-05-30,48.54265594482422
2018-05-31,49.172332763671875
2018-06-01,49.00060272216797
2018-06-04,49.744773864746094
2018-06-05,49.51579666137695
2018-06-06,49.916500091552734
2018-06-07,49.57303237915039
2018-06-08,49.22957229614258
2018-06-11,48.943359375
2018-06-12,49.05784606933594
2018-06-13,48.77162170410156
2018-06-14,48.59989929199219
2018-06-15,50.37445068359375
2018-06-19,50.145477294921875
2018-06-20,50.25996398925781
2018-06-21,49.85926055908203
2018-06-22,49.68752670288086
2018-06-25,49.05784606933594
2018-06-26,49.05784606933594
2018-06-27,48.943359375
2018-06-28,48.42815399169922
2018-06-29,48.42815399169922
2018-07-02,48.485408782958984
2018-07-03,48.14194869995117
2018-07-04,48.69671630859375
2018-07-05,48.38851547241211
2018-07-06,47.5871696472168
2018-07-09,47.27897644042969
2018-07-10,48.57344436645508
2018-07-11,47.46389389038086
2018-07-12,47.5871696472168
2018-07-13,47.89537811279297
2018-07-16,47.71046447753906
2018-07-17,47.89537811279297
2018-07-18,49.00493240356445
2018-07-19,48.94328308105469
2018-07-20,48.63507843017578
2018-07-23,48.38851547241211
2018-07-24,48.57344436645508
2018-07-25,48.32687759399414
2018-07-26,48.45015335083008
2018-07-27,48.203590393066406
2018-07-30,48.14194869995117
2018-07-31,47.772098541259766
2018-08-01,47.772098541259766
2018-08-02,47.46389389038086
2018-08-03,47.525535583496094
2018-08-06,47.71046447753906
2018-08-07,47.89537811279297
2018-08-08,48.14194869995117
2018-08-09,48.01866149902344
2018-08-10,47.64881896972656
2018-08-13,47.21732711791992
2018-08-14,46.97075653076172
2018-08-15,46.600914001464844
2018-08-16,46.23106384277344
2018-08-17,46.16942596435547
2018-08-20,46.16942596435547
2018-08-21,46.23106384277344
2018-08-22,45.8612174987793
2018-08-23,45.8612174987793
2018-08-24,45.79957580566406
2018-08-27,45.73793411254883
2018-08-28,46.10778045654297
2018-08-29,46.10778045654297
2018-08-30,46.04613494873047
2018-08-31,45.79957580566406
2018-09-03,46.16942596435547
2018-09-04,46.16942596435547
2018-09-05,45.8612174987793
2018-09-06,45.55301284790039
2018-09-07,44.93659591674805
2018-09-10,44.3818244934082
2018-09-11,42.347660064697266
2018-09-12,42.347660064697266
2018-09-13,43.95033264160156
2018-09-14,44.13525390625
2018-09-17,43.88868713378906
2018-09-18,43.45719909667969
2018-09-19,43.765411376953125
2018-09-20,43.70376968383789
2018-09-21,43.765411376953125
2018-09-25,43.765411376953125
2018-09-26,43.27227020263672
2018-09-27,43.27227020263672
2018-09-28,43.14899444580078
2018-10-01,43.395565032958984
2018-10-02,43.14899444580078
2018-10-03,42.655860900878906
2018-10-04,42.16272735595703
2018-10-05,42.347660064697266
2018-10-08,41.916160583496094
2018-10-09,41.73123550415039
2018-10-11,41.053184509277344
2018-10-12,41.361392974853516
2018-10-15,40.991546630859375
2018-10-16,40.92990493774414
2018-10-17,40.92990493774414
2018-10-18,40.80662155151367
2018-10-19,41.11482238769531
2018-10-22,40.4984130859375
2018-10-23,41.053184509277344
2018-10-24,40.991546630859375
2018-10-25,40.37512969970703
2018-10-26,40.3134880065918
2018-10-29,39.38887023925781
2018-10-30,39.51214599609375
2018-10-31,39.82035827636719
2018-11-01,40.3134880065918
2018-11-02,40.6833381652832
2018-11-05,41.792884826660156
2018-11-06,41.73123550415039
2018-11-07,41.73123550415039
2018-11-08,42.10109329223633
2018-11-09,41.60795974731445
2018-11-12,41.66960144042969
2018-11-13,41.11482238769531
2018-11-14,42.10109329223633
2018-11-15,42.5325813293457
2018-11-16,42.840782165527344
2018-11-19,43.395565032958984
2018-11-20,42.96406936645508
2018-11-21,43.14899444580078
2018-11-22,43.395565032958984
2018-11-23,43.08734893798828
2018-11-26,42.71750259399414
2018-11-27,42.655860900878906
2018-11-28,43.02571105957031
2018-11-29,42.90242385864258
2018-11-30,42.03944396972656
2018-12-03,43.14899444580078
2018-12-04,42.5325813293457
2018-12-05,42.16272735595703
2018-12-06,41.54631805419922
2018-12-07,41.54631805419922
2018-12-10,42.03944396972656
2018-12-11,41.66960144042969
2018-12-12,41.85452651977539
2018-12-13,41.916160583496094
2018-12-14,41.60795974731445
2018-12-17,40.991546630859375
2018-12-18,40.991546630859375
2018-12-19,40.80662155151367
2018-12-20,40.251853942871094
2018-12-21,39.82035827636719
2018-12-24,39.943641662597656
2018-12-25,39.697078704833984
2018-12-26,40.436771392822266
2018-12-27,40.4984130859375
2018-12-28,41.176475524902344
2019-01-02,41.176475524902344
2019-01-03,41.299747467041016
2019-01-04,41.23810958862305
2019-01-07,41.11482238769531
2019-01-08,40.6833381652832
2019-01-09,41.792884826660156
2019-01-10,41.23810958862305
2019-01-11,40.37512969970703
2019-01-14,40.12856674194336
2019-01-15,40.12856674194336
2019-01-16,39.881996154785156
2019-01-17,40.4984130859375
2019-01-18,40.6833381652832
2019-01-21,40.6833381652832
2019-01-22,40.37512969970703
2019-01-23,40.991546630859375
2019-01-24,40.74497604370117
2019-01-25,40.868263244628906
2019-01-28,40.92990493774414
2019-01-29,40.991546630859375
2019-01-30,40.868263244628906
2019-02-11,41.299747467041016
2019-02-12,41.23810958862305
2019-02-13,41.361392974853516
2019-02-14,41.792884826660156
2019-02-15,41.792884826660156
2019-02-18,41.85452651977539
2019-02-19,41.97780990600586
2019-02-20,42.22437286376953
2019-02-21,42.22437286376953
2019-02-22,41.97780990600586
2019-02-25,42.2860107421875
2019-02-26,42.4709358215332
2019-02-27,42.40929412841797
2019-03-04,42.16272735595703
2019-03-05,42.2860107421875
2019-03-06,42.10109329223633
2019-03-07,41.916160583496094
2019-03-08,42.10109329223633
2019-03-11,42.71750259399414
2019-03-12,42.779151916503906
2019-03-13,42.594215393066406
2019-03-14,42.655860900878906
2019-03-15,42.71750259399414
2019-03-18,42.779151916503906
2019-03-19,42.840782165527344
2019-03-20,42.840782165527344
2019-03-21,42.594215393066406
2019-03-22,42.840782165527344
2019-03-25,42.655860900878906
2019-03-26,42.840782165527344
2019-03-27,42.90242385864258
2019-03-28,43.333919525146484
2019-03-29,43.14899444580078
2019-04-01,42.96406936645508
2019-04-02,43.02571105957031
2019-04-03,42.90242385864258
2019-04-08,43.333919525146484
2019-04-09,43.14899444580078
2019-04-10,43.14899444580078
2019-04-11,42.96406936645508
2019-04-12,42.96406936645508
2019-04-15,42.90242385864258
2019-04-16,43.08734893798828
2019-04-17,43.08734893798828
2019-04-18,42.779151916503906
2019-04-19,42.90242385864258
2019-04-22,43.14899444580078
2019-04-23,43.14899444580078
2019-04-24,43.210636138916016
2019-04-25,43.70376968383789
2019-04-26,43.765411376953125
2019-04-29,43.333919525146484
2019-04-30,43.14899444580078
2019-05-02,43.395565032958984
2019-05-03,43.45719909667969
2019-05-06,42.840782165527344
2019-05-07,43.08734893798828
2019-05-08,43.02571105957031
2019-05-09,42.779151916503906
2019-05-10,42.655860900878906
2019-05-13,41.792884826660156
2019-05-14,41.792884826660156
2019-05-15,42.03944396972656
2019-05-16,42.40929412841797
2019-05-17,42.779151916503906
2019-05-20,43.02571105957031
2019-05-21,43.27227020263672
2019-05-22,43.395565032958984
2019-05-23,43.64213180541992
2019-05-24,44.0736198425293
2019-05-27,44.196895599365234
2019-05-28,43.45719909667969
2019-05-29,43.70376968383789
2019-05-30,44.196895599365234
2019-05-31,44.196895599365234
2019-06-03,44.196895599365234
2019-06-04,44.0736198425293
2019-06-05,43.95033264160156
2019-06-06,44.196895599365234
2019-06-10,44.196895599365234
2019-06-11,43.70376968383789
2019-06-12,43.827049255371094
2019-06-13,43.88868713378906
2019-06-14,43.95033264160156
2019-06-17,43.08734893798828
2019-06-18,43.827049255371094
2019-06-19,43.88868713378906
2019-06-20,43.88868713378906
2019-06-21,43.64213180541992
2019-06-24,43.27227020263672
2019-06-25,43.02571105957031
2019-06-26,43.70376968383789
2019-06-27,43.95033264160156
2019-06-28,44.13525390625
2019-07-01,44.196895599365234
2019-07-02,43.95033264160156
2019-07-03,44.878387451171875
2019-07-04,44.74581527709961
2019-07-05,44.94468688964844
2019-07-08,44.878387451171875
2019-07-09,45.541290283203125
2019-07-10,45.475006103515625
2019-07-11,45.1435546875
2019-07-12,44.878387451171875
2019-07-15,45.07726287841797
2019-07-16,44.81210708618164
2019-07-17,44.61323928833008
2019-07-18,44.414363861083984
2019-07-19,44.679527282714844
2019-07-22,44.414363861083984
2019-07-23,44.74581527709961
2019-07-24,44.34807586669922
2019-07-25,44.74581527709961
2019-07-26,44.679527282714844
2019-07-29,45.209842681884766
2019-07-30,44.94468688964844
2019-07-31,45.07726287841797
2019-08-01,44.679527282714844
2019-08-02,44.016624450683594
2019-08-05,43.420013427734375
2019-08-06,43.088558197021484
2019-08-07,43.75146484375
2019-08-08,44.016624450683594
2019-08-12,43.75146484375
2019-08-13,44.14920425415039
2019-08-14,43.75146484375
2019-08-15,43.35372543334961
2019-08-16,43.420013427734375
2019-08-19,43.61888885498047
2019-08-20,43.61888885498047
2019-08-21,43.61888885498047
2019-08-22,43.75146484375
2019-08-23,44.082916259765625
2019-08-26,43.6851692199707
2019-08-27,43.95033645629883
2019-08-28,43.88404083251953
2019-08-29,43.95033645629883
2019-08-30,43.6851692199707
2019-09-02,43.48630142211914
2019-09-03,43.75146484375
2019-09-04,43.817752838134766
2019-09-05,43.75146484375
2019-09-06,43.6851692199707
2019-09-10,43.75146484375
2019-09-11,43.48630142211914
2019-09-12,43.61888885498047
2019-09-16,43.35372543334961
2019-09-17,43.35372543334961
2019-09-18,43.287437438964844
2019-09-19,43.22113800048828
2019-09-20,43.088558197021484
2019-09-23,42.95598220825195
2019-09-24,43.420013427734375
2019-09-25,43.088558197021484
2019-09-26,42.95598220825195
2019-09-27,42.69082260131836
2019-10-01,42.889686584472656
2019-10-02,42.62453079223633
2019-10-03,42.823402404785156
2019-10-04,42.62453079223633
2019-10-07,43.6851692199707
2019-10-08,43.88404083251953
2019-10-09,43.61888885498047
2019-10-14,43.154850006103516
2019-10-15,43.088558197021484
2019-10-16,42.95598220825195
2019-10-17,42.757110595703125
2019-10-18,42.823402404785156
2019-10-21,43.22113800048828
2019-10-22,42.69082260131836
2019-10-23,43.817752838134766
2019-10-24,44.34807586669922
2019-10-25,44.48065185546875
2019-10-28,44.082916259765625
2019-10-29,44.215484619140625
2019-10-30,44.14920425415039
2019-10-31,43.817752838134766
2019-11-01,44.016624450683594
2019-11-04,44.34807586669922
2019-11-05,44.28178405761719
2019-11-06,44.28178405761719
2019-11-07,44.34807586669922
2019-11-08,45.209842681884766
2019-11-11,45.408714294433594
2019-11-12,45.01097106933594
2019-11-13,46.60193634033203
2019-11-14,47.463706970214844
2019-11-15,49.58498764038086
2019-11-18,49.3861198425293
2019-11-19,49.58498764038086
2019-11-20,48.922096252441406
2019-11-21,48.789512634277344
2019-11-22,48.192893981933594
2019-11-25,48.39176940917969
2019-11-26,48.060325622558594
2019-11-27,47.66257095336914
2019-11-28,47.52999496459961
2019-11-29,47.397422790527344
2019-12-02,47.861446380615234
2019-12-03,48.259193420410156
2019-12-04,48.192893981933594
2019-12-05,49.58498764038086
2019-12-06,50.04901885986328
2019-12-09,49.187252044677734
2019-12-10,49.85014724731445
2019-12-11,50.38047409057617
2019-12-12,50.24789047241211
2019-12-13,50.04901885986328
2019-12-16,50.181602478027344
2019-12-17,51.50740051269531
2019-12-18,51.50740051269531
2019-12-19,51.70627212524414
2019-12-20,51.573699951171875
2019-12-23,51.50740051269531
2019-12-24,51.17594528198242
2019-12-25,51.374820709228516
2019-12-26,51.83885192871094
2019-12-27,51.70627212524414
2019-12-30,51.70627212524414
2019-12-31,51.639976501464844
2020-01-02,51.374820709228516
2020-01-03,50.38047409057617
2020-01-06,49.78385543823242
2020-01-07,50.38047409057617
2020-01-08,51.242244720458984
2020-01-09,51.374820709228516
2020-01-10,51.374820709228516
2020-01-13,51.639976501464844
2020-01-14,51.374820709228516
2020-01-15,51.374820709228516
2020-01-16,51.639976501464844
2020-01-17,52.03772735595703
2020-01-20,51.83885192871094
2020-01-30,50.977081298828125
2020-01-31,53.694976806640625
2020-02-03,55.020782470703125
2020-02-04,53.56239700317383
2020-02-05,53.03207015991211
2020-02-06,54.689327239990234
2020-02-07,52.36917495727539
2020-02-10,52.36917495727539
2020-02-11,52.435462951660156
2020-02-12,53.62868881225586
2020-02-13,53.4298210144043
2020-02-14,53.56239700317383
2020-02-17,53.2309455871582
2020-02-18,52.96578598022461
2020-02-19,52.700626373291016
2020-02-20,52.700626373291016
2020-02-21,51.83885192871094
2020-02-24,51.70627212524414
2020-02-25,51.573699951171875
2020-02-26,52.1040153503418
2020-02-27,51.77256393432617
2020-03-02,51.70627212524414
2020-03-03,53.03207015991211
2020-03-04,52.56804275512695
2020-03-05,52.634334564208984
2020-03-06,52.634334564208984
2020-03-09,51.573699951171875
2020-03-10,50.64563751220703
2020-03-11,50.38047409057617
2020-03-12,50.64563751220703
2020-03-13,49.71757125854492
2020-03-16,48.39176940917969
2020-03-17,44.94468688964844
2020-03-18,44.94468688964844
2020-03-19,45.87274169921875
2020-03-20,43.817752838134766
2020-03-23,43.95033645629883
2020-03-24,45.07726287841797
2020-03-25,45.27613830566406
2020-03-26,46.07161331176758
2020-03-27,45.27613830566406
2020-03-30,44.34807586669922
2020-03-31,44.082916259765625
2020-04-01,44.215484619140625
2020-04-06,44.61323928833008
2020-04-07,45.541290283203125
2020-04-08,46.07161331176758
2020-04-09,45.408714294433594
2020-04-10,45.607582092285156
2020-04-13,45.408714294433594
2020-04-14,46.07161331176758
2020-04-15,45.93904113769531
2020-04-16,45.541290283203125
2020-04-17,46.33677291870117
2020-04-20,46.93339157104492
2020-04-21,45.475006103515625
2020-04-22,45.408714294433594
2020-04-23,45.475006103515625
2020-04-24,46.005332946777344
2020-04-27,46.270484924316406
2020-04-28,46.270484924316406
2020-04-29,46.4693603515625
2020-04-30,46.80080795288086
2020-05-04,46.204193115234375
2020-05-05,45.80644989013672
2020-05-06,45.74016571044922
2020-05-07,45.87274169921875
2020-05-08,46.535640716552734
2020-05-11,46.4693603515625
2020-05-12,46.13790512084961
2020-05-13,46.204193115234375
2020-05-14,45.87274169921875
2020-05-15,45.74016571044922
2020-05-18,45.475006103515625
2020-05-19,46.07161331176758
2020-05-20,46.270484924316406
2020-05-21,46.33677291870117
2020-05-22,46.4693603515625
2020-05-25,46.999671936035156
2020-05-26,47.33113098144531
2020-05-27,47.33113098144531
2020-05-28,46.867088317871094
2020-05-29,46.60193634033203
2020-06-01,47.26484298706055
2020-06-02,47.397422790527344
2020-06-03,47.795162200927734
2020-06-04,48.590641021728516
2020-06-05,48.52435302734375
2020-06-08,48.325477600097656
2020-06-09,47.927738189697266
2020-06-10,47.861446380615234
2020-06-11,47.132259368896484
2020-06-12,46.867088317871094
2020-06-15,46.867088317871094
2020-06-16,48.060325622558594
2020-06-17,48.45806121826172
2020-06-18,48.12660598754883
2020-06-19,47.463706970214844
2020-06-22,47.52999496459961
2020-06-23,47.132259368896484
2020-06-24,47.397422790527344
2020-06-29,47.06596755981445
2020-06-30,47.72886657714844
2020-07-01,48.72322463989258
2020-07-02,49.14689636230469
2020-07-03,48.86444091796875
2020-07-06,48.93505859375
2020-07-07,48.72322082519531
2020-07-08,48.93505859375
2020-07-09,48.440765380859375
2020-07-10,48.15830612182617
2020-07-13,48.08769607543945
2020-07-14,48.08769607543945
2020-07-15,48.37015151977539
2020-07-16,48.22892761230469
2020-07-17,48.15830612182617
2020-07-20,47.875858306884766
2020-07-21,47.80523681640625
2020-07-22,47.7346305847168
2020-07-23,48.08769607543945
2020-07-24,47.381561279296875
2020-07-27,46.957881927490234
2020-07-28,46.322364807128906
2020-07-29,46.392974853515625
2020-07-30,46.463592529296875
2020-07-31,46.604820251464844
2020-08-03,46.74604034423828
2020-08-04,47.02849578857422
2020-08-05,47.02849578857422
2020-08-06,46.88726806640625
2020-08-07,46.392974853515625
2020-08-10,46.322364807128906
2020-08-11,46.0399055480957
2020-08-12,46.0399055480957
2020-08-13,45.898685455322266
2020-08-14,45.68684387207031
2020-08-17,45.475006103515625
2020-08-18,45.475006103515625
2020-08-19,45.263160705566406
2020-08-20,45.19255065917969
2020-08-21,45.68684387207031
2020-08-24,45.54561233520508
2020-08-25,45.263160705566406
2020-08-26,45.19255065917969
2020-08-27,45.19255065917969
2020-08-28,45.05132293701172
2020-08-31,46.534202575683594
2020-09-01,45.898685455322266
2020-09-02,45.40439224243164
2020-09-03,45.54561233520508
2020-09-04,45.475006103515625
2020-09-07,45.54561233520508
2020-09-08,45.969295501708984
2020-09-09,45.898685455322266
2020-09-10,46.0399055480957
2020-09-11,45.61623001098633
2020-09-14,45.40439224243164
2020-09-15,45.263160705566406
2020-09-16,45.19255065917969
2020-09-17,45.19255065917969
2020-09-18,44.839481353759766
2020-09-21,44.76886749267578
2020-09-22,44.627647399902344
2020-09-23,44.76886749267578
2020-09-24,44.627647399902344
2020-09-25,44.839481353759766
2020-09-28,44.627647399902344
2020-09-29,44.48641586303711
2020-09-30,44.345191955566406
2020-10-05,44.06273651123047
2020-10-06,44.345191955566406
2020-10-07,43.850894927978516
2020-10-08,43.78028106689453
2020-10-12,43.850894927978516
2020-10-13,43.992122650146484
2020-10-14,44.48641586303711
2020-10-15,44.415802001953125
2020-10-16,44.27457046508789
2020-10-19,44.13335037231445
2020-10-20,44.345191955566406
2020-10-21,44.557029724121094
2020-10-22,44.06273651123047
2020-10-23,43.992122650146484
2020-10-26,43.850894927978516
2020-10-27,43.992122650146484
2020-10-28,45.05132293701172
2020-10-29,45.05132293701172
2020-10-30,44.980712890625
2020-11-02,44.980712890625
2020-11-03,44.980712890625
2020-11-04,45.05132293701172
2020-11-05,44.839481353759766
2020-11-06,45.05132293701172
2020-11-09,44.980712890625
2020-11-10,45.19255065917969
2020-11-11,44.980712890625
2020-11-12,44.6982536315918
2020-11-13,44.415802001953125
2020-11-16,44.980712890625
2020-11-17,45.12194061279297
2020-11-18,45.19255065917969
2020-11-19,45.475006103515625
2020-11-20,46.604820251464844
2020-11-23,46.74604034423828
2020-11-24,46.25175094604492
2020-11-25,45.82807159423828
2020-11-26,45.7574577331543
2020-11-27,46.25175094604492
2020-11-30,45.61623001098633
2020-12-01,45.82807159423828
2020-12-02,47.66401672363281
2020-12-03,46.6754264831543
2020-12-04,47.875858306884766
2020-12-07,47.875858306884766
2020-12-08,47.16972351074219
2020-12-09,46.604820251464844
2020-12-10,45.7574577331543
2020-12-11,45.61623001098633
2020-12-14,45.54561233520508
2020-12-15,45.05132293701172
2020-12-16,45.40439224243164
2020-12-17,45.12194061279297
2020-12-18,46.0399055480957
2020-12-21,45.12194061279297
2020-12-22,44.627647399902344
2020-12-23,44.627647399902344
2020-12-24,44.627647399902344
2020-12-25,45.40439224243164
2020-12-28,46.0399055480957
2020-12-29,45.898685455322266
2020-12-30,46.0399055480957
2020-12-31,45.898685455322266
2021-01-04,46.604820251464844
2021-01-05,46.110530853271484
2021-01-06,45.475006103515625
2021-01-07,45.68684387207031
2021-01-08,45.40439224243164
2021-01-11,45.40439224243164
2021-01-12,45.19255065917969
2021-01-13,45.12194061279297
2021-01-14,45.263160705566406
2021-01-15,44.980712890625
2021-01-18,44.6982536315918
2021-01-19,44.91009521484375
2021-01-20,44.345191955566406
2021-01-21,44.06273651123047
2021-01-22,43.78028106689453
2021-01-25,44.345191955566406
2021-01-26,43.9215087890625
2021-01-27,43.850894927978516
2021-01-28,43.56843948364258
2021-01-29,43.49782943725586
2021-02-01,43.49782943725586
2021-02-02,43.70967102050781
2021-02-03,43.49782943725586
2021-02-04,43.49782943725586
2021-02-05,44.06273651123047
2021-02-17,44.839481353759766
2021-02-18,45.54561233520508
2021-02-19,45.82807159423828
2021-02-22,46.25175094604492
2021-02-23,46.25175094604492
2021-02-24,46.18113708496094
2021-02-25,46.392974853515625
2021-02-26,46.18113708496094
2021-03-02,46.88726806640625
2021-03-03,47.02849578857422
2021-03-04,46.322364807128906
2021-03-05,46.0399055480957
2021-03-08,45.898685455322266
2021-03-09,45.7574577331543
2021-03-10,45.54561233520508
2021-03-11,46.0399055480957
2021-03-12,46.110530853271484
2021-03-15,45.7574577331543
2021-03-16,46.110530853271484
2021-03-17,45.475006103515625
2021-03-18,45.82807159423828
2021-03-19,46.392974853515625
2021-03-22,45.19255065917969
2021-03-23,44.980712890625
2021-03-24,44.91009521484375
2021-03-25,45.05132293701172
2021-03-26,45.61623001098633
2021-03-29,46.0399055480957
2021-03-30,46.110530853271484
2021-03-31,46.110530853271484
2021-04-01,46.18113708496094
2021-04-07,46.88726806640625
2021-04-08,49.35873794555664
2021-04-09,49.57057189941406
2021-04-12,50.41794204711914
2021-04-13,50.41794204711914
2021-04-14,50.1354866027832
2021-04-15,50.1354866027832
2021-04-16,50.20610046386719
2021-04-19,53.383697509765625
2021-04-20,54.0898323059082
2021-04-21,56.773136138916016
2021-04-22,55.64332962036133
2021-04-23,59.52706527709961
2021-04-26,60.798095703125
2021-04-27,56.914371490478516
2021-04-28,55.64332962036133
2021-04-29,56.8437614440918
2021-05-03,55.925785064697266
2021-05-04,53.31308364868164
2021-05-05,52.32449722290039
2021-05-06,51.47713851928711
2021-05-07,53.87799835205078
2021-05-10,54.37228775024414
2021-05-11,50.488555908203125
2021-05-12,48.793827056884766
2021-05-13,48.37015151977539
2021-05-14,49.00567626953125
2021-05-17,46.957881927490234
2021-05-18,48.93505859375
2021-05-19,49.00567626953125
2021-05-20,48.440765380859375
2021-05-21,49.0762825012207
2021-05-24,49.28812789916992
2021-05-25,50.982845306396484
2021-05-26,50.20610046386719
2021-05-27,49.57057189941406
2021-05-28,50.27670669555664
2021-05-31,50.06486892700195
2021-06-01,51.75959014892578
2021-06-02,50.982845306396484
2021-06-03,51.406532287597656
2021-06-04,51.75959014892578
2021-06-07,50.982845306396484
2021-06-08,50.770999908447266
2021-06-09,50.62977981567383
2021-06-10,51.19468688964844
2021-06-11,51.05345916748047
2021-06-15,52.04203796386719
2021-06-16,51.265289306640625
2021-06-17,51.406532287597656
2021-06-18,50.841617584228516
2021-06-21,50.06486892700195
2021-06-22,50.27670669555664
2021-06-23,50.982845306396484
2021-06-24,51.97142791748047
2021-06-25,51.6889762878418
2021-06-28,55.00780487060547
2021-06-29,51.97142791748047
2021-06-30,52.18327713012695
2021-07-01,51.33591079711914
2021-07-02,51.75959014892578
2021-07-05,53.49104309082031
2021-07-06,52.90161895751953
2021-07-07,52.68058395385742
2021-07-08,52.90161895751953
2021-07-09,53.34369659423828
2021-07-12,53.27001190185547
2021-07-13,53.122657775878906
2021-07-14,53.04897689819336
2021-07-15,53.19633483886719
2021-07-16,53.49104309082031
2021-07-19,52.90161895751953
2021-07-20,52.53322219848633
2021-07-21,52.09114456176758
2021-07-22,52.385868072509766
2021-07-23,52.16482925415039
2021-07-26,52.23850631713867
2021-07-27,52.23850631713867
2021-07-28,51.428035736083984
2021-07-29,51.79643249511719
2021-07-30,51.57539367675781
2021-08-02,52.09114456176758
2021-08-03,52.16482925415039
2021-08-04,53.85944747924805
2021-08-05,53.41737747192383
2021-08-06,55.18567657470703
2021-08-09,53.93312454223633
2021-08-10,55.03830337524414
2021-08-11,53.6384162902832
2021-08-12,52.459537506103516
2021-08-13,50.10181427001953
2021-08-16,49.51237487792969
2021-08-17,49.51237487792969
2021-08-18,50.24916458129883
2021-08-19,49.438697814941406
2021-08-20,49.143978118896484
2021-08-23,50.10181427001953
2021-08-24,50.24916458129883
2021-08-25,50.61756896972656
2021-08-26,50.83860778808594
2021-08-27,51.13332748413086
2021-08-30,51.35435485839844
2021-08-31,51.13332748413086
2021-09-01,52.16482925415039
2021-09-02,51.428035736083984
2021-09-03,51.428035736083984
2021-09-06,50.98595428466797
2021-09-07,50.691246032714844
2021-09-08,49.880767822265625
2021-09-09,49.80709457397461
2021-09-10,50.54388427734375
2021-09-13,50.02813720703125
2021-09-14,50.02813720703125
2021-09-15,49.5860595703125
2021-09-16,49.9544563293457
2021-09-17,50.17548751831055
2021-09-22,49.5860595703125
2021-09-23,50.10181427001953
2021-09-24,50.17548751831055
2021-09-27,50.02813720703125
2021-09-28,50.02813720703125
2021-09-29,49.2176628112793
2021-09-30,49.438697814941406
2021-10-01,48.701904296875
2021-10-04,48.628231048583984
2021-10-05,48.84926986694336
2021-10-06,49.2176628112793
2021-10-07,49.438697814941406
2021-10-08,49.438697814941406
2021-10-12,48.701904296875
2021-10-13,48.33351135253906
2021-10-14,48.33351135253906
2021-10-15,49.143978118896484
2021-10-18,49.0703010559082
2021-10-19,49.36501693725586
2021-10-20,49.80709457397461
2021-10-21,50.24916458129883
2021-10-22,49.80709457397461
2021-10-25,50.02813720703125
2021-10-26,50.17548751831055
2021-10-27,50.17548751831055
2021-10-28,49.9544563293457
2021-10-29,49.73341369628906
2021-11-01,49.9544563293457
2021-11-02,50.10181427001953
2021-11-03,50.17548751831055
2021-11-04,50.24916458129883
2021-11-05,50.83860778808594
2021-11-08,51.57539367675781
2021-11-09,51.57539367675781
2021-11-10,51.57539367675781
2021-11-11,50.54388427734375
2021-11-12,51.57539367675781
2021-11-15,50.83860778808594
2021-11-16,50.83860778808594
2021-11-17,51.649078369140625
2021-11-18,52.0174674987793
2021-11-19,52.385868072509766
2021-11-22,52.90161895751953
2021-11-23,51.94378662109375
2021-11-24,51.94378662109375
2021-11-25,51.649078369140625
2021-11-26,50.91227722167969
2021-11-29,50.83860778808594
2021-11-30,51.05964279174805
2021-12-01,51.28067398071289
2021-12-02,51.428035736083984
2021-12-03,51.428035736083984
2021-12-06,51.79643249511719
2021-12-07,51.79643249511719
2021-12-08,51.79643249511719
2021-12-09,51.72274398803711
2021-12-10,51.72274398803711
2021-12-13,52.09114456176758
2021-12-14,52.0174674987793
2021-12-15,51.94378662109375
2021-12-16,52.53322219848633
2021-12-17,53.49104309082031
2021-12-20,53.71208953857422
2021-12-21,53.85944747924805
2021-12-22,53.6384162902832
2021-12-23,54.44888687133789
2021-12-24,54.375205993652344
2021-12-27,54.375205993652344
2021-12-28,53.7857666015625
2021-12-29,53.7857666015625
2021-12-30,53.85944747924805
2022-01-03,53.34369659423828
2022-01-04,53.34369659423828
2022-01-05,52.459537506103516
2022-01-06,52.75425338745117
2022-01-07,52.23850631713867
2022-01-10,52.23850631713867
2022-01-11,52.0174674987793
2022-01-12,52.16482925415039
2022-01-13,52.31218719482422
2022-01-14,52.23850631713867
2022-01-17,52.53322219848633
2022-01-18,52.31218719482422
2022-01-19,52.31218719482422
2022-01-20,52.31218719482422
2022-01-21,51.79643249511719
2022-01-24,51.8701171875
2022-01-25,51.28067398071289
2022-01-26,51.50171661376953
2022-02-07,51.8701171875
2022-02-08,52.60690689086914
2022-02-09,53.04897689819336
2022-02-10,52.827938079833984
2022-02-11,52.827938079833984
2022-02-14,52.16482925415039
2022-02-15,52.09114456176758
2022-02-16,52.827938079833984
2022-02-17,52.60690689086914
2022-02-18,52.827938079833984
2022-02-21,53.27001190185547
2022-02-22,52.53322219848633
2022-02-23,52.75425338745117
2022-02-24,51.50171661376953
2022-02-25,52.0174674987793
2022-03-01,52.97529602050781
2022-03-02,52.827938079833984
2022-03-03,53.19633483886719
2022-03-04,54.964637756347656
2022-03-07,53.85944747924805
2022-03-08,53.04897689819336
2022-03-09,54.08048629760742
2022-03-10,54.81727600097656
2022-03-11,54.669918060302734
2022-03-14,55.11199188232422
2022-03-15,54.81727600097656
2022-03-16,54.89095687866211
2022-03-17,55.406707763671875
2022-03-18,54.81727600097656
2022-03-21,55.03830337524414
2022-03-22,54.964637756347656
2022-03-23,55.11199188232422
2022-03-24,54.89095687866211
2022-03-25,54.669918060302734
2022-03-28,54.522552490234375
2022-03-29,54.522552490234375
2022-03-30,54.964637756347656
2022-03-31,54.81727600097656
2022-04-01,54.669918060302734
2022-04-06,54.59623718261719
2022-04-07,53.7857666015625
2022-04-08,54.15416717529297
2022-04-11,53.41737747192383
2022-04-12,53.04897689819336
2022-04-13,54.00680160522461
2022-04-14,53.7857666015625
2022-04-15,53.19633483886719
2022-04-18,53.49104309082031
2022-04-19,53.6384162902832
2022-04-20,53.122657775878906
2022-04-21,53.85944747924805
2022-04-22,53.564727783203125
2022-04-25,52.827938079833984
2022-04-26,52.827938079833984
2022-04-27,52.31218719482422
2022-04-28,52.23850631713867
2022-04-29,52.385868072509766
2022-05-03,52.60690689086914
2022-05-04,52.68058395385742
2022-05-05,53.34369659423828
2022-05-06,53.27001190185547
2022-05-09,52.53322219848633
2022-05-10,52.53322219848633
2022-05-11,52.09114456176758
2022-05-12,51.72274398803711
2022-05-13,51.57539367675781
2022-05-16,51.72274398803711
2022-05-17,52.23850631713867
2022-05-18,52.60690689086914
2022-05-19,52.0174674987793
2022-05-20,52.53322219848633
2022-05-23,52.68058395385742
2022-05-24,51.94378662109375
2022-05-25,51.94378662109375
2022-05-26,52.23850631713867
2022-05-27,52.68058395385742
2022-05-30,53.122657775878906
2022-05-31,53.122657775878906
2022-06-01,53.19633483886719
2022-06-02,53.27001190185547
2022-06-06,53.122657775878906
2022-06-07,52.97529602050781
2022-06-08,53.122657775878906
2022-06-09,52.90161895751953
2022-06-10,52.68058395385742
2022-06-13,52.0174674987793
2022-06-14,52.385868072509766
2022-06-15,52.60690689086914
2022-06-16,52.09114456176758
2022-06-17,51.50171661376953
2022-06-20,51.20699691772461
2022-06-21,51.94378662109375
2022-06-22,51.79643249511719
2022-06-23,51.8701171875
2022-06-24,51.94378662109375
2022-06-27,52.16482925415039
2022-06-28,51.79643249511719
2022-06-29,51.649078369140625
2022-06-30,50.91227722167969
2022-07-01,50.47020721435547
2022-07-04,48.047637939453125
2022-07-05,47.48237228393555
2022-07-06,46.9171028137207
2022-07-07,47.64387512207031
2022-07-08,48.6129035949707
2022-07-11,47.80537796020508
2022-07-12,46.75559997558594
2022-07-13,47.64387512207031
2022-07-14,47.72462844848633
2022-07-15,47.80537796020508
2022-07-18,49.097415924072266
2022-07-19,49.33967590332031
2022-07-20,49.33967590332031
2022-07-21,49.42042541503906
2022-07-22,49.2589225769043
2022-07-25,49.581932067871094
2022-07-26,49.581932067871094
2022-07-27,49.90494155883789
2022-07-28,50.793212890625
2022-07-29,51.51998519897461
2022-08-01,51.43923568725586
2022-08-02,50.631710052490234
2022-08-03,50.631710052490234
2022-08-04,50.22794723510742
2022-08-05,52.24675369262695
2022-08-08,52.73127746582031
2022-08-09,52.97352981567383
2022-08-10,52.489013671875
2022-08-11,52.73127746582031
2022-08-12,53.135040283203125
2022-08-15,53.53879928588867
2022-08-16,53.21578598022461
2022-08-17,52.73127746582031
2022-08-18,52.56977081298828
2022-08-19,53.377288818359375
2022-08-22,53.458038330078125
2022-08-23,53.53879928588867
2022-08-24,53.458038330078125
2022-08-25,53.70030212402344
2022-08-26,53.78105163574219
2022-08-29,52.73127746582031
2022-08-30,52.89277648925781
2022-08-31,53.458038330078125
2022-09-01,52.89277648925781
2022-09-02,52.489013671875
2022-09-05,52.489013671875
2022-09-06,52.24675369262695
2022-09-07,51.60074234008789
2022-09-08,52.3275146484375
2022-09-12,52.97352981567383
2022-09-13,53.296539306640625
2022-09-14,52.8120231628418
2022-09-15,53.05427932739258
2022-09-16,54.750083923339844
2022-09-19,53.94255828857422
2022-09-20,53.296539306640625
2022-09-21,52.89277648925781
2022-09-22,53.05427932739258
2022-09-23,52.73127746582031
2022-09-26,51.43923568725586
2022-09-27,52.40826416015625
2022-09-28,51.19697570800781
2022-09-29,51.92375183105469
2022-09-30,52.08525085449219
2022-10-03,51.68149185180664
2022-10-04,52.08525085449219
2022-10-05,52.73127746582031
2022-10-06,53.135040283203125
2022-10-07,53.61954879760742
2022-10-11,53.53879928588867
2022-10-12,53.296539306640625
2022-10-13,52.08525085449219
2022-10-14,53.21578598022461
2022-10-17,52.89277648925781
2022-10-18,53.70030212402344
2022-10-19,53.296539306640625
2022-10-20,53.21578598022461
2022-10-21,52.40826416015625
2022-10-24,52.489013671875
2022-10-25,52.08525085449219
2022-10-26,52.489013671875
2022-10-27,53.21578598022461
2022-10-28,52.00450134277344
2022-10-31,52.00450134277344
2022-11-01,52.6505126953125
2022-11-02,52.89277648925781
2022-11-03,52.56977081298828
2022-11-04,52.489013671875
2022-11-07,52.489013671875
2022-11-08,52.56977081298828
2022-11-09,54.023311614990234
2022-11-10,53.70030212402344
2022-11-11,53.86180114746094
2022-11-14,53.86180114746094
2022-11-15,53.61954879760742
2022-11-16,53.296539306640625
2022-11-17,53.296539306640625
2022-11-18,53.135040283203125
2022-11-21,52.89277648925781
2022-11-22,52.6505126953125
2022-11-23,52.89277648925781
2022-11-24,53.53879928588867
2022-11-25,53.61954879760742
2022-11-28,53.94255828857422
2022-11-29,54.26556396484375
2022-11-30,54.66931915283203
2022-12-01,54.830833435058594
2022-12-02,54.42707061767578
2022-12-05,54.58857727050781
2022-12-06,54.26556396484375
2022-12-07,53.94255828857422
2022-12-08,53.94255828857422
2022-12-09,54.023311614990234
2022-12-12,54.023311614990234
2022-12-13,54.10405731201172
2022-12-14,54.023311614990234
2022-12-15,53.61954879760742
2022-12-16,53.05427932739258
2022-12-19,54.26556396484375
2022-12-20,53.135040283203125
2022-12-21,53.135040283203125
2022-12-22,53.70030212402344
2022-12-23,53.94255828857422
2022-12-26,53.94255828857422
2022-12-27,53.94255828857422
2022-12-28,53.53879928588867
2022-12-29,53.05427932739258
2022-12-30,53.296539306640625
2023-01-03,53.296539306640625
2023-01-04,53.458038330078125
2023-01-05,53.86180114746094
2023-01-06,53.86180114746094
2023-01-09,54.184814453125
2023-01-10,54.10405731201172
2023-01-11,54.3463249206543
2023-01-12,54.3463249206543
2023-01-13,54.26556396484375
2023-01-16,54.42707061767578
2023-01-17,54.42707061767578
2023-01-30,54.91158676147461
2023-01-31,54.91158676147461
2023-02-01,54.66931915283203
2023-02-02,55.07308578491211
2023-02-03,55.153846740722656
2023-02-06,54.66931915283203
2023-02-07,55.47685241699219
2023-02-08,55.5576057434082
2023-02-09,55.5576057434082
2023-02-10,55.315345764160156
2023-02-13,55.315345764160156
2023-02-14,55.315345764160156
2023-02-15,55.39609909057617
2023-02-16,55.315345764160156
2023-02-17,55.47685241699219
2023-02-20,55.961368560791016
2023-02-21,56.122867584228516
2023-02-22,56.122867584228516
2023-02-23,56.122867584228516
2023-02-24,56.768890380859375
2023-03-01,57.09189224243164
2023-03-02,57.41490936279297
2023-03-03,57.33415603637695
2023-03-06,57.25339889526367
2023-03-07,57.33415603637695
2023-03-08,57.49565505981445
2023-03-09,57.41490936279297
2023-03-10,57.33415603637695
2023-03-13,57.41490936279297
2023-03-14,57.49565505981445
2023-03-15,57.737918853759766
2023-03-16,56.68812942504883
2023-03-17,57.81866455078125
2023-03-20,57.81866455078125
2023-03-21,58.0609245300293
2023-03-22,58.0609245300293
2023-03-23,58.62618637084961
2023-03-24,59.35296630859375
2023-03-27,58.78770446777344
2023-03-28,58.62618637084961
2023-03-29,58.54544448852539
2023-03-30,58.94919967651367
2023-03-31,59.02995300292969
2023-04-06,59.35296630859375
2023-04-07,59.35296630859375
2023-04-10,59.02995300292969
2023-04-11,59.272212982177734
2023-04-12,59.02995300292969
2023-04-13,58.94919967651367
2023-04-14,58.94919967651367
2023-04-17,58.46468734741211
2023-04-18,58.383934020996094
2023-04-19,57.33415603637695
2023-04-20,57.011146545410156
2023-04-21,57.17265701293945
2023-04-24,56.930389404296875
2023-04-25,56.60738754272461
2023-04-26,57.09189224243164
2023-04-27,57.49565505981445
2023-04-28,57.33415603637695
2023-05-02,57.737918853759766
2023-05-03,57.737918853759766
2023-05-04,57.65716552734375
2023-05-05,57.49565505981445
2023-05-08,57.25339889526367
2023-05-09,57.576416015625
2023-05-10,57.737918853759766
2023-05-11,57.33415603637695
2023-05-12,57.576416015625
2023-05-15,57.65716552734375
2023-05-16,57.737918853759766
2023-05-17,58.46468734741211
2023-05-18,58.62618637084961
2023-05-19,58.94919967651367
2023-05-22,59.02995300292969
2023-05-23,58.94919967651367
2023-05-24,59.02995300292969
2023-05-25,59.1107063293457
2023-05-26,59.19145584106445
2023-05-29,59.59522247314453
2023-05-30,60.40274429321289
2023-05-31,62.17929458618164
2023-06-01,62.58304977416992
2023-06-02,63.55207824707031
2023-06-05,62.74456024169922
2023-06-06,61.69478988647461
2023-06-07,62.17929458618164
2023-06-08,61.77553176879883
2023-06-09,61.452518463134766
2023-06-12,61.614036560058594
2023-06-13,63.06757736206055
2023-06-14,63.632843017578125
2023-06-15,63.79433822631836
2023-06-16,63.632843017578125
2023-06-19,63.06757736206055
2023-06-20,62.74456024169922
2023-06-21,62.986820220947266
2023-06-26,62.42155456542969
2023-06-27,62.26005172729492
2023-06-28,62.340789794921875
2023-06-29,62.82532501220703
2023-06-30,63.30982971191406
2023-07-03,63.55207824707031
2023-07-04,63.632843017578125
2023-07-05,63.55207824707031
2023-07-06,62.16106414794922
2023-07-07,62.16106414794922
2023-07-10,60.85698699951172
2023-07-11,61.81330871582031
2023-07-12,61.63943099975586
2023-07-13,61.63943099975586
2023-07-14,63.465145111083984
2023-07-17,64.68228149414062
2023-07-18,64.0737075805664
2023-07-19,63.89983367919922
2023-07-20,63.030452728271484
2023-07-21,62.59575653076172
2023-07-24,61.726375579833984
2023-07-25,62.508819580078125
2023-07-26,61.900245666503906
2023-07-27,62.33494186401367
2023-07-28,63.11738204956055
2023-07-31,61.900245666503906
2023-08-01,62.16106414794922
2023-08-02,61.726375579833984
2023-08-04,61.726375579833984
2023-08-07,62.508819580078125
2023-08-08,62.07413101196289
2023-08-09,62.07413101196289
2023-08-10,62.4218864440918
2023-08-11,61.900245666503906
2023-08-14,60.94392776489258
2023-08-15,60.94392776489258
2023-08-16,61.11780548095703
2023-08-17,61.37861251831055
2023-08-18,61.29167938232422
2023-08-21,61.55250549316406
2023-08-22,61.29167938232422
2023-08-23,61.81330871582031
2023-08-24,62.16106414794922
2023-08-25,61.63943099975586
2023-08-28,61.726375579833984
2023-08-29,61.46555709838867
2023-08-30,62.16106414794922
2023-08-31,62.943511962890625
2023-09-01,62.76963424682617
2023-09-04,63.29127502441406
2023-09-05,63.11738204956055
2023-09-06,63.204322814941406
2023-09-07,63.29127502441406
2023-09-08,63.204322814941406
2023-09-11,63.29127502441406
2023-09-12,63.81290054321289
2023-09-13,64.16065216064453
2023-09-14,64.9430923461914
2023-09-15,65.20391845703125
2023-09-18,65.11698150634766
2023-09-19,65.20391845703125
2023-09-20,64.5083999633789
2023-09-21,63.81290054321289
2023-09-22,63.11738204956055
2023-09-25,64.0737075805664
2023-09-26,63.465145111083984
2023-09-27,63.29127502441406
2023-09-28,63.11738204956055
2023-10-02,63.89983367919922
2023-10-03,63.81290054321289
2023-10-04,63.63902282714844
2023-10-05,63.63902282714844
2023-10-06,64.33452606201172
2023-10-11,64.76922607421875
2023-10-12,65.03003692626953
2023-10-13,65.29084777832031
2023-10-16,65.20391845703125
2023-10-17,65.37779235839844
2023-10-18,65.55166625976562
2023-10-19,65.46473693847656
2023-10-20,65.37779235839844
2023-10-23,64.76922607421875
2023-10-24,65.20391845703125
2023-10-25,65.03003692626953
2023-10-26,63.89983367919922
2023-10-27,63.81290054321289
2023-10-30,64.59535217285156
2023-10-31,63.81290054321289
2023-11-01,65.03003692626953
2023-11-02,65.20391845703125
2023-11-03,65.37779235839844
2023-11-06,66.07330322265625
2023-11-07,69.02921295166016
2023-11-08,68.94227600097656
2023-11-09,70.24635314941406
2023-11-10,70.07247161865234
2023-11-13,70.07247161865234
2023-11-14,70.59410858154297
2023-11-15,71.20267486572266
2023-11-16,70.76798248291016
2023-11-17,70.50716400146484
2023-11-20,69.98554229736328
2023-11-21,71.28961944580078
2023-11-22,71.37654876708984
2023-11-23,71.98512268066406
2023-11-24,71.11573791503906
2023-11-27,70.15940856933594
2023-11-28,71.72431182861328
2023-11-29,72.15899658203125
2023-11-30,72.4198226928711
2023-12-01,71.5504379272461
2023-12-04,72.33287048339844
2023-12-05,71.81124114990234
2023-12-06,72.4198226928711
2023-12-07,72.33287048339844
2023-12-08,73.11532592773438
2023-12-11,72.50675964355469
2023-12-12,71.37654876708984
2023-12-13,71.28961944580078
2023-12-14,72.15899658203125
2023-12-15,70.85491943359375
2023-12-18,69.89859771728516
2023-12-19,69.20308685302734
2023-12-20,69.46390533447266
2023-12-21,68.68144989013672
2023-12-22,69.46390533447266
2023-12-25,69.63777923583984
2023-12-26,70.42021942138672
2023-12-27,70.6810531616211
2023-12-28,69.98554229736328
2023-12-29,70.07247161865234
2024-01-02,69.20308685302734
2024-01-03,68.50758361816406
2024-01-04,68.42063903808594
2024-01-05,68.24677276611328
2024-01-08,67.9859390258789
2024-01-09,67.81207275390625
2024-01-10,68.68144989013672
2024-01-11,68.85533905029297
2024-01-12,68.42063903808594
2024-01-15,68.85533905029297
2024-01-16,67.72512817382812
2024-01-17,66.94268798828125
2024-01-18,66.85575103759766
2024-01-19,67.63819885253906
2024-01-22,67.46431732177734
2024-01-23,67.9859390258789
2024-01-24,68.59452056884766
2024-01-25,68.68144989013672
2024-01-26,68.94227600097656
2024-01-29,69.29002380371094
2024-01-30,69.20308685302734
2024-01-31,68.50758361816406
2024-02-01,68.68144989013672
2024-02-02,68.42063903808594
2024-02-05,67.72512817382812
2024-02-15,68.68144989013672
2024-02-16,68.94227600097656
2024-02-19,69.98554229736328
2024-02-20,69.46390533447266
2024-02-21,69.55084228515625
2024-02-22,69.81166076660156
2024-02-23,70.42021942138672
2024-02-26,70.33329772949219
2024-02-27,69.81166076660156
2024-02-29,69.55084228515625
2024-03-01,72.07206726074219
2024-03-04,72.59368896484375
2024-03-05,73.20225524902344
2024-03-06,72.94144439697266
2024-03-07,73.20225524902344
2024-03-08,71.28961944580078
2024-03-11,72.85450744628906
2024-03-12,74.94103240966797
2024-03-13,75.02796936035156
2024-03-14,73.7238998413086
2024-03-15,74.68021392822266
2024-03-18,74.41940307617188
2024-03-19,75.4626693725586
2024-03-20,77.02755737304688
2024-03-21,78.33163452148438
2024-03-22,77.11449432373047
2024-03-25,77.11449432373047
2024-03-26,76.7667465209961
2024-03-27,77.81000518798828
2024-03-28,77.28837585449219
2024-03-29,77.54918670654297
2024-04-01,77.2014389038086
2024-04-02,77.89694213867188
2024-04-03,77.54918670654297
2024-04-08,80.50509643554688
2024-04-09,81.28755187988281
2024-04-10,81.72224426269531
2024-04-11,81.20060729980469
2024-04-12,82.15692901611328
2024-04-15,80.67898559570312
2024-04-16,78.24470520019531
2024-04-17,78.59246063232422
2024-04-18,78.67938232421875
2024-04-19,75.98429107666016
2024-04-22,77.46224975585938
2024-04-23,77.54918670654297
2024-04-24,78.59246063232422
2024-04-25,78.33163452148438
2024-04-26,79.46183776855469
2024-04-29,81.72224426269531
2024-04-30,81.46141815185547
2024-05-02,81.9830551147461
2024-05-03,82.15692901611328
2024-05-06,84.33039855957031
2024-05-07,86.677734375
2024-05-08,86.93855285644531
2024-05-09,85.7214126586914
2024-05-10,88.24263763427734
2024-05-13,88.24263763427734
2024-05-14,88.24263763427734
2024-05-15,89.54670715332031
2024-05-16,93.89363098144531
2024-05-17,94.76302337646484
2024-05-20,96.93648529052734
2024-05-21,97.37117767333984
2024-05-22,96.93648529052734
2024-05-23,95.63240051269531
2024-05-24,97.37117767333984
2024-05-27,98.67525482177734
2024-05-28,97.37117767333984
2024-05-29,99.97933959960938
2024-05-30,99.54464721679688
2024-05-31,102.15280151367188
2024-06-03,98.24057006835938
2024-06-04,98.67525482177734
2024-06-05,99.10994720458984
2024-06-06,99.97933959960938
2024-06-07,106.06503295898438
2024-06-11,102.58749389648438
2024-06-12,105.19564819335938
2024-06-13,106.06503295898438
2024-06-14,105.6303482055664
2024-06-17,110.4119644165039
2024-06-18,115.62828063964844
2024-06-19,114.3241958618164
2024-06-20,113.8895034790039
2024-06-21,114.75889587402344
2024-06-24,109.9772720336914
2024-06-25,109.10787963867188
2024-06-26,108.2385025024414
2024-06-27,106.06503295898438
2024-06-28,99.97933959960938
2024-07-01,97.80587005615234
2024-07-02,98.67525482177734
2024-07-03,102.58749389648438
2024-07-04,101.71810913085938
2024-07-05,103.89157104492188
2024-07-08,100.25395965576172
2024-07-09,93.90303039550781
2024-07-10,92.5421142578125
2024-07-11,91.63484191894531
2024-07-12,92.5421142578125
2024-07-15,91.63484191894531
2024-07-16,92.5421142578125
2024-07-17,92.5421142578125
2024-07-18,92.5421142578125
2024-07-19,89.27593231201172
2024-07-22,87.73355865478516
2024-07-23,89.4573745727539
2024-07-26,86.91700744628906
2024-07-29,87.1891860961914
2024-07-30,89.4573745727539
2024-07-31,89.91101837158203
2024-08-01,92.0884780883789
2024-08-02,89.91101837158203
2024-08-05,83.4693603515625
2024-08-06,83.1064453125
2024-08-07,84.83027648925781
2024-08-08,83.92300415039062
2024-08-09,84.83027648925781
2024-08-12,86.00973510742188
2024-08-13,87.09846496582031
2024-08-14,88.18718719482422
2024-08-15,86.73555755615234
2024-08-16,89.36665344238281
2024-08-19,89.91101837158203
2024-08-20,90.5461196899414
2024-08-21,92.99575805664062
2024-08-22,91.63484191894531
2024-08-23,91.18120574951172
2024-08-26,93.44938659667969
2024-08-27,92.99575805664062
2024-08-28,92.0884780883789
2024-08-29,93.90303039550781
2024-08-30,93.90303039550781
2024-09-02,93.44938659667969
2024-09-03,94.35667419433594
2024-09-04,90.27392578125
2024-09-05,90.1832046508789
2024-09-06,90.7275619506836
2024-09-09,91.18120574951172
2024-09-10,90.00173950195312
2024-09-11,90.7275619506836
2024-09-12,90.7275619506836
2024-09-13,91.63484191894531
2024-09-16,89.8202896118164
2024-09-18,90.09247589111328
2024-09-19,91.18120574951172
2024-09-20,88.73155975341797
2024-09-23,90.36465454101562
2024-09-24,90.09247589111328
2024-09-25,91.18120574951172
2024-09-26,91.63484191894531
2024-09-27,93.44938659667969
2024-09-30,93.44938659667969
2024-10-01,91.18120574951172
2024-10-04,92.99575805664062
2024-10-07,93.44938659667969
2024-10-08,92.5421142578125
2024-10-09,92.99575805664062
2024-10-11,91.63484191894531
2024-10-14,92.5421142578125
2024-10-15,93.44938659667969
2024-10-16,92.99575805664062
2024-10-17,93.44938659667969
2024-10-18,91.63484191894531
2024-10-21,91.63484191894531
2024-10-22,90.7275619506836
2024-10-23,88.55010223388672
2024-10-24,86.73555755615234
2024-10-25,87.37065124511719
2024-10-28,87.1891860961914
2024-10-29,86.1911849975586
2024-10-30,87.46137237548828
2024-11-01,88.55010223388672
2024-11-04,86.28191375732422
2024-11-05,87.09846496582031
2024-11-06,87.27991485595703
2024-11-07,88.91301727294922
2024-11-08,88.36864471435547
2024-11-11,88.36864471435547
2024-11-12,84.64881896972656
2024-11-13,84.28590393066406
2024-11-14,83.19717407226562
2024-11-15,83.28790283203125
2024-11-18,84.64881896972656
2024-11-19,85.19318389892578
2024-11-20,84.37663269042969
2024-11-21,83.28790283203125
2024-11-22,83.65081024169922
2024-11-25,84.9209976196289
2024-11-26,84.64881896972656
2024-11-27,83.56008911132812
2024-11-28,83.56008911132812
2024-11-29,83.01571655273438
2024-12-02,82.28990173339844
2024-12-03,82.83427429199219
2024-12-04,83.37863159179688
2024-12-05,84.10445404052734
2024-12-06,85.46537017822266
2024-12-09,85.19318389892578
2024-12-10,85.46537017822266
2024-12-11,85.46537017822266
2024-12-12,85.01172637939453
2024-12-13,82.19917297363281
2024-12-16,82.74353790283203
2024-12-17,81.83625793457031
2024-12-18,82.83427429199219
2024-12-19,82.56208801269531
2024-12-20,80.7475357055664
2024-12-23,81.92699432373047
2024-12-24,80.20317077636719
2024-12-25,79.56806945800781
2024-12-26,80.1124496459961
2024-12-27,79.56806945800781
2024-12-30,78.75153350830078
2024-12-31,78.570068359375
2025-01-02,78.66079711914062
2025-01-03,77.66279602050781
2025-01-06,78.66079711914062
2025-01-07,78.1164321899414
2025-01-08,79.3866195678711
2025-01-09,77.66279602050781
2025-01-10,78.1164321899414
2025-01-13,77.1184310913086
2025-01-14,76.84624481201172
2025-01-15,76.30188751220703
2025-01-16,77.39061737060547
2025-01-17,78.02570343017578
2025-01-20,77.84425354003906
2025-01-21,78.20716094970703
2025-01-22,79.20516204833984
2025-02-03,78.4793472290039
2025-02-04,77.20915985107422
2025-02-05,78.66079711914062
2025-02-06,79.20516204833984
2025-02-07,78.8422622680664
2025-02-10,77.93497467041016
2025-02-11,78.570068359375
2025-02-12,78.38861846923828
2025-02-13,80.20317077636719
2025-02-14,80.1124496459961
2025-02-17,80.56607818603516
2025-02-18,81.201171875
2025-02-19,81.83625793457031
2025-02-20,80.7475357055664
2025-02-21,81.83625793457031
2025-02-24,80.92898559570312
2025-02-25,80.56607818603516
2025-02-26,81.83625793457031
2025-02-27,81.11044311523438
2025-03-03,79.20516204833984
2025-03-04,79.65880584716797
2025-03-05,79.7495346069336
2025-03-06,79.7495346069336
2025-03-07,87.64282989501953
2025-03-10,89.8202896118164
2025-03-11,92.99575805664062
2025-03-12,91.63484191894531
2025-03-13,90.36465454101562
2025-03-14,91.18120574951172
2025-03-17,94.35667419433594
2025-03-18,93.44938659667969
2025-03-19,93.44938659667969
2025-03-20,95.26394653320312
2025-03-21,92.99575805664062
2025-03-24,92.5421142578125
2025-03-25,93.90303039550781
2025-03-26,93.44938659667969
2025-03-27,95.26394653320312
2025-03-28,92.5421142578125
2025-03-31,91.18120574951172
2025-04-01,94.35667419433594
2025-04-02,94.35667419433594
2025-04-07,84.9209976196289
2025-04-08,78.66079711914062
2025-04-09,71.22114562988281
2025-04-10,78.29788970947266
2025-04-11,84.73954772949219
2025-04-14,85.737548828125
2025-04-15,87.82428741455078
2025-04-16,87.9150161743164
2025-04-17,90.27392578125
2025-04-18,92.5421142578125
2025-04-21,92.0884780883789
2025-04-22,90.5461196899414
2025-04-23,93.44938659667969
2025-04-24,94.810302734375
2025-04-25,93.44938659667969
2025-04-28,92.99575805664062
2025-04-29,93.90303039550781
2025-04-30,90.7275619506836
2025-05-02,92.0884780883789
2025-05-05,90.00173950195312
2025-05-06,89.4573745727539
2025-05-07,88.00574493408203
2025-05-08,87.5521011352539
2025-05-09,87.9150161743164
2025-05-12,90.1832046508789
2025-05-13,90.6368408203125
2025-05-14,92.99575805664062
2025-05-15,92.5421142578125
2025-05-16,91.63484191894531
2025-05-19,93.44938659667969
2025-05-20,93.90303039550781
2025-05-21,95.71758270263672
2025-05-22,93.90303039550781
2025-05-23,93.90303039550781
2025-05-26,92.99575805664062
2025-05-27,92.0884780883789
2025-05-28,95.71758270263672
2025-05-29,93.44938659667969
2025-06-02,93.90303039550781
2025-06-03,95.71758270263672
2025-06-04,96.17121887207031
2025-06-05,93.90303039550781
2025-06-06,95.71758270263672
2025-06-09,94.35667419433594
2025-06-10,98.43940734863281
2025-06-11,98.43940734863281
2025-06-12,95.26394653320312
2025-06-13,93.90303039550781
2025-06-16,92.99575805664062
2025-06-17,92.99575805664062
2025-06-18,94.35667419433594
2025-06-19,92.0884780883789
2025-06-20,89.27593231201172
2025-06-23,91.18120574951172
2025-06-24,91.18120574951172
2025-06-25,92.99575805664062
2025-06-26,94.810302734375
2025-06-27,91.63484191894531
2025-06-30,91.18120574951172
2025-07-01,92.99575805664062
2025-07-02,95.26394653320312
2025-07-03,103.88306427001953
2025-07-04,108.87307739257812
2025-07-07,100.70760345458984
2025-07-08,96.47235107421875
2025-07-09,95.89639282226562
2025-07-10,93.0166244506836
2025-07-11,92.9206314086914
2025-07-14,92.440673828125
2025-07-15,87.8330307006836
2025-07-16,87.8330307006836
2025-07-17,88.12100982666016
2025-07-18,87.16108703613281
2025-07-21,86.6811294555664
2025-07-22,85.24124145507812
2025-07-23,86.39315032958984
2025-07-24,86.0091781616211
2025-07-25,86.29715728759766
2025-07-28,90.23284149169922
2025-07-29,88.98493957519531
2025-07-30,89.46490478515625
2025-07-31,90.80879974365234
2025-08-04,90.52082061767578
2025-08-05,91.6727294921875
2025-08-06,92.15269470214844
2025-08-07,91.57673645019531
2025-08-08,89.27291870117188
2025-08-11,91.6727294921875
2025-08-12,95.80040740966797
2025-08-13,95.99238586425781
2025-08-14,96.47235107421875
2025-08-15,95.32044219970703
2025-08-18,94.36051940917969
2025-08-19,92.72864532470703
2025-08-20,90.61681365966797
2025-08-21,95.80040740966797
2025-08-22,93.30459594726562
2025-08-25,94.26451873779297
2025-08-26,94.55249786376953
2025-08-27,95.89639282226562
2025-08-28,96.47235107421875
2025-08-29,96.95230865478516
2025-09-01,95.03246307373047
2025-09-02,95.60841369628906
2025-09-03,96.47235107421875
2025-09-04,97.4322738647461
2025-09-05,100.31204223632812
2025-09-08,102.23188781738281
2025-09-09,104.63169860839844
2025-09-10,105.11166381835938
2025-09-11,106.07158660888672
2025-09-12,106.55155181884766
2025-09-15,111.83113098144531
2025-09-16,113.7509765625
2025-09-17,113.2710189819336
2025-09-18,113.7509765625
2025-09-19,113.7509765625
2025-09-22,116.15078735351562
2025-09-23,113.2710189819336
2025-09-24,111.35116577148438
2025-09-25,107.03150939941406
2025-09-26,101.27196502685547
2025-09-30,105.59162139892578
2025-10-01,108.47139739990234
2025-10-02,110.87120819091797
2025-10-03,108.95135498046875
2025-10-07,113.7509765625
2025-10-08,112.31108856201172
2025-10-09,116.15078735351562
2025-10-13,117.11071014404297
2025-10-14,118.55059814453125
2025-10-15,121.91033172607422
2025-10-16,133.9093780517578
2025-10-17,127.66987609863281
2025-10-20,125.7500228881836
2025-10-21,126.22998809814453
2025-10-22,125.27006530761719
2025-10-23,125.7500228881836
2025-10-27,131.5095672607422
2025-10-28,126.70995330810547
2025-10-29,129.10975646972656
2025-10-30,128.62979125976562
2025-10-31,127.18991088867188
2025-11-03,127.66987609863281
2025-11-04,122.87025451660156
2025-11-05,123.8301773071289
2025-11-06,129.5897216796875
2025-11-07,142.54869079589844
2025-11-10,156.46759033203125
2025-11-11,171.8263702392578
2025-11-12,188.6250457763672
2025-11-13,207.3435516357422
2025-11-14,188.14508056640625
2025-11-17,191.02484130859375
2025-11-18,191.98477172851562
2025-11-19,196.30442810058594
2025-11-20,193.9046173095703
2025-11-21,179.0258026123047
2025-11-24,179.0258026123047
2025-11-25,181.4256134033203
2025-11-26,175.6660614013672
2025-11-27,184.30538940429688
2025-11-28,175.6660614013672
2025-12-01,171.34640502929688
2025-12-02,169.4265594482422
2025-12-03,166.06683349609375
2025-12-04,163.66702270507812
2025-12-05,169.4265594482422
2025-12-08,173.7462158203125
2025-12-09,173.7462158203125
2025-12-10,170.38648986816406
2025-12-11,167.02674865722656
2025-12-12,174.22618103027344
2025-12-15,170.38648986816406
2025-12-16,163.1870574951172
2025-12-17,173.26625061035156
2025-12-18,176.14602661132812
2025-12-19,168.46664428710938
2025-12-22,172.7863006591797
2025-12-23,175.1861114501953
2025-12-24,175.1861114501953
2025-12-26,171.8263702392578
2025-12-29,176.14602661132812
2025-12-30,188.14508056640625
2025-12-31,188.14508056640625
2026-01-02,194.8645477294922
2026-01-05,198.22427368164062
2026-01-06,207.82351684570312
2026-01-07,228.46188354492188
2026-01-08,247.18038940429688
2026-01-09,231.8216094970703
2026-01-12,227.501953125
2026-01-13,229.90176391601562
2026-01-14,230.8616943359375
2026-01-15,228.46188354492188
2026-01-16,243.82066345214844
2026-01-19,246.22047424316406
2026-01-20,238.0611114501953
2026-01-21,221.74241638183594
2026-01-22,222.70233154296875
2026-01-23,228.9418487548828
2026-01-26,242.3807830810547
2026-01-27,231.34164428710938
2026-01-28,240.46092224121094
2026-01-29,248.6202850341797
2026-01-30,255.8197021484375
2026-02-02,230.38172912597656
2026-02-03,221.74241638183594
2026-02-04,219.3426055908203
2026-02-05,210.22332763671875
2026-02-06,212.14317321777344
2026-02-09,214.54298400878906
2026-02-10,204.46377563476562
2026-02-11,210.22332763671875
2026-02-23,210.22332763671875
2026-02-24,218.38267517089844
2026-02-25,206.38363647460938
2026-02-26,201.58401489257812
2026-03-02,209.7433624267578
2026-03-03,194.38458251953125
2026-03-04,191.02484130859375
2026-03-05,204.94374084472656
2026-03-06,208.30348205566406
2026-03-09,203.98382568359375
2026-03-10,211.18324279785156
2026-03-11,219.82257080078125
2026-03-12,216.46282958984375
2026-03-13,226.5420379638672
2026-03-16,249.10023498535156
2026-03-17,273.57830810546875
2026-03-18,300.9361267089844
2026-03-19,296.6164855957031
2026-03-20,289.8970031738281
2026-03-23,261.09930419921875
2026-03-24,242.86073303222656
2026-03-25,244.78057861328125
2026-03-26,232.30157470703125
2026-03-27,226.5420379638672
2026-03-30,218.86264038085938
2026-03-31,202.54393005371094
2026-04-01,220.78248596191406
2026-04-02,223.66226196289062
2026-04-07,224.14222717285156
2026-04-08,238.0611114501953
2026-04-09,223.66226196289062
2026-04-10,230.8616943359375
2026-04-13,235.1813507080078
2026-04-14,239.50100708007812
2026-04-15,238.0611114501953
2026-04-16,237.1011962890625
2026-04-17,236.62123107910156
2026-04-20,240.46092224121094
2026-04-21,254.8597869873047
2026-04-22,258.2195129394531
2026-04-23,241.4208526611328
2026-04-24,242.3807830810547
2026-04-27,251.5000457763672
2026-04-28,251.0200958251953
2026-04-29,257.25958251953125
2026-04-30,242.3807830810547
2026-05-04,254.8597869873047
2026-05-05,271.658447265625
2026-05-06,290.3769836425781
2026-05-07,290.3769836425781
2026-05-08,299.9761962890625
2026-05-11,329.7338562011719
2026-05-12,336.93328857421875
2026-05-13,313.8951110839844
2026-05-14,330.6937561035156
2026-05-15,322.534423828125
2026-05-18,315.3349914550781
2026-05-19,294.2166748046875
2026-05-20,297.096435546875
2026-05-21,300.9361267089844
2026-05-22,303.81591796875
2026-05-25,298.53631591796875
2026-05-26,303.81591796875
2026-05-27,308.13555908203125
2026-05-28,309.0954895019531
2026-05-29,324.4542541503906
2026-06-01,343.17279052734375
2026-06-02,348.93231201171875
2026-06-03,343.6527404785156
2026-06-04,342.69281005859375
2026-06-05,308.6155090332031
2026-06-08,282.69757080078125
2026-06-09,293.7366943359375
2026-06-10,281.2576904296875
2026-06-11,280.2977600097656
2026-06-12,293.2567443847656
2026-06-15,297.5763854980469
2026-06-16,299.9761962890625
2026-06-17,298.53631591796875
2026-06-18,299.01629638671875
2026-06-22,297.096435546875
2026-06-23,288.4571228027344
2026-06-24,282.2176208496094
2026-06-25,288.0
2026-06-26,278.5
2026-06-29,275.0
2026-06-30,266.5
2026-07-01,250.5
2026-07-02,258.0
2026-07-03,263.0
2026-07-06,270.5
2026-07-07,256.0
2026-07-08,250.0
2026-07-09,253.5
2026-07-10,253.5
2026-07-13,252.5
2026-07-14,239.0
2026-07-15,253.0
2026-07-16,247.5
2026-07-17,230.0
2026-07-20,221.0
2026-07-21,235.0
2026-07-22,241.5
2026-07-23,244.5
2026-07-24,264.0
2026-07-27,272.0
2026-07-28,257.5
2026-07-29,269.5
2026-07-30,269.5
2026-07-31,293.0
2026-08-03,281.0
2026-08-04,284.5
2026-08-05,282.5
2026-08-06,293.0
2026-08-07,297.0
2026-08-10,295.5
2026-08-11,286.0
2026-08-12,294.5
2026-08-13,302.0
2026-08-14,292.5
2026-08-17,290.0
2026-08-18,280.0
2026-08-19,281.0
2026-08-20,284.5
2026-08-21,312.5
2026-08-24,316.0
2026-08-25,299.0
2026-08-26,301.0
2026-08-27,298.0
2026-08-28,294.0
2026-08-31,294.5
2026-09-01,295.0
2026-09-02,296.5
2026-09-03,286.0
2026-09-04,284.5
2026-09-07,289.5
2026-09-08,286.0
2026-09-09,287.5
2026-09-10,282.5
2026-09-11,276.5
2026-09-14,274.0
2026-09-15,273.0
2026-09-16,282.5
2026-09-17,277.0
2026-09-18,283.0
2026-09-20,287.5
