Price,AdjClose
Ticker,2456.TW
Date,
2001-09-26,11.839062844636702
2001-09-27,11.800118558963556
2001-09-28,11.527508559251528
2001-10-02,10.748622845788587
2001-10-03,10.008681417998792
2001-10-04,9.346628561555292
2001-10-05,9.541349989921027
2001-10-08,8.879297133477527
2001-10-09,8.606687133765499
2001-10-11,9.190851418862705
2001-10-12,9.813959989633057
2001-10-15,9.151907133189557
2001-10-16,9.541349989921027
2001-10-17,9.463461418574733
2001-10-18,9.035074276170116
2001-10-19,9.112962847516409
2001-10-22,9.736071418286762
2001-10-23,9.852904275306203
2001-10-24,9.736071418286762
2001-10-25,9.697127132613614
2001-10-26,9.77501570395991
2001-10-29,9.307684275882144
2001-10-30,9.268739990208998
2001-10-31,8.99612999049697
2001-11-01,9.619238561267322
2001-11-02,10.008681417998792
2001-11-05,10.67073427444229
2001-11-06,10.437068560403409
2001-11-07,10.904399988481174
2001-11-08,11.09912141684691
2001-11-09,11.09912141684691
2001-11-12,10.982288559827468
2001-11-13,11.722229987617263
2001-11-14,12.111672844348734
2001-11-15,12.26744998704132
2001-11-16,13.124224271850556
2001-11-19,14.019942842332938
2001-11-20,14.993549984161614
2001-11-21,15.811379983297703
2001-11-22,15.032494269834762
2001-11-23,15.30510426954679
2001-11-26,15.85032426897085
2001-11-27,15.18827141252735
2001-11-28,14.52621855608385
2001-11-29,14.565162841756996
2001-11-30,14.798828555795879
2001-12-03,15.071438555507909
2001-12-04,15.96715712599029
2001-12-05,16.278711411375465
2001-12-06,17.408095695896733
2001-12-07,17.836482838301347
2001-12-10,17.135485696184702
2001-12-11,16.86287569647267
2001-12-12,18.031204266667082
2001-12-13,17.057597124838406
2001-12-14,17.836482838301347
2001-12-17,17.096541410511556
2001-12-18,16.707098553780085
2001-12-19,16.161878554356026
2001-12-20,16.200822840029172
2001-12-21,15.18827141252735
2001-12-24,15.421937126566233
2001-12-25,16.278711411375465
2001-12-26,15.96715712599029
2001-12-27,15.266159983873644
2001-12-28,14.681995698776438
2001-12-31,15.421937126566233
2002-01-02,15.18827141252735
2002-01-03,14.175719985025525
2002-01-04,15.149327126854201
2002-01-07,16.200822840029172
2002-01-08,17.25231855320414
2002-01-09,17.524928552916172
2002-01-10,18.73220140878373
2002-01-11,17.447039981569876
2002-01-14,17.330207124550437
2002-01-15,17.914371409647643
2002-01-16,16.90181998214582
2002-01-17,16.784987125126378
2002-01-18,16.823931410799528
2002-01-21,17.68070569560876
2002-01-22,17.25231855320414
2002-01-23,16.90181998214582
2002-01-24,16.707098553780085
2002-01-25,17.719649981281908
2002-01-28,17.485984267243026
2002-01-29,17.447039981569876
2002-01-30,17.836482838301347
2002-01-31,17.60281712426247
2002-02-01,17.485984267243026
2002-02-04,17.135485696184702
2002-02-05,16.784987125126378
2002-02-06,16.784987125126378
2002-02-18,17.29126283887729
2002-02-19,16.551321411087496
2002-02-20,15.616658554931968
2002-02-21,14.75988427012273
2002-02-22,14.565162841756996
2002-02-25,14.214664270698673
2002-02-26,13.942054270986644
2002-02-27,14.91566141281532
2002-03-01,15.382992840893085
2002-03-04,16.35659998272176
2002-03-05,16.045045697336587
2002-03-06,16.551321411087496
2002-03-07,16.979708553492113
2002-03-08,17.836482838301347
2002-03-11,19.082699979842054
2002-03-12,19.66686426493926
2002-03-13,19.199532836861493
2002-03-14,18.576424266091145
2002-03-15,17.56387283858932
2002-03-18,17.135485696184702
2002-03-19,17.524928552916172
2002-03-20,18.225925695032817
2002-03-21,19.472142836573525
2002-03-22,19.082699979842054
2002-03-25,19.43319855090038
2002-03-26,20.640471406767936
2002-03-27,20.640471406767936
2002-03-28,19.861585693304995
2002-03-29,19.082699979842054
2002-04-01,19.861585693304995
2002-04-02,20.83519283513367
2002-04-03,22.19824283369382
2002-04-04,21.808799976962348
2002-04-08,21.029914263499407
2002-04-09,20.83519283513367
2002-04-10,21.029914263499407
2002-04-11,20.640471406767936
2002-04-12,21.224635691865142
2002-04-15,21.224635691865142
2002-04-16,21.419357120230877
2002-04-17,21.224635691865142
2002-04-18,20.640471406767936
2002-04-19,19.66686426493926
2002-04-22,19.66686426493926
2002-04-23,19.472142836573525
2002-04-24,19.355309979554086
2002-04-25,19.66686426493926
2002-04-26,19.355309979554086
2002-04-29,18.576424266091145
2002-04-30,17.29126283887729
2002-05-02,16.08398998300973
2002-05-03,15.30510426954679
2002-05-06,14.253608556371821
2002-05-07,13.942054270986644
2002-05-08,14.91566141281532
2002-05-09,14.75988427012273
2002-05-10,15.382992840893085
2002-05-13,15.18827141252735
2002-05-14,14.798828555795879
2002-05-15,15.227215698200498
2002-05-16,14.487274270410703
2002-05-17,14.136775699352379
2002-05-20,13.202112843196849
2002-05-21,12.306394272714469
2002-05-22,12.812669986465378
2002-05-23,12.462171415407056
2002-05-24,13.318945700216291
2002-05-27,13.552611414255173
2002-05-28,13.163168557523703
2002-05-29,12.968447129157967
2002-05-30,12.812669986465378
2002-05-31,12.656892843772791
2002-06-03,12.072728558675585
2002-06-04,12.15061713002188
2002-06-05,12.501115701080204
2002-06-06,12.656892843772791
2002-06-07,12.228505701368173
2002-06-10,12.423227129733908
2002-06-11,11.955895701656145
2002-06-12,12.072728558675585
2002-06-13,12.656892843772791
2002-06-14,12.617948558099643
2002-06-17,12.734781415119086
2002-06-18,12.579004272426497
2002-06-19,11.722229987617263
2002-06-20,10.904399988481174
2002-06-21,10.865455702808026
2002-06-24,10.125514275018233
2002-06-25,9.77501570395991
2002-06-26,9.112962847516409
2002-06-27,8.957185704823821
2002-06-28,9.190851418862705
2002-07-01,8.606687133765499
2002-07-02,8.84035284780438
2002-07-03,9.424517132901586
2002-07-04,9.580294275594175
2002-07-05,9.813959989633057
2002-07-08,9.813959989633057
2002-07-09,9.658182846940468
2002-07-10,9.190851418862705
2002-07-11,9.035074276170116
2002-07-12,9.658182846940468
2002-07-15,10.164458560691381
2002-07-16,9.697127132613614
2002-07-17,9.424517132901586
2002-07-18,9.346628561555292
2002-07-19,9.346628561555292
2002-07-22,9.035074276170116
2002-07-23,9.424517132901586
2002-07-24,9.112962847516409
2002-07-25,9.268739990208998
2002-07-26,8.645631419438645
2002-07-29,8.801408562131234
2002-07-30,9.38557284722844
2002-07-31,9.658182846940468
2002-08-01,9.930792846652498
2002-08-02,9.89184856097935
2002-08-05,9.229795704535851
2002-08-06,8.801408562131234
2002-08-07,9.229795704535851
2002-08-08,9.035074276170116
2002-08-09,9.38557284722844
2002-08-12,9.346628561555292
2002-08-13,9.268739990208998
2002-08-14,9.736071418286762
2002-08-15,10.047625703671939
2002-08-16,10.28129141771082
2002-08-19,9.969737132325646
2002-08-20,9.813959989633057
2002-08-21,9.969737132325646
2002-08-22,10.631789988769144
2002-08-23,10.437068560403409
2002-08-26,10.709678560115439
2002-08-27,10.320235703383968
2002-08-28,9.619238561267322
2002-08-29,9.346628561555292
2002-08-30,9.074018561843262
2002-09-02,8.45090999107291
2002-09-03,7.944634277321998
2002-09-04,6.73736142145444
2002-09-05,6.270029993376675
2002-09-09,6.581584278761851
2002-09-10,7.009971421166469
2002-09-11,6.854194278473881
2002-09-12,6.7763057071275865
2002-09-13,6.34791856472297
2002-09-16,5.958475707991499
2002-09-17,6.270029993376675
2002-09-18,5.880587136645205
2002-09-19,6.07530856501094
2002-09-20,6.07530856501094
2002-09-23,5.958475707991499
2002-09-24,5.880587136645205
2002-09-25,5.471672137077161
2002-09-26,5.471672137077161
2002-09-27,5.491144279913734
2002-09-30,5.646921422606322
2002-10-01,5.724809993952616
2002-10-02,5.763754279625764
2002-10-03,5.5300885655868806
2002-10-04,5.607977136933175
2002-10-07,5.374311422894293
2002-10-08,5.491144279913734
2002-10-09,5.569032851260029
2002-10-11,5.452199994240587
2002-10-14,5.471672137077161
2002-10-15,5.8416428509720575
2002-10-16,6.114252850684086
2002-10-17,6.231085707703528
2002-10-18,6.659472850108146
2002-10-21,6.542639993088705
2002-10-22,6.270029993376675
2002-10-23,6.659472850108146
2002-10-24,6.659472850108146
2002-10-25,6.659472850108146
2002-10-28,6.659472850108146
2002-10-29,6.4647514217424105
2002-10-30,6.3089742790498216
2002-10-31,6.425807136069263
2002-11-01,6.386862850396116
2002-11-04,6.425807136069263
2002-11-05,6.4647514217424105
2002-11-06,6.73736142145444
2002-11-07,6.893138564147027
2002-11-08,7.009971421166469
2002-11-11,6.7763057071275865
2002-11-12,6.6205285644349985
2002-11-13,6.581584278761851
2002-11-14,6.4647514217424105
2002-11-15,6.698417135781292
2002-11-18,6.6205285644349985
2002-11-19,6.503695707415557
2002-11-20,6.425807136069263
2002-11-21,5.9974199936646455
2002-11-22,6.07530856501094
2002-11-25,6.192141422030381
2002-11-26,5.958475707991499
2002-11-27,5.763754279625764
2002-11-28,5.8416428509720575
2002-11-29,6.231085707703528
2002-12-02,6.659472850108146
2002-12-03,7.0878599925127626
2002-12-04,7.165748563859057
2002-12-05,7.2436371352053515
2002-12-06,7.749912848956263
2002-12-09,8.256188562707175
2002-12-10,8.17829999136088
2002-12-11,7.633079991936822
2002-12-12,7.204692849532204
2002-12-13,7.477302849244233
2002-12-16,7.048915706839616
2002-12-17,6.6205285644349985
2002-12-18,6.34791856472297
2002-12-19,6.542639993088705
2002-12-20,6.34791856472297
2002-12-23,6.036364279337793
2002-12-24,6.192141422030381
2002-12-25,6.153197136357234
2002-12-26,6.4647514217424105
2002-12-27,6.114252850684086
2002-12-30,5.880587136645205
2002-12-31,6.036364279337793
2003-01-02,5.9974199936646455
2003-01-03,6.153197136357234
2003-01-06,6.270029993376675
2003-01-07,6.153197136357234
2003-01-08,6.231085707703528
2003-01-09,6.231085707703528
2003-01-10,6.659472850108146
2003-01-13,6.7763057071275865
2003-01-14,6.7763057071275865
2003-01-15,6.542639993088705
2003-01-16,6.231085707703528
2003-01-17,6.270029993376675
2003-01-20,6.07530856501094
2003-01-21,6.153197136357234
2003-01-22,6.114252850684086
2003-01-23,6.3089742790498216
2003-01-24,6.270029993376675
2003-01-27,6.231085707703528
2003-01-28,6.3089742790498216
2003-02-06,6.114252850684086
2003-02-07,6.192141422030381
2003-02-10,6.192141422030381
2003-02-11,6.34791856472297
2003-02-12,6.270029993376675
2003-02-13,6.192141422030381
2003-02-14,6.192141422030381
2003-02-17,6.4647514217424105
2003-02-18,6.270029993376675
2003-02-19,6.34791856472297
2003-02-20,6.3089742790498216
2003-02-21,6.3089742790498216
2003-02-24,6.036364279337793
2003-02-25,5.919531422318351
2003-02-26,5.958475707991499
2003-02-27,5.958475707991499
2003-03-03,5.9974199936646455
2003-03-04,6.153197136357234
2003-03-05,5.919531422318351
2003-03-06,5.958475707991499
2003-03-07,5.8416428509720575
2003-03-10,5.763754279625764
2003-03-11,5.549560708423455
2003-03-12,5.569032851260029
2003-03-13,5.6858657082794695
2003-03-14,5.705337851116043
2003-03-17,5.5300885655868806
2003-03-18,5.6858657082794695
2003-03-19,5.724809993952616
2003-03-20,5.763754279625764
2003-03-21,5.705337851116043
2003-03-24,5.705337851116043
2003-03-25,5.6858657082794695
2003-03-26,5.627449279769748
2003-03-27,5.646921422606322
2003-03-28,5.588504994096602
2003-03-31,5.452199994240587
2003-04-01,5.257478565874852
2003-04-02,5.296422851547999
2003-04-03,5.393783565730867
2003-04-04,5.510616422750307
2003-04-07,5.607977136933175
2003-04-08,5.491144279913734
2003-04-09,5.41325570856744
2003-04-10,5.41325570856744
2003-04-11,5.432727851404013
2003-04-14,5.335367137221145
2003-04-15,5.374311422894293
2003-04-16,5.569032851260029
2003-04-17,5.452199994240587
2003-04-18,5.822170708135483
2003-04-21,6.192141422030381
2003-04-22,5.919531422318351
2003-04-23,5.822170708135483
2003-04-24,5.491144279913734
2003-04-25,5.179589994528558
2003-04-28,4.926452137653102
2003-04-29,4.75120285212394
2003-04-30,4.770674994960514
2003-05-02,4.9069799948165285
2003-05-05,4.984868566162823
2003-05-06,5.023812851835969
2003-05-07,5.121173566018837
2003-05-08,4.887507851979955
2003-05-09,4.945924280489675
2003-05-12,4.945924280489675
2003-05-13,5.004340708999396
2003-05-14,5.257478565874852
2003-05-15,5.0822292803456905
2003-05-16,5.0627571375091165
2003-05-19,5.043284994672542
2003-05-20,4.965396423326249
2003-05-21,5.004340708999396
2003-05-22,5.0627571375091165
2003-05-23,5.238006423038278
2003-05-26,5.5300885655868806
2003-05-27,5.491144279913734
2003-05-28,5.452199994240587
2003-05-29,5.374311422894293
2003-05-30,5.471672137077161
2003-06-02,5.763754279625764
2003-06-03,5.74428213678919
2003-06-05,5.763754279625764
2003-06-06,5.958475707991499
2003-06-09,6.036364279337793
2003-06-10,6.192141422030381
2003-06-11,5.880587136645205
2003-06-12,5.880587136645205
2003-06-13,5.8416428509720575
2003-06-16,5.9974199936646455
2003-06-17,5.958475707991499
2003-06-18,6.34791856472297
2003-06-19,6.7763057071275865
2003-06-20,7.2436371352053515
2003-06-23,6.854194278473881
2003-06-24,7.321525706551646
2003-06-25,7.633079991936822
2003-06-26,7.126804278185911
2003-06-27,6.7763057071275865
2003-06-30,6.854194278473881
2003-07-01,7.126804278185911
2003-07-02,7.204692849532204
2003-07-03,7.204692849532204
2003-07-04,7.438358563571087
2003-07-07,7.594135706263675
2003-07-08,7.126804278185911
2003-07-09,7.594135706263675
2003-07-10,8.022522848668293
2003-07-11,7.78885713462941
2003-07-14,7.827801420302557
2003-07-15,7.672024277609968
2003-07-16,7.594135706263675
2003-07-17,7.516247134917381
2003-07-18,7.321525706551646
2003-07-21,7.3994142778979395
2003-07-22,7.282581420878498
2003-07-23,7.126804278185911
2003-07-24,7.321525706551646
2003-07-25,7.126804278185911
2003-07-28,7.165748563859057
2003-07-29,7.009971421166469
2003-07-30,7.009971421166469
2003-07-31,7.009971421166469
2003-08-01,7.0507270689639485
2003-08-04,6.96921577336899
2003-08-05,6.88770447777403
2003-08-06,6.683926238786633
2003-08-07,6.643170590989154
2003-08-08,6.480147999799236
2003-08-11,6.398636704204277
2003-08-12,6.5209036475967155
2003-08-13,6.846948829976552
2003-08-14,6.806193182179071
2003-08-15,6.724681886584113
2003-08-18,6.846948829976552
2003-08-19,6.88770447777403
2003-08-20,6.846948829976552
2003-08-21,6.88770447777403
2003-08-22,6.806193182179071
2003-08-25,6.724681886584113
2003-08-26,6.480147999799236
2003-08-27,6.439392352001756
2003-08-28,6.357881056406797
2003-08-29,6.643170590989154
2003-09-01,6.6024149431916745
2003-09-02,6.806193182179071
2003-09-03,6.92846012557151
2003-09-04,6.806193182179071
2003-09-05,6.724681886584113
2003-09-08,6.724681886584113
2003-09-09,6.765437534381593
2003-09-10,6.5209036475967155
2003-09-12,6.6024149431916745
2003-09-15,6.5209036475967155
2003-09-16,6.709085308694236
2003-09-17,6.87272153573556
2003-09-18,6.749994365454568
2003-09-19,6.790903422214899
2003-09-22,6.790903422214899
2003-09-23,6.6681762519339065
2003-09-24,6.6681762519339065
2003-09-25,6.586358138413246
2003-09-26,6.545449081652914
2003-09-29,6.6681762519339065
2003-09-30,6.709085308694236
2003-10-01,6.545449081652914
2003-10-02,6.6681762519339065
2003-10-03,7.118175876297544
2003-10-06,7.036357762776882
2003-10-07,6.995448706016552
2003-10-08,6.87272153573556
2003-10-09,7.077266819537214
2003-10-13,6.831812478975229
2003-10-14,6.790903422214899
2003-10-15,7.077266819537214
2003-10-16,7.118175876297544
2003-10-17,7.118175876297544
2003-10-20,7.199993989818206
2003-10-21,7.077266819537214
2003-10-22,6.954539649256222
2003-10-23,6.91363059249589
2003-10-24,6.91363059249589
2003-10-27,6.954539649256222
2003-10-28,6.87272153573556
2003-10-29,6.831812478975229
2003-10-30,6.627267195173576
2003-10-31,6.5045400248925835
2003-11-03,6.749994365454568
2003-11-04,6.709085308694236
2003-11-05,6.749994365454568
2003-11-06,7.199993989818206
2003-11-07,7.690902670942174
2003-11-10,8.222720408826474
2003-11-11,8.263629465586805
2003-11-12,8.01817512502482
2003-11-13,8.345447579107464
2003-11-14,8.754538146710772
2003-11-17,9.081810600793418
2003-11-18,8.509083806148789
2003-11-19,8.386356635867797
2003-11-20,8.386356635867797
2003-11-21,8.836356260231435
2003-11-24,8.713629089950443
2003-11-25,8.631810976429781
2003-11-26,8.263629465586805
2003-11-27,7.895447954743828
2003-11-28,7.854538897983497
2003-12-01,8.386356635867797
2003-12-02,8.672720033190112
2003-12-03,9.245446827834742
2003-12-04,9.245446827834742
2003-12-05,9.12271965755375
2003-12-08,9.12271965755375
2003-12-09,8.877265316991764
2003-12-10,8.713629089950443
2003-12-11,8.713629089950443
2003-12-12,8.59090191966945
2003-12-15,8.631810976429781
2003-12-16,8.468174749388458
2003-12-17,8.140902295305812
2003-12-18,8.345447579107464
2003-12-19,8.222720408826474
2003-12-22,8.263629465586805
2003-12-23,8.345447579107464
2003-12-24,8.427265692628128
2003-12-25,8.263629465586805
2003-12-26,8.304538522347135
2003-12-29,8.263629465586805
2003-12-30,8.222720408826474
2003-12-31,8.345447579107464
2004-01-02,8.549992862909118
2004-01-05,8.549992862909118
2004-01-06,8.713629089950443
2004-01-07,8.59090191966945
2004-01-08,8.59090191966945
2004-01-09,8.713629089950443
2004-01-12,8.59090191966945
2004-01-13,8.386356635867797
2004-01-14,8.509083806148789
2004-01-15,8.427265692628128
2004-01-16,8.263629465586805
2004-01-27,8.304538522347135
2004-01-28,8.59090191966945
2004-01-29,8.509083806148789
2004-01-30,8.672720033190112
2004-02-02,8.631810976429781
2004-02-03,8.427265692628128
2004-02-04,8.713629089950443
2004-02-05,8.754538146710772
2004-02-06,8.754538146710772
2004-02-09,9.327264941355404
2004-02-10,9.327264941355404
2004-02-11,9.12271965755375
2004-02-12,9.040901544033089
2004-02-13,9.409083054876064
2004-02-16,9.572719281917387
2004-02-17,9.327264941355404
2004-02-18,9.449992111636396
2004-02-19,9.613628338677717
2004-02-20,9.818173622479371
2004-02-23,9.73635550895871
2004-02-24,10.390900417124001
2004-02-25,10.26817324684301
2004-02-26,10.186355133322348
2004-02-27,9.940900792760363
2004-03-01,9.940900792760363
2004-03-02,10.145446076562017
2004-03-03,10.022718906281025
2004-03-04,10.26817324684301
2004-03-05,9.859082679239703
2004-03-08,9.572719281917387
2004-03-09,9.73635550895871
2004-03-10,9.65453739543805
2004-03-11,9.65453739543805
2004-03-12,9.77726456571904
2004-03-15,9.65453739543805
2004-03-16,9.409083054876064
2004-03-17,9.081810600793418
2004-03-18,9.327264941355404
2004-03-19,9.286355884595071
2004-03-22,8.672720033190112
2004-03-23,8.099993238545482
2004-03-24,8.263629465586805
2004-03-25,8.263629465586805
2004-03-26,8.263629465586805
2004-03-29,8.836356260231435
2004-03-30,8.959083430512425
2004-03-31,9.081810600793418
2004-04-01,9.245446827834742
2004-04-02,9.327264941355404
2004-04-05,9.409083054876064
2004-04-06,9.490901168396725
2004-04-07,9.368173998115733
2004-04-08,9.572719281917387
2004-04-09,10.022718906281025
2004-04-12,10.30908230360334
2004-04-13,10.718172871206647
2004-04-14,10.554536644165324
2004-04-15,10.26817324684301
2004-04-16,10.30908230360334
2004-04-19,9.818173622479371
2004-04-20,9.572719281917387
2004-04-21,9.695446452198379
2004-04-22,9.77726456571904
2004-04-23,10.145446076562017
2004-04-26,9.859082679239703
2004-04-27,9.490901168396725
2004-04-28,9.327264941355404
2004-04-29,9.245446827834742
2004-04-30,8.999992487272758
2004-05-03,8.877265316991764
2004-05-04,9.040901544033089
2004-05-05,8.427265692628128
2004-05-06,8.181811352066143
2004-05-07,8.222720408826474
2004-05-10,8.427265692628128
2004-05-11,8.427265692628128
2004-05-12,8.468174749388458
2004-05-13,8.468174749388458
2004-05-14,8.181811352066143
2004-05-17,7.731811727702504
2004-05-18,8.263629465586805
2004-05-19,8.549992862909118
2004-05-20,8.222720408826474
2004-05-21,8.509083806148789
2004-05-24,8.509083806148789
2004-05-25,8.468174749388458
2004-05-26,8.468174749388458
2004-05-27,8.386356635867797
2004-05-28,8.509083806148789
2004-05-31,8.427265692628128
2004-06-01,8.386356635867797
2004-06-02,8.099993238545482
2004-06-03,7.772720784462836
2004-06-04,7.690902670942174
2004-06-07,7.977266068264489
2004-06-08,8.099993238545482
2004-06-09,7.977266068264489
2004-06-10,7.895447954743828
2004-06-11,7.772720784462836
2004-06-14,7.363630216859528
2004-06-15,7.44544833038019
2004-06-16,7.363630216859528
2004-06-17,7.363630216859528
2004-06-18,7.240903046578536
2004-06-21,7.159084933057875
2004-06-23,7.240903046578536
2004-06-24,7.44544833038019
2004-06-25,7.486357387140521
2004-06-28,7.363630216859528
2004-06-29,7.44544833038019
2004-06-30,7.486357387140521
2004-07-01,7.363630216859528
2004-07-02,7.281812103338868
2004-07-05,7.281812103338868
2004-07-06,7.281812103338868
2004-07-07,7.199993989818206
2004-07-08,7.240903046578536
2004-07-09,7.240903046578536
2004-07-12,6.995448706016552
2004-07-13,6.954539649256222
2004-07-14,6.995448706016552
2004-07-15,6.831812478975229
2004-07-16,6.87272153573556
2004-07-19,7.077266819537214
2004-07-20,6.87272153573556
2004-07-21,6.954539649256222
2004-07-22,6.831812478975229
2004-07-23,6.87272153573556
2004-07-26,6.831812478975229
2004-07-27,6.831812478975229
2004-07-28,6.87272153573556
2004-07-29,6.831812478975229
2004-07-30,6.790903422214899
2004-08-02,6.749994365454568
2004-08-03,6.6681762519339065
2004-08-04,6.6681762519339065
2004-08-05,6.954539649256222
2004-08-06,6.790903422214899
2004-08-09,6.790903422214899
2004-08-10,6.91363059249589
2004-08-11,6.790903422214899
2004-08-12,6.831812478975229
2004-08-13,6.749994365454568
2004-08-16,6.586358138413246
2004-08-17,6.661353509044877
2004-08-18,6.595181123193438
2004-08-19,6.881928128549674
2004-08-20,6.970157976351594
2004-08-23,7.058387824153512
2004-08-26,7.190732595856391
2004-08-27,7.278962443658309
2004-08-30,7.102502748054472
2004-08-31,7.102502748054472
2004-09-01,7.146617671955431
2004-09-02,7.102502748054472
2004-09-03,6.970157976351594
2004-09-06,6.926043052450634
2004-09-07,6.926043052450634
2004-09-08,7.014272900252553
2004-09-09,7.146617671955431
2004-09-10,7.014272900252553
2004-09-13,7.146617671955431
2004-09-14,7.058387824153512
2004-09-15,7.014272900252553
2004-09-16,7.014272900252553
2004-09-17,7.058387824153512
2004-09-20,6.793698280747756
2004-09-21,6.749583356846796
2004-09-22,6.793698280747756
2004-09-23,6.793698280747756
2004-09-24,6.793698280747756
2004-09-27,6.661353509044877
2004-09-29,6.661353509044877
2004-09-30,6.573123661242959
2004-10-01,6.484893813441039
2004-10-04,6.617238585143918
2004-10-05,6.749583356846796
2004-10-06,6.749583356846796
2004-10-07,6.749583356846796
2004-10-08,6.573123661242959
2004-10-11,6.44077888954008
2004-10-12,6.330491579787681
2004-10-13,6.242261731985763
2004-10-14,6.154031884183843
2004-10-15,6.087859498332405
2004-10-18,5.779055031025688
2004-10-19,5.9334572646790456
2004-10-20,5.779055031025688
2004-10-21,5.823169954926647
2004-10-22,5.801112492976168
2004-10-26,5.62465279737233
2004-10-27,5.426135639818013
2004-10-28,5.58053787347137
2004-10-29,5.64671025932281
2004-11-01,5.470250563718972
2004-11-02,5.64671025932281
2004-11-03,5.756997569075208
2004-11-04,5.779055031025688
2004-11-05,5.756997569075208
2004-11-08,5.69082518322377
2004-11-09,5.734940107124729
2004-11-10,5.734940107124729
2004-11-11,5.69082518322377
2004-11-12,5.64671025932281
2004-11-15,5.64671025932281
2004-11-16,5.558480411520891
2004-11-17,5.756997569075208
2004-11-18,5.64671025932281
2004-11-19,5.911399802728567
2004-11-22,5.845227416877127
2004-11-23,5.801112492976168
2004-11-24,5.712882645174249
2004-11-25,5.60259533542185
2004-11-26,5.514365487619932
2004-11-29,5.359963253966574
2004-11-30,5.293790868115134
2004-12-01,5.3820207159170526
2004-12-02,5.293790868115134
2004-12-03,5.492308025669452
2004-12-06,5.514365487619932
2004-12-07,5.64671025932281
2004-12-08,5.668767721273289
2004-12-09,5.58053787347137
2004-12-10,5.668767721273289
2004-12-13,5.668767721273289
2004-12-14,5.779055031025688
2004-12-15,5.734940107124729
2004-12-16,5.62465279737233
2004-12-17,5.64671025932281
2004-12-20,5.60259533542185
2004-12-21,5.558480411520891
2004-12-22,5.536422949570412
2004-12-23,5.536422949570412
2004-12-24,5.558480411520891
2004-12-27,5.536422949570412
2004-12-28,5.58053787347137
2004-12-29,5.64671025932281
2004-12-30,5.64671025932281
2004-12-31,5.668767721273289
2005-01-03,5.69082518322377
2005-01-04,5.668767721273289
2005-01-05,5.712882645174249
2005-01-06,5.845227416877127
2005-01-07,5.823169954926647
2005-01-10,5.58053787347137
2005-01-11,5.536422949570412
2005-01-12,5.3820207159170526
2005-01-13,5.359963253966574
2005-01-14,5.3820207159170526
2005-01-17,5.426135639818013
2005-01-18,5.404078177867532
2005-01-19,5.404078177867532
2005-01-20,5.426135639818013
2005-01-21,5.3820207159170526
2005-01-24,5.337905792016094
2005-01-25,5.315848330065614
2005-01-26,5.337905792016094
2005-01-27,5.095273710560817
2005-01-28,5.095273710560817
2005-01-31,5.227618482263695
2005-02-01,5.426135639818013
2005-02-02,5.448193101768492
2005-02-03,5.492308025669452
2005-02-14,5.734940107124729
2005-02-15,5.823169954926647
2005-02-16,5.9334572646790456
2005-02-17,5.801112492976168
2005-02-18,5.999629650530485
2005-02-21,5.977572188580006
2005-02-22,5.977572188580006
2005-02-23,6.065802036381925
2005-02-24,5.889342340778087
2005-02-25,5.867284878827608
2005-03-01,5.558480411520891
2005-03-02,5.867284878827608
2005-03-03,5.734940107124729
2005-03-04,5.801112492976168
2005-03-07,6.021687112480965
2005-03-08,6.109916960282884
2005-03-09,6.308434117837202
2005-03-10,6.242261731985763
2005-03-11,6.352549041738161
2005-03-14,6.352549041738161
2005-03-15,5.9334572646790456
2005-03-16,5.955514726629526
2005-03-17,5.867284878827608
2005-03-18,5.823169954926647
2005-03-21,5.955514726629526
2005-03-22,5.9334572646790456
2005-03-23,5.9334572646790456
2005-03-24,6.330491579787681
2005-03-25,6.37460650368864
2005-03-28,6.573123661242959
2005-03-29,6.220204270035283
2005-03-30,6.264319193936242
2005-03-31,6.396663965639121
2005-04-01,6.44077888954008
2005-04-04,6.573123661242959
2005-04-06,6.484893813441039
2005-04-07,6.308434117837202
2005-04-08,6.330491579787681
2005-04-11,6.176089346134323
2005-04-12,6.308434117837202
2005-04-13,6.396663965639121
2005-04-14,6.37460650368864
2005-04-15,6.198146808084803
2005-04-18,5.801112492976168
2005-04-19,5.955514726629526
2005-04-20,5.756997569075208
2005-04-21,5.801112492976168
2005-04-22,5.779055031025688
2005-04-25,5.801112492976168
2005-04-26,5.911399802728567
2005-04-27,5.977572188580006
2005-04-28,5.889342340778087
2005-04-29,5.867284878827608
2005-05-03,5.867284878827608
2005-05-04,5.801112492976168
2005-05-05,5.955514726629526
2005-05-06,5.911399802728567
2005-05-09,5.999629650530485
2005-05-10,6.087859498332405
2005-05-11,5.955514726629526
2005-05-12,5.9334572646790456
2005-05-13,5.9334572646790456
2005-05-16,5.9334572646790456
2005-05-17,5.911399802728567
2005-05-18,5.911399802728567
2005-05-19,6.109916960282884
2005-05-20,6.131974422233364
2005-05-23,6.043744574431445
2005-05-24,6.043744574431445
2005-05-25,5.999629650530485
2005-05-26,6.286376655886722
2005-05-27,6.418721427589601
2005-05-30,6.418721427589601
2005-05-31,6.683410970995357
2005-06-01,6.683410970995357
2005-06-02,6.617238585143918
2005-06-03,6.661353509044877
2005-06-06,6.529008737341999
2005-06-07,6.37460650368864
2005-06-08,6.418721427589601
2005-06-09,6.396663965639121
2005-06-10,6.352549041738161
2005-06-13,6.573123661242959
2005-06-14,6.396663965639121
2005-06-15,6.661353509044877
2005-06-16,6.661353509044877
2005-06-17,6.727525894896316
2005-06-20,6.639296047094398
2005-06-21,6.771640818797276
2005-06-22,6.793698280747756
2005-06-23,6.793698280747756
2005-06-24,6.903985590500154
2005-06-27,6.926043052450634
2005-06-28,6.926043052450634
2005-06-29,6.749583356846796
2005-06-30,6.793698280747756
2005-07-01,6.881928128549674
2005-07-04,6.948100514401114
2005-07-05,6.926043052450634
2005-07-06,6.903985590500154
2005-07-07,6.859870666599195
2005-07-08,6.771640818797276
2005-07-11,6.992215438302073
2005-07-12,7.014272900252553
2005-07-13,7.190732595856391
2005-07-14,7.256904981707829
2005-07-15,7.168675133905911
2005-07-19,7.499537063163107
2005-07-20,7.32307736755927
2005-07-21,7.830398992420303
2005-07-22,7.587766910965025
2005-07-25,7.367192291460229
2005-07-26,7.278962443658309
2005-07-27,7.499537063163107
2005-07-28,7.433364677311668
2005-07-29,7.190732595856391
2005-08-01,7.30101990560879
2005-08-02,7.190732595856391
2005-08-03,7.256904981707829
2005-08-04,7.499537063163107
2005-08-08,7.278962443658309
2005-08-09,7.32307736755927
2005-08-10,7.433364677311668
2005-08-11,7.367192291460229
2005-08-12,7.278962443658309
2005-08-15,7.102502748054472
2005-08-16,6.970157976351594
2005-08-17,7.240468811999579
2005-08-18,7.240468811999579
2005-08-19,7.119794331799586
2005-08-22,7.095659435759587
2005-08-23,6.902580267439599
2005-08-24,6.9508500595195954
2005-08-25,6.854310475359601
2005-08-26,6.757770891199607
2005-08-29,6.468152138719624
2005-08-30,6.781905787239606
2005-08-31,6.685366203079611
2005-09-02,6.9508500595195954
2005-09-05,7.1439292278395845
2005-09-06,7.240468811999579
2005-09-07,7.119794331799586
2005-09-08,7.119794331799586
2005-09-09,7.1439292278395845
2005-09-12,7.288738604079576
2005-09-13,7.1439292278395845
2005-09-14,7.095659435759587
2005-09-15,7.0473896436795895
2005-09-16,6.9508500595195954
2005-09-19,7.023254747639592
2005-09-20,7.1439292278395845
2005-09-21,6.9508500595195954
2005-09-22,6.999119851599593
2005-09-23,6.926715163479597
2005-09-26,6.974984955559594
2005-09-27,6.902580267439599
2005-09-28,7.023254747639592
2005-09-29,7.095659435759587
2005-09-30,7.168064123879583
2005-10-03,7.264603708039578
2005-10-04,7.264603708039578
2005-10-05,7.288738604079576
2005-10-06,7.505952668439564
2005-10-07,7.505952668439564
2005-10-11,7.481817772399565
2005-10-12,7.337008396159573
2005-10-13,7.312873500119575
2005-10-14,7.337008396159573
2005-10-17,7.119794331799586
2005-10-18,7.240468811999579
2005-10-19,7.071524539719589
2005-10-20,6.588826618919617
2005-10-21,6.492287034759622
2005-10-24,6.468152138719624
2005-10-25,6.419882346639627
2005-10-26,6.178533386239641
2005-10-27,6.1302635941596435
2005-10-28,6.033724009999649
2005-10-31,6.323342762479632
2005-11-01,6.299207866439634
2005-11-02,6.323342762479632
2005-11-03,6.299207866439634
2005-11-04,6.371612554559629
2005-11-07,6.371612554559629
2005-11-08,6.444017242679625
2005-11-09,6.492287034759622
2005-11-10,6.516421930799621
2005-11-11,6.516421930799621
2005-11-14,6.54055682683962
2005-11-15,6.419882346639627
2005-11-16,6.492287034759622
2005-11-17,6.637096410999614
2005-11-18,6.661231307039613
2005-11-21,6.588826618919617
2005-11-22,6.70950109911961
2005-11-23,6.612961514959615
2005-11-24,6.661231307039613
2005-11-25,6.661231307039613
2005-11-28,6.806040683279604
2005-11-29,6.830175579319603
2005-11-30,6.9508500595195954
2005-12-01,6.999119851599593
2005-12-02,6.902580267439599
2005-12-05,7.385278188239571
2005-12-06,7.433547980319568
2005-12-07,7.385278188239571
2005-12-08,7.578357356559559
2005-12-09,7.578357356559559
2005-12-12,7.723166732799551
2005-12-13,7.626627148639557
2005-12-14,7.433547980319568
2005-12-15,7.385278188239571
2005-12-16,7.409413084279569
2005-12-19,7.4576828763595655
2005-12-20,7.481817772399565
2005-12-21,7.699031836759552
2005-12-22,7.530087564479562
2005-12-23,7.723166732799551
2005-12-26,7.626627148639557
2005-12-27,7.578357356559559
2005-12-28,7.626627148639557
2005-12-29,7.916245901119539
2005-12-30,7.9645156931995365
2006-01-02,8.519618302119504
2006-01-03,8.833371950639487
2006-01-04,9.436744351639451
2006-01-05,10.088386544719413
2006-01-06,10.184926128879408
2006-01-09,10.884838114039367
2006-01-10,10.957242802159362
2006-01-11,10.402140193239395
2006-01-12,9.726363104119434
2006-01-13,9.99184696055942
2006-01-16,9.798767792239431
2006-01-17,9.847037584319427
2006-01-18,9.364339663519454
2006-01-19,9.002316222919475
2006-01-20,8.78510215855949
2006-01-23,8.181729757559523
2006-01-24,8.326539133799516
2006-01-25,8.374808925879513
2006-02-03,8.688562574399494
2006-02-06,9.026451118959475
2006-02-07,8.905776638759482
2006-02-08,8.664427678359496
2006-02-09,8.398943821919511
2006-02-10,8.447213613999509
2006-02-13,8.302404237759516
2006-02-14,8.688562574399494
2006-02-15,8.712697470439494
2006-02-16,8.809237054599487
2006-02-17,8.736832366479492
2006-02-20,8.640292782319497
2006-02-21,8.398943821919511
2006-02-22,8.133459965479528
2006-02-23,8.205864653599523
2006-02-24,8.302404237759516
2006-02-27,8.326539133799516
2006-03-01,8.712697470439494
2006-03-02,8.495483406079506
2006-03-03,8.205864653599523
2006-03-06,8.205864653599523
2006-03-07,8.06105527735953
2006-03-08,8.157594861519526
2006-03-09,8.181729757559523
2006-03-10,8.205864653599523
2006-03-13,8.350674029839515
2006-03-14,8.205864653599523
2006-03-15,8.302404237759516
2006-03-16,8.350674029839515
2006-03-17,8.664427678359496
2006-03-20,8.688562574399494
2006-03-21,8.76096726251949
2006-03-22,8.881641742719482
2006-03-23,8.881641742719482
2006-03-24,9.074720911039472
2006-03-27,8.881641742719482
2006-03-28,8.881641742719482
2006-03-29,9.485014143719448
2006-03-30,9.340204767479458
2006-03-31,9.26780007935946
2006-04-03,9.412609455599453
2006-04-04,9.485014143719448
2006-04-06,9.678093312039437
2006-04-07,9.702228208079436
2006-04-10,9.750498000159432
2006-04-11,9.99184696055942
2006-04-12,10.088386544719413
2006-04-13,9.774632896199432
2006-04-14,9.798767792239431
2006-04-17,9.485014143719448
2006-04-18,9.702228208079436
2006-04-19,10.13665633679941
2006-04-20,10.353870401159398
2006-04-21,10.040116752639417
2006-04-24,9.798767792239431
2006-04-25,9.774632896199432
2006-04-26,10.088386544719413
2006-04-27,9.822902688279429
2006-04-28,9.895307376399424
2006-05-02,9.412609455599453
2006-05-03,9.653958415999439
2006-05-04,9.412609455599453
2006-05-05,9.364339663519454
2006-05-08,9.388474559559453
2006-05-09,9.171260495199467
2006-05-10,8.92991153479948
2006-05-11,9.219530287279465
2006-05-12,9.581553727879443
2006-05-15,9.46087924767945
2006-05-16,9.46087924767945
2006-05-17,9.412609455599453
2006-05-18,9.29193497539946
2006-05-19,9.46087924767945
2006-05-22,9.750498000159432
2006-05-23,9.629823519959439
2006-05-24,9.26780007935946
2006-05-25,9.122990703119468
2006-05-26,9.050586014999473
2006-05-29,9.026451118959475
2006-05-30,9.098855807079472
2006-06-01,9.122990703119468
2006-06-02,9.147125599159468
2006-06-05,8.712697470439494
2006-06-06,8.423078717959509
2006-06-07,8.157594861519526
2006-06-08,7.602492252599558
2006-06-09,7.771436524879548
2006-06-12,7.626627148639557
2006-06-13,7.699031836759552
2006-06-14,7.892111005079542
2006-06-15,7.795571420919546
2006-06-16,7.940380797159538
2006-06-19,7.867976109039542
2006-06-20,7.626627148639557
2006-06-21,7.530087564479562
2006-06-22,7.723166732799551
2006-06-23,7.699031836759552
2006-06-26,7.819706316959545
2006-06-27,7.819706316959545
2006-06-28,7.723166732799551
2006-06-29,7.819706316959545
2006-06-30,7.9645156931995365
2006-07-03,7.9645156931995365
2006-07-04,8.08519017339953
2006-07-05,8.012785485279535
2006-07-06,8.06105527735953
2006-07-07,7.9645156931995365
2006-07-10,8.06105527735953
2006-07-11,8.133459965479528
2006-07-12,8.133459965479528
2006-07-13,8.08519017339953
2006-07-14,7.892111005079542
2006-07-17,7.723166732799551
2006-07-18,7.771436524879548
2006-07-19,7.771436524879548
2006-07-20,7.892111005079542
2006-07-21,8.06105527735953
2006-07-24,7.892111005079542
2006-07-25,8.036920381319533
2006-07-26,8.109325069439528
2006-07-27,8.109325069439528
2006-07-28,8.109325069439528
2006-07-31,8.157594861519526
2006-08-01,8.08519017339953
2006-08-02,8.109325069439528
2006-08-03,8.205864653599523
2006-08-04,8.25413444567952
2006-08-07,8.592022990239501
2006-08-08,8.712697470439494
2006-08-09,8.688562574399494
2006-08-10,8.664427678359496
2006-08-11,8.688562574399494
2006-08-14,8.712697470439494
2006-08-15,8.92991153479948
2006-08-16,8.833371950639487
2006-08-17,8.688562574399494
2006-08-18,8.592022990239501
2006-08-21,8.133459965479528
2006-08-22,8.25413444567952
2006-08-23,8.133459965479528
2006-08-24,8.06105527735953
2006-08-25,7.9645156931995365
2006-08-28,7.819706316959545
2006-08-29,7.892111005079542
2006-08-30,8.109325069439528
2006-08-31,8.06105527735953
2006-09-01,8.109325069439528
2006-09-04,8.25413444567952
2006-09-05,8.592022990239501
2006-09-06,8.592022990239501
2006-09-07,8.640292782319497
2006-09-08,8.664427678359496
2006-09-11,8.592022990239501
2006-09-12,8.447213613999509
2006-09-13,8.447213613999509
2006-09-14,8.278269341719518
2006-09-15,8.278269341719518
2006-09-18,8.519618302119504
2006-09-19,8.471348510039508
2006-09-20,8.543753198159502
2006-09-21,8.519618302119504
2006-09-22,8.616157886279499
2006-09-25,8.519618302119504
2006-09-26,8.640292782319497
2006-09-27,8.616157886279499
2006-09-28,8.495483406079506
2006-09-29,8.495483406079506
2006-10-02,8.567888094199501
2006-10-03,8.592022990239501
2006-10-04,8.688562574399494
2006-10-05,8.840717353782095
2006-10-11,8.840717353782095
2006-10-12,8.945651684390784
2006-10-13,9.076819597651646
2006-10-14,9.050586014999475
2006-10-16,9.12928676295599
2006-10-17,9.12928676295599
2006-10-18,9.050586014999475
2006-10-19,8.971885267042957
2006-10-20,9.12928676295599
2006-10-23,9.207987510912508
2006-10-24,9.260454676216852
2006-10-25,9.181753928260337
2006-10-26,9.207987510912508
2006-10-27,9.181753928260337
2006-10-30,9.103053180303819
2006-10-31,9.103053180303819
2006-11-01,9.12928676295599
2006-11-02,9.207987510912508
2006-11-03,9.234221093564681
2006-11-06,9.076819597651646
2006-11-07,9.234221093564681
2006-11-08,9.33915542417337
2006-11-09,9.811359911912472
2006-11-10,9.706425581303783
2006-11-13,9.444089754782059
2006-11-14,9.732659163955956
2006-11-15,9.601491250695094
2006-11-16,9.732659163955956
2006-11-17,9.706425581303783
2006-11-20,9.601491250695094
2006-11-21,9.75889274660813
2006-11-22,9.7851263292603
2006-11-23,9.837593494564645
2006-11-24,9.968761407825507
2006-11-27,9.811359911912472
2006-11-28,9.54902408539075
2006-11-29,9.706425581303783
2006-11-30,9.706425581303783
2006-12-01,9.7851263292603
2006-12-04,9.68019199865161
2006-12-05,9.811359911912472
2006-12-06,9.811359911912472
2006-12-07,9.653958415999439
2006-12-08,9.653958415999439
2006-12-11,9.7851263292603
2006-12-12,9.627724833347267
2006-12-13,9.496556920086405
2006-12-14,9.68019199865161
2006-12-15,9.601491250695094
2006-12-18,9.706425581303783
2006-12-19,9.7851263292603
2006-12-20,10.047462155782023
2006-12-21,10.021228573129854
2006-12-22,9.942527825173334
2006-12-25,10.021228573129854
2006-12-26,10.047462155782023
2006-12-27,9.99499499047768
2006-12-28,10.44096589556461
2006-12-29,10.388498730260267
2007-01-02,10.5459002261733
2007-01-03,10.309797982303747
2007-01-04,10.257330816999405
2007-01-05,10.965637548608058
2007-01-08,11.385374871042815
2007-01-09,12.014980854694953
2007-01-10,12.198615933260161
2007-01-11,11.96251368939061
2007-01-12,12.014980854694953
2007-01-15,12.041214437347126
2007-01-16,11.831345776129748
2007-01-17,11.805112193477575
2007-01-18,12.067448019999299
2007-01-19,11.96251368939061
2007-01-22,12.198615933260161
2007-01-23,11.88381294143409
2007-01-24,11.88381294143409
2007-01-25,11.910046524086264
2007-01-26,12.014980854694953
2007-01-29,11.936280106738437
2007-01-30,11.726411445521059
2007-01-31,11.778878610825402
2007-02-01,11.700177862868886
2007-02-02,11.726411445521059
2007-02-05,11.595243532260197
2007-02-06,11.778878610825402
2007-02-07,11.752645028173228
2007-02-08,11.96251368939061
2007-02-09,12.014980854694953
2007-02-12,12.067448019999299
2007-02-13,12.146148767955815
2007-02-14,12.356017429173194
2007-02-26,12.592119673042745
2007-02-27,12.329783846521023
2007-03-01,12.014980854694953
2007-03-02,12.146148767955815
2007-03-03,12.041214437347126
2007-03-05,11.227973375129782
2007-03-06,11.490309201651506
2007-03-07,11.385374871042815
2007-03-08,11.673944280216713
2007-03-09,11.805112193477575
2007-03-12,11.726411445521059
2007-03-13,11.673944280216713
2007-03-14,12.487185342434056
2007-03-15,12.775754751607954
2007-03-16,13.536528648520953
2007-03-19,13.405360735260091
2007-03-20,13.221725656694883
2007-03-21,13.195492074042711
2007-03-22,13.038090578129678
2007-03-23,12.933156247520987
2007-03-26,13.693930144433986
2007-03-27,13.641462979129642
2007-03-28,14.139901049520917
2007-03-29,13.982499553607882
2007-03-30,13.798864475042677
2007-04-02,14.113667466868744
2007-04-03,14.008733136260055
2007-04-04,14.0612003015644
2007-04-09,14.376003293390468
2007-04-10,15.084310024999123
2007-04-11,14.926908529086088
2007-04-12,15.47781376478171
2007-04-13,15.163010772955639
2007-04-14,14.900674946433917
2007-04-16,14.664572702564364
2007-04-17,13.95626597095571
2007-04-18,14.218601797477435
2007-04-19,14.428470458694813
2007-04-20,14.29730254543395
2007-04-23,14.218601797477435
2007-04-24,14.0612003015644
2007-04-25,14.16613463217309
2007-04-26,13.95626597095571
2007-04-27,13.720163727086158
2007-04-30,13.536528648520953
2007-05-02,13.431594317912264
2007-05-03,13.116791326086194
2007-05-04,12.959389830173158
2007-05-07,13.641462979129642
2007-05-08,13.431594317912264
2007-05-09,13.274192821999229
2007-05-10,13.457827900564434
2007-05-11,13.431594317912264
2007-05-14,13.746397309738331
2007-05-15,13.85133164034702
2007-05-16,13.825098057694849
2007-05-17,13.85133164034702
2007-05-18,13.693930144433986
2007-05-21,13.772630892390504
2007-05-22,13.772630892390504
2007-05-23,13.903798805651366
2007-05-24,14.16613463217309
2007-05-25,14.192368214825262
2007-05-28,14.113667466868744
2007-05-29,13.95626597095571
2007-05-30,13.982499553607882
2007-05-31,14.29730254543395
2007-06-01,14.428470458694813
2007-06-04,14.612105537260021
2007-06-05,14.612105537260021
2007-06-06,14.664572702564364
2007-06-07,15.215477938259985
2007-06-08,15.267945103564331
2007-06-11,15.005609277042607
2007-06-12,15.05807644234695
2007-06-13,15.215477938259985
2007-06-14,15.582748095390398
2007-06-15,16.658324984129468
2007-06-20,17.209230219825084
2007-06-21,16.89442722799902
2007-06-22,17.1042958892164
2007-06-23,17.68143470756419
2007-06-25,17.891303368781568
2007-06-26,17.314164550433777
2007-06-27,17.314164550433777
2007-06-28,18.048704864694603
2007-06-29,17.5765003769555
2007-07-02,17.26169738512943
2007-07-03,16.999361558607706
2007-07-04,16.999361558607706
2007-07-05,16.737025732085982
2007-07-06,16.68455856678164
2007-07-09,16.422222740259915
2007-07-10,16.23858766169471
2007-07-11,16.78949289739033
2007-07-12,16.92066081065119
2007-07-13,17.1042958892164
2007-07-16,17.1042958892164
2007-07-17,16.89442722799902
2007-07-18,16.57962423617295
2007-07-19,16.94689439330336
2007-07-20,17.078062306564224
2007-07-23,17.5765003769555
2007-07-24,17.1042958892164
2007-07-25,17.31587246597103
2007-07-26,16.786931024084453
2007-07-27,16.759092000827266
2007-07-30,17.538584652028536
2007-07-31,17.6221017218001
2007-08-01,17.03748223339915
2007-08-02,16.202311535683503
2007-08-03,16.70341395431289
2007-08-06,16.759092000827266
2007-08-07,16.675574931055703
2007-08-08,17.03748223339915
2007-08-09,17.093160279913523
2007-08-10,16.59205786128414
2007-08-13,16.508540791512573
2007-08-14,17.00964321014196
2007-08-15,16.786931024084453
2007-08-16,15.868243256597246
2007-08-17,14.782521349566908
2007-08-20,15.255784744939106
2007-08-21,14.643326233280968
2007-08-22,13.835994558822511
2007-08-23,14.392775023966275
2007-08-24,14.364936000709086
2007-08-27,14.476292093737838
2007-08-28,14.28141893093752
2007-08-29,13.780316512308135
2007-08-30,13.780316512308135
2007-08-31,13.863833582079698
2007-09-03,14.030867721622828
2007-09-04,14.253579907680333
2007-09-05,14.170062837908768
2007-09-06,14.170062837908768
2007-09-07,14.726843303052531
2007-09-10,14.476292093737838
2007-09-11,14.531970140252215
2007-09-12,14.476292093737838
2007-09-13,14.086545768137205
2007-09-14,14.14222381465158
2007-09-17,13.975189675108453
2007-09-19,13.919511628594075
2007-09-20,13.613282372765005
2007-09-21,13.780316512308135
2007-09-26,13.975189675108453
2007-09-27,14.225740884423145
2007-09-28,14.225740884423145
2007-09-29,14.420614047223461
2007-10-01,14.476292093737838
2007-10-02,14.392775023966275
2007-10-03,14.531970140252215
2007-10-04,14.643326233280968
2007-10-05,14.476292093737838
2007-10-08,14.949555489110038
2007-10-09,15.06091158213879
2007-10-11,14.531970140252215
2007-10-12,13.919511628594075
2007-10-15,13.975189675108453
2007-10-16,13.975189675108453
2007-10-17,13.863833582079698
2007-10-18,13.919511628594075
2007-10-19,13.585443349507816
2007-10-22,13.167858000649995
2007-10-23,13.140018977392808
2007-10-24,12.555399488991856
2007-10-25,11.915101954076528
2007-10-26,11.915101954076528
2007-10-29,12.360526326191538
2007-10-30,12.249170233162786
2007-10-31,12.137814140134035
2007-11-01,11.915101954076528
2007-11-02,11.664550744761835
2007-11-05,11.692389768019023
2007-11-06,11.831584884304965
2007-11-07,11.7480678145334
2007-11-08,10.940736140074943
2007-11-09,10.912897116817756
2007-11-12,10.745862977274626
2007-11-13,10.857219070303378
2007-11-14,11.60887269824746
2007-11-15,11.60887269824746
2007-11-16,11.692389768019023
2007-11-19,11.497516605218705
2007-11-20,11.553194651733083
2007-11-21,11.497516605218705
2007-11-22,11.163448326132448
2007-11-23,10.968575163332131
2007-11-26,11.024253209846508
2007-11-27,10.857219070303378
2007-11-28,10.801541023789001
2007-11-29,10.82938004704619
2007-11-30,10.912897116817756
2007-12-03,10.968575163332131
2007-12-04,11.052092233103696
2007-12-05,11.30264344241839
2007-12-06,11.13560930287526
2007-12-07,11.163448326132448
2007-12-10,10.885058093560566
2007-12-11,10.885058093560566
2007-12-12,10.912897116817756
2007-12-13,10.328277628416805
2007-12-14,9.660141070244288
2007-12-17,8.992004512071771
2007-12-18,8.964165488814585
2007-12-19,9.576624000472723
2007-12-20,9.79933618653023
2007-12-21,9.79933618653023
2007-12-24,10.077726419102111
2007-12-25,9.966370326073356
2007-12-26,9.882853256301793
2007-12-27,10.022048372587735
2007-12-28,9.994209349330546
2007-12-31,10.244760558645238
2008-01-02,10.049887395844923
2008-01-03,9.687980093501475
2008-01-04,9.743658140015853
2008-01-07,9.465267907443971
2008-01-08,9.214716698129278
2008-01-09,9.214716698129278
2008-01-10,9.214716698129278
2008-01-11,9.298233767900841
2008-01-14,9.18687767487209
2008-01-15,9.298233767900841
2008-01-16,9.18687767487209
2008-01-17,8.936326465557396
2008-01-18,8.936326465557396
2008-01-21,8.908487442300208
2008-01-22,8.463063070185198
2008-01-23,7.878443581784246
2008-01-24,7.405180186412048
2008-01-25,7.906282605041434
2008-01-28,7.739248465498306
2008-01-29,7.850604558527058
2008-01-30,7.822765535269871
2008-01-31,7.739248465498306
2008-02-01,8.240350884127693
2008-02-12,8.12899479109894
2008-02-13,7.989799674812999
2008-02-14,8.240350884127693
2008-02-15,8.407385023670821
2008-02-18,8.602258186471138
2008-02-19,8.602258186471138
2008-02-20,8.602258186471138
2008-02-21,8.657936232985515
2008-02-22,8.713614279499891
2008-02-25,8.685775256242703
2008-02-26,8.657936232985515
2008-02-27,8.769292326014268
2008-02-29,8.908487442300208
2008-03-03,8.657936232985515
2008-03-04,8.908487442300208
2008-03-05,9.047682558586148
2008-03-06,9.131199628357713
2008-03-07,8.936326465557396
2008-03-10,8.88064841904302
2008-03-11,8.908487442300208
2008-03-12,8.852809395785831
2008-03-13,8.602258186471138
2008-03-14,8.463063070185198
2008-03-17,8.323867953899256
2008-03-18,8.57441916321395
2008-03-19,8.685775256242703
2008-03-20,8.685775256242703
2008-03-21,8.769292326014268
2008-03-24,8.908487442300208
2008-03-25,8.824970372528643
2008-03-26,8.88064841904302
2008-03-27,8.824970372528643
2008-03-28,8.88064841904302
2008-03-31,8.852809395785831
2008-04-01,8.964165488814585
2008-04-02,9.131199628357713
2008-04-03,9.465267907443971
2008-04-07,9.437428884186783
2008-04-08,9.298233767900841
2008-04-09,9.18687767487209
2008-04-10,9.214716698129278
2008-04-11,9.242555721386466
2008-04-14,9.075521581843338
2008-04-15,9.131199628357713
2008-04-16,9.270394744643653
2008-04-17,9.32607279115803
2008-04-18,9.270394744643653
2008-04-21,9.381750837672408
2008-04-22,9.381750837672408
2008-04-23,9.437428884186783
2008-04-24,9.353911814415218
2008-04-25,9.32607279115803
2008-04-28,9.381750837672408
2008-04-29,9.18687767487209
2008-04-30,9.131199628357713
2008-05-02,9.01984353532896
2008-05-05,9.047682558586148
2008-05-06,9.047682558586148
2008-05-07,9.131199628357713
2008-05-08,9.075521581843338
2008-05-09,9.131199628357713
2008-05-12,9.159038651614901
2008-05-13,9.131199628357713
2008-05-14,9.18687767487209
2008-05-15,9.353911814415218
2008-05-16,9.715819116758665
2008-05-19,9.743658140015853
2008-05-20,9.687980093501475
2008-05-21,9.743658140015853
2008-05-22,9.604463023729911
2008-05-23,9.409589860929595
2008-05-26,9.242555721386466
2008-05-27,9.18687767487209
2008-05-28,9.159038651614901
2008-05-29,9.214716698129278
2008-05-30,9.103360605100526
2008-06-02,9.075521581843338
2008-06-03,9.047682558586148
2008-06-04,9.01984353532896
2008-06-05,9.159038651614901
2008-06-06,9.214716698129278
2008-06-09,9.075521581843338
2008-06-10,8.908487442300208
2008-06-11,8.741453302757078
2008-06-12,8.29602893064207
2008-06-13,8.546580139956761
2008-06-16,8.518741116699575
2008-06-17,8.407385023670821
2008-06-18,8.518741116699575
2008-06-19,8.463063070185198
2008-06-20,8.29602893064207
2008-06-23,8.12899479109894
2008-06-24,8.017638698070188
2008-06-25,8.184672837613316
2008-06-26,8.073316744584563
2008-06-27,7.544375302697989
2008-06-30,7.238146046868919
2008-07-01,6.820560698011096
2008-07-02,7.238146046868919
2008-07-03,7.544375302697989
2008-07-04,7.544375302697989
2008-07-07,7.544375302697989
2008-07-08,7.238146046868919
2008-07-09,7.405180186412048
2008-07-10,7.433019209669236
2008-07-11,7.68357041898393
2008-07-14,7.572214325955176
2008-07-15,7.349502139897671
2008-07-16,7.098950930582978
2008-07-17,7.293824093383295
2008-07-18,7.07111190732579
2008-07-21,7.1267899538401664
2008-07-22,7.265985070126107
2008-07-23,7.767087488755494
2008-07-24,7.767087488755494
2008-07-25,7.68357041898393
2008-07-29,7.516536279440801
2008-07-30,7.488697256183612
2008-07-31,7.516536279440801
2008-08-01,7.293824093383295
2008-08-04,7.349502139897671
2008-08-05,7.210307023611731
2008-08-06,7.460858232926425
2008-08-07,7.405180186412048
2008-08-08,7.68357041898393
2008-08-11,7.906282605041434
2008-08-12,8.073316744584563
2008-08-13,8.073316744584563
2008-08-14,8.3548729009537
2008-08-15,8.140645390672836
2008-08-18,8.01822967051234
2008-08-19,7.957021810432094
2008-08-20,8.01822967051234
2008-08-21,7.865210020311724
2008-08-22,7.712190370111107
2008-08-25,7.865210020311724
2008-08-26,7.895813950351847
2008-08-27,8.048833600552465
2008-08-28,7.957021810432094
2008-08-29,7.957021810432094
2008-09-01,7.6815864400709835
2008-09-02,7.497962859830243
2008-09-03,7.283735349549379
2008-09-04,6.824676398947527
2008-09-05,6.488033168506169
2008-09-08,6.9164881890678975
2008-09-09,6.732864608827157
2008-09-10,7.008299979188267
2008-09-11,6.7940724689074035
2008-09-12,6.7940724689074035
2008-09-15,6.641052818706786
2008-09-16,6.335013518305551
2008-09-17,5.986128715848144
2008-09-18,5.5699152673024654
2008-09-19,5.943283213791973
2008-09-22,6.151389938064812
2008-09-23,6.181993868104935
2008-09-24,6.273805658225305
2008-09-25,6.041215789920367
2008-09-26,5.949403999799997
2008-09-30,5.631123127382712
2008-10-01,5.906558497743824
2008-10-02,5.9126792837518485
2008-10-03,6.0289742179043175
2008-10-06,5.986128715848144
2008-10-07,5.77190120556728
2008-10-08,5.655606271414812
2008-10-09,5.667847843430861
2008-10-13,5.4719826911740705
2008-10-14,5.765780419559256
2008-10-15,5.5699152673024654
2008-10-16,5.3801709010537
2008-10-17,5.294479896941355
2008-10-20,5.172064176780861
2008-10-21,5.202668106820985
2008-10-22,5.190426534804936
2008-10-23,5.012923740572219
2008-10-24,4.841541732347528
2008-10-27,4.523260859930244
2008-10-28,4.504898501906171
2008-10-29,4.621193436058639
2008-10-30,4.921111950451849
2008-10-31,5.098614744684565
2008-11-03,5.055769242628392
2008-11-04,4.982319810532096
2008-11-05,4.908870378435799
2008-11-06,4.627314222066664
2008-11-07,4.71300522617901
2008-11-10,4.774213086259256
2008-11-11,4.6946428681549355
2008-11-12,4.688522082146911
2008-11-13,4.498777715898146
2008-11-14,4.443690641825923
2008-11-17,4.351878851705553
2008-11-18,4.100926625376541
2008-11-19,4.088685053360491
2008-11-20,3.837732827031479
2008-11-21,4.082564267352467
2008-11-24,4.015235621264195
2008-11-25,4.088685053360491
2008-11-26,4.00911483525617
2008-11-27,4.278429419609257
2008-11-28,4.186617629488887
2008-12-01,4.3579996377135775
2008-12-02,4.162134485456788
2008-12-03,4.100926625376541
2008-12-04,4.186617629488887
2008-12-05,4.162134485456788
2008-12-08,4.345758065697528
2008-12-09,4.333516493681479
2008-12-10,4.615072650050615
2008-12-11,4.6946428681549355
2008-12-12,4.498777715898146
2008-12-15,4.590589506018516
2008-12-16,4.529381645938269
2008-12-17,4.523260859930244
2008-12-18,4.419207497793824
2008-12-19,4.4804153578740715
2008-12-22,4.315154135657405
2008-12-23,4.253946275577158
2008-12-24,4.204979987512961
2008-12-25,4.131530555416664
2008-12-26,4.11316819739259
2008-12-29,4.100926625376541
2008-12-30,4.382482781745677
2008-12-31,4.406965925777776
2009-01-05,4.4804153578740715
2009-01-06,4.498777715898146
2009-01-07,4.523260859930244
2009-01-08,4.400845139769751
2009-01-09,4.443690641825923
2009-01-10,4.290670991625306
2009-01-12,4.174376057472838
2009-01-13,4.253946275577158
2009-01-14,4.229463131545059
2009-01-15,4.100926625376541
2009-01-16,4.192738415496911
2009-01-17,4.198859201504936
2009-01-19,4.235583917553084
2009-01-20,4.192738415496911
2009-01-21,4.100926625376541
2009-02-02,4.0335979792882695
2009-02-03,4.1498929134407385
2009-02-04,4.168255271464812
2009-02-05,4.162134485456788
2009-02-06,4.223342345537035
2009-02-09,4.168255271464812
2009-02-10,4.186617629488887
2009-02-11,4.223342345537035
2009-02-12,4.266187847593208
2009-02-13,4.321274921665429
2009-02-16,4.4804153578740715
2009-02-17,4.4742945718660465
2009-02-18,4.419207497793824
2009-02-19,4.406965925777776
2009-02-20,4.290670991625306
2009-02-23,4.272308633601233
2009-02-24,4.204979987512961
2009-02-25,4.290670991625306
2009-02-26,4.284550205617282
2009-02-27,4.3579996377135775
2009-03-02,4.30903334964938
2009-03-03,4.290670991625306
2009-03-04,4.590589506018516
2009-03-05,4.6946428681549355
2009-03-06,5.0190445265802435
2009-03-09,5.061890028636417
2009-03-10,5.141460246740738
2009-03-11,4.957836666499997
2009-03-12,5.006802954564194
2009-03-13,5.049648456620368
2009-03-16,5.068010814644441
2009-03-17,5.061890028636417
2009-03-18,5.09249395867654
2009-03-19,5.09249395867654
2009-03-20,4.945595094483948
2009-03-23,5.006802954564194
2009-03-24,5.061890028636417
2009-03-25,5.190426534804936
2009-03-26,5.545432123270367
2009-03-27,5.508707407222219
2009-03-30,5.202668106820985
2009-03-31,5.129218674724689
2009-04-01,5.239392822869133
2009-04-02,5.343446185005552
2009-04-03,5.557673695286416
2009-04-06,5.943283213791973
2009-04-07,6.273805658225305
2009-04-08,6.181993868104935
2009-04-09,6.304409588265429
2009-04-10,6.120786008024687
2009-04-13,6.181993868104935
2009-04-14,6.273805658225305
2009-04-15,6.488033168506169
2009-04-16,6.67165674874691
2009-04-17,6.212597798145058
2009-04-20,6.2432017281851815
2009-04-21,6.67165674874691
2009-04-22,6.5798449586265395
2009-04-23,6.549241028586415
2009-04-24,6.702260678787033
2009-04-27,6.518637098546293
2009-04-28,6.273805658225305
2009-04-29,6.120786008024687
2009-04-30,6.426825308425922
2009-05-04,6.549241028586415
2009-05-05,6.3656174483456756
2009-05-06,6.426825308425922
2009-05-07,6.702260678787033
2009-05-08,6.824676398947527
2009-05-11,6.9164881890678975
2009-05-12,6.5798449586265395
2009-05-13,6.5798449586265395
2009-05-14,7.038903909228391
2009-05-15,7.528566789870366
2009-05-18,7.314339279589501
2009-05-19,7.1307156993487615
2009-05-20,7.069507839268515
2009-05-21,7.161319629388885
2009-05-22,7.161319629388885
2009-05-25,7.038903909228391
2009-05-26,6.732864608827157
2009-05-27,6.947092119108021
2009-06-01,6.885884259027774
2009-06-02,6.732864608827157
2009-06-03,6.76346853886728
2009-06-04,6.76346853886728
2009-06-05,6.85528032898765
2009-06-06,6.977696049148144
2009-06-08,6.518637098546293
2009-06-09,6.426825308425922
2009-06-10,6.273805658225305
2009-06-11,6.396221378385798
2009-06-12,6.396221378385798
2009-06-15,6.114665222016663
2009-06-16,6.010611859880243
2009-06-17,6.09630286399259
2009-06-18,5.992249501856169
2009-06-19,5.955524785808022
2009-06-22,5.924920855767898
2009-06-23,6.0289742179043175
2009-06-24,6.108544436008639
2009-06-25,6.212597798145058
2009-06-26,6.181993868104935
2009-06-29,6.181993868104935
2009-06-30,6.120786008024687
2009-07-01,6.181993868104935
2009-07-02,6.610448888666664
2009-07-03,6.732864608827157
2009-07-06,6.947092119108021
2009-07-07,6.67165674874691
2009-07-08,6.5798449586265395
2009-07-09,6.549241028586415
2009-07-10,6.5798449586265395
2009-07-13,6.335013518305551
2009-07-14,6.396221378385798
2009-07-15,6.457429238466046
2009-07-16,6.549241028586415
2009-07-17,6.702260678787033
2009-07-20,7.161319629388885
2009-07-21,7.008299979188267
2009-07-22,6.977696049148144
2009-07-23,7.436754999749996
2009-07-24,7.344943209629625
2009-07-27,7.436754999749996
2009-07-28,7.773398230191353
2009-07-29,7.589774649950614
2009-07-30,7.344943209629625
2009-07-31,7.559170719910489
2009-08-03,8.079437530592587
2009-08-04,8.171249320712958
2009-08-05,7.865210020311724
2009-08-06,7.804002160231477
2009-08-10,8.01822967051234
2009-08-11,8.01822967051234
2009-08-12,7.865210020311724
2009-08-13,8.110041460632711
2009-08-14,8.01822967051234
2009-08-17,7.804002160231477
2009-08-18,7.314339279589501
2009-08-19,7.283735349549379
2009-08-20,7.038903909228391
2009-08-21,7.100111769308637
2009-08-24,7.191923559429008
2009-08-25,7.191923559429008
2009-08-26,7.1307156993487615
2009-08-27,7.099302854858239
2009-08-28,7.099302854858239
2009-08-31,7.193541388329807
2009-09-01,7.350605610782424
2009-09-02,7.444844144253993
2009-09-03,7.947449656102364
2009-09-04,8.073101034064457
2009-09-07,8.135926723045502
2009-09-08,7.978862500592887
2009-09-09,7.821798278140271
2009-09-10,7.790385433649749
2009-09-11,7.727559744668702
2009-09-14,7.8846239671213185
2009-09-15,8.10451387855498
2009-09-16,8.041688189573934
2009-09-17,8.575706545912828
2009-09-18,8.669945079384398
2009-09-21,8.88983499081806
2009-09-22,8.732770768365445
2009-09-23,8.481468012441258
2009-09-24,8.355816634479165
2009-09-25,8.921247835308582
2009-09-28,9.109724902251722
2009-09-29,9.141137746742245
2009-09-30,9.078312057761199
2009-10-01,9.046899213270676
2009-10-02,8.984073524289629
2009-10-05,9.015486368780152
2009-10-06,9.078312057761199
2009-10-07,9.549504725119046
2009-10-08,10.209174459420034
2009-10-09,10.554715748815788
2009-10-12,11.27721117209782
2009-10-13,11.088734105154682
2009-10-14,10.994495571683112
2009-10-15,10.523302904325265
2009-10-16,10.429064370853697
2009-10-19,10.617541437796833
2009-10-20,10.366238681872648
2009-10-21,10.429064370853697
2009-10-22,9.926458859005324
2009-10-23,9.98928454798637
2009-10-26,10.366238681872648
2009-10-27,10.711779971268404
2009-10-28,10.17776161492951
2009-10-29,10.209174459420034
2009-10-30,10.17776161492951
2009-11-02,9.926458859005324
2009-11-03,10.08352308145794
2009-11-04,10.27200014840108
2009-11-05,10.240587303910557
2009-11-06,10.08352308145794
2009-11-09,10.020697392476894
2009-11-10,9.832220325533756
2009-11-11,9.926458859005324
2009-11-12,9.8950460145148
2009-11-13,9.8950460145148
2009-11-16,10.052110236967417
2009-11-17,9.8950460145148
2009-11-18,9.8950460145148
2009-11-19,9.98928454798637
2009-11-20,9.98928454798637
2009-11-23,9.737981792062186
2009-11-24,9.737981792062186
2009-11-25,9.737981792062186
2009-11-26,10.397651526363173
2009-11-27,10.27200014840108
2009-11-30,10.27200014840108
2009-12-01,10.491890059834741
2009-12-02,10.240587303910557
2009-12-03,10.020697392476894
2009-12-04,10.114935925948464
2009-12-07,10.554715748815788
2009-12-08,10.743192815758928
2009-12-09,10.900257038211544
2009-12-10,10.680367126777881
2009-12-11,11.05732126066416
2009-12-14,11.811229528436716
2009-12-15,12.62796348519032
2009-12-16,12.313835040285086
2009-12-17,11.622752461493576
2009-12-18,12.408073573756656
2009-12-21,13.256220375000781
2009-12-22,13.099156152548167
2009-12-23,13.507523130924966
2009-12-24,14.261431398697523
2009-12-25,15.235229577903741
2009-12-28,14.638385532583802
2009-12-29,15.10957819994165
2009-12-30,14.82686259952694
2009-12-31,14.889688288507987
2010-01-04,14.449908465640663
2010-01-05,14.010128642773338
2010-01-06,13.978715798282815
2010-01-07,13.853064420320722
2010-01-08,13.570348819906014
2010-01-11,13.44469744194392
2010-01-12,14.355669932169093
2010-01-13,14.51273415462171
2010-01-14,15.517945178318449
2010-01-15,16.334679135072054
2010-01-18,16.177614912619436
2010-01-19,16.051963534657343
2010-01-20,15.894899312204728
2010-01-21,15.078165355451127
2010-01-22,15.517945178318449
2010-01-25,15.423706644846881
2010-01-26,14.355669932169093
2010-01-27,13.821651575830199
2010-01-28,14.230018554207
2010-01-29,14.51273415462171
2010-02-01,15.423706644846881
2010-02-02,15.10957819994165
2010-02-03,16.146202068128915
2010-02-04,16.366091979562576
2010-02-05,15.235229577903741
2010-02-06,14.261431398697523
2010-02-08,14.575559843602754
2010-02-09,15.266642422394264
2010-02-10,15.266642422394264
2010-02-22,14.889688288507987
2010-02-23,15.926312156695252
2010-02-24,16.71163326895833
2010-02-25,16.90011033590147
2010-02-26,17.622605759183504
2010-03-01,17.65401860367403
2010-03-02,17.59119291469298
2010-03-03,17.559780070202457
2010-03-04,17.68543144816455
2010-03-05,17.65401860367403
2010-03-08,17.40271584774984
2010-03-09,18.219449804503444
2010-03-10,18.18803696001292
2010-03-11,17.811082826126643
2010-03-12,17.68543144816455
2010-03-15,17.68543144816455
2010-03-16,18.87911953880443
2010-03-17,19.099009450238093
2010-03-18,18.87911953880443
2010-03-19,19.099009450238093
2010-03-22,20.135633318425356
2010-03-23,19.475963584124372
2010-03-24,19.16183513921914
2010-03-25,19.19324798370966
2010-03-26,19.19324798370966
2010-03-29,18.5649910938992
2010-03-30,18.407926871446584
2010-03-31,18.847706694313906
2010-04-01,18.596403938389724
2010-04-02,18.910532383294953
2010-04-06,18.847706694313906
2010-04-07,18.596403938389724
2010-04-08,18.345101182465537
2010-04-09,17.65401860367403
2010-04-12,17.434128692240364
2010-04-13,17.90532135959821
2010-04-14,18.847706694313906
2010-04-15,19.664440651067512
2010-04-16,20.07280762944431
2010-04-19,18.78488100533286
2010-04-20,20.07280762944431
2010-04-21,20.606825985783203
2010-04-22,21.392147098046284
2010-04-23,21.45497278702733
2010-04-26,21.235082875593665
2010-04-27,20.920954430688436
2010-04-28,21.297908564574715
2010-04-29,20.732477363745296
2010-04-30,20.229871851896927
2010-05-03,19.97856909597274
2010-05-04,20.481174607821114
2010-05-05,20.229871851896927
2010-05-06,19.287486517181232
2010-05-07,19.224660828200186
2010-05-10,19.60161496208646
2010-05-11,20.386936074349546
2010-05-12,21.800514076423088
2010-05-13,21.674862698460995
2010-05-14,21.894752609894656
2010-05-17,20.63823883027373
2010-05-18,19.97856909597274
2010-05-19,19.97856909597274
2010-05-20,19.475963584124372
2010-05-21,18.219449804503444
2010-05-24,18.219449804503444
2010-05-25,16.962936024882517
2010-05-26,17.025761713863563
2010-05-27,18.18803696001292
2010-05-28,18.502165404918152
2010-05-31,18.5649910938992
2010-06-01,18.219449804503444
2010-06-02,17.46554153673089
2010-06-03,18.407926871446584
2010-06-04,18.407926871446584
2010-06-07,17.59119291469298
2010-06-08,17.811082826126643
2010-06-09,17.2142387808067
2010-06-10,17.245651625297224
2010-06-11,18.439339715937106
2010-06-14,18.596403938389724
2010-06-15,18.250862648993966
2010-06-17,18.78488100533286
2010-06-18,19.695853495558033
2010-06-21,20.3241103853685
2010-06-22,20.732477363745296
2010-06-23,21.486385631517855
2010-06-24,21.015192964160008
2010-06-25,20.229871851896927
2010-06-28,19.915743406991695
2010-06-29,19.475963584124372
2010-06-30,19.004770916766525
2010-07-01,19.915743406991695
2010-07-02,19.664440651067512
2010-07-05,19.57020211759594
2010-07-06,20.29269754087797
2010-07-07,19.852917718010648
2010-07-08,19.821504873520126
2010-07-09,19.915743406991695
2010-07-12,20.104220473934834
2010-07-13,20.229871851896927
2010-07-14,20.07280762944431
2010-07-15,19.475963584124372
2010-07-16,18.973358072276
2010-07-19,18.722055316351813
2010-07-20,19.88433056250117
2010-07-21,19.88433056250117
2010-07-22,19.88433056250117
2010-07-23,20.795303052726346
2010-07-26,20.983780119669483
2010-07-27,20.606825985783203
2010-07-28,20.35552322985902
2010-07-29,20.418348918840067
2010-07-30,20.3241103853685
2010-08-02,20.763890208235818
2010-08-03,20.57541314129268
2010-08-04,20.732477363745296
2010-08-05,20.135633318425356
2010-08-06,20.104220473934834
2010-08-09,20.104220473934834
2010-08-10,19.53878927310542
2010-08-11,19.727266340048555
2010-08-12,19.664440651067512
2010-08-13,20.606825985783203
2010-08-16,20.54400029680216
2010-08-17,20.66965167476425
2010-08-18,22.11464252132832
2010-08-19,21.45497278702733
2010-08-20,21.266495720084194
2010-08-23,20.795303052726346
2010-08-24,20.418348918840067
2010-08-25,20.07280762944431
2010-08-26,19.721772837832408
2010-08-27,19.817509599181108
2010-08-30,19.88133410674691
2010-08-31,19.338825792437603
2010-09-01,19.498387061352105
2010-09-02,19.94515861431271
2010-09-03,20.23236889835881
2010-09-06,19.97707086809561
2010-09-07,19.97707086809561
2010-09-08,19.657948330266606
2010-09-09,20.168544390793013
2010-09-10,20.04089537566141
2010-09-13,19.97707086809561
2010-09-14,19.913246360529808
2010-09-15,19.78559734539821
2010-09-16,19.3069135386547
2010-09-17,19.275001284871802
2010-09-20,19.1473522697402
2010-09-21,19.68986058404951
2010-09-23,19.466474807569206
2010-09-24,19.211176777306
2010-09-27,19.1473522697402
2010-09-28,18.892054239476998
2010-09-29,19.211176777306
2010-09-30,19.0516155083915
2010-10-01,19.0835277621744
2010-10-04,18.700580716779598
2010-10-05,18.541019447865096
2010-10-06,18.509107194082194
2010-10-07,18.12616014868739
2010-10-08,18.12616014868739
2010-10-11,17.807037610858387
2010-10-12,17.23261704276618
2010-10-13,17.04114352006878
2010-10-14,17.392178311680684
2010-10-15,17.073055773851678
2010-10-18,16.594371967108174
2010-10-19,16.849669997371375
2010-10-20,17.998511133555787
2010-10-21,18.349545925167693
2010-10-22,18.28572141760189
2010-10-25,18.15807240247029
2010-10-26,18.28572141760189
2010-10-27,17.87086211842419
2010-10-28,17.93468662598999
2010-10-29,17.743213103292586
2010-11-01,17.838949864641286
2010-11-02,17.23261704276618
2010-11-03,16.658196474673975
2010-11-04,16.722020982239776
2010-11-05,16.817757743588476
2010-11-08,16.14760041414757
2010-11-09,16.402898444410773
2010-11-10,16.01995139901597
2010-11-11,17.13688028141748
2010-11-12,17.10496802763458
2010-11-15,16.94540675872008
2010-11-16,16.817757743588476
2010-11-17,16.849669997371375
2010-11-18,17.93468662598999
2010-11-19,17.360266057897782
2010-11-22,17.10496802763458
2010-11-23,17.23261704276618
2010-11-24,16.977319012502978
2010-11-25,16.977319012502978
2010-11-26,17.04114352006878
2010-11-29,17.20070478898328
2010-11-30,17.679388595726785
2010-12-01,17.711300849509687
2010-12-02,17.711300849509687
2010-12-03,18.253809163818993
2010-12-06,18.18998465625319
2010-12-07,17.998511133555787
2010-12-08,18.03042338733869
2010-12-09,18.09424789490449
2010-12-10,18.572931701647995
2010-12-13,19.275001284871802
2010-12-14,19.0197032546086
2010-12-15,18.381458178950595
2010-12-16,18.381458178950595
2010-12-17,18.477194940299295
2010-12-20,18.253809163818993
2010-12-21,18.28572141760189
2010-12-22,18.28572141760189
2010-12-23,18.796317478128298
2010-12-24,18.509107194082194
2010-12-27,18.509107194082194
2010-12-28,18.509107194082194
2010-12-29,17.96659887977289
2010-12-30,18.06233564112159
2010-12-31,18.12616014868739
2011-01-03,18.31763367138479
2011-01-04,18.9558787470428
2011-01-05,18.477194940299295
2011-01-06,18.732492970562497
2011-01-07,18.732492970562497
2011-01-10,18.541019447865096
2011-01-11,18.9558787470428
2011-01-12,19.1473522697402
2011-01-13,19.0835277621744
2011-01-14,18.892054239476998
2011-01-17,18.8601419856941
2011-01-18,18.764405224345396
2011-01-19,18.668668462996695
2011-01-20,19.0835277621744
2011-01-21,18.923966493259897
2011-01-24,18.828229731911197
2011-01-25,19.0516155083915
2011-01-26,18.764405224345396
2011-01-27,18.572931701647995
2011-01-28,18.572931701647995
2011-02-08,18.09424789490449
2011-02-09,17.838949864641286
2011-02-10,17.743213103292586
2011-02-11,17.551739580595186
2011-02-14,17.615564088160987
2011-02-15,18.09424789490449
2011-02-16,18.253809163818993
2011-02-17,17.679388595726785
2011-02-18,17.615564088160987
2011-02-21,17.26452929654908
2011-02-22,16.849669997371375
2011-02-23,16.530547459542372
2011-02-24,16.27524942927917
2011-02-25,16.785845489805578
2011-03-01,17.23261704276618
2011-03-02,17.23261704276618
2011-03-03,17.456002819246486
2011-03-04,17.26452929654908
2011-03-07,17.073055773851678
2011-03-08,17.23261704276618
2011-03-09,17.20070478898328
2011-03-10,16.753933236022675
2011-03-11,16.466722951976575
2011-03-14,16.690108728456874
2011-03-15,15.924214637667268
2011-03-16,16.083775906581767
2011-03-17,15.22214505444346
2011-03-18,15.732741114969864
2011-03-21,16.817757743588476
2011-03-22,16.913494504937177
2011-03-23,17.073055773851678
2011-03-24,17.296441550331984
2011-03-25,17.168792535200378
2011-03-28,16.977319012502978
2011-03-29,16.94540675872008
2011-03-30,16.977319012502978
2011-03-31,17.519827326812283
2011-04-01,17.456002819246486
2011-04-06,18.18998465625319
2011-04-07,18.03042338733869
2011-04-08,18.636756209213797
2011-04-11,18.413370432733494
2011-04-12,18.18998465625319
2011-04-13,18.18998465625319
2011-04-14,18.22189691003609
2011-04-15,18.12616014868739
2011-04-18,18.06233564112159
2011-04-19,17.77512535707549
2011-04-20,18.28572141760189
2011-04-21,18.381458178950595
2011-04-22,18.06233564112159
2011-04-25,17.743213103292586
2011-04-26,17.711300849509687
2011-04-27,17.93468662598999
2011-04-28,17.93468662598999
2011-04-29,17.679388595726785
2011-05-03,16.466722951976575
2011-05-04,16.01995139901597
2011-05-05,16.083775906581767
2011-05-06,15.668916607404064
2011-05-09,15.700828861186965
2011-05-10,16.083775906581767
2011-05-11,15.828477876318567
2011-05-12,15.541267592272463
2011-05-13,15.988039145233069
2011-05-16,15.988039145233069
2011-05-17,15.892302383884365
2011-05-18,15.764653368752764
2011-05-19,15.637004353621164
2011-05-20,15.15832054687766
2011-05-23,14.934934770397357
2011-05-24,14.966847024180257
2011-05-25,14.934934770397357
2011-05-26,14.934934770397357
2011-05-27,15.030671531746059
2011-05-30,14.966847024180257
2011-05-31,15.094496039311858
2011-06-01,15.445530830923762
2011-06-02,15.381706323357962
2011-06-03,15.541267592272463
2011-06-07,15.637004353621164
2011-06-08,15.796565622535665
2011-06-09,15.668916607404064
2011-06-10,15.19023280066056
2011-06-13,14.839198009048657
2011-06-14,14.775373501482854
2011-06-15,14.807285755265754
2011-06-16,14.45625096365385
2011-06-17,14.36051420230515
2011-06-20,13.466971096383942
2011-06-21,14.041391664476148
2011-06-22,14.392426456088051
2011-06-23,14.137128425824848
2011-06-24,13.977567156910347
2011-06-27,13.849918141778746
2011-06-28,13.849918141778746
2011-06-29,14.041391664476148
2011-06-30,14.041391664476148
2011-07-01,14.105216172041949
2011-07-04,13.977567156910347
2011-07-05,13.786093634212946
2011-07-06,14.169040679607749
2011-07-07,13.977567156910347
2011-07-08,13.881830395561646
2011-07-11,13.466971096383942
2011-07-12,12.669164751811435
2011-07-13,12.31812996019953
2011-07-14,11.45649910806122
2011-07-15,11.647972630758622
2011-07-18,11.424586854278319
2011-07-19,11.48841136184412
2011-07-20,11.711797138324425
2011-07-21,11.999007422370527
2011-07-22,12.31812996019953
2011-07-25,12.190480945067929
2011-07-26,12.062831929936326
2011-07-27,12.190480945067929
2011-07-28,12.126656437502128
2011-07-29,11.935182914804725
2011-08-01,11.999007422370527
2011-08-02,11.903270661021825
2011-08-03,11.36076234671252
2011-08-04,11.265025585363817
2011-08-05,10.49913149457421
2011-08-08,9.765149657567504
2011-08-09,9.254553597041097
2011-08-10,9.5417638810872
2011-08-11,9.4779393735214
2011-08-12,9.4779393735214
2011-08-15,9.4779393735214
2011-08-16,9.669412896218802
2011-08-17,10.339570225659708
2011-08-18,9.892798672699104
2011-08-19,9.222641343258196
2011-08-22,8.903518805429194
2011-08-23,9.318378104606898
2011-08-24,9.350290358389799
2011-08-25,9.158816835692395
2011-08-26,9.222641343258196
2011-08-29,9.605588388653
2011-08-30,9.988535434047805
2011-08-31,9.956623180264904
2011-09-01,9.924710926482005
2011-09-02,9.892798672699104
2011-09-05,9.733237403784603
2011-09-06,9.5736761348701
2011-09-07,9.669412896218802
2011-09-08,9.765149657567504
2011-09-09,9.733237403784603
2011-09-13,9.605588388653
2011-09-14,9.350290358389799
2011-09-15,9.765149657567504
2011-09-16,9.972918799217876
2011-09-19,9.765149657567502
2011-09-20,9.834406038117626
2011-09-21,10.492341653343805
2011-09-22,10.769367175544303
2011-09-23,10.146059750593185
2011-09-26,9.488124135367006
2011-09-27,9.834406038117626
2011-09-28,9.834406038117626
2011-09-29,9.834406038117626
2011-09-30,9.972918799217876
2011-10-03,10.007546989492937
2011-10-04,10.007546989492937
2011-10-05,9.972918799217876
2011-10-06,9.972918799217876
2011-10-07,9.903662418667752
2011-10-11,10.146059750593185
2011-10-12,10.111431560318122
2011-10-13,10.319200701968496
2011-10-14,10.284572511693433
2011-10-17,10.284572511693433
2011-10-18,10.076803370043061
2011-10-19,10.111431560318122
2011-10-20,9.938290608942813
2011-10-21,9.834406038117626
2011-10-24,10.007546989492937
2011-10-25,9.938290608942813
2011-10-26,9.938290608942813
2011-10-27,10.111431560318122
2011-10-28,10.111431560318122
2011-10-31,9.903662418667752
2011-11-01,9.903662418667752
2011-11-02,9.869034228392689
2011-11-03,9.869034228392689
2011-11-04,10.457713463068744
2011-11-07,10.319200701968496
2011-11-08,10.319200701968496
2011-11-09,10.21531613114331
2011-11-10,9.55738051591713
2011-11-11,9.765149657567502
2011-11-14,9.938290608942813
2011-11-15,9.903662418667752
2011-11-16,9.765149657567502
2011-11-17,9.661265086742315
2011-11-18,9.488124135367006
2011-11-21,8.830188520140826
2011-11-22,8.310765666014895
2011-11-23,7.895227382714151
2011-11-24,7.895227382714151
2011-11-25,7.895227382714151
2011-11-28,8.033740143814398
2011-11-29,8.172252904914648
2011-11-30,7.895227382714151
2011-12-01,8.414650236840082
2011-12-02,8.20688109518971
2011-12-05,8.20688109518971
2011-12-06,8.137624714639585
2011-12-07,8.20688109518971
2011-12-08,8.345393856289958
2011-12-09,8.172252904914648
2011-12-12,8.20688109518971
2011-12-13,8.102996524364523
2011-12-14,8.172252904914648
2011-12-15,8.033740143814398
2011-12-16,7.999111953539337
2011-12-19,7.687458241063778
2011-12-20,7.756714621613902
2011-12-21,8.276137475739834
2011-12-22,8.622419378490454
2011-12-23,8.830188520140826
2011-12-26,8.657047568765517
2011-12-27,8.760932139590702
2011-12-28,8.691675759040578
2011-12-29,8.657047568765517
2011-12-30,8.760932139590702
2012-01-02,8.483906617390206
2012-01-03,8.587791188215393
2012-01-04,8.587791188215393
2012-01-05,8.726303949315641
2012-01-06,9.141842232616385
2012-01-09,9.0379576617912
2012-01-10,8.968701281241074
2012-01-11,8.864816710415889
2012-01-12,8.795560329865763
2012-01-13,8.657047568765517
2012-01-16,8.760932139590702
2012-01-17,9.107214042341324
2012-01-18,9.24572680344157
2012-01-30,9.869034228392689
2012-01-31,10.076803370043061
2012-02-01,10.249944321418372
2012-02-02,10.942508126919613
2012-02-03,10.90787993664455
2012-02-04,10.873251746369489
2012-02-06,10.526969843618867
2012-02-07,10.73473898526924
2012-02-08,11.323418219945296
2012-02-09,11.600443742145792
2012-02-10,11.600443742145792
2012-02-13,11.773584693521101
2012-02-14,11.600443742145792
2012-02-15,11.73895650324604
2012-02-16,11.496559171320607
2012-02-17,11.461930981045544
2012-02-20,11.496559171320607
2012-02-21,11.358046410220357
2012-02-22,11.496559171320607
2012-02-23,11.531187361595666
2012-02-24,12.119866596271724
2012-02-29,12.050610215721598
2012-03-01,12.223751167096909
2012-03-02,12.327635737922096
2012-03-03,12.431520308747281
2012-03-05,12.050610215721598
2012-03-06,12.015982025446538
2012-03-07,11.877469264346287
2012-03-08,12.327635737922096
2012-03-09,12.327635737922096
2012-03-12,12.223751167096909
2012-03-13,12.431520308747281
2012-03-14,12.362263928197159
2012-03-15,12.396892118472218
2012-03-16,12.362263928197159
2012-03-19,12.223751167096909
2012-03-20,11.946725644896413
2012-03-21,11.842841074071227
2012-03-22,11.946725644896413
2012-03-23,12.08523840599666
2012-03-26,11.877469264346287
2012-03-27,12.050610215721598
2012-03-28,11.877469264346287
2012-03-29,11.08102088801986
2012-03-30,11.254161839395172
2012-04-02,10.90787993664455
2012-04-03,10.457713463068744
2012-04-05,10.076803370043061
2012-04-06,10.769367175544303
2012-04-09,11.011764507469737
2012-04-10,11.08102088801986
2012-04-11,10.873251746369489
2012-04-12,11.08102088801986
2012-04-13,11.184905458845046
2012-04-16,11.08102088801986
2012-04-17,10.873251746369489
2012-04-18,10.942508126919613
2012-04-19,10.803995365819365
2012-04-20,10.665482604719116
2012-04-23,10.353828892243557
2012-04-24,10.284572511693433
2012-04-25,10.665482604719116
2012-04-26,10.423085272793681
2012-04-27,10.526969843618867
2012-04-30,10.042175179767998
2012-05-02,10.665482604719116
2012-05-03,10.596226224168992
2012-05-04,10.977136317194674
2012-05-07,10.769367175544303
2012-05-08,10.977136317194674
2012-05-09,10.90787993664455
2012-05-10,10.838623556094428
2012-05-11,10.526969843618867
2012-05-14,10.38845708251862
2012-05-15,10.38845708251862
2012-05-16,10.180687940868246
2012-05-17,10.284572511693433
2012-05-18,9.869034228392689
2012-05-21,9.869034228392689
2012-05-22,10.180687940868246
2012-05-23,10.042175179767998
2012-05-24,9.972918799217876
2012-05-25,9.661265086742315
2012-05-28,9.765149657567502
2012-05-29,10.180687940868246
2012-05-30,10.319200701968496
2012-05-31,10.319200701968496
2012-06-01,10.111431560318122
2012-06-04,9.592008706192193
2012-06-05,9.799777847842565
2012-06-06,10.076803370043061
2012-06-07,10.042175179767998
2012-06-08,9.903662418667752
2012-06-11,9.972918799217876
2012-06-12,10.007546989492937
2012-06-13,9.972918799217876
2012-06-14,10.007546989492937
2012-06-15,10.111431560318122
2012-06-18,10.249944321418372
2012-06-19,10.38845708251862
2012-06-20,10.284572511693433
2012-06-21,10.21531613114331
2012-06-22,10.111431560318122
2012-06-25,10.111431560318122
2012-06-26,9.972918799217876
2012-06-27,10.007546989492937
2012-06-28,10.042175179767998
2012-06-29,10.111431560318122
2012-07-02,10.249944321418372
2012-07-03,10.284572511693433
2012-07-04,10.319200701968496
2012-07-05,10.284572511693433
2012-07-06,10.38845708251862
2012-07-09,10.180687940868246
2012-07-10,10.249944321418372
2012-07-11,10.21531613114331
2012-07-12,10.042175179767998
2012-07-13,9.799777847842565
2012-07-16,9.73052146729244
2012-07-17,9.799777847842565
2012-07-18,9.765149657567502
2012-07-19,9.799777847842565
2012-07-20,9.799777847842565
2012-07-23,9.661265086742315
2012-07-24,9.765149657567502
2012-07-25,9.799777847842565
2012-07-26,9.73052146729244
2012-07-27,10.38845708251862
2012-07-30,10.319200701968496
2012-07-31,10.249944321418372
2012-08-01,10.353828892243557
2012-08-03,10.284572511693433
2012-08-06,10.319200701968496
2012-08-07,10.423085272793681
2012-08-08,10.630854414444054
2012-08-09,10.803995365819365
2012-08-10,10.73473898526924
2012-08-13,10.803995365819365
2012-08-14,10.630854414444054
2012-08-15,10.700110794994178
2012-08-16,10.700110794994178
2012-08-17,10.90787993664455
2012-08-20,10.769367175544303
2012-08-21,10.769367175544303
2012-08-22,10.665482604719116
2012-08-23,10.803995365819365
2012-08-24,10.769367175544303
2012-08-27,10.873251746369489
2012-08-28,10.630854414444054
2012-08-29,10.700110794994178
2012-08-30,10.942508126919613
2012-08-31,11.08102088801986
2012-09-03,11.323418219945296
2012-09-04,11.461930981045544
2012-09-05,11.496559171320607
2012-09-06,11.427302790770481
2012-09-07,11.427302790770481
2012-09-10,11.56581555187073
2012-09-11,11.392674600495418
2012-09-12,11.635071932420855
2012-09-13,12.154494786546785
2012-09-14,12.223751167096909
2012-09-17,12.25837935737197
2012-09-18,12.327635737922096
2012-09-19,12.189122976821848
2012-09-20,12.362263928197159
2012-09-21,12.466148499022344
2012-09-24,13.103622001813259
2012-09-25,13.032791612614266
2012-09-26,12.572394082820828
2012-09-27,13.31611316941023
2012-09-28,13.209867585611743
2012-10-01,12.749470055818305
2012-10-02,13.139037196412755
2012-10-03,12.926546028815782
2012-10-04,12.395318109823352
2012-10-05,12.253657331425371
2012-10-08,11.899505385430418
2012-10-09,11.899505385430418
2012-10-11,11.65159902323395
2012-10-12,11.687014217833447
2012-10-15,11.687014217833447
2012-10-16,11.899505385430418
2012-10-17,11.934920580029914
2012-10-18,11.828674996231427
2012-10-19,11.793259801631931
2012-10-22,11.50993824483597
2012-10-23,11.580768634034962
2012-10-24,11.545353439435466
2012-10-25,11.226616688040007
2012-10-26,10.83704954744556
2012-10-29,10.341236823052625
2012-10-30,10.83704954744556
2012-10-31,11.12037110424152
2012-11-01,11.12037110424152
2012-11-02,11.226616688040007
2012-11-05,11.12037110424152
2012-11-06,11.12037110424152
2012-11-07,10.97871032584354
2012-11-08,10.83704954744556
2012-11-09,10.97871032584354
2012-11-12,10.97871032584354
2012-11-13,10.76621915824657
2012-11-14,10.872464742045054
2012-11-15,10.801634352846063
2012-11-16,10.695388769047579
2012-11-19,10.589143185249092
2012-11-20,10.624558379848587
2012-11-21,10.447482406851112
2012-11-22,10.447482406851112
2012-11-23,10.90787993664455
2012-11-26,11.04954071504253
2012-11-27,11.014125520443036
2012-11-28,10.943295131244044
2012-11-29,11.12037110424152
2012-11-30,11.262031882639503
2012-12-03,11.262031882639503
2012-12-04,11.36827746643799
2012-12-05,11.332862271838493
2012-12-06,11.474523050236474
2012-12-07,11.403692661037486
2012-12-10,11.474523050236474
2012-12-11,11.50993824483597
2012-12-12,11.50993824483597
2012-12-13,11.580768634034962
2012-12-14,11.474523050236474
2012-12-17,11.332862271838493
2012-12-18,11.297447077238997
2012-12-19,11.332862271838493
2012-12-20,11.191201493440513
2012-12-21,11.155786298841017
2012-12-22,11.155786298841017
2012-12-24,11.191201493440513
2012-12-25,11.36827746643799
2012-12-26,11.545353439435466
2012-12-27,11.50993824483597
2012-12-28,11.580768634034962
2013-01-02,11.545353439435466
2013-01-03,11.722429412432943
2013-01-04,11.757844607032437
2013-01-07,11.687014217833447
2013-01-08,11.580768634034962
2013-01-09,11.722429412432943
2013-01-10,12.11199655302739
2013-01-11,12.289072526024867
2013-01-14,12.289072526024867
2013-01-15,12.0411661638284
2013-01-16,11.934920580029914
2013-01-17,11.474523050236474
2013-01-18,11.934920580029914
2013-01-21,12.253657331425371
2013-01-22,12.18282694222638
2013-01-23,12.11199655302739
2013-01-24,12.11199655302739
2013-01-25,12.18282694222638
2013-01-28,12.466148499022344
2013-01-29,12.466148499022344
2013-01-30,12.395318109823352
2013-01-31,12.324487720624361
2013-02-01,12.395318109823352
2013-02-04,12.289072526024867
2013-02-05,12.253657331425371
2013-02-06,12.395318109823352
2013-02-18,12.501563693621836
2013-02-19,12.891130834216286
2013-02-20,12.820300445017297
2013-02-21,12.678639666619313
2013-02-22,12.678639666619313
2013-02-23,12.71405486121881
2013-02-25,12.71405486121881
2013-02-26,12.678639666619313
2013-02-27,12.64322447201982
2013-03-01,12.71405486121881
2013-03-04,12.784885250417801
2013-03-05,12.784885250417801
2013-03-06,12.820300445017297
2013-03-07,12.64322447201982
2013-03-08,12.64322447201982
2013-03-11,12.678639666619313
2013-03-12,12.64322447201982
2013-03-13,12.572394082820828
2013-03-14,12.501563693621836
2013-03-15,12.501563693621836
2013-03-18,11.864090190830924
2013-03-19,11.828674996231427
2013-03-20,11.722429412432943
2013-03-21,11.793259801631931
2013-03-22,11.722429412432943
2013-03-25,11.757844607032437
2013-03-26,11.828674996231427
2013-03-27,11.934920580029914
2013-03-28,11.899505385430418
2013-03-29,12.218242136825875
2013-04-01,12.076581358427894
2013-04-02,12.0411661638284
2013-04-03,12.005750969228904
2013-04-08,11.50993824483597
2013-04-09,11.474523050236474
2013-04-10,11.50993824483597
2013-04-11,11.616183828634455
2013-04-12,11.793259801631931
2013-04-15,11.722429412432943
2013-04-16,11.899505385430418
2013-04-17,11.828674996231427
2013-04-18,11.687014217833447
2013-04-19,11.722429412432943
2013-04-22,11.828674996231427
2013-04-23,11.722429412432943
2013-04-24,11.970335774629408
2013-04-25,12.076581358427894
2013-04-26,12.0411661638284
2013-04-29,12.0411661638284
2013-04-30,12.11199655302739
2013-05-02,12.005750969228904
2013-05-03,11.934920580029914
2013-05-06,12.218242136825875
2013-05-07,12.005750969228904
2013-05-08,12.0411661638284
2013-05-09,12.18282694222638
2013-05-10,12.005750969228904
2013-05-13,11.793259801631931
2013-05-14,11.828674996231427
2013-05-15,12.005750969228904
2013-05-16,12.324487720624361
2013-05-17,12.466148499022344
2013-05-20,12.536978888221332
2013-05-21,12.536978888221332
2013-05-22,12.607809277420325
2013-05-23,12.501563693621836
2013-05-24,12.359902915223856
2013-05-27,12.85571563961679
2013-05-28,12.85571563961679
2013-05-29,12.85571563961679
2013-05-30,12.64322447201982
2013-05-31,12.607809277420325
2013-06-03,12.784885250417801
2013-06-04,12.820300445017297
2013-06-05,12.678639666619313
2013-06-06,12.466148499022344
2013-06-07,12.218242136825875
2013-06-10,12.289072526024867
2013-06-11,12.395318109823352
2013-06-13,12.11199655302739
2013-06-14,12.11199655302739
2013-06-17,12.466148499022344
2013-06-18,12.501563693621836
2013-06-19,12.501563693621836
2013-06-20,12.218242136825875
2013-06-21,11.864090190830924
2013-06-24,11.899505385430418
2013-06-25,11.50993824483597
2013-06-26,11.687014217833447
2013-06-27,11.687014217833447
2013-06-28,11.65159902323395
2013-07-01,11.793259801631931
2013-07-02,11.757844607032437
2013-07-03,11.65159902323395
2013-07-04,11.616183828634455
2013-07-05,11.65159902323395
2013-07-08,11.580768634034962
2013-07-09,11.616183828634455
2013-07-10,11.616183828634455
2013-07-11,11.757844607032437
2013-07-12,11.722429412432943
2013-07-15,11.828674996231427
2013-07-16,12.147411747626885
2013-07-17,12.289072526024867
2013-07-18,12.005750969228904
2013-07-19,11.828674996231427
2013-07-22,11.828674996231427
2013-07-23,11.970335774629408
2013-07-24,11.970335774629408
2013-07-25,12.076581358427894
2013-07-26,11.970335774629408
2013-07-29,12.005750969228904
2013-07-30,12.0411661638284
2013-07-31,11.899505385430418
2013-08-01,11.793259801631931
2013-08-02,11.899505385430418
2013-08-05,11.935347269121472
2013-08-06,11.756137850666196
2013-08-07,11.64861219959303
2013-08-08,11.827821618048308
2013-08-09,11.827821618048308
2013-08-12,11.863663501739364
2013-08-13,12.329607989723083
2013-08-14,12.616343059251529
2013-08-15,12.580501175560473
2013-08-16,12.652184942942583
2013-08-19,12.974761896162084
2013-08-20,12.867236245088915
2013-08-22,12.580501175560473
2013-08-23,12.472975524487305
2013-08-26,12.688026826633639
2013-08-27,12.723868710324695
2013-08-28,12.544659291869417
2013-08-29,12.580501175560473
2013-08-30,12.867236245088915
2013-09-02,12.90307812877997
2013-09-03,13.799125221056359
2013-09-04,14.731014197023802
2013-09-05,15.412009987153855
2013-09-06,16.487266497885518
2013-09-09,16.487266497885518
2013-09-10,16.057163893592854
2013-09-11,16.845685334796073
2013-09-12,16.73815968372291
2013-09-13,16.55895026526763
2013-09-14,16.55895026526763
2013-09-16,16.200531428357078
2013-09-17,16.343898963121298
2013-09-18,15.77042882406441
2013-09-23,15.734586940373353
2013-09-24,16.809843451105017
2013-09-25,16.415582730503406
2013-09-26,16.343898963121298
2013-09-27,16.09300577728391
2013-09-30,15.949638242519686
2013-10-01,15.627061289300189
2013-10-02,16.057163893592854
2013-10-03,16.021322009901798
2013-10-18,17.956783729218795
2013-10-21,19.211249658405734
2013-10-22,19.89224544853579
2013-10-23,20.178980518064233
2013-10-24,20.178980518064233
2013-10-25,20.859976308194287
2013-10-28,19.713036030080513
2013-10-29,20.14313863437318
2013-10-30,20.14313863437318
2013-10-31,20.21482240175529
2013-11-01,19.74887791377157
2013-11-04,19.497984727934178
2013-11-05,19.211249658405734
2013-11-06,19.56966849531629
2013-11-07,19.42630096055207
2013-11-08,19.928087332226845
2013-11-11,19.211249658405734
2013-11-12,19.46214284424312
2013-11-13,19.677194146389457
2013-11-14,19.605510379007345
2013-11-15,19.784719797462625
2013-11-18,21.14671137772273
2013-11-19,20.859976308194287
2013-11-20,21.00334384295851
2013-11-21,20.501557471283732
2013-11-22,19.46214284424312
2013-11-25,19.74887791377157
2013-11-26,19.6413522626984
2013-11-27,19.533826611625233
2013-11-28,19.784719797462625
2013-11-29,19.89224544853579
2013-12-02,19.211249658405734
2013-12-03,19.103724007332566
2013-12-04,20.42987370390162
2013-12-05,19.89224544853579
2013-12-06,19.390459076861013
2013-12-09,19.6413522626984
2013-12-10,19.46214284424312
2013-12-11,19.282933425787846
2013-12-12,19.211249658405734
2013-12-13,19.497984727934178
2013-12-16,19.282933425787846
2013-12-17,20.6090831223569
2013-12-18,20.35818993651951
2013-12-19,20.788292540812176
2013-12-20,20.9316600755764
2013-12-23,21.07502761034062
2013-12-24,21.218395145104843
2013-12-25,20.967501959267455
2013-12-26,21.218395145104843
2013-12-27,20.82413442450323
2013-12-30,20.42987370390162
2013-12-31,21.039185726649567
2014-01-02,21.827707167852786
2014-01-03,23.333066282877112
2014-01-06,23.04633121334867
2014-01-07,23.440591933950284
2014-01-08,23.29722439918606
2014-01-09,22.508702957982837
2014-01-10,22.58038672536495
2014-01-13,22.221967888454394
2014-01-14,21.79186528416173
2014-01-15,22.150284121072282
2014-01-16,21.218395145104843
2014-01-17,21.182553261413787
2014-01-20,20.788292540812176
2014-01-21,20.9316600755764
2014-01-22,20.967501959267455
2014-01-23,20.644925006047956
2014-01-24,20.14313863437318
2014-01-27,19.390459076861013
2014-02-05,20.21482240175529
2014-02-06,20.859976308194287
2014-02-07,20.859976308194287
2014-02-10,20.859976308194287
2014-02-11,20.573241238665844
2014-02-12,21.00334384295851
2014-02-13,20.573241238665844
2014-02-14,20.03561298330001
2014-02-17,19.6413522626984
2014-02-18,20.2865061691374
2014-02-19,20.2865061691374
2014-02-20,21.684339633088562
2014-02-21,22.006916586308062
2014-02-24,21.46928833094223
2014-02-25,21.540972098324342
2014-02-26,21.39760456356012
2014-02-27,21.505130214633287
2014-03-03,21.684339633088562
2014-03-04,21.39760456356012
2014-03-05,21.505130214633287
2014-03-06,21.361762679869063
2014-03-07,22.83127991120234
2014-03-10,22.43701919060073
2014-03-11,22.867121794893393
2014-03-12,22.65207049274706
2014-03-13,22.544544841673893
2014-03-14,21.935232818925954
2014-03-17,21.505130214633287
2014-03-18,21.505130214633287
2014-03-19,20.573241238665844
2014-03-20,20.2865061691374
2014-03-21,20.2865061691374
2014-03-24,20.07145486699107
2014-03-25,20.465715587592676
2014-03-26,20.716608773430064
2014-03-27,20.859976308194287
2014-03-28,20.2865061691374
2014-03-31,20.465715587592676
2014-04-01,20.716608773430064
2014-04-02,20.859976308194287
2014-04-03,20.573241238665844
2014-04-07,20.42987370390162
2014-04-08,20.2865061691374
2014-04-09,20.35818993651951
2014-04-10,20.178980518064233
2014-04-11,19.74887791377157
2014-04-14,19.282933425787846
2014-04-15,19.46214284424312
2014-04-16,19.56966849531629
2014-04-17,19.56966849531629
2014-04-18,19.354617193169958
2014-04-21,19.354617193169958
2014-04-22,19.46214284424312
2014-04-23,19.497984727934178
2014-04-24,19.3187753094789
2014-04-25,17.99262561290985
2014-04-28,17.41915547385296
2014-04-29,17.383313590161904
2014-04-30,16.594792148958685
2014-05-02,17.74173242707246
2014-05-05,17.92094184552774
2014-05-06,17.670048659690348
2014-05-07,17.705890543381404
2014-05-08,17.705890543381404
2014-05-09,17.562523008617184
2014-05-12,17.34747170647085
2014-05-13,17.27578793908874
2014-05-14,17.311629822779793
2014-05-15,17.27578793908874
2014-05-16,17.670048659690348
2014-05-19,17.885099961836683
2014-05-20,17.777574310763516
2014-05-21,17.670048659690348
2014-05-22,17.705890543381404
2014-05-23,17.849258078145628
2014-05-26,18.20767691505618
2014-05-27,17.99262561290985
2014-05-28,17.99262561290985
2014-05-29,18.028467496600904
2014-05-30,18.852830821495182
2014-06-03,18.530253868275683
2014-06-04,18.566095751966735
2014-06-05,18.996198356259402
2014-06-06,18.530253868275683
2014-06-09,18.566095751966735
2014-06-10,18.13599314767407
2014-06-11,18.13599314767407
2014-06-12,18.351044449820403
2014-06-13,19.175407774714678
2014-06-16,20.07145486699107
2014-06-17,19.999771099608953
2014-06-18,20.9316600755764
2014-06-19,21.00334384295851
2014-06-20,21.29007891248695
2014-06-23,20.178980518064233
2014-06-24,20.573241238665844
2014-06-25,20.68076688973901
2014-06-26,20.6090831223569
2014-06-27,20.716608773430064
2014-06-30,20.644925006047956
2014-07-01,20.788292540812176
2014-07-02,21.07502761034062
2014-07-03,21.899390935234898
2014-07-04,21.61265586570645
2014-07-07,21.433446447251175
2014-07-08,21.182553261413787
2014-07-09,21.540972098324342
2014-07-10,21.110869494031675
2014-07-11,21.72018151677962
2014-07-14,21.505130214633287
2014-07-15,21.79186528416173
2014-07-16,21.827707167852786
2014-07-17,21.322603200332225
2014-07-18,20.99789350692615
2014-07-21,20.456710684582696
2014-07-22,20.925735797280357
2014-07-24,21.394760909978018
2014-07-25,22.080259151613067
2014-07-28,21.863786022675683
2014-07-29,22.260653425727554
2014-07-30,21.89986487749858
2014-07-31,21.178287781040638
2014-08-01,21.286524345509328
2014-08-04,21.719470603384096
2014-08-05,21.53907632926961
2014-08-06,22.296732280550447
2014-08-07,21.214366635863534
2014-08-08,21.214366635863534
2014-08-11,21.575155184092505
2014-08-12,21.358682055155125
2014-08-13,21.6473128937383
2014-08-14,21.827707167852786
2014-08-15,21.502997474446712
2014-08-18,21.178287781040638
2014-08-19,21.394760909978018
2014-08-20,21.6473128937383
2014-08-21,21.466918619623815
2014-08-22,21.466918619623815
2014-08-25,22.080259151613067
2014-08-26,22.080259151613067
2014-08-27,22.080259151613067
2014-08-28,21.394760909978018
2014-08-29,21.863786022675683
2014-09-01,22.260653425727554
2014-09-02,22.51320540948783
2014-09-03,24.06459616687241
2014-09-04,24.172832731341103
2014-09-05,25.832460053194367
2014-09-09,25.97677547248596
2014-09-10,26.048933182131755
2014-09-11,24.750094408507454
2014-09-12,24.172832731341103
2014-09-29,24.677936698861664
2014-09-30,23.162624796299983
2014-10-01,23.343019070414467
2014-10-02,23.559492199351848
2014-10-03,24.06459616687241
2014-10-06,24.028517312049512
2014-10-07,23.234782505945777
2014-10-08,21.611234038915402
2014-10-09,20.709262668342973
2014-10-13,19.266108475427085
2014-10-14,19.48258160436447
2014-10-15,18.400215959677556
2014-10-16,18.724925653083627
2014-10-17,18.97747763684391
2014-10-20,19.0857142013126
2014-10-21,18.83316221755232
2014-10-22,19.013556491666808
2014-10-23,19.302187330249986
2014-10-24,18.97747763684391
2014-10-27,18.03942741144858
2014-10-28,18.400215959677556
2014-10-29,19.193950765781292
2014-10-30,19.446502749541573
2014-10-31,19.554739314010266
2014-11-03,19.554739314010266
2014-11-04,19.84337015259344
2014-11-05,19.626897023656056
2014-11-06,19.338266185072882
2014-11-07,19.338266185072882
2014-11-10,19.338266185072882
2014-11-11,19.771212442947647
2014-11-12,19.699054733301853
2014-11-13,20.99789350692615
2014-11-14,20.63710495869718
2014-11-17,20.63710495869718
2014-11-18,19.87944900741634
2014-11-19,19.84337015259344
2014-11-20,20.348474120114002
2014-11-21,20.3845529749369
2014-11-24,20.99789350692615
2014-11-25,20.925735797280357
2014-11-26,21.502997474446712
2014-11-27,21.719470603384096
2014-11-28,21.972022587144373
2014-12-01,22.549284264310728
2014-12-02,23.451255634883157
2014-12-03,23.451255634883157
2014-12-04,22.982230522185496
2014-12-05,23.162624796299983
2014-12-08,23.162624796299983
2014-12-09,22.873993957716802
2014-12-10,22.873993957716802
2014-12-11,23.379097925237364
2014-12-12,23.234782505945777
2014-12-15,23.234782505945777
2014-12-16,23.126545941477083
2014-12-17,23.090467086654186
2014-12-18,23.270861360768674
2014-12-19,23.523413344528954
2014-12-22,24.06459616687241
2014-12-23,25.038725247090635
2014-12-24,24.96656753744484
2014-12-25,25.038725247090635
2014-12-26,24.894409827799045
2014-12-27,24.533621279570074
2014-12-29,24.533621279570074
2014-12-30,24.425384715101384
2014-12-31,24.750094408507454
2015-01-05,25.471671504965396
2015-01-06,25.615986924256987
2015-01-07,25.183040666382222
2015-01-08,25.291277230850913
2015-01-09,25.038725247090635
2015-01-12,24.533621279570074
2015-01-13,24.533621279570074
2015-01-14,24.461463569924277
2015-01-15,24.96656753744484
2015-01-16,24.677936698861664
2015-01-19,24.244990440986896
2015-01-20,25.038725247090635
2015-01-21,24.96656753744484
2015-01-22,25.219119521205123
2015-01-23,25.255198376028016
2015-01-26,27.02306226234998
2015-01-27,28.89916271314063
2015-01-28,29.115635842078014
2015-01-29,30.66702659946259
2015-01-30,31.06389400251446
2015-02-02,31.31644598627474
2015-02-03,31.35252484109764
2015-02-04,33.517256130471466
2015-02-05,32.795679034013524
2015-02-06,31.46076140556633
2015-02-09,33.0482310177738
2015-02-10,33.55333498529436
2015-02-11,32.903915598482214
2015-02-12,32.470969340607446
2015-02-13,32.50704819543034
2015-02-24,32.50704819543034
2015-02-25,32.146259647201376
2015-02-26,32.18233850202427
2015-03-02,33.55333498529436
2015-03-03,35.718066274668196
2015-03-04,35.35727772643922
2015-03-05,36.51180108077193
2015-03-06,36.80043191935511
2015-03-09,36.583958790417725
2015-03-10,35.321198871616325
2015-03-11,35.14080459750184
2015-03-12,35.501593145730816
2015-03-13,36.80043191935511
2015-03-16,36.22317024218876
2015-03-17,34.238833226929415
2015-03-18,33.120388727419595
2015-03-19,35.429435436085015
2015-03-20,35.501593145730816
2015-03-23,35.537672000553705
2015-03-24,35.5737508553766
2015-03-25,37.66632443510464
2015-03-26,38.60437466049997
2015-03-27,38.027112983333616
2015-03-30,36.43964337112614
2015-03-31,38.96516320872894
2015-04-01,38.243586112271
2015-04-02,38.243586112271
2015-04-07,40.91342136916539
2015-04-08,39.90321343412426
2015-04-09,39.68674030518688
2015-04-10,39.542424885895294
2015-04-13,40.047528853415855
2015-04-14,41.202052207748565
2015-04-15,40.55263282093642
2015-04-16,41.05773678845697
2015-04-17,40.98557907881118
2015-04-20,39.32595175695791
2015-04-21,36.80043191935511
2015-04-22,39.32595175695791
2015-04-23,42.067944723498094
2015-04-24,44.95425310932987
2015-04-27,45.17072623826725
2015-04-28,45.96446104437099
2015-04-29,45.098568528621456
2015-04-30,44.376991432163514
2015-05-04,47.47977294693267
2015-05-05,46.18093417330837
2015-05-06,46.32524959259997
2015-05-07,48.345665462682206
2015-05-08,49.06724255914015
2015-05-11,48.85076943020277
2015-05-12,48.85076943020277
2015-05-13,51.95355094497192
2015-05-14,51.59276239674295
2015-05-15,52.458654912492484
2015-05-18,51.80923552568033
2015-05-19,53.03591658965883
2015-05-20,52.09786636426351
2015-05-21,50.871185300285006
2015-05-22,49.644504236306496
2015-05-25,48.20135004339061
2015-05-26,47.04682668905791
2015-05-27,50.29392362311865
2015-05-28,51.37628926780557
2015-05-29,50.07745049418127
2015-06-01,49.06724255914015
2015-06-02,49.716661945952296
2015-06-03,47.191142108349496
2015-06-04,47.407615237286876
2015-06-05,48.057034624099025
2015-06-08,45.531514786496224
2015-06-09,41.9957870138523
2015-06-10,46.18093417330837
2015-06-11,45.8201456250794
2015-06-12,48.345665462682206
2015-06-15,46.54172272153735
2015-06-16,47.407615237286876
2015-06-17,46.902511269766315
2015-06-18,46.18093417330837
2015-06-22,46.32524959259997
2015-06-23,50.94334300993079
2015-06-24,50.366081332764445
2015-06-25,50.582554461701825
2015-06-26,49.78881965559809
2015-06-29,47.26329981799529
2015-06-30,49.716661945952296
2015-07-01,49.211557978431735
2015-07-02,50.79902759063921
2015-07-03,50.438239042410245
2015-07-06,47.84056149516164
2015-07-07,46.253091882954166
2015-07-08,41.63499846562333
2015-07-09,41.03159269075922
2015-07-13,45.104581671091935
2015-07-14,45.255433114807964
2015-07-15,45.330858836665975
2015-07-16,44.42575017436982
2015-07-17,41.93670135305538
2015-07-20,38.31626670387074
2015-07-21,37.524296624361604
2015-07-22,37.63743520714862
2015-07-23,37.78828665086465
2015-07-24,35.148386385834186
2015-07-27,33.03646617380981
2015-07-28,34.62040633282809
2015-07-29,34.88439635933114
2015-07-30,31.678803180365573
2015-07-31,33.33816906124187
2015-08-03,32.659337564519745
2015-08-04,32.01821892872664
2015-08-05,35.18609924676319
2015-08-06,36.50604937927842
2015-08-07,37.71286092900664
2015-08-10,37.93913809458068
2015-08-11,36.3551979355624
2015-08-12,36.99631657135551
2015-08-13,38.240840982012735
2015-08-14,38.240840982012735
2015-08-17,37.599722346219615
2015-08-18,36.80775226671047
2015-08-19,34.39412916725405
2015-08-20,34.88439635933114
2015-08-21,33.5644462268159
2015-08-24,30.208001604134314
2015-08-25,30.999971683643455
2015-08-26,31.60337745850756
2015-08-27,32.810189008235774
2015-08-28,32.583911842661735
2015-08-31,32.433060398945706
2015-09-01,32.357634677087695
2015-09-02,32.3953475380167
2015-09-03,34.01700055796399
2015-09-04,32.09364465058464
2015-09-07,31.980506067797627
2015-09-08,32.31992181615869
2015-09-09,33.903861975176966
2015-09-10,34.88439635933114
2015-09-11,35.33695069047922
2015-09-14,35.525514995124254
2015-09-15,34.62040633282809
2015-09-16,34.31870344539604
2015-09-17,34.50726775004107
2015-09-18,35.56322785605326
2015-09-21,34.50726775004107
2015-09-22,34.69583205468611
2015-09-23,33.63987194867392
2015-09-24,32.28220895522968
2015-09-25,32.47077325987471
2015-09-30,33.30045620031286
2015-10-01,34.092426279822
2015-10-02,34.73354491561511
2015-10-05,35.75179216069829
2015-10-06,33.86614911424796
2015-10-07,35.18609924676319
2015-10-08,34.092426279822
2015-10-12,33.63987194867392
2015-10-13,33.94157483610597
2015-10-14,35.2615249686212
2015-10-15,35.902643604414315
2015-10-16,36.43062365742041
2015-10-19,36.01578218720134
2015-10-20,36.3551979355624
2015-10-21,35.97806932627233
2015-10-22,35.86493074348531
2015-10-23,35.71407929976929
2015-10-26,35.33695069047922
2015-10-27,35.03524780304717
2015-10-28,35.18609924676319
2015-10-29,34.69583205468611
2015-10-30,35.18609924676319
2015-11-02,38.693395313160806
2015-11-03,38.844246756876835
2015-11-04,40.20190975032107
2015-11-05,40.42818691589512
2015-11-06,40.20190975032107
2015-11-09,39.296801088024914
2015-11-10,39.749355419173
2015-11-11,39.749355419173
2015-11-12,38.089989538296706
2015-11-13,38.240840982012735
2015-11-16,39.37222680988293
2015-11-17,39.2213753661669
2015-11-18,38.995098200592864
2015-11-19,40.27733547217909
2015-11-20,40.05105830660505
2015-11-23,38.995098200592864
2015-11-24,37.4865837634326
2015-11-25,36.58147510113644
2015-11-26,37.63743520714862
2015-11-27,37.41115804157459
2015-11-30,36.61918796206544
2015-12-01,38.089989538296706
2015-12-02,39.44765253174094
2015-12-03,40.72988980332717
2015-12-04,44.802878783659885
2015-12-07,45.40628455852399
2015-12-08,45.78341316781406
2015-12-09,42.91723573720955
2015-12-10,44.12404728693777
2015-12-11,42.99266145906756
2015-12-14,43.59606723393167
2015-12-15,45.104581671091935
2015-12-16,44.65202733994386
2015-12-17,45.255433114807964
2015-12-18,44.953730227375914
2015-12-21,45.255433114807964
2015-12-22,44.802878783659885
2015-12-23,44.04862156507975
2015-12-24,45.180007392949946
2015-12-25,46.23596749896213
2015-12-28,47.51820477054836
2015-12-29,47.36735332683233
2015-12-30,48.8758677639926
2015-12-31,50.91236225415896
2016-01-04,51.063213697874986
2016-01-05,54.15566829405353
2016-01-06,53.02428246618333
2016-01-07,52.79800530060929
2016-01-08,51.440342307165054
2016-01-11,52.119173803887165
2016-01-12,49.40384781699869
2016-01-13,49.17757065142466
2016-01-14,47.895333379838426
2016-01-15,47.895333379838426
2016-01-18,51.59119375088108
2016-01-19,50.30895647929486
2016-01-20,46.38681894267816
2016-01-21,46.46224466453618
2016-01-22,47.1410761612583
2016-01-25,47.970759101696444
2016-01-26,47.291927604974326
2016-01-27,46.6130961082522
2016-01-28,46.38681894267816
2016-01-29,48.272461989128495
2016-01-30,48.64959059841856
2016-02-01,47.593630492406376
2016-02-02,48.347887710986505
2016-02-03,49.02671920770863
2016-02-15,53.92939112847949
2016-02-16,52.27002524760319
2016-02-17,52.119173803887165
2016-02-18,51.96832236017115
2016-02-19,50.76151081044293
2016-02-22,50.535233644868896
2016-02-23,50.91236225415896
2016-02-24,50.459807923010885
2016-02-25,50.98778797601697
2016-02-26,50.83693653230095
2016-03-01,51.440342307165054
2016-03-02,50.76151081044293
2016-03-03,49.78097642628876
2016-03-04,48.8758677639926
2016-03-07,48.80044204213459
2016-03-08,48.57416487656055
2016-03-09,46.6130961082522
2016-03-10,47.06565043940028
2016-03-11,47.51820477054836
2016-03-14,49.63012498257273
2016-03-15,47.44277904869035
2016-03-16,46.6130961082522
2016-03-17,43.89777012136373
2016-03-18,44.72745306180187
2016-03-21,44.953730227375914
2016-03-22,44.3503244525118
2016-03-23,45.029155949233925
2016-03-24,44.19947300879578
2016-03-25,44.576601618085846
2016-03-28,43.82234439950571
2016-03-29,43.36979006835763
2016-03-30,45.029155949233925
2016-03-31,44.72745306180187
2016-04-01,44.576601618085846
2016-04-06,43.52064151207366
2016-04-07,44.3503244525118
2016-04-08,46.16054177710412
2016-04-11,45.78341316781406
2016-04-12,44.50117589622783
2016-04-13,45.93426461153008
2016-04-14,45.481710280382
2016-04-15,45.104581671091935
2016-04-18,43.82234439950571
2016-04-19,41.559572743765315
2016-04-20,39.2213753661669
2016-04-21,40.27733547217909
2016-04-22,39.296801088024914
2016-04-25,39.97563258474703
2016-04-26,39.90020686288902
2016-04-27,40.80531552518518
2016-04-28,41.257869856333265
2016-04-29,40.20190975032107
2016-05-03,39.44765253174094
2016-05-04,37.373445180645575
2016-05-05,39.2213753661669
2016-05-06,38.617969591302796
2016-05-09,38.46711814758677
2016-05-10,39.070523922450874
2016-05-11,38.391692425728756
2016-05-12,37.78828665086465
2016-05-13,38.391692425728756
2016-05-16,38.391692425728756
2016-05-17,38.995098200592864
2016-05-18,39.52307825359895
2016-05-19,40.3527611940371
2016-05-20,40.72988980332717
2016-05-23,41.559572743765315
2016-05-24,41.785849909339355
2016-05-25,41.861275631197365
2016-05-26,42.540107127919484
2016-05-27,42.6155328497775
2016-05-30,42.313829962345444
2016-05-31,41.71042418748134
2016-06-01,42.238404240487434
2016-06-02,41.71042418748134
2016-06-03,41.785849909339355
2016-06-04,41.785849909339355
2016-06-06,41.785849909339355
2016-06-07,43.2189386246416
2016-06-08,43.52064151207366
2016-06-13,42.69095857163551
2016-06-14,42.540107127919484
2016-06-15,42.313829962345444
2016-06-16,41.861275631197365
2016-06-17,41.93670135305538
2016-06-20,42.313829962345444
2016-06-21,42.540107127919484
2016-06-22,43.7469186776477
2016-06-23,44.3503244525118
2016-06-24,44.50117589622783
2016-06-27,45.63256172409803
2016-06-28,45.40628455852399
2016-06-29,45.481710280382
2016-06-30,45.481710280382
2016-07-01,45.557136002240014
2016-07-04,46.76394755196823
2016-07-05,46.76394755196823
2016-07-06,47.00253912111093
2016-07-07,46.92300859806336
2016-07-11,47.16160016720605
2016-07-12,46.366294936730405
2016-07-13,45.33239813711206
2016-07-14,46.76394755196823
2016-07-15,46.76394755196823
2016-07-18,47.638783305491444
2016-07-19,47.9569053976817
2016-07-20,48.91127167425248
2016-07-21,49.38845481253787
2016-07-22,50.89953475044161
2016-07-25,50.820004227394044
2016-07-26,53.92169462624908
2016-07-27,53.84216410320152
2016-07-28,55.11465247196255
2016-07-29,54.716999856724726
2016-08-01,54.08075567234421
2016-08-02,55.03512194891499
2016-08-03,55.98948822548578
2016-08-04,55.194182995010124
2016-08-05,55.51230508720038
2016-08-08,55.11465247196255
2016-08-09,53.60357253405883
2016-08-10,54.23981671843934
2016-08-11,53.444511487963695
2016-08-12,54.478408287582035
2016-08-15,56.86432397900899
2016-08-16,56.625732409866295
2016-08-17,55.671366133295514
2016-08-18,56.46667136377116
2016-08-19,53.762633580153945
2016-08-22,54.23981671843934
2016-08-23,53.762633580153945
2016-08-24,54.00122514929665
2016-08-25,54.16028619539177
2016-08-26,53.84216410320152
2016-08-29,54.716999856724726
2016-08-30,54.716999856724726
2016-08-31,55.11465247196255
2016-09-01,55.671366133295514
2016-09-02,54.87606090281986
2016-09-05,56.06901874853334
2016-09-06,56.06901874853334
2016-09-07,55.194182995010124
2016-09-08,55.432774564152815
2016-09-09,55.194182995010124
2016-09-10,54.63746933367717
2016-09-12,53.444511487963695
2016-09-13,53.12638939577343
2016-09-14,53.205919918821
2016-09-19,55.909957702438206
2016-09-20,55.909957702438206
2016-09-21,57.9777513016749
2016-09-22,59.5683617626262
2016-09-23,60.840850131387235
2016-09-26,59.40930071653107
2016-09-29,59.25023967043594
2016-09-30,58.93211757824567
2016-10-03,61.39756379272019
2016-10-04,60.9203806544348
2016-10-05,61.63615536186289
2016-10-06,61.23850274662506
2016-10-07,60.840850131387235
2016-10-11,58.69352600910298
2016-10-12,57.34150711729437
2016-10-13,56.705262932913854
2016-10-14,56.54620188681872
2016-10-17,57.42103764034194
2016-10-18,56.46667136377116
2016-10-19,56.625732409866295
2016-10-20,57.18244607119925
2016-10-21,57.18244607119925
2016-10-24,57.18244607119925
2016-10-25,57.659629209484635
2016-10-26,57.34150711729437
2016-10-27,56.943854502056546
2016-10-28,54.3193472414869
2016-10-31,54.955591425867425
2016-11-01,54.478408287582035
2016-11-02,53.205919918821
2016-11-03,53.524042011011254
2016-11-04,54.478408287582035
2016-11-07,55.59183561024795
2016-11-08,53.92169462624908
2016-11-09,51.05859579653674
2016-11-10,54.3193472414869
2016-11-11,52.490145211392914
2016-11-14,53.28545044186856
2016-11-15,52.728736780535606
2016-11-16,52.9673283496783
2016-11-17,53.84216410320152
2016-11-18,54.23981671843934
2016-11-21,54.87606090281986
2016-11-22,55.51230508720038
2016-11-23,54.87606090281986
2016-11-24,54.557938810629594
2016-11-25,55.27371351805768
2016-11-28,57.10291554815168
2016-11-29,57.659629209484635
2016-11-30,56.943854502056546
2016-12-01,57.659629209484635
2016-12-02,57.10291554815168
2016-12-05,57.34150711729437
2016-12-06,57.10291554815168
2016-12-07,57.42103764034194
2016-12-08,58.375403916912724
2016-12-09,57.26197659424681
2016-12-12,57.02338502510412
2016-12-13,57.10291554815168
2016-12-14,57.02338502510412
2016-12-15,57.739159732532194
2016-12-16,58.852587055198114
2016-12-19,58.613995486055416
2016-12-20,57.42103764034194
2016-12-21,57.42103764034194
2016-12-22,55.75089665634307
2016-12-23,55.432774564152815
2016-12-26,55.51230508720038
2016-12-27,55.35324404110525
2016-12-28,55.671366133295514
2016-12-29,56.22807979462847
2016-12-30,56.46667136377116
2017-01-03,56.3871408407236
2017-01-04,56.625732409866295
2017-01-05,56.705262932913854
2017-01-06,56.625732409866295
2017-01-09,56.46667136377116
2017-01-10,55.909957702438206
2017-01-11,56.46667136377116
2017-01-12,56.625732409866295
2017-01-13,56.46667136377116
2017-01-16,55.83042717939065
2017-01-17,55.98948822548578
2017-01-18,56.30761031767603
2017-01-19,56.78479345596143
2017-01-20,56.78479345596143
2017-01-23,0.0
2017-01-24,60.99991117748237
2017-02-02,59.96601437786403
2017-02-03,60.6817890852921
2017-02-06,62.749582684528804
2017-02-07,65.453620468146
2017-02-08,66.01033412947896
2017-02-09,65.05596785290818
2017-02-10,64.1016015763374
2017-02-13,66.4079867447168
2017-02-14,65.29455942205087
2017-02-15,64.89690680681305
2017-02-16,64.49925419157522
2017-02-17,65.6922120372887
2017-02-18,65.05596785290818
2017-02-20,64.3401931454801
2017-02-21,63.38582686890932
2017-02-22,63.8630100071947
2017-02-23,64.65831523767035
2017-02-24,64.49925419157522
2017-03-01,63.54488791500445
2017-03-02,62.988174253671495
2017-03-03,62.19286902319585
2017-03-06,62.90864373062392
2017-03-07,62.272399546243406
2017-03-08,61.63615536186289
2017-03-09,61.63615536186289
2017-03-10,61.954277454053155
2017-03-13,62.67005216148123
2017-03-14,63.38582686890932
2017-03-15,62.82911320757636
2017-03-16,62.5109911153861
2017-03-17,62.90864373062392
2017-03-20,64.18113209938497
2017-03-21,64.49925419157522
2017-03-22,64.1016015763374
2017-03-23,63.62441843805201
2017-03-24,62.033807977100714
2017-03-27,61.39756379272019
2017-03-28,61.1589722235775
2017-03-29,62.90864373062392
2017-03-30,62.35193006929098
2017-03-31,61.87474693100558
2017-04-05,62.033807977100714
2017-04-06,60.125075423959146
2017-04-07,59.5683617626262
2017-04-10,59.3297701934835
2017-04-11,58.375403916912724
2017-04-12,57.9777513016749
2017-04-13,58.136812347770025
2017-04-14,56.86432397900899
2017-04-17,56.78479345596143
2017-04-18,57.9777513016749
2017-04-19,59.25023967043594
2017-04-20,59.72742280872132
2017-04-21,60.9203806544348
2017-04-24,62.35193006929098
2017-04-25,63.14723529976663
2017-04-26,64.02207105328984
2017-04-27,64.1016015763374
2017-04-28,65.21502889900331
2017-05-02,63.067704776719054
2017-05-03,62.82911320757636
2017-05-04,63.22676582281419
2017-05-05,62.5109911153861
2017-05-08,62.43146059233854
2017-05-09,61.39756379272019
2017-05-10,64.18113209938497
2017-05-11,63.54488791500445
2017-05-12,64.5787847146228
2017-05-15,71.02075708147555
2017-05-16,69.66873818966695
2017-05-17,69.3506160974767
2017-05-18,68.95296348223887
2017-05-19,70.2254518509999
2017-05-22,69.112024528334
2017-05-23,67.60094459043026
2017-05-24,68.07812772871564
2017-05-25,69.27108557442912
2017-05-26,70.86169603538042
2017-05-31,70.38451289709504
2017-06-01,70.7026349892853
2017-06-02,70.4640434201426
2017-06-03,71.25934865061825
2017-06-05,70.38451289709504
2017-06-06,69.50967714357184
2017-06-07,67.20329197519244
2017-06-08,70.62310446623773
2017-06-09,69.19155505138157
2017-06-12,67.83953615957296
2017-06-13,67.60094459043026
2017-06-14,65.453620468146
2017-06-15,66.01033412947896
2017-06-16,67.12376145214488
2017-06-19,66.88516988300218
2017-06-20,66.64657831385948
2017-06-21,67.99859720566809
2017-06-22,68.23718877481078
2017-06-23,67.83953615957296
2017-06-26,68.23718877481078
2017-06-27,68.71437191309617
2017-06-28,67.76000563652539
2017-06-29,66.24892569862166
2017-06-30,65.21502889900331
2017-07-03,63.62441843805201
2017-07-04,62.033807977100714
2017-07-05,61.556624838815324
2017-07-06,62.5109911153861
2017-07-07,63.78347948414714
2017-07-10,62.033807977100714
2017-07-11,61.87474693100558
2017-07-12,63.14723529976663
2017-07-13,63.306296345861746
2017-07-14,63.8630100071947
2017-07-17,62.5109911153861
2017-07-18,62.033807977100714
2017-07-19,61.954277454053155
2017-07-20,62.033807977100714
2017-07-21,62.749582684528804
2017-07-24,63.067704776719054
2017-07-25,62.82911320757636
2017-07-26,63.70394896109957
2017-07-27,64.20621399890062
2017-07-28,62.86684056476449
2017-07-31,63.11797308366502
2017-08-01,62.531997206230464
2017-08-02,64.37363567816764
2017-08-03,63.620238121466066
2017-08-04,66.38269582937183
2017-08-07,67.38722590497393
2017-08-08,66.38269582937183
2017-08-09,65.96414163120428
2017-08-10,63.78765980073309
2017-08-11,63.70394896109957
2017-08-14,62.86684056476449
2017-08-15,63.620238121466066
2017-08-16,65.1270332348692
2017-08-17,65.46187659340325
2017-08-18,65.21074407450273
2017-08-21,64.87590071596868
2017-08-22,65.96414163120428
2017-08-23,65.54558743303674
2017-08-24,66.63382834827235
2017-08-25,66.63382834827235
2017-08-28,69.39628605617813
2017-08-29,70.48452697141373
2017-08-30,72.15874376408388
2017-08-31,71.48905704701582
2017-09-01,72.82843048115194
2017-09-04,74.25151475492159
2017-09-05,74.83749063235614
2017-09-06,74.25151475492159
2017-09-07,72.57729796225142
2017-09-08,74.08409307565456
2017-09-11,72.91214132078545
2017-09-12,72.4098762829844
2017-09-13,72.99585216041896
2017-09-14,72.82843048115194
2017-09-15,72.34895809613613
2017-09-18,73.46201898992284
2017-09-19,72.77705843990024
2017-09-20,72.9482985774059
2017-09-21,74.48945981495672
2017-09-22,73.20515878366436
2017-09-25,71.920857752372
2017-09-26,70.89341692733812
2017-09-27,72.9482985774059
2017-09-28,73.29077885241719
2017-09-29,73.29077885241719
2017-09-30,73.29077885241719
2017-10-02,75.34566050248496
2017-10-03,75.0888002962265
2017-10-05,76.03062105250756
2017-10-06,75.43128057123778
2017-10-11,75.00318022747366
2017-10-12,76.11624112126039
2017-10-13,77.91426256506968
2017-10-16,77.40054215255273
2017-10-17,75.43128057123778
2017-10-18,76.11624112126039
2017-10-19,77.40054215255273
2017-10-20,76.88682174003578
2017-10-23,82.7089864152278
2017-10-24,83.56518710275604
2017-10-25,87.3324701278803
2017-10-26,89.47297184670089
2017-10-27,86.04816909658794
2017-10-30,86.47626944035206
2017-10-31,88.18867081540853
2017-11-01,87.76057047164441
2017-11-02,86.04816909658794
2017-11-03,87.76057047164441
2017-11-06,88.18867081540853
2017-11-07,86.90436978411617
2017-11-08,86.47626944035206
2017-11-09,84.76386806529558
2017-11-10,87.3324701278803
2017-11-13,84.76386806529558
2017-11-14,86.04816909658794
2017-11-15,86.04816909658794
2017-11-16,92.46967425304973
2017-11-17,94.1820756281062
2017-11-20,91.18537322175737
2017-11-21,91.18537322175737
2017-11-22,90.32917253422913
2017-11-23,88.61677115917266
2017-11-24,89.47297184670089
2017-11-27,88.61677115917266
2017-11-28,88.61677115917266
2017-11-29,92.0415739092856
2017-11-30,89.04487150293677
2017-12-01,83.56518710275604
2017-12-04,81.42468538393544
2017-12-05,77.74302242756403
2017-12-06,77.05806187754143
2017-12-07,75.34566050248496
2017-12-08,76.62996153377732
2017-12-11,79.11294352760922
2017-12-12,77.9998826338225
2017-12-13,77.82864249631686
2017-12-14,79.36980373386768
2017-12-15,78.42798297758661
2017-12-18,79.71228400887897
2017-12-19,79.7979040776318
2017-12-20,81.33906531518262
2017-12-21,79.7979040776318
2017-12-22,79.96914421513745
2017-12-25,80.73972483391286
2017-12-26,77.40054215255273
2017-12-27,83.22270682774476
2017-12-28,82.19526600271087
2017-12-29,84.33576772153147
2018-01-02,86.47626944035206
2018-01-03,0.0
2018-01-04,95.03827631563443
2018-01-05,92.89777459681385
2018-01-08,89.90107219046502
2018-01-09,86.90436978411617
2018-01-10,86.47626944035206
2018-01-11,86.90436978411617
2018-01-12,85.27758847781251
2018-01-15,83.47956703400322
2018-01-16,84.25014765277864
2018-01-17,83.73642724026169
2018-01-18,84.1645275840258
2018-01-19,84.93510820280123
2018-01-22,87.76057047164441
2018-01-23,85.534448684071
2018-01-24,85.02072827155405
2018-01-25,83.90766737776734
2018-01-26,81.85278572769957
2018-01-29,83.05146669023911
2018-01-30,83.13708675899193
2018-01-31,83.22270682774476
2018-02-01,82.62336634647498
2018-02-02,82.36650614021652
2018-02-05,80.99658504017133
2018-02-06,75.26004043373214
2018-02-07,75.26004043373214
2018-02-08,75.77376084624908
2018-02-09,74.83194008996803
2018-02-12,74.14697953994542
2018-02-21,75.60252070874343
2018-02-22,80.73972483391286
2018-02-23,81.16782517767697
2018-02-26,82.28088607146368
2018-02-27,82.36650614021652
2018-03-01,83.47956703400322
2018-03-02,83.47956703400322
2018-03-05,81.9384057964524
2018-03-06,82.7089864152278
2018-03-07,80.73972483391286
2018-03-08,80.31162449014874
2018-03-09,82.62336634647498
2018-03-12,81.08220510892416
2018-03-13,80.73972483391286
2018-03-14,80.39724455890158
2018-03-15,83.90766737776734
2018-03-16,82.19526600271087
2018-03-19,81.9384057964524
2018-03-20,83.39394696525041
2018-03-21,84.59262792778993
2018-03-22,86.04816909658794
2018-03-23,89.04487150293677
2018-03-26,89.90107219046502
2018-03-27,90.32917253422913
2018-03-28,88.18867081540853
2018-03-29,89.04487150293677
2018-03-30,91.18537322175737
2018-03-31,96.32257734692679
2018-04-02,90.75727287799324
2018-04-03,87.76057047164441
2018-04-09,86.90436978411617
2018-04-10,88.18867081540853
2018-04-11,86.90436978411617
2018-04-12,86.47626944035206
2018-04-13,86.47626944035206
2018-04-16,92.46967425304973
2018-04-17,89.04487150293677
2018-04-18,97.60687837821915
2018-04-19,103.60028319091683
2018-04-20,98.89117940951151
2018-04-23,99.74738009703975
2018-04-24,89.90107219046502
2018-04-25,82.62336634647498
2018-04-26,77.65740235881121
2018-04-27,83.39394696525041
2018-04-30,79.36980373386768
2018-05-02,80.22600442139593
2018-05-03,77.57178229005838
2018-05-04,80.73972483391286
2018-05-07,86.47626944035206
2018-05-08,85.62006875282381
2018-05-09,85.534448684071
2018-05-10,93.75397528434208
2018-05-11,89.04487150293677
2018-05-14,97.17877803445504
2018-05-15,94.1820756281062
2018-05-16,98.03497872198328
2018-05-17,94.61017597187032
2018-05-18,94.61017597187032
2018-05-21,102.31598215962447
2018-05-22,109.16558765985037
2018-05-23,105.3126845659733
2018-05-24,115.58709281631215
2018-05-25,127.14580209794337
2018-05-28,139.56071206710283
2018-05-29,139.98881241086696
2018-05-30,136.56400966075398
2018-05-31,136.9921100045181
2018-06-01,139.56071206710283
2018-06-04,145.12601653603636
2018-06-05,141.70121378592341
2018-06-06,148.55081928614933
2018-06-07,149.8351203174417
2018-06-08,150.2632206612058
2018-06-11,165.24673269294996
2018-06-12,171.24013750564762
2018-06-13,155.40042478637523
2018-06-14,156.68472581766758
2018-06-15,154.544224098847
2018-06-19,148.1227189423852
2018-06-20,0.0
2018-06-21,148.1227189423852
2018-06-22,137.84831069204634
2018-06-25,146.41031756732872
2018-06-26,153.68802341131877
2018-06-27,150.2632206612058
2018-06-28,147.69461859862108
2018-06-29,152.8318227237905
2018-07-02,164.39053200542173
2018-07-03,154.97232444261113
2018-07-04,154.544224098847
2018-07-05,153.6353950016541
2018-07-06,144.97987979029332
2018-07-09,141.08489794518096
2018-07-10,148.0093101142696
2018-07-11,145.8454313114294
2018-07-12,157.09760108619844
2018-07-13,158.39592836790254
2018-07-16,154.06817076222214
2018-07-17,149.74041315654173
2018-07-18,141.95044946631702
2018-07-19,134.59326153666035
2018-07-20,121.60998871961917
2018-07-23,123.77386752245937
2018-07-24,125.07219480416349
2018-07-25,123.34109176189132
2018-07-26,128.96717664927584
2018-07-27,128.5344008887078
2018-07-30,115.98390383223465
2018-07-31,109.92504318428209
2018-08-01,112.08892198712229
2018-08-02,103.00063101519346
2018-08-03,106.46283709973777
2018-08-06,103.86618253632953
2018-08-07,109.05949166314602
2018-08-08,102.56785525462541
2018-08-09,103.86618253632953
2018-08-10,98.67287340951306
2018-08-13,89.15180667701618
2018-08-14,90.88290971928835
2018-08-15,88.71903091644815
2018-08-16,92.18123700099247
2018-08-17,91.74846124042442
2018-08-20,95.64344308553679
2018-08-21,93.91234004326462
2018-08-22,92.18123700099247
2018-08-23,87.42070363474403
2018-08-24,89.15180667701618
2018-08-27,97.80732188837698
2018-08-28,94.34511580383266
2018-08-29,96.50899460667286
2018-08-30,95.64344308553679
2018-08-31,96.07621884610482
2018-09-03,87.42070363474403
2018-09-04,91.74846124042442
2018-09-05,89.15180667701618
2018-09-06,86.98792787417598
2018-09-07,80.06351570508735
2018-09-10,78.33241266281519
2018-09-11,79.19796418395127
2018-09-12,76.25508901208859
2018-09-13,77.03408538111107
2018-09-14,81.10217753045065
2018-09-17,82.66017026849559
2018-09-18,78.50552296704241
2018-09-19,78.41896781492879
2018-09-20,80.06351570508735
2018-09-21,84.65093876710857
2018-09-25,87.42070363474403
2018-09-26,85.42993513613105
2018-09-27,83.09294602906363
2018-09-28,81.01562237833703
2018-10-01,80.582846617769
2018-10-02,77.98619205436076
2018-10-03,75.64920294729335
2018-10-12,92.6140127615605
2018-10-15,85.86271089669908
2018-10-16,84.65093876710857
2018-10-17,81.62150844313229
2018-10-18,78.33241266281519
2018-10-19,71.32144534161296
2018-10-22,75.73575809940695
2018-10-23,72.36010716697623
2018-10-24,72.01388655852182
2018-10-25,66.64746712747812
2018-10-26,67.08024288804616
2018-10-29,68.03234956129585
2018-10-30,61.54071315277525
2018-10-31,64.48358832463792
2018-11-01,69.93656290779522
2018-11-02,71.32144534161296
2018-11-05,73.48532414445316
2018-11-06,67.94579440918224
2018-11-07,70.54244897259048
2018-11-08,70.97522473315851
2018-11-09,70.54244897259048
2018-11-12,67.16679804015976
2018-11-13,67.51301864861419
2018-11-14,65.95502591056926
2018-11-15,67.25335319227338
2018-11-16,67.25335319227338
2018-11-19,69.6768974514544
2018-11-20,69.07101138665914
2018-11-21,70.54244897259048
2018-11-22,68.6382356260911
2018-11-23,68.5516804739775
2018-11-26,70.45589382047687
2018-11-27,71.75422110218099
2018-11-28,74.52398596981644
2018-11-29,72.87943807965789
2018-11-30,73.83154475290758
2018-12-03,81.18873268256425
2018-12-04,84.73749391922219
2018-12-05,84.13160785442693
2018-12-06,75.73575809940695
2018-12-07,76.94753022899746
2018-12-10,70.7155592768177
2018-12-11,71.58111079795377
2018-12-12,73.65843444868035
2018-12-13,71.9273314064082
2018-12-14,73.31221384022594
2018-12-17,74.0912102092484
2018-12-18,74.35087566558923
2018-12-19,73.05254838388511
2018-12-20,72.27355201486263
2018-12-21,72.70632777543068
2018-12-22,72.44666231908985
2018-12-24,72.96599323177149
2018-12-25,70.97522473315851
2018-12-26,68.37857016975028
2018-12-27,68.81134593031832
2018-12-28,67.94579440918224
2019-01-02,68.03234956129585
2019-01-03,66.73402227959173
2019-01-04,64.74325378097875
2019-01-07,66.30124651902368
2019-01-08,67.51301864861419
2019-01-09,69.24412169088636
2019-01-10,68.81134593031832
2019-01-11,68.46512532186388
2019-01-14,67.5995738007278
2019-01-15,69.15756653877276
2019-01-16,69.763452603568
2019-01-17,69.50378714722719
2019-01-18,71.32144534161296
2019-01-21,71.23489018949934
2019-01-22,70.10967321202244
2019-01-23,70.10967321202244
2019-01-24,69.93656290779522
2019-01-25,71.49455564584017
2019-01-28,71.40800049372656
2019-01-29,71.23489018949934
2019-01-30,71.14833503738573
2019-02-11,70.8021144289313
2019-02-12,73.57187929656675
2019-02-13,80.23662600931456
2019-02-14,78.76518842338324
2019-02-15,77.55341629379272
2019-02-18,78.76518842338324
2019-02-19,79.6307399445193
2019-02-20,79.6307399445193
2019-02-21,80.32318116142817
2019-02-22,79.71729509663291
2019-02-25,79.97696055297375
2019-02-26,80.40973631354179
2019-02-27,76.51475446842943
2019-03-04,77.72652659801993
2019-03-05,76.168533859975
2019-03-06,76.168533859975
2019-03-07,74.0912102092484
2019-03-08,74.95676173038447
2019-03-11,74.78365142615728
2019-03-12,74.43743081770283
2019-03-13,74.69709627404366
2019-03-14,75.38953749095252
2019-03-15,77.20719568533829
2019-03-18,77.55341629379272
2019-03-19,77.12064053322467
2019-03-20,77.46686114167912
2019-03-21,77.46686114167912
2019-03-22,78.24585751070158
2019-03-25,76.94753022899746
2019-03-26,77.03408538111107
2019-03-27,78.33241266281519
2019-03-28,77.63997144590633
2019-03-29,77.72652659801993
2019-04-01,77.2937508374519
2019-04-02,77.89963690224715
2019-04-03,79.71729509663291
2019-04-08,79.80385024874653
2019-04-09,87.42070363474403
2019-04-10,88.71903091644815
2019-04-11,86.98792787417598
2019-04-12,87.42070363474403
2019-04-15,89.15180667701618
2019-04-16,89.15180667701618
2019-04-17,92.18123700099247
2019-04-18,89.15180667701618
2019-04-19,93.47956428269659
2019-04-22,94.7778915644007
2019-04-23,93.04678852212854
2019-04-24,89.58458243758423
2019-04-25,88.71903091644815
2019-04-26,88.71903091644815
2019-04-29,83.61227694174528
2019-04-30,84.997159375563
2019-05-02,85.51649028824465
2019-05-03,86.38204180938072
2019-05-06,84.13160785442693
2019-05-07,85.0837145276766
2019-05-08,82.83328057272281
2019-05-09,79.6307399445193
2019-05-10,78.59207811915601
2019-05-13,75.56264779517973
2019-05-14,75.90886840363417
2019-05-15,79.11140903183767
2019-05-16,77.63997144590633
2019-05-17,75.90886840363417
2019-05-20,75.04331688249809
2019-05-21,76.34164416420221
2019-05-22,75.99542355574778
2019-05-23,71.75422110218099
2019-05-24,71.32144534161296
2019-05-27,70.8021144289313
2019-05-28,72.44666231908985
2019-05-29,72.44666231908985
2019-05-30,71.14833503738573
2019-05-31,71.8407762542946
2019-06-03,70.97522473315851
2019-06-04,70.97522473315851
2019-06-05,70.19622836413605
2019-06-06,68.98445623454553
2019-06-10,71.32144534161296
2019-06-11,71.75422110218099
2019-06-12,72.01388655852182
2019-06-13,71.58111079795377
2019-06-14,71.75422110218099
2019-06-17,73.65843444868035
2019-06-18,73.31221384022594
2019-06-19,74.87020657827087
2019-06-20,77.2937508374519
2019-06-21,77.03408538111107
2019-06-24,77.55341629379272
2019-06-25,76.168533859975
2019-06-26,76.86097507688386
2019-06-27,78.24585751070158
2019-06-28,78.59207811915601
2019-07-01,81.88117389947311
2019-07-02,81.44839813890508
2019-07-03,81.10217753045065
2019-07-04,83.83680934777654
2019-07-05,84.30992903935541
2019-07-08,84.02605722440809
2019-07-09,82.70132208798725
2019-07-10,83.2690657178819
2019-07-11,83.45831359451344
2019-07-12,83.83680934777654
2019-07-15,82.89056996461879
2019-07-16,83.2690657178819
2019-07-17,82.60669814967147
2019-07-18,79.57873212356667
2019-07-19,79.76798000019822
2019-07-22,79.4841081852509
2019-07-23,79.95722787682978
2019-07-24,80.6195954450402
2019-07-25,80.90346725998752
2019-07-26,80.43034756840865
2019-07-29,80.05185181514554
2019-07-30,80.80884332167176
2019-07-31,79.95722787682978
2019-08-01,79.29486030861935
2019-08-02,76.64539003577765
2019-08-05,75.3206548993568
2019-08-06,74.27979157788329
2019-08-07,70.87332979851539
2019-08-08,72.29268887325202
2019-08-12,73.23892825640976
2019-08-13,71.25182555177848
2019-08-14,70.87332979851539
2019-08-15,68.41310740230523
2019-08-16,70.30558616862074
2019-08-19,71.25182555177848
2019-08-20,71.25182555177848
2019-08-21,71.34644949009426
2019-08-22,69.54859466209454
2019-08-23,71.34644949009426
2019-08-26,68.79160315556834
2019-08-27,68.79160315556834
2019-08-28,69.64321860041031
2019-08-29,69.83246647704186
2019-08-30,74.46903945451483
2019-09-02,74.46903945451483
2019-09-03,74.5636633928306
2019-09-04,74.27979157788329
2019-09-05,74.84753520777792
2019-09-06,76.26689428251454
2019-09-09,78.15937304883005
2019-09-10,77.97012517219851
2019-09-11,77.87550123388273
2019-09-12,77.87550123388273
2019-09-16,78.3486209254616
2019-09-17,79.95722787682978
2019-09-18,80.14647575346133
2019-09-19,80.43034756840865
2019-09-20,79.57873212356667
2019-09-23,79.1056124319878
2019-09-24,78.3486209254616
2019-09-25,77.2131336656723
2019-09-26,78.53786880209316
2019-09-27,79.29486030861935
2019-10-01,82.32282633472414
2019-10-02,81.56583482819795
2019-10-03,80.05185181514554
2019-10-04,79.76798000019822
2019-10-07,80.71421938335597
2019-10-08,79.29486030861935
2019-10-09,78.44324486377738
2019-10-14,80.43034756840865
2019-10-15,85.16154448419739
2019-10-16,83.647561471145
2019-10-17,83.2690657178819
2019-10-18,83.74218540946077
2019-10-21,84.12068116272387
2019-10-22,84.49917691598696
2019-10-23,83.647561471145
2019-10-24,84.21530510103965
2019-10-25,83.2690657178819
2019-10-28,82.41745027303992
2019-10-29,81.66045876651371
2019-10-30,82.32282633472414
2019-10-31,81.3765869515664
2019-11-01,80.71421938335597
2019-11-04,81.66045876651371
2019-11-05,82.79594602630301
2019-11-06,85.63466417577627
2019-11-07,83.647561471145
2019-11-08,84.30992903935541
2019-11-11,81.3765869515664
2019-11-12,85.16154448419739
2019-11-13,83.2690657178819
2019-11-14,83.36368965619766
2019-11-15,84.21530510103965
2019-11-18,83.83680934777654
2019-11-19,85.63466417577627
2019-11-20,85.63466417577627
2019-11-21,86.10778386735514
2019-11-22,85.16154448419739
2019-11-25,86.77015143556557
2019-11-26,87.81101475703909
2019-11-27,93.58307499430136
2019-11-28,94.62393831577488
2019-11-29,91.40672441303853
2019-12-02,94.62393831577488
2019-12-03,97.46265646524813
2019-12-04,97.46265646524813
2019-12-05,98.40889584840588
2019-12-06,98.40889584840588
2019-12-09,98.88201553998475
2019-12-10,97.46265646524813
2019-12-11,97.935776156827
2019-12-12,96.51641708209038
2019-12-13,95.09705800735375
2019-12-16,100.77449430630024
2019-12-17,101.24761399787913
2019-12-18,100.30137461472137
2019-12-19,102.66697307261575
2019-12-20,106.45193060524674
2019-12-23,107.87128967998336
2019-12-24,110.71000782945661
2019-12-25,119.22616227787636
2019-12-26,118.2799228947186
2019-12-27,119.69928196945523
2019-12-30,123.01111981050734
2019-12-31,121.11864104419185
2020-01-02,123.01111981050734
2020-01-03,128.68855610945383
2020-01-06,123.9573591936651
2020-01-07,115.91432443682423
2020-01-08,116.86056381998198
2020-01-09,114.96808505366648
2020-01-10,114.02184567050872
2020-01-13,115.44120474524536
2020-01-14,126.32295765155946
2020-01-15,121.59176073577072
2020-01-16,125.37671826840172
2020-01-17,125.84983795998059
2020-01-20,125.84983795998059
2020-01-30,113.54872597892985
2020-01-31,111.65624721261436
2020-02-03,114.49496536208761
2020-02-04,118.75304258629747
2020-02-05,115.91432443682423
2020-02-06,119.22616227787636
2020-02-07,117.80680320313972
2020-02-10,116.3874441284031
2020-02-11,123.01111981050734
2020-02-12,124.90359857682284
2020-02-13,122.06488042734959
2020-02-14,124.43047888524397
2020-02-17,120.64552135261297
2020-02-18,118.2799228947186
2020-02-19,116.3874441284031
2020-02-20,116.86056381998198
2020-02-21,119.69928196945523
2020-02-24,118.75304258629747
2020-02-25,118.75304258629747
2020-02-26,112.12936690419323
2020-02-27,101.24761399787913
2020-03-02,102.19385338103687
2020-03-03,105.03257153051011
2020-03-04,104.55945183893124
2020-03-05,105.505691222089
2020-03-06,102.19385338103687
2020-03-09,96.0432973905115
2020-03-10,94.24544256251177
2020-03-11,94.150818624196
2020-03-12,86.20240780567092
2020-03-13,86.10778386735514
2020-03-16,78.06474911051427
2020-03-17,74.65828733114638
2020-03-18,70.49483404525229
2020-03-19,63.49266260988494
2020-03-20,68.12923558735791
2020-03-23,65.29051743788467
2020-03-24,70.02171435367342
2020-03-25,74.37441551619905
2020-03-26,76.26689428251454
2020-03-27,74.84753520777792
2020-03-30,74.9421591460937
2020-03-31,76.4561421591461
2020-04-01,77.49700548061963
2020-04-06,80.2410996917771
2020-04-07,86.48627962061825
2020-04-08,95.09705800735375
2020-04-09,89.9873653383019
2020-04-10,90.46048502988079
2020-04-13,89.41962170840726
2020-04-14,91.50134835135431
2020-04-15,97.46265646524813
2020-04-16,97.935776156827
2020-04-17,94.62393831577488
2020-04-20,96.51641708209038
2020-04-21,92.16371591956474
2020-04-22,94.52931437745912
2020-04-23,93.58307499430136
2020-04-24,94.62393831577488
2020-04-27,99.35513523156362
2020-04-28,98.88201553998475
2020-04-29,98.88201553998475
2020-04-30,100.30137461472137
2020-05-04,98.88201553998475
2020-05-05,101.720733689458
2020-05-06,101.720733689458
2020-05-07,102.19385338103687
2020-05-08,100.30137461472137
2020-05-11,103.14009276419462
2020-05-12,100.30137461472137
2020-05-13,99.35513523156362
2020-05-14,94.24544256251177
2020-05-15,93.39382711766982
2020-05-18,90.83898078314388
2020-05-19,93.0153313644067
2020-05-20,93.96157074756445
2020-05-21,96.98953677366926
2020-05-22,94.52931437745912
2020-05-25,94.62393831577488
2020-05-26,93.0153313644067
2020-05-27,92.73145954945939
2020-05-28,90.74435684482812
2020-05-29,90.46048502988079
2020-06-01,94.150818624196
2020-06-02,92.44758773451206
2020-06-03,94.05619468588024
2020-06-04,96.98953677366926
2020-06-05,95.09705800735375
2020-06-08,94.05619468588024
2020-06-09,93.20457924103826
2020-06-10,93.48845105598558
2020-06-11,90.74435684482812
2020-06-12,89.04112595514415
2020-06-15,87.24327112714444
2020-06-16,89.41962170840726
2020-06-17,88.66263020188107
2020-06-18,89.13574989345994
2020-06-19,88.56800626356528
2020-06-22,89.32499777009149
2020-06-23,89.41962170840726
2020-06-24,89.41962170840726
2020-06-29,87.432519003776
2020-06-30,85.16154448419739
2020-07-01,86.67552749724979
2020-07-02,87.24327112714444
2020-07-03,86.67552749724979
2020-07-06,89.23037383177571
2020-07-07,90.2803738317757
2020-07-08,90.2803738317757
2020-07-09,89.00467289719626
2020-07-10,87.14018691588785
2020-07-13,89.49532710280374
2020-07-14,87.9252336448598
2020-07-15,87.33644859813084
2020-07-16,88.61214953271028
2020-07-17,87.63084112149532
2020-07-20,87.33644859813084
2020-07-21,89.10280373831776
2020-07-22,92.83177570093457
2020-07-23,93.61682242990655
2020-07-24,90.3785046728972
2020-07-27,91.35981308411215
2020-07-28,87.63084112149532
2020-07-29,87.14018691588785
2020-07-30,88.80841121495327
2020-07-31,92.04672897196261
2020-08-03,94.99065420560747
2020-08-04,95.57943925233646
2020-08-05,101.56542056074767
2020-08-06,102.54672897196262
2020-08-07,103.52803738317758
2020-08-10,100.58411214953271
2020-08-11,101.56542056074767
2020-08-12,101.56542056074767
2020-08-13,101.07476635514018
2020-08-14,105.98130841121495
2020-08-17,105.0
2020-08-18,101.56542056074767
2020-08-19,99.11214953271028
2020-08-20,90.86915887850466
2020-08-21,92.4392523364486
2020-08-24,92.04672897196261
2020-08-25,94.89252336448598
2020-08-26,94.79439252336448
2020-08-27,95.08878504672897
2020-08-28,96.6588785046729
2020-08-31,96.85514018691589
2020-09-01,97.24766355140186
2020-09-02,97.24766355140186
2020-09-03,97.24766355140186
2020-09-04,95.97196261682242
2020-09-07,94.20560747663552
2020-09-08,94.69626168224299
2020-09-09,95.08878504672897
2020-09-10,93.81308411214953
2020-09-11,92.83177570093457
2020-09-14,95.48130841121495
2020-09-15,94.79439252336448
2020-09-16,94.69626168224299
2020-09-17,99.11214953271028
2020-09-18,98.6214953271028
2020-09-21,96.75700934579439
2020-09-22,95.08878504672897
2020-09-23,94.69626168224299
2020-09-24,92.04672897196261
2020-09-25,89.49532710280374
2020-09-28,92.24299065420561
2020-09-29,95.18691588785046
2020-09-30,97.05140186915888
2020-10-05,98.6214953271028
2020-10-06,99.11214953271028
2020-10-07,98.6214953271028
2020-10-08,98.6214953271028
2020-10-12,96.75700934579439
2020-10-13,97.44392523364486
2020-10-14,98.13084112149532
2020-10-15,98.6214953271028
2020-10-16,100.09345794392523
2020-10-19,104.50934579439253
2020-10-20,103.03738317757009
2020-10-21,102.54672897196262
2020-10-22,101.56542056074767
2020-10-23,102.05607476635514
2020-10-26,103.52803738317758
2020-10-27,102.54672897196262
2020-10-28,99.60280373831776
2020-10-29,100.58411214953271
2020-10-30,103.52803738317758
2020-11-02,104.01869158878505
2020-11-03,111.86915887850468
2020-11-04,116.77570093457943
2020-11-05,113.83177570093459
2020-11-06,113.83177570093459
2020-11-09,114.81308411214954
2020-11-10,114.81308411214954
2020-11-11,115.30373831775701
2020-11-12,112.85046728971963
2020-11-13,113.83177570093459
2020-11-16,114.32242990654206
2020-11-17,112.85046728971963
2020-11-18,115.79439252336448
2020-11-19,119.22897196261682
2020-11-20,124.62616822429906
2020-11-23,124.62616822429906
2020-11-24,125.60747663551402
2020-11-25,121.6822429906542
2020-11-26,126.09813084112149
2020-11-27,127.07943925233644
2020-11-30,129.53271028037383
2020-12-01,129.04205607476635
2020-12-02,127.57009345794393
2020-12-03,131.00467289719626
2020-12-04,129.53271028037383
2020-12-07,126.58878504672897
2020-12-08,129.04205607476635
2020-12-09,132.47663551401868
2020-12-10,127.57009345794393
2020-12-11,125.60747663551402
2020-12-14,123.64485981308411
2020-12-15,116.77570093457943
2020-12-16,120.70093457943925
2020-12-17,120.21028037383178
2020-12-18,115.79439252336448
2020-12-21,116.28504672897196
2020-12-22,115.30373831775701
2020-12-23,117.75700934579439
2020-12-24,115.79439252336448
2020-12-25,111.3785046728972
2020-12-28,106.96261682242991
2020-12-29,110.39719626168224
2020-12-30,112.85046728971963
2020-12-31,109.90654205607477
2021-01-04,108.43457943925233
2021-01-05,108.92523364485982
2021-01-06,105.49065420560747
2021-01-07,111.86915887850468
2021-01-08,111.3785046728972
2021-01-11,110.39719626168224
2021-01-12,106.96261682242991
2021-01-13,109.90654205607477
2021-01-14,112.85046728971963
2021-01-15,108.43457943925233
2021-01-18,106.96261682242991
2021-01-19,106.96261682242991
2021-01-20,102.05607476635514
2021-01-21,101.07476635514018
2021-01-22,104.01869158878505
2021-01-25,104.50934579439253
2021-01-26,101.56542056074767
2021-01-27,100.09345794392523
2021-01-28,102.05607476635514
2021-01-29,99.11214953271028
2021-02-01,100.58411214953271
2021-02-02,101.07476635514018
2021-02-03,101.56542056074767
2021-02-04,101.56542056074767
2021-02-05,100.58411214953271
2021-02-17,105.0
2021-02-18,104.50934579439253
2021-02-19,103.52803738317758
2021-02-22,105.49065420560747
2021-02-23,106.47196261682242
2021-02-24,104.50934579439253
2021-02-25,108.92523364485982
2021-02-26,109.90654205607477
2021-03-02,106.96261682242991
2021-03-03,106.96261682242991
2021-03-04,107.94392523364486
2021-03-05,105.0
2021-03-08,102.05607476635514
2021-03-09,102.54672897196262
2021-03-10,103.03738317757009
2021-03-11,106.47196261682242
2021-03-12,104.01869158878505
2021-03-15,103.03738317757009
2021-03-16,105.49065420560747
2021-03-17,105.0
2021-03-18,104.50934579439253
2021-03-19,105.49065420560747
2021-03-22,105.98130841121495
2021-03-23,105.98130841121495
2021-03-24,107.94392523364486
2021-03-25,108.43457943925233
2021-03-26,108.43457943925233
2021-03-29,108.43457943925233
2021-03-30,106.96261682242991
2021-03-31,105.98130841121495
2021-04-01,105.98130841121495
2021-04-06,107.45327102803738
2021-04-07,108.43457943925233
2021-04-08,110.88785046728972
2021-04-09,109.41588785046729
2021-04-12,106.96261682242991
2021-04-13,105.0
2021-04-14,103.03738317757009
2021-04-15,103.52803738317758
2021-04-16,103.03738317757009
2021-04-19,104.50934579439253
2021-04-20,106.47196261682242
2021-04-21,106.47196261682242
2021-04-22,102.05607476635514
2021-04-23,104.01869158878505
2021-04-26,105.0
2021-04-27,107.45327102803738
2021-04-28,109.41588785046729
2021-04-29,108.92523364485982
2021-05-03,104.01869158878505
2021-05-04,100.09345794392523
2021-05-05,98.6214953271028
2021-05-06,98.13084112149532
2021-05-07,102.54672897196262
2021-05-10,100.09345794392523
2021-05-11,94.30373831775701
2021-05-12,89.29906542056075
2021-05-13,89.10280373831776
2021-05-14,89.69158878504673
2021-05-17,84.68691588785046
2021-05-18,89.59345794392523
2021-05-19,89.88785046728971
2021-05-20,89.29906542056075
2021-05-21,90.57476635514018
2021-05-24,91.06542056074765
2021-05-25,92.73364485981308
2021-05-26,96.75700934579439
2021-05-27,97.14953271028037
2021-05-28,97.14953271028037
2021-05-31,97.73831775700934
2021-06-01,98.6214953271028
2021-06-02,96.75700934579439
2021-06-03,96.6588785046729
2021-06-04,95.57943925233646
2021-06-07,95.18691588785046
2021-06-08,95.67757009345794
2021-06-09,93.51869158878505
2021-06-10,95.57943925233646
2021-06-11,94.79439252336448
2021-06-15,97.05140186915888
2021-06-16,96.16822429906541
2021-06-17,99.60280373831776
2021-06-18,98.13084112149532
2021-06-21,95.87383177570094
2021-06-22,96.6588785046729
2021-06-23,98.6214953271028
2021-06-24,98.6214953271028
2021-06-25,98.6214953271028
2021-06-28,99.11214953271028
2021-06-29,99.11214953271028
2021-06-30,0.0
2021-07-01,104.01869158878505
2021-07-02,104.01869158878505
2021-07-05,106.47196261682242
2021-07-06,112.85046728971963
2021-07-07,114.81308411214954
2021-07-08,113.83177570093459
2021-07-09,113.3411214953271
2021-07-12,113.83177570093459
2021-07-13,112.35981308411215
2021-07-14,112.35981308411215
2021-07-15,113.3411214953271
2021-07-16,110.39719626168224
2021-07-19,111.3785046728972
2021-07-20,108.43457943925233
2021-07-21,110.39719626168224
2021-07-22,111.86915887850468
2021-07-23,111.3785046728972
2021-07-26,112.85046728971963
2021-07-27,109.90654205607477
2021-07-28,106.96261682242991
2021-07-29,107.94392523364486
2021-07-30,105.0
2021-08-02,105.98130841121495
2021-08-03,105.98130841121495
2021-08-04,105.0
2021-08-05,107.0
2021-08-06,107.0
2021-08-09,104.5
2021-08-10,102.5
2021-08-11,102.5
2021-08-12,102.0
2021-08-13,96.4
2021-08-16,94.5
2021-08-17,91.0
2021-08-18,94.9
2021-08-19,87.4
2021-08-20,85.6
2021-08-23,86.7
2021-08-24,87.7
2021-08-25,90.5
2021-08-26,90.7
2021-08-27,93.1
2021-08-30,93.5
2021-08-31,91.8
2021-09-01,93.9
2021-09-02,92.2
2021-09-03,92.7
2021-09-06,92.4
2021-09-07,91.7
2021-09-08,89.1
2021-09-09,91.6
2021-09-10,92.9
2021-09-13,93.0
2021-09-14,92.5
2021-09-15,90.2
2021-09-16,89.3
2021-09-17,90.0
2021-09-22,89.0
2021-09-23,90.2
2021-09-24,90.5
2021-09-27,90.0
2021-09-28,87.8
2021-09-29,85.2
2021-09-30,86.2
2021-10-01,82.3
2021-10-04,80.4
2021-10-05,81.5
2021-10-06,79.1
2021-10-07,81.6
2021-10-08,80.5
2021-10-12,80.6
2021-10-13,78.7
2021-10-14,79.2
2021-10-15,81.6
2021-10-18,81.2
2021-10-19,82.7
2021-10-20,83.4
2021-10-21,82.2
2021-10-22,82.6
2021-10-25,83.6
2021-10-26,84.0
2021-10-27,84.5
2021-10-28,87.0
2021-10-29,86.1
2021-11-01,85.1
2021-11-02,81.3
2021-11-03,83.1
2021-11-04,83.5
2021-11-05,83.8
2021-11-08,83.0
2021-11-09,84.4
2021-11-10,84.7
2021-11-11,84.1
2021-11-12,84.5
2021-11-15,86.8
2021-11-16,86.6
2021-11-17,88.2
2021-11-18,89.2
2021-11-19,90.4
2021-11-22,91.4
2021-11-23,90.7
2021-11-24,91.8
2021-11-25,92.4
2021-11-26,89.5
2021-11-29,90.7
2021-11-30,90.5
2021-12-01,91.8
2021-12-02,91.4
2021-12-03,93.0
2021-12-06,91.8
2021-12-07,90.3
2021-12-08,90.0
2021-12-09,89.6
2021-12-10,88.5
2021-12-13,90.2
2021-12-14,89.6
2021-12-15,89.4
2021-12-16,89.4
2021-12-17,88.1
2021-12-20,88.5
2021-12-21,89.9
2021-12-22,92.8
2021-12-23,94.0
2021-12-24,93.4
2021-12-27,95.2
2021-12-28,94.6
