Price,AdjClose
Ticker,2474.TW
Date,
2001-09-17,2.0376687049865723
2001-09-18,2.0376687049865723
2001-09-19,2.0298736095428467
2001-09-20,2.0464296340942383
2001-09-21,2.063960075378418
2001-09-24,2.1998069286346436
2001-09-25,2.3444151878356934
2001-09-26,2.467108726501465
2001-09-27,2.410142183303833
2001-09-28,2.4364328384399414
2001-10-01,2.4364328384399414
2001-10-02,2.2962098121643066
2001-10-03,2.3969972133636475
2001-10-04,2.3619368076324463
2001-10-05,2.3969972133636475
2001-10-08,2.2480039596557617
2001-10-09,2.3137400150299072
2001-10-10,2.3137400150299072
2001-10-11,2.4189035892486572
2001-10-12,2.3707058429718018
2001-10-15,2.287440299987793
2001-10-16,2.331261157989502
2001-10-17,2.3444151878356934
2001-10-18,2.3049705028533936
2001-10-19,2.4364328384399414
2001-10-22,2.572279930114746
2001-10-23,2.563511848449707
2001-10-24,2.7431800365448
2001-10-25,2.9140784740448
2001-10-26,2.940377712249756
2001-10-29,2.883403778076172
2001-10-30,2.760708808898926
2001-10-31,2.751948356628418
2001-11-01,2.8746418952941895
2001-11-02,3.045541286468506
2001-11-05,3.2295949459075928
2001-11-06,3.045541286468506
2001-11-07,3.168243885040283
2001-11-08,3.1594746112823486
2001-11-09,3.3785781860351562
2001-11-12,3.6108295917510986
2001-11-13,3.4925200939178467
2001-11-14,3.588923454284668
2001-11-15,3.8167881965637207
2001-11-16,3.8562254905700684
2001-11-19,3.8956685066223145
2001-11-20,3.628359317779541
2001-11-21,3.711615800857544
2001-11-22,3.8255574703216553
2001-11-23,3.8956685066223145
2001-11-26,4.04465389251709
2001-11-27,3.978926181793213
2001-11-28,3.9044296741485596
2001-11-29,3.930720329284668
2001-11-30,3.93949031829834
2001-12-03,4.141064167022705
2001-12-04,4.386460304260254
2001-12-05,4.5880351066589355
2001-12-06,4.829044818878174
2001-12-07,4.829044818878174
2001-12-10,5.157707214355469
2001-12-11,5.359281539916992
2001-12-12,5.644113540649414
2001-12-13,5.276023864746094
2001-12-14,5.074448585510254
2001-12-17,4.829044818878174
2001-12-18,4.789608478546143
2001-12-19,4.5880351066589355
2001-12-20,4.750173091888428
2001-12-21,4.627471446990967
2001-12-24,4.789608478546143
2001-12-25,5.035006046295166
2001-12-26,4.951747894287109
2001-12-27,4.627471446990967
2001-12-28,4.710736274719238
2001-12-31,4.91231107711792
2002-01-01,4.91231107711792
2002-01-02,5.157707214355469
2002-01-03,4.951747894287109
2002-01-04,4.91231107711792
2002-01-07,5.236579895019531
2002-01-08,5.359281539916992
2002-01-09,5.722994327545166
2002-01-10,5.8851318359375
2002-01-11,5.521417617797852
2002-01-14,5.481983184814453
2002-01-15,5.762429714202881
2002-01-16,5.560856819152832
2002-01-17,5.683557510375977
2002-01-18,5.683557510375977
2002-01-21,5.928952217102051
2002-01-22,6.3321027755737305
2002-01-23,6.130527019500732
2002-01-24,6.415359973907471
2002-01-25,6.700200080871582
2002-01-28,7.024467468261719
2002-01-29,6.700200080871582
2002-01-30,6.700200080871582
2002-01-31,6.700200080871582
2002-02-01,6.656378746032715
2002-02-04,6.415359973907471
2002-02-05,6.292666435241699
2002-02-06,6.533677101135254
2002-02-07,6.533677101135254
2002-02-08,6.533677101135254
2002-02-11,6.533677101135254
2002-02-12,6.533677101135254
2002-02-13,6.533677101135254
2002-02-14,6.533677101135254
2002-02-15,6.533677101135254
2002-02-18,6.533677101135254
2002-02-19,6.494241237640381
2002-02-20,6.169965744018555
2002-02-21,6.047269344329834
2002-02-22,5.845686435699463
2002-02-25,5.762429714202881
2002-02-26,5.8851318359375
2002-02-27,6.292666435241699
2002-02-28,6.292666435241699
2002-03-01,6.169965744018555
2002-03-04,6.577498435974121
2002-03-05,7.024467468261719
2002-03-06,7.510880470275879
2002-03-07,7.835150718688965
2002-03-08,8.321565628051758
2002-03-11,8.15942668914795
2002-03-12,8.729101181030273
2002-03-13,9.294384956359863
2002-03-14,9.579216957092285
2002-03-15,9.456525802612305
2002-03-18,9.254949569702148
2002-03-19,9.215505599975586
2002-03-20,9.824615478515625
2002-03-21,10.473166465759277
2002-03-22,11.20496940612793
2002-03-25,10.433734893798828
2002-03-26,11.121713638305664
2002-03-27,11.691385269165039
2002-03-28,11.774641990661621
2002-03-29,11.774641990661621
2002-04-01,11.445988655090332
2002-04-02,11.445988655090332
2002-04-03,11.121713638305664
2002-04-04,11.244412422180176
2002-04-05,11.244412422180176
2002-04-08,11.042835235595703
2002-04-09,10.88070011138916
2002-04-10,11.529245376586914
2002-04-11,12.261054039001465
2002-04-12,12.826343536376953
2002-04-15,13.233875274658203
2002-04-16,13.154996871948242
2002-04-17,12.261054039001465
2002-04-18,11.774641990661621
2002-04-19,11.608128547668457
2002-04-22,10.797441482543945
2002-04-23,10.959571838378906
2002-04-24,10.959571838378906
2002-04-25,10.635305404663086
2002-04-26,10.55642318725586
2002-04-29,10.148890495300293
2002-04-30,10.59585952758789
2002-05-01,10.59585952758789
2002-05-02,10.350461959838867
2002-05-03,10.350461959838867
2002-05-06,9.662483215332031
2002-05-07,9.662483215332031
2002-05-08,9.377643585205078
2002-05-09,9.579216957092285
2002-05-10,9.662483215332031
2002-05-13,9.176070213317871
2002-05-14,8.566962242126465
2002-05-15,8.970110893249512
2002-05-16,8.68527889251709
2002-05-17,9.013931274414062
2002-05-20,9.013931274414062
2002-05-21,8.404820442199707
2002-05-22,8.11999225616455
2002-05-23,7.914032936096191
2002-05-24,8.28212833404541
2002-05-27,7.795713424682617
2002-05-28,7.99729061126709
2002-05-29,7.957852363586426
2002-05-30,8.483702659606934
2002-05-31,8.606396675109863
2002-06-03,8.19886589050293
2002-06-04,8.242685317993164
2002-06-05,7.99729061126709
2002-06-06,8.036734580993652
2002-06-07,7.874594688415527
2002-06-10,8.11999225616455
2002-06-11,7.550319194793701
2002-06-12,7.024467468261719
2002-06-13,7.14278507232666
2002-06-14,6.7790727615356445
2002-06-17,6.656378746032715
2002-06-18,6.3321027755737305
2002-06-19,6.091091156005859
2002-06-20,6.209400653839111
2002-06-21,6.3321027755737305
2002-06-24,6.169965744018555
2002-06-25,5.968390464782715
2002-06-26,5.600292205810547
2002-06-27,5.560856819152832
2002-06-28,5.644113540649414
2002-07-01,5.276023864746094
2002-07-02,5.398716449737549
2002-07-03,5.683557510375977
2002-07-04,5.968390464782715
2002-07-05,6.292666435241699
2002-07-08,6.454804420471191
2002-07-09,6.37153959274292
2002-07-10,6.454804420471191
2002-07-11,6.0078253746032715
2002-07-12,6.091091156005859
2002-07-15,5.928952217102051
2002-07-16,6.091091156005859
2002-07-17,5.683557510375977
2002-07-18,5.722994327545166
2002-07-19,5.8851318359375
2002-07-22,5.722994327545166
2002-07-23,6.091091156005859
2002-07-24,6.169965744018555
2002-07-25,6.130527019500732
2002-07-26,5.722994327545166
2002-07-29,5.762429714202881
2002-07-30,6.0078253746032715
2002-07-31,6.169965744018555
2002-08-01,5.928952217102051
2002-08-02,6.047269344329834
2002-08-05,5.644113540649414
2002-08-06,5.276023864746094
2002-08-07,5.398716449737549
2002-08-08,5.359281539916992
2002-08-09,5.560856819152832
2002-08-12,5.481983184814453
2002-08-13,5.438162326812744
2002-08-14,5.560856819152832
2002-08-15,5.928952217102051
2002-08-16,5.928952217102051
2002-08-19,6.047269344329834
2002-08-20,6.0078253746032715
2002-08-21,6.0078253746032715
2002-08-22,6.415359973907471
2002-08-23,6.253221035003662
2002-08-26,5.928952217102051
2002-08-27,5.928952217102051
2002-08-28,5.560856819152832
2002-08-29,5.481983184814453
2002-08-30,5.359281539916992
2002-09-02,4.991184711456299
2002-09-03,4.666914939880371
2002-09-04,4.548598289489746
2002-09-05,4.548598289489746
2002-09-06,4.548598289489746
2002-09-09,4.829044818878174
2002-09-10,5.109504699707031
2002-09-11,5.276025772094727
2002-09-12,5.381189346313477
2002-09-13,5.381189346313477
2002-09-16,5.276025772094727
2002-09-17,5.433775901794434
2002-09-18,5.183993816375732
2002-09-19,5.223437786102295
2002-09-20,5.328600883483887
2002-09-23,4.960515022277832
2002-09-24,4.855341911315918
2002-09-25,4.592419624328613
2002-09-26,4.653766632080078
2002-09-27,4.737026691436768
2002-09-30,4.886013984680176
2002-10-01,4.864103317260742
2002-10-02,4.907929420471191
2002-10-03,4.833427906036377
2002-10-04,4.907929420471191
2002-10-07,4.855341911315918
2002-10-08,5.192765235900879
2002-10-09,5.06567907333374
2002-10-10,5.06567907333374
2002-10-11,4.833427906036377
2002-10-14,4.855341911315918
2002-10-15,5.192765235900879
2002-10-16,5.192765235900879
2002-10-17,5.543329238891602
2002-10-18,5.806251049041748
2002-10-21,5.858838081359863
2002-10-22,5.858838081359863
2002-10-23,6.226934432983398
2002-10-24,6.174349308013916
2002-10-25,5.9640116691589355
2002-10-28,5.9640116691589355
2002-10-29,5.911426067352295
2002-10-30,5.753665447235107
2002-10-31,5.858838081359863
2002-11-01,6.016587734222412
2002-11-04,6.121761798858643
2002-11-05,6.016587734222412
2002-11-06,6.384685039520264
2002-11-07,6.647608280181885
2002-11-08,6.700194358825684
2002-11-11,6.489858627319336
2002-11-12,6.437271595001221
2002-11-13,6.121761798858643
2002-11-14,5.911426067352295
2002-11-15,5.911426067352295
2002-11-18,5.9640116691589355
2002-11-19,6.016587734222412
2002-11-20,5.911426067352295
2002-11-21,5.858838081359863
2002-11-22,6.016587734222412
2002-11-25,5.858838081359863
2002-11-26,5.701079368591309
2002-11-27,5.433775901794434
2002-11-28,5.381189346313477
2002-11-29,5.486362934112549
2002-12-02,5.595916271209717
2002-12-03,5.64850378036499
2002-12-04,5.64850378036499
2002-12-05,5.753665447235107
2002-12-06,5.595916271209717
2002-12-09,5.543329238891602
2002-12-10,5.433775901794434
2002-12-11,5.433775901794434
2002-12-12,5.223437786102295
2002-12-13,5.162092208862305
2002-12-16,5.043776988983154
2002-12-17,5.06567907333374
2002-12-18,4.811516284942627
2002-12-19,4.750168800354004
2002-12-20,5.06567907333374
2002-12-23,4.811516284942627
2002-12-24,4.579266548156738
2002-12-25,4.570505619049072
2002-12-26,4.886013984680176
2002-12-27,4.886013984680176
2002-12-30,4.772082328796387
2002-12-31,4.899167537689209
2003-01-01,4.899167537689209
2003-01-02,4.9692769050598145
2003-01-03,5.0262451171875
2003-01-06,5.140179634094238
2003-01-07,5.328600883483887
2003-01-08,5.328600883483887
2003-01-09,5.223437786102295
2003-01-10,5.2541117668151855
2003-01-13,5.328600883483887
2003-01-14,5.328600883483887
2003-01-15,5.245352268218994
2003-01-16,5.004331588745117
2003-01-17,5.06567907333374
2003-01-20,5.06567907333374
2003-01-21,5.078830242156982
2003-01-22,4.982418060302734
2003-01-23,5.043776988983154
2003-01-24,4.991189479827881
2003-01-27,4.864103317260742
2003-01-28,5.118265628814697
2003-01-29,5.118265628814697
2003-01-30,5.118265628814697
2003-01-31,5.118265628814697
2003-02-03,5.118265628814697
2003-02-04,5.118265628814697
2003-02-05,5.118265628814697
2003-02-06,4.960515022277832
2003-02-07,5.170852184295654
2003-02-10,5.328600883483887
2003-02-11,5.328600883483887
2003-02-12,5.170852184295654
2003-02-13,5.170852184295654
2003-02-14,5.192765235900879
2003-02-17,5.328600883483887
2003-02-18,5.2541117668151855
2003-02-19,5.170852184295654
2003-02-20,5.201525688171387
2003-02-21,5.183993816375732
2003-02-24,5.192765235900879
2003-02-25,5.1314167976379395
2003-02-26,5.170852184295654
2003-02-27,5.1314167976379395
2003-02-28,5.1314167976379395
2003-03-03,5.140179634094238
2003-03-04,5.1314167976379395
2003-03-05,4.951745510101318
2003-03-06,5.0963521003723145
2003-03-07,4.9692769050598145
2003-03-10,4.960515022277832
2003-03-11,4.960515022277832
2003-03-12,5.056918621063232
2003-03-13,5.2541117668151855
2003-03-14,5.328600883483887
2003-03-17,5.192765235900879
2003-03-18,5.543329238891602
2003-03-19,5.64850378036499
2003-03-20,5.701079368591309
2003-03-21,5.595916271209717
2003-03-24,5.806251049041748
2003-03-25,5.753665447235107
2003-03-26,5.701079368591309
2003-03-27,5.701079368591309
2003-03-28,5.701079368591309
2003-03-31,5.381189346313477
2003-04-01,5.486362934112549
2003-04-02,5.486362934112549
2003-04-03,5.595916271209717
2003-04-04,5.64850378036499
2003-04-07,5.753665447235107
2003-04-08,5.701079368591309
2003-04-09,5.64850378036499
2003-04-10,5.595916271209717
2003-04-11,5.806251049041748
2003-04-14,6.174349308013916
2003-04-15,6.2795209884643555
2003-04-16,6.647608280181885
2003-04-17,6.647608280181885
2003-04-18,7.072670936584473
2003-04-21,7.335594654083252
2003-04-22,7.283008575439453
2003-04-23,7.493356227874756
2003-04-24,7.177846908569336
2003-04-25,6.8623366355896
2003-04-28,6.647608280181885
2003-04-29,6.647608280181885
2003-04-30,6.33209753036499
2003-05-01,6.33209753036499
2003-05-02,6.595032215118408
2003-05-05,6.595032215118408
2003-05-06,6.757162094116211
2003-05-07,6.757162094116211
2003-05-08,6.542445182800293
2003-05-09,6.700194358825684
2003-05-12,6.700194358825684
2003-05-13,7.125257968902588
2003-05-14,7.177846908569336
2003-05-15,7.177846908569336
2003-05-16,7.177846908569336
2003-05-19,6.96750020980835
2003-05-20,6.595032215118408
2003-05-21,6.226934432983398
2003-05-22,6.489858627319336
2003-05-23,6.647608280181885
2003-05-26,6.80974817276001
2003-05-27,6.647608280181885
2003-05-28,6.647608280181885
2003-05-29,6.542445182800293
2003-05-30,6.437271595001221
2003-06-02,6.595032215118408
2003-06-03,6.384685039520264
2003-06-04,6.384685039520264
2003-06-05,6.384685039520264
2003-06-06,6.80974817276001
2003-06-09,7.072670936584473
2003-06-10,7.020085334777832
2003-06-11,6.700194358825684
2003-06-12,6.647608280181885
2003-06-13,6.757162094116211
2003-06-16,6.8623366355896
2003-06-17,6.8623366355896
2003-06-18,6.8623366355896
2003-06-19,7.230432510375977
2003-06-20,6.914923191070557
2003-06-23,6.8623366355896
2003-06-24,7.020085334777832
2003-06-25,7.230432510375977
2003-06-26,6.96750020980835
2003-06-27,7.020085334777832
2003-06-30,6.8623366355896
2003-07-01,7.020085334777832
2003-07-02,7.020085334777832
2003-07-03,6.8623366355896
2003-07-04,6.914923191070557
2003-07-07,7.230432510375977
2003-07-08,7.703691482543945
2003-07-09,7.598516941070557
2003-07-10,7.388183116912842
2003-07-11,7.493356227874756
2003-07-14,7.970996379852295
2003-07-15,7.970996379852295
2003-07-16,7.970996379852295
2003-07-17,7.598516941070557
2003-07-18,7.65110445022583
2003-07-21,7.65110445022583
2003-07-22,7.703691482543945
2003-07-23,7.756279468536377
2003-07-24,7.861452102661133
2003-07-25,7.914028167724609
2003-07-28,7.756279468536377
2003-07-29,7.703691482543945
2003-07-30,7.703691482543945
2003-07-31,7.861452102661133
2003-08-01,8.391679763793945
2003-08-04,8.970112800598145
2003-08-05,8.970112800598145
2003-08-06,8.759775161743164
2003-08-07,9.342586517333984
2003-08-08,9.395173072814941
2003-08-11,9.395173072814941
2003-08-12,9.237412452697754
2003-08-13,9.342586517333984
2003-08-14,8.864948272705078
2003-08-15,9.447760581970215
2003-08-18,9.500349044799805
2003-08-19,9.815858840942383
2003-08-20,10.236531257629395
2003-08-21,10.183944702148438
2003-08-22,10.45125961303711
2003-08-25,10.341704368591309
2003-08-26,10.026196479797363
2003-08-27,9.868432998657227
2003-08-28,9.973607063293457
2003-08-29,10.661595344543457
2003-09-01,10.738969802856445
2003-09-02,10.615636825561523
2003-09-03,10.311705589294434
2003-09-04,10.065037727355957
2003-09-05,9.884440422058105
2003-09-08,10.553972244262695
2003-09-09,11.223514556884766
2003-09-10,11.470182418823242
2003-09-11,11.470182418823242
2003-09-12,11.589112281799316
2003-09-15,11.835783004760742
2003-09-16,12.1397123336792
2003-09-17,12.751981735229492
2003-09-18,13.055908203125
2003-09-19,12.690313339233398
2003-09-22,12.263046264648438
2003-09-23,12.751981735229492
2003-09-24,12.809244155883789
2003-09-25,12.690313339233398
2003-09-26,12.690313339233398
2003-09-29,12.381974220275879
2003-09-30,12.324712753295898
2003-10-01,12.20137882232666
2003-10-02,12.809244155883789
2003-10-03,12.87091064453125
2003-10-06,12.932575225830078
2003-10-07,12.50531005859375
2003-10-08,12.381974220275879
2003-10-09,12.263046264648438
2003-10-10,12.263046264648438
2003-10-13,12.324712753295898
2003-10-14,11.95911693572998
2003-10-15,12.50531005859375
2003-10-16,12.566975593566895
2003-10-17,12.50531005859375
2003-10-20,12.263046264648438
2003-10-21,12.1397123336792
2003-10-22,12.263046264648438
2003-10-23,12.50531005859375
2003-10-24,12.994242668151855
2003-10-27,12.751981735229492
2003-10-28,12.50531005859375
2003-10-29,12.324712753295898
2003-10-30,12.324712753295898
2003-10-31,12.20137882232666
2003-11-03,12.50531005859375
2003-11-04,12.263046264648438
2003-11-05,12.20137882232666
2003-11-06,12.016376495361328
2003-11-07,12.62864875793457
2003-11-10,12.932575225830078
2003-11-11,13.179258346557617
2003-11-12,13.72545337677002
2003-11-13,13.421521186828613
2003-11-14,13.663789749145508
2003-11-17,13.483189582824707
2003-11-18,13.663789749145508
2003-11-19,13.72545337677002
2003-11-20,13.483189582824707
2003-11-21,13.055908203125
2003-11-24,13.910455703735352
2003-11-25,13.544855117797852
2003-11-26,13.848788261413574
2003-11-27,13.972119331359863
2003-11-28,14.33772087097168
2003-12-01,14.33772087097168
2003-12-02,14.764988899230957
2003-12-03,15.00725269317627
2003-12-04,14.945584297180176
2003-12-05,14.764988899230957
2003-12-08,14.214390754699707
2003-12-09,14.276058197021484
2003-12-10,14.029385566711426
2003-12-11,14.822250366210938
2003-12-12,14.641651153564453
2003-12-15,14.764988899230957
2003-12-16,14.883916854858398
2003-12-17,14.39938735961914
2003-12-18,14.39938735961914
2003-12-19,14.276058197021484
2003-12-22,14.276058197021484
2003-12-23,14.641651153564453
2003-12-24,14.518318176269531
2003-12-25,14.33772087097168
2003-12-26,14.33772087097168
2003-12-29,14.39938735961914
2003-12-30,14.579987525939941
2003-12-31,14.945584297180176
2004-01-01,14.945584297180176
2004-01-02,14.703322410583496
2004-01-05,14.214390754699707
2004-01-06,14.029385566711426
2004-01-07,14.152721405029297
2004-01-08,14.029385566711426
2004-01-09,13.72545337677002
2004-01-12,13.787123680114746
2004-01-13,13.663789749145508
2004-01-14,13.972119331359863
2004-01-15,13.421521186828613
2004-01-16,13.72545337677002
2004-01-19,13.72545337677002
2004-01-20,13.72545337677002
2004-01-21,13.72545337677002
2004-01-22,13.72545337677002
2004-01-23,13.72545337677002
2004-01-26,13.72545337677002
2004-01-27,14.152721405029297
2004-01-28,13.910455703735352
2004-01-29,14.029385566711426
2004-01-30,14.39938735961914
2004-02-02,14.152721405029297
2004-02-03,13.848788261413574
2004-02-04,13.848788261413574
2004-02-05,13.787123680114746
2004-02-06,13.298189163208008
2004-02-09,13.236522674560547
2004-02-10,13.179258346557617
2004-02-11,13.179258346557617
2004-02-12,13.787123680114746
2004-02-13,13.848788261413574
2004-02-16,14.152721405029297
2004-02-17,14.33772087097168
2004-02-18,14.518318176269531
2004-02-19,14.39938735961914
2004-02-20,14.518318176269531
2004-02-23,14.764988899230957
2004-02-24,14.641651153564453
2004-02-25,15.434529304504395
2004-02-26,15.985128402709961
2004-02-27,16.042390823364258
2004-03-01,16.042390823364258
2004-03-02,15.130583763122559
2004-03-03,15.00725269317627
2004-03-04,15.676791191101074
2004-03-05,15.92346477508545
2004-03-08,15.311198234558105
2004-03-09,15.311198234558105
2004-03-10,15.738462448120117
2004-03-11,15.738462448120117
2004-03-12,15.861799240112305
2004-03-15,15.249526977539062
2004-03-16,15.434529304504395
2004-03-17,15.496198654174805
2004-03-18,16.412391662597656
2004-03-19,16.10406494140625
2004-03-22,15.00725269317627
2004-03-23,14.764988899230957
2004-03-24,14.883916854858398
2004-03-25,14.945584297180176
2004-03-26,15.130583763122559
2004-03-29,15.615127563476562
2004-03-30,15.372861862182617
2004-03-31,15.738462448120117
2004-04-01,15.738462448120117
2004-04-02,15.985128402709961
2004-04-05,16.165727615356445
2004-04-06,15.800129890441895
2004-04-07,15.615127563476562
2004-04-08,15.676791191101074
2004-04-09,15.92346477508545
2004-04-12,16.042390823364258
2004-04-13,17.143596649169922
2004-04-14,17.813135147094727
2004-04-15,17.324203491210938
2004-04-16,17.936473846435547
2004-04-19,17.998132705688477
2004-04-20,17.813135147094727
2004-04-21,17.813135147094727
2004-04-22,17.813135147094727
2004-04-23,17.632539749145508
2004-04-26,17.632539749145508
2004-04-27,16.958589553833008
2004-04-28,17.324203491210938
2004-04-29,17.081926345825195
2004-04-30,16.958589553833008
2004-05-03,15.800129890441895
2004-05-04,16.289060592651367
2004-05-05,15.192266464233398
2004-05-06,15.372861862182617
2004-05-07,15.557863235473633
2004-05-10,15.130583763122559
2004-05-11,15.249526977539062
2004-05-12,15.434529304504395
2004-05-13,15.496198654174805
2004-05-14,15.738462448120117
2004-05-17,15.311198234558105
2004-05-18,15.311198234558105
2004-05-19,15.800129890441895
2004-05-20,15.372861862182617
2004-05-21,15.800129890441895
2004-05-24,15.985128402709961
2004-05-25,16.10406494140625
2004-05-26,15.861799240112305
2004-05-27,15.676791191101074
2004-05-28,15.738462448120117
2004-05-31,15.434529304504395
2004-06-01,15.192266464233398
2004-06-02,15.130583763122559
2004-06-03,14.091050148010254
2004-06-04,13.663789749145508
2004-06-07,14.45665168762207
2004-06-08,14.883916854858398
2004-06-09,15.130583763122559
2004-06-10,14.822250366210938
2004-06-11,14.152721405029297
2004-06-14,13.179258346557617
2004-06-15,12.751981735229492
2004-06-16,11.89745044708252
2004-06-17,12.078044891357422
2004-06-18,11.89745044708252
2004-06-21,11.89745044708252
2004-06-22,11.89745044708252
2004-06-23,12.566975593566895
2004-06-24,13.117579460144043
2004-06-25,12.932575225830078
2004-06-28,12.566975593566895
2004-06-29,12.87091064453125
2004-06-30,13.117579460144043
2004-07-01,13.117579460144043
2004-07-02,12.50531005859375
2004-07-05,11.835783004760742
2004-07-06,11.89745044708252
2004-07-07,12.443645477294922
2004-07-08,12.809244155883789
2004-07-09,13.236522674560547
2004-07-12,13.421521186828613
2004-07-13,13.298189163208008
2004-07-14,12.809244155883789
2004-07-15,12.598308563232422
2004-07-16,12.300498008728027
2004-07-19,11.998177528381348
2004-07-20,11.849263191223145
2004-07-21,12.074882507324219
2004-07-22,12.074882507324219
2004-07-23,12.675012588500977
2004-07-26,12.675012588500977
2004-07-27,13.049532890319824
2004-07-28,13.42406177520752
2004-07-29,13.572957992553711
2004-07-30,13.198444366455078
2004-08-02,12.675012588500977
2004-08-03,12.598308563232422
2004-08-04,12.747207641601562
2004-08-05,13.347334861755371
2004-08-06,13.347334861755371
2004-08-09,13.275148391723633
2004-08-10,12.823911666870117
2004-08-11,12.521602630615234
2004-08-12,12.598308563232422
2004-08-13,12.598308563232422
2004-08-16,12.449398040771484
2004-08-17,12.449398040771484
2004-08-18,12.900633811950684
2004-08-19,13.50076675415039
2004-08-20,13.64966106414795
2004-08-23,13.798574447631836
2004-08-24,13.798574447631836
2004-08-25,13.798574447631836
2004-08-26,14.096383094787598
2004-08-27,13.64966106414795
2004-08-30,14.02419376373291
2004-08-31,14.173089027404785
2004-09-01,14.321999549865723
2004-09-02,14.849929809570312
2004-09-03,14.249796867370605
2004-09-06,14.547622680664062
2004-09-07,14.773222923278809
2004-09-08,14.696517944335938
2004-09-09,14.321999549865723
2004-09-10,14.773222923278809
2004-09-13,14.547622680664062
2004-09-14,14.773222923278809
2004-09-15,14.773222923278809
2004-09-16,14.624326705932617
2004-09-17,14.849929809570312
2004-09-20,14.773222923278809
2004-09-21,15.075545310974121
2004-09-22,14.998836517333984
2004-09-23,14.773222923278809
2004-09-24,14.696517944335938
2004-09-27,14.096383094787598
2004-09-28,14.096383094787598
2004-09-29,13.94747257232666
2004-09-30,14.249796867370605
2004-10-01,14.849929809570312
2004-10-04,14.922140121459961
2004-10-05,15.14775276184082
2004-10-06,15.075545310974121
2004-10-07,15.075545310974121
2004-10-08,14.922140121459961
2004-10-11,14.849929809570312
2004-10-12,15.075545310974121
2004-10-13,14.998836517333984
2004-10-14,15.450078010559082
2004-10-15,15.598974227905273
2004-10-18,15.14775276184082
2004-10-19,15.224461555480957
2004-10-20,15.224461555480957
2004-10-21,15.671164512634277
2004-10-22,16.12240219116211
2004-10-25,16.12240219116211
2004-10-26,15.598974227905273
2004-10-27,15.224461555480957
2004-10-28,15.224461555480957
2004-10-29,15.3733549118042
2004-11-01,15.747882843017578
2004-11-02,15.747882843017578
2004-11-03,15.598974227905273
2004-11-04,15.973490715026855
2004-11-05,15.522266387939453
2004-11-08,15.296649932861328
2004-11-09,15.075545310974121
2004-11-10,15.450078010559082
2004-11-11,15.296649932861328
2004-11-12,15.224461555480957
2004-11-15,15.14775276184082
2004-11-16,15.522266387939453
2004-11-17,16.05021095275879
2004-11-18,15.671164512634277
2004-11-19,15.598974227905273
2004-11-22,15.224461555480957
2004-11-23,15.296649932861328
2004-11-24,15.296649932861328
2004-11-25,14.922140121459961
2004-11-26,14.696517944335938
2004-11-29,13.721868515014648
2004-11-30,14.398709297180176
2004-12-01,14.02419376373291
2004-12-02,14.398709297180176
2004-12-03,15.075545310974121
2004-12-06,15.522266387939453
2004-12-07,14.922140121459961
2004-12-08,14.849929809570312
2004-12-09,15.075545310974121
2004-12-10,14.998836517333984
2004-12-13,15.296649932861328
2004-12-14,15.522266387939453
2004-12-15,15.598974227905273
2004-12-16,15.747882843017578
2004-12-17,15.450078010559082
2004-12-20,15.450078010559082
2004-12-21,15.14775276184082
2004-12-22,15.522266387939453
2004-12-23,15.598974227905273
2004-12-24,15.522266387939453
2004-12-27,15.296649932861328
2004-12-28,15.450078010559082
2004-12-29,15.598974227905273
2004-12-30,15.522266387939453
2004-12-31,15.671164512634277
2005-01-03,15.296649932861328
2005-01-04,15.075545310974121
2005-01-05,14.922140121459961
2005-01-06,14.849929809570312
2005-01-07,14.849929809570312
2005-01-10,14.849929809570312
2005-01-11,14.773222923278809
2005-01-12,14.547622680664062
2005-01-13,14.475414276123047
2005-01-14,14.624326705932617
2005-01-17,14.922140121459961
2005-01-18,14.773222923278809
2005-01-19,14.773222923278809
2005-01-20,14.922140121459961
2005-01-21,14.773222923278809
2005-01-24,14.773222923278809
2005-01-25,14.998836517333984
2005-01-26,15.075545310974121
2005-01-27,14.922140121459961
2005-01-28,15.296649932861328
2005-01-31,15.522266387939453
2005-02-01,15.450078010559082
2005-02-02,14.922140121459961
2005-02-03,15.896782875061035
2005-02-04,15.896782875061035
2005-02-07,15.896782875061035
2005-02-08,15.896782875061035
2005-02-09,15.896782875061035
2005-02-10,15.896782875061035
2005-02-11,15.896782875061035
2005-02-14,14.849929809570312
2005-02-15,14.321999549865723
2005-02-16,14.696517944335938
2005-02-17,14.547622680664062
2005-02-18,14.998836517333984
2005-02-21,15.14775276184082
2005-02-22,14.696517944335938
2005-02-23,14.696517944335938
2005-02-24,14.998836517333984
2005-02-25,14.998836517333984
2005-02-28,14.998836517333984
2005-03-01,15.075545310974121
2005-03-02,15.224461555480957
2005-03-03,15.450078010559082
2005-03-04,15.3733549118042
2005-03-07,15.598974227905273
2005-03-08,15.598974227905273
2005-03-09,15.747882843017578
2005-03-10,16.12240219116211
2005-03-11,16.12240219116211
2005-03-14,15.747882843017578
2005-03-15,16.05021095275879
2005-03-16,16.948156356811523
2005-03-17,16.948156356811523
2005-03-18,17.9995059967041
2005-03-21,18.225116729736328
2005-03-22,18.148420333862305
2005-03-23,17.9995059967041
2005-03-24,18.522932052612305
2005-03-25,19.348682403564453
2005-03-28,19.497600555419922
2005-03-29,18.748552322387695
2005-03-30,18.8974609375
2005-03-31,19.199785232543945
2005-04-01,19.42087745666504
2005-04-04,19.574302673339844
2005-04-05,19.574302673339844
2005-04-06,19.79991912841797
2005-04-07,21.149085998535156
2005-04-08,22.42154884338379
2005-04-11,22.04703712463379
2005-04-12,22.42154884338379
2005-04-13,22.647172927856445
2005-04-14,24.221960067749023
2005-04-15,23.69852638244629
2005-04-18,23.17058563232422
2005-04-19,24.745380401611328
2005-04-20,24.596466064453125
2005-04-21,23.996337890625
2005-04-22,23.6218204498291
2005-04-25,24.073055267333984
2005-04-26,24.370864868164062
2005-04-27,23.996337890625
2005-04-28,24.596466064453125
2005-04-29,24.89879608154297
2005-05-02,24.89879608154297
2005-05-03,26.473587036132812
2005-05-04,26.396888732910156
2005-05-05,25.945650100708008
2005-05-06,26.320159912109375
2005-05-09,26.622493743896484
2005-05-10,25.945650100708008
2005-05-11,25.945650100708008
2005-05-12,25.345516204833984
2005-05-13,24.596466064453125
2005-05-16,24.145252227783203
2005-05-17,24.745380401611328
2005-05-18,25.04770851135254
2005-05-19,26.320159912109375
2005-05-20,25.796754837036133
2005-05-23,25.498920440673828
2005-05-24,25.498920440673828
2005-05-25,24.673192977905273
2005-05-26,24.673192977905273
2005-05-27,24.673192977905273
2005-05-30,24.970998764038086
2005-05-31,24.596466064453125
2005-06-01,24.596466064453125
2005-06-02,24.596466064453125
2005-06-03,24.447572708129883
2005-06-06,24.745380401611328
2005-06-07,24.745380401611328
2005-06-08,26.473587036132812
2005-06-09,26.920297622680664
2005-06-10,27.07372283935547
2005-06-13,27.145915985107422
2005-06-14,28.49509048461914
2005-06-15,28.571794509887695
2005-06-16,28.27399444580078
2005-06-17,27.971664428710938
2005-06-20,27.822769165039062
2005-06-21,27.673858642578125
2005-06-22,27.74604606628418
2005-06-23,27.597148895263672
2005-06-24,26.848102569580078
2005-06-27,26.77140235900879
2005-06-28,27.22262191772461
2005-06-29,27.52044677734375
2005-06-30,27.448232650756836
2005-07-01,27.822769165039062
2005-07-04,29.69536018371582
2005-07-05,29.99767303466797
2005-07-06,29.69536018371582
2005-07-07,29.54646110534668
2005-07-08,30.22330093383789
2005-07-11,30.74672508239746
2005-07-12,32.619319915771484
2005-07-13,32.321510314941406
2005-07-14,34.573143005371094
2005-07-15,35.92232131958008
2005-07-18,35.92232131958008
2005-07-19,37.42039489746094
2005-07-20,35.845603942871094
2005-07-21,35.92232131958008
2005-07-22,34.270816802978516
2005-07-25,36.59464645385742
2005-07-26,36.89696502685547
2005-07-27,37.49710464477539
2005-07-28,40.118736267089844
2005-07-29,42.293670654296875
2005-08-01,43.94517135620117
2005-08-02,41.09340286254883
2005-08-03,43.94517135620117
2005-08-04,46.3457145690918
2005-08-05,46.3457145690918
2005-08-08,49.19294738769531
2005-08-09,48.74623489379883
2005-08-10,45.71422576904297
2005-08-11,42.831642150878906
2005-08-12,41.596248626708984
2005-08-15,41.804405212402344
2005-08-16,43.45159149169922
2005-08-17,44.68697738647461
2005-08-18,43.139366149902344
2005-08-19,41.492156982421875
2005-08-22,44.374755859375
2005-08-23,45.09880828857422
2005-08-24,46.33418655395508
2005-08-25,47.56958770751953
2005-08-26,46.33418655395508
2005-08-29,46.33418655395508
2005-08-30,45.406497955322266
2005-08-31,44.06703567504883
2005-09-01,44.06703567504883
2005-09-02,45.922401428222656
2005-09-05,44.68697738647461
2005-09-06,43.86338424682617
2005-09-07,43.65524673461914
2005-09-08,43.45159149169922
2005-09-09,44.786556243896484
2005-09-12,47.87730026245117
2005-09-13,46.74599838256836
2005-09-14,45.30242156982422
2005-09-15,45.406497955322266
2005-09-16,44.47882080078125
2005-09-19,45.09880828857422
2005-09-20,47.0537109375
2005-09-21,46.94963073730469
2005-09-22,47.0537109375
2005-09-23,45.922401428222656
2005-09-26,46.64192199707031
2005-09-27,46.537818908691406
2005-09-28,46.94963073730469
2005-09-29,47.157798767089844
2005-09-30,49.52449417114258
2005-10-03,52.30613327026367
2005-10-04,52.923919677734375
2005-10-05,52.923919677734375
2005-10-06,51.48241424560547
2005-10-07,51.58539581298828
2005-10-10,51.58539581298828
2005-10-11,50.55574417114258
2005-10-12,49.8349723815918
2005-10-13,46.437137603759766
2005-10-14,46.33417510986328
2005-10-17,43.142269134521484
2005-10-18,44.171913146972656
2005-10-19,41.18593215942383
2005-10-20,43.34819793701172
2005-10-21,44.480812072753906
2005-10-24,42.833370208740234
2005-10-25,42.31855392456055
2005-10-26,39.4355354309082
2005-10-27,37.27326583862305
2005-10-28,38.302921295166016
2005-10-31,40.980010986328125
2005-11-01,42.833370208740234
2005-11-02,44.27488327026367
2005-11-03,42.4215087890625
2005-11-04,43.142269134521484
2005-11-07,41.391868591308594
2005-11-08,42.4215087890625
2005-11-09,43.863014221191406
2005-11-10,43.34819793701172
2005-11-11,46.33417510986328
2005-11-14,46.95197677612305
2005-11-15,46.540103912353516
2005-11-16,47.77568817138672
2005-11-17,48.805320739746094
2005-11-18,50.45276641845703
2005-11-21,50.45276641845703
2005-11-22,46.95197677612305
2005-11-23,48.18754959106445
2005-11-24,47.260860443115234
2005-11-25,47.77568817138672
2005-11-28,50.040916442871094
2005-11-29,48.59940719604492
2005-11-30,48.805320739746094
2005-12-01,48.805320739746094
2005-12-02,48.805320739746094
2005-12-05,51.48241424560547
2005-12-06,50.86461639404297
2005-12-07,49.62905502319336
2005-12-08,49.01125717163086
2005-12-09,50.246829986572266
2005-12-12,49.217201232910156
2005-12-13,47.157894134521484
2005-12-14,46.12824630737305
2005-12-15,47.98160934448242
2005-12-16,49.62905502319336
2005-12-19,50.55574417114258
2005-12-20,50.040916442871094
2005-12-21,51.0705680847168
2005-12-22,51.0705680847168
2005-12-23,51.0705680847168
2005-12-26,51.0705680847168
2005-12-27,51.0705680847168
2005-12-28,49.8349723815918
2005-12-29,53.232826232910156
2005-12-30,54.57136535644531
2006-01-02,54.57136535644531
2006-01-03,55.703983306884766
2006-01-04,53.026878356933594
2006-01-05,52.615028381347656
2006-01-06,49.42311477661133
2006-01-09,51.2764892578125
2006-01-10,50.96760177612305
2006-01-11,50.040916442871094
2006-01-12,49.217201232910156
2006-01-13,49.8349723815918
2006-01-16,51.2764892578125
2006-01-17,51.2764892578125
2006-01-18,48.90829086303711
2006-01-19,49.62905502319336
2006-01-20,48.805320739746094
2006-01-23,46.33417510986328
2006-01-24,47.363826751708984
2006-01-25,48.59940719604492
2006-02-03,49.01125717163086
2006-02-06,50.34980392456055
2006-02-07,49.526084899902344
2006-02-08,47.157894134521484
2006-02-09,46.540103912353516
2006-02-10,45.30453109741211
2006-02-13,45.716392517089844
2006-02-14,48.90829086303711
2006-02-15,51.48241424560547
2006-02-16,52.1002082824707
2006-02-17,52.30613327026367
2006-02-20,52.51206970214844
2006-02-21,51.48241424560547
2006-02-22,50.86461639404297
2006-02-23,50.34980392456055
2006-02-24,51.2764892578125
2006-02-27,52.923919677734375
2006-03-01,56.52769470214844
2006-03-02,57.14549255371094
2006-03-03,57.14549255371094
2006-03-06,61.05814743041992
2006-03-07,58.89589309692383
2006-03-08,59.7196044921875
2006-03-09,58.072166442871094
2006-03-10,60.131473541259766
2006-03-13,62.499664306640625
2006-03-14,60.131473541259766
2006-03-15,61.5729866027832
2006-03-16,61.67593002319336
2006-03-17,63.63228988647461
2006-03-20,64.04412841796875
2006-03-21,60.749229431152344
2006-03-22,60.85220718383789
2006-03-23,59.513675689697266
2006-03-24,57.66032028198242
2006-03-27,60.44037628173828
2006-03-28,58.99884796142578
2006-03-29,60.543331146240234
2006-03-30,58.89589309692383
2006-03-31,60.131473541259766
2006-04-03,62.087791442871094
2006-04-04,62.808528900146484
2006-04-06,65.58859252929688
2006-04-07,64.66191864013672
2006-04-10,63.63228988647461
2006-04-11,62.293724060058594
2006-04-12,65.58859252929688
2006-04-13,65.89749908447266
2006-04-14,66.7212142944336
2006-04-17,65.48562622070312
2006-04-18,65.48562622070312
2006-04-19,65.69158172607422
2006-04-20,68.57459259033203
2006-04-21,67.1330795288086
2006-04-24,68.98644256591797
2006-04-25,68.36864471435547
2006-04-26,69.8101577758789
2006-04-27,71.04573059082031
2006-04-28,73.31099700927734
2006-05-02,73.92874908447266
2006-05-03,73.20800018310547
2006-05-04,73.20800018310547
2006-05-05,73.61986541748047
2006-05-08,73.10502624511719
2006-05-09,74.2376480102539
2006-05-10,76.81175994873047
2006-05-11,76.50286102294922
2006-05-12,74.13468170166016
2006-05-15,72.79613494873047
2006-05-16,70.6338882446289
2006-05-17,69.6042251586914
2006-05-18,69.6042251586914
2006-05-19,69.6042251586914
2006-05-22,70.83980560302734
2006-05-23,67.1330795288086
2006-05-24,71.7665023803711
2006-05-25,74.9583969116211
2006-05-26,72.07537841796875
2006-05-29,72.07537841796875
2006-05-30,74.34061431884766
2006-06-01,77.42955780029297
2006-06-02,78.56217956542969
2006-06-05,74.13468170166016
2006-06-06,76.81175994873047
2006-06-07,74.5465316772461
2006-06-08,69.3982925415039
2006-06-09,69.6042251586914
2006-06-12,71.5605697631836
2006-06-13,71.04573059082031
2006-06-14,72.28132629394531
2006-06-15,71.66352844238281
2006-06-16,74.5465316772461
2006-06-19,71.5605697631836
2006-06-20,66.61825561523438
2006-06-21,61.984840393066406
2006-06-22,63.83819580078125
2006-06-23,67.1330795288086
2006-06-26,69.8101577758789
2006-06-27,68.88347625732422
2006-06-28,68.57459259033203
2006-06-29,67.54493713378906
2006-06-30,70.6338882446289
2006-07-03,71.9724349975586
2006-07-04,72.59021759033203
2006-07-05,70.9427719116211
2006-07-06,71.25167083740234
2006-07-07,71.86945343017578
2006-07-10,74.0317153930664
2006-07-11,70.42792510986328
2006-07-12,70.73682403564453
2006-07-13,69.50126647949219
2006-07-14,66.92715454101562
2006-07-17,63.220401763916016
2006-07-18,66.92715454101562
2006-07-19,62.91151809692383
2006-07-20,65.27971649169922
2006-07-21,66.7212142944336
2006-07-24,65.89749908447266
2006-07-25,66.20639038085938
2006-07-26,66.20639038085938
2006-07-27,66.20639038085938
2006-07-28,69.8101577758789
2006-07-31,68.98644256591797
2006-08-01,67.75086212158203
2006-08-02,68.57459259033203
2006-08-03,67.44196319580078
2006-08-04,68.36864471435547
2006-08-07,71.04573059082031
2006-08-08,73.20800018310547
2006-08-09,76.1939697265625
2006-08-10,77.42955780029297
2006-08-11,76.91471099853516
2006-08-14,79.07701110839844
2006-08-15,78.97403717041016
2006-08-16,80.31256866455078
2006-08-17,79.28292083740234
2006-08-18,76.81175994873047
2006-08-21,75.26728820800781
2006-08-22,77.97943878173828
2006-08-23,79.42352294921875
2006-08-24,78.26823425292969
2006-08-25,72.92523193359375
2006-08-28,70.18150329589844
2006-08-29,72.34759521484375
2006-08-30,74.08047485351562
2006-08-31,74.51367950439453
2006-09-01,75.380126953125
2006-09-04,79.13470458984375
2006-09-05,78.26823425292969
2006-09-06,77.69063568115234
2006-09-07,78.12384796142578
2006-09-08,80.28994750976562
2006-09-11,80.86756896972656
2006-09-12,78.26823425292969
2006-09-13,79.85672760009766
2006-09-14,78.70147705078125
2006-09-15,80.7231674194336
2006-09-18,86.35503387451172
2006-09-19,86.06619262695312
2006-09-20,89.24313354492188
2006-09-21,87.0770492553711
2006-09-22,85.34416198730469
2006-09-25,86.35503387451172
2006-09-26,84.33331298828125
2006-09-27,84.91098022460938
2006-09-28,82.0228271484375
2006-09-29,82.0228271484375
2006-10-02,81.01197052001953
2006-10-03,80.86756896972656
2006-10-04,81.44520568847656
2006-10-05,84.04451751708984
2006-10-09,84.04451751708984
2006-10-11,81.5896224975586
2006-10-12,78.41267395019531
2006-10-13,79.85672760009766
2006-10-16,78.12384796142578
2006-10-17,78.12384796142578
2006-10-18,76.8241958618164
2006-10-19,75.81334686279297
2006-10-20,76.5353775024414
2006-10-23,80.00113677978516
2006-10-24,79.13470458984375
2006-10-25,79.56792449951172
2006-10-26,79.56792449951172
2006-10-27,81.30078887939453
2006-10-30,82.6004409790039
2006-10-31,82.88925170898438
2006-11-01,82.3116226196289
2006-11-02,82.0228271484375
2006-11-03,82.0228271484375
2006-11-06,81.30078887939453
2006-11-07,81.73400115966797
2006-11-08,82.3116226196289
2006-11-09,78.55708312988281
2006-11-10,78.84587860107422
2006-11-13,78.26823425292969
2006-11-14,79.71231842041016
2006-11-15,80.00113677978516
2006-11-16,80.57877349853516
2006-11-17,82.3116226196289
2006-11-20,81.15638732910156
2006-11-21,83.1780776977539
2006-11-22,84.62214660644531
2006-11-23,83.75569152832031
2006-11-24,83.75569152832031
2006-11-27,84.04451751708984
2006-11-28,81.44520568847656
2006-11-29,82.3116226196289
2006-11-30,83.03367614746094
2006-12-01,82.88925170898438
2006-12-04,83.61128997802734
2006-12-05,86.49942779541016
2006-12-06,89.09873962402344
2006-12-07,89.53196716308594
2006-12-08,87.65467834472656
2006-12-11,85.77738189697266
2006-12-12,83.90011596679688
2006-12-13,83.61128997802734
2006-12-14,87.22144317626953
2006-12-15,87.51025390625
2006-12-18,89.82076263427734
2006-12-19,90.39838409423828
2006-12-20,92.56449127197266
2006-12-21,91.55364990234375
2006-12-22,91.55364990234375
2006-12-25,90.10958099365234
2006-12-26,90.10958099365234
2006-12-27,91.98685455322266
2006-12-28,91.55364990234375
2006-12-29,91.98685455322266
2007-01-02,94.15296173095703
2007-01-03,97.61871337890625
2007-01-04,97.76312255859375
2007-01-05,97.76312255859375
2007-01-08,96.46344757080078
2007-01-09,99.49600219726562
2007-01-10,104.69464874267578
2007-01-11,101.66211700439453
2007-01-12,102.38412475585938
2007-01-15,107.14952850341797
2007-01-16,105.41664123535156
2007-01-17,105.7054672241211
2007-01-18,105.12785339355469
2007-01-19,104.83903503417969
2007-01-22,108.01597595214844
2007-01-23,105.12785339355469
2007-01-24,104.11700439453125
2007-01-25,102.09532165527344
2007-01-26,100.79566955566406
2007-01-29,100.65126037597656
2007-01-30,101.37328338623047
2007-01-31,101.95088958740234
2007-02-01,96.75225830078125
2007-02-02,96.17463684082031
2007-02-05,97.76312255859375
2007-02-06,96.46344757080078
2007-02-07,96.17463684082031
2007-02-08,97.76312255859375
2007-02-09,99.06277465820312
2007-02-12,97.76312255859375
2007-02-13,97.90751647949219
2007-02-14,96.17463684082031
2007-02-26,97.32988739013672
2007-02-27,95.30821990966797
2007-03-01,88.66551971435547
2007-03-02,82.6004409790039
2007-03-05,77.40181732177734
2007-03-06,72.05878448486328
2007-03-07,72.20320129394531
2007-03-08,76.5353775024414
2007-03-09,76.5353775024414
2007-03-12,78.12384796142578
2007-03-13,75.2357406616211
2007-03-14,75.2357406616211
2007-03-15,77.40181732177734
2007-03-16,76.5353775024414
2007-03-19,74.94691467285156
2007-03-20,74.80252075195312
2007-03-21,75.09130859375
2007-03-22,73.93606567382812
2007-03-23,73.93606567382812
2007-03-26,76.1021499633789
2007-03-27,77.97943878173828
2007-03-28,75.2357406616211
2007-03-29,75.81334686279297
2007-03-30,75.09130859375
2007-04-02,74.51367950439453
2007-04-03,73.21404266357422
2007-04-04,72.78081512451172
2007-04-09,74.80252075195312
2007-04-10,74.94691467285156
2007-04-11,75.52455139160156
2007-04-12,74.51367950439453
2007-04-13,73.06964111328125
2007-04-16,71.62557220458984
2007-04-17,68.5930404663086
2007-04-18,67.00457000732422
2007-04-19,68.44863891601562
2007-04-20,72.49200439453125
2007-04-23,71.33676147460938
2007-04-24,72.78081512451172
2007-04-25,71.62557220458984
2007-04-26,72.20320129394531
2007-04-27,72.20320129394531
2007-04-30,73.93606567382812
2007-05-02,78.99028015136719
2007-05-03,80.86756896972656
2007-05-04,80.4343490600586
2007-05-07,81.73400115966797
2007-05-08,80.57877349853516
2007-05-09,77.97943878173828
2007-05-10,79.27909088134766
2007-05-11,78.70147705078125
2007-05-14,78.70147705078125
2007-05-15,77.97943878173828
2007-05-16,78.99028015136719
2007-05-17,78.12384796142578
2007-05-18,78.12384796142578
2007-05-21,83.4668960571289
2007-05-22,83.1780776977539
2007-05-23,84.04451751708984
2007-05-24,87.7990951538086
2007-05-25,88.66551971435547
2007-05-28,87.22144317626953
2007-05-29,88.2322998046875
2007-05-30,87.94348907470703
2007-05-31,90.97602844238281
2007-06-01,90.39838409423828
2007-06-04,94.008544921875
2007-06-05,92.56449127197266
2007-06-06,88.08789825439453
2007-06-07,89.3875503540039
2007-06-08,90.10958099365234
2007-06-11,88.37672424316406
2007-06-12,88.37672424316406
2007-06-13,85.77738189697266
2007-06-14,86.06619262695312
2007-06-15,86.06619262695312
2007-06-20,82.3116226196289
2007-06-21,83.03367614746094
2007-06-22,84.47772216796875
2007-06-25,84.47772216796875
2007-06-26,85.19976806640625
2007-06-27,87.51025390625
2007-06-28,88.66551971435547
2007-06-29,88.66551971435547
2007-07-02,90.97602844238281
2007-07-03,90.39838409423828
2007-07-04,90.97602844238281
2007-07-05,92.42007446289062
2007-07-06,89.6763687133789
2007-07-09,91.69805145263672
2007-07-10,98.05193328857422
2007-07-11,96.75225830078125
2007-07-12,100.79566955566406
2007-07-13,97.90751647949219
2007-07-16,93.43091583251953
2007-07-17,97.47431182861328
2007-07-18,93.28651428222656
2007-07-19,91.55364990234375
2007-07-20,94.44178009033203
2007-07-23,94.44178009033203
2007-07-24,96.17463684082031
2007-07-25,94.44178009033203
2007-07-26,89.96516418457031
2007-07-27,85.19976806640625
2007-07-30,84.04451751708984
2007-07-31,87.22144317626953
2007-08-01,81.15638732910156
2007-08-02,82.88925170898438
2007-08-03,82.0228271484375
2007-08-06,80.00113677978516
2007-08-07,82.45603942871094
2007-08-08,83.75569152832031
2007-08-09,84.04451751708984
2007-08-10,81.15638732910156
2007-08-13,79.85672760009766
2007-08-14,75.380126953125
2007-08-15,72.05878448486328
2007-08-16,67.14896392822266
2007-08-17,64.98287200927734
2007-08-20,66.71575164794922
2007-08-21,65.27168273925781
2007-08-22,69.748291015625
2007-08-23,71.48116302490234
2007-08-24,71.91438293457031
2007-08-27,69.31507110595703
2007-08-28,69.31507110595703
2007-08-29,69.89268493652344
2007-08-30,71.33676147460938
2007-08-31,76.2465591430664
2007-09-03,79.42352294921875
2007-09-04,79.42352294921875
2007-09-05,75.09130859375
2007-09-06,77.97943878173828
2007-09-07,79.71231842041016
2007-09-10,82.9183120727539
2007-09-11,84.24347686767578
2007-09-12,84.05414581298828
2007-09-13,82.3503646850586
2007-09-14,85.00070190429688
2007-09-17,85.19003295898438
2007-09-18,85.19003295898438
2007-09-19,85.19003295898438
2007-09-20,86.70452880859375
2007-09-21,90.86936950683594
2007-09-26,90.11212158203125
2007-09-27,89.92279815673828
2007-09-28,89.92279815673828
2007-10-01,90.11212158203125
2007-10-02,90.86936950683594
2007-10-03,90.86936950683594
2007-10-04,97.11662292480469
2007-10-05,91.6266098022461
2007-10-08,90.86936950683594
2007-10-09,90.86936950683594
2007-10-11,88.40831756591797
2007-10-12,88.40831756591797
2007-10-15,88.40831756591797
2007-10-16,88.97625732421875
2007-10-17,85.75797271728516
2007-10-18,87.46176147460938
2007-10-19,86.51519012451172
2007-10-22,82.9183120727539
2007-10-23,86.51519012451172
2007-10-24,83.67554473876953
2007-10-25,82.53965759277344
2007-10-26,82.16105651855469
2007-10-29,81.2145004272461
2007-10-30,79.51067352294922
2007-10-31,83.8648452758789
2007-11-01,81.4037857055664
2007-11-02,80.07860565185547
2007-11-05,79.51067352294922
2007-11-06,81.4037857055664
2007-11-07,80.64656066894531
2007-11-08,77.9961929321289
2007-11-09,77.80690002441406
2007-11-12,72.50617218017578
2007-11-13,68.53064727783203
2007-11-14,73.263427734375
2007-11-15,73.263427734375
2007-11-16,73.64204406738281
2007-11-19,73.83135986328125
2007-11-20,77.42829132080078
2007-11-21,73.0741195678711
2007-11-22,73.0741195678711
2007-11-23,69.28788757324219
2007-11-26,73.83135986328125
2007-11-27,73.0741195678711
2007-11-28,74.96723937988281
2007-11-29,76.10308837890625
2007-11-30,75.15653991699219
2007-12-03,74.20997619628906
2007-12-04,76.29240417480469
2007-12-05,77.04965209960938
2007-12-06,76.4817123413086
2007-12-07,77.6175765991211
2007-12-10,75.34584045410156
2007-12-11,74.96723937988281
2007-12-12,71.7489242553711
2007-12-13,66.82684326171875
2007-12-14,64.55511474609375
2007-12-17,61.147518157958984
2007-12-18,63.41922378540039
2007-12-19,66.2589111328125
2007-12-20,63.987178802490234
2007-12-21,65.69097900390625
2007-12-24,67.01617431640625
2007-12-25,67.20547485351562
2007-12-26,67.01617431640625
2007-12-27,69.66650390625
2007-12-28,69.66650390625
2007-12-31,71.55961608886719
2008-01-02,69.09857177734375
2008-01-03,64.36578369140625
2008-01-04,61.147518157958984
2008-01-07,56.9826545715332
2008-01-08,53.00712203979492
2008-01-09,50.924705505371094
2008-01-10,47.51710891723633
2008-01-11,48.84228515625
2008-01-14,45.43468475341797
2008-01-15,44.677433013916016
2008-01-16,42.784324645996094
2008-01-17,44.86674499511719
2008-01-18,42.784324645996094
2008-01-21,43.54158020019531
2008-01-22,40.5125846862793
2008-01-23,37.710777282714844
2008-01-24,35.098289489746094
2008-01-25,37.52146911621094
2008-01-28,35.59050750732422
2008-01-29,36.1962890625
2008-01-30,35.514774322509766
2008-01-31,35.59050750732422
2008-02-01,35.81766891479492
2008-02-12,33.31877136230469
2008-02-13,32.826560974121094
2008-02-14,35.098289489746094
2008-02-15,37.52146911621094
2008-02-18,40.13396072387695
2008-02-19,40.5125846862793
2008-02-20,39.56603240966797
2008-02-21,42.21638488769531
2008-02-22,43.54158020019531
2008-02-25,45.245365142822266
2008-02-26,43.73088073730469
2008-02-27,43.54158020019531
2008-02-29,44.1095085144043
2008-03-03,41.080528259277344
2008-03-04,41.64845657348633
2008-03-05,40.5125846862793
2008-03-06,43.16294479370117
2008-03-07,42.40570068359375
2008-03-10,42.02707290649414
2008-03-11,43.16294479370117
2008-03-12,43.352264404296875
2008-03-13,41.26982879638672
2008-03-14,39.37671661376953
2008-03-17,38.051544189453125
2008-03-18,39.56603240966797
2008-03-19,38.80878829956055
2008-03-20,40.5125846862793
2008-03-21,41.26982879638672
2008-03-24,42.21638488769531
2008-03-25,42.784324645996094
2008-03-26,41.64845657348633
2008-03-27,42.40570068359375
2008-03-28,42.40570068359375
2008-03-31,42.784324645996094
2008-04-01,43.352264404296875
2008-04-02,46.3812370300293
2008-04-03,48.46366500854492
2008-04-07,48.65297317504883
2008-04-08,50.167457580566406
2008-04-09,48.84228515625
2008-04-10,50.167457580566406
2008-04-11,49.22089767456055
2008-04-14,46.57053756713867
2008-04-15,44.677433013916016
2008-04-16,43.54158020019531
2008-04-17,42.40570068359375
2008-04-18,45.056060791015625
2008-04-21,45.056060791015625
2008-04-22,44.488128662109375
2008-04-23,45.245365142822266
2008-04-24,46.949161529541016
2008-04-25,46.002601623535156
2008-04-28,45.81330490112305
2008-04-29,44.677433013916016
2008-04-30,45.245365142822266
2008-05-02,42.21638488769531
2008-05-05,41.26982879638672
2008-05-06,41.64845657348633
2008-05-07,42.02707290649414
2008-05-08,41.45915603637695
2008-05-09,40.323280334472656
2008-05-12,40.891212463378906
2008-05-13,43.73088073730469
2008-05-14,46.3812370300293
2008-05-15,46.191925048828125
2008-05-16,46.002601623535156
2008-05-19,47.13847732543945
2008-05-20,45.056060791015625
2008-05-21,45.245365142822266
2008-05-22,45.056060791015625
2008-05-23,42.21638488769531
2008-05-26,41.080528259277344
2008-05-27,42.40570068359375
2008-05-28,41.26982879638672
2008-05-29,40.891212463378906
2008-05-30,39.75533676147461
2008-06-02,42.40570068359375
2008-06-03,41.45915603637695
2008-06-04,41.64845657348633
2008-06-05,42.784324645996094
2008-06-06,41.64845657348633
2008-06-09,42.21638488769531
2008-06-10,40.891212463378906
2008-06-11,40.323280334472656
2008-06-12,37.86223602294922
2008-06-13,38.051544189453125
2008-06-16,37.67292022705078
2008-06-17,37.67292022705078
2008-06-18,38.2408561706543
2008-06-19,37.483619689941406
2008-06-20,36.726375579833984
2008-06-23,34.18960189819336
2008-06-24,32.48579788208008
2008-06-25,34.45463180541992
2008-06-26,33.432350158691406
2008-06-27,32.94013977050781
2008-06-30,32.75083541870117
2008-07-01,33.84883499145508
2008-07-02,35.439056396484375
2008-07-03,36.08271026611328
2008-07-04,34.45463180541992
2008-07-07,34.719669342041016
2008-07-08,32.44792938232422
2008-07-09,32.410072326660156
2008-07-10,31.42565155029297
2008-07-11,32.94013977050781
2008-07-14,32.29648971557617
2008-07-15,30.289785385131836
2008-07-16,30.516958236694336
2008-07-17,30.630550384521484
2008-07-18,30.251924514770508
2008-07-21,31.955730438232422
2008-07-22,32.44792938232422
2008-07-23,34.68180847167969
2008-07-24,35.36333465576172
2008-07-25,34.22746658325195
2008-07-28,37.650203704833984
2008-07-29,33.053733825683594
2008-07-30,33.12945556640625
2008-07-31,32.22076416015625
2008-08-01,32.25862121582031
2008-08-04,33.243045806884766
2008-08-05,34.833251953125
2008-08-06,37.18070602416992
2008-08-07,41.02372741699219
2008-08-08,39.56603240966797
2008-08-11,38.61948013305664
2008-08-12,41.26982879638672
2008-08-13,42.02707290649414
2008-08-14,42.59501647949219
2008-08-15,41.26982879638672
2008-08-18,38.61948013305664
2008-08-19,41.080528259277344
2008-08-20,41.26982879638672
2008-08-21,39.75533676147461
2008-08-22,40.13396072387695
2008-08-25,39.56603240966797
2008-08-26,39.75533676147461
2008-08-27,41.837772369384766
2008-08-28,40.5125846862793
2008-08-29,40.5125846862793
2008-09-01,38.80878829956055
2008-09-02,40.891212463378906
2008-09-03,38.051544189453125
2008-09-04,38.61948013305664
2008-09-05,37.40788650512695
2008-09-08,39.94465255737305
2008-09-09,37.82436752319336
2008-09-10,39.187408447265625
2008-09-11,38.99808883666992
2008-09-12,40.323280334472656
2008-09-15,37.78651428222656
2008-09-16,35.17401123046875
2008-09-17,37.06713104248047
2008-09-18,35.9691276550293
2008-09-19,38.43016815185547
2008-09-22,40.7018928527832
2008-09-23,42.40570068359375
2008-09-24,42.59501647949219
2008-09-25,42.02707290649414
2008-09-26,39.94465255737305
2008-09-29,43.93912124633789
2008-09-30,37.86223602294922
2008-10-01,35.32546615600586
2008-10-02,34.98469924926758
2008-10-03,34.643943786621094
2008-10-06,32.86441421508789
2008-10-07,32.22076416015625
2008-10-08,32.32611846923828
2008-10-09,30.455291748046875
2008-10-13,29.41110610961914
2008-10-14,31.455968856811523
2008-10-15,33.63134002685547
2008-10-16,33.45730972290039
2008-10-17,35.67618942260742
2008-10-20,36.76388168334961
2008-10-21,36.198280334472656
2008-10-22,37.06843948364258
2008-10-23,35.80672073364258
2008-10-24,34.58850860595703
2008-10-27,32.19559097290039
2008-10-28,33.93589401245117
2008-10-29,32.63066101074219
2008-10-30,34.89305877685547
2008-10-31,36.111263275146484
2008-11-03,35.763206481933594
2008-11-04,36.02425765991211
2008-11-05,34.15342712402344
2008-11-06,32.848201751708984
2008-11-07,33.89237976074219
2008-11-10,31.978057861328125
2008-11-11,29.7591609954834
2008-11-12,29.367597579956055
2008-11-13,27.32274627685547
2008-11-14,26.844160079956055
2008-11-17,24.97333526611328
2008-11-18,23.2330379486084
2008-11-19,21.645008087158203
2008-11-20,20.143999099731445
2008-11-21,21.53624153137207
2008-11-24,22.319374084472656
2008-11-25,22.754451751708984
2008-11-26,22.406387329101562
2008-11-27,23.97266387939453
2008-11-28,24.886320114135742
2008-12-01,24.40773582458496
2008-12-02,22.71094512939453
2008-12-03,21.122913360595703
2008-12-04,20.709598541259766
2008-12-05,20.796611785888672
2008-12-08,22.232362747192383
2008-12-09,23.146018981933594
2008-12-10,24.755800247192383
2008-12-11,25.79997444152832
2008-12-12,24.36423110961914
2008-12-15,25.974010467529297
2008-12-16,25.930496215820312
2008-12-17,25.234375
2008-12-18,25.53893280029297
2008-12-19,25.886995315551758
2008-12-22,24.36423110961914
2008-12-23,23.146018981933594
2008-12-24,22.97199058532715
2008-12-25,22.536916732788086
2008-12-26,22.97199058532715
2008-12-29,22.58041763305664
2008-12-30,24.01616859436035
2008-12-31,23.668109893798828
2009-01-02,23.668109893798828
2009-01-05,25.32139778137207
2009-01-06,27.06170082092285
2009-01-07,27.627300262451172
2009-01-08,25.712966918945312
2009-01-09,26.365581512451172
2009-01-12,25.27788734436035
2009-01-13,26.104534149169922
2009-01-14,25.669458389282227
2009-01-15,24.40773582458496
2009-01-16,24.799306869506836
2009-01-19,25.060352325439453
2009-01-20,24.190196990966797
2009-01-21,24.712289810180664
2009-02-02,25.625947952270508
2009-02-03,26.32206916809082
2009-02-04,26.104534149169922
2009-02-05,25.45191764831543
2009-02-06,24.97333526611328
2009-02-09,25.669458389282227
2009-02-10,26.235050201416016
2009-02-11,26.32206916809082
2009-02-12,25.060352325439453
2009-02-13,25.930496215820312
2009-02-16,26.104534149169922
2009-02-17,25.147361755371094
2009-02-18,25.016843795776367
2009-02-19,25.712966918945312
2009-02-20,25.060352325439453
2009-02-23,25.53893280029297
2009-02-24,24.886320114135742
2009-02-25,24.92982292175293
2009-02-26,25.32139778137207
2009-02-27,25.79997444152832
2009-03-02,24.4947509765625
2009-03-03,24.97333526611328
2009-03-04,26.713638305664062
2009-03-05,26.148038864135742
2009-03-06,26.278562545776367
2009-03-09,25.32139778137207
2009-03-10,25.669458389282227
2009-03-11,25.79997444152832
2009-03-12,26.974681854248047
2009-03-13,28.845510482788086
2009-03-16,29.933198928833008
2009-03-17,31.238422393798828
2009-03-18,31.107900619506836
2009-03-19,30.933874130249023
2009-03-20,30.933874130249023
2009-03-23,32.63066101074219
2009-03-24,32.23909378051758
2009-03-25,33.58782958984375
2009-03-26,33.58782958984375
2009-03-27,33.63134002685547
2009-03-30,31.804027557373047
2009-03-31,32.41313171386719
2009-04-02,34.58850860595703
2009-04-03,34.58850860595703
2009-04-06,36.111263275146484
2009-04-07,35.980751037597656
2009-04-08,34.58850860595703
2009-04-09,35.023582458496094
2009-04-10,34.240447998046875
2009-04-13,35.15409851074219
2009-04-14,36.198280334472656
2009-04-15,35.458656311035156
2009-04-16,35.893733978271484
2009-04-17,34.15342712402344
2009-04-20,34.15342712402344
2009-04-21,34.240447998046875
2009-04-22,36.45932388305664
2009-04-23,37.06843948364258
2009-04-24,36.67686462402344
2009-04-27,34.63200759887695
2009-04-28,33.76185989379883
2009-04-29,33.89237976074219
2009-04-30,36.24180221557617
2009-05-04,37.50351333618164
2009-05-05,35.54568099975586
2009-05-06,36.15477752685547
2009-05-07,35.458656311035156
2009-05-08,37.9385871887207
2009-05-11,39.11329650878906
2009-05-12,39.504859924316406
2009-05-13,42.245826721191406
2009-05-14,40.02695083618164
2009-05-15,40.02695083618164
2009-05-18,39.852928161621094
2009-05-19,40.02695083618164
2009-05-20,40.8971061706543
2009-05-21,41.810760498046875
2009-05-22,42.76791000366211
2009-05-25,40.72306823730469
2009-05-26,39.4178466796875
2009-05-27,40.07046127319336
2009-06-01,40.33149719238281
2009-06-02,40.11396026611328
2009-06-03,39.852928161621094
2009-06-04,38.19963455200195
2009-06-05,38.33015060424805
2009-06-08,36.98141860961914
2009-06-09,34.58850860595703
2009-06-10,35.4151496887207
2009-06-11,35.67618942260742
2009-06-12,34.806053161621094
2009-06-15,32.63066101074219
2009-06-16,33.02223205566406
2009-06-17,32.41313171386719
2009-06-18,31.760517120361328
2009-06-19,32.2826042175293
2009-06-22,33.23977279663086
2009-06-23,32.2826042175293
2009-06-24,33.41380310058594
2009-06-25,34.022911071777344
2009-06-26,33.23977279663086
2009-06-29,33.45730972290039
2009-06-30,34.022911071777344
2009-07-01,34.93656921386719
2009-07-02,35.06708526611328
2009-07-03,35.241119384765625
2009-07-06,35.023582458496094
2009-07-07,35.719703674316406
2009-07-08,35.284629821777344
2009-07-09,35.32813262939453
2009-07-10,35.719703674316406
2009-07-13,34.32745361328125
2009-07-14,34.54500198364258
2009-07-15,36.93791961669922
2009-07-16,37.547019958496094
2009-07-17,38.678218841552734
2009-07-20,38.286643981933594
2009-07-21,38.33015060424805
2009-07-22,38.89575958251953
2009-07-23,39.678890228271484
2009-07-24,38.72172164916992
2009-07-27,39.37434005737305
2009-07-28,39.37434005737305
2009-07-29,38.41717529296875
2009-07-30,38.41717529296875
2009-07-31,40.02695083618164
2009-08-03,39.243812561035156
2009-08-04,38.33015060424805
2009-08-05,38.06911087036133
2009-08-06,37.547019958496094
2009-08-07,41.30173110961914
2009-08-10,37.8515739440918
2009-08-11,37.8515739440918
2009-08-12,38.50419616699219
2009-08-13,40.63606262207031
2009-08-14,39.80941390991211
2009-08-17,39.504859924316406
2009-08-18,37.98208999633789
2009-08-19,37.634037017822266
2009-08-20,36.67686462402344
2009-08-21,36.111263275146484
2009-08-24,37.41649627685547
2009-08-25,36.67686462402344
2009-08-26,36.67686462402344
2009-08-27,36.372314453125
2009-08-28,37.242469787597656
2009-08-31,36.98141860961914
2009-09-01,38.678218841552734
2009-09-02,39.28731918334961
2009-09-03,39.54836654663086
2009-09-04,39.72239685058594
2009-09-07,39.37434005737305
2009-09-08,39.852928161621094
2009-09-09,39.852928161621094
2009-09-10,40.73805236816406
2009-09-11,41.319332122802734
2009-09-14,40.73805236816406
2009-09-15,41.94904708862305
2009-09-16,44.08041000366211
2009-09-17,43.59601593017578
2009-09-18,44.08041000366211
2009-09-21,44.95233154296875
2009-09-22,44.661685943603516
2009-09-23,43.59601593017578
2009-09-24,42.142822265625
2009-09-25,40.44740676879883
2009-09-28,40.05989074707031
2009-09-29,41.27089309692383
2009-09-30,41.367767333984375
2009-10-01,40.786495208740234
2009-10-02,40.54429244995117
2009-10-05,40.39896774291992
2009-10-06,40.592735290527344
2009-10-07,40.786495208740234
2009-10-08,40.10833740234375
2009-10-09,39.23640441894531
2009-10-12,38.99420928955078
2009-10-13,39.575496673583984
2009-10-14,39.817691802978516
2009-10-15,40.011451721191406
2009-10-16,40.44740676879883
2009-10-19,40.54429244995117
2009-10-20,40.786495208740234
2009-10-21,40.44740676879883
2009-10-22,39.47861099243164
2009-10-23,40.011451721191406
2009-10-26,40.39896774291992
2009-10-27,40.15677261352539
2009-10-28,39.623931884765625
2009-10-29,38.800437927246094
2009-10-30,38.89733123779297
2009-11-02,38.60668182373047
2009-11-03,38.267601013183594
2009-11-04,38.99420928955078
2009-11-05,38.8488883972168
2009-11-06,39.1395378112793
2009-11-09,39.091087341308594
2009-11-10,39.6723747253418
2009-11-11,39.86613845825195
2009-11-12,39.7208137512207
2009-11-13,40.39896774291992
2009-11-16,41.367767333984375
2009-11-17,41.125572204589844
2009-11-18,40.980255126953125
2009-11-19,40.980255126953125
2009-11-20,40.592735290527344
2009-11-23,40.44740676879883
2009-11-24,41.27089309692383
2009-11-25,41.028690338134766
2009-11-26,42.142822265625
2009-11-27,41.900604248046875
2009-11-30,43.98352813720703
2009-12-01,44.03197479248047
2009-12-02,43.789772033691406
2009-12-03,43.30535888671875
2009-12-04,42.772525787353516
2009-12-07,43.063175201416016
2009-12-08,42.04593276977539
2009-12-09,42.43345642089844
2009-12-10,41.94904708862305
2009-12-11,42.67565155029297
2009-12-14,42.19125747680664
2009-12-15,41.658416748046875
2009-12-16,41.900604248046875
2009-12-17,41.41621017456055
2009-12-18,41.22245407104492
2009-12-21,42.142822265625
2009-12-22,42.239688873291016
2009-12-23,42.04593276977539
2009-12-24,41.706851959228516
2009-12-25,41.75529098510742
2009-12-28,42.43345642089844
2009-12-29,42.28813552856445
2009-12-30,42.19125747680664
2009-12-31,43.256935119628906
2010-01-04,42.869415283203125
2010-01-05,41.94904708862305
2010-01-06,40.35053634643555
2010-01-07,39.86613845825195
2010-01-08,39.963016510009766
2010-01-11,40.39896774291992
2010-01-12,40.44740676879883
2010-01-13,40.44740676879883
2010-01-14,40.54429244995117
2010-01-15,40.689613342285156
2010-01-18,40.786495208740234
2010-01-19,40.35053634643555
2010-01-20,40.20520782470703
2010-01-21,39.623931884765625
2010-01-22,38.8488883972168
2010-01-25,38.509803771972656
2010-01-26,36.62065124511719
2010-01-27,35.6518440246582
2010-01-28,35.942481994628906
2010-01-29,34.82837677001953
2010-02-01,34.87681198120117
2010-02-02,34.19865798950195
2010-02-03,34.44085693359375
2010-02-04,33.56892776489258
2010-02-05,31.24380874633789
2010-02-08,30.807851791381836
2010-02-09,31.776647567749023
2010-02-10,31.921972274780273
2010-02-22,31.97040367126465
2010-02-23,31.97040367126465
2010-02-24,32.1641731262207
2010-02-25,32.26104736328125
2010-02-26,31.728212356567383
2010-03-01,32.60013198852539
2010-03-02,33.617374420166016
2010-03-03,33.42361068725586
2010-03-04,32.939205169677734
2010-03-05,33.2298469543457
2010-03-08,33.665802001953125
2010-03-09,33.617374420166016
2010-03-10,33.4720573425293
2010-03-11,33.036094665527344
2010-03-12,33.1814079284668
2010-03-15,32.50324249267578
2010-03-16,32.50324249267578
2010-03-17,33.084529876708984
2010-03-18,34.5861701965332
2010-03-19,34.779930114746094
2010-03-22,34.683048248291016
2010-03-23,34.634613037109375
2010-03-24,37.056610107421875
2010-03-25,37.056610107421875
2010-03-26,36.33000564575195
2010-03-29,37.10504913330078
2010-03-30,37.29881286621094
2010-03-31,37.78321075439453
2010-04-01,39.23640441894531
2010-04-02,38.99420928955078
2010-04-06,39.23640441894531
2010-04-07,40.10833740234375
2010-04-08,39.38172912597656
2010-04-09,38.55824661254883
2010-04-12,38.70357131958008
2010-04-13,38.073848724365234
2010-04-14,38.267601013183594
2010-04-15,38.89733123779297
2010-04-16,39.23640441894531
2010-04-19,37.831642150878906
2010-04-20,39.47861099243164
2010-04-21,41.41621017456055
2010-04-22,41.319332122802734
2010-04-23,40.73805236816406
2010-04-26,41.367767333984375
2010-04-27,41.17401123046875
2010-04-28,41.17401123046875
2010-04-29,40.64116287231445
2010-04-30,40.30208969116211
2010-05-03,39.284847259521484
2010-05-04,39.86613845825195
2010-05-05,38.8488883972168
2010-05-06,37.78321075439453
2010-05-07,38.267601013183594
2010-05-10,39.43017578125
2010-05-11,39.623931884765625
2010-05-12,38.46137237548828
2010-05-13,38.75200653076172
2010-05-14,38.75200653076172
2010-05-17,37.88008499145508
2010-05-18,37.056610107421875
2010-05-19,36.281578063964844
2010-05-20,35.167449951171875
2010-05-21,34.10177230834961
2010-05-24,35.74872970581055
2010-05-25,34.15020751953125
2010-05-26,34.44085693359375
2010-05-27,36.57221603393555
2010-05-28,37.734771728515625
2010-05-31,38.21916961669922
2010-06-01,37.78321075439453
2010-06-02,36.81440734863281
2010-06-03,37.541011810302734
2010-06-04,37.444129943847656
2010-06-07,36.33000564575195
2010-06-08,34.5861701965332
2010-06-09,32.50324249267578
2010-06-10,33.036094665527344
2010-06-11,33.4720573425293
2010-06-14,33.811126708984375
2010-06-15,33.617374420166016
2010-06-17,33.71425247192383
2010-06-18,33.71425247192383
2010-06-21,34.779930114746094
2010-06-22,34.5861701965332
2010-06-23,34.44085693359375
2010-06-24,35.55496597290039
2010-06-25,34.29552459716797
2010-06-28,33.95644760131836
2010-06-29,33.617374420166016
2010-06-30,33.90800857543945
2010-07-01,33.37517166137695
2010-07-02,32.98765182495117
2010-07-05,33.617374420166016
2010-07-06,34.44085693359375
2010-07-07,34.634613037109375
2010-07-08,34.53772735595703
2010-07-09,34.39241027832031
2010-07-12,35.1190071105957
2010-07-13,35.89405059814453
2010-07-14,37.10504913330078
2010-07-15,36.47532653808594
2010-07-16,35.312774658203125
2010-07-19,35.60341262817383
2010-07-20,37.056610107421875
2010-07-21,38.025413513183594
2010-07-22,37.201927185058594
2010-07-23,36.57221603393555
2010-07-26,35.942481994628906
2010-07-27,34.87681198120117
2010-07-28,34.489288330078125
2010-07-29,34.634613037109375
2010-07-30,34.925254821777344
2010-08-02,35.60341262817383
2010-08-03,35.312774658203125
2010-08-04,35.60341262817383
2010-08-05,36.08781051635742
2010-08-06,36.669090270996094
2010-08-09,36.37845230102539
2010-08-10,35.700294494628906
2010-08-11,35.36121368408203
2010-08-12,35.84560775756836
2010-08-13,36.62065124511719
2010-08-16,35.942481994628906
2010-08-17,35.60341262817383
2010-08-18,35.700294494628906
2010-08-19,36.717529296875
2010-08-20,36.281578063964844
2010-08-23,35.84560775756836
2010-08-24,36.08781051635742
2010-08-25,35.022132873535156
2010-08-26,34.925254821777344
2010-08-27,34.634613037109375
2010-08-30,35.45808792114258
2010-08-31,34.29552459716797
2010-09-01,34.53772735595703
2010-09-02,34.87681198120117
2010-09-03,35.700294494628906
2010-09-06,35.45808792114258
2010-09-07,35.07056427001953
2010-09-08,34.925254821777344
2010-09-09,35.215885162353516
2010-09-10,34.73149108886719
2010-09-13,34.53772735595703
2010-09-14,34.634613037109375
2010-09-15,35.033287048339844
2010-09-16,35.23261260986328
2010-09-17,35.13295364379883
2010-09-20,34.93361282348633
2010-09-21,36.17946243286133
2010-09-23,36.17946243286133
2010-09-24,35.63129425048828
2010-09-27,35.38212203979492
2010-09-28,35.68112564086914
2010-09-29,36.17946243286133
2010-09-30,35.88045883178711
2010-10-01,35.68112564086914
2010-10-04,35.5316162109375
2010-10-05,35.43195343017578
2010-10-06,36.12963104248047
2010-10-07,36.12963104248047
2010-10-08,35.980125427246094
2010-10-11,36.22929382324219
2010-10-12,35.930294036865234
2010-10-13,37.32564163208008
2010-10-14,38.47182846069336
2010-10-15,38.12298583984375
2010-10-18,38.073158264160156
2010-10-19,37.873809814453125
2010-10-20,39.81733322143555
2010-10-21,40.16618347167969
2010-10-22,40.76418685913086
2010-10-25,41.11302947998047
2010-10-26,40.91368865966797
2010-10-27,41.3621940612793
2010-10-28,41.01336669921875
2010-10-29,40.61468505859375
2010-11-01,40.91368865966797
2010-11-02,40.56485366821289
2010-11-03,39.8671760559082
2010-11-04,41.162864685058594
2010-11-05,41.162864685058594
2010-11-08,41.86054611206055
2010-11-09,41.86054611206055
2010-11-10,42.159549713134766
2010-11-11,42.010040283203125
2010-11-12,41.11302947998047
2010-11-15,40.41534423828125
2010-11-16,40.36551284790039
2010-11-17,40.81401824951172
2010-11-18,42.159549713134766
2010-11-19,42.10969924926758
2010-11-22,43.10638427734375
2010-11-23,42.45854568481445
2010-11-24,43.10638427734375
2010-11-25,45.59808349609375
2010-11-26,46.5449333190918
2010-11-29,46.5449333190918
2010-11-30,46.59476852416992
2010-12-01,46.09642791748047
2010-12-02,45.59808349609375
2010-12-03,47.3422737121582
2010-12-06,50.581478118896484
2010-12-07,50.83064270019531
2010-12-08,50.83064270019531
2010-12-09,54.31903076171875
2010-12-10,54.06985092163086
2010-12-13,55.315704345703125
2010-12-14,53.07319641113281
2010-12-15,52.824012756347656
2010-12-16,52.824012756347656
2010-12-17,53.57152557373047
2010-12-20,50.332313537597656
2010-12-21,51.57815933227539
2010-12-22,51.82733154296875
2010-12-23,55.315704345703125
2010-12-24,53.57152557373047
2010-12-27,54.56820297241211
2010-12-28,54.06985092163086
2010-12-29,51.82733154296875
2010-12-30,52.07649612426758
2010-12-31,53.820682525634766
2011-01-03,53.322349548339844
2011-01-04,55.564876556396484
2011-01-05,54.31903076171875
2011-01-06,52.824012756347656
2011-01-07,53.07319641113281
2011-01-10,54.31903076171875
2011-01-11,58.056575775146484
2011-01-12,58.30574417114258
2011-01-13,57.30906295776367
2011-01-14,57.80740737915039
2011-01-17,58.056575775146484
2011-01-18,57.30906295776367
2011-01-19,58.5549201965332
2011-01-20,58.30574417114258
2011-01-21,59.55159378051758
2011-01-24,58.8040885925293
2011-01-25,58.30574417114258
2011-01-26,59.55159378051758
2011-01-27,59.053260803222656
2011-01-28,60.04994583129883
2011-02-08,59.053260803222656
2011-02-09,58.30574417114258
2011-02-10,57.30906295776367
2011-02-11,55.564876556396484
2011-02-14,57.30906295776367
2011-02-15,58.5549201965332
2011-02-16,57.30906295776367
2011-02-17,57.80740737915039
2011-02-18,60.797454833984375
2011-02-21,61.295780181884766
2011-02-22,61.54494857788086
2011-02-23,58.056575775146484
2011-02-24,60.29909896850586
2011-02-25,61.794124603271484
2011-03-01,66.03002166748047
2011-03-02,67.77420806884766
2011-03-03,68.27254486083984
2011-03-04,69.51838684082031
2011-03-07,68.27254486083984
2011-03-08,67.77420806884766
2011-03-09,67.5250244140625
2011-03-10,65.53167724609375
2011-03-11,65.78083801269531
2011-03-14,65.78083801269531
2011-03-15,61.295780181884766
2011-03-16,63.7874870300293
2011-03-17,62.29246520996094
2011-03-18,63.039974212646484
2011-03-21,65.03334045410156
2011-03-22,65.03334045410156
2011-03-23,65.53167724609375
2011-03-24,64.78416442871094
2011-03-25,64.03665161132812
2011-03-28,63.039974212646484
2011-03-29,65.03334045410156
2011-03-30,69.51838684082031
2011-03-31,72.50843048095703
2011-04-01,71.76091766357422
2011-04-06,75.49846649169922
2011-04-07,76.99348449707031
2011-04-08,78.23931884765625
2011-04-11,77.74099731445312
2011-04-12,73.75426483154297
2011-04-13,75.99679565429688
2011-04-14,80.23268127441406
2011-04-15,78.7376708984375
2011-04-18,83.22272491455078
2011-04-19,82.22605895996094
2011-04-20,87.95696258544922
2011-04-21,87.2094497680664
2011-04-22,87.2094497680664
2011-04-25,86.96028900146484
2011-04-26,86.46192932128906
2011-04-27,88.45528411865234
2011-04-28,89.70114135742188
2011-04-29,89.70114135742188
2011-05-03,86.46192932128906
2011-05-04,92.44200897216797
2011-05-05,93.6878890991211
2011-05-06,96.17955017089844
2011-05-09,94.18621063232422
2011-05-10,92.69120025634766
2011-05-11,91.44534301757812
2011-05-12,89.70114135742188
2011-05-13,86.2127685546875
2011-05-16,86.2127685546875
2011-05-17,88.20613098144531
2011-05-18,87.2094497680664
2011-05-19,85.96359252929688
2011-05-20,88.9536361694336
2011-05-23,89.45197296142578
2011-05-24,86.46192932128906
2011-05-25,86.46192932128906
2011-05-26,91.1961669921875
2011-05-27,91.1961669921875
2011-05-30,90.9469985961914
2011-05-31,93.18953704833984
2011-06-01,99.16959381103516
2011-06-02,93.18953704833984
2011-06-03,95.18289184570312
2011-06-07,96.4287338256836
2011-06-08,98.17292022705078
2011-06-09,97.42542266845703
2011-06-10,92.94036102294922
2011-06-13,92.19285583496094
2011-06-14,93.6878890991211
2011-06-15,91.44534301757812
2011-06-16,85.71443176269531
2011-06-17,83.47190856933594
2011-06-20,85.71443176269531
2011-06-21,89.20280456542969
2011-06-22,93.6878890991211
2011-06-23,90.9469985961914
2011-06-24,91.94367218017578
2011-06-27,92.19285583496094
2011-06-28,90.44865417480469
2011-06-29,90.9469985961914
2011-06-30,90.19949340820312
2011-07-01,94.93370819091797
2011-07-04,95.68122100830078
2011-07-05,98.17292022705078
2011-07-06,104.15299224853516
2011-07-07,102.15963745117188
2011-07-08,106.89386749267578
2011-07-11,103.6546630859375
2011-07-12,99.16959381103516
2011-07-13,102.15963745117188
2011-07-14,99.91712188720703
2011-07-15,102.15963745117188
2011-07-18,104.65135192871094
2011-07-19,111.87727355957031
2011-07-20,116.36234283447266
2011-07-21,116.86068725585938
2011-07-22,115.61481475830078
2011-07-25,115.86398315429688
2011-07-26,123.83743286132812
2011-07-27,132.30917358398438
2011-07-28,131.56167602539062
2011-07-29,125.58161163330078
2011-08-01,134.3025665283203
2011-08-02,135.5484161376953
2011-08-03,134.55169677734375
2011-08-04,125.33243560791016
2011-08-05,116.61148834228516
2011-08-08,115.61481475830078
2011-08-09,116.36234283447266
2011-08-10,123.83743286132812
2011-08-11,124.0865707397461
2011-08-12,124.58493041992188
2011-08-15,128.82081604003906
2011-08-16,124.58493041992188
2011-08-17,115.86398315429688
2011-08-18,117.1098403930664
2011-08-19,109.13640594482422
2011-08-22,101.66128540039062
2011-08-23,108.6380615234375
2011-08-24,113.37227630615234
2011-08-25,105.64802551269531
2011-08-26,108.6380615234375
2011-08-29,105.1496810913086
2011-08-30,112.3755874633789
2011-08-31,113.37227630615234
2011-09-01,109.88388061523438
2011-09-02,110.38226318359375
2011-09-05,111.12975311279297
2011-09-06,107.64136505126953
2011-09-07,114.36896514892578
2011-09-08,118.6048583984375
2011-09-09,117.85733795166016
2011-09-13,113.8706283569336
2011-09-14,106.14639282226562
2011-09-15,103.44876098632812
2011-09-16,100.91326141357422
2011-09-19,94.82805633544922
2011-09-20,94.82805633544922
2011-09-21,94.82805633544922
2011-09-22,89.50347900390625
2011-09-23,83.41825103759766
2011-09-26,77.84012603759766
2011-09-27,83.16471099853516
2011-09-28,88.7428207397461
2011-09-29,92.03897857666016
2011-09-30,90.77122497558594
2011-10-03,88.23572540283203
2011-10-04,90.77122497558594
2011-10-05,86.71441650390625
2011-10-06,89.75702667236328
2011-10-07,86.71441650390625
2011-10-11,92.54608917236328
2011-10-12,94.57450103759766
2011-10-13,96.34934997558594
2011-10-14,95.33517456054688
2011-10-17,88.7428207397461
2011-10-18,82.65760040283203
2011-10-19,77.0794677734375
2011-10-20,77.33302307128906
2011-10-21,75.05106353759766
2011-10-24,80.12208557128906
2011-10-25,84.17890167236328
2011-10-26,84.43246459960938
2011-10-27,89.24992370605469
2011-10-28,92.54608917236328
2011-10-31,86.20731353759766
2011-11-01,88.23572540283203
2011-11-02,90.5176773071289
2011-11-03,86.96797943115234
2011-11-04,87.47505950927734
2011-11-07,89.24992370605469
2011-11-08,87.22151947021484
2011-11-09,83.67181396484375
2011-11-10,78.8543472290039
2011-11-11,79.1078872680664
2011-11-14,83.41825103759766
2011-11-15,82.1504898071289
2011-11-16,82.91114807128906
2011-11-17,86.20731353759766
2011-11-18,85.95375061035156
2011-11-21,85.19313049316406
2011-11-22,80.88275909423828
2011-11-23,80.12208557128906
2011-11-24,74.54397583007812
2011-11-25,69.47296142578125
2011-11-28,68.458740234375
2011-11-29,73.02266693115234
2011-11-30,71.75491333007812
2011-12-01,74.03687286376953
2011-12-02,74.54397583007812
2011-12-05,69.47296142578125
2011-12-06,69.98007202148438
2011-12-07,67.44454956054688
2011-12-08,63.387733459472656
2011-12-09,63.13417053222656
2011-12-12,62.88063049316406
2011-12-13,65.6697006225586
2011-12-14,68.96585845947266
2011-12-15,67.44454956054688
2011-12-16,67.19100189208984
2011-12-19,62.627071380615234
2011-12-20,66.68389892578125
2011-12-21,71.24781799316406
2011-12-22,72.26202392578125
2011-12-23,74.79751586914062
2011-12-26,72.26202392578125
2011-12-27,72.51557159423828
2011-12-28,71.24781799316406
2011-12-29,71.75491333007812
2011-12-30,71.24781799316406
2012-01-02,68.96585845947266
2012-01-03,72.51557159423828
2012-01-04,73.52976989746094
2012-01-05,74.2904281616211
2012-01-06,79.36141967773438
2012-01-09,80.62918853759766
2012-01-10,80.12208557128906
2012-01-11,80.88275909423828
2012-01-12,80.88275909423828
2012-01-13,81.89694213867188
2012-01-16,80.37564086914062
2012-01-17,84.93956756591797
2012-01-18,84.93956756591797
2012-01-30,90.77122497558594
2012-01-31,93.30673217773438
2012-02-01,95.33517456054688
2012-02-02,96.34934997558594
2012-02-03,94.82805633544922
2012-02-06,96.34934997558594
2012-02-07,94.82805633544922
2012-02-08,101.42037200927734
2012-02-09,98.37776947021484
2012-02-10,99.64552307128906
2012-02-13,99.64552307128906
2012-02-14,103.95587921142578
2012-02-15,111.05531311035156
2012-02-16,103.44876098632812
2012-02-17,100.15262603759766
2012-02-20,100.40617370605469
2012-02-21,100.91326141357422
2012-02-22,104.97007751464844
2012-02-23,101.92747497558594
2012-02-24,102.1810302734375
2012-02-29,109.28045654296875
2012-03-01,113.33726501464844
2012-03-02,116.63341522216797
2012-03-05,113.59080505371094
2012-03-06,113.59080505371094
2012-03-07,111.05531311035156
2012-03-08,114.35144805908203
2012-03-09,114.35144805908203
2012-03-12,112.57660675048828
2012-03-13,109.53398895263672
2012-03-14,111.05531311035156
2012-03-15,108.5197982788086
2012-03-16,109.78754425048828
2012-03-19,106.23783874511719
2012-03-20,106.49140167236328
2012-03-21,103.95587921142578
2012-03-22,110.80174255371094
2012-03-23,110.29467010498047
2012-03-26,105.9842758178711
2012-03-27,104.97007751464844
2012-03-28,107.75911712646484
2012-03-29,104.20941925048828
2012-03-30,105.73074340820312
2012-04-02,102.9416732788086
2012-04-03,100.91326141357422
2012-04-05,103.95587921142578
2012-04-06,105.47718811035156
2012-04-09,102.6881332397461
2012-04-10,101.92747497558594
2012-04-11,103.44876098632812
2012-04-12,104.97007751464844
2012-04-13,108.77334594726562
2012-04-16,109.02690887451172
2012-04-17,103.1952133178711
2012-04-18,101.42037200927734
2012-04-19,100.65972900390625
2012-04-20,93.81385040283203
2012-04-23,96.34934997558594
2012-04-24,99.3919677734375
2012-04-25,99.3919677734375
2012-04-26,97.61711120605469
2012-04-27,92.54608917236328
2012-04-30,94.82805633544922
2012-05-02,101.42037200927734
2012-05-03,100.40617370605469
2012-05-04,102.6881332397461
2012-05-07,97.11001586914062
2012-05-08,98.8848648071289
2012-05-09,99.64552307128906
2012-05-10,97.87064361572266
2012-05-11,94.32096099853516
2012-05-14,93.81385040283203
2012-05-15,96.85646057128906
2012-05-16,91.27832794189453
2012-05-17,93.81385040283203
2012-05-18,87.98216247558594
2012-05-21,86.71441650390625
2012-05-22,90.5176773071289
2012-05-23,90.5176773071289
2012-05-24,91.5318832397461
2012-05-25,89.50347900390625
2012-05-28,91.78543853759766
2012-05-29,96.34934997558594
2012-05-30,95.33517456054688
2012-05-31,96.09581756591797
2012-06-01,92.29252624511719
2012-06-04,90.26412200927734
2012-06-05,92.79963684082031
2012-06-06,96.34934997558594
2012-06-07,94.57450103759766
2012-06-08,95.84225463867188
2012-06-11,97.87064361572266
2012-06-12,95.33517456054688
2012-06-13,95.58869171142578
2012-06-14,95.58869171142578
2012-06-15,97.87064361572266
2012-06-18,99.3919677734375
2012-06-19,100.40617370605469
2012-06-20,102.43457794189453
2012-06-21,101.92747497558594
2012-06-22,101.16682434082031
2012-06-25,99.89906311035156
2012-06-26,97.3635482788086
2012-06-27,99.3919677734375
2012-06-28,98.37776947021484
2012-06-29,100.65972900390625
2012-07-02,101.92747497558594
2012-07-03,101.6739273071289
2012-07-04,103.95587921142578
2012-07-05,102.6881332397461
2012-07-06,98.8848648071289
2012-07-09,94.0673828125
2012-07-10,92.54608917236328
2012-07-11,90.01056671142578
2012-07-12,89.50347900390625
2012-07-13,90.26412200927734
2012-07-16,87.7286148071289
2012-07-17,86.71441650390625
2012-07-18,85.70020294189453
2012-07-19,88.99637603759766
2012-07-20,87.47505950927734
2012-07-23,83.67181396484375
2012-07-24,85.70020294189453
2012-07-25,83.92534637451172
2012-07-26,83.16471099853516
2012-07-27,82.40404510498047
2012-07-30,78.8543472290039
2012-07-31,73.52976989746094
2012-08-01,68.458740234375
2012-08-02,68.458740234375
2012-08-03,69.72650909423828
2012-08-06,69.47296142578125
2012-08-07,69.72650909423828
2012-08-08,71.5013656616211
2012-08-09,75.55817413330078
2012-08-10,75.81172943115234
2012-08-13,75.55817413330078
2012-08-14,77.0794677734375
2012-08-15,75.55817413330078
2012-08-16,77.58657836914062
2012-08-17,77.0794677734375
2012-08-20,76.06526947021484
2012-08-21,75.55817413330078
2012-08-22,76.5723876953125
2012-08-23,76.5723876953125
2012-08-24,80.62918853759766
2012-08-27,79.1078872680664
2012-08-28,77.33302307128906
2012-08-29,76.825927734375
2012-08-30,77.8747329711914
2012-08-31,78.39915466308594
2012-09-03,79.71015930175781
2012-09-04,80.75899505615234
2012-09-05,78.92355346679688
2012-09-06,73.9416732788086
2012-09-07,73.9416732788086
2012-09-10,72.8928451538086
2012-09-11,72.36845397949219
2012-09-12,76.563720703125
2012-09-13,74.7282943725586
2012-09-14,76.03931427001953
2012-09-17,79.1857681274414
2012-09-18,79.97236633300781
2012-09-19,79.1857681274414
2012-09-20,79.71015930175781
2012-09-21,79.44796752929688
2012-09-24,78.66134643554688
2012-09-25,74.99048614501953
2012-09-26,73.9416732788086
2012-09-27,72.63064575195312
2012-09-28,72.36845397949219
2012-10-01,72.36845397949219
2012-10-02,74.46607971191406
2012-10-03,73.6794662475586
2012-10-04,73.9416732788086
2012-10-05,72.36845397949219
2012-10-08,71.31962585449219
2012-10-09,67.91097259521484
2012-10-11,67.12435913085938
2012-10-12,67.64875793457031
2012-10-15,66.33773803710938
2012-10-16,68.69758605957031
2012-10-17,70.79520416259766
2012-10-18,70.79520416259766
2012-10-19,69.74639892578125
2012-10-22,72.8928451538086
2012-10-23,71.58182525634766
2012-10-24,72.36845397949219
2012-10-25,69.74639892578125
2012-10-26,66.0755386352539
2012-10-29,62.4046745300293
2012-10-30,66.59994506835938
2012-10-31,66.59994506835938
2012-11-01,66.86214447021484
2012-11-02,65.8133316040039
2012-11-05,66.86214447021484
2012-11-06,67.38655853271484
2012-11-07,67.91097259521484
2012-11-08,67.91097259521484
2012-11-09,70.27081298828125
2012-11-12,70.27081298828125
2012-11-13,67.91097259521484
2012-11-14,70.27081298828125
2012-11-15,70.53301239013672
2012-11-16,72.63064575195312
2012-11-19,74.46607971191406
2012-11-20,72.8928451538086
2012-11-21,73.6794662475586
2012-11-22,73.1550521850586
2012-11-23,74.99048614501953
2012-11-26,75.777099609375
2012-11-27,73.41725158691406
2012-11-28,75.51490020751953
2012-11-29,77.08812713623047
2012-11-30,78.1369400024414
2012-12-03,77.35032653808594
2012-12-04,79.1857681274414
2012-12-05,79.1857681274414
2012-12-06,76.03931427001953
2012-12-07,75.51490020751953
2012-12-10,75.777099609375
2012-12-11,74.20387268066406
2012-12-12,76.563720703125
2012-12-13,76.825927734375
2012-12-14,74.7282943725586
2012-12-17,72.8928451538086
2012-12-18,71.58182525634766
2012-12-19,73.41725158691406
2012-12-20,73.41725158691406
2012-12-21,73.9416732788086
2012-12-24,74.20387268066406
2012-12-25,75.25269317626953
2012-12-26,74.46607971191406
2012-12-27,75.51490020751953
2012-12-28,75.51490020751953
2013-01-02,76.825927734375
2013-01-03,77.35032653808594
2013-01-04,78.1369400024414
2013-01-07,76.03931427001953
2013-01-08,75.51490020751953
2013-01-09,76.563720703125
2013-01-10,72.63064575195312
2013-01-11,73.1550521850586
2013-01-14,69.74639892578125
2013-01-15,67.38655853271484
2013-01-16,67.38655853271484
2013-01-17,66.0755386352539
2013-01-18,67.64875793457031
2013-01-21,68.43537902832031
2013-01-22,68.43537902832031
2013-01-23,67.38655853271484
2013-01-24,66.33773803710938
2013-01-25,66.59994506835938
2013-01-28,67.12435913085938
2013-01-29,69.74639892578125
2013-01-30,68.95978546142578
2013-01-31,69.22198486328125
2013-02-01,69.22198486328125
2013-02-04,68.95978546142578
2013-02-05,69.48419952392578
2013-02-06,70.53301239013672
2013-02-18,70.27081298828125
2013-02-19,71.05741119384766
2013-02-20,73.41725158691406
2013-02-21,71.84403991699219
2013-02-22,72.36845397949219
2013-02-25,71.58182525634766
2013-02-26,70.53301239013672
2013-02-27,70.27081298828125
2013-03-01,70.79520416259766
2013-03-04,70.53301239013672
2013-03-05,70.00859832763672
2013-03-06,67.12435913085938
2013-03-07,67.64875793457031
2013-03-08,67.12435913085938
2013-03-11,66.33773803710938
2013-03-12,68.69758605957031
2013-03-13,68.17316436767578
2013-03-14,68.69758605957031
2013-03-15,68.69758605957031
2013-03-18,67.38655853271484
2013-03-19,67.38655853271484
2013-03-20,67.91097259521484
2013-03-21,66.86214447021484
2013-03-22,67.12435913085938
2013-03-25,67.38655853271484
2013-03-26,67.91097259521484
2013-03-27,68.95978546142578
2013-03-28,70.27081298828125
2013-03-29,71.31962585449219
2013-04-01,73.41725158691406
2013-04-02,73.6794662475586
2013-04-03,75.51490020751953
2013-04-08,76.563720703125
2013-04-09,74.99048614501953
2013-04-10,75.777099609375
2013-04-11,77.08812713623047
2013-04-12,74.99048614501953
2013-04-15,75.51490020751953
2013-04-16,77.35032653808594
2013-04-17,77.08812713623047
2013-04-18,78.1369400024414
2013-04-19,78.39915466308594
2013-04-22,76.825927734375
2013-04-23,74.99048614501953
2013-04-24,76.03931427001953
2013-04-25,76.825927734375
2013-04-26,75.51490020751953
2013-04-29,76.563720703125
2013-04-30,78.39915466308594
2013-05-02,79.1857681274414
2013-05-03,79.1857681274414
2013-05-06,83.90543365478516
2013-05-07,80.23457336425781
2013-05-08,82.06999206542969
2013-05-09,82.33219909667969
2013-05-10,83.90543365478516
2013-05-13,84.16764068603516
2013-05-14,82.59441375732422
2013-05-15,83.38102722167969
2013-05-16,84.69204711914062
2013-05-17,85.47866821289062
2013-05-20,84.95425415039062
2013-05-21,84.95425415039062
2013-05-22,83.38102722167969
2013-05-23,82.06999206542969
2013-05-24,83.11882781982422
2013-05-27,84.42984008789062
2013-05-28,84.42984008789062
2013-05-29,86.52749633789062
2013-05-30,86.52749633789062
2013-05-31,88.62511444091797
2013-06-03,86.2652816772461
2013-06-04,84.69204711914062
2013-06-05,82.85662078857422
2013-06-06,83.38102722167969
2013-06-07,81.02119445800781
2013-06-10,82.33219909667969
2013-06-11,81.54560852050781
2013-06-13,81.80780029296875
2013-06-14,83.38102722167969
2013-06-17,83.90543365478516
2013-06-18,85.2164535522461
2013-06-19,84.42984008789062
2013-06-20,82.59441375732422
2013-06-21,80.75899505615234
2013-06-24,79.71015930175781
2013-06-25,75.51490020751953
2013-06-26,79.97236633300781
2013-06-27,80.75899505615234
2013-06-28,81.80780029296875
2013-07-01,83.90543365478516
2013-07-02,81.28340148925781
2013-07-03,78.1369400024414
2013-07-04,76.03931427001953
2013-07-05,79.71015930175781
2013-07-08,76.825927734375
2013-07-09,76.301513671875
2013-07-10,76.825927734375
2013-07-11,77.6125259399414
2013-07-12,78.39915466308594
2013-07-15,77.6125259399414
2013-07-16,77.8747329711914
2013-07-17,78.1369400024414
2013-07-18,76.03931427001953
2013-07-19,70.79520416259766
2013-07-22,71.31962585449219
2013-07-23,71.31962585449219
2013-07-24,71.05741119384766
2013-07-25,72.36845397949219
2013-07-26,72.36845397949219
2013-07-29,71.31962585449219
2013-07-30,72.63064575195312
2013-07-31,68.17316436767578
2013-08-01,71.31962585449219
2013-08-02,71.05741119384766
2013-08-05,72.8928451538086
2013-08-06,75.51490020751953
2013-08-07,73.9416732788086
2013-08-08,74.99048614501953
2013-08-09,74.99048614501953
2013-08-12,76.03931427001953
2013-08-13,77.08812713623047
2013-08-14,77.35032653808594
2013-08-15,76.563720703125
2013-08-16,76.825927734375
2013-08-19,77.08812713623047
2013-08-20,75.25269317626953
2013-08-22,76.563720703125
2013-08-23,76.03931427001953
2013-08-26,74.99048614501953
2013-08-27,74.20387268066406
2013-08-28,75.25269317626953
2013-08-29,77.168212890625
2013-08-30,77.98915100097656
2013-09-02,77.71550750732422
2013-09-03,81.27290344238281
2013-09-04,80.45197296142578
2013-09-05,81.27290344238281
2013-09-06,80.17832946777344
2013-09-09,79.90467834472656
2013-09-10,80.45197296142578
2013-09-11,80.72561645507812
2013-09-12,81.82019805908203
2013-09-13,80.72561645507812
2013-09-16,80.99925994873047
2013-09-17,81.82019805908203
2013-09-18,84.83030700683594
2013-09-23,86.74583435058594
2013-09-24,88.11405181884766
2013-09-25,87.84041595458984
2013-09-26,85.65123748779297
2013-09-27,85.3775863647461
2013-09-30,85.65123748779297
2013-10-01,89.20864868164062
2013-10-02,87.56675720214844
2013-10-03,90.57687377929688
2013-10-04,90.85051727294922
2013-10-07,86.74583435058594
2013-10-08,87.56675720214844
2013-10-09,88.66134643554688
2013-10-11,90.85051727294922
2013-10-14,88.66134643554688
2013-10-15,88.66134643554688
2013-10-16,88.11405181884766
2013-10-17,89.75594329833984
2013-10-18,90.30322265625
2013-10-21,92.4924087524414
2013-10-22,93.31333923339844
2013-10-23,92.21876525878906
2013-10-24,95.22885131835938
2013-10-25,92.4924087524414
2013-10-28,93.0396957397461
2013-10-29,93.0396957397461
2013-10-30,94.13426971435547
2013-10-31,93.58698272705078
2013-11-01,94.13426971435547
2013-11-04,98.7862548828125
2013-11-05,97.6916732788086
2013-11-06,98.23896026611328
2013-11-07,99.05989074707031
2013-11-08,96.87073516845703
2013-11-11,98.51260375976562
2013-11-12,99.05989074707031
2013-11-13,97.96531677246094
2013-11-14,97.41802978515625
2013-11-15,97.14439392089844
2013-11-18,98.23896026611328
2013-11-19,98.51260375976562
2013-11-20,97.6916732788086
2013-11-21,94.95519256591797
2013-11-22,94.68154907226562
2013-11-25,95.50248718261719
2013-11-26,95.50248718261719
2013-11-27,95.22885131835938
2013-11-28,96.59708404541016
2013-11-29,98.51260375976562
2013-12-02,98.7862548828125
2013-12-03,98.7862548828125
2013-12-04,99.05989074707031
2013-12-05,99.33353424072266
2013-12-06,105.62741088867188
2013-12-09,105.35377502441406
2013-12-10,107.81656646728516
2013-12-11,107.81656646728516
2013-12-12,105.08011627197266
2013-12-13,103.4382553100586
2013-12-16,102.34367370605469
2013-12-17,103.4382553100586
2013-12-18,106.72199249267578
2013-12-19,105.90106964111328
2013-12-20,101.79637145996094
2013-12-23,104.80648803710938
2013-12-24,104.80648803710938
2013-12-25,101.79637145996094
2013-12-26,102.6173095703125
2013-12-27,104.25918579101562
2013-12-30,106.99565124511719
2013-12-31,105.90106964111328
2014-01-02,107.81656646728516
2014-01-03,106.72199249267578
2014-01-06,104.25918579101562
2014-01-07,106.44834899902344
2014-01-08,106.44834899902344
2014-01-09,109.18480682373047
2014-01-10,111.10032653808594
2014-01-13,111.64762115478516
2014-01-14,109.18480682373047
2014-01-15,111.92127227783203
2014-01-16,111.10032653808594
2014-01-17,111.10032653808594
2014-01-20,113.56314086914062
2014-01-21,113.28951263427734
2014-01-22,115.20502471923828
2014-01-23,113.0158462524414
2014-01-24,112.19491577148438
2014-01-27,110.55303192138672
2014-02-05,110.00575256347656
2014-02-06,113.83680725097656
2014-02-07,120.404296875
2014-02-10,117.9415054321289
2014-02-11,119.58336639404297
2014-02-12,125.05626678466797
2014-02-13,120.404296875
2014-02-14,116.8469009399414
2014-02-17,119.3097152709961
2014-02-18,119.85700988769531
2014-02-19,119.03605651855469
2014-02-20,117.9415054321289
2014-02-21,118.21514129638672
2014-02-24,119.85700988769531
2014-02-25,120.404296875
2014-02-26,122.59346771240234
2014-02-27,120.404296875
2014-03-03,121.77251434326172
2014-03-04,120.404296875
2014-03-05,119.3097152709961
2014-03-06,120.95159149169922
2014-03-07,122.31982421875
2014-03-10,122.31982421875
2014-03-11,121.4989013671875
2014-03-12,120.404296875
2014-03-13,120.404296875
2014-03-14,118.21514129638672
2014-03-17,118.4887924194336
2014-03-18,120.404296875
2014-03-19,120.404296875
2014-03-20,117.9415054321289
2014-03-21,116.8469009399414
2014-03-24,119.85700988769531
2014-03-25,120.95159149169922
2014-03-26,122.04618835449219
2014-03-27,121.4989013671875
2014-03-28,120.67794799804688
2014-03-31,120.67794799804688
2014-04-01,122.04618835449219
2014-04-02,123.96170806884766
2014-04-03,125.32991790771484
2014-04-07,123.68804931640625
2014-04-08,123.4144058227539
2014-04-09,125.05626678466797
2014-04-10,123.68804931640625
2014-04-11,122.59346771240234
2014-04-14,122.04618835449219
2014-04-15,120.67794799804688
2014-04-16,127.24542999267578
2014-04-17,130.8028564453125
2014-04-18,129.70828247070312
2014-04-21,130.8028564453125
2014-04-22,134.0865936279297
2014-04-23,135.1811981201172
2014-04-24,143.93788146972656
2014-04-25,140.38047790527344
2014-04-28,149.95811462402344
2014-04-29,149.68441772460938
2014-04-30,139.28587341308594
2014-05-02,140.65411376953125
2014-05-05,147.76889038085938
2014-05-06,146.12701416015625
2014-05-07,143.11692810058594
2014-05-08,141.7487030029297
2014-05-09,142.02235412597656
2014-05-12,140.38047790527344
2014-05-13,142.84329223632812
2014-05-14,143.39059448242188
2014-05-15,142.84329223632812
2014-05-16,143.93788146972656
2014-05-19,146.67431640625
2014-05-20,145.85337829589844
2014-05-21,144.4851837158203
2014-05-22,147.76889038085938
2014-05-23,153.24183654785156
2014-05-26,153.78916931152344
2014-05-27,151.8736114501953
2014-05-28,151.8736114501953
2014-05-29,151.59994506835938
2014-05-30,146.67431640625
2014-06-03,151.0526885986328
2014-06-04,153.24183654785156
2014-06-05,154.33642578125
2014-06-06,155.43101501464844
2014-06-09,155.97830200195312
2014-06-10,160.90394592285156
2014-06-11,160.90394592285156
2014-06-12,158.16744995117188
2014-06-13,157.8938446044922
2014-06-16,155.43101501464844
2014-06-17,154.88372802734375
2014-06-18,154.88372802734375
2014-06-19,156.79925537109375
2014-06-20,155.97830200195312
2014-06-23,152.14723205566406
2014-06-24,143.39059448242188
2014-06-25,149.41079711914062
2014-06-26,151.59994506835938
2014-06-27,150.50538635253906
2014-06-30,152.42091369628906
2014-07-01,150.50538635253906
2014-07-02,152.14723205566406
2014-07-03,153.78916931152344
2014-07-04,149.95811462402344
2014-07-07,155.1573486328125
2014-07-08,155.43101501464844
2014-07-09,153.78916931152344
2014-07-10,154.6100616455078
2014-07-11,152.96817016601562
2014-07-14,150.50538635253906
2014-07-15,153.78916931152344
2014-07-16,151.3263397216797
2014-07-17,149.95811462402344
2014-07-18,153.24183654785156
2014-07-21,152.14723205566406
2014-07-22,151.59994506835938
2014-07-23,151.59994506835938
2014-07-24,154.6100616455078
2014-07-25,149.95811462402344
2014-07-28,143.11692810058594
2014-07-29,136.54942321777344
2014-07-30,140.10682678222656
2014-07-31,135.7284698486328
2014-08-01,140.65411376953125
2014-08-04,143.39059448242188
2014-08-05,138.46495056152344
2014-08-06,142.5696563720703
2014-08-07,139.0122528076172
2014-08-08,143.11692810058594
2014-08-11,148.3162078857422
2014-08-12,156.251953125
2014-08-13,157.07286071777344
2014-08-14,158.4411163330078
2014-08-15,158.16744995117188
2014-08-18,155.1573486328125
2014-08-19,160.35665893554688
2014-08-20,160.08297729492188
2014-08-21,161.45123291015625
2014-08-22,161.72486877441406
2014-08-25,162.2721710205078
2014-08-26,164.4613037109375
2014-08-27,168.29238891601562
2014-08-28,168.0187225341797
2014-08-29,165.82958984375
2014-09-01,168.56600952148438
2014-09-02,163.64039611816406
2014-09-03,169.66061401367188
2014-09-04,168.56600952148438
2014-09-05,166.10321044921875
2014-09-09,165.82958984375
2014-09-10,167.1977996826172
2014-09-11,166.10321044921875
2014-09-12,158.71475219726562
2014-09-15,159.80935668945312
2014-09-16,158.71475219726562
2014-09-17,161.44386291503906
2014-09-18,161.72216796875
2014-09-19,166.1758270263672
2014-09-22,162.27890014648438
2014-09-23,160.8871307373047
2014-09-24,162.00057983398438
2014-09-25,154.20669555664062
2014-09-26,150.30979919433594
2014-09-29,153.6500244140625
2014-09-30,156.99021911621094
2014-10-01,155.04177856445312
2014-10-02,158.38198852539062
2014-10-03,163.67066955566406
2014-10-06,158.93869018554688
2014-10-07,155.32009887695312
2014-10-08,154.76339721679688
2014-10-09,154.76339721679688
2014-10-13,147.80462646484375
2014-10-14,150.8665008544922
2014-10-15,143.62937927246094
2014-10-16,144.4644317626953
2014-10-17,136.1138916015625
2014-10-20,141.959228515625
2014-10-21,140.84585571289062
2014-10-22,141.959228515625
2014-10-23,142.51596069335938
2014-10-24,138.8973846435547
2014-10-27,136.39219665527344
2014-10-28,145.85617065429688
2014-10-29,148.08299255371094
2014-10-30,145.0211181640625
2014-10-31,142.51596069335938
2014-11-03,145.29945373535156
2014-11-04,147.52627563476562
2014-11-05,144.74276733398438
2014-11-06,145.29945373535156
2014-11-07,146.4128875732422
2014-11-10,144.18603515625
2014-11-11,139.45407104492188
2014-11-12,133.052001953125
2014-11-13,133.8870391845703
2014-11-14,135.27880859375
2014-11-17,137.50563049316406
2014-11-18,139.45407104492188
2014-11-19,137.78396606445312
2014-11-20,139.732421875
2014-11-21,142.23757934570312
2014-11-24,141.12420654296875
2014-11-25,140.56752014160156
2014-11-26,146.4128875732422
2014-11-27,146.134521484375
2014-11-28,145.85617065429688
2014-12-01,146.9695587158203
2014-12-02,143.62937927246094
2014-12-03,144.74276733398438
2014-12-04,144.74276733398438
2014-12-05,148.361328125
2014-12-08,145.29945373535156
2014-12-09,141.959228515625
2014-12-10,139.45407104492188
2014-12-11,139.45407104492188
2014-12-12,140.84585571289062
2014-12-15,139.1757354736328
2014-12-16,131.9385986328125
2014-12-17,130.26846313476562
2014-12-18,126.92826843261719
2014-12-19,129.71177673339844
2014-12-22,134.7220916748047
2014-12-23,133.60870361328125
2014-12-24,134.1654052734375
2014-12-25,134.7220916748047
2014-12-26,134.7220916748047
2014-12-29,135.27880859375
2014-12-30,137.50563049316406
2014-12-31,137.22726440429688
2015-01-05,138.8973846435547
2015-01-06,135.27880859375
2015-01-07,137.22726440429688
2015-01-08,141.12420654296875
2015-01-09,141.959228515625
2015-01-12,140.84585571289062
2015-01-13,142.23757934570312
2015-01-14,140.84585571289062
2015-01-15,144.4644317626953
2015-01-16,143.35101318359375
2015-01-19,144.18603515625
2015-01-20,148.63966369628906
2015-01-21,151.97991943359375
2015-01-22,151.97991943359375
2015-01-23,156.99021911621094
2015-01-26,155.32009887695312
2015-01-27,155.04177856445312
2015-01-28,158.10365295410156
2015-01-29,154.20669555664062
2015-01-30,155.04177856445312
2015-02-02,155.04177856445312
2015-02-03,160.3304443359375
2015-02-04,161.1654815673828
2015-02-05,158.66033935546875
2015-02-06,155.32009887695312
2015-02-09,156.15518188476562
2015-02-10,158.10365295410156
2015-02-11,158.10365295410156
2015-02-12,160.3304443359375
2015-02-13,162.83558654785156
2015-02-24,163.39231872558594
2015-02-25,162.27890014648438
2015-02-26,159.77371215820312
2015-03-02,160.8871307373047
2015-03-03,159.77371215820312
2015-03-04,157.8252716064453
2015-03-05,160.8871307373047
2015-03-06,165.89749145507812
2015-03-09,165.3407745361328
2015-03-10,165.3407745361328
2015-03-11,166.45416259765625
2015-03-12,163.67066955566406
2015-03-13,160.8871307373047
2015-03-16,160.05209350585938
2015-03-17,160.05209350585938
2015-03-18,163.67066955566406
2015-03-19,168.68099975585938
2015-03-20,180.37173461914062
2015-03-23,192.06248474121094
2015-03-24,190.39239501953125
2015-03-25,188.44393920898438
2015-03-26,187.3305206298828
2015-03-27,181.76351928710938
2015-03-30,184.26866149902344
2015-03-31,182.59860229492188
2015-04-01,187.60891723632812
2015-04-02,187.60891723632812
2015-04-07,200.6913604736328
2015-04-08,194.8460235595703
2015-04-09,192.6191864013672
2015-04-10,194.8460235595703
2015-04-13,192.89756774902344
2015-04-14,195.68109130859375
2015-04-15,194.28929138183594
2015-04-16,194.8460235595703
2015-04-17,195.95944213867188
2015-04-20,195.40274047851562
2015-04-21,197.6295623779297
2015-04-22,210.99041748046875
2015-04-23,208.76361083984375
2015-04-24,209.5986328125
2015-04-27,211.54713439941406
2015-04-28,209.32028198242188
2015-04-29,194.8460235595703
2015-04-30,200.4130859375
2015-05-04,194.8460235595703
2015-05-05,196.51611328125
2015-05-06,194.8460235595703
2015-05-07,190.39239501953125
2015-05-08,188.7222900390625
2015-05-11,195.95944213867188
2015-05-12,193.73260498046875
2015-05-13,196.7944793701172
2015-05-14,193.1759033203125
2015-05-15,190.6707305908203
2015-05-18,189.2790069580078
2015-05-19,197.0728302001953
2015-05-20,194.8460235595703
2015-05-21,191.5058135986328
2015-05-22,196.51611328125
2015-05-25,201.2481231689453
2015-05-26,202.63986206054688
2015-05-27,201.80477905273438
2015-05-28,202.63986206054688
2015-05-29,200.4130859375
2015-06-01,198.7429656982422
2015-06-02,195.40274047851562
2015-06-03,198.1862335205078
2015-06-04,189.835693359375
2015-06-05,192.6191864013672
2015-06-08,192.6191864013672
2015-06-09,193.73260498046875
2015-06-10,202.918212890625
2015-06-11,202.08309936523438
2015-06-12,200.4130859375
2015-06-15,201.5264434814453
2015-06-16,199.85635375976562
2015-06-17,199.85635375976562
2015-06-18,197.90786743164062
2015-06-22,199.2996063232422
2015-06-23,209.87701416015625
2015-06-24,210.71205139160156
2015-06-25,211.54713439941406
2015-06-26,213.77391052246094
2015-06-29,210.1553497314453
2015-06-30,214.88734436035156
2015-07-01,218.2275390625
2015-07-02,218.78424072265625
2015-07-03,217.39248657226562
2015-07-06,215.72238159179688
2015-07-07,212.93887329101562
2015-07-08,205.42337036132812
2015-07-09,211.54713439941406
2015-07-10,211.54713439941406
2015-07-13,212.10382080078125
2015-07-14,206.53677368164062
2015-07-15,208.76361083984375
2015-07-16,208.76361083984375
2015-07-17,211.54713439941406
2015-07-20,214.33067321777344
2015-07-21,209.87701416015625
2015-07-22,199.85635375976562
2015-07-23,195.95944213867188
2015-07-24,193.73260498046875
2015-07-27,185.660400390625
2015-07-28,190.39239501953125
2015-07-29,185.38211059570312
2015-07-30,183.7119903564453
2015-07-31,193.73260498046875
2015-08-03,187.05218505859375
2015-08-04,174.80470275878906
2015-08-05,188.7222900390625
2015-08-06,190.114013671875
2015-08-07,195.40274047851562
2015-08-10,202.08309936523438
2015-08-11,197.3511962890625
2015-08-12,198.7429656982422
2015-08-13,202.918212890625
2015-08-14,201.80477905273438
2015-08-17,192.89756774902344
2015-08-18,192.6191864013672
2015-08-19,189.2790069580078
2015-08-20,186.4454803466797
2015-08-21,172.5612335205078
2015-08-24,166.8942108154297
2015-08-25,180.21173095703125
2015-08-26,177.94491577148438
2015-08-27,189.84571838378906
2015-08-28,184.1786651611328
2015-08-31,188.14556884765625
2015-09-01,183.89529418945312
2015-09-02,182.1952362060547
2015-09-03,185.31207275390625
2015-09-04,175.96145629882812
2015-09-07,177.94491577148438
2015-09-08,178.51161193847656
2015-09-09,191.262451171875
2015-09-10,188.14556884765625
2015-09-11,188.14556884765625
2015-09-14,192.11251831054688
2015-09-15,188.99562072753906
2015-09-16,192.67922973632812
2015-09-17,194.09596252441406
2015-09-18,196.36279296875
2015-09-21,191.82916259765625
2015-09-22,196.0794219970703
2015-09-23,193.2459259033203
2015-09-24,185.31207275390625
2015-09-25,191.5458526611328
2015-09-29,191.5458526611328
2015-09-30,198.62960815429688
2015-10-01,200.3297119140625
2015-10-02,201.17979431152344
2015-10-05,197.49620056152344
2015-10-06,198.34625244140625
2015-10-07,200.3297119140625
2015-10-08,200.04635620117188
2015-10-12,198.62960815429688
2015-10-13,199.76304626464844
2015-10-14,197.21282958984375
2015-10-15,194.3793487548828
2015-10-16,187.57888793945312
2015-10-19,183.61195373535156
2015-10-20,182.76193237304688
2015-10-21,185.31207275390625
2015-10-22,186.7288360595703
2015-10-23,190.41241455078125
2015-10-26,193.8126220703125
2015-10-27,183.89529418945312
2015-10-28,183.04525756835938
2015-10-29,182.1952362060547
2015-10-30,181.34512329101562
2015-11-02,181.0618133544922
2015-11-03,187.57888793945312
2015-11-04,190.41241455078125
2015-11-05,191.5458526611328
2015-11-06,191.5458526611328
2015-11-09,184.1786651611328
2015-11-10,183.04525756835938
2015-11-11,180.7784423828125
2015-11-12,176.24484252929688
2015-11-13,176.52816772460938
2015-11-16,175.67813110351562
2015-11-17,177.94491577148438
2015-11-18,177.37820434570312
2015-11-19,181.34512329101562
2015-11-20,179.64505004882812
2015-11-23,181.34512329101562
2015-11-24,181.34512329101562
2015-11-25,179.64505004882812
2015-11-26,181.34512329101562
2015-11-27,180.21173095703125
2015-11-30,179.07833862304688
2015-12-01,182.4785614013672
2015-12-02,184.1786651611328
2015-12-03,181.34512329101562
2015-12-04,179.9283905029297
2015-12-07,181.91183471679688
2015-12-08,182.4785614013672
2015-12-09,183.61195373535156
2015-12-10,178.51161193847656
2015-12-11,170.29440307617188
2015-12-14,164.91078186035156
2015-12-15,159.81040954589844
2015-12-16,159.52708435058594
2015-12-17,164.91078186035156
2015-12-18,160.66046142578125
2015-12-21,160.09373474121094
2015-12-22,161.51052856445312
2015-12-23,163.77732849121094
2015-12-24,164.34405517578125
2015-12-25,163.21063232421875
2015-12-28,159.81040954589844
2015-12-29,157.26025390625
2015-12-30,157.26025390625
2015-12-31,156.4102020263672
2016-01-04,154.42672729492188
2016-01-05,150.17645263671875
2016-01-06,142.24258422851562
2016-01-07,128.07501220703125
2016-01-08,124.95813751220703
2016-01-11,125.80818176269531
2016-01-12,115.32418060302734
2016-01-13,122.1246337890625
2016-01-14,123.8247299194336
2016-01-15,123.8247299194336
2016-01-18,124.10807800292969
2016-01-19,131.47525024414062
2016-01-20,121.84127044677734
2016-01-21,124.39144134521484
2016-01-22,124.39144134521484
2016-01-25,129.4917755126953
2016-01-26,127.50830841064453
2016-01-27,126.65826416015625
2016-01-28,130.34182739257812
2016-01-29,138.55905151367188
2016-02-01,142.80929565429688
2016-02-02,137.42562866210938
2016-02-03,134.59210205078125
2016-02-15,131.47525024414062
2016-02-16,141.95924377441406
2016-02-17,139.97579956054688
2016-02-18,142.80929565429688
2016-02-19,143.3760223388672
2016-02-22,143.09268188476562
2016-02-23,139.97579956054688
2016-02-24,141.6759033203125
2016-02-25,142.5259552001953
2016-02-26,147.3429412841797
2016-03-01,155.84349060058594
2016-03-02,157.82696533203125
2016-03-03,153.57667541503906
2016-03-04,156.12684631347656
2016-03-07,154.42672729492188
2016-03-08,153.00997924804688
2016-03-09,154.99342346191406
2016-03-10,152.7266082763672
2016-03-11,155.56015014648438
2016-03-14,159.2437286376953
2016-03-15,156.4102020263672
2016-03-16,159.81040954589844
2016-03-17,158.3936309814453
2016-03-18,166.8942108154297
2016-03-21,164.0606689453125
2016-03-22,161.51052856445312
2016-03-23,160.66046142578125
2016-03-24,155.84349060058594
2016-03-25,151.02650451660156
2016-03-28,143.6593780517578
2016-03-29,142.5259552001953
2016-03-30,151.30984497070312
2016-03-31,149.6097412109375
2016-04-01,146.77621459960938
2016-04-06,149.04306030273438
2016-04-07,144.22605895996094
2016-04-08,144.79275512695312
2016-04-11,147.05960083007812
2016-04-12,145.92617797851562
2016-04-13,150.7431640625
2016-04-14,152.7266082763672
2016-04-15,149.6097412109375
2016-04-18,142.80929565429688
2016-04-19,134.3087615966797
2016-04-20,137.70896911621094
2016-04-21,135.44216918945312
2016-04-22,132.32528686523438
2016-04-25,133.1753387451172
2016-04-26,134.02542114257812
2016-04-27,132.32528686523438
2016-04-28,131.47525024414062
2016-04-29,128.64170837402344
2016-05-03,124.67477416992188
2016-05-04,121.27458190917969
2016-05-05,114.47412109375
2016-05-06,121.27458190917969
2016-05-09,120.70787811279297
2016-05-10,122.4079818725586
2016-05-11,119.00774383544922
2016-05-12,122.4079818725586
2016-05-13,119.29113006591797
2016-05-16,121.84127044677734
2016-05-17,124.95813751220703
2016-05-18,126.09152221679688
2016-05-19,124.67477416992188
2016-05-20,130.90853881835938
2016-05-23,143.6593780517578
2016-05-24,141.1092071533203
2016-05-25,136.5755615234375
2016-05-26,136.8589324951172
2016-05-27,139.40908813476562
2016-05-30,140.25912475585938
2016-05-31,140.54249572753906
2016-06-01,142.24258422851562
2016-06-02,138.8423614501953
2016-06-03,140.82582092285156
2016-06-06,137.42562866210938
2016-06-07,139.97579956054688
2016-06-08,139.97579956054688
2016-06-13,139.97579956054688
2016-06-14,142.5259552001953
2016-06-15,140.25912475585938
2016-06-16,134.59210205078125
2016-06-17,135.44216918945312
2016-06-20,138.27566528320312
2016-06-21,138.27566528320312
2016-06-22,140.25912475585938
2016-06-23,140.25912475585938
2016-06-24,135.44216918945312
2016-06-27,132.8920135498047
2016-06-28,133.45872497558594
2016-06-29,135.72549438476562
2016-06-30,134.59210205078125
2016-07-01,135.44216918945312
2016-07-04,135.44216918945312
2016-07-05,131.19189453125
2016-07-06,125.24150085449219
2016-07-07,124.39144134521484
2016-07-08,124.39144134521484
2016-07-11,124.67477416992188
2016-07-12,128.3583526611328
2016-07-13,130.0584716796875
2016-07-14,130.0584716796875
2016-07-15,136.0088653564453
2016-07-18,138.27566528320312
2016-07-19,137.42562866210938
2016-07-20,135.44216918945312
2016-07-21,136.0088653564453
2016-07-22,135.15879821777344
2016-07-25,133.1753387451172
2016-07-26,130.6251678466797
2016-07-27,131.47525024414062
2016-07-28,127.22496032714844
2016-07-29,125.80818176269531
2016-08-01,127.50830841064453
2016-08-02,127.50830841064453
2016-08-03,126.94161224365234
2016-08-04,124.39144134521484
2016-08-05,123.8247299194336
2016-08-08,124.95813751220703
2016-08-09,123.25802612304688
2016-08-10,120.99121856689453
2016-08-11,118.72441101074219
2016-08-12,120.70787811279297
2016-08-15,124.10807800292969
2016-08-16,123.8247299194336
2016-08-17,123.54138946533203
2016-08-18,127.50830841064453
2016-08-19,125.80818176269531
2016-08-22,126.37491607666016
2016-08-23,126.65826416015625
2016-08-24,128.64170837402344
2016-08-25,129.4917755126953
2016-08-26,127.7916488647461
2016-08-29,129.4917755126953
2016-08-30,131.19189453125
2016-08-31,129.4917755126953
2016-09-01,128.07501220703125
2016-09-02,126.94161224365234
2016-09-05,129.77513122558594
2016-09-06,131.19189453125
2016-09-07,137.1422576904297
2016-09-08,142.16685485839844
2016-09-09,142.16685485839844
2016-09-12,141.28018188476562
2016-09-13,141.5757293701172
2016-09-14,148.96485900878906
2016-09-19,159.01409912109375
2016-09-20,156.35400390625
2016-09-21,156.9451141357422
2016-09-22,154.5806427001953
2016-09-23,157.24070739746094
2016-09-26,152.21609497070312
2016-09-27,152.21609497070312
2016-09-28,152.21609497070312
2016-09-29,153.39834594726562
2016-09-30,150.73825073242188
2016-10-03,151.03382873535156
2016-10-04,154.8761749267578
2016-10-05,151.92054748535156
2016-10-06,146.30479431152344
2016-10-07,144.82696533203125
2016-10-11,145.4180908203125
2016-10-12,147.78260803222656
2016-10-13,146.600341796875
2016-10-14,143.94029235839844
2016-10-17,144.23582458496094
2016-10-18,146.0092315673828
2016-10-19,147.487060546875
2016-10-20,148.07815551757812
2016-10-21,147.78260803222656
2016-10-24,145.4180908203125
2016-10-25,148.37374877929688
2016-10-26,146.30479431152344
2016-10-27,145.4180908203125
2016-10-28,145.4180908203125
2016-10-31,146.30479431152344
2016-11-01,143.94029235839844
2016-11-02,135.3688507080078
2016-11-03,133.0043487548828
2016-11-04,131.52650451660156
2016-11-07,135.66445922851562
2016-11-08,137.7333984375
2016-11-09,130.9353790283203
2016-11-10,134.1865997314453
2016-11-11,127.9797592163086
2016-11-14,126.20635986328125
2016-11-15,126.5019302368164
2016-11-16,125.91080474853516
2016-11-17,126.20635986328125
2016-11-18,129.75314331054688
2016-11-21,131.8220977783203
2016-11-22,133.2999267578125
2016-11-23,131.8220977783203
2016-11-24,129.75314331054688
2016-11-25,131.23095703125
2016-11-28,138.02894592285156
2016-11-29,140.98458862304688
2016-11-30,136.84671020507812
2016-12-01,140.39346313476562
2016-12-02,140.39346313476562
2016-12-05,137.7333984375
2016-12-06,139.50680541992188
2016-12-07,138.02894592285156
2016-12-08,138.32452392578125
2016-12-09,138.02894592285156
2016-12-12,139.2112274169922
2016-12-13,138.9156494140625
2016-12-14,139.80235290527344
2016-12-15,141.28018188476562
2016-12-16,139.2112274169922
2016-12-19,135.66445922851562
2016-12-20,134.1865997314453
2016-12-21,133.0043487548828
2016-12-22,130.04869079589844
2016-12-23,130.9353790283203
2016-12-26,130.9353790283203
2016-12-27,131.8220977783203
2016-12-28,132.41322326660156
2016-12-29,130.63983154296875
2016-12-30,132.41322326660156
2017-01-03,133.2999267578125
2017-01-04,132.41322326660156
2017-01-05,130.9353790283203
2017-01-06,131.8220977783203
2017-01-09,132.41322326660156
2017-01-10,131.8220977783203
2017-01-11,129.16200256347656
2017-01-12,126.79750061035156
2017-01-13,127.68418884277344
2017-01-16,129.45758056640625
2017-01-17,131.8220977783203
2017-01-18,130.9353790283203
2017-01-19,137.43783569335938
2017-01-20,143.34913635253906
2017-01-23,144.23582458496094
2017-01-24,150.73825073242188
2017-02-02,148.07815551757812
2017-02-03,151.32940673828125
2017-02-06,151.32940673828125
2017-02-07,153.98948669433594
2017-02-08,154.5806427001953
2017-02-09,152.80723571777344
2017-02-10,157.24070739746094
2017-02-13,158.4229736328125
2017-02-14,156.05844116210938
2017-02-15,159.01409912109375
2017-02-16,157.8318328857422
2017-02-17,154.28504943847656
2017-02-20,150.73825073242188
2017-02-21,152.80723571777344
2017-02-22,152.80723571777344
2017-02-23,151.62496948242188
2017-02-24,151.92054748535156
2017-03-01,149.5559844970703
2017-03-02,152.80723571777344
2017-03-03,152.80723571777344
2017-03-06,153.69390869140625
2017-03-07,154.8761749267578
2017-03-08,153.98948669433594
2017-03-09,151.62496948242188
2017-03-10,151.92054748535156
2017-03-13,151.62496948242188
2017-03-14,161.67417907714844
2017-03-15,157.5362548828125
2017-03-16,159.9008026123047
2017-03-17,166.69879150390625
2017-03-20,172.31451416015625
2017-03-21,174.08790588378906
2017-03-22,172.61007690429688
2017-03-23,171.13226318359375
2017-03-24,168.76773071289062
2017-03-27,168.17660522460938
2017-03-28,165.5165252685547
2017-03-29,171.42782592773438
2017-03-30,171.13226318359375
2017-03-31,177.3391571044922
2017-04-05,176.7480010986328
2017-04-06,180.88589477539062
2017-04-07,177.93026733398438
2017-04-10,177.0435791015625
2017-04-11,176.7480010986328
2017-04-12,176.15689086914062
2017-04-13,176.7480010986328
2017-04-14,171.42782592773438
2017-04-17,171.72340393066406
2017-04-18,172.31451416015625
2017-04-19,168.47219848632812
2017-04-20,171.13226318359375
2017-04-21,171.42782592773438
2017-04-24,172.31451416015625
2017-04-25,179.70367431640625
2017-04-26,183.54600524902344
2017-04-27,182.3637237548828
2017-04-28,183.25045776367188
2017-05-02,182.3637237548828
2017-05-03,183.8415985107422
2017-05-04,185.3194122314453
2017-05-05,183.8415985107422
2017-05-08,189.7528533935547
2017-05-09,199.21096801757812
2017-05-10,194.48193359375
2017-05-11,190.9351348876953
2017-05-12,188.57061767578125
2017-05-15,195.36863708496094
2017-05-16,193.2996826171875
2017-05-17,196.846435546875
2017-05-18,190.04847717285156
2017-05-19,188.57061767578125
2017-05-22,187.68389892578125
2017-05-23,191.52627563476562
2017-05-24,192.70855712890625
2017-05-25,190.9351348876953
2017-05-26,191.52627563476562
2017-05-31,187.97947692871094
2017-06-01,189.16171264648438
2017-06-02,190.343994140625
2017-06-05,200.39321899414062
2017-06-06,209.26019287109375
2017-06-07,204.53114318847656
2017-06-08,209.26019287109375
2017-06-09,211.6246795654297
2017-06-12,210.4424591064453
2017-06-13,207.7823486328125
2017-06-14,213.3980712890625
2017-06-15,210.4424591064453
2017-06-16,213.98924255371094
2017-06-19,211.6246795654297
2017-06-20,217.53599548339844
2017-06-21,218.1271514892578
2017-06-22,216.35374450683594
2017-06-23,215.1714630126953
2017-06-26,219.90052795410156
2017-06-27,219.90052795410156
2017-06-28,215.46705627441406
2017-06-29,213.98924255371094
2017-06-30,214.87591552734375
2017-07-03,215.7626190185547
2017-07-04,212.51138305664062
2017-07-05,218.71827697753906
2017-07-06,221.08274841308594
2017-07-07,217.53599548339844
2017-07-10,218.71827697753906
2017-07-11,223.4473419189453
2017-07-12,226.9940948486328
2017-07-13,224.9251251220703
2017-07-14,228.17637634277344
2017-07-17,228.17637634277344
2017-07-18,226.40293884277344
2017-07-19,222.85617065429688
2017-07-20,216.94488525390625
2017-07-21,212.51138305664062
2017-07-24,218.1271514892578
2017-07-25,218.1271514892578
2017-07-26,214.28477478027344
2017-07-27,215.7626190185547
2017-07-28,210.4424591064453
2017-07-31,205.12225341796875
2017-08-01,215.7626190185547
2017-08-02,221.67393493652344
2017-08-03,222.5605926513672
2017-08-04,223.1517333984375
2017-08-07,231.7230987548828
2017-08-08,227.585205078125
2017-08-09,225.8118133544922
2017-08-10,220.78726196289062
2017-08-11,219.90052795410156
2017-08-14,220.1960906982422
2017-08-15,218.1271514892578
2017-08-16,218.1271514892578
2017-08-17,223.1517333984375
2017-08-18,219.30943298339844
2017-08-21,219.60498046875
2017-08-22,223.7428741455078
2017-08-23,221.08274841308594
2017-08-24,222.85617065429688
2017-08-25,229.0630340576172
2017-08-28,225.51626586914062
2017-08-29,225.8118133544922
2017-08-30,224.9251251220703
2017-08-31,226.9940948486328
2017-09-01,226.69857788085938
2017-09-04,221.08274841308594
2017-09-05,219.90052795410156
2017-09-06,218.71827697753906
2017-09-07,213.98924255371094
2017-09-08,212.51138305664062
2017-09-11,212.51138305664062
2017-09-12,208.37351989746094
2017-09-13,198.02870178222656
2017-09-14,198.33335876464844
2017-09-15,201.6846160888672
2017-09-18,198.63804626464844
2017-09-19,195.28675842285156
2017-09-20,188.2795867919922
2017-09-21,190.10755920410156
2017-09-22,182.7957305908203
2017-09-25,174.5699005126953
2017-09-26,174.26524353027344
2017-09-27,175.17922973632812
2017-09-28,176.3978729248047
2017-09-29,172.13262939453125
2017-10-02,190.71688842773438
2017-10-03,186.14694213867188
2017-10-05,192.54478454589844
2017-10-06,199.85667419433594
2017-10-11,195.89610290527344
2017-10-12,195.28675842285156
2017-10-13,190.41221618652344
2017-10-16,190.10755920410156
2017-10-17,188.58424377441406
2017-10-18,185.23300170898438
2017-10-19,184.01438903808594
2017-10-20,184.92832946777344
2017-10-23,187.3656005859375
2017-10-24,187.9749298095703
2017-10-25,188.58424377441406
2017-10-26,190.71688842773438
2017-10-27,180.35842895507812
2017-10-30,191.630859375
2017-10-31,194.9821014404297
2017-11-01,199.5519561767578
2017-11-02,200.16131591796875
2017-11-03,200.16131591796875
2017-11-06,204.73121643066406
2017-11-07,203.2079315185547
2017-11-08,198.63804626464844
2017-11-09,200.77059936523438
2017-11-10,205.64515686035156
2017-11-13,200.77059936523438
2017-11-14,205.3405303955078
2017-11-15,201.37997436523438
2017-11-16,198.63804626464844
2017-11-17,201.07525634765625
2017-11-20,198.63804626464844
2017-11-21,202.90328979492188
2017-11-22,211.1290740966797
2017-11-23,207.16847229003906
2017-11-24,208.6917724609375
2017-11-27,205.03582763671875
2017-11-28,202.90328979492188
2017-11-29,204.73121643066406
2017-11-30,196.81004333496094
2017-12-01,200.16131591796875
2017-12-04,202.29393005371094
2017-12-05,202.29393005371094
2017-12-06,189.49827575683594
2017-12-07,189.49827575683594
2017-12-08,190.71688842773438
2017-12-11,196.2007293701172
2017-12-12,193.15414428710938
2017-12-13,192.54478454589844
2017-12-14,194.9821014404297
2017-12-15,196.2007293701172
2017-12-18,198.33335876464844
2017-12-19,199.247314453125
2017-12-20,200.16131591796875
2017-12-21,201.98928833007812
2017-12-22,203.51255798339844
2017-12-25,200.77059936523438
2017-12-26,191.93548583984375
2017-12-27,195.28675842285156
2017-12-28,200.16131591796875
2017-12-29,199.85667419433594
2018-01-02,201.07525634765625
2018-01-03,203.2079315185547
2018-01-04,204.1219024658203
2018-01-05,204.1219024658203
2018-01-08,199.247314453125
2018-01-09,200.77059936523438
2018-01-10,194.37278747558594
2018-01-11,197.72402954101562
2018-01-12,202.5985870361328
2018-01-15,203.2079315185547
2018-01-16,205.9498291015625
2018-01-17,201.98928833007812
2018-01-18,202.29393005371094
2018-01-19,204.4265594482422
2018-01-22,204.73121643066406
2018-01-23,202.5985870361328
2018-01-24,201.6846160888672
2018-01-25,197.72402954101562
2018-01-26,198.94265747070312
2018-01-29,201.6846160888672
2018-01-30,197.11471557617188
2018-01-31,203.51255798339844
2018-02-01,203.2079315185547
2018-02-02,215.39430236816406
2018-02-05,211.1290740966797
2018-02-06,205.64515686035156
2018-02-07,208.9964599609375
2018-02-08,205.3405303955078
2018-02-09,203.2079315185547
2018-02-12,197.72402954101562
2018-02-21,208.6917724609375
2018-02-22,212.65235900878906
2018-02-23,213.26165771484375
2018-02-26,218.44085693359375
2018-02-27,215.698974609375
2018-03-01,213.26165771484375
2018-03-02,212.65235900878906
2018-03-05,212.95700073242188
2018-03-06,222.0968017578125
2018-03-07,219.96417236328125
2018-03-08,219.35487365722656
2018-03-09,220.87814331054688
2018-03-12,223.62008666992188
2018-03-13,220.87814331054688
2018-03-14,219.05020141601562
2018-03-15,219.96417236328125
2018-03-16,220.5735321044922
2018-03-19,220.5735321044922
2018-03-20,222.0968017578125
2018-03-21,223.31546020507812
2018-03-22,220.5735321044922
2018-03-23,219.35487365722656
2018-03-26,218.7455596923828
2018-03-27,226.05740356445312
2018-03-28,221.79214477539062
2018-03-29,220.2688751220703
2018-03-30,216.3082733154297
2018-04-02,217.83157348632812
2018-04-03,215.0896453857422
2018-04-09,217.5269317626953
2018-04-10,221.79214477539062
2018-04-11,218.13619995117188
2018-04-12,223.92477416992188
2018-04-13,220.87814331054688
2018-04-16,225.44805908203125
2018-04-17,220.2688751220703
2018-04-18,222.0968017578125
2018-04-19,226.05740356445312
2018-04-20,211.73837280273438
2018-04-23,204.1219024658203
2018-04-24,198.33335876464844
2018-04-25,198.94265747070312
2018-04-26,198.94265747070312
2018-04-27,194.9821014404297
2018-04-30,201.6846160888672
2018-05-02,202.90328979492188
2018-05-03,195.89610290527344
2018-05-04,193.15414428710938
2018-05-07,203.81719970703125
2018-05-08,204.73121643066406
2018-05-09,205.9498291015625
2018-05-10,205.9498291015625
2018-05-11,210.8244171142578
2018-05-14,216.3082733154297
2018-05-15,211.1290740966797
2018-05-16,210.215087890625
2018-05-17,207.77781677246094
2018-05-18,208.38711547851562
2018-05-21,216.9176025390625
2018-05-22,216.3082733154297
2018-05-23,208.6917724609375
2018-05-24,208.6917724609375
2018-05-25,211.73837280273438
2018-05-28,210.215087890625
2018-05-29,210.215087890625
2018-05-30,210.8244171142578
2018-05-31,212.34771728515625
2018-06-01,216.9176025390625
2018-06-04,221.48748779296875
2018-06-05,222.70614624023438
2018-06-06,222.0968017578125
2018-06-07,217.83157348632812
2018-06-08,210.8244171142578
2018-06-11,211.73837280273438
2018-06-12,209.910400390625
2018-06-13,211.43370056152344
2018-06-14,209.6057586669922
2018-06-15,214.78497314453125
2018-06-19,213.26165771484375
2018-06-20,210.5196990966797
2018-06-21,208.6917724609375
2018-06-22,203.51255798339844
2018-06-25,201.6846160888672
2018-06-26,205.64515686035156
2018-06-27,202.5985870361328
2018-06-28,203.51255798339844
2018-06-29,207.77781677246094
2018-07-02,204.4265594482422
2018-07-03,203.51255798339844
2018-07-04,208.38711547851562
2018-07-05,208.38711547851562
2018-07-06,204.73121643066406
2018-07-09,207.16847229003906
2018-07-10,208.9964599609375
2018-07-11,205.03582763671875
2018-07-12,211.1290740966797
2018-07-13,218.13619995117188
2018-07-16,221.79214477539062
2018-07-17,219.35487365722656
2018-07-18,223.31546020507812
2018-07-19,227.8852996826172
2018-07-20,223.31546020507812
2018-07-23,223.01075744628906
2018-07-24,230.3226318359375
2018-07-25,230.3226318359375
2018-07-26,226.97134399414062
2018-07-27,229.4086456298828
2018-07-30,229.1039581298828
2018-07-31,229.4086456298828
2018-08-01,233.6738739013672
2018-08-02,221.79214477539062
2018-08-03,226.05740356445312
2018-08-06,226.362060546875
2018-08-07,229.4086456298828
2018-08-08,228.19000244140625
2018-08-09,227.8852996826172
2018-08-10,230.3226318359375
2018-08-13,221.79214477539062
2018-08-14,221.79214477539062
2018-08-15,221.1827850341797
2018-08-16,224.22938537597656
2018-08-17,220.2688751220703
2018-08-20,219.65953063964844
2018-08-21,223.31546020507812
2018-08-22,219.35487365722656
2018-08-23,222.0968017578125
2018-08-24,219.65953063964844
2018-08-27,222.40145874023438
2018-08-28,224.53407287597656
2018-08-29,226.97134399414062
2018-08-30,226.97134399414062
2018-08-31,229.4086456298828
2018-09-03,229.1039581298828
2018-09-04,226.97134399414062
2018-09-05,225.44805908203125
2018-09-06,223.01075744628906
2018-09-07,219.65953063964844
2018-09-10,213.26165771484375
2018-09-11,214.1756134033203
2018-09-12,208.6917724609375
2018-09-13,213.56631469726562
2018-09-14,218.13619995117188
2018-09-17,219.65953063964844
2018-09-18,217.13833618164062
2018-09-19,221.86557006835938
2018-09-20,212.72622680664062
2018-09-21,213.98681640625
2018-09-25,211.78077697753906
2018-09-26,212.4110870361328
2018-09-27,213.0413818359375
2018-09-28,211.78077697753906
2018-10-01,215.5625762939453
2018-10-02,211.15049743652344
2018-10-03,205.79290771484375
2018-10-04,202.32627868652344
2018-10-05,199.48992919921875
2018-10-08,202.32627868652344
2018-10-09,194.1323699951172
2018-10-11,174.90821838378906
2018-10-12,182.47181701660156
2018-10-15,180.26577758789062
2018-10-16,192.24143981933594
2018-10-17,197.59902954101562
2018-10-18,197.2838897705078
2018-10-19,196.96868896484375
2018-10-22,198.54444885253906
2018-10-23,191.61117553710938
2018-10-24,193.18695068359375
2018-10-25,189.7202911376953
2018-10-26,186.5688018798828
2018-10-29,188.14453125
2018-10-30,187.82937622070312
2018-10-31,196.3384246826172
2018-11-01,190.98086547851562
2018-11-02,188.77481079101562
2018-11-05,182.78695678710938
2018-11-06,168.29010009765625
2018-11-07,170.18096923828125
2018-11-08,165.45372009277344
2018-11-09,169.2355194091797
2018-11-12,166.71435546875
2018-11-13,161.6719207763672
2018-11-14,161.04164123535156
2018-11-15,156.94468688964844
2018-11-16,159.46588134765625
2018-11-19,166.39918518066406
2018-11-20,165.45372009277344
2018-11-21,161.35678100585938
2018-11-22,154.73863220214844
2018-11-23,151.90228271484375
2018-11-26,155.99923706054688
2018-11-27,152.5325927734375
2018-11-28,157.57498168945312
2018-11-29,159.15074157714844
2018-11-30,166.71435546875
2018-12-03,178.69003295898438
2018-12-04,168.92037963867188
2018-12-05,165.7688751220703
2018-12-06,149.38107299804688
2018-12-07,148.7507781982422
2018-12-10,138.35084533691406
2018-12-11,136.7750701904297
2018-12-12,143.39324951171875
2018-12-13,144.96897888183594
2018-12-14,141.81748962402344
2018-12-17,142.13262939453125
2018-12-18,139.9265899658203
2018-12-19,143.70838928222656
2018-12-20,141.18719482421875
2018-12-21,141.81748962402344
2018-12-24,143.0780792236328
2018-12-25,139.29627990722656
2018-12-26,139.61143493652344
2018-12-27,142.13262939453125
2018-12-28,141.81748962402344
2019-01-02,143.70838928222656
2019-01-03,135.5144805908203
2019-01-04,125.74482727050781
2019-01-07,133.3084259033203
2019-01-08,129.84176635742188
2019-01-09,134.56903076171875
2019-01-10,133.6235809326172
2019-01-11,133.6235809326172
2019-01-14,130.1569061279297
2019-01-15,131.41754150390625
2019-01-16,132.36300659179688
2019-01-17,133.93873596191406
2019-01-18,141.50234985351562
2019-01-21,144.65383911132812
2019-01-22,139.61143493652344
2019-01-23,138.03565979003906
2019-01-24,141.81748962402344
2019-01-25,143.70838928222656
2019-01-28,144.65383911132812
2019-01-29,145.2841339111328
2019-01-30,145.9144287109375
2019-02-11,150.3265380859375
2019-02-12,154.42349243164062
2019-02-13,148.12049865722656
2019-02-14,148.4356231689453
2019-02-15,147.8053436279297
2019-02-18,153.79319763183594
2019-02-19,154.42349243164062
2019-02-20,156.94468688964844
2019-02-21,155.68408203125
2019-02-22,159.15074157714844
2019-02-25,157.2598419189453
2019-02-26,152.5325927734375
2019-02-27,147.4901580810547
2019-03-04,147.8053436279297
2019-03-05,147.4901580810547
2019-03-06,147.17501831054688
2019-03-07,140.55690002441406
2019-03-08,138.66600036621094
2019-03-11,137.40538024902344
2019-03-12,139.29627990722656
2019-03-13,143.70838928222656
2019-03-14,143.0780792236328
2019-03-15,144.3386688232422
2019-03-18,144.65383911132812
2019-03-19,145.9144287109375
2019-03-20,146.54473876953125
2019-03-21,147.4901580810547
2019-03-22,145.59930419921875
2019-03-25,142.44776916503906
2019-03-26,142.76290893554688
2019-03-27,146.22958374023438
2019-03-28,146.22958374023438
2019-03-29,149.38107299804688
2019-04-01,155.36891174316406
2019-04-02,157.57498168945312
2019-04-03,155.05377197265625
2019-04-08,153.79319763183594
2019-04-09,156.3143768310547
2019-04-10,161.35678100585938
2019-04-11,166.0840606689453
2019-04-12,164.50827026367188
2019-04-15,164.82345581054688
2019-04-16,165.7688751220703
2019-04-17,164.82345581054688
2019-04-18,158.83560180664062
2019-04-19,159.46588134765625
2019-04-22,157.2598419189453
2019-04-23,162.61737060546875
2019-04-24,164.193115234375
2019-04-25,163.87799072265625
2019-04-26,158.83560180664062
2019-04-29,159.46588134765625
2019-04-30,154.10836791992188
2019-05-02,157.57498168945312
2019-05-03,163.56283569335938
2019-05-06,158.52041625976562
2019-05-07,158.83560180664062
2019-05-08,156.3143768310547
2019-05-09,151.27200317382812
2019-05-10,150.01136779785156
2019-05-13,139.61143493652344
2019-05-14,139.9265899658203
2019-05-15,140.2417449951172
2019-05-16,135.19932556152344
2019-05-17,132.36300659179688
2019-05-20,132.6781463623047
2019-05-21,131.73268127441406
2019-05-22,130.1569061279297
2019-05-23,122.90847778320312
2019-05-24,125.4296875
2019-05-27,122.90847778320312
2019-05-28,121.01756286621094
2019-05-29,120.07213592529297
2019-05-30,121.64789581298828
2019-05-31,121.01756286621094
2019-06-03,121.9630355834961
2019-06-04,120.07213592529297
2019-06-05,120.38728332519531
2019-06-06,120.07213592529297
2019-06-10,123.22362518310547
2019-06-11,128.26602172851562
2019-06-12,132.36300659179688
2019-06-13,134.56903076171875
2019-06-14,137.09024047851562
2019-06-17,136.7750701904297
2019-06-18,137.40538024902344
2019-06-19,138.98114013671875
2019-06-20,140.55690002441406
2019-06-21,140.87205505371094
2019-06-24,139.29627990722656
2019-06-25,140.2417449951172
2019-06-26,138.66600036621094
2019-06-27,140.55690002441406
2019-06-28,140.2417449951172
2019-07-01,143.70838928222656
2019-07-02,142.76290893554688
2019-07-03,139.9265899658203
2019-07-04,141.18719482421875
2019-07-05,144.96897888183594
2019-07-08,145.9144287109375
2019-07-09,143.0780792236328
2019-07-10,147.4901580810547
2019-07-11,144.3386688232422
2019-07-12,143.70838928222656
2019-07-15,144.96897888183594
2019-07-16,146.54473876953125
2019-07-17,144.3386688232422
2019-07-18,140.55690002441406
2019-07-19,142.44776916503906
2019-07-22,142.44776916503906
2019-07-23,144.65383911132812
2019-07-24,144.96897888183594
2019-07-25,145.59930419921875
2019-07-26,147.4901580810547
2019-07-29,144.3386688232422
2019-07-30,144.0235137939453
2019-07-31,145.59930419921875
2019-08-01,146.22958374023438
2019-08-02,140.55690002441406
2019-08-05,132.9932861328125
2019-08-06,132.36300659179688
2019-08-07,129.84176635742188
2019-08-08,130.1569061279297
2019-08-12,137.40538024902344
2019-08-13,136.45993041992188
2019-08-14,139.29627990722656
2019-08-15,136.7750701904297
2019-08-16,136.45993041992188
2019-08-19,137.09024047851562
2019-08-20,140.2417449951172
2019-08-21,141.18719482421875
2019-08-22,138.03565979003906
2019-08-23,138.03565979003906
2019-08-26,134.25389099121094
2019-08-27,134.56903076171875
2019-08-28,134.88417053222656
2019-08-29,136.14476013183594
2019-08-30,138.98114013671875
2019-09-02,139.29627990722656
2019-09-03,140.87205505371094
2019-09-04,144.96897888183594
2019-09-05,143.70838928222656
2019-09-06,144.65383911132812
2019-09-10,143.0780792236328
2019-09-11,147.17501831054688
2019-09-12,148.12049865722656
2019-09-16,150.44525146484375
2019-09-17,151.10948181152344
2019-09-18,153.76632690429688
2019-09-19,153.43421936035156
2019-09-20,153.43421936035156
2019-09-23,153.43421936035156
2019-09-24,154.76266479492188
2019-09-25,156.7553253173828
2019-09-26,155.42686462402344
2019-09-27,156.09109497070312
2019-10-01,165.72225952148438
2019-10-02,166.71856689453125
2019-10-03,163.0653533935547
2019-10-04,164.0616912841797
2019-10-07,174.6891632080078
2019-10-08,172.69654846191406
2019-10-09,167.38279724121094
2019-10-14,171.03598022460938
2019-10-15,169.0433349609375
2019-10-16,170.3717803955078
2019-10-17,172.69654846191406
2019-10-18,171.03598022460938
2019-10-21,169.37542724609375
2019-10-22,171.7001953125
2019-10-23,170.3717803955078
2019-10-24,171.7001953125
2019-10-25,172.03231811523438
2019-10-28,172.36444091796875
2019-10-29,171.36810302734375
2019-10-30,172.36444091796875
2019-10-31,171.36810302734375
2019-11-01,176.0176239013672
2019-11-04,186.97723388671875
2019-11-05,186.6450958251953
2019-11-06,184.3203125
2019-11-07,182.65980529785156
2019-11-08,185.31663513183594
2019-11-11,169.37542724609375
2019-11-12,172.69654846191406
2019-11-13,171.36810302734375
2019-11-14,171.7001953125
2019-11-15,184.3203125
2019-11-18,184.3203125
2019-11-19,184.6524200439453
2019-11-20,181.6634521484375
2019-11-21,179.3386993408203
2019-11-22,177.67813110351562
2019-11-25,173.36074829101562
2019-11-26,171.7001953125
2019-11-27,175.02130126953125
2019-11-28,171.36810302734375
2019-11-29,165.72225952148438
2019-12-02,163.3974609375
2019-12-03,166.71856689453125
2019-12-04,165.72225952148438
2019-12-05,167.05068969726562
2019-12-06,168.0469970703125
2019-12-09,168.71119689941406
2019-12-10,165.72225952148438
2019-12-11,165.72225952148438
2019-12-12,160.07638549804688
2019-12-13,162.0690460205078
2019-12-16,160.74061584472656
2019-12-17,163.3974609375
2019-12-18,164.39381408691406
2019-12-19,161.07272338867188
2019-12-20,161.40484619140625
2019-12-23,162.73326110839844
2019-12-24,161.07272338867188
2019-12-25,161.40484619140625
2019-12-26,161.40484619140625
2019-12-27,160.40850830078125
2019-12-30,152.43789672851562
2019-12-31,150.77737426757812
2020-01-02,154.09844970703125
2020-01-03,156.7553253173828
2020-01-06,157.7516326904297
2020-01-07,155.75897216796875
2020-01-08,154.4305419921875
2020-01-09,157.08743286132812
2020-01-10,156.7553253173828
2020-01-13,162.0690460205078
2020-01-14,162.0690460205078
2020-01-15,161.40484619140625
2020-01-16,166.0543670654297
2020-01-17,164.72593688964844
2020-01-20,169.0433349609375
2020-01-30,160.40850830078125
2020-01-31,162.0690460205078
2020-02-03,158.4158477783203
2020-02-04,159.74429321289062
2020-02-05,157.41954040527344
2020-02-06,160.07638549804688
2020-02-07,156.7553253173828
2020-02-10,153.43421936035156
2020-02-11,156.09109497070312
2020-02-12,161.40484619140625
2020-02-13,160.74061584472656
2020-02-14,163.0653533935547
2020-02-17,164.0616912841797
2020-02-18,163.3974609375
2020-02-19,165.0580291748047
2020-02-20,169.37542724609375
2020-02-21,171.36810302734375
2020-02-24,172.69654846191406
2020-02-25,168.37911987304688
2020-02-26,166.0543670654297
2020-02-27,157.41954040527344
2020-03-02,155.42686462402344
2020-03-03,156.09109497070312
2020-03-04,157.7516326904297
2020-03-05,160.74061584472656
2020-03-06,157.41954040527344
2020-03-09,149.78102111816406
2020-03-10,151.10948181152344
2020-03-11,146.45993041992188
2020-03-12,133.50770568847656
2020-03-13,126.53341674804688
2020-03-16,124.20864868164062
2020-03-17,125.20500183105469
2020-03-18,127.52975463867188
2020-03-19,117.56649017333984
2020-03-20,124.87287139892578
2020-03-23,120.88756561279297
2020-03-24,127.1976318359375
2020-03-25,129.5224151611328
2020-03-26,130.51873779296875
2020-03-27,126.86551666259766
2020-03-30,127.1976318359375
2020-03-31,129.85450744628906
2020-04-01,133.83981323242188
2020-04-06,134.17193603515625
2020-04-07,134.5040283203125
2020-04-08,135.5003662109375
2020-04-09,133.17559814453125
2020-04-10,131.1829376220703
2020-04-13,131.1829376220703
2020-04-14,134.8361358642578
2020-04-15,141.8104248046875
2020-04-16,144.1351776123047
2020-04-17,144.1351776123047
2020-04-20,147.12417602539062
2020-04-21,143.13885498046875
2020-04-22,141.8104248046875
2020-04-23,146.12782287597656
2020-04-24,145.79571533203125
2020-04-27,149.4489288330078
2020-04-28,150.77737426757812
2020-04-29,151.4416046142578
2020-04-30,151.4416046142578
2020-05-04,153.43421936035156
2020-05-05,156.09109497070312
2020-05-06,155.42686462402344
2020-05-07,156.09109497070312
2020-05-08,160.40850830078125
2020-05-11,160.07638549804688
2020-05-12,156.7553253173828
2020-05-13,159.08006286621094
2020-05-14,154.4305419921875
2020-05-15,154.4305419921875
2020-05-18,148.7847137451172
2020-05-19,148.7847137451172
2020-05-20,144.46728515625
2020-05-21,140.14987182617188
2020-05-22,136.1645965576172
2020-05-25,140.81410217285156
2020-05-26,144.46728515625
2020-05-27,143.80307006835938
2020-05-28,143.47093200683594
2020-05-29,144.7993927001953
2020-06-01,145.79571533203125
2020-06-02,146.12782287597656
2020-06-03,145.79571533203125
2020-06-04,150.11314392089844
2020-06-05,150.11314392089844
2020-06-08,149.78102111816406
2020-06-09,148.4525909423828
2020-06-10,149.11680603027344
2020-06-11,149.4489288330078
2020-06-12,145.46359252929688
2020-06-15,144.1351776123047
2020-06-16,148.12049865722656
2020-06-17,147.45626831054688
2020-06-18,148.12049865722656
2020-06-19,147.78836059570312
2020-06-22,148.12049865722656
2020-06-23,147.78836059570312
2020-06-24,147.78836059570312
2020-06-29,145.13153076171875
2020-06-30,147.45626831054688
2020-07-01,153.43421936035156
2020-07-02,153.10211181640625
2020-07-03,152.10580444335938
2020-07-06,155.42686462402344
2020-07-07,153.76632690429688
2020-07-08,153.43421936035156
2020-07-09,154.09844970703125
2020-07-10,150.11314392089844
2020-07-13,156.09109497070312
2020-07-14,154.09844970703125
2020-07-15,152.77000427246094
2020-07-16,153.43421936035156
2020-07-17,151.773681640625
2020-07-20,151.10948181152344
2020-07-21,149.4489288330078
2020-07-22,147.78836059570312
2020-07-23,146.12782287597656
2020-07-24,142.80674743652344
2020-07-27,140.48199462890625
2020-07-28,143.13885498046875
2020-07-29,142.80674743652344
2020-07-30,143.47093200683594
2020-07-31,143.47093200683594
2020-08-03,143.80307006835938
2020-08-04,145.46359252929688
2020-08-05,144.7993927001953
2020-08-06,146.45993041992188
2020-08-07,150.44525146484375
2020-08-10,150.11314392089844
2020-08-11,146.7920379638672
2020-08-12,145.46359252929688
2020-08-13,139.81776428222656
2020-08-14,136.8287811279297
2020-08-17,136.8287811279297
2020-08-18,136.8287811279297
2020-08-19,130.18661499023438
2020-08-20,126.53341674804688
2020-08-21,135.16822814941406
2020-08-24,140.81410217285156
2020-08-25,140.81410217285156
2020-08-26,141.4783172607422
2020-08-27,135.5003662109375
2020-08-28,137.82510375976562
2020-08-31,133.17559814453125
2020-09-01,135.16822814941406
2020-09-02,135.5003662109375
2020-09-03,135.84954833984375
2020-09-04,135.84954833984375
2020-09-07,132.35733032226562
2020-09-08,133.4049835205078
2020-09-09,131.30960083007812
2020-09-10,129.2142791748047
2020-09-11,131.6588592529297
2020-09-14,132.70652770996094
2020-09-15,132.70652770996094
2020-09-16,130.9604034423828
2020-09-17,129.9127197265625
2020-09-18,129.2142791748047
2020-09-21,125.37276458740234
2020-09-22,125.72199249267578
2020-09-23,124.32504272460938
2020-09-24,122.57894134521484
2020-09-25,122.92815399169922
2020-09-28,123.27738952636719
2020-09-29,122.57894134521484
2020-09-30,126.76966094970703
2020-10-05,125.72199249267578
2020-10-06,123.9758529663086
2020-10-07,125.37276458740234
2020-10-08,124.32504272460938
2020-10-12,125.72199249267578
2020-10-13,125.72199249267578
2020-10-14,124.32504272460938
2020-10-15,123.9758529663086
2020-10-16,126.42044067382812
2020-10-19,126.76966094970703
2020-10-20,125.72199249267578
2020-10-21,123.62661743164062
2020-10-22,126.76966094970703
2020-10-23,130.61117553710938
2020-10-26,127.46809387207031
2020-10-27,128.16656494140625
2020-10-28,126.42044067382812
2020-10-29,128.51580810546875
2020-10-30,126.07122802734375
2020-11-02,125.02351379394531
2020-11-03,129.5634765625
2020-11-04,128.16656494140625
2020-11-05,129.2142791748047
2020-11-06,129.9127197265625
2020-11-09,129.5634765625
2020-11-10,130.9604034423828
2020-11-11,130.9604034423828
2020-11-12,133.05577087402344
2020-11-13,133.4049835205078
2020-11-16,132.00808715820312
2020-11-17,131.30960083007812
2020-11-18,133.7542266845703
2020-11-19,134.10345458984375
2020-11-20,134.80191040039062
2020-11-23,134.10345458984375
2020-11-24,133.7542266845703
2020-11-25,134.80191040039062
2020-11-26,135.84954833984375
2020-11-27,135.84954833984375
2020-11-30,131.30960083007812
2020-12-01,133.7542266845703
2020-12-02,135.5003662109375
2020-12-03,136.54803466796875
2020-12-04,137.9449462890625
2020-12-07,136.8972625732422
2020-12-08,137.2465057373047
2020-12-09,144.9294891357422
2020-12-10,141.43724060058594
2020-12-11,140.73880004882812
2020-12-14,140.73880004882812
2020-12-15,137.9449462890625
2020-12-16,141.0880126953125
2020-12-17,141.0880126953125
2020-12-18,142.13568115234375
2020-12-21,140.0403289794922
2020-12-22,138.29417419433594
2020-12-23,139.3418731689453
2020-12-24,140.73880004882812
2020-12-25,141.43724060058594
2020-12-28,141.0880126953125
2020-12-29,142.83413696289062
2020-12-30,143.8818359375
2020-12-31,143.8818359375
2021-01-04,144.9294891357422
2021-01-05,142.13568115234375
2021-01-06,145.2787322998047
2021-01-07,146.67564392089844
2021-01-08,147.02487182617188
2021-01-11,145.2787322998047
2021-01-12,143.8818359375
2021-01-13,145.2787322998047
2021-01-14,150.51715087890625
2021-01-15,147.02487182617188
2021-01-18,145.2787322998047
2021-01-19,145.2787322998047
2021-01-20,139.6910858154297
2021-01-21,141.0880126953125
2021-01-22,142.48492431640625
2021-01-25,143.18338012695312
2021-01-26,138.9926300048828
2021-01-27,143.18338012695312
2021-01-28,143.18338012695312
2021-01-29,138.29417419433594
2021-02-01,135.84954833984375
2021-02-02,137.59571838378906
2021-02-03,136.19882202148438
2021-02-04,133.7542266845703
2021-02-05,133.7542266845703
2021-02-17,135.15113830566406
2021-02-18,135.5003662109375
2021-02-19,134.80191040039062
2021-02-22,135.5003662109375
2021-02-23,137.2465057373047
2021-02-24,136.19882202148438
2021-02-25,137.9449462890625
2021-02-26,134.10345458984375
2021-03-02,134.80191040039062
2021-03-03,137.9449462890625
2021-03-04,135.84954833984375
2021-03-05,135.15113830566406
2021-03-08,134.10345458984375
2021-03-09,135.5003662109375
2021-03-10,134.80191040039062
2021-03-11,137.59571838378906
2021-03-12,140.73880004882812
2021-03-15,142.13568115234375
2021-03-16,141.7864532470703
2021-03-17,140.38954162597656
2021-03-18,141.7864532470703
2021-03-19,142.48492431640625
2021-03-22,143.18338012695312
2021-03-23,143.8818359375
2021-03-24,144.23104858398438
2021-03-25,142.13568115234375
2021-03-26,142.48492431640625
2021-03-29,144.9294891357422
2021-03-30,148.0725555419922
2021-03-31,147.72332763671875
2021-04-01,147.3740997314453
2021-04-07,143.8818359375
2021-04-08,145.97718811035156
2021-04-09,143.8818359375
2021-04-12,140.0403289794922
2021-04-13,139.6910858154297
2021-04-14,138.29417419433594
2021-04-15,139.6910858154297
2021-04-16,144.9294891357422
2021-04-19,144.9294891357422
2021-04-20,144.9294891357422
2021-04-21,144.5802764892578
2021-04-22,140.38954162597656
2021-04-23,140.73880004882812
2021-04-26,140.0403289794922
2021-04-27,138.9926300048828
2021-04-28,137.9449462890625
2021-04-29,137.9449462890625
2021-05-03,133.7542266845703
2021-05-04,132.00808715820312
2021-05-05,133.7542266845703
2021-05-06,131.30960083007812
2021-05-07,133.05577087402344
2021-05-10,133.4049835205078
2021-05-11,129.9127197265625
2021-05-12,123.9758529663086
2021-05-13,122.2297134399414
2021-05-14,124.32504272460938
2021-05-17,119.78511047363281
2021-05-18,123.27738952636719
2021-05-19,124.32504272460938
2021-05-20,123.9758529663086
2021-05-21,126.76966094970703
2021-05-24,127.11888885498047
2021-05-25,127.11888885498047
2021-05-26,127.46809387207031
2021-05-27,125.72199249267578
2021-05-28,127.81735229492188
2021-05-31,128.51580810546875
2021-06-01,129.2142791748047
2021-06-02,127.81735229492188
2021-06-03,127.81735229492188
2021-06-04,127.11888885498047
2021-06-07,126.07122802734375
2021-06-08,125.02351379394531
2021-06-09,124.32504272460938
2021-06-10,125.02351379394531
2021-06-11,125.37276458740234
2021-06-15,125.02351379394531
2021-06-16,126.76966094970703
2021-06-17,127.11888885498047
2021-06-18,124.67431640625
2021-06-21,124.32504272460938
2021-06-22,124.67431640625
2021-06-23,127.46809387207031
2021-06-24,126.76966094970703
2021-06-25,127.81735229492188
2021-06-28,127.81735229492188
2021-06-29,126.42044067382812
2021-06-30,127.11888885498047
2021-07-01,126.42044067382812
2021-07-02,126.42044067382812
2021-07-05,127.46809387207031
2021-07-06,127.81735229492188
2021-07-07,128.16656494140625
2021-07-08,127.81735229492188
2021-07-09,126.76966094970703
2021-07-12,125.72199249267578
2021-07-13,127.11888885498047
2021-07-14,126.76966094970703
2021-07-15,128.51580810546875
2021-07-16,132.00808715820312
2021-07-19,132.70652770996094
2021-07-20,132.70652770996094
2021-07-21,129.9127197265625
2021-07-22,132.00808715820312
2021-07-23,130.61117553710938
2021-07-26,130.61117553710938
2021-07-27,132.00808715820312
2021-07-28,131.30960083007812
2021-07-29,130.26194763183594
2021-07-30,129.2142791748047
2021-08-02,131.30960083007812
2021-08-03,131.30960083007812
2021-08-04,131.30960083007812
2021-08-05,130.9604034423828
2021-08-06,129.9127197265625
2021-08-09,125.02351379394531
2021-08-10,121.18199920654297
2021-08-11,123.9758529663086
2021-08-12,126.76966094970703
2021-08-13,125.37276458740234
2021-08-16,124.32504272460938
2021-08-17,124.32504272460938
2021-08-18,124.32504272460938
2021-08-19,122.57894134521484
2021-08-20,121.18199920654297
2021-08-23,121.88046264648438
2021-08-24,123.27738952636719
2021-08-25,123.9758529663086
2021-08-26,122.92815399169922
2021-08-27,123.9758529663086
2021-08-30,125.02351379394531
2021-08-31,125.02352905273438
2021-09-01,124.64921569824219
2021-09-02,123.15191650390625
2021-09-03,122.77760314941406
2021-09-06,121.28032684326172
2021-09-07,119.03436279296875
2021-09-08,115.66547393798828
2021-09-09,116.78844451904297
2021-09-10,120.15734100341797
2021-09-13,119.03436279296875
2021-09-14,118.66007232666016
2021-09-15,116.03981018066406
2021-09-16,116.78844451904297
2021-09-17,124.2748794555664
2021-09-22,122.02894592285156
2021-09-23,127.26946258544922
2021-09-24,125.77217102050781
2021-09-27,126.89513397216797
2021-09-28,126.52079010009766
2021-09-29,124.2748794555664
2021-09-30,125.39785766601562
2021-10-01,122.02894592285156
2021-10-04,122.40327453613281
2021-10-05,122.77760314941406
2021-10-06,120.15734100341797
2021-10-07,122.02894592285156
2021-10-08,122.77760314941406
2021-10-12,121.65462493896484
2021-10-13,120.53166198730469
2021-10-14,120.9059829711914
2021-10-15,120.15734100341797
2021-10-18,120.53166198730469
2021-10-19,121.65462493896484
2021-10-20,122.02894592285156
2021-10-21,123.15191650390625
2021-10-22,123.15191650390625
2021-10-25,123.15191650390625
2021-10-26,124.2748794555664
2021-10-27,122.77760314941406
2021-10-28,122.40327453613281
2021-10-29,120.53166198730469
2021-11-01,122.02894592285156
2021-11-02,121.65462493896484
2021-11-03,122.02894592285156
2021-11-04,121.28032684326172
2021-11-05,121.28032684326172
2021-11-08,122.02894592285156
2021-11-09,123.52625274658203
2021-11-10,122.02894592285156
2021-11-11,121.65462493896484
2021-11-12,122.02894592285156
2021-11-15,122.77760314941406
2021-11-16,122.77760314941406
2021-11-17,121.28032684326172
2021-11-18,121.65462493896484
2021-11-19,120.53166198730469
2021-11-22,119.78302764892578
2021-11-23,116.78844451904297
2021-11-24,116.41414642333984
2021-11-25,116.03981018066406
2021-11-26,113.41954803466797
2021-11-29,111.54793548583984
2021-11-30,116.03981018066406
2021-12-01,113.41954803466797
2021-12-02,111.54793548583984
2021-12-03,111.92227172851562
2021-12-06,113.79387664794922
2021-12-07,114.91681671142578
2021-12-08,114.16820526123047
2021-12-09,117.53709411621094
2021-12-10,116.78844451904297
2021-12-13,116.03981018066406
2021-12-14,116.03981018066406
2021-12-15,114.91681671142578
2021-12-16,115.29117584228516
2021-12-17,115.29117584228516
2021-12-20,114.54251098632812
2021-12-21,117.53709411621094
2021-12-22,116.78844451904297
2021-12-23,116.03981018066406
2021-12-24,116.78844451904297
2021-12-27,116.41414642333984
2021-12-28,117.91141510009766
2021-12-29,117.53709411621094
2021-12-30,117.16275787353516
2022-01-03,117.91141510009766
2022-01-04,118.66007232666016
2022-01-05,120.53166198730469
2022-01-06,121.65462493896484
2022-01-07,121.28032684326172
2022-01-10,120.15734100341797
2022-01-11,118.28572845458984
2022-01-12,119.40869903564453
2022-01-13,120.15734100341797
2022-01-14,118.28572845458984
2022-01-17,119.40869903564453
2022-01-18,120.53166198730469
2022-01-19,120.9059829711914
2022-01-20,120.9059829711914
2022-01-21,118.66007232666016
2022-01-24,117.91141510009766
2022-01-25,116.41414642333984
2022-01-26,115.66547393798828
2022-02-07,116.41414642333984
2022-02-08,117.16275787353516
2022-02-09,117.91141510009766
2022-02-10,117.53709411621094
2022-02-11,116.78844451904297
2022-02-14,114.91681671142578
2022-02-15,113.79387664794922
2022-02-16,114.91681671142578
2022-02-17,115.29117584228516
2022-02-18,115.29117584228516
2022-02-21,114.91681671142578
2022-02-22,113.79387664794922
2022-02-23,113.04523468017578
2022-02-24,111.54793548583984
2022-02-25,107.05606842041016
2022-03-01,109.30200958251953
2022-03-02,112.29658508300781
2022-03-03,111.54793548583984
2022-03-04,110.0506591796875
2022-03-07,106.68177032470703
2022-03-08,106.30743408203125
2022-03-09,107.80471801757812
2022-03-10,109.30200958251953
2022-03-11,109.30200958251953
2022-03-14,108.17903137207031
2022-03-15,107.43038177490234
2022-03-16,107.80471801757812
2022-03-17,110.0506591796875
2022-03-18,113.04523468017578
2022-03-21,110.42496490478516
2022-03-22,110.42496490478516
2022-03-23,110.42496490478516
2022-03-24,110.79930114746094
2022-03-25,110.42496490478516
2022-03-28,109.30200958251953
2022-03-29,108.92768859863281
2022-03-30,108.17903137207031
2022-03-31,108.17903137207031
2022-04-01,109.30200958251953
2022-04-06,109.30200958251953
2022-04-07,109.30200958251953
2022-04-08,111.17362213134766
2022-04-11,108.17903137207031
2022-04-12,107.43038177490234
2022-04-13,109.67633056640625
2022-04-14,109.30200958251953
2022-04-15,109.67633056640625
2022-04-18,108.55337524414062
2022-04-19,109.67633056640625
2022-04-20,110.79930114746094
2022-04-21,110.42496490478516
2022-04-22,110.42496490478516
2022-04-25,108.92768859863281
2022-04-26,108.17903137207031
2022-04-27,106.30743408203125
2022-04-28,107.43038177490234
2022-04-29,108.55337524414062
2022-05-03,109.67633056640625
2022-05-04,110.79930114746094
2022-05-05,113.04523468017578
2022-05-06,113.04523468017578
2022-05-09,112.29658508300781
2022-05-10,116.41414642333984
2022-05-11,111.17362213134766
2022-05-12,111.17362213134766
2022-05-13,112.6708984375
2022-05-16,116.78844451904297
2022-05-17,116.41414642333984
2022-05-18,117.53709411621094
2022-05-19,119.03436279296875
2022-05-20,119.40869903564453
2022-05-23,120.15734100341797
2022-05-24,121.65462493896484
2022-05-25,120.9059829711914
2022-05-26,122.40327453613281
2022-05-27,123.52625274658203
2022-05-30,124.2748794555664
2022-05-31,122.77760314941406
2022-06-01,127.64378356933594
2022-06-02,128.0181121826172
2022-06-06,129.8896942138672
2022-06-07,129.8896942138672
2022-06-08,129.51539611816406
2022-06-09,129.51539611816406
2022-06-10,125.77217102050781
2022-06-13,125.02352905273438
2022-06-14,125.77217102050781
2022-06-15,124.64921569824219
2022-06-16,123.15191650390625
2022-06-17,123.52625274658203
2022-06-20,121.65462493896484
2022-06-21,123.15191650390625
2022-06-22,122.40327453613281
2022-06-23,123.90055084228516
2022-06-24,124.2748794555664
2022-06-27,126.52079010009766
2022-06-28,125.77217102050781
2022-06-29,125.39785766601562
2022-06-30,123.90055084228516
2022-07-01,121.28032684326172
2022-07-04,122.02894592285156
2022-07-05,119.78302764892578
2022-07-06,117.91141510009766
2022-07-07,119.03436279296875
2022-07-08,120.15734100341797
2022-07-11,120.53166198730469
2022-07-12,120.53166198730469
2022-07-13,122.40327453613281
2022-07-14,126.14649963378906
2022-07-15,125.77217102050781
2022-07-18,127.26946258544922
2022-07-19,125.02352905273438
2022-07-20,124.2748794555664
2022-07-21,126.52079010009766
2022-07-22,125.77217102050781
2022-07-25,125.77217102050781
2022-07-26,124.2748794555664
2022-07-27,128.76673889160156
2022-07-28,127.64378356933594
2022-07-29,127.64378356933594
2022-08-01,127.64378356933594
2022-08-02,125.77217102050781
2022-08-03,126.52079010009766
2022-08-04,126.89513397216797
2022-08-05,127.64378356933594
2022-08-08,128.0181121826172
2022-08-09,134.381591796875
2022-08-10,131.3870086669922
2022-08-11,131.76132202148438
2022-08-12,131.76132202148438
2022-08-15,131.01268005371094
2022-08-16,132.88429260253906
2022-08-17,132.13565063476562
2022-08-18,133.2585906982422
2022-08-19,133.2585906982422
2022-08-22,133.6329345703125
2022-08-23,133.6329345703125
2022-08-24,135.1302490234375
2022-08-25,135.1302490234375
2022-08-26,137.0018310546875
2022-08-29,135.5045623779297
2022-08-30,137.0018310546875
2022-08-31,138.87344360351562
2022-09-01,137.3761444091797
2022-09-02,135.5045623779297
2022-09-05,134.48416137695312
2022-09-06,130.51707458496094
2022-09-07,131.7071990966797
2022-09-08,134.08743286132812
2022-09-12,136.07101440429688
2022-09-13,136.07101440429688
2022-09-14,135.67430114746094
2022-09-15,137.26112365722656
2022-09-16,136.86441040039062
2022-09-19,137.65780639648438
2022-09-20,139.64137268066406
2022-09-21,136.4676971435547
2022-09-22,135.67430114746094
2022-09-23,136.07101440429688
2022-09-26,134.88087463378906
2022-09-27,135.67430114746094
2022-09-28,134.88087463378906
2022-09-29,135.67430114746094
2022-09-30,136.86441040039062
2022-10-03,134.08743286132812
2022-10-04,136.4676971435547
2022-10-05,134.88087463378906
2022-10-06,138.05455017089844
2022-10-07,136.86441040039062
2022-10-11,134.48416137695312
2022-10-12,133.29403686523438
2022-10-13,133.6907501220703
2022-10-14,136.4676971435547
2022-10-17,135.277587890625
2022-10-18,135.67430114746094
2022-10-19,135.277587890625
2022-10-20,136.4676971435547
2022-10-21,134.08743286132812
2022-10-24,130.51707458496094
2022-10-25,128.93023681640625
2022-10-26,130.51707458496094
2022-10-27,132.8973388671875
2022-10-28,132.50062561035156
2022-10-31,134.48416137695312
2022-11-01,135.67430114746094
2022-11-02,136.4676971435547
2022-11-03,136.86441040039062
2022-11-04,135.67430114746094
2022-11-07,137.65780639648438
2022-11-08,138.45126342773438
2022-11-09,140.0380859375
2022-11-10,142.81504821777344
2022-11-11,142.81504821777344
2022-11-14,146.3854217529297
2022-11-15,148.7656707763672
2022-11-16,147.5755615234375
2022-11-17,148.7656707763672
2022-11-18,145.9887237548828
2022-11-21,144.40187072753906
2022-11-22,142.41835021972656
2022-11-23,142.81504821777344
2022-11-24,143.21177673339844
2022-11-25,142.81504821777344
2022-11-28,142.81504821777344
2022-11-29,143.6084747314453
2022-11-30,145.19529724121094
2022-12-01,140.43479919433594
2022-12-02,140.0380859375
2022-12-05,139.64137268066406
2022-12-06,138.84796142578125
2022-12-07,140.0380859375
2022-12-08,138.05455017089844
2022-12-09,137.65780639648438
2022-12-12,138.45126342773438
2022-12-13,137.26112365722656
2022-12-14,139.2446746826172
2022-12-15,138.05455017089844
2022-12-16,136.4676971435547
2022-12-19,134.08743286132812
2022-12-20,133.6907501220703
2022-12-21,132.50062561035156
2022-12-22,136.4676971435547
2022-12-23,134.08743286132812
2022-12-26,134.48416137695312
2022-12-27,134.08743286132812
2022-12-28,134.08743286132812
2022-12-29,134.08743286132812
2022-12-30,134.08743286132812
2023-01-03,135.277587890625
2023-01-04,136.07101440429688
2023-01-05,136.07101440429688
2023-01-06,136.07101440429688
2023-01-09,139.2446746826172
2023-01-10,140.8314971923828
2023-01-11,139.64137268066406
2023-01-12,137.65780639648438
2023-01-13,139.64137268066406
2023-01-16,139.2446746826172
2023-01-17,138.84796142578125
2023-01-30,141.22817993164062
2023-01-31,141.22817993164062
2023-02-01,147.1788330078125
2023-02-02,146.7821502685547
2023-02-03,147.1788330078125
2023-02-06,147.97225952148438
2023-02-07,147.97225952148438
2023-02-08,146.7821502685547
2023-02-09,147.5755615234375
2023-02-10,149.16236877441406
2023-02-13,148.7656707763672
2023-02-14,149.55908203125
2023-02-15,149.16236877441406
2023-02-16,149.95579528808594
2023-02-17,149.95579528808594
2023-02-20,150.74920654296875
2023-02-21,149.95579528808594
2023-02-22,149.95579528808594
2023-02-23,151.54261779785156
2023-02-24,146.3854217529297
2023-03-01,147.5755615234375
2023-03-02,149.95579528808594
2023-03-03,149.16236877441406
2023-03-06,148.7656707763672
2023-03-07,148.3689422607422
2023-03-08,148.7656707763672
2023-03-09,147.1788330078125
2023-03-10,146.3854217529297
2023-03-13,147.5755615234375
2023-03-14,147.1788330078125
2023-03-15,147.5755615234375
2023-03-16,147.1788330078125
2023-03-17,148.7656707763672
2023-03-20,148.3689422607422
2023-03-21,149.16236877441406
2023-03-22,149.95579528808594
2023-03-23,150.35252380371094
2023-03-24,150.35252380371094
2023-03-27,150.74920654296875
2023-03-28,149.95579528808594
2023-03-29,149.95579528808594
2023-03-30,150.35252380371094
2023-03-31,150.74920654296875
2023-04-06,147.97225952148438
2023-04-07,146.7821502685547
2023-04-10,147.5755615234375
2023-04-11,147.1788330078125
2023-04-12,145.9887237548828
2023-04-13,146.3854217529297
2023-04-14,146.3854217529297
2023-04-17,146.3854217529297
2023-04-18,145.19529724121094
2023-04-19,144.79856872558594
2023-04-20,144.00515747070312
2023-04-21,143.6084747314453
2023-04-24,143.6084747314453
2023-04-25,142.0216064453125
2023-04-26,142.81504821777344
2023-04-27,142.81504821777344
2023-04-28,143.6084747314453
2023-05-02,144.79856872558594
2023-05-03,144.40187072753906
2023-05-04,143.6084747314453
2023-05-05,144.40187072753906
2023-05-08,146.3854217529297
2023-05-09,146.7821502685547
2023-05-10,147.1788330078125
2023-05-11,147.1788330078125
2023-05-12,146.3854217529297
2023-05-15,148.3689422607422
2023-05-16,147.5755615234375
2023-05-17,147.97225952148438
2023-05-18,149.55908203125
2023-05-19,150.35252380371094
2023-05-22,150.74920654296875
2023-05-23,149.16236877441406
2023-05-24,146.7821502685547
2023-05-25,147.1788330078125
2023-05-26,146.7821502685547
2023-05-29,149.95579528808594
2023-05-30,149.55908203125
2023-05-31,147.1788330078125
2023-06-01,147.97225952148438
2023-06-02,150.35252380371094
2023-06-05,149.55908203125
2023-06-06,149.16236877441406
2023-06-07,150.74920654296875
2023-06-08,149.95579528808594
2023-06-09,151.14593505859375
2023-06-12,151.9393310546875
2023-06-13,153.92288208007812
2023-06-14,150.74920654296875
2023-06-15,152.3360595703125
2023-06-16,147.97225952148438
2023-06-19,148.7656707763672
2023-06-20,151.14593505859375
2023-06-21,150.74920654296875
2023-06-26,150.35252380371094
2023-06-27,150.35252380371094
2023-06-28,150.74920654296875
2023-06-29,150.33047485351562
2023-06-30,146.98048400878906
2023-07-03,145.7242431640625
2023-07-04,147.39923095703125
2023-07-05,147.81797790527344
2023-07-06,144.88673400878906
2023-07-07,144.46798706054688
2023-07-10,143.63050842285156
2023-07-11,144.88673400878906
2023-07-12,145.7242431640625
2023-07-13,146.98048400878906
2023-07-14,147.39923095703125
2023-07-17,145.7242431640625
2023-07-18,151.5867156982422
2023-07-19,148.6554718017578
2023-07-20,148.6554718017578
2023-07-21,146.1429901123047
2023-07-24,147.39923095703125
2023-07-25,147.39923095703125
2023-07-26,147.81797790527344
2023-07-27,149.07418823242188
2023-07-28,146.56173706054688
2023-07-31,145.3054656982422
2023-08-01,146.56173706054688
2023-08-02,145.7242431640625
2023-08-04,145.7242431640625
2023-08-07,147.81797790527344
2023-08-08,147.39923095703125
2023-08-09,148.23672485351562
2023-08-10,147.81797790527344
2023-08-11,144.46798706054688
2023-08-14,144.46798706054688
2023-08-15,143.63050842285156
2023-08-16,142.37425231933594
2023-08-17,140.280517578125
2023-08-18,139.44302368164062
2023-08-21,141.53672790527344
2023-08-22,140.280517578125
2023-08-23,141.53672790527344
2023-08-24,140.6992645263672
2023-08-25,140.280517578125
2023-08-28,143.21176147460938
2023-08-29,143.21176147460938
2023-08-30,148.23672485351562
2023-08-31,151.16798400878906
2023-09-01,150.7492218017578
2023-09-04,151.16798400878906
2023-09-05,150.7492218017578
2023-09-06,152.84292602539062
2023-09-07,151.16798400878906
2023-09-08,150.33047485351562
2023-09-11,150.33047485351562
2023-09-12,153.68043518066406
2023-09-13,151.16798400878906
2023-09-14,152.84292602539062
2023-09-15,152.4241943359375
2023-09-18,153.68043518066406
2023-09-19,153.68043518066406
2023-09-20,152.0054473876953
2023-09-21,149.9116973876953
2023-09-22,151.16798400878906
2023-09-25,152.84292602539062
2023-09-26,153.68043518066406
2023-09-27,152.0054473876953
2023-09-28,152.84292602539062
2023-10-02,153.68043518066406
2023-10-03,153.68043518066406
2023-10-04,152.84292602539062
2023-10-05,154.0991973876953
2023-10-06,152.84292602539062
2023-10-11,152.4241943359375
2023-10-12,154.5179443359375
2023-10-13,155.35543823242188
2023-10-16,151.5867156982422
2023-10-17,153.68043518066406
2023-10-18,154.5179443359375
2023-10-19,154.93670654296875
2023-10-20,152.84292602539062
2023-10-23,152.0054473876953
2023-10-24,152.0054473876953
2023-10-25,152.4241943359375
2023-10-26,152.0054473876953
2023-10-27,152.84292602539062
2023-10-30,153.68043518066406
2023-10-31,152.0054473876953
2023-11-01,151.5867156982422
2023-11-02,153.68043518066406
2023-11-03,153.68043518066406
2023-11-06,154.0991973876953
2023-11-07,152.84292602539062
2023-11-08,152.4241943359375
2023-11-09,153.68043518066406
2023-11-10,157.03042602539062
2023-11-13,157.03042602539062
2023-11-14,154.93670654296875
2023-11-15,156.19293212890625
2023-11-16,158.7054443359375
2023-11-17,160.38040161132812
2023-11-20,162.47415161132812
2023-11-21,164.14913940429688
2023-11-22,164.14913940429688
2023-11-23,166.2428741455078
2023-11-24,165.40538024902344
2023-11-27,164.14913940429688
2023-11-28,162.89288330078125
2023-11-29,164.56790161132812
2023-11-30,162.89288330078125
2023-12-01,163.7303924560547
2023-12-04,163.31166076660156
2023-12-05,162.05540466308594
2023-12-06,161.2178955078125
2023-12-07,157.77857971191406
2023-12-08,158.63841247558594
2023-12-11,159.06834411621094
2023-12-12,159.06834411621094
2023-12-13,160.78799438476562
2023-12-14,160.78799438476562
2023-12-15,159.06834411621094
2023-12-18,162.93756103515625
2023-12-19,163.36746215820312
2023-12-20,164.227294921875
2023-12-21,162.5076446533203
2023-12-22,164.227294921875
2023-12-25,165.94696044921875
2023-12-26,167.23670959472656
2023-12-27,166.80679321289062
2023-12-28,168.09654235839844
2023-12-29,166.80679321289062
2024-01-02,168.5264434814453
2024-01-03,166.37689208984375
2024-01-04,166.80679321289062
2024-01-05,169.3862762451172
2024-01-08,171.10594177246094
2024-01-09,169.8162078857422
2024-01-10,169.3862762451172
2024-01-11,170.24610900878906
2024-01-12,170.24610900878906
2024-01-15,171.9657745361328
2024-01-16,172.39569091796875
2024-01-17,168.9563751220703
2024-01-18,168.9563751220703
2024-01-19,171.5358428955078
2024-01-22,171.10594177246094
2024-01-23,166.37689208984375
2024-01-24,168.09654235839844
2024-01-25,168.5264434814453
2024-01-26,168.09654235839844
2024-01-29,168.9563751220703
2024-01-30,167.6666259765625
2024-01-31,167.23670959472656
2024-02-01,168.5264434814453
2024-02-02,168.09654235839844
2024-02-05,166.37689208984375
2024-02-15,168.5264434814453
2024-02-16,168.5264434814453
2024-02-19,171.5358428955078
2024-02-20,171.9657745361328
2024-02-21,171.10594177246094
2024-02-22,172.39569091796875
2024-02-23,168.9563751220703
2024-02-26,168.09654235839844
2024-02-27,168.09654235839844
2024-02-29,169.3862762451172
2024-03-01,169.3862762451172
2024-03-04,170.67604064941406
2024-03-05,171.10594177246094
2024-03-06,171.9657745361328
2024-03-07,171.5358428955078
2024-03-08,169.8162078857422
2024-03-11,171.10594177246094
2024-03-12,177.124755859375
2024-03-13,179.27430725097656
2024-03-14,179.7042236328125
2024-03-15,184.8632049560547
2024-03-18,184.4332733154297
2024-03-19,184.8632049560547
2024-03-20,186.15293884277344
2024-03-21,192.60165405273438
2024-03-22,184.0033721923828
2024-03-25,181.85379028320312
2024-03-26,180.5640411376953
2024-03-27,183.5734405517578
2024-03-28,187.0127716064453
2024-03-29,187.87258911132812
2024-04-01,182.28370666503906
2024-04-02,183.14353942871094
2024-04-03,181.85379028320312
2024-04-08,181.42388916015625
2024-04-09,180.5640411376953
2024-04-10,180.13414001464844
2024-04-11,178.8444061279297
2024-04-12,178.41448974609375
2024-04-15,177.9845733642578
2024-04-16,176.26490783691406
2024-04-17,176.69482421875
2024-04-18,178.8444061279297
2024-04-19,177.9845733642578
2024-04-22,182.28370666503906
2024-04-23,184.4332733154297
2024-04-24,184.0033721923828
2024-04-25,185.72303771972656
2024-04-26,183.5734405517578
2024-04-29,185.72303771972656
2024-04-30,187.44268798828125
2024-05-02,188.30250549316406
2024-05-03,189.59225463867188
2024-05-06,189.59225463867188
2024-05-07,192.60165405273438
2024-05-08,190.02215576171875
2024-05-09,187.87258911132812
2024-05-10,190.8820037841797
2024-05-13,197.33071899414062
2024-05-14,197.76063537597656
2024-05-15,200.77005004882812
2024-05-16,199.9102020263672
2024-05-17,189.16233825683594
2024-05-20,187.87258911132812
2024-05-21,190.8820037841797
2024-05-22,198.1905517578125
2024-05-23,196.04098510742188
2024-05-24,193.89141845703125
2024-05-27,194.32130432128906
2024-05-28,196.4709014892578
2024-05-29,195.61105346679688
2024-05-30,194.32130432128906
2024-05-31,193.0315704345703
2024-06-03,193.0315704345703
2024-06-04,193.89141845703125
2024-06-05,190.8820037841797
2024-06-06,193.46148681640625
2024-06-07,191.31190490722656
2024-06-11,194.75123596191406
2024-06-12,194.32130432128906
2024-06-13,196.04098510742188
2024-06-14,198.1905517578125
2024-06-17,196.04098510742188
2024-06-18,197.33071899414062
2024-06-19,198.1905517578125
2024-06-20,199.9102020263672
2024-06-21,198.1905517578125
2024-06-24,198.62045288085938
2024-06-25,195.61105346679688
2024-06-26,195.18115234375
2024-06-27,196.04098510742188
2024-06-28,199.4803009033203
2024-07-01,195.61105346679688
2024-07-02,206.35891723632812
2024-07-03,200.77005004882812
2024-07-04,199.4520721435547
2024-07-05,202.08799743652344
2024-07-08,199.89138793945312
2024-07-09,188.46902465820312
2024-07-10,192.42291259765625
2024-07-11,194.61952209472656
2024-07-12,197.2554473876953
2024-07-15,195.05885314941406
2024-07-16,198.1341094970703
2024-07-17,191.54428100585938
2024-07-18,193.3015594482422
2024-07-19,177.48597717285156
2024-07-22,181.8791961669922
2024-07-23,184.07579040527344
2024-07-26,183.63648986816406
2024-07-29,185.39376831054688
2024-07-30,188.02969360351562
2024-07-31,187.15106201171875
2024-08-01,191.9835968017578
2024-08-02,192.42291259765625
2024-08-05,186.71173095703125
2024-08-06,190.66561889648438
2024-08-07,195.05885314941406
2024-08-08,192.42291259765625
2024-08-09,199.89138793945312
2024-08-12,196.81614685058594
2024-08-13,201.2093505859375
2024-08-14,201.2093505859375
2024-08-15,200.33070373535156
2024-08-16,202.52732849121094
2024-08-19,205.6025848388672
2024-08-20,204.72393798828125
2024-08-21,202.52732849121094
2024-08-22,204.72393798828125
2024-08-23,206.9205322265625
2024-08-26,206.9205322265625
2024-08-27,208.67784118652344
2024-08-28,207.35986328125
2024-08-29,208.23849487304688
2024-08-30,207.35986328125
2024-09-02,207.35986328125
2024-09-03,206.48121643066406
2024-09-04,198.1341094970703
2024-09-05,207.79917907714844
2024-09-06,211.3137664794922
2024-09-09,211.75308227539062
2024-09-10,208.23849487304688
2024-09-11,207.35986328125
2024-09-12,209.11712646484375
2024-09-13,208.67784118652344
2024-09-16,207.35986328125
2024-09-18,207.79917907714844
2024-09-19,206.9205322265625
2024-09-20,206.9205322265625
2024-09-23,206.04188537597656
2024-09-24,206.04188537597656
2024-09-25,207.35986328125
2024-09-26,208.67784118652344
2024-09-27,206.48121643066406
2024-09-30,207.79917907714844
2024-10-01,210.4351043701172
2024-10-04,205.16323852539062
2024-10-07,207.79917907714844
2024-10-08,209.11712646484375
2024-10-09,209.11712646484375
2024-10-11,208.67784118652344
2024-10-14,210.4351043701172
2024-10-15,213.51036071777344
2024-10-16,208.67784118652344
2024-10-17,211.3137664794922
2024-10-18,214.8283233642578
2024-10-21,210.87442016601562
2024-10-22,210.4351043701172
2024-10-23,205.6025848388672
2024-10-24,207.79917907714844
2024-10-25,208.23849487304688
2024-10-28,207.35986328125
2024-10-29,207.79917907714844
2024-10-30,207.35986328125
2024-11-01,203.4059600830078
2024-11-04,205.6025848388672
2024-11-05,207.79917907714844
2024-11-06,197.69479370117188
2024-11-07,193.3015594482422
2024-11-08,189.34765625
2024-11-11,193.3015594482422
2024-11-12,191.54428100585938
2024-11-13,191.10494995117188
2024-11-14,188.02969360351562
2024-11-15,176.6073455810547
2024-11-18,178.80393981933594
2024-11-19,180.12188720703125
2024-11-20,178.80393981933594
2024-11-21,175.72869873046875
2024-11-22,174.4107208251953
2024-11-25,175.2893524169922
2024-11-26,172.21409606933594
2024-11-27,173.0927734375
2024-11-28,172.21409606933594
2024-11-29,172.6534423828125
2024-12-02,177.92530822753906
2024-12-03,176.6073455810547
2024-12-04,175.2893524169922
2024-12-05,173.53208923339844
2024-12-06,172.6534423828125
2024-12-09,172.21409606933594
2024-12-10,170.3869171142578
2024-12-11,170.3869171142578
2024-12-12,168.10289001464844
2024-12-13,164.90528869628906
2024-12-16,162.16448974609375
2024-12-17,161.25088500976562
2024-12-18,164.44850158691406
2024-12-19,164.90528869628906
2024-12-20,164.44850158691406
2024-12-23,169.47329711914062
2024-12-24,170.8437042236328
2024-12-25,173.5845184326172
2024-12-26,173.5845184326172
2024-12-27,174.9549102783203
2024-12-30,176.3253173828125
2024-12-31,177.2389373779297
2025-01-02,179.0661163330078
2025-01-03,177.6957244873047
2025-01-06,178.60934448242188
2025-01-07,181.3501434326172
2025-01-08,180.89334106445312
2025-01-09,179.0661163330078
2025-01-10,180.43653869628906
2025-01-13,179.97975158691406
2025-01-14,181.80694580078125
2025-01-15,181.3501434326172
2025-01-16,181.3501434326172
2025-01-17,182.26373291015625
2025-01-20,181.3501434326172
2025-01-21,181.3501434326172
2025-01-22,181.80694580078125
2025-02-03,180.43653869628906
2025-02-04,179.0661163330078
2025-02-05,179.52293395996094
2025-02-06,181.80694580078125
2025-02-07,182.26373291015625
2025-02-10,180.43653869628906
2025-02-11,180.89334106445312
2025-02-12,181.3501434326172
2025-02-13,181.80694580078125
2025-02-14,183.17733764648438
2025-02-17,182.72055053710938
2025-02-18,183.6341552734375
2025-02-19,183.6341552734375
2025-02-20,186.83177185058594
2025-02-21,186.3749542236328
2025-02-24,188.65895080566406
2025-02-25,189.57257080078125
2025-02-26,190.94297790527344
2025-02-27,188.65895080566406
2025-03-03,190.4861602783203
2025-03-04,190.0293731689453
2025-03-05,188.65895080566406
2025-03-06,187.28854370117188
2025-03-07,187.28854370117188
2025-03-10,188.65895080566406
2025-03-11,187.745361328125
2025-03-12,189.57257080078125
2025-03-13,186.83177185058594
2025-03-14,188.65895080566406
2025-03-17,188.20217895507812
2025-03-18,191.39976501464844
2025-03-19,190.0293731689453
2025-03-20,191.39976501464844
2025-03-21,192.31338500976562
2025-03-24,193.22698974609375
2025-03-25,192.77017211914062
2025-03-26,194.1405792236328
2025-03-27,197.33819580078125
2025-03-28,195.05418395996094
2025-03-31,191.39976501464844
2025-04-01,195.05418395996094
2025-04-02,200.9925994873047
2025-04-07,180.89334106445312
2025-04-08,179.52293395996094
2025-04-09,161.70767211914062
2025-04-10,177.6957244873047
2025-04-11,176.3253173828125
2025-04-14,175.8685302734375
2025-04-15,176.3253173828125
2025-04-16,179.52293395996094
2025-04-17,195.05418395996094
2025-04-18,194.1405792236328
2025-04-21,195.05418395996094
2025-04-22,190.4861602783203
2025-04-23,194.59738159179688
2025-04-24,199.1654052734375
2025-04-25,197.33819580078125
2025-04-28,200.07899475097656
2025-04-29,198.2517852783203
2025-04-30,198.2517852783203
2025-05-02,201.9062042236328
2025-05-05,197.7949981689453
2025-05-06,197.33819580078125
2025-05-07,195.96778869628906
2025-05-08,194.59738159179688
2025-05-09,198.70858764648438
2025-05-12,200.5358123779297
2025-05-13,201.9062042236328
2025-05-14,204.19021606445312
2025-05-15,202.81980895996094
2025-05-16,203.276611328125
2025-05-19,194.1405792236328
2025-05-20,194.59738159179688
2025-05-21,197.7949981689453
2025-05-22,196.4246063232422
2025-05-23,197.33819580078125
2025-05-26,190.0293731689453
2025-05-27,187.28854370117188
2025-05-28,189.57257080078125
2025-05-29,191.8565673828125
2025-06-02,193.22698974609375
2025-06-03,192.31338500976562
2025-06-04,193.68377685546875
2025-06-05,193.68377685546875
2025-06-06,194.1405792236328
2025-06-09,193.68377685546875
2025-06-10,193.68377685546875
2025-06-11,194.1405792236328
2025-06-12,195.05418395996094
2025-06-13,193.68377685546875
2025-06-16,189.57257080078125
2025-06-17,193.68377685546875
2025-06-18,194.1405792236328
2025-06-19,189.57257080078125
2025-06-20,189.57257080078125
2025-06-23,190.94297790527344
2025-06-24,191.8565673828125
2025-06-25,193.22698974609375
2025-06-26,193.22698974609375
2025-06-27,194.59738159179688
2025-06-30,193.68377685546875
2025-07-01,195.96778869628906
2025-07-02,197.7949981689453
2025-07-03,198.10548400878906
2025-07-04,199.53070068359375
2025-07-07,192.8796844482422
2025-07-08,195.25503540039062
2025-07-09,199.05563354492188
2025-07-10,197.6304168701172
2025-07-11,199.53070068359375
2025-07-14,200.0057830810547
2025-07-15,200.9559326171875
2025-07-16,200.48085021972656
2025-07-17,202.85621643066406
2025-07-18,202.3811492919922
2025-07-21,205.23158264160156
2025-07-22,202.3811492919922
2025-07-23,203.33128356933594
2025-07-24,204.28143310546875
2025-07-25,204.28143310546875
2025-07-28,203.80636596679688
2025-07-29,201.9060821533203
2025-07-30,202.85621643066406
2025-07-31,201.43099975585938
2025-08-04,203.33128356933594
2025-08-05,206.65679931640625
2025-08-06,203.33128356933594
2025-08-07,203.80636596679688
2025-08-08,203.33128356933594
2025-08-11,200.0057830810547
2025-08-12,195.73011779785156
2025-08-13,192.8796844482422
2025-08-14,190.97938537597656
2025-08-15,190.5043182373047
2025-08-18,186.70372009277344
2025-08-19,186.22866821289062
2025-08-20,186.22866821289062
2025-08-21,182.9031524658203
2025-08-22,180.52777099609375
2025-08-25,180.52777099609375
2025-08-26,181.9530029296875
2025-08-27,181.0028533935547
2025-08-28,180.52777099609375
2025-08-29,179.10255432128906
2025-09-01,176.72720336914062
2025-09-02,176.72720336914062
2025-09-03,178.6274871826172
2025-09-04,178.6274871826172
2025-09-05,178.1524200439453
2025-09-08,180.05270385742188
2025-09-09,181.0028533935547
2025-09-10,179.57763671875
2025-09-11,176.2521209716797
2025-09-12,177.67735290527344
2025-09-15,177.2022705078125
2025-09-16,177.67735290527344
2025-09-17,176.2521209716797
2025-09-18,178.1524200439453
2025-09-19,177.67735290527344
2025-09-22,178.6274871826172
2025-09-23,179.57763671875
2025-09-24,179.10255432128906
2025-09-25,177.67735290527344
2025-09-26,174.826904296875
2025-09-30,173.4016876220703
2025-10-01,172.4515380859375
2025-10-02,173.8767547607422
2025-10-03,171.97645568847656
2025-10-07,173.8767547607422
2025-10-08,174.826904296875
2025-10-09,172.4515380859375
2025-10-13,170.55125427246094
2025-10-14,170.07618713378906
2025-10-15,168.17588806152344
2025-10-16,168.6509552001953
2025-10-17,170.07618713378906
2025-10-20,186.70372009277344
2025-10-21,185.7535858154297
2025-10-22,188.60401916503906
2025-10-23,190.97938537597656
2025-10-27,190.97938537597656
2025-10-28,190.5043182373047
2025-10-29,189.55416870117188
2025-10-30,189.0791015625
2025-10-31,188.60401916503906
2025-11-03,186.70372009277344
2025-11-04,186.22866821289062
2025-11-05,190.97938537597656
2025-11-06,193.829833984375
2025-11-07,188.1289520263672
2025-11-10,188.60401916503906
2025-11-11,188.60401916503906
2025-11-12,191.92953491210938
2025-11-13,193.829833984375
2025-11-14,199.53070068359375
2025-11-17,199.53070068359375
2025-11-18,195.25503540039062
2025-11-19,197.15533447265625
2025-11-20,200.48085021972656
2025-11-21,197.15533447265625
2025-11-24,195.25503540039062
2025-11-25,195.25503540039062
2025-11-26,189.55416870117188
2025-11-27,191.4544677734375
2025-11-28,190.97938537597656
2025-12-01,191.4544677734375
2025-12-02,190.02923583984375
2025-12-03,193.829833984375
2025-12-04,191.92953491210938
2025-12-05,191.4544677734375
2025-12-08,185.7535858154297
2025-12-09,183.85330200195312
2025-12-10,184.328369140625
2025-12-11,179.57763671875
2025-12-12,177.67735290527344
2025-12-15,175.30197143554688
2025-12-16,177.2022705078125
2025-12-17,181.0028533935547
2025-12-18,181.0028533935547
2025-12-19,184.328369140625
2025-12-22,187.17880249023438
2025-12-23,187.8157196044922
2025-12-24,202.3002166748047
2025-12-26,202.3002166748047
2025-12-29,198.92050170898438
2025-12-30,200.36895751953125
2025-12-31,200.85177612304688
2026-01-02,198.43768310546875
2026-01-05,199.4033203125
2026-01-06,198.43768310546875
2026-01-07,200.36895751953125
2026-01-08,198.43768310546875
2026-01-09,196.98924255371094
2026-01-12,199.4033203125
2026-01-13,202.3002166748047
2026-01-14,204.7143096923828
2026-01-15,203.74867248535156
2026-01-16,203.74867248535156
2026-01-19,202.3002166748047
2026-01-20,197.95486450195312
2026-01-21,196.98924255371094
2026-01-22,195.05796813964844
2026-01-23,195.54078674316406
2026-01-26,198.92050170898438
2026-01-27,196.98924255371094
2026-01-28,196.5064239501953
2026-01-29,195.54078674316406
2026-01-30,193.60951232910156
2026-02-02,193.126708984375
2026-02-03,195.05796813964844
2026-02-04,197.95486450195312
2026-02-05,198.43768310546875
2026-02-06,193.126708984375
2026-02-09,188.78135681152344
2026-02-10,186.85008239746094
2026-02-11,185.8844451904297
2026-02-23,185.40164184570312
2026-02-24,185.8844451904297
2026-02-25,185.8844451904297
2026-02-26,184.9188232421875
2026-03-02,183.95318603515625
2026-03-03,182.02191162109375
2026-03-04,179.12501525878906
2026-03-05,179.12501525878906
2026-03-06,181.05628967285156
2026-03-09,175.74530029296875
2026-03-10,176.22811889648438
2026-03-11,175.74530029296875
2026-03-12,180.57347106933594
2026-03-13,179.12501525878906
2026-03-16,181.05628967285156
2026-03-17,182.02191162109375
2026-03-18,181.05628967285156
2026-03-19,181.53909301757812
2026-03-20,179.6078338623047
2026-03-23,176.22811889648438
2026-03-24,182.02191162109375
2026-03-25,181.05628967285156
2026-03-26,182.987548828125
2026-03-27,185.8844451904297
2026-03-30,182.987548828125
2026-03-31,181.53909301757812
2026-04-01,182.987548828125
2026-04-02,183.95318603515625
2026-04-07,185.40164184570312
2026-04-08,185.8844451904297
2026-04-09,185.40164184570312
2026-04-10,185.40164184570312
2026-04-13,185.8844451904297
2026-04-14,190.71261596679688
2026-04-15,193.126708984375
2026-04-16,190.71261596679688
2026-04-17,209.54246520996094
2026-04-20,199.4033203125
2026-04-21,202.7830352783203
2026-04-22,203.26585388183594
2026-04-23,223.54415893554688
2026-04-24,215.819091796875
2026-04-27,217.26754760742188
2026-04-28,223.06134033203125
2026-04-29,209.05966186523438
2026-04-30,201.81739807128906
2026-05-04,202.3002166748047
2026-05-05,205.19712829589844
2026-05-06,202.3002166748047
2026-05-07,198.92050170898438
2026-05-08,197.95486450195312
2026-05-11,200.85177612304688
2026-05-12,198.43768310546875
2026-05-13,195.54078674316406
2026-05-14,183.95318603515625
2026-05-15,178.64219665527344
2026-05-18,177.6765594482422
2026-05-19,177.6765594482422
2026-05-20,176.7109375
2026-05-21,178.64219665527344
2026-05-22,181.05628967285156
2026-05-25,180.0906524658203
2026-05-26,188.2985382080078
2026-05-27,201.3345947265625
2026-05-28,183.95318603515625
2026-05-29,196.5064239501953
2026-06-01,215.819091796875
2026-06-02,237.0630340576172
2026-06-03,248.16781616210938
2026-06-04,233.6833038330078
2026-06-05,222.57852172851562
2026-06-08,212.4393768310547
2026-06-09,212.4393768310547
2026-06-10,197.4720458984375
2026-06-11,198.43768310546875
2026-06-12,198.43768310546875
2026-06-15,200.85177612304688
2026-06-16,198.43768310546875
2026-06-17,198.43768310546875
2026-06-18,195.54078674316406
2026-06-22,198.92050170898438
2026-06-23,203.26585388183594
2026-06-24,203.26585388183594
2026-06-25,198.43768310546875
2026-06-26,193.126708984375
2026-06-29,196.0236053466797
2026-06-30,201.81739807128906
2026-07-01,196.0236053466797
2026-07-02,194.5751495361328
2026-07-03,199.88613891601562
2026-07-06,196.0
2026-07-07,196.0
2026-07-08,195.0
2026-07-09,195.5
2026-07-10,195.5
2026-07-13,192.5
2026-07-14,189.5
2026-07-15,191.0
2026-07-16,189.0
2026-07-17,186.5
2026-07-20,190.0
2026-07-21,191.0
2026-07-22,193.0
2026-07-23,192.0
2026-07-24,189.5
2026-07-27,188.5
2026-07-28,184.5
2026-07-29,180.5
2026-07-30,178.5
2026-07-31,183.0
2026-08-03,182.5
2026-08-04,181.0
2026-08-05,181.5
2026-08-06,187.5
2026-08-07,187.5
2026-08-10,201.0
2026-08-11,206.0
2026-08-12,205.0
2026-08-13,203.0
2026-08-14,204.5
2026-08-17,204.0
2026-08-18,204.0
2026-08-19,204.0
2026-08-20,204.0
2026-08-21,203.5
2026-08-24,204.5
2026-08-25,204.5
2026-08-26,206.5
2026-08-27,207.5
2026-08-28,206.5
2026-08-31,208.5
2026-09-01,213.5
2026-09-02,211.0
2026-09-03,206.5
2026-09-04,209.5
2026-09-07,208.5
2026-09-08,205.0
2026-09-09,206.0
2026-09-10,204.0
2026-09-11,204.0
2026-09-14,205.5
2026-09-15,203.5
2026-09-16,207.0
2026-09-17,208.5
2026-09-18,209.5
2026-09-21,211.0
2026-09-22,210.0
2026-09-23,209.0
2026-09-24,206.5
2026-09-29,205.5
2026-09-30,206.5
2026-10-01,207.5
