Price,AdjClose
Ticker,3041.TW
Date,
2000-01-04,62.03487777709961
2000-01-05,66.33432006835938
2000-01-06,70.94087982177734
2000-01-07,70.94087982177734
2000-01-10,70.01956939697266
2000-01-11,72.1692886352539
2000-01-12,72.78349304199219
2000-01-13,67.8698501586914
2000-01-14,65.10591125488281
2000-01-17,68.17694091796875
2000-01-18,71.24798583984375
2000-01-19,69.40534973144531
2000-01-20,74.01190948486328
2000-01-21,75.2403335571289
2000-01-24,73.70480346679688
2000-01-25,73.09060668945312
2000-01-26,72.47638702392578
2000-01-27,71.5550765991211
2000-01-28,69.40534973144531
2000-01-31,72.1692886352539
2000-02-01,72.1692886352539
2000-02-02,72.1692886352539
2000-02-03,72.1692886352539
2000-02-04,72.1692886352539
2000-02-07,72.1692886352539
2000-02-08,72.1692886352539
2000-02-09,72.78349304199219
2000-02-10,77.69715881347656
2000-02-11,81.38239288330078
2000-02-14,76.77584075927734
2000-02-15,72.1692886352539
2000-02-16,73.70480346679688
2000-02-17,75.2403335571289
2000-02-18,80.46107482910156
2000-02-21,76.16163635253906
2000-02-22,73.09060668945312
2000-02-23,73.70480346679688
2000-02-24,74.93321990966797
2000-02-25,72.78349304199219
2000-02-28,72.78349304199219
2000-02-29,71.24798583984375
2000-03-01,73.09060668945312
2000-03-02,72.1692886352539
2000-03-03,71.24798583984375
2000-03-06,73.70480346679688
2000-03-07,70.63377380371094
2000-03-08,75.54742431640625
2000-03-09,80.46107482910156
2000-03-10,78.61845397949219
2000-03-13,73.397705078125
2000-03-14,68.48405456542969
2000-03-15,63.877506256103516
2000-03-16,60.80645751953125
2000-03-17,61.42066955566406
2000-03-20,59.27094650268555
2000-03-21,63.26329803466797
2000-03-22,67.2556381225586
2000-03-23,68.7911376953125
2000-03-24,66.64143371582031
2000-03-27,66.94852447509766
2000-03-28,63.877506256103516
2000-03-29,68.17694091796875
2000-03-30,66.02722930908203
2000-03-31,63.57040023803711
2000-04-03,63.57040023803711
2000-04-04,63.57040023803711
2000-04-05,62.9561882019043
2000-04-06,59.27094650268555
2000-04-07,61.72777557373047
2000-04-10,69.71245574951172
2000-04-11,67.56272888183594
2000-04-12,64.49170684814453
2000-04-13,62.34199523925781
2000-04-14,58.96385192871094
2000-04-17,51.28626251220703
2000-04-18,54.357295989990234
2000-04-19,50.672054290771484
2000-04-20,47.293922424316406
2000-04-21,48.829437255859375
2000-04-24,46.679710388183594
2000-04-25,45.4512939453125
2000-04-26,42.38026428222656
2000-04-27,39.616329193115234
2000-04-28,42.38026428222656
2000-05-01,42.38026428222656
2000-05-02,40.07699203491211
2000-05-03,37.31306076049805
2000-05-04,34.702674865722656
2000-05-05,34.702674865722656
2000-05-08,34.549129486083984
2000-05-09,34.549129486083984
2000-05-10,35.77753829956055
2000-05-11,38.234371185302734
2000-05-12,40.84474182128906
2000-05-15,42.07316207885742
2000-05-16,43.91579055786133
2000-05-17,46.37260818481445
2000-05-18,45.14419174194336
2000-05-19,45.758399963378906
2000-05-22,43.301570892333984
2000-05-23,40.691200256347656
2000-05-24,37.92726516723633
2000-05-25,35.3168830871582
2000-05-26,37.77371597290039
2000-05-29,39.155677795410156
2000-05-30,39.155677795410156
2000-05-31,42.07316207885742
2000-06-01,41.15184783935547
2000-06-02,43.91579055786133
2000-06-05,46.06550979614258
2000-06-06,46.06550979614258
2000-06-07,49.136531829833984
2000-06-08,50.979164123535156
2000-06-09,51.900474548339844
2000-06-12,54.09626388549805
2000-06-13,57.29013442993164
2000-06-14,55.49357986450195
2000-06-15,59.28630828857422
2000-06-16,57.090511322021484
2000-06-19,57.88898468017578
2000-06-20,56.29204559326172
2000-06-21,54.29587936401367
2000-06-22,55.29396438598633
2000-06-23,53.29779052734375
2000-06-26,50.10390853881836
2000-06-27,49.50505828857422
2000-06-28,47.7085075378418
2000-06-29,48.50697708129883
2000-06-30,51.10200119018555
2000-07-03,51.10200119018555
2000-07-04,51.10200119018555
2000-07-05,51.10200119018555
2000-07-06,51.10200119018555
2000-07-07,51.10200119018555
2000-07-10,51.10200119018555
2000-07-11,51.10200119018555
2000-07-12,51.10200119018555
2000-07-13,51.10200119018555
2000-07-14,51.10200119018555
2000-07-17,51.10200119018555
2000-07-18,51.10200119018555
2000-07-19,51.10200119018555
2000-07-20,51.10200119018555
2000-07-21,51.10200119018555
2000-07-24,51.10200119018555
2000-07-25,51.10200119018555
2000-07-26,51.10200119018555
2000-07-27,51.10200119018555
2000-07-28,51.10200119018555
2000-07-31,51.10200119018555
2000-08-01,51.10200119018555
2000-08-02,51.10200119018555
2000-08-03,51.10200119018555
2000-08-04,51.10200119018555
2000-08-07,51.10200119018555
2000-08-08,51.10200119018555
2000-08-09,51.10200119018555
2000-08-10,51.10200119018555
2000-08-11,51.10200119018555
2000-08-14,51.10200119018555
2000-08-15,51.10200119018555
2000-08-16,51.10200119018555
2000-08-17,51.10200119018555
2000-08-18,51.10200119018555
2000-08-21,51.10200119018555
2000-08-22,51.10200119018555
2000-08-23,51.10200119018555
2000-08-24,51.10200119018555
2000-08-25,51.10200119018555
2000-08-28,51.10200119018555
2000-08-29,51.10200119018555
2000-08-30,51.10200119018555
2000-08-31,51.10200119018555
2000-09-01,51.10200119018555
2000-09-04,51.10200119018555
2000-09-05,51.10200119018555
2000-09-06,51.10200119018555
2000-09-07,51.10200119018555
2000-09-08,51.10200119018555
2000-09-11,51.10200119018555
2000-09-12,51.10200119018555
2000-09-13,51.10200119018555
2000-09-14,51.10200119018555
2000-09-15,51.10200119018555
2000-09-18,51.10200119018555
2000-09-19,51.10200119018555
2000-09-20,51.10200119018555
2000-09-21,51.10200119018555
2000-09-22,51.10200119018555
2000-09-25,51.10200119018555
2000-09-26,51.10200119018555
2000-09-27,51.10200119018555
2000-09-28,51.10200119018555
2000-09-29,51.10200119018555
2000-10-02,51.10200119018555
2000-10-03,51.10200119018555
2000-10-04,51.10200119018555
2000-10-05,51.10200119018555
2000-10-06,51.10200119018555
2000-10-09,51.10200119018555
2000-10-10,51.10200119018555
2000-10-11,51.10200119018555
2000-10-12,51.10200119018555
2000-10-13,51.10200119018555
2000-10-16,51.10200119018555
2000-10-17,51.10200119018555
2000-10-18,51.10200119018555
2000-10-19,51.10200119018555
2000-10-20,51.10200119018555
2000-10-23,51.10200119018555
2000-10-24,51.10200119018555
2000-10-25,51.10200119018555
2000-10-26,51.10200119018555
2000-10-27,51.10200119018555
2000-10-30,51.10200119018555
2000-10-31,51.10200119018555
2000-11-01,51.10200119018555
2000-11-02,51.10200119018555
2000-11-03,51.10200119018555
2000-11-06,51.10200119018555
2000-11-07,51.10200119018555
2000-11-08,51.10200119018555
2000-11-09,51.10200119018555
2000-11-10,51.10200119018555
2000-11-13,51.10200119018555
2000-11-14,51.10200119018555
2000-11-15,51.10200119018555
2000-11-16,51.10200119018555
2000-11-17,51.10200119018555
2000-11-20,51.10200119018555
2000-11-21,51.10200119018555
2000-11-22,51.10200119018555
2000-11-23,51.10200119018555
2000-11-24,51.10200119018555
2000-11-27,51.10200119018555
2000-11-28,51.10200119018555
2000-11-29,51.10200119018555
2000-11-30,51.10200119018555
2000-12-01,51.10200119018555
2000-12-04,51.10200119018555
2000-12-05,51.10200119018555
2000-12-06,51.10200119018555
2000-12-07,51.10200119018555
2000-12-08,51.10200119018555
2000-12-11,51.10200119018555
2000-12-12,51.10200119018555
2000-12-13,51.10200119018555
2000-12-14,51.10200119018555
2000-12-15,51.10200119018555
2000-12-18,51.10200119018555
2000-12-19,51.10200119018555
2000-12-20,51.10200119018555
2000-12-21,51.10200119018555
2000-12-22,51.10200119018555
2000-12-25,51.10200119018555
2000-12-26,51.10200119018555
2000-12-27,51.10200119018555
2000-12-28,51.10200119018555
2000-12-29,51.10200119018555
2001-01-01,51.10200119018555
2001-01-02,51.10200119018555
2001-01-03,51.10200119018555
2001-01-04,51.10200119018555
2001-01-05,51.10200119018555
2001-01-08,51.10200119018555
2001-01-09,51.10200119018555
2001-01-10,51.10200119018555
2001-01-11,51.10200119018555
2001-01-12,51.10200119018555
2001-01-15,51.10200119018555
2001-01-16,51.10200119018555
2001-01-17,51.10200119018555
2001-01-18,51.10200119018555
2001-01-19,51.10200119018555
2001-01-22,51.10200119018555
2001-01-23,51.10200119018555
2001-01-24,51.10200119018555
2001-01-25,51.10200119018555
2001-01-26,51.10200119018555
2001-01-29,51.10200119018555
2001-01-30,51.10200119018555
2001-01-31,51.10200119018555
2001-02-01,51.10200119018555
2001-02-02,51.10200119018555
2001-02-05,51.10200119018555
2001-02-06,51.10200119018555
2001-02-07,51.10200119018555
2001-02-08,51.10200119018555
2001-02-09,51.10200119018555
2001-02-12,51.10200119018555
2001-02-13,51.10200119018555
2001-02-14,51.10200119018555
2001-02-15,51.10200119018555
2001-02-16,51.10200119018555
2001-02-19,51.10200119018555
2001-02-20,51.10200119018555
2001-02-21,51.10200119018555
2001-02-22,51.10200119018555
2001-02-23,51.10200119018555
2001-02-26,51.10200119018555
2001-02-27,51.10200119018555
2001-02-28,51.10200119018555
2001-03-01,51.10200119018555
2001-03-02,51.10200119018555
2001-03-05,51.10200119018555
2001-03-06,51.10200119018555
2001-03-07,51.10200119018555
2001-03-08,51.10200119018555
2001-03-09,51.10200119018555
2001-03-12,51.10200119018555
2001-03-13,51.10200119018555
2001-03-14,51.10200119018555
2001-03-15,51.10200119018555
2001-03-16,51.10200119018555
2001-03-19,51.10200119018555
2001-03-20,51.10200119018555
2001-03-21,51.10200119018555
2001-03-22,51.10200119018555
2001-03-23,51.10200119018555
2001-03-26,51.10200119018555
2001-03-27,51.10200119018555
2001-03-28,51.10200119018555
2001-03-29,51.10200119018555
2001-03-30,51.10200119018555
2001-04-02,51.10200119018555
2001-04-03,51.10200119018555
2001-04-04,51.10200119018555
2001-04-05,51.10200119018555
2001-04-06,51.10200119018555
2001-04-09,51.10200119018555
2001-04-10,51.10200119018555
2001-04-11,51.10200119018555
2001-04-12,51.10200119018555
2001-04-13,51.10200119018555
2001-04-16,51.10200119018555
2001-04-17,51.10200119018555
2001-04-18,51.10200119018555
2001-04-19,51.10200119018555
2001-04-20,51.10200119018555
2001-04-23,51.10200119018555
2001-04-24,51.10200119018555
2001-04-25,51.10200119018555
2001-04-26,51.10200119018555
2001-04-27,51.10200119018555
2001-04-30,51.10200119018555
2001-05-01,51.10200119018555
2001-05-02,51.10200119018555
2001-05-03,51.10200119018555
2001-05-04,51.10200119018555
2001-05-07,51.10200119018555
2001-05-08,51.10200119018555
2001-05-09,51.10200119018555
2001-05-10,51.10200119018555
2001-05-11,51.10200119018555
2001-05-14,51.10200119018555
2001-05-15,51.10200119018555
2001-05-16,51.10200119018555
2001-05-17,51.10200119018555
2001-05-18,51.10200119018555
2001-05-21,51.10200119018555
2001-05-22,51.10200119018555
2001-05-23,51.10200119018555
2001-05-24,51.10200119018555
2001-05-25,51.10200119018555
2001-05-28,51.10200119018555
2001-05-29,51.10200119018555
2001-05-30,51.10200119018555
2001-05-31,51.10200119018555
2001-06-01,51.10200119018555
2001-06-04,51.10200119018555
2001-06-05,51.10200119018555
2001-06-06,51.10200119018555
2001-06-07,51.10200119018555
2001-06-08,51.10200119018555
2001-06-11,51.10200119018555
2001-06-12,51.10200119018555
2001-06-13,51.10200119018555
2001-06-14,51.10200119018555
2001-06-15,51.10200119018555
2001-06-18,51.10200119018555
2001-06-19,51.10200119018555
2001-06-20,51.10200119018555
2001-06-21,51.10200119018555
2001-06-22,51.10200119018555
2001-06-25,51.10200119018555
2001-06-26,51.10200119018555
2001-06-27,51.10200119018555
2001-06-28,51.10200119018555
2001-06-29,51.10200119018555
2001-07-02,51.10200119018555
2001-07-03,51.10200119018555
2001-07-04,51.10200119018555
2001-07-05,51.10200119018555
2001-07-06,51.10200119018555
2001-07-09,51.10200119018555
2001-07-10,51.10200119018555
2001-07-11,51.10200119018555
2001-07-12,51.10200119018555
2001-07-13,51.10200119018555
2001-07-16,51.10200119018555
2001-07-17,51.10200119018555
2001-07-18,51.10200119018555
2001-07-19,51.10200119018555
2001-07-20,51.10200119018555
2001-07-23,51.10200119018555
2001-07-24,51.10200119018555
2001-07-25,51.10200119018555
2001-07-26,51.10200119018555
2001-07-27,51.10200119018555
2001-07-30,51.10200119018555
2001-07-31,51.10200119018555
2001-08-01,51.10200119018555
2001-08-02,51.10200119018555
2001-08-03,51.10200119018555
2001-08-06,51.10200119018555
2001-08-07,51.10200119018555
2001-08-08,51.10200119018555
2001-08-09,51.10200119018555
2001-08-10,51.10200119018555
2001-08-13,51.10200119018555
2001-08-14,51.10200119018555
2001-08-15,51.10200119018555
2001-08-16,51.10200119018555
2001-08-17,51.10200119018555
2001-08-20,51.10200119018555
2001-08-21,51.10200119018555
2001-08-22,51.10200119018555
2001-08-23,51.10200119018555
2001-08-24,51.10200119018555
2001-08-27,51.10200119018555
2001-08-28,51.10200119018555
2001-08-29,51.10200119018555
2001-08-30,51.10200119018555
2001-08-31,51.10200119018555
2001-09-03,51.10200119018555
2001-09-04,51.10200119018555
2001-09-05,51.10200119018555
2001-09-06,51.10200119018555
2001-09-07,51.10200119018555
2001-09-10,51.10200119018555
2001-09-11,51.10200119018555
2001-09-12,51.10200119018555
2001-09-13,51.10200119018555
2001-09-14,51.10200119018555
2001-09-17,51.10200119018555
2001-09-18,51.10200119018555
2001-09-19,51.10200119018555
2001-09-20,51.10200119018555
2001-09-21,51.10200119018555
2001-09-24,51.10200119018555
2001-09-25,51.10200119018555
2001-09-26,51.10200119018555
2001-09-27,51.10200119018555
2001-09-28,51.10200119018555
2001-10-01,51.10200119018555
2001-10-02,51.10200119018555
2001-10-03,51.10200119018555
2001-10-04,51.10200119018555
2001-10-05,51.10200119018555
2001-10-08,51.10200119018555
2001-10-09,51.10200119018555
2001-10-10,51.10200119018555
2001-10-11,51.10200119018555
2001-10-12,51.10200119018555
2001-10-15,51.10200119018555
2001-10-16,51.10200119018555
2001-10-17,51.10200119018555
2001-10-18,51.10200119018555
2001-10-19,51.10200119018555
2001-10-22,51.10200119018555
2001-10-23,51.10200119018555
2001-10-24,51.10200119018555
2001-10-25,51.10200119018555
2001-10-26,51.10200119018555
2001-10-29,51.10200119018555
2001-10-30,51.10200119018555
2001-10-31,51.10200119018555
2001-11-01,51.10200119018555
2001-11-02,51.10200119018555
2001-11-05,51.10200119018555
2001-11-06,51.10200119018555
2001-11-07,51.10200119018555
2001-11-08,51.10200119018555
2001-11-09,51.10200119018555
2001-11-12,51.10200119018555
2001-11-13,51.10200119018555
2001-11-14,51.10200119018555
2001-11-15,51.10200119018555
2001-11-16,51.10200119018555
2001-11-19,51.10200119018555
2001-11-20,51.10200119018555
2001-11-21,51.10200119018555
2001-11-22,51.10200119018555
2001-11-23,51.10200119018555
2001-11-26,51.10200119018555
2001-11-27,51.10200119018555
2001-11-28,51.10200119018555
2001-11-29,51.10200119018555
2001-11-30,51.10200119018555
2001-12-03,51.10200119018555
2001-12-04,51.10200119018555
2001-12-05,51.10200119018555
2001-12-06,51.10200119018555
2001-12-07,51.10200119018555
2001-12-10,51.10200119018555
2001-12-11,51.10200119018555
2001-12-12,51.10200119018555
2001-12-13,51.10200119018555
2001-12-14,51.10200119018555
2001-12-17,51.10200119018555
2001-12-18,51.10200119018555
2001-12-19,51.10200119018555
2001-12-20,51.10200119018555
2001-12-21,51.10200119018555
2001-12-24,51.10200119018555
2001-12-25,51.10200119018555
2001-12-26,51.10200119018555
2001-12-27,51.10200119018555
2001-12-28,51.10200119018555
2001-12-31,51.10200119018555
2002-01-01,51.10200119018555
2002-01-02,51.10200119018555
2002-01-03,51.10200119018555
2002-01-04,51.10200119018555
2002-01-07,51.10200119018555
2002-01-08,51.10200119018555
2002-01-09,51.10200119018555
2002-01-10,51.10200119018555
2002-01-11,51.10200119018555
2002-01-14,51.10200119018555
2002-01-15,51.10200119018555
2002-01-16,51.10200119018555
2002-01-17,51.10200119018555
2002-01-18,51.10200119018555
2002-01-21,51.10200119018555
2002-01-22,51.10200119018555
2002-01-23,51.10200119018555
2002-01-24,51.10200119018555
2002-01-25,51.10200119018555
2002-01-28,51.10200119018555
2002-01-29,51.10200119018555
2002-01-30,51.10200119018555
2002-01-31,51.10200119018555
2002-02-01,51.10200119018555
2002-02-04,51.10200119018555
2002-02-05,51.10200119018555
2002-02-06,51.10200119018555
2002-02-07,51.10200119018555
2002-02-08,51.10200119018555
2002-02-11,51.10200119018555
2002-02-12,51.10200119018555
2002-02-13,51.10200119018555
2002-02-14,51.10200119018555
2002-02-15,51.10200119018555
2002-02-18,51.10200119018555
2002-02-19,51.10200119018555
2002-02-20,51.10200119018555
2002-02-21,51.10200119018555
2002-02-22,51.10200119018555
2002-02-25,51.10200119018555
2002-02-26,51.10200119018555
2002-02-27,51.10200119018555
2002-02-28,51.10200119018555
2002-03-01,51.10200119018555
2002-03-04,51.10200119018555
2002-03-05,51.10200119018555
2002-03-06,51.10200119018555
2002-03-07,51.10200119018555
2002-03-08,51.10200119018555
2002-03-11,51.10200119018555
2002-03-12,51.10200119018555
2002-03-13,51.10200119018555
2002-03-14,51.10200119018555
2002-03-15,51.10200119018555
2002-03-18,51.10200119018555
2002-03-19,51.10200119018555
2002-03-20,51.10200119018555
2002-03-21,51.10200119018555
2002-03-22,51.10200119018555
2002-03-25,51.10200119018555
2002-03-26,51.10200119018555
2002-03-27,51.10200119018555
2002-03-28,51.10200119018555
2002-03-29,51.10200119018555
2002-04-01,51.10200119018555
2002-04-02,51.10200119018555
2002-04-03,51.10200119018555
2002-04-04,51.10200119018555
2002-04-05,51.10200119018555
2002-04-08,51.10200119018555
2002-04-09,51.10200119018555
2002-04-10,51.10200119018555
2002-04-11,51.10200119018555
2002-04-12,51.10200119018555
2002-04-15,51.10200119018555
2002-04-16,51.10200119018555
2002-04-17,51.10200119018555
2002-04-18,51.10200119018555
2002-04-19,51.10200119018555
2002-04-22,51.10200119018555
2002-04-23,51.10200119018555
2002-04-24,51.10200119018555
2002-04-25,51.10200119018555
2002-04-26,51.10200119018555
2002-04-29,51.10200119018555
2002-04-30,51.10200119018555
2002-05-01,51.10200119018555
2002-05-02,51.10200119018555
2002-05-03,51.10200119018555
2002-05-06,51.10200119018555
2002-05-07,51.10200119018555
2002-05-08,51.10200119018555
2002-05-09,51.10200119018555
2002-05-10,51.10200119018555
2002-05-13,51.10200119018555
2002-05-14,51.10200119018555
2002-05-15,51.10200119018555
2002-05-16,51.10200119018555
2002-05-17,51.10200119018555
2002-05-20,51.10200119018555
2002-05-21,51.10200119018555
2002-05-22,51.10200119018555
2002-05-23,51.10200119018555
2002-05-24,51.10200119018555
2002-05-27,51.10200119018555
2002-05-28,51.10200119018555
2002-05-29,51.10200119018555
2002-05-30,51.10200119018555
2002-05-31,51.10200119018555
2002-06-03,51.10200119018555
2002-06-04,51.10200119018555
2002-06-05,51.10200119018555
2002-06-06,51.10200119018555
2002-06-07,51.10200119018555
2002-06-10,51.10200119018555
2002-06-11,51.10200119018555
2002-06-12,51.10200119018555
2002-06-13,51.10200119018555
2002-06-14,51.10200119018555
2002-06-17,51.10200119018555
2002-06-18,51.10200119018555
2002-06-19,51.10200119018555
2002-06-20,51.10200119018555
2002-06-21,51.10200119018555
2002-06-24,51.10200119018555
2002-06-25,51.10200119018555
2002-06-26,51.10200119018555
2002-06-27,51.10200119018555
2002-06-28,51.10200119018555
2002-07-01,51.10200119018555
2002-07-02,51.10200119018555
2002-07-03,51.10200119018555
2002-07-04,51.10200119018555
2002-07-05,51.10200119018555
2002-07-08,51.10200119018555
2002-07-09,51.10200119018555
2002-07-10,51.10200119018555
2002-07-11,51.10200119018555
2002-07-12,51.10200119018555
2002-07-15,51.10200119018555
2002-07-16,51.10200119018555
2002-07-17,51.10200119018555
2002-07-18,51.10200119018555
2002-07-19,51.10200119018555
2002-07-22,51.10200119018555
2002-07-23,51.10200119018555
2002-07-24,51.10200119018555
2002-07-25,51.10200119018555
2002-07-26,51.10200119018555
2002-07-29,51.10200119018555
2002-07-30,51.10200119018555
2002-07-31,51.10200119018555
2002-08-01,51.10200119018555
2002-08-02,51.10200119018555
2002-08-05,51.10200119018555
2002-08-06,51.10200119018555
2002-08-07,51.10200119018555
2002-08-08,51.10200119018555
2002-08-09,51.10200119018555
2002-08-12,51.10200119018555
2002-08-13,51.10200119018555
2002-08-14,51.10200119018555
2002-08-15,51.10200119018555
2002-08-16,51.10200119018555
2002-08-19,51.10200119018555
2002-08-20,51.10200119018555
2002-08-21,51.10200119018555
2002-08-22,51.10200119018555
2002-08-23,51.10200119018555
2002-08-26,51.10200119018555
2002-08-27,50.69763946533203
2002-08-28,47.41166305541992
2002-08-29,47.88108825683594
2002-08-30,46.9422492980957
2002-09-02,46.9422492980957
2002-09-03,44.12571716308594
2002-09-04,43.37464904785156
2002-09-05,42.623573303222656
2002-09-06,42.623573303222656
2002-09-09,42.811336517333984
2002-09-10,44.689022064208984
2002-09-11,46.0034065246582
2002-09-12,45.2523307800293
2002-09-13,43.186851501464844
2002-09-16,42.3419189453125
2002-09-17,45.2523307800293
2002-09-18,43.186851501464844
2002-09-19,43.56241226196289
2002-09-20,46.56671142578125
2002-09-23,48.819942474365234
2002-09-24,48.819942474365234
2002-09-25,48.35053253173828
2002-09-26,47.88108825683594
2002-09-27,47.41166305541992
2002-09-30,47.41166305541992
2002-10-01,47.88108825683594
2002-10-02,46.0034065246582
2002-10-03,46.0034065246582
2002-10-04,45.53398895263672
2002-10-07,42.435794830322266
2002-10-08,42.060237884521484
2002-10-09,41.12140655517578
2002-10-10,41.12140655517578
2002-10-11,40.08868408203125
2002-10-14,38.962059020996094
2002-10-15,41.684722900390625
2002-10-16,42.71743392944336
2002-10-17,42.99909973144531
2002-10-18,45.064552307128906
2002-10-21,44.12571716308594
2002-10-22,44.876792907714844
2002-10-23,47.41166305541992
2002-10-24,45.721744537353516
2002-10-25,48.819942474365234
2002-10-28,47.88108825683594
2002-10-29,46.66059875488281
2002-10-30,47.41166305541992
2002-10-31,50.69763946533203
2002-11-01,50.22822189331055
2002-11-04,51.16706848144531
2002-11-05,50.22822189331055
2002-11-06,51.63648223876953
2002-11-07,52.575313568115234
2002-11-08,52.10590362548828
2002-11-11,48.819942474365234
2002-11-12,46.9422492980957
2002-11-13,47.41166305541992
2002-11-14,46.9422492980957
2002-11-15,48.35053253173828
2002-11-18,47.41166305541992
2002-11-19,46.9422492980957
2002-11-20,46.9422492980957
2002-11-21,45.53398895263672
2002-11-22,46.848358154296875
2002-11-25,47.88108825683594
2002-11-26,46.0034065246582
2002-11-27,45.064552307128906
2002-11-28,45.2523307800293
2002-11-29,46.191165924072266
2002-12-02,46.191165924072266
2002-12-03,48.35053253173828
2002-12-04,46.9422492980957
2002-12-05,46.848358154296875
2002-12-06,45.44010543823242
2002-12-09,44.689022064208984
2002-12-10,42.248023986816406
2002-12-11,42.3419189453125
2002-12-12,41.12140655517578
2002-12-13,41.02751922607422
2002-12-16,41.4969596862793
2002-12-17,41.684722900390625
2002-12-18,39.90090560913086
2002-12-19,39.61927032470703
2002-12-20,39.24373245239258
2002-12-23,38.11711883544922
2002-12-24,38.398746490478516
2002-12-25,38.398746490478516
2002-12-26,40.08868408203125
2002-12-27,38.680423736572266
2002-12-30,39.337608337402344
2002-12-31,41.02751922607422
2003-01-01,41.02751922607422
2003-01-02,41.02751922607422
2003-01-03,41.30918884277344
2003-01-06,39.90090560913086
2003-01-07,42.623573303222656
2003-01-08,42.248023986816406
2003-01-09,40.933650970458984
2003-01-10,40.6519889831543
2003-01-13,42.52968215942383
2003-01-14,41.77860641479492
2003-01-15,41.403072357177734
2003-01-16,40.37034225463867
2003-01-17,39.43150329589844
2003-01-20,39.24373245239258
2003-01-21,39.90090560913086
2003-01-22,39.337608337402344
2003-01-23,39.80704116821289
2003-01-24,39.149845123291016
2003-01-27,38.023231506347656
2003-01-28,38.77429962158203
2003-01-29,38.77429962158203
2003-01-30,38.77429962158203
2003-01-31,38.77429962158203
2003-02-03,38.77429962158203
2003-02-04,38.77429962158203
2003-02-05,38.77429962158203
2003-02-06,37.8354606628418
2003-02-07,37.7415771484375
2003-02-10,36.61497116088867
2003-02-11,36.61497116088867
2003-02-12,36.61497116088867
2003-02-13,36.145530700683594
2003-02-14,36.145530700683594
2003-02-17,37.27215576171875
2003-02-18,36.52107620239258
2003-02-19,36.145530700683594
2003-02-20,36.33329391479492
2003-02-21,36.61497116088867
2003-02-24,36.61497116088867
2003-02-25,37.64768600463867
2003-02-26,37.08438491821289
2003-02-27,36.89659881591797
2003-02-28,36.89659881591797
2003-03-03,37.45991897583008
2003-03-04,36.61497116088867
2003-03-05,35.39445877075195
2003-03-06,35.67612075805664
2003-03-07,35.67612075805664
2003-03-10,35.300567626953125
2003-03-11,35.11280822753906
2003-03-12,36.051658630371094
2003-03-13,35.957763671875
2003-03-14,36.802734375
2003-03-17,34.92504119873047
2003-03-18,36.23942184448242
2003-03-19,35.300567626953125
2003-03-20,36.61497116088867
2003-03-21,35.957763671875
2003-03-24,37.27215576171875
2003-03-25,36.23942184448242
2003-03-26,36.61497116088867
2003-03-27,36.42717742919922
2003-03-28,35.67612075805664
2003-03-31,34.549503326416016
2003-04-01,34.64337921142578
2003-04-02,34.26784133911133
2003-04-03,34.455604553222656
2003-04-04,34.92504119873047
2003-04-07,35.39445877075195
2003-04-08,37.8354606628418
2003-04-09,36.42717742919922
2003-04-10,36.802734375
2003-04-11,36.42717742919922
2003-04-14,36.42717742919922
2003-04-15,36.52107620239258
2003-04-16,37.64768600463867
2003-04-17,37.08438491821289
2003-04-18,37.553810119628906
2003-04-21,36.99049758911133
2003-04-22,36.23942184448242
2003-04-23,35.39445877075195
2003-04-24,33.42289733886719
2003-04-25,31.169660568237305
2003-04-28,29.010311126708984
2003-04-29,27.13261604309082
2003-04-30,25.44270896911621
2003-05-01,25.44270896911621
2003-05-02,24.409969329833984
2003-05-05,25.63047981262207
2003-05-06,26.381542205810547
2003-05-07,26.757091522216797
2003-05-08,25.818233489990234
2003-05-09,25.818233489990234
2003-05-12,26.193758010864258
2003-05-13,27.977582931518555
2003-05-14,29.85527801513672
2003-05-15,30.512474060058594
2003-05-16,29.85527801513672
2003-05-19,29.198076248168945
2003-05-20,29.85527801513672
2003-05-21,28.540895462036133
2003-05-22,28.91641616821289
2003-05-23,29.38582992553711
2003-05-26,30.70022964477539
2003-05-27,30.70022964477539
2003-05-28,30.70022964477539
2003-05-29,31.54518699645996
2003-05-30,32.859580993652344
2003-06-02,35.11280822753906
2003-06-03,37.553810119628906
2003-06-04,37.553810119628906
2003-06-05,40.18257141113281
2003-06-06,39.43150329589844
2003-06-09,40.74588394165039
2003-06-10,40.276458740234375
2003-06-11,43.09299087524414
2003-06-12,43.186851501464844
2003-06-13,42.060237884521484
2003-06-16,42.248023986816406
2003-06-17,40.74588394165039
2003-06-18,41.02751922607422
2003-06-19,42.3419189453125
2003-06-20,42.3419189453125
2003-06-23,39.61927032470703
2003-06-24,40.74588394165039
2003-06-25,40.46420669555664
2003-06-26,42.15413284301758
2003-06-27,45.064552307128906
2003-06-30,43.84406661987305
2003-07-01,46.848358154296875
2003-07-02,46.75447463989258
2003-07-03,45.064552307128906
2003-07-04,45.53398895263672
2003-07-07,46.472843170166016
2003-07-08,46.0034065246582
2003-07-09,46.0034065246582
2003-07-10,45.53398895263672
2003-07-11,45.53398895263672
2003-07-14,46.0973014831543
2003-07-15,47.41166305541992
2003-07-16,46.472843170166016
2003-07-17,44.12571716308594
2003-07-18,44.03181838989258
2003-07-21,43.65630340576172
2003-07-22,50.8519401550293
2003-07-23,50.8519401550293
2003-07-24,52.48421096801758
2003-07-25,52.860904693603516
2003-07-28,51.35417938232422
2003-07-29,50.224143981933594
2003-07-30,49.596343994140625
2003-07-31,49.219661712646484
2003-08-01,50.60082244873047
2003-08-04,50.224143981933594
2003-08-05,47.83849334716797
2003-08-06,51.103057861328125
2003-08-07,50.72638702392578
2003-08-08,49.973018646240234
2003-08-11,48.340736389160156
2003-08-12,48.340736389160156
2003-08-13,49.47078323364258
2003-08-14,47.96403884887695
2003-08-15,47.96403884887695
2003-08-18,48.340736389160156
2003-08-19,50.224143981933594
2003-08-20,49.47078323364258
2003-08-21,52.3586540222168
2003-08-22,48.71742248535156
2003-08-25,45.32728576660156
2003-08-26,45.0761604309082
2003-08-27,42.18827819824219
2003-08-28,41.43492126464844
2003-08-29,42.941627502441406
2003-09-01,41.81159591674805
2003-09-02,42.690521240234375
2003-09-03,42.941627502441406
2003-09-04,41.68603515625
2003-09-05,40.05374526977539
2003-09-08,40.681549072265625
2003-09-09,40.43043899536133
2003-09-10,39.67708206176758
2003-09-11,39.67708206176758
2003-09-12,40.17931365966797
2003-09-15,40.17931365966797
2003-09-16,41.0582389831543
2003-09-17,42.06272506713867
2003-09-18,42.18827819824219
2003-09-19,42.690521240234375
2003-09-22,40.807106018066406
2003-09-23,40.43043899536133
2003-09-24,40.43043899536133
2003-09-25,39.92819595336914
2003-09-26,39.92819595336914
2003-09-29,40.17931365966797
2003-09-30,39.67708206176758
2003-10-01,39.42594909667969
2003-10-02,40.05374526977539
2003-10-03,39.92819595336914
2003-10-06,40.17931365966797
2003-10-07,39.92819595336914
2003-10-08,39.55148696899414
2003-10-09,40.17931365966797
2003-10-10,40.17931365966797
2003-10-13,39.67708206176758
2003-10-14,39.67708206176758
2003-10-15,41.56046676635742
2003-10-16,41.309356689453125
2003-10-17,41.183799743652344
2003-10-20,38.42145919799805
2003-10-21,35.78470230102539
2003-10-22,33.39905548095703
2003-10-23,33.65018844604492
2003-10-24,32.896812438964844
2003-10-27,32.269004821777344
2003-10-28,32.645694732666016
2003-10-29,32.14344787597656
2003-10-30,33.02236557006836
2003-10-31,32.520137786865234
2003-11-03,32.77125549316406
2003-11-04,32.520137786865234
2003-11-05,32.520137786865234
2003-11-06,32.269004821777344
2003-11-07,32.269004821777344
2003-11-10,31.766767501831055
2003-11-11,31.641206741333008
2003-11-12,33.775726318359375
2003-11-13,34.905784606933594
2003-11-14,34.905784606933594
2003-11-17,34.026859283447266
2003-11-18,33.52461242675781
2003-11-19,33.39905548095703
2003-11-20,33.273494720458984
2003-11-21,32.269004821777344
2003-11-24,33.02236557006836
2003-11-25,33.65018844604492
2003-11-26,34.905784606933594
2003-11-27,33.90128707885742
2003-11-28,35.407997131347656
2003-12-01,35.15690612792969
2003-12-02,34.27796936035156
2003-12-03,34.27796936035156
2003-12-04,34.52908706665039
2003-12-05,33.90128707885742
2003-12-08,33.39905548095703
2003-12-09,33.273494720458984
2003-12-10,32.645694732666016
2003-12-11,32.896812438964844
2003-12-12,32.896812438964844
2003-12-15,33.273494720458984
2003-12-16,32.645694732666016
2003-12-17,32.77125549316406
2003-12-18,33.02236557006836
2003-12-19,35.282447814941406
2003-12-22,35.78470230102539
2003-12-23,35.15690612792969
2003-12-24,35.53358459472656
2003-12-25,37.54254150390625
2003-12-26,36.91474151611328
2003-12-29,36.7891845703125
2003-12-30,36.7891845703125
2003-12-31,36.412498474121094
2004-01-01,36.412498474121094
2004-01-02,36.663612365722656
2004-01-05,36.663612365722656
2004-01-06,37.41697311401367
2004-01-07,37.41697311401367
2004-01-08,38.044769287109375
2004-01-09,38.044769287109375
2004-01-12,38.044769287109375
2004-01-13,38.67259216308594
2004-01-14,38.547035217285156
2004-01-15,37.41697311401367
2004-01-16,37.291419982910156
2004-01-19,37.291419982910156
2004-01-20,37.291419982910156
2004-01-21,37.291419982910156
2004-01-22,37.291419982910156
2004-01-23,37.291419982910156
2004-01-26,37.291419982910156
2004-01-27,37.91923522949219
2004-01-28,37.91923522949219
2004-01-29,38.798126220703125
2004-01-30,39.049278259277344
2004-02-02,39.174835205078125
2004-02-03,37.91923522949219
2004-02-04,38.17033004760742
2004-02-05,37.91923522949219
2004-02-06,37.16585922241211
2004-02-09,36.91474151611328
2004-02-10,37.66809844970703
2004-02-11,38.92369079589844
2004-02-12,39.92819595336914
2004-02-13,42.690521240234375
2004-02-16,45.20172882080078
2004-02-17,45.82951736450195
2004-02-18,45.20172882080078
2004-02-19,44.69948959350586
2004-02-20,45.70396041870117
2004-02-23,46.33177185058594
2004-02-24,45.45284652709961
2004-02-25,45.82951736450195
2004-02-26,45.82951736450195
2004-02-27,47.83849334716797
2004-03-01,50.60082244873047
2004-03-02,49.3452262878418
2004-03-03,49.84745788574219
2004-03-04,49.973018646240234
2004-03-05,47.96403884887695
2004-03-08,48.21517562866211
2004-03-09,47.96403884887695
2004-03-10,48.08962631225586
2004-03-11,47.71293640136719
2004-03-12,47.587371826171875
2004-03-15,46.45731735229492
2004-03-16,46.08063507080078
2004-03-17,45.20172882080078
2004-03-18,45.45284652709961
2004-03-19,45.20172882080078
2004-03-22,42.06272506713867
2004-03-23,40.17931365966797
2004-03-24,39.92819595336914
2004-03-25,39.80263900756836
2004-03-26,39.67708206176758
2004-03-29,41.56046676635742
2004-03-30,41.183799743652344
2004-03-31,41.68603515625
2004-04-01,43.94613265991211
2004-04-02,43.31832504272461
2004-04-05,44.07168197631836
2004-04-06,41.0582389831543
2004-04-07,39.174835205078125
2004-04-08,39.55148696899414
2004-04-09,39.174835205078125
2004-04-12,38.798126220703125
2004-04-13,37.66809844970703
2004-04-14,38.295902252197266
2004-04-15,37.66809844970703
2004-04-16,38.17033004760742
2004-04-19,38.295902252197266
2004-04-20,38.044769287109375
2004-04-21,37.79365921020508
2004-04-22,37.41697311401367
2004-04-23,36.03580093383789
2004-04-26,33.65018844604492
2004-04-27,33.65018844604492
2004-04-28,33.147926330566406
2004-04-29,32.645694732666016
2004-04-30,30.511150360107422
2004-05-03,28.376646041870117
2004-05-04,27.497718811035156
2004-05-05,25.614309310913086
2004-05-06,23.856468200683594
2004-05-07,23.354206085205078
2004-05-10,23.479766845703125
2004-05-11,22.851980209350586
2004-05-12,24.35871124267578
2004-05-13,23.730905532836914
2004-05-14,23.22866439819336
2004-05-17,21.721933364868164
2004-05-18,23.22866439819336
2004-05-19,24.735383987426758
2004-05-20,24.609827041625977
2004-05-21,25.990999221801758
2004-05-24,25.865428924560547
2004-05-25,25.865428924560547
2004-05-26,25.865428924560547
2004-05-27,25.614309310913086
2004-05-28,26.869903564453125
2004-05-31,25.7398681640625
2004-06-01,25.36318588256836
2004-06-02,24.609827041625977
2004-06-03,22.977554321289062
2004-06-04,22.349746704101562
2004-06-07,23.60535430908203
2004-06-08,23.730905532836914
2004-06-09,23.354206085205078
2004-06-10,23.10310935974121
2004-06-11,23.479766845703125
2004-06-14,22.22417640686035
2004-06-15,22.47530746459961
2004-06-16,21.219703674316406
2004-06-17,20.96857452392578
2004-06-18,19.964101791381836
2004-06-21,18.582929611206055
2004-06-22,20.698192596435547
2004-06-23,18.582929611206055
2004-06-24,19.838531494140625
2004-06-25,21.219703674316406
2004-06-28,21.219703674316406
2004-06-29,22.60086441040039
2004-06-30,24.107595443725586
2004-07-01,25.7398681640625
2004-07-02,27.121042251586914
2004-07-05,26.744356155395508
2004-07-06,25.7398681640625
2004-07-07,27.497718811035156
2004-07-08,27.74884605407715
2004-07-09,27.24660301208496
2004-07-12,27.497718811035156
2004-07-13,27.372161865234375
2004-07-14,26.116544723510742
2004-07-15,26.869903564453125
2004-07-16,25.865428924560547
2004-07-19,24.8609561920166
2004-07-20,24.8609561920166
2004-07-21,26.493228912353516
2004-07-22,28.25107192993164
2004-07-23,28.25107192993164
2004-07-26,30.134489059448242
2004-07-27,30.134489059448242
2004-07-28,28.753318786621094
2004-07-29,28.753318786621094
2004-07-30,28.25107192993164
2004-08-02,27.999961853027344
2004-08-03,27.74884605407715
2004-08-04,29.130002975463867
2004-08-05,29.381120681762695
2004-08-06,30.008920669555664
2004-08-09,30.26004981994629
2004-08-10,29.130002975463867
2004-08-11,28.376646041870117
2004-08-12,28.878873825073242
2004-08-13,28.25107192993164
2004-08-16,29.004432678222656
2004-08-17,28.627765655517578
2004-08-18,28.627765655517578
2004-08-19,30.008920669555664
2004-08-20,32.01789474487305
2004-08-23,32.01789474487305
2004-08-24,35.66242599487305
2004-08-25,35.66242599487305
2004-08-26,31.892311096191406
2004-08-27,30.511150360107422
2004-08-30,29.883358001708984
2004-08-31,29.632232666015625
2004-09-01,29.757789611816406
2004-09-02,30.26004981994629
2004-09-03,28.502201080322266
2004-09-06,27.999961853027344
2004-09-07,28.25107192993164
2004-09-08,27.999961853027344
2004-09-09,28.376646041870117
2004-09-10,27.74884605407715
2004-09-13,27.999961853027344
2004-09-14,29.883358001708984
2004-09-15,29.883358001708984
2004-09-16,29.883358001708984
2004-09-17,28.627765655517578
2004-09-20,28.502201080322266
2004-09-21,28.502201080322266
2004-09-22,29.130002975463867
2004-09-23,29.506689071655273
2004-09-24,27.497718811035156
2004-09-27,25.614309310913086
2004-09-28,28.529932022094727
2004-09-29,23.856468200683594
2004-09-30,24.484264373779297
2004-10-01,24.484264373779297
2004-10-04,26.116544723510742
2004-10-05,25.990999221801758
2004-10-06,25.990999221801758
2004-10-07,25.865428924560547
2004-10-08,26.3676700592041
2004-10-11,25.865428924560547
2004-10-12,24.735383987426758
2004-10-13,25.7398681640625
2004-10-14,25.112071990966797
2004-10-15,25.237627029418945
2004-10-18,25.112071990966797
2004-10-19,25.488740921020508
2004-10-20,24.8609561920166
2004-10-21,24.8609561920166
2004-10-22,24.8609561920166
2004-10-25,27.690824508666992
2004-10-26,24.484264373779297
2004-10-27,24.107595443725586
2004-10-28,22.47530746459961
2004-10-29,22.349746704101562
2004-11-01,22.22417640686035
2004-11-02,22.22417640686035
2004-11-03,23.60535430908203
2004-11-04,22.977554321289062
2004-11-05,22.977554321289062
2004-11-08,22.22417640686035
2004-11-09,22.349746704101562
2004-11-10,23.354206085205078
2004-11-11,24.917457580566406
2004-11-12,26.578594207763672
2004-11-15,26.7170467376709
2004-11-16,26.440170288085938
2004-11-17,27.824493408203125
2004-11-18,27.270767211914062
2004-11-19,27.409181594848633
2004-11-22,26.993906021118164
2004-11-23,26.993906021118164
2004-11-24,26.855466842651367
2004-11-25,26.440170288085938
2004-11-26,25.471162796020508
2004-11-29,25.33273696899414
2004-11-30,25.471162796020508
2004-12-01,25.471162796020508
2004-12-02,25.471162796020508
2004-12-03,26.024900436401367
2004-12-06,25.609600067138672
2004-12-07,26.7170467376709
2004-12-08,27.132328033447266
2004-12-09,27.96291732788086
2004-12-10,27.686054229736328
2004-12-13,27.686054229736328
2004-12-14,27.96291732788086
2004-12-15,28.37820053100586
2004-12-16,29.20878791809082
2004-12-17,29.48563003540039
2004-12-20,28.79349708557129
2004-12-21,29.07036018371582
2004-12-22,28.79349708557129
2004-12-23,28.239776611328125
2004-12-24,28.37820053100586
2004-12-27,28.101350784301758
2004-12-28,28.37820053100586
2004-12-29,28.37820053100586
2004-12-30,28.516626358032227
2004-12-31,28.516626358032227
2005-01-03,28.101350784301758
2005-01-04,28.37820053100586
2005-01-05,28.101350784301758
2005-01-06,28.101350784301758
2005-01-07,27.96291732788086
2005-01-10,27.547630310058594
2005-01-11,27.547630310058594
2005-01-12,26.163320541381836
2005-01-13,26.024900436401367
2005-01-14,26.163320541381836
2005-01-17,26.440170288085938
2005-01-18,26.163320541381836
2005-01-19,25.886463165283203
2005-01-20,26.855466842651367
2005-01-21,26.855466842651367
2005-01-24,26.440170288085938
2005-01-25,26.163320541381836
2005-01-26,26.024900436401367
2005-01-27,26.024900436401367
2005-01-28,26.163320541381836
2005-01-31,25.471162796020508
2005-02-01,25.471162796020508
2005-02-02,25.055877685546875
2005-02-03,26.7170467376709
2005-02-04,28.341135025024414
2005-02-07,28.341135025024414
2005-02-08,28.341135025024414
2005-02-09,28.341135025024414
2005-02-10,28.341135025024414
2005-02-11,28.341135025024414
2005-02-14,27.270767211914062
2005-02-15,26.440170288085938
2005-02-16,27.409181594848633
2005-02-17,27.132328033447266
2005-02-18,27.547630310058594
2005-02-21,27.409181594848633
2005-02-22,26.993906021118164
2005-02-23,27.409181594848633
2005-02-24,27.409181594848633
2005-02-25,29.20878791809082
2005-02-28,30.98435401916504
2005-03-01,28.93192481994629
2005-03-02,27.824493408203125
2005-03-03,28.239776611328125
2005-03-04,28.239776611328125
2005-03-07,28.516626358032227
2005-03-08,28.37820053100586
2005-03-09,30.31623077392578
2005-03-10,32.39268493652344
2005-03-11,32.73876953125
2005-03-14,34.745994567871094
2005-03-15,33.7769889831543
2005-03-16,31.42365837097168
2005-03-17,29.278005599975586
2005-03-18,29.900941848754883
2005-03-21,31.146808624267578
2005-03-22,29.900941848754883
2005-03-23,31.008394241333008
2005-03-24,30.662311553955078
2005-03-25,30.93915367126465
2005-03-28,30.93915367126465
2005-03-29,30.24701499938965
2005-03-30,29.48563003540039
2005-03-31,29.20878791809082
2005-04-01,28.79349708557129
2005-04-04,28.93192481994629
2005-04-05,30.690656661987305
2005-04-06,28.37820053100586
2005-04-07,27.824493408203125
2005-04-08,28.101350784301758
2005-04-11,27.616851806640625
2005-04-12,27.616851806640625
2005-04-13,27.616851806640625
2005-04-14,28.516626358032227
2005-04-15,28.239776611328125
2005-04-18,27.409181594848633
2005-04-19,27.132328033447266
2005-04-20,26.855466842651367
2005-04-21,26.786251068115234
2005-04-22,26.786251068115234
2005-04-25,26.786251068115234
2005-04-26,27.20154571533203
2005-04-27,27.132328033447266
2005-04-28,26.993906021118164
2005-04-29,28.86270523071289
2005-05-02,30.617237091064453
2005-05-03,30.869958877563477
2005-05-04,30.385454177856445
2005-05-05,30.10858917236328
2005-05-06,31.35445785522461
2005-05-09,31.285234451293945
2005-05-10,31.838958740234375
2005-05-11,31.70054054260254
2005-05-12,31.49289894104004
2005-05-13,31.35445785522461
2005-05-16,31.285234451293945
2005-05-17,29.900941848754883
2005-05-18,29.62408447265625
2005-05-19,30.177812576293945
2005-05-20,30.800731658935547
2005-05-23,30.662311553955078
2005-05-24,32.8079833984375
2005-05-25,31.977399826049805
2005-05-26,33.846195220947266
2005-05-27,33.91541290283203
2005-05-30,35.64580154418945
2005-05-31,34.745994567871094
2005-06-01,33.984615325927734
2005-06-02,34.05384826660156
2005-06-03,36.40715408325195
2005-06-06,38.898902893066406
2005-06-07,41.59830093383789
2005-06-08,44.505340576171875
2005-06-09,42.63652801513672
2005-06-10,42.08280563354492
2005-06-13,42.77497100830078
2005-06-14,42.22124481201172
2005-06-15,45.1282844543457
2005-06-16,44.29769515991211
2005-06-17,43.74397277832031
2005-06-20,44.02083969116211
2005-06-21,44.29769515991211
2005-06-22,43.951602935791016
2005-06-23,43.60551834106445
2005-06-24,44.02083969116211
2005-06-27,40.9753532409668
2005-06-28,40.14479064941406
2005-06-29,40.14479064941406
2005-06-30,40.69851303100586
2005-07-01,41.667518615722656
2005-07-04,41.5290641784668
2005-07-05,41.04456329345703
2005-07-06,41.04456329345703
2005-07-07,41.39064407348633
2005-07-08,43.05182647705078
2005-07-11,42.91337966918945
2005-07-12,44.29769515991211
2005-07-13,43.53633117675781
2005-07-14,44.85142135620117
2005-07-15,44.782196044921875
2005-07-18,47.50444030761719
2005-07-19,45.47434616088867
2005-07-20,42.77497100830078
2005-07-21,41.667518615722656
2005-07-22,41.875144958496094
2005-07-25,44.782196044921875
2005-07-26,42.705745697021484
2005-07-27,43.39789581298828
2005-07-28,46.3741340637207
2005-07-29,49.558040618896484
2005-08-01,52.04977035522461
2005-08-02,50.180973052978516
2005-08-03,52.74192428588867
2005-08-04,53.98781204223633
2005-08-05,57.2696418762207
2005-08-08,53.29566192626953
2005-08-09,52.88035583496094
2005-08-10,50.11178207397461
2005-08-11,50.873138427734375
2005-08-12,49.00432586669922
2005-08-15,46.3741340637207
2005-08-16,46.3741340637207
2005-08-17,46.99708938598633
2005-08-18,45.95884704589844
2005-08-19,43.328678131103516
2005-08-22,43.190250396728516
2005-08-23,44.02083969116211
2005-08-24,46.78943634033203
2005-08-25,47.0662956237793
2005-08-26,46.3741340637207
2005-08-29,43.190250396728516
2005-08-30,43.467098236083984
2005-08-31,40.9753532409668
2005-09-01,43.466190338134766
2005-09-02,42.42888259887695
2005-09-05,40.83693313598633
2005-09-06,41.94438171386719
2005-09-07,41.875144958496094
2005-09-08,42.84417724609375
2005-09-09,42.42888259887695
2005-09-12,43.88240432739258
2005-09-13,43.39789581298828
2005-09-14,42.49808883666992
2005-09-15,42.63652801513672
2005-09-16,41.183013916015625
2005-09-19,40.9753532409668
2005-09-20,42.35966491699219
2005-09-21,40.62929153442383
2005-09-22,39.24498748779297
2005-09-23,38.691261291503906
2005-09-26,38.34518051147461
2005-09-27,37.51461410522461
2005-09-28,38.206756591796875
2005-09-29,42.988094329833984
2005-09-30,43.89469528198242
2005-10-03,43.59249496459961
2005-10-04,46.61450958251953
2005-10-05,48.956565856933594
2005-10-06,47.97441101074219
2005-10-07,48.049957275390625
2005-10-10,46.69679260253906
2005-10-11,47.14335632324219
2005-10-12,46.463401794433594
2005-10-13,45.934547424316406
2005-10-14,45.783451080322266
2005-10-17,43.516937255859375
2005-10-18,43.66804504394531
2005-10-19,42.15704345703125
2005-10-20,41.25044250488281
2005-10-21,43.06364440917969
2005-10-24,42.308143615722656
2005-10-25,42.15704345703125
2005-10-26,40.79713821411133
2005-10-27,40.26828384399414
2005-10-28,40.64603805541992
2005-10-31,41.85484313964844
2005-11-01,42.534786224365234
2005-11-02,45.25459289550781
2005-11-03,45.783451080322266
2005-11-04,45.40570068359375
2005-11-07,43.819149017333984
2005-11-08,43.97024154663086
2005-11-09,45.33015823364258
2005-11-10,44.423545837402344
2005-11-11,43.516937255859375
2005-11-14,46.53895568847656
2005-11-15,46.61450958251953
2005-11-16,46.08564758300781
2005-11-17,47.89885711669922
2005-11-18,51.22306442260742
2005-11-21,52.50742721557617
2005-11-22,51.07197570800781
2005-11-23,50.694217681884766
2005-11-24,50.694217681884766
2005-11-25,54.16953659057617
2005-11-28,54.320640563964844
2005-11-29,54.320640563964844
2005-11-30,54.09397888183594
2005-12-01,52.35633087158203
2005-12-02,51.4497184753418
2005-12-05,52.88517761230469
2005-12-06,52.129676818847656
2005-12-07,53.1873779296875
2005-12-08,52.20521926879883
2005-12-09,49.9387092590332
2005-12-12,50.08981704711914
2005-12-13,52.88517761230469
2005-12-14,53.036277770996094
2005-12-15,53.791786193847656
2005-12-16,53.338478088378906
2005-12-19,52.58297348022461
2005-12-20,52.58297348022461
2005-12-21,54.16953659057617
2005-12-22,53.30482864379883
2005-12-23,58.626983642578125
2005-12-26,60.9407844543457
2005-12-27,63.46220779418945
2005-12-28,67.69303131103516
2005-12-29,66.18203735351562
2005-12-30,66.78642272949219
2006-01-02,67.1641845703125
2006-01-03,68.59961700439453
2006-01-04,65.2754135131836
2006-01-05,66.78642272949219
2006-01-06,63.46220779418945
2006-01-09,61.951210021972656
2006-01-10,62.404502868652344
2006-01-11,61.195701599121094
2006-01-12,60.59129333496094
2006-01-13,56.96489715576172
2006-01-16,60.13800048828125
2006-01-17,59.986900329589844
2006-01-18,57.41818618774414
2006-01-19,56.66268539428711
2006-01-20,55.75608825683594
2006-01-23,52.58297348022461
2006-01-24,53.791786193847656
2006-01-25,53.1873779296875
2006-02-03,53.036277770996094
2006-02-06,53.94289016723633
2006-02-07,57.64485168457031
2006-02-08,57.26709747314453
2006-02-09,58.626983642578125
2006-02-10,56.3604850769043
2006-02-13,56.3604850769043
2006-02-14,57.11599349975586
2006-02-15,58.626983642578125
2006-02-16,62.70669937133789
2006-02-17,60.44020462036133
2006-02-20,61.49790573120117
2006-02-21,61.80010223388672
2006-02-22,59.23140335083008
2006-02-23,58.778099060058594
2006-02-24,58.24924087524414
2006-02-27,59.38249206542969
2006-03-01,63.160011291503906
2006-03-02,63.46220779418945
2006-03-03,63.08445739746094
2006-03-06,59.760250091552734
2006-03-07,58.626983642578125
2006-03-08,59.760250091552734
2006-03-09,59.15584945678711
2006-03-10,60.36465835571289
2006-03-13,61.195701599121094
2006-03-14,60.59129333496094
2006-03-15,64.6710205078125
2006-03-16,63.99106216430664
2006-03-17,68.44852447509766
2006-03-20,71.47053527832031
2006-03-21,66.48422241210938
2006-03-22,68.0707778930664
2006-03-23,66.48422241210938
2006-03-24,65.04876708984375
2006-03-27,66.78642272949219
2006-03-28,66.86197662353516
2006-03-29,68.750732421875
2006-03-30,67.69303131103516
2006-03-31,67.99522399902344
2006-04-03,67.99522399902344
2006-04-04,69.20402526855469
2006-04-06,69.80842590332031
2006-04-07,68.0707778930664
2006-04-10,64.6710205078125
2006-04-11,64.595458984375
2006-04-12,65.57762145996094
2006-04-13,63.160011291503906
2006-04-14,63.31110763549805
2006-04-17,63.613311767578125
2006-04-18,64.51990509033203
2006-04-19,62.70669937133789
2006-04-20,63.613311767578125
2006-04-21,63.68885040283203
2006-04-24,62.85781478881836
2006-04-25,59.6847038269043
2006-04-26,60.13800048828125
2006-04-27,58.92919921875
2006-04-28,62.404502868652344
2006-05-02,62.404502868652344
2006-05-03,63.613311767578125
2006-05-04,64.36881256103516
2006-05-05,62.78226089477539
2006-05-08,61.951210021972656
2006-05-09,57.87148666381836
2006-05-10,55.15168380737305
2006-05-11,57.87148666381836
2006-05-12,56.73823165893555
2006-05-15,58.09814453125
2006-05-16,59.6847038269043
2006-05-17,60.13800048828125
2006-05-18,59.91285705566406
2006-05-19,58.8115234375
2006-05-22,58.24924087524414
2006-05-23,58.92919921875
2006-05-24,57.56929397583008
2006-05-25,58.778099060058594
2006-05-26,58.324790954589844
2006-05-29,56.241722106933594
2006-05-30,57.87148666381836
2006-06-01,62.63115692138672
2006-06-02,61.951210021972656
2006-06-05,60.13800048828125
2006-06-06,58.47589111328125
2006-06-07,57.64485168457031
2006-06-08,53.64067840576172
2006-06-09,52.58297348022461
2006-06-12,51.4497184753418
2006-06-13,51.07197570800781
2006-06-14,51.07197570800781
2006-06-15,48.50326156616211
2006-06-16,49.25876998901367
2006-06-19,49.33430862426758
2006-06-20,47.294456481933594
2006-06-21,45.179046630859375
2006-06-22,47.596656799316406
2006-06-23,48.049957275390625
2006-06-26,48.72990417480469
2006-06-27,47.97441101074219
2006-06-28,47.294456481933594
2006-06-29,47.74776840209961
2006-06-30,48.049957275390625
2006-07-03,48.20105743408203
2006-07-04,48.956565856933594
2006-07-05,48.427711486816406
2006-07-06,49.03211212158203
2006-07-07,49.1832160949707
2006-07-10,48.276607513427734
2006-07-11,47.672210693359375
2006-07-12,46.38785171508789
2006-07-13,45.33015823364258
2006-07-14,44.1968994140625
2006-07-17,41.62818908691406
2006-07-18,42.005943298339844
2006-07-19,42.15704345703125
2006-07-20,44.27244567871094
2006-07-21,45.0279541015625
2006-07-24,43.97024154663086
2006-07-25,43.29029083251953
2006-07-26,42.29142761230469
2006-07-27,43.025657653808594
2006-07-28,45.783451080322266
2006-07-31,45.783451080322266
2006-08-01,44.57464599609375
2006-08-02,45.0279541015625
2006-08-03,45.0279541015625
2006-08-04,45.48125076293945
2006-08-07,45.33015823364258
2006-08-08,45.783451080322266
2006-08-09,45.783451080322266
2006-08-10,46.61450958251953
2006-08-11,48.276607513427734
2006-08-14,49.1832160949707
2006-08-15,49.107666015625
2006-08-16,50.14765548706055
2006-08-17,51.67637634277344
2006-08-18,50.769775390625
2006-08-21,49.40986633300781
2006-08-22,50.39202117919922
2006-08-23,48.276607513427734
2006-08-24,48.20105743408203
2006-08-25,47.445556640625
2006-08-28,45.33015823364258
2006-08-29,46.38785171508789
2006-08-30,48.35215377807617
2006-08-31,47.97441101074219
2006-09-01,46.99225997924805
2006-09-04,48.654361724853516
2006-09-05,51.29861831665039
2006-09-06,48.731719970703125
2006-09-07,48.81121826171875
2006-09-08,48.97021484375
2006-09-11,49.44719314575195
2006-09-12,48.33423614501953
2006-09-13,47.380271911621094
2006-09-14,45.63133239746094
2006-09-15,45.94932174682617
2006-09-18,48.01624298095703
2006-09-19,48.81121826171875
2006-09-20,48.413726806640625
2006-09-21,49.52668762207031
2006-09-22,48.493228912353516
2006-09-25,48.17524337768555
2006-09-26,48.6522216796875
2006-09-27,49.44719314575195
2006-09-28,48.33423614501953
2006-09-29,48.493228912353516
2006-10-02,48.413726806640625
2006-10-03,49.68568801879883
2006-10-04,52.70657730102539
2006-10-05,54.2965202331543
2006-10-09,52.767581939697266
2006-10-11,53.104068756103516
2006-10-12,53.104068756103516
2006-10-13,54.852989196777344
2006-10-16,57.635398864746094
2006-10-17,58.19187545776367
2006-10-18,58.82785415649414
2006-10-19,57.71488571166992
2006-10-20,58.35087203979492
2006-10-23,57.79438781738281
2006-10-24,56.91991424560547
2006-10-25,57.71488571166992
2006-10-26,56.86228561401367
2006-10-27,58.032875061035156
2006-10-30,58.032875061035156
2006-10-31,60.17928695678711
2006-11-01,63.279693603515625
2006-11-02,66.77755737304688
2006-11-03,66.77755737304688
2006-11-06,67.73152160644531
2006-11-07,71.22938537597656
2006-11-08,70.27542877197266
2006-11-09,66.06208038330078
2006-11-10,66.77755737304688
2006-11-13,67.09555053710938
2006-11-14,67.8905258178711
2006-11-15,66.77755737304688
2006-11-16,66.30059051513672
2006-11-17,68.04951477050781
2006-11-20,68.844482421875
2006-11-21,73.61431121826172
2006-11-22,70.69156646728516
2006-11-23,70.35492706298828
2006-11-24,70.35492706298828
2006-11-27,69.16246795654297
2006-11-28,68.36749267578125
2006-11-29,66.8570556640625
2006-11-30,66.77755737304688
2006-12-01,66.30059051513672
2006-12-04,66.77755737304688
2006-12-05,69.95745086669922
2006-12-06,68.36749267578125
2006-12-07,64.39265441894531
2006-12-08,63.12070083618164
2006-12-11,65.82359313964844
2006-12-12,67.09555053710938
2006-12-13,65.66459655761719
2006-12-14,66.6185531616211
2006-12-15,65.98259735107422
2006-12-18,65.02862548828125
2006-12-19,69.5599594116211
2006-12-20,74.4092788696289
2006-12-21,75.36325073242188
2006-12-22,80.61004638671875
2006-12-25,86.17485046386719
2006-12-26,92.05764770507812
2006-12-27,91.89864349365234
2006-12-28,88.24177551269531
2006-12-29,94.28355407714844
2007-01-02,93.80656433105469
2007-01-03,89.19574737548828
2007-01-04,91.89864349365234
2007-01-05,87.76478576660156
2007-01-08,81.72301483154297
2007-01-09,85.3798828125
2007-01-10,85.53886413574219
2007-01-11,87.76478576660156
2007-01-12,93.17060852050781
2007-01-15,89.99070739746094
2007-01-16,87.60580444335938
2007-01-17,90.9446792602539
2007-01-18,91.42164611816406
2007-01-19,97.78142547607422
2007-01-22,96.03248596191406
2007-01-23,93.48857879638672
2007-01-24,91.42164611816406
2007-01-25,87.76478576660156
2007-01-26,88.08277130126953
2007-01-29,85.0618896484375
2007-01-30,83.7899398803711
2007-01-31,81.72301483154297
2007-02-01,80.29206085205078
2007-02-02,81.88201141357422
2007-02-05,79.33809661865234
2007-02-06,84.26692962646484
2007-02-07,83.7899398803711
2007-02-08,84.26692962646484
2007-02-09,82.9949722290039
2007-02-12,80.45105743408203
2007-02-13,79.25860595703125
2007-02-14,82.9949722290039
2007-02-26,83.94892883300781
2007-02-27,89.19574737548828
2007-03-01,87.1288070678711
2007-03-02,85.85685729980469
2007-03-05,79.97408294677734
2007-03-06,80.76905822753906
2007-03-07,82.35899353027344
2007-03-08,84.74391174316406
2007-03-09,81.88201141357422
2007-03-12,82.048583984375
2007-03-13,90.30870056152344
2007-03-14,92.53462219238281
2007-03-15,92.21662139892578
2007-03-16,94.60153198242188
2007-03-19,94.44254302978516
2007-03-20,89.83171081542969
2007-03-21,90.14970397949219
2007-03-22,90.9446792602539
2007-03-23,97.304443359375
2007-03-26,97.78142547607422
2007-03-27,96.66847229003906
2007-03-28,97.14544677734375
2007-03-29,102.55125427246094
2007-03-30,100.64332580566406
2007-04-02,95.8735122680664
2007-04-03,97.78142547607422
2007-04-04,96.98645782470703
2007-04-09,92.21662139892578
2007-04-10,95.2375259399414
2007-04-11,95.07852935791016
2007-04-12,94.44254302978516
2007-04-13,93.48857879638672
2007-04-16,88.87776947021484
2007-04-17,86.37506103515625
2007-04-18,90.78568267822266
2007-04-19,90.78568267822266
2007-04-20,92.21662139892578
2007-04-23,92.21662139892578
2007-04-24,93.17060852050781
2007-04-25,93.96558380126953
2007-04-26,96.66847229003906
2007-04-27,100.64332580566406
2007-04-30,96.82745361328125
2007-05-02,96.3504867553711
2007-05-03,96.3504867553711
2007-05-04,103.02821350097656
2007-05-07,105.254150390625
2007-05-08,108.5930404663086
2007-05-09,108.5930404663086
2007-05-10,113.52184295654297
2007-05-11,113.52184295654297
2007-05-14,113.68083953857422
2007-05-15,110.81895446777344
2007-05-16,111.13693237304688
2007-05-17,117.81471252441406
2007-05-18,117.4967041015625
2007-05-21,114.1578369140625
2007-05-22,115.42977142333984
2007-05-23,111.29593658447266
2007-05-24,113.83982849121094
2007-05-25,114.63482666015625
2007-05-28,112.0909194946289
2007-05-29,112.72688293457031
2007-05-30,115.74776458740234
2007-05-31,116.06575012207031
2007-06-01,120.35858917236328
2007-06-04,126.40037536621094
2007-06-05,126.55938720703125
2007-06-06,124.01544952392578
2007-06-07,131.96519470214844
2007-06-08,131.96519470214844
2007-06-11,133.23712158203125
2007-06-12,127.47661590576172
2007-06-13,127.19535064697266
2007-06-14,125.28742980957031
2007-06-15,130.53421020507812
2007-06-20,128.3083038330078
2007-06-21,129.58026123046875
2007-06-22,137.37098693847656
2007-06-25,133.39613342285156
2007-06-26,131.96519470214844
2007-06-27,130.375244140625
2007-06-28,128.46731567382812
2007-06-29,124.84980010986328
2007-07-02,131.96519470214844
2007-07-03,133.23712158203125
2007-07-04,134.0321044921875
2007-07-05,139.75588989257812
2007-07-06,139.91490173339844
2007-07-09,149.61354064941406
2007-07-10,159.78915405273438
2007-07-11,157.88124084472656
2007-07-12,156.60928344726562
2007-07-13,161.37911987304688
2007-07-16,152.95242309570312
2007-07-17,152.66290283203125
2007-07-18,152.79342651367188
2007-07-19,162.96905517578125
2007-07-20,174.09866333007812
2007-07-23,180.7849884033203
2007-07-24,198.7427520751953
2007-07-25,212.2572479248047
2007-07-26,197.94776916503906
2007-07-27,195.56285095214844
2007-07-30,190.7930145263672
2007-07-31,203.51258850097656
2007-08-01,201.92262268066406
2007-08-02,196.3578338623047
2007-08-03,182.84329223632812
2007-08-06,170.123779296875
2007-08-07,170.123779296875
2007-08-08,181.25335693359375
2007-08-09,193.1779327392578
2007-08-10,197.15281677246094
2007-08-13,197.15281677246094
2007-08-14,183.6383056640625
2007-08-15,170.91876220703125
2007-08-16,162.96905517578125
2007-08-17,174.09866333007812
2007-08-20,186.023193359375
2007-08-21,173.3036651611328
2007-08-22,176.48355102539062
2007-08-23,178.07347106933594
2007-08-24,179.66342163085938
2007-08-27,191.5880126953125
2007-08-28,204.30752563476562
2007-08-29,207.4873809814453
2007-08-30,193.97291564941406
2007-08-31,199.53770446777344
2007-09-03,197.94776916503906
2007-09-04,199.53770446777344
2007-09-05,201.1276397705078
2007-09-06,214.64218139648438
2007-09-07,211.46226501464844
2007-09-10,202.21453857421875
2007-09-11,226.5666961669922
2007-09-12,235.31141662597656
2007-09-13,227.5908966064453
2007-09-14,232.62982177734375
2007-09-17,225.07147216796875
2007-09-18,218.7345428466797
2007-09-19,209.95474243164062
2007-09-20,200.7167205810547
2007-09-21,204.91578674316406
2007-09-26,197.35743713378906
2007-09-27,200.7167205810547
2007-09-28,214.15382385253906
2007-10-01,209.95474243164062
2007-10-02,214.15382385253906
2007-10-03,208.2751007080078
2007-10-04,211.6343231201172
2007-10-05,209.1149139404297
2007-10-08,194.83799743652344
2007-10-09,191.4786834716797
2007-10-11,183.9203338623047
2007-10-12,183.9203338623047
2007-10-15,171.32305908203125
2007-10-16,178.8814239501953
2007-10-17,180.56106567382812
2007-10-18,193.1583251953125
2007-10-19,187.2796173095703
2007-10-22,174.6823272705078
2007-10-23,182.24072265625
2007-10-24,175.52215576171875
2007-10-25,183.08050537109375
2007-10-26,181.40087890625
2007-10-29,176.36196899414062
2007-10-30,174.6823272705078
2007-10-31,176.36196899414062
2007-11-01,178.0416259765625
2007-11-02,167.1239471435547
2007-11-05,156.87815856933594
2007-11-06,154.5266876220703
2007-11-07,151.3353729248047
2007-11-08,140.753662109375
2007-11-09,131.01173400878906
2007-11-12,121.94170379638672
2007-11-13,130.3398895263672
2007-11-14,135.7147216796875
2007-11-15,139.40989685058594
2007-11-16,144.78477478027344
2007-11-19,139.40989685058594
2007-11-20,149.15184020996094
2007-11-21,141.2575225830078
2007-11-22,149.48773193359375
2007-11-23,144.95274353027344
2007-11-26,134.8749237060547
2007-11-27,125.46894073486328
2007-11-28,123.62133026123047
2007-11-29,121.60577392578125
2007-11-30,123.45337677001953
2007-12-03,130.0039825439453
2007-12-04,130.3398895263672
2007-12-05,131.68359375
2007-12-06,122.61355590820312
2007-12-07,114.21536254882812
2007-12-10,109.84831237792969
2007-12-11,111.6959228515625
2007-12-12,113.37555694580078
2007-12-13,105.48124694824219
2007-12-14,98.25882720947266
2007-12-17,91.54025268554688
2007-12-18,92.21212005615234
2007-12-19,95.40342712402344
2007-12-20,90.53246307373047
2007-12-21,87.17321014404297
2007-12-24,93.21988677978516
2007-12-25,96.74713897705078
2007-12-26,96.57916259765625
2007-12-27,103.1297607421875
2007-12-28,103.80162048339844
2007-12-31,96.57916259765625
2008-01-02,107.49681091308594
2008-01-03,104.97737121582031
2008-01-04,99.93844604492188
2008-01-07,93.05192565917969
2008-01-08,86.66930389404297
2008-01-09,86.33338928222656
2008-01-10,87.3411636352539
2008-01-11,89.52469635009766
2008-01-14,85.9974594116211
2008-01-15,85.49356079101562
2008-01-16,89.02081298828125
2008-01-17,89.52469635009766
2008-01-18,95.73934173583984
2008-01-21,95.23546600341797
2008-01-22,88.68486022949219
2008-01-23,82.55419158935547
2008-01-24,79.02696228027344
2008-01-25,84.48578643798828
2008-01-28,82.80614471435547
2008-01-29,83.98189544677734
2008-01-30,84.14985656738281
2008-01-31,78.2711181640625
2008-02-01,75.58370971679688
2008-02-12,70.2928466796875
2008-02-13,65.42189025878906
2008-02-14,69.9569091796875
2008-02-15,73.06423950195312
2008-02-18,78.10314178466797
2008-02-19,82.80614471435547
2008-02-20,80.11871337890625
2008-02-21,85.66152954101562
2008-02-22,83.1420669555664
2008-02-25,82.30225372314453
2008-02-26,81.37845611572266
2008-02-27,87.00523376464844
2008-02-29,89.86062622070312
2008-03-03,85.66152954101562
2008-03-04,88.18098449707031
2008-03-05,86.33338928222656
2008-03-06,92.04414367675781
2008-03-07,90.19654846191406
2008-03-10,85.66152954101562
2008-03-11,86.66930389404297
2008-03-12,92.71600341796875
2008-03-13,87.17321014404297
2008-03-14,87.5091323852539
2008-03-17,84.48578643798828
2008-03-18,88.51691436767578
2008-03-19,87.17321014404297
2008-03-20,88.68486022949219
2008-03-21,89.86062622070312
2008-03-24,89.35671997070312
2008-03-25,92.71600341796875
2008-03-26,86.66930389404297
2008-03-27,83.98189544677734
2008-03-28,87.00523376464844
2008-03-31,87.00523376464844
2008-04-01,87.17321014404297
2008-04-02,89.86062622070312
2008-04-03,90.700439453125
2008-04-07,91.03636932373047
2008-04-08,88.34894561767578
2008-04-09,87.5091323852539
2008-04-10,90.53246307373047
2008-04-11,91.20433807373047
2008-04-14,89.52469635009766
2008-04-15,95.73934173583984
2008-04-16,96.41120910644531
2008-04-17,95.73934173583984
2008-04-18,96.74713897705078
2008-04-21,99.93844604492188
2008-04-22,100.94623565673828
2008-04-23,105.48124694824219
2008-04-24,105.48124694824219
2008-04-25,102.96178436279297
2008-04-28,99.09861755371094
2008-04-29,100.10640716552734
2008-04-30,98.76270294189453
2008-05-02,102.45789337158203
2008-05-05,108.1686782836914
2008-05-06,113.37555694580078
2008-05-07,111.6959228515625
2008-05-08,116.56684875488281
2008-05-09,108.50462341308594
2008-05-12,106.48902893066406
2008-05-13,106.48902893066406
2008-05-14,106.99293518066406
2008-05-15,106.3210678100586
2008-05-16,106.65701293945312
2008-05-19,104.97737121582031
2008-05-20,104.1375503540039
2008-05-21,108.50462341308594
2008-05-22,107.32884216308594
2008-05-23,99.93844604492188
2008-05-26,93.05192565917969
2008-05-27,92.38006591796875
2008-05-28,89.18876647949219
2008-05-29,92.54804992675781
2008-05-30,92.54804992675781
2008-06-02,93.55583190917969
2008-06-03,91.8761978149414
2008-06-04,94.73158264160156
2008-06-05,96.41120910644531
2008-06-06,94.8995361328125
2008-06-09,90.53246307373047
2008-06-10,87.8450698852539
2008-06-11,83.81393432617188
2008-06-12,78.0191879272461
2008-06-13,74.239990234375
2008-06-16,69.3690414428711
2008-06-17,71.72054290771484
2008-06-18,73.5681381225586
2008-06-19,70.7127456665039
2008-06-20,70.79674530029297
2008-06-23,69.70494842529297
2008-06-24,64.83402252197266
2008-06-25,66.84957885742188
2008-06-26,68.78116607666016
2008-06-27,64.41410064697266
2008-06-30,59.963069915771484
2008-07-01,60.550933837890625
2008-07-02,64.75003814697266
2008-07-03,69.2010726928711
2008-07-04,69.3690414428711
2008-07-07,74.15601348876953
2008-07-08,70.54479217529297
2008-07-09,74.74386596679688
2008-07-10,75.58370971679688
2008-07-11,76.08759307861328
2008-07-14,76.08759307861328
2008-07-15,70.79674530029297
2008-07-16,70.79674530029297
2008-07-17,73.90406799316406
2008-07-18,73.90406799316406
2008-07-21,77.85120391845703
2008-07-22,77.3473129272461
2008-07-23,78.10314178466797
2008-07-24,78.0191879272461
2008-07-25,78.35509490966797
2008-07-28,76.14899444580078
2008-07-29,78.27964782714844
2008-07-30,78.01307678222656
2008-07-31,72.8595962524414
2008-08-01,69.92744445800781
2008-08-04,70.81597900390625
2008-08-05,69.660888671875
2008-08-06,74.45896911621094
2008-08-07,74.7113037109375
2008-08-08,79.7901611328125
2008-08-11,80.85639190673828
2008-08-12,82.27803802490234
2008-08-13,87.96463775634766
2008-08-14,87.69808197021484
2008-08-15,81.56720733642578
2008-08-18,80.05670928955078
2008-08-19,80.85639190673828
2008-08-20,81.03408813476562
2008-08-21,77.30226135253906
2008-08-22,75.96946716308594
2008-08-25,75.52519226074219
2008-08-26,76.41372680664062
2008-08-27,79.96785736083984
2008-08-28,77.83538055419922
2008-08-29,79.7901611328125
2008-09-01,74.28125762939453
2008-09-02,70.37171173095703
2008-09-03,65.66250610351562
2008-09-04,67.88382720947266
2008-09-05,68.41693878173828
2008-09-08,73.12615966796875
2008-09-09,68.06153869628906
2008-09-10,69.48319244384766
2008-09-11,64.68511199951172
2008-09-12,63.796573638916016
2008-09-15,59.35393142700195
2008-09-16,55.26667022705078
2008-09-17,51.44599151611328
2008-09-18,47.89186477661133
2008-09-19,50.290897369384766
2008-09-22,51.890254974365234
2008-09-23,55.44438934326172
2008-09-24,55.97749710083008
2008-09-25,53.84501647949219
2008-09-26,50.113189697265625
2008-09-29,50.16330337524414
2008-09-30,46.647911071777344
2008-10-01,47.980709075927734
2008-10-02,49.402366638183594
2008-10-03,50.82401657104492
2008-10-06,47.269893646240234
2008-10-07,47.625301361083984
2008-10-08,44.337738037109375
2008-10-09,41.31672286987305
2008-10-13,39.89508056640625
2008-10-14,42.6495246887207
2008-10-15,42.027549743652344
2008-10-16,40.605899810791016
2008-10-17,39.273101806640625
2008-10-20,40.69475173950195
2008-10-21,42.560672760009766
2008-10-22,41.760990142822266
2008-10-23,40.33934020996094
2008-10-24,39.00653839111328
2008-10-27,36.340946197509766
2008-10-28,38.65113067626953
2008-10-29,35.985538482666016
2008-10-30,38.47342300415039
2008-10-31,40.69475173950195
2008-11-03,42.6495246887207
2008-11-04,43.71575927734375
2008-11-05,41.227867126464844
2008-11-06,38.38457107543945
2008-11-07,39.98392868041992
2008-11-10,38.20686340332031
2008-11-11,35.5412712097168
2008-11-12,35.452415466308594
2008-11-13,33.05337905883789
2008-11-14,30.743196487426758
2008-11-17,28.610721588134766
2008-11-18,26.655948638916016
2008-11-19,28.255306243896484
2008-11-20,26.300537109375
2008-11-21,28.077604293823242
2008-11-24,27.100217819213867
2008-11-25,28.966136932373047
2008-11-26,29.943519592285156
2008-11-27,31.98714256286621
2008-11-28,32.875675201416016
2008-12-01,31.809438705444336
2008-12-02,29.588106155395508
2008-12-03,27.81104278564453
2008-12-04,28.78842544555664
2008-12-05,28.52187156677246
2008-12-08,30.476638793945312
2008-12-09,31.454023361206055
2008-12-10,33.58650207519531
2008-12-11,33.853057861328125
2008-12-12,31.631732940673828
2008-12-15,33.76420593261719
2008-12-16,34.74159240722656
2008-12-17,34.74159240722656
2008-12-18,36.46622848510742
2008-12-19,38.02915573120117
2008-12-22,35.5412712097168
2008-12-23,34.20846939086914
2008-12-24,34.475032806396484
2008-12-25,35.00815200805664
2008-12-26,33.94191360473633
2008-12-29,33.76420593261719
2008-12-30,35.985538482666016
2008-12-31,36.07438659667969
2009-01-02,36.07438659667969
2009-01-05,38.56227493286133
2009-01-06,40.51704406738281
2009-01-07,40.51704406738281
2009-01-08,37.762596130371094
2009-01-09,38.20686340332031
2009-01-12,38.02915573120117
2009-01-13,39.273101806640625
2009-01-14,39.273101806640625
2009-01-15,36.785213470458984
2009-01-16,37.940303802490234
2009-01-19,38.20686340332031
2009-01-20,36.785213470458984
2009-01-21,36.785213470458984
2009-02-02,36.962921142578125
2009-02-03,39.5396614074707
2009-02-04,39.450809478759766
2009-02-05,38.295719146728516
2009-02-06,39.450809478759766
2009-02-09,39.62851333618164
2009-02-10,40.25048828125
2009-02-11,42.6495246887207
2009-02-12,39.71736526489258
2009-02-13,41.13901901245117
2009-02-16,41.58328628540039
2009-02-17,39.5396614074707
2009-02-18,38.73998260498047
2009-02-19,39.5396614074707
2009-02-20,39.62851333618164
2009-02-23,40.51704406738281
2009-02-24,39.98392868041992
2009-02-25,40.51704406738281
2009-02-26,41.760990142822266
2009-02-27,44.60429382324219
2009-03-02,43.09379577636719
2009-03-03,43.3603515625
2009-03-04,44.42658233642578
2009-03-05,43.3603515625
2009-03-06,46.38135528564453
2009-03-09,47.980709075927734
2009-03-10,49.04695510864258
2009-03-11,49.04695510864258
2009-03-12,50.82401657104492
2009-03-13,50.82401657104492
2009-03-16,51.17943572998047
2009-03-17,50.73516082763672
2009-03-18,50.113189697265625
2009-03-19,48.86924362182617
2009-03-20,48.86924362182617
2009-03-23,51.17943572998047
2009-03-24,53.13420104980469
2009-03-25,56.77717590332031
2009-03-26,56.4217643737793
2009-03-27,55.44438934326172
2009-03-30,55.44438934326172
2009-03-31,54.82240676879883
2009-04-02,56.95488739013672
2009-04-03,58.998504638671875
2009-04-06,61.13097381591797
2009-04-07,62.108367919921875
2009-04-08,60.77556610107422
2009-04-09,64.95166778564453
2009-04-10,67.3507080078125
2009-04-13,67.88382720947266
2009-04-14,72.50418853759766
2009-04-15,72.8595962524414
2009-04-16,72.8595962524414
2009-04-17,68.41693878173828
2009-04-20,70.37171173095703
2009-04-21,74.81436157226562
2009-04-22,75.61405181884766
2009-04-23,74.63666534423828
2009-04-24,74.45896911621094
2009-04-27,69.83859252929688
2009-04-28,67.52841186523438
2009-04-29,68.59465026855469
2009-04-30,73.3927230834961
2009-05-04,78.45734405517578
2009-05-05,77.83538055419922
2009-05-06,83.25542449951172
2009-05-07,88.85316467285156
2009-05-08,95.07290649414062
2009-05-11,101.64803314208984
2009-05-12,108.75627899169922
2009-05-13,108.75627899169922
2009-05-14,113.19893646240234
2009-05-15,116.21993255615234
2009-05-18,116.39765167236328
2009-05-19,112.8435287475586
2009-05-20,115.50911712646484
2009-05-21,123.50591278076172
2009-05-22,132.03579711914062
2009-05-25,132.03579711914062
2009-05-26,122.7950668334961
2009-05-27,119.95179748535156
2009-06-01,111.95499420166016
2009-06-02,110.35563659667969
2009-06-03,111.06647491455078
2009-06-04,114.44288635253906
2009-06-05,111.24417114257812
2009-06-08,106.26840209960938
2009-06-09,98.98243713378906
2009-06-10,93.29582214355469
2009-06-11,99.6932601928711
2009-06-12,98.2716064453125
2009-06-15,91.5187759399414
2009-06-16,88.85316467285156
2009-06-17,92.40729522705078
2009-06-18,95.07290649414062
2009-06-19,100.58179473876953
2009-06-22,100.93721008300781
2009-06-23,97.56078338623047
2009-06-24,98.2716064453125
2009-06-25,102.0034408569336
2009-06-26,100.93721008300781
2009-06-29,95.42830657958984
2009-06-30,98.2716064453125
2009-07-01,105.02444458007812
2009-07-02,104.13591766357422
2009-07-03,105.9129867553711
2009-07-06,108.04545593261719
2009-07-07,114.62059783935547
2009-07-08,113.37664794921875
2009-07-09,111.95499420166016
2009-07-10,107.33463287353516
2009-07-13,99.87096405029297
2009-07-14,104.84675598144531
2009-07-15,108.57856750488281
2009-07-16,111.59957122802734
2009-07-17,119.24095916748047
2009-07-20,122.43966674804688
2009-07-21,120.30719757080078
2009-07-22,121.3734359741211
2009-07-23,120.84029388427734
2009-07-24,121.19574737548828
2009-07-27,123.86131286621094
2009-07-28,124.39445495605469
2009-07-29,120.6626205444336
2009-07-30,116.57534790039062
2009-07-31,117.6416015625
2009-08-03,113.73207092285156
2009-08-04,112.13270568847656
2009-08-05,112.13270568847656
2009-08-06,115.68682861328125
2009-08-07,115.8025131225586
2009-08-10,118.88553619384766
2009-08-11,121.90655517578125
2009-08-12,118.17472076416016
2009-08-13,120.78327178955078
2009-08-14,122.26194763183594
2009-08-17,114.59607696533203
2009-08-18,108.32909393310547
2009-08-19,108.15005493164062
2009-08-20,106.0013656616211
2009-08-21,104.2108154296875
2009-08-24,105.46420288085938
2009-08-25,99.55534362792969
2009-08-26,96.6904525756836
2009-08-27,103.3155288696289
2009-08-28,105.46420288085938
2009-08-31,108.15005493164062
2009-09-01,115.31230163574219
2009-09-02,118.53532409667969
2009-09-03,120.86305236816406
2009-09-04,119.0724868774414
2009-09-07,121.75833129882812
2009-09-08,120.1468276977539
2009-09-09,115.4913558959961
2009-09-10,116.74475860595703
2009-09-11,116.74475860595703
2009-09-14,116.74475860595703
2009-09-15,121.75833129882812
2009-09-16,120.86305236816406
2009-09-17,120.86305236816406
2009-09-18,122.65361785888672
2009-09-21,124.26513671875
2009-09-22,121.40022277832031
2009-09-23,119.0724868774414
2009-09-24,121.75833129882812
2009-09-25,121.75833129882812
2009-09-28,118.1772232055664
2009-09-29,119.25154876708984
2009-09-30,122.29550170898438
2009-10-01,122.65361785888672
2009-10-02,120.1468276977539
2009-10-05,122.29550170898438
2009-10-06,122.47456359863281
2009-10-07,123.72794342041016
2009-10-08,120.1468276977539
2009-10-09,117.64002227783203
2009-10-12,118.35624694824219
2009-10-13,124.44418334960938
2009-10-14,129.457763671875
2009-10-15,124.98136138916016
2009-10-16,126.2347412109375
2009-10-19,125.33946228027344
2009-10-20,126.41380310058594
2009-10-21,127.66720581054688
2009-10-22,123.90702819824219
2009-10-23,123.01172637939453
2009-10-26,123.01172637939453
2009-10-27,124.80229187011719
2009-10-28,122.83265686035156
2009-10-29,121.75833129882812
2009-10-30,117.28191375732422
2009-11-02,119.0724868774414
2009-11-03,118.53532409667969
2009-11-04,121.40022277832031
2009-11-05,119.25154876708984
2009-11-06,119.0724868774414
2009-11-09,120.86305236816406
2009-11-10,120.86305236816406
2009-11-11,124.08606719970703
2009-11-12,122.65361785888672
2009-11-13,122.65361785888672
2009-11-16,125.87663269042969
2009-11-17,122.65361785888672
2009-11-18,129.63681030273438
2009-11-19,138.58963012695312
2009-11-20,140.73831176757812
2009-11-23,143.4241485595703
2009-11-24,139.84303283691406
2009-11-25,140.0220947265625
2009-11-26,137.1571807861328
2009-11-27,135.3666229248047
2009-11-30,138.76870727539062
2009-12-01,140.55923461914062
2009-12-02,141.27548217773438
2009-12-03,147.90057373046875
2009-12-04,151.30262756347656
2009-12-07,149.69113159179688
2009-12-08,144.67755126953125
2009-12-09,140.55923461914062
2009-12-10,134.2922821044922
2009-12-11,134.47132873535156
2009-12-14,134.82945251464844
2009-12-15,132.8598175048828
2009-12-16,133.57603454589844
2009-12-17,133.3970184326172
2009-12-18,131.78549194335938
2009-12-21,135.0084991455078
2009-12-22,135.0084991455078
2009-12-23,134.11322021484375
2009-12-24,135.54566955566406
2009-12-25,135.72474670410156
2009-12-28,133.93417358398438
2009-12-29,135.54566955566406
2009-12-30,139.6639862060547
2009-12-31,138.76870727539062
2010-01-04,136.0828399658203
2010-01-05,131.60643005371094
2010-01-06,131.42738342285156
2010-01-07,125.69756317138672
2010-01-08,126.2347412109375
2010-01-11,128.3834228515625
2010-01-12,127.1300277709961
2010-01-13,126.95098114013672
2010-01-14,127.84625244140625
2010-01-15,127.84625244140625
2010-01-18,127.1300277709961
2010-01-19,127.1300277709961
2010-01-20,129.27870178222656
2010-01-21,126.0556869506836
2010-01-22,121.40022277832031
2010-01-25,119.9677734375
2010-01-26,112.80551147460938
2010-01-27,108.32909393310547
2010-01-28,115.13324737548828
2010-01-29,113.34268951416016
2010-02-01,111.91024017333984
2010-02-02,112.26834106445312
2010-02-03,113.8798599243164
2010-02-04,114.05891418457031
2010-02-05,107.61288452148438
2010-02-08,116.38662719726562
2010-02-09,122.83265686035156
2010-02-10,123.54888153076172
2010-02-22,120.68399810791016
2010-02-23,123.1907958984375
2010-02-24,121.75833129882812
2010-02-25,119.9677734375
2010-02-26,118.7143783569336
2010-03-01,122.47456359863281
2010-03-02,121.22117614746094
2010-03-03,120.50494384765625
2010-03-04,120.68399810791016
2010-03-05,121.75833129882812
2010-03-08,124.44418334960938
2010-03-09,126.95098114013672
2010-03-10,126.95098114013672
2010-03-11,128.3834228515625
2010-03-12,128.3834228515625
2010-03-15,127.1300277709961
2010-03-16,127.1300277709961
2010-03-17,129.81585693359375
2010-03-18,128.56246948242188
2010-03-19,131.0692596435547
2010-03-22,129.63681030273438
2010-03-23,130.53208923339844
2010-03-24,129.27870178222656
2010-03-25,129.27870178222656
2010-03-26,129.27870178222656
2010-03-29,130.8902130126953
2010-03-30,133.2179412841797
2010-03-31,130.17398071289062
2010-04-01,133.2179412841797
2010-04-02,134.2922821044922
2010-04-06,134.65040588378906
2010-04-07,133.755126953125
2010-04-08,130.53208923339844
2010-04-09,129.63681030273438
2010-04-12,130.8902130126953
2010-04-13,128.56246948242188
2010-04-14,128.56246948242188
2010-04-15,130.71116638183594
2010-04-16,128.92059326171875
2010-04-19,121.93739318847656
2010-04-20,123.01172637939453
2010-04-21,125.1604232788086
2010-04-22,123.72794342041016
2010-04-23,125.33946228027344
2010-04-26,125.87663269042969
2010-04-27,126.0556869506836
2010-04-28,126.2347412109375
2010-04-29,126.95098114013672
2010-04-30,118.1772232055664
2010-05-03,111.01493835449219
2010-05-04,113.16361999511719
2010-05-05,108.86627197265625
2010-05-06,106.89663696289062
2010-05-07,103.67364501953125
2010-05-10,105.10608673095703
2010-05-11,102.42024230957031
2010-05-12,102.95741271972656
2010-05-13,110.1196517944336
2010-05-14,109.04532623291016
2010-05-17,104.2108154296875
2010-05-18,105.10608673095703
2010-05-19,107.97099304199219
2010-05-20,103.8526840209961
2010-05-21,99.01818084716797
2010-05-24,99.55534362792969
2010-05-25,92.7511978149414
2010-05-26,95.4370346069336
2010-05-27,100.45063018798828
2010-05-28,100.45063018798828
2010-05-31,100.62967681884766
2010-06-01,99.37628936767578
2010-06-02,95.61609649658203
2010-06-03,98.839111328125
2010-06-04,103.13646697998047
2010-06-07,100.98780059814453
2010-06-08,100.27156829833984
2010-06-09,93.28836059570312
2010-06-10,88.54338073730469
2010-06-11,89.34912872314453
2010-06-14,89.88629913330078
2010-06-15,90.42346954345703
2010-06-17,90.78158569335938
2010-06-18,90.78158569335938
2010-06-21,91.85591888427734
2010-06-22,93.646484375
2010-06-23,95.97421264648438
2010-06-24,94.89988708496094
2010-06-25,93.10932159423828
2010-06-28,92.39308166503906
2010-06-29,92.5721435546875
2010-06-30,90.96063232421875
2010-07-01,91.13970184326172
2010-07-02,92.21403503417969
2010-07-05,94.18365478515625
2010-07-06,96.33232879638672
2010-07-07,97.0485610961914
2010-07-08,97.40666198730469
2010-07-09,96.86949157714844
2010-07-12,95.97421264648438
2010-07-13,95.97421264648438
2010-07-14,97.58572387695312
2010-07-15,97.76477813720703
2010-07-16,94.18365478515625
2010-07-19,96.2840576171875
2010-07-20,97.58519744873047
2010-07-21,99.62983703613281
2010-07-22,100.00159454345703
2010-07-23,104.2767562866211
2010-07-26,102.6038589477539
2010-07-27,102.04623413085938
2010-07-28,103.90499877929688
2010-07-29,99.4439697265625
2010-07-30,97.21343994140625
2010-08-02,98.32869720458984
2010-08-03,97.9569320678711
2010-08-04,97.58519744873047
2010-08-05,95.91230010986328
2010-08-06,96.2840576171875
2010-08-09,97.9569320678711
2010-08-10,96.09817504882812
2010-08-11,96.65582275390625
2010-08-12,97.9569320678711
2010-08-13,100.37335205078125
2010-08-16,100.37335205078125
2010-08-17,100.93097686767578
2010-08-18,99.81571960449219
2010-08-19,101.86035919189453
2010-08-20,100.18746185302734
2010-08-23,98.70045471191406
2010-08-24,96.65582275390625
2010-08-25,94.23941802978516
2010-08-26,93.31002807617188
2010-08-27,94.05353546142578
2010-08-30,93.68179321289062
2010-08-31,87.17610931396484
2010-09-01,85.1314697265625
2010-09-02,86.61847686767578
2010-09-03,89.03486633300781
2010-09-06,90.33600616455078
2010-09-07,89.40662384033203
2010-09-08,89.22074890136719
2010-09-09,90.98657989501953
2010-09-10,91.07952117919922
2010-09-13,91.17244720458984
2010-09-14,94.61116790771484
2010-09-15,94.98291778564453
2010-09-16,93.12415313720703
2010-09-17,94.61116790771484
2010-09-20,93.49591064453125
2010-09-21,94.42529296875
2010-09-23,94.05353546142578
2010-09-24,92.38064575195312
2010-09-27,93.49591064453125
2010-09-28,94.05353546142578
2010-09-29,94.05353546142578
2010-09-30,93.12415313720703
2010-10-01,92.75240325927734
2010-10-04,89.68544006347656
2010-10-05,89.22074890136719
2010-10-06,89.3136978149414
2010-10-07,89.96426391601562
2010-10-08,89.3136978149414
2010-10-11,88.47724151611328
2010-10-12,87.91961669921875
2010-10-13,88.19842529296875
2010-10-14,87.82667541503906
2010-10-15,85.4102783203125
2010-10-18,83.92327117919922
2010-10-19,84.0162124633789
2010-10-20,86.89729309082031
2010-10-21,86.06085205078125
2010-10-22,86.61847686767578
2010-10-25,88.47724151611328
2010-10-26,88.57018280029297
2010-10-27,86.52554321289062
2010-10-28,88.66311645507812
2010-10-29,87.17610931396484
2010-11-01,88.19842529296875
2010-11-02,86.990234375
2010-11-03,80.9492416381836
2010-11-04,80.8563003540039
2010-11-05,80.57748413085938
2010-11-08,75.74469757080078
2010-11-09,77.60345458984375
2010-11-10,77.32465362548828
2010-11-11,78.53284454345703
2010-11-12,77.1387710571289
2010-11-15,82.52919006347656
2010-11-16,82.43624877929688
2010-11-17,81.04217529296875
2010-11-18,80.8563003540039
2010-11-19,81.04217529296875
2010-11-22,81.9715576171875
2010-11-23,81.9715576171875
2010-11-24,81.04217529296875
2010-11-25,81.9715576171875
2010-11-26,83.45858001708984
2010-11-29,82.80801391601562
2010-11-30,83.36563873291016
2010-12-01,84.0162124633789
2010-12-02,83.45858001708984
2010-12-03,85.68909454345703
2010-12-06,84.57383728027344
2010-12-07,84.57383728027344
2010-12-08,84.66677856445312
2010-12-09,84.94558715820312
2010-12-10,85.1314697265625
2010-12-13,85.68909454345703
2010-12-14,86.52554321289062
2010-12-15,84.48089599609375
2010-12-16,83.73739624023438
2010-12-17,84.0162124633789
2010-12-20,83.73739624023438
2010-12-21,84.10913848876953
2010-12-22,88.47724151611328
2010-12-23,87.17610931396484
2010-12-24,86.4325942993164
2010-12-27,85.78202819824219
2010-12-28,84.85265350341797
2010-12-29,81.9715576171875
2010-12-30,82.34332275390625
2010-12-31,82.06450653076172
2011-01-03,82.15744018554688
2011-01-04,84.20208740234375
2011-01-05,83.73739624023438
2011-01-06,83.830322265625
2011-01-07,83.830322265625
2011-01-10,84.57383728027344
2011-01-11,84.66677856445312
2011-01-12,84.85265350341797
2011-01-13,84.0162124633789
2011-01-14,84.10913848876953
2011-01-17,84.10913848876953
2011-01-18,83.36563873291016
2011-01-19,83.36563873291016
2011-01-20,82.80801391601562
2011-01-21,81.9715576171875
2011-01-24,80.48455047607422
2011-01-25,79.55516815185547
2011-01-26,79.64810180664062
2011-01-27,82.52919006347656
2011-01-28,81.9715576171875
2011-02-08,82.06450653076172
2011-02-09,80.20573425292969
2011-02-10,79.55516815185547
2011-02-11,76.20938110351562
2011-02-14,76.20938110351562
2011-02-15,76.95289611816406
2011-02-16,76.20938110351562
2011-02-17,74.81531524658203
2011-02-18,75.09413146972656
2011-02-21,72.12010192871094
2011-02-22,71.00484466552734
2011-02-23,70.72602844238281
2011-02-24,69.33195495605469
2011-02-25,71.19071960449219
2011-03-01,71.74835205078125
2011-03-02,72.21304321289062
2011-03-03,72.49186706542969
2011-03-04,71.74835205078125
2011-03-07,70.35427856445312
2011-03-08,70.72602844238281
2011-03-09,70.72602844238281
2011-03-10,70.44721984863281
2011-03-11,70.0754623413086
2011-03-14,67.00849914550781
2011-03-15,62.36159133911133
2011-03-16,62.36159133911133
2011-03-17,64.6850357055664
2011-03-18,66.17205810546875
2011-03-21,65.42855072021484
2011-03-22,67.28731536865234
2011-03-23,66.91556549072266
2011-03-24,68.49551391601562
2011-03-25,67.1014404296875
2011-03-28,65.89323425292969
2011-03-29,66.17205810546875
2011-03-30,65.80030059814453
2011-03-31,67.56613159179688
2011-04-01,68.03081512451172
2011-04-06,67.47319030761719
2011-04-07,68.58844757080078
2011-04-08,68.30963897705078
2011-04-11,66.72968292236328
2011-04-12,65.61442565917969
2011-04-13,66.3579330444336
2011-04-14,65.89323425292969
2011-04-15,65.9861831665039
2011-04-18,64.6850357055664
2011-04-19,63.47685241699219
2011-04-20,67.8449478149414
2011-04-21,70.26133728027344
2011-04-22,74.35062408447266
2011-04-25,76.48821258544922
2011-04-26,75.5588150024414
2011-04-27,75.5588150024414
2011-04-28,75.46588134765625
2011-04-29,74.16474914550781
2011-05-03,79.18341064453125
2011-05-04,79.36929321289062
2011-05-05,78.2540283203125
2011-05-06,78.06816101074219
2011-05-09,77.32465362548828
2011-05-10,78.43991088867188
2011-05-11,77.2317123413086
2011-05-12,78.06816101074219
2011-05-13,80.48455047607422
2011-05-16,81.04217529296875
2011-05-17,80.6704330444336
2011-05-18,80.6704330444336
2011-05-19,80.8563003540039
2011-05-20,79.55516815185547
2011-05-23,78.53284454345703
2011-05-24,77.78934478759766
2011-05-25,79.92691802978516
2011-05-26,80.8563003540039
2011-05-27,82.71507263183594
2011-05-30,82.43624877929688
2011-05-31,82.71507263183594
2011-06-01,84.0162124633789
2011-06-02,83.17975616455078
2011-06-03,84.20208740234375
2011-06-07,84.85265350341797
2011-06-08,82.99388122558594
2011-06-09,80.57748413085938
2011-06-10,78.43991088867188
2011-06-13,78.53284454345703
2011-06-14,78.53284454345703
2011-06-15,79.27635192871094
2011-06-16,77.32465362548828
2011-06-17,79.55516815185547
2011-06-20,74.16474914550781
2011-06-21,75.5588150024414
2011-06-22,76.58113861083984
2011-06-23,76.39527130126953
2011-06-24,75.46588134765625
2011-06-27,74.90824890136719
2011-06-28,75.09413146972656
2011-06-29,76.85995483398438
2011-06-30,77.1387710571289
2011-07-01,78.53284454345703
2011-07-04,76.58113861083984
2011-07-05,76.76702117919922
2011-07-06,76.58113861083984
2011-07-07,76.20938110351562
2011-07-08,74.72237396240234
2011-07-11,70.26133728027344
2011-07-12,65.42855072021484
2011-07-13,63.29096603393555
2011-07-14,65.33560943603516
2011-07-15,69.88958740234375
2011-07-18,68.58844757080078
2011-07-19,67.65906524658203
2011-07-20,69.51782989501953
2011-07-21,69.51782989501953
2011-07-22,70.44721984863281
2011-07-25,69.33195495605469
2011-07-26,71.00484466552734
2011-07-27,71.37659454345703
2011-07-28,70.8189697265625
2011-07-29,68.77433013916016
2011-08-01,64.12741088867188
2011-08-02,65.05680084228516
2011-08-03,65.05680084228516
2011-08-04,64.03447723388672
2011-08-05,59.57344436645508
2011-08-08,55.48414611816406
2011-08-09,52.88187789916992
2011-08-10,54.36888885498047
2011-08-11,52.788944244384766
2011-08-12,56.41353988647461
2011-08-15,60.27092742919922
2011-08-16,60.27092742919922
2011-08-17,59.152915954589844
2011-08-18,58.33981704711914
2011-08-19,54.27431869506836
2011-08-22,55.08742141723633
2011-08-23,58.136539459228516
2011-08-24,60.06764602661133
2011-08-25,60.16928482055664
2011-08-26,60.67746353149414
2011-08-29,62.202030181884766
2011-08-30,62.40530776977539
2011-08-31,65.0478744506836
2011-09-01,63.8282356262207
2011-09-02,64.53968811035156
2011-09-05,62.811859130859375
2011-09-06,62.91349411010742
2011-09-07,64.23477935791016
2011-09-08,62.811859130859375
2011-09-09,63.8282356262207
2011-09-13,61.897117614746094
2011-09-14,58.33981704711914
2011-09-15,62.40530776977539
2011-09-16,65.65770721435547
2011-09-19,64.23477935791016
2011-09-20,66.4708023071289
2011-09-21,70.23137664794922
2011-09-22,72.77230834960938
2011-09-23,69.01172637939453
2011-09-26,64.74296569824219
2011-09-27,69.21500396728516
2011-09-28,70.63793182373047
2011-09-29,69.21500396728516
2011-09-30,70.02810668945312
2011-10-03,68.30026245117188
2011-10-04,72.16249084472656
2011-10-05,70.84120178222656
2011-10-06,69.92647552490234
2011-10-07,69.5199203491211
2011-10-11,71.3493881225586
2011-10-12,72.4674072265625
2011-10-13,74.5001449584961
2011-10-14,76.22798156738281
2011-10-17,75.71979522705078
2011-10-18,76.1263427734375
2011-10-19,74.70342254638672
2011-10-20,72.6706771850586
2011-10-21,74.09359741210938
2011-10-24,75.10997009277344
2011-10-25,73.99195861816406
2011-10-26,75.41487884521484
2011-10-27,73.99195861816406
2011-10-28,72.16249084472656
2011-10-31,71.55266571044922
2011-11-01,72.36576843261719
2011-11-02,73.58541107177734
2011-11-03,73.07722473144531
2011-11-04,74.39850616455078
2011-11-07,74.39850616455078
2011-11-08,72.16249084472656
2011-11-09,71.55266571044922
2011-11-10,66.57243347167969
2011-11-11,65.65770721435547
2011-11-14,66.87734985351562
2011-11-15,65.25115203857422
2011-11-16,64.64132690429688
2011-11-17,64.33641815185547
2011-11-18,61.998756408691406
2011-11-21,58.33981704711914
2011-11-22,58.238182067871094
2011-11-23,54.985782623291016
2011-11-24,56.51034164428711
2011-11-25,54.68087387084961
2011-11-28,57.7299919128418
2011-11-29,58.44144821166992
2011-11-30,55.392330169677734
2011-12-01,59.152915954589844
2011-12-02,59.05127716064453
2011-12-05,58.44144821166992
2011-12-06,55.900516510009766
2011-12-07,54.985782623291016
2011-12-08,58.746368408203125
2011-12-09,57.52671813964844
2011-12-12,56.71361541748047
2011-12-13,57.221805572509766
2011-12-14,60.16928482055664
2011-12-15,58.44144821166992
2011-12-16,57.42507553100586
2011-12-19,54.071048736572266
2011-12-20,55.18906021118164
2011-12-21,59.05127716064453
2011-12-22,61.59221267700195
2011-12-23,62.60858154296875
2011-12-26,62.60858154296875
2011-12-27,61.28730010986328
2011-12-28,61.28730010986328
2011-12-29,61.998756408691406
2011-12-30,60.8807487487793
2012-01-02,60.8807487487793
2012-01-03,60.8807487487793
2012-01-04,60.8807487487793
2012-01-05,60.8807487487793
2012-01-06,62.202030181884766
2012-01-09,63.62495040893555
2012-01-10,64.43805694580078
2012-01-11,66.06423950195312
2012-01-12,65.0478744506836
2012-01-13,64.64132690429688
2012-01-16,68.30026245117188
2012-01-17,70.33302307128906
2012-01-18,74.19523620605469
2012-01-30,79.37873840332031
2012-01-31,82.7327651977539
2012-02-01,82.32621765136719
2012-02-02,81.30984497070312
2012-02-03,84.15569305419922
2012-02-06,82.1229476928711
2012-02-07,83.64751434326172
2012-02-08,89.44082641601562
2012-02-09,89.84738159179688
2012-02-10,90.45720672607422
2012-02-13,96.75871276855469
2012-02-14,95.13252258300781
2012-02-15,101.63732147216797
2012-02-16,95.33580017089844
2012-02-17,97.36853790283203
2012-02-20,103.06023406982422
2012-02-21,103.06023406982422
2012-02-22,102.6536865234375
2012-02-23,104.07659912109375
2012-02-24,107.32899475097656
2012-02-29,105.4995346069336
2012-03-01,106.71917724609375
2012-03-02,107.73555755615234
2012-03-05,102.6536865234375
2012-03-06,105.4995346069336
2012-03-07,106.10934448242188
2012-03-08,106.10934448242188
2012-03-09,109.15847778320312
2012-03-12,104.07659912109375
2012-03-13,102.24713134765625
2012-03-14,103.06023406982422
2012-03-15,103.26350402832031
2012-03-16,99.40129852294922
2012-03-19,99.60456848144531
2012-03-20,100.0111083984375
2012-03-21,99.90946960449219
2012-03-22,98.58818817138672
2012-03-23,100.51930236816406
2012-03-26,99.90946960449219
2012-03-27,96.86035919189453
2012-03-28,95.74234771728516
2012-03-29,91.16867065429688
2012-03-30,97.16527557373047
2012-04-02,96.3521728515625
2012-04-03,91.47357177734375
2012-04-05,95.0308837890625
2012-04-06,101.63732147216797
2012-04-09,102.4504165649414
2012-04-10,101.63732147216797
2012-04-11,101.840576171875
2012-04-12,101.23075866699219
2012-04-13,102.85694885253906
2012-04-16,100.21439361572266
2012-04-17,96.6570816040039
2012-04-18,97.26691436767578
2012-04-19,100.21439361572266
2012-04-20,98.68983459472656
2012-04-23,99.70619201660156
2012-04-24,92.79486846923828
2012-04-25,86.39170837402344
2012-04-26,85.57861328125
2012-04-27,79.78528594970703
2012-04-30,79.68364715576172
2012-05-02,83.9524154663086
2012-05-03,80.9032974243164
2012-05-04,80.9032974243164
2012-05-07,75.31324768066406
2012-05-08,78.46400451660156
2012-05-09,77.04108428955078
2012-05-10,77.1427230834961
2012-05-11,72.26412200927734
2012-05-14,71.1461181640625
2012-05-15,71.3493881225586
2012-05-16,70.33302307128906
2012-05-17,70.63793182373047
2012-05-18,69.11336517333984
2012-05-21,70.53629302978516
2012-05-22,72.16249084472656
2012-05-23,69.41828918457031
2012-05-24,68.50354766845703
2012-05-25,67.48717498779297
2012-05-28,68.09700012207031
2012-05-29,71.1461181640625
2012-05-30,69.11336517333984
2012-05-31,70.73955535888672
2012-06-01,67.69044494628906
2012-06-04,63.0151252746582
2012-06-05,63.21840286254883
2012-06-06,65.0478744506836
2012-06-07,62.60858154296875
2012-06-08,61.998756408691406
2012-06-11,63.0151252746582
2012-06-12,63.320045471191406
2012-06-13,63.52332305908203
2012-06-14,64.94624328613281
2012-06-15,66.87734985351562
2012-06-18,71.04448699951172
2012-06-19,69.8248291015625
2012-06-20,71.95921325683594
2012-06-21,70.53629302978516
2012-06-22,71.1461181640625
2012-06-25,68.50354766845703
2012-06-26,68.70681762695312
2012-06-27,68.91010284423828
2012-06-28,67.69044494628906
2012-06-29,69.11336517333984
2012-07-02,71.75594329833984
2012-07-03,71.65430450439453
2012-07-04,74.19523620605469
2012-07-05,73.48377227783203
2012-07-06,73.89032745361328
2012-07-09,72.36576843261719
2012-07-10,70.63793182373047
2012-07-11,72.56903839111328
2012-07-12,71.1461181640625
2012-07-13,68.70681762695312
2012-07-16,67.08062744140625
2012-07-17,69.11336517333984
2012-07-18,67.89372253417969
2012-07-19,69.5199203491211
2012-07-20,68.91010284423828
2012-07-23,67.08062744140625
2012-07-24,64.43805694580078
2012-07-25,65.3641357421875
2012-07-26,66.87171173095703
2012-07-27,68.16392517089844
2012-07-30,69.67149353027344
2012-07-31,71.3944320678711
2012-08-01,71.71749114990234
2012-08-02,71.71749114990234
2012-08-03,71.60980224609375
2012-08-06,66.6563491821289
2012-08-07,62.4566650390625
2012-08-08,63.64118957519531
2012-08-09,64.82572174072266
2012-08-10,65.04109191894531
2012-08-13,65.04109191894531
2012-08-14,65.14877319335938
2012-08-15,65.14877319335938
2012-08-16,65.25645446777344
2012-08-17,66.33329010009766
2012-08-20,65.3641357421875
2012-08-21,65.68717956542969
2012-08-22,66.22560119628906
2012-08-23,66.44097900390625
2012-08-24,66.33329010009766
2012-08-27,66.01024627685547
2012-08-28,65.25645446777344
2012-08-29,69.025390625
2012-08-30,67.84086608886719
2012-08-31,68.16392517089844
2012-09-03,72.90201568603516
2012-09-04,72.14822387695312
2012-09-05,72.90201568603516
2012-09-06,71.3944320678711
2012-09-07,74.84031677246094
2012-09-10,78.17852020263672
2012-09-11,77.74778747558594
2012-09-12,83.13198852539062
2012-09-13,83.13198852539062
2012-09-14,81.5167236328125
2012-09-17,80.22451782226562
2012-09-18,82.05514526367188
2012-09-19,82.16283416748047
2012-09-20,81.40904235839844
2012-09-21,79.79378509521484
2012-09-24,79.47073364257812
2012-09-25,79.1476821899414
2012-09-26,80.33220672607422
2012-09-27,80.22451782226562
2012-09-28,79.04000091552734
2012-10-01,80.11682891845703
2012-10-02,80.54756927490234
2012-10-03,86.14714050292969
2012-10-04,85.177978515625
2012-10-05,85.0702896118164
2012-10-08,82.8089370727539
2012-10-09,78.7169418334961
2012-10-11,80.22451782226562
2012-10-12,79.9014663696289
2012-10-15,79.47073364257812
2012-10-16,80.22451782226562
2012-10-17,80.33220672607422
2012-10-18,78.93231201171875
2012-10-19,78.17852020263672
2012-10-22,77.53240966796875
2012-10-23,78.50157165527344
2012-10-24,78.50157165527344
2012-10-25,76.13253021240234
2012-10-26,70.85602569580078
2012-10-29,65.90255737304688
2012-10-30,66.54866027832031
2012-10-31,68.27159881591797
2012-11-01,69.56381225585938
2012-11-02,69.99454498291016
2012-11-05,67.41012573242188
2012-11-06,69.77918243408203
2012-11-07,71.28675842285156
2012-11-08,70.10222625732422
2012-11-09,71.0713882446289
2012-11-12,70.85602569580078
2012-11-13,69.99454498291016
2012-11-14,70.20991516113281
2012-11-15,70.3176040649414
2012-11-16,71.0713882446289
2012-11-19,70.96370697021484
2012-11-20,71.0713882446289
2012-11-21,68.9177017211914
2012-11-22,68.27159881591797
2012-11-23,71.28675842285156
2012-11-26,71.71749114990234
2012-11-27,72.57896423339844
2012-11-28,71.50212097167969
2012-11-29,71.50212097167969
2012-11-30,72.79432678222656
2012-12-03,75.16337585449219
2012-12-04,75.91716003417969
2012-12-05,74.947998046875
2012-12-06,73.11737823486328
2012-12-07,72.57896423339844
2012-12-10,71.60980224609375
2012-12-11,71.82516479492188
2012-12-12,74.19422149658203
2012-12-13,73.5481185913086
2012-12-14,73.22505950927734
2012-12-17,72.25590515136719
2012-12-18,72.36358642578125
2012-12-19,71.93285369873047
2012-12-20,71.3944320678711
2012-12-21,70.532958984375
2012-12-24,70.532958984375
2012-12-25,73.00969696044922
2012-12-26,72.14822387695312
2012-12-27,71.71749114990234
2012-12-28,71.71749114990234
2013-01-02,72.04054260253906
2013-01-03,73.00969696044922
2013-01-04,72.04054260253906
2013-01-07,72.04054260253906
2013-01-08,70.532958984375
2013-01-09,71.60980224609375
2013-01-10,72.36358642578125
2013-01-11,72.25590515136719
2013-01-14,73.11737823486328
2013-01-15,73.87117004394531
2013-01-16,73.87117004394531
2013-01-17,70.20991516113281
2013-01-18,71.60980224609375
2013-01-21,71.0713882446289
2013-01-22,71.28675842285156
2013-01-23,71.71749114990234
2013-01-24,71.93285369873047
2013-01-25,70.85602569580078
2013-01-28,69.67149353027344
2013-01-29,71.0713882446289
2013-01-30,70.85602569580078
2013-01-31,70.6406478881836
2013-02-01,70.74833679199219
2013-02-04,71.50212097167969
2013-02-05,70.6406478881836
2013-02-06,69.77918243408203
2013-02-18,71.28675842285156
2013-02-19,71.93285369873047
2013-02-20,72.47127532958984
2013-02-21,71.28675842285156
2013-02-22,71.0713882446289
2013-02-25,75.16337585449219
2013-02-26,75.16337585449219
2013-02-27,74.08654022216797
2013-03-01,76.99400329589844
2013-03-04,76.02484893798828
2013-03-05,75.37873840332031
2013-03-06,75.4864273071289
2013-03-07,75.91716003417969
2013-03-08,75.70179748535156
2013-03-11,73.00969696044922
2013-03-12,73.00969696044922
2013-03-13,73.33274841308594
2013-03-14,72.57896423339844
2013-03-15,73.00969696044922
2013-03-18,71.17906951904297
2013-03-19,71.82516479492188
2013-03-20,72.04054260253906
2013-03-21,73.00969696044922
2013-03-22,72.25590515136719
2013-03-25,72.04054260253906
2013-03-26,73.44043731689453
2013-03-27,73.5481185913086
2013-03-28,72.14822387695312
2013-03-29,72.25590515136719
2013-04-01,69.77918243408203
2013-04-02,69.99454498291016
2013-04-03,69.77918243408203
2013-04-08,67.19477081298828
2013-04-09,67.19477081298828
2013-04-10,67.84086608886719
2013-04-11,68.59465789794922
2013-04-12,67.62550354003906
2013-04-15,65.3641357421875
2013-04-16,65.79486846923828
2013-04-17,66.117919921875
2013-04-18,66.117919921875
2013-04-19,66.44097900390625
2013-04-22,66.33329010009766
2013-04-23,65.3641357421875
2013-04-24,66.76402282714844
2013-04-25,67.62550354003906
2013-04-26,66.76402282714844
2013-04-29,66.117919921875
2013-04-30,67.94855499267578
2013-05-02,70.74833679199219
2013-05-03,69.8868637084961
2013-05-06,71.28675842285156
2013-05-07,69.56381225585938
2013-05-08,69.34844207763672
2013-05-09,69.99454498291016
2013-05-10,68.9177017211914
2013-05-13,67.84086608886719
2013-05-14,65.68717956542969
2013-05-15,66.117919921875
2013-05-16,65.90255737304688
2013-05-17,65.79486846923828
2013-05-20,67.08708190917969
2013-05-21,68.37928009033203
2013-05-22,68.05623626708984
2013-05-23,66.76402282714844
2013-05-24,66.6563491821289
2013-05-27,67.41012573242188
2013-05-28,68.05623626708984
2013-05-29,68.81002044677734
2013-05-30,68.16392517089844
2013-05-31,68.9177017211914
2013-06-03,69.67149353027344
2013-06-04,69.34844207763672
2013-06-05,68.48696899414062
2013-06-06,67.62550354003906
2013-06-07,66.76402282714844
2013-06-10,67.08708190917969
2013-06-11,66.44097900390625
2013-06-13,65.68717956542969
2013-06-14,65.14877319335938
2013-06-17,66.6563491821289
2013-06-18,66.54866027832031
2013-06-19,66.9793930053711
2013-06-20,65.47181701660156
2013-06-21,63.31814193725586
2013-06-24,65.25645446777344
2013-06-25,63.96424865722656
2013-06-26,64.6103515625
2013-06-27,65.47181701660156
2013-06-28,65.68717956542969
2013-07-01,66.33329010009766
2013-07-02,65.68717956542969
2013-07-03,64.82572174072266
2013-07-04,64.28730010986328
2013-07-05,64.82572174072266
2013-07-08,64.28730010986328
2013-07-09,64.6103515625
2013-07-10,63.64118957519531
2013-07-11,62.56435012817383
2013-07-12,63.21045684814453
2013-07-15,63.748878479003906
2013-07-16,63.96424865722656
2013-07-17,64.28730010986328
2013-07-18,63.64118957519531
2013-07-19,63.31814193725586
2013-07-22,63.53350830078125
2013-07-23,65.25645446777344
2013-07-24,65.79486846923828
2013-07-25,65.25645446777344
2013-07-26,65.25645446777344
2013-07-29,65.14877319335938
2013-07-30,65.14877319335938
2013-07-31,65.95592498779297
2013-08-01,68.83860778808594
2013-08-02,70.22229766845703
2013-08-05,69.18453216552734
2013-08-06,69.53045654296875
2013-08-07,67.80084228515625
2013-08-08,68.60799407958984
2013-08-09,68.37738037109375
2013-08-12,69.18453216552734
2013-08-13,67.68553161621094
2013-08-14,71.14476013183594
2013-08-15,74.83460235595703
2013-08-16,77.02544403076172
2013-08-19,75.98768615722656
2013-08-20,74.14275360107422
2013-08-22,74.37336730957031
2013-08-23,74.48867797851562
2013-08-26,73.79682922363281
2013-08-27,72.98968505859375
2013-08-28,72.64376068115234
2013-08-29,75.06521606445312
2013-08-30,74.37336730957031
2013-09-02,73.79682922363281
2013-09-03,74.48867797851562
2013-09-04,73.45091247558594
2013-09-05,76.56421661376953
2013-09-06,75.41114807128906
2013-09-09,74.02745056152344
2013-09-10,74.25806427001953
2013-09-11,74.94990539550781
2013-09-12,75.29583740234375
2013-09-13,74.48867797851562
2013-09-16,77.60198211669922
2013-09-17,78.75506591796875
2013-09-18,78.17852020263672
2013-09-23,77.83259582519531
2013-09-24,76.67951965332031
2013-09-25,79.33160400390625
2013-09-26,77.4866714477539
2013-09-27,77.4866714477539
2013-09-30,78.17852020263672
2013-10-01,77.71729278564453
2013-10-02,76.79483032226562
2013-10-03,78.98567199707031
2013-10-04,79.7928237915039
2013-10-07,78.63975524902344
2013-10-08,79.33160400390625
2013-10-09,74.25806427001953
2013-10-11,73.91213989257812
2013-10-14,71.72129821777344
2013-10-15,75.18052673339844
2013-10-16,74.02745056152344
2013-10-17,73.79682922363281
2013-10-18,74.60398864746094
2013-10-21,74.25806427001953
2013-10-22,74.37336730957031
2013-10-23,75.75706481933594
2013-10-24,75.29583740234375
2013-10-25,73.68152618408203
2013-10-28,73.56621551513672
2013-10-29,72.98968505859375
2013-10-30,73.79682922363281
2013-10-31,73.56621551513672
2013-11-01,72.41314697265625
2013-11-04,73.10498809814453
2013-11-05,72.98968505859375
2013-11-06,72.41314697265625
2013-11-07,75.52644348144531
2013-11-08,75.75706481933594
2013-11-11,73.79682922363281
2013-11-12,68.72330474853516
2013-11-13,67.10899353027344
2013-11-14,68.03145599365234
2013-11-15,67.57022094726562
2013-11-18,67.33961486816406
2013-11-19,67.91615295410156
2013-11-20,68.03145599365234
2013-11-21,67.22430419921875
2013-11-22,65.95592498779297
2013-11-25,66.07123565673828
2013-11-26,67.45491027832031
2013-11-27,67.57022094726562
2013-11-28,69.41515350341797
2013-11-29,69.41515350341797
2013-12-02,68.95391845703125
2013-12-03,68.83860778808594
2013-12-04,68.72330474853516
2013-12-05,69.64576721191406
2013-12-06,69.29984283447266
2013-12-09,68.95391845703125
2013-12-10,68.49269104003906
2013-12-11,68.26206970214844
2013-12-12,68.37738037109375
2013-12-13,68.95391845703125
2013-12-16,68.83860778808594
2013-12-17,68.72330474853516
2013-12-18,69.18453216552734
2013-12-19,69.53045654296875
2013-12-20,68.72330474853516
2013-12-23,68.72330474853516
2013-12-24,68.72330474853516
2013-12-25,68.95391845703125
2013-12-26,70.56822204589844
2013-12-27,70.33760070800781
2013-12-30,70.68353271484375
2013-12-31,71.72129821777344
2014-01-02,71.14476013183594
2014-01-03,71.72129821777344
2014-01-06,70.79883575439453
2014-01-07,71.37538146972656
2014-01-08,75.18052673339844
2014-01-09,73.79682922363281
2014-01-10,73.79682922363281
2014-01-13,73.10498809814453
2014-01-14,73.10498809814453
2014-01-15,73.10498809814453
2014-01-16,74.37336730957031
2014-01-17,75.52644348144531
2014-01-20,74.94990539550781
2014-01-21,76.44890594482422
2014-01-22,75.18052673339844
2014-01-23,74.02745056152344
2014-01-24,73.33560180664062
2014-01-27,71.37538146972656
2014-02-05,72.75907135009766
2014-02-06,72.41314697265625
2014-02-07,72.87437438964844
2014-02-10,72.87437438964844
2014-02-11,74.37336730957031
2014-02-12,73.56621551513672
2014-02-13,74.02745056152344
2014-02-14,73.79682922363281
2014-02-17,74.48867797851562
2014-02-18,75.41114807128906
2014-02-19,76.33360290527344
2014-02-20,74.71929931640625
2014-02-21,75.18052673339844
2014-02-24,74.48867797851562
2014-02-25,74.94990539550781
2014-02-26,74.71929931640625
2014-02-27,74.25806427001953
2014-03-03,73.56621551513672
2014-03-04,73.33560180664062
2014-03-05,73.56621551513672
2014-03-06,75.64175415039062
2014-03-07,74.48867797851562
2014-03-10,74.71929931640625
2014-03-11,75.75706481933594
2014-03-12,75.29583740234375
2014-03-13,75.64175415039062
2014-03-14,75.64175415039062
2014-03-17,77.14075469970703
2014-03-18,77.94790649414062
2014-03-19,76.56421661376953
2014-03-20,77.37136840820312
2014-03-21,77.25605773925781
2014-03-24,74.71929931640625
2014-03-25,76.33360290527344
2014-03-26,76.10298919677734
2014-03-27,76.10298919677734
2014-03-28,75.18052673339844
2014-03-31,75.98768615722656
2014-04-01,76.67951965332031
2014-04-02,77.37136840820312
2014-04-03,78.63975524902344
2014-04-07,77.25605773925781
2014-04-08,78.40913391113281
2014-04-09,79.33160400390625
2014-04-10,77.37136840820312
2014-04-11,76.9101333618164
2014-04-14,76.9101333618164
2014-04-15,78.06321716308594
2014-04-16,77.83259582519531
2014-04-17,77.4866714477539
2014-04-18,77.25605773925781
2014-04-21,77.25605773925781
2014-04-22,78.17852020263672
2014-04-23,76.9101333618164
2014-04-24,76.10298919677734
2014-04-25,72.41314697265625
2014-04-28,71.83660888671875
2014-04-29,73.22029113769531
2014-04-30,72.29783630371094
2014-05-02,73.33560180664062
2014-05-05,74.48867797851562
2014-05-06,74.37336730957031
2014-05-07,74.14275360107422
2014-05-08,75.52644348144531
2014-05-09,73.91213989257812
2014-05-12,74.25806427001953
2014-05-13,73.79682922363281
2014-05-14,74.60398864746094
2014-05-15,73.68152618408203
2014-05-16,73.91213989257812
2014-05-19,73.91213989257812
2014-05-20,73.68152618408203
2014-05-21,72.98968505859375
2014-05-22,73.91213989257812
2014-05-23,77.25605773925781
2014-05-26,76.10298919677734
2014-05-27,75.41114807128906
2014-05-28,75.87237548828125
2014-05-29,75.75706481933594
2014-05-30,74.94990539550781
2014-06-03,75.64175415039062
2014-06-04,77.14075469970703
2014-06-05,77.94790649414062
2014-06-06,76.79483032226562
2014-06-09,77.25605773925781
2014-06-10,77.71729278564453
2014-06-11,79.7928237915039
2014-06-12,79.67752075195312
2014-06-13,79.21629333496094
2014-06-16,77.60198211669922
2014-06-17,76.79483032226562
2014-06-18,75.29583740234375
2014-06-19,75.98768615722656
2014-06-20,75.87237548828125
2014-06-23,74.25806427001953
2014-06-24,74.71929931640625
2014-06-25,74.60398864746094
2014-06-26,75.18052673339844
2014-06-27,75.18052673339844
2014-06-30,75.18052673339844
2014-07-01,75.87237548828125
2014-07-02,75.18052673339844
2014-07-03,75.75706481933594
2014-07-04,76.21829223632812
2014-07-07,75.52644348144531
2014-07-08,75.41114807128906
2014-07-09,75.18052673339844
2014-07-10,74.71929931640625
2014-07-11,72.64376068115234
2014-07-14,73.56621551513672
2014-07-15,74.25806427001953
2014-07-16,74.37336730957031
2014-07-17,74.48867797851562
2014-07-18,75.18052673339844
2014-07-21,75.41114807128906
2014-07-22,74.94990539550781
2014-07-23,74.94990539550781
2014-07-24,75.69444274902344
2014-07-25,75.19808959960938
2014-07-28,74.45355224609375
2014-07-29,72.96448516845703
2014-07-30,73.95719909667969
2014-07-31,73.58493041992188
2014-08-01,73.21266174316406
2014-08-04,73.70902252197266
2014-08-05,73.33674621582031
2014-08-06,71.97176361083984
2014-08-07,71.72359466552734
2014-08-08,71.351318359375
2014-08-11,73.95719909667969
2014-08-12,73.21266174316406
2014-08-13,74.45355224609375
2014-08-14,73.8331069946289
2014-08-15,70.85496520996094
2014-08-18,66.01548767089844
2014-08-19,67.25637817382812
2014-08-20,66.76002502441406
2014-08-21,66.76002502441406
2014-08-22,68.12500762939453
2014-08-25,69.24180603027344
2014-08-26,70.97905731201172
2014-08-27,70.97905731201172
2014-08-28,70.97905731201172
2014-08-29,70.73087310791016
2014-09-01,71.22723388671875
2014-09-02,70.48269653320312
2014-09-03,69.24180603027344
2014-09-04,68.74545288085938
2014-09-05,68.74545288085938
2014-09-09,68.24908447265625
2014-09-10,69.11771392822266
2014-09-11,68.49726867675781
2014-09-12,67.75273132324219
2014-09-15,67.13228607177734
2014-09-16,66.5118408203125
2014-09-17,67.50455474853516
2014-09-18,68.6213607788086
2014-09-19,69.24180603027344
2014-09-22,67.50455474853516
2014-09-23,67.75273132324219
2014-09-24,67.25637817382812
2014-09-25,67.0082015991211
2014-09-26,66.76002502441406
2014-09-29,67.3804702758789
2014-09-30,66.88410949707031
2014-10-01,66.76002502441406
2014-10-02,67.25637817382812
2014-10-03,68.49726867675781
2014-10-06,68.12500762939453
2014-10-07,68.00091552734375
2014-10-08,67.0082015991211
2014-10-09,67.25637817382812
2014-10-13,62.665077209472656
2014-10-14,62.91325378417969
2014-10-15,60.803741455078125
2014-10-16,58.81830978393555
2014-10-17,62.91325378417969
2014-10-20,63.285518646240234
2014-10-21,62.29280471801758
2014-10-22,62.29280471801758
2014-10-23,62.54098892211914
2014-10-24,61.42417907714844
2014-10-27,59.06648635864258
2014-10-28,60.43146896362305
2014-10-29,61.42417907714844
2014-10-30,62.04463195800781
2014-10-31,62.29280471801758
2014-11-03,61.92053985595703
2014-11-04,61.54827117919922
2014-11-05,61.672359466552734
2014-11-06,61.42417907714844
2014-11-07,61.672359466552734
2014-11-10,61.05191421508789
2014-11-11,61.30009460449219
2014-11-12,60.803741455078125
2014-11-13,59.93511199951172
2014-11-14,59.562843322753906
2014-11-17,57.94968032836914
2014-11-18,56.08834457397461
2014-11-19,57.081058502197266
2014-11-20,57.45332717895508
2014-11-21,57.45332717895508
2014-11-24,56.832881927490234
2014-11-25,57.45332717895508
2014-11-26,57.3292350769043
2014-11-27,57.081058502197266
2014-11-28,56.832881927490234
2014-12-01,56.70878982543945
2014-12-02,57.45332717895508
2014-12-03,59.438751220703125
2014-12-04,60.803741455078125
2014-12-05,61.796451568603516
2014-12-08,61.05191421508789
2014-12-09,61.05191421508789
2014-12-10,60.679649353027344
2014-12-11,60.059200286865234
2014-12-12,60.30738067626953
2014-12-15,64.52642059326172
2014-12-16,63.40960693359375
2014-12-17,63.0373420715332
2014-12-18,63.161434173583984
2014-12-19,62.789161682128906
2014-12-22,64.52642059326172
2014-12-23,64.0300521850586
2014-12-24,64.52642059326172
2014-12-25,63.90596389770508
2014-12-26,63.90596389770508
2014-12-29,63.90596389770508
2014-12-30,65.39503479003906
2014-12-31,65.14685821533203
2015-01-05,64.52642059326172
2015-01-06,64.52642059326172
2015-01-07,65.27095031738281
2015-01-08,65.14685821533203
2015-01-09,66.01548767089844
2015-01-12,64.77458953857422
2015-01-13,64.65049743652344
2015-01-14,64.898681640625
2015-01-15,64.77458953857422
2015-01-16,63.40960693359375
2015-01-19,62.41689682006836
2015-01-20,63.65779113769531
2015-01-21,62.665077209472656
2015-01-22,63.285518646240234
2015-01-23,63.285518646240234
2015-01-26,63.161434173583984
2015-01-27,63.0373420715332
2015-01-28,63.0373420715332
2015-01-29,62.665077209472656
2015-01-30,62.41689682006836
2015-02-02,62.665077209472656
2015-02-03,62.665077209472656
2015-02-04,63.0373420715332
2015-02-05,63.161434173583984
2015-02-06,63.0373420715332
2015-02-09,62.665077209472656
2015-02-10,62.54098892211914
2015-02-11,63.0373420715332
2015-02-12,62.54098892211914
2015-02-13,62.54098892211914
2015-02-24,62.54098892211914
2015-02-25,63.78187942504883
2015-02-26,68.12500762939453
2015-03-02,69.36589813232422
2015-03-03,68.24908447265625
2015-03-04,69.36589813232422
2015-03-05,69.61407470703125
2015-03-06,68.6213607788086
2015-03-09,67.75273132324219
2015-03-10,66.38775634765625
2015-03-11,67.0082015991211
2015-03-12,66.63593292236328
2015-03-13,66.01548767089844
2015-03-16,66.26366424560547
2015-03-17,66.38775634765625
2015-03-18,64.0300521850586
2015-03-19,63.40960693359375
2015-03-20,63.285518646240234
2015-03-23,63.78187942504883
2015-03-24,62.665077209472656
2015-03-25,61.30009460449219
2015-03-26,61.672359466552734
2015-03-27,62.04463195800781
2015-03-30,59.93511199951172
2015-03-31,58.694217681884766
2015-04-01,57.577415466308594
2015-04-02,58.694217681884766
2015-04-07,59.314666748046875
2015-04-08,59.190574645996094
2015-04-09,58.32194900512695
2015-04-10,57.94968032836914
2015-04-13,58.57012939453125
2015-04-14,58.694217681884766
2015-04-15,57.70150375366211
2015-04-16,58.32194900512695
2015-04-17,58.07377243041992
2015-04-20,57.70150375366211
2015-04-21,57.20515060424805
2015-04-22,56.832881927490234
2015-04-23,57.081058502197266
2015-04-24,57.70150375366211
2015-04-27,57.3292350769043
2015-04-28,57.82559585571289
2015-04-29,57.82559585571289
2015-04-30,57.82559585571289
2015-05-04,56.832881927490234
2015-05-05,56.336524963378906
2015-05-06,56.832881927490234
2015-05-07,57.94968032836914
2015-05-08,57.577415466308594
2015-05-11,53.60655975341797
2015-05-12,50.25614929199219
2015-05-13,52.86202621459961
2015-05-14,52.86202621459961
2015-05-15,51.12477111816406
2015-05-18,49.635704040527344
2015-05-19,49.883880615234375
2015-05-20,49.883880615234375
2015-05-21,49.635704040527344
2015-05-22,49.635704040527344
2015-05-25,51.621131896972656
2015-05-26,51.621131896972656
2015-05-27,51.497039794921875
2015-05-28,51.74522018432617
2015-05-29,51.74522018432617
2015-06-01,50.50432586669922
2015-06-02,49.635704040527344
2015-06-03,46.037113189697266
2015-06-04,44.54804611206055
2015-06-05,43.80350875854492
2015-06-08,41.942169189453125
2015-06-09,37.84722137451172
2015-06-10,40.08082962036133
2015-06-11,39.33629608154297
2015-06-12,39.460384368896484
2015-06-15,40.20492172241211
2015-06-16,38.715850830078125
2015-06-17,39.21220397949219
2015-06-18,40.577186584472656
2015-06-22,40.08082962036133
2015-06-23,41.56990051269531
2015-06-24,41.197635650634766
2015-06-25,41.073543548583984
2015-06-26,41.32172393798828
2015-06-29,39.8326530456543
2015-06-30,39.8326530456543
2015-07-01,40.70127487182617
2015-07-02,43.555328369140625
2015-07-03,43.679420471191406
2015-07-06,42.68670654296875
2015-07-07,43.555328369140625
2015-07-08,40.94945526123047
2015-07-09,40.20492172241211
2015-07-10,40.20492172241211
2015-07-13,40.70127487182617
2015-07-14,40.20492172241211
2015-07-15,40.32900619506836
2015-07-16,40.45309829711914
2015-07-17,40.577186584472656
2015-07-20,38.34358215332031
2015-07-21,37.7231330871582
2015-07-22,37.350868225097656
2015-07-23,36.93203353881836
2015-07-24,37.19396209716797
2015-07-27,33.52695083618164
2015-07-28,33.65791702270508
2015-07-29,33.134056091308594
2015-07-30,33.65791702270508
2015-07-31,34.1817741394043
2015-08-03,34.312740325927734
2015-08-04,33.52695083618164
2015-08-05,33.91984558105469
2015-08-06,33.91984558105469
2015-08-07,33.91984558105469
2015-08-10,34.312740325927734
2015-08-11,33.91984558105469
2015-08-12,34.312740325927734
2015-08-13,34.574668884277344
2015-08-14,35.36045455932617
2015-08-17,34.83659744262695
2015-08-18,35.36045455932617
2015-08-19,34.574668884277344
2015-08-20,34.443702697753906
2015-08-21,33.134056091308594
2015-08-24,29.859941482543945
2015-08-25,28.812223434448242
2015-08-26,30.25283432006836
2015-08-27,31.562480926513672
2015-08-28,32.086341857910156
2015-08-31,33.00309371948242
2015-09-01,33.78887939453125
2015-09-02,33.78887939453125
2015-09-03,35.09852600097656
2015-09-04,34.574668884277344
2015-09-07,34.443702697753906
2015-09-08,35.75334930419922
2015-09-09,37.9797477722168
2015-09-10,37.71781921386719
2015-09-11,41.384830474853516
2015-09-14,44.00412368774414
2015-09-15,41.908687591552734
2015-09-16,40.8609733581543
2015-09-17,41.122901916503906
2015-09-18,40.73000717163086
2015-09-21,39.813255310058594
2015-09-22,40.8609733581543
2015-09-23,40.0751838684082
2015-09-24,39.0274658203125
2015-09-25,40.8609733581543
2015-09-29,40.8609733581543
2015-09-30,40.8609733581543
2015-10-01,40.73000717163086
2015-10-02,40.8609733581543
2015-10-05,41.646759033203125
2015-10-06,40.73000717163086
2015-10-07,42.69447708129883
2015-10-08,41.25386428833008
2015-10-12,40.59904098510742
2015-10-13,40.33711242675781
2015-10-14,40.46807861328125
2015-10-15,40.8609733581543
2015-10-16,41.908687591552734
2015-10-19,40.99193572998047
2015-10-20,41.384830474853516
2015-10-21,41.122901916503906
2015-10-22,40.73000717163086
2015-10-23,40.8609733581543
2015-10-26,40.73000717163086
2015-10-27,40.0751838684082
2015-10-28,39.813255310058594
2015-10-29,39.813255310058594
2015-10-30,43.74219512939453
2015-11-02,48.064029693603516
2015-11-03,46.623416900634766
2015-11-04,47.93306350708008
2015-11-05,47.67113494873047
2015-11-06,45.182804107666016
2015-11-09,43.611228942871094
2015-11-10,42.825439453125
2015-11-11,42.170616149902344
2015-11-12,42.03965377807617
2015-11-13,40.59904098510742
2015-11-16,42.56351089477539
2015-11-17,46.75437927246094
2015-11-18,47.147274017333984
2015-11-19,48.325958251953125
2015-11-20,48.718849182128906
2015-11-23,47.54016876220703
2015-11-24,47.409202575683594
2015-11-25,45.96859359741211
2015-11-26,48.19499206542969
2015-11-27,47.27824020385742
2015-11-30,47.01631164550781
2015-12-01,47.54016876220703
2015-12-02,47.147274017333984
2015-12-03,47.01631164550781
2015-12-04,47.409202575683594
2015-12-07,52.123931884765625
2015-12-08,48.98078155517578
2015-12-09,47.54016876220703
2015-12-10,47.147274017333984
2015-12-11,44.26605224609375
2015-12-14,41.908687591552734
2015-12-15,43.74219512939453
2015-12-16,43.349300384521484
2015-12-17,46.09955978393555
2015-12-18,46.75437927246094
2015-12-21,47.409202575683594
2015-12-22,47.93306350708008
2015-12-23,49.24271011352539
2015-12-24,47.409202575683594
2015-12-25,48.4569206237793
2015-12-28,49.24271011352539
2015-12-29,49.11174392700195
2015-12-30,48.19499206542969
2015-12-31,49.24271011352539
2016-01-04,48.718849182128906
2016-01-05,48.587886810302734
2016-01-06,48.325958251953125
2016-01-07,48.19499206542969
2016-01-08,49.37367248535156
2016-01-11,47.93306350708008
2016-01-12,46.49245071411133
2016-01-13,48.19499206542969
2016-01-14,49.24271011352539
2016-01-15,49.11174392700195
2016-01-18,53.957435607910156
2016-01-19,58.41023635864258
2016-01-20,54.219364166259766
2016-01-21,52.647789001464844
2016-01-22,52.647789001464844
2016-01-25,53.826473236083984
2016-01-26,52.385860443115234
2016-01-27,51.600074768066406
2016-01-28,56.70769500732422
2016-01-29,62.339176177978516
2016-02-01,66.13715362548828
2016-02-02,72.68538665771484
2016-02-03,69.28030395507812
2016-02-15,66.6610107421875
2016-02-16,67.18486785888672
2016-02-17,66.39907836914062
2016-02-18,67.5777587890625
2016-02-19,66.7919692993164
2016-02-22,66.00618743896484
2016-02-23,66.92293548583984
2016-02-24,68.88740539550781
2016-02-25,67.5777587890625
2016-02-26,68.62548065185547
2016-03-01,68.62548065185547
2016-03-02,68.49451446533203
2016-03-03,69.14933776855469
2016-03-04,68.3635482788086
2016-03-07,67.05390167236328
2016-03-08,66.00618743896484
2016-03-09,65.61328887939453
2016-03-10,65.8752212524414
2016-03-11,66.39907836914062
2016-03-14,66.53004455566406
2016-03-15,63.77978515625
2016-03-16,65.48233032226562
2016-03-17,64.69654083251953
2016-03-18,64.69654083251953
2016-03-21,64.69654083251953
2016-03-22,63.77978515625
2016-03-23,62.863033294677734
2016-03-24,62.339176177978516
2016-03-25,61.29145812988281
2016-03-28,61.29145812988281
2016-03-29,61.160491943359375
2016-03-30,62.863033294677734
2016-03-31,62.7320671081543
2016-04-01,62.339176177978516
2016-04-06,60.50566864013672
2016-04-07,58.67216491699219
2016-04-08,59.85084533691406
2016-04-11,56.05287170410156
2016-04-12,54.48129653930664
2016-04-13,54.61225891113281
2016-04-14,55.00515365600586
2016-04-15,55.00515365600586
2016-04-18,56.96962356567383
2016-04-19,55.921905517578125
2016-04-20,54.219364166259766
2016-04-21,54.87419128417969
2016-04-22,54.219364166259766
2016-04-25,52.51682662963867
2016-04-26,53.957435607910156
2016-04-27,54.219364166259766
2016-04-28,53.3026123046875
2016-04-29,51.20718002319336
2016-05-03,49.504638671875
2016-05-04,48.4569206237793
2016-05-05,48.325958251953125
2016-05-06,47.67113494873047
2016-05-09,45.96859359741211
2016-05-10,46.75437927246094
2016-05-11,48.587886810302734
2016-05-12,48.064029693603516
2016-05-13,45.44473648071289
2016-05-16,44.26605224609375
2016-05-17,44.52798080444336
2016-05-18,43.611228942871094
2016-05-19,42.03965377807617
2016-05-20,42.30158233642578
2016-05-23,44.78990936279297
2016-05-24,44.6589469909668
2016-05-25,44.920875549316406
2016-05-26,44.920875549316406
2016-05-27,49.37367248535156
2016-05-30,47.80209732055664
2016-05-31,48.19499206542969
2016-06-01,48.718849182128906
2016-06-02,47.80209732055664
2016-06-03,47.01631164550781
2016-06-06,46.623416900634766
2016-06-07,46.623416900634766
2016-06-08,47.147274017333984
2016-06-13,44.39701843261719
2016-06-14,45.051841735839844
2016-06-15,44.78990936279297
2016-06-16,43.48026657104492
2016-06-17,44.39701843261719
2016-06-20,45.57569885253906
2016-06-21,45.051841735839844
2016-06-22,44.78990936279297
2016-06-23,44.78990936279297
2016-06-24,42.825439453125
2016-06-27,42.825439453125
2016-06-28,43.087371826171875
2016-06-29,43.21833419799805
2016-06-30,43.74219512939453
2016-07-01,43.611228942871094
2016-07-04,43.611228942871094
2016-07-05,43.48026657104492
2016-07-06,42.56351089477539
2016-07-07,41.908687591552734
2016-07-08,41.908687591552734
2016-07-11,46.09955978393555
2016-07-12,48.19499206542969
2016-07-13,47.409202575683594
2016-07-14,47.147274017333984
2016-07-15,47.409202575683594
2016-07-18,47.147274017333984
2016-07-19,47.80209732055664
2016-07-20,46.75437927246094
2016-07-21,47.54016876220703
2016-07-22,46.623416900634766
2016-07-25,45.96859359741211
2016-07-26,46.361488342285156
2016-07-27,46.361488342285156
2016-07-28,46.09955978393555
2016-07-29,46.623416900634766
2016-08-01,48.4569206237793
2016-08-02,48.19499206542969
2016-08-03,48.064029693603516
2016-08-04,48.064029693603516
2016-08-05,47.409202575683594
2016-08-08,48.718849182128906
2016-08-09,47.67113494873047
2016-08-10,46.361488342285156
2016-08-11,45.96859359741211
2016-08-12,44.52798080444336
2016-08-15,44.78990936279297
2016-08-16,46.885345458984375
2016-08-17,45.44473648071289
2016-08-18,45.44473648071289
2016-08-19,44.39701843261719
2016-08-22,43.74219512939453
2016-08-23,43.611228942871094
2016-08-24,43.611228942871094
2016-08-25,44.52798080444336
2016-08-26,44.52798080444336
2016-08-29,44.00412368774414
2016-08-30,43.74219512939453
2016-08-31,44.00412368774414
2016-09-01,44.13508987426758
2016-09-02,43.087371826171875
2016-09-05,44.00412368774414
2016-09-06,44.26605224609375
2016-09-07,45.051841735839844
2016-09-08,44.920875549316406
2016-09-09,44.6589469909668
2016-09-12,43.48026657104492
2016-09-13,42.825439453125
2016-09-14,42.69447708129883
2016-09-19,43.48026657104492
2016-09-20,43.21833419799805
2016-09-21,43.8731575012207
2016-09-22,43.48026657104492
2016-09-23,43.611228942871094
2016-09-26,43.349300384521484
2016-09-27,43.349300384521484
2016-09-28,43.349300384521484
2016-09-29,43.48026657104492
2016-09-30,43.349300384521484
2016-10-03,42.56351089477539
2016-10-04,42.95640563964844
2016-10-05,42.43254852294922
2016-10-06,42.43254852294922
2016-10-07,42.03965377807617
2016-10-11,40.8609733581543
2016-10-12,40.0751838684082
2016-10-13,39.813255310058594
2016-10-14,39.28939437866211
2016-10-17,39.28939437866211
2016-10-18,39.551326751708984
2016-10-19,39.551326751708984
2016-10-20,39.682289123535156
2016-10-21,40.0751838684082
2016-10-24,39.551326751708984
2016-10-25,39.813255310058594
2016-10-26,40.0751838684082
2016-10-27,39.944217681884766
2016-10-28,42.43254852294922
2016-10-31,43.48026657104492
2016-11-01,43.48026657104492
2016-11-02,42.30158233642578
2016-11-03,42.30158233642578
2016-11-04,42.95640563964844
2016-11-07,42.95640563964844
2016-11-08,42.95640563964844
2016-11-09,41.908687591552734
2016-11-10,42.170616149902344
2016-11-11,41.77772521972656
2016-11-14,41.77772521972656
2016-11-15,40.8609733581543
2016-11-16,40.99193572998047
2016-11-17,41.122901916503906
2016-11-18,41.122901916503906
2016-11-21,41.122901916503906
2016-11-22,45.182804107666016
2016-11-23,44.78990936279297
2016-11-24,44.13508987426758
2016-11-25,43.611228942871094
2016-11-28,43.611228942871094
2016-11-29,44.00412368774414
2016-11-30,42.95640563964844
2016-12-01,42.56351089477539
2016-12-02,42.170616149902344
2016-12-05,43.74219512939453
2016-12-06,43.48026657104492
2016-12-07,43.087371826171875
2016-12-08,43.611228942871094
2016-12-09,43.74219512939453
2016-12-12,43.087371826171875
2016-12-13,43.21833419799805
2016-12-14,43.349300384521484
2016-12-15,43.48026657104492
2016-12-16,43.21833419799805
2016-12-19,42.56351089477539
2016-12-20,42.43254852294922
2016-12-21,42.30158233642578
2016-12-22,41.51579666137695
2016-12-23,41.122901916503906
2016-12-26,41.25386428833008
2016-12-27,41.25386428833008
2016-12-28,40.99193572998047
2016-12-29,41.122901916503906
2016-12-30,41.51579666137695
2017-01-03,41.25386428833008
2017-01-04,41.384830474853516
2017-01-05,42.170616149902344
2017-01-06,42.03965377807617
2017-01-09,42.170616149902344
2017-01-10,41.646759033203125
2017-01-11,41.908687591552734
2017-01-12,41.908687591552734
2017-01-13,41.77772521972656
2017-01-16,41.384830474853516
2017-01-17,41.25386428833008
2017-01-18,41.51579666137695
2017-01-19,41.384830474853516
2017-01-20,41.122901916503906
2017-01-23,41.908687591552734
2017-01-24,43.21833419799805
2017-02-02,43.48026657104492
2017-02-03,43.611228942871094
2017-02-06,43.611228942871094
2017-02-07,43.611228942871094
2017-02-08,43.087371826171875
2017-02-09,43.48026657104492
2017-02-10,42.95640563964844
2017-02-13,42.95640563964844
2017-02-14,42.825439453125
2017-02-15,43.48026657104492
2017-02-16,43.48026657104492
2017-02-17,43.349300384521484
2017-02-20,44.78990936279297
2017-02-21,45.31377029418945
2017-02-22,44.6589469909668
2017-02-23,44.52798080444336
2017-02-24,44.13508987426758
2017-03-01,43.8731575012207
2017-03-02,43.349300384521484
2017-03-03,43.21833419799805
2017-03-06,43.611228942871094
2017-03-07,43.611228942871094
2017-03-08,43.48026657104492
2017-03-09,43.21833419799805
2017-03-10,43.087371826171875
2017-03-13,43.349300384521484
2017-03-14,43.8731575012207
2017-03-15,43.48026657104492
2017-03-16,44.26605224609375
2017-03-17,44.52798080444336
2017-03-20,43.087371826171875
2017-03-21,43.48026657104492
2017-03-22,43.21833419799805
2017-03-23,42.825439453125
2017-03-24,42.825439453125
2017-03-27,42.69447708129883
2017-03-28,42.43254852294922
2017-03-29,42.69447708129883
2017-03-30,42.95640563964844
2017-03-31,43.087371826171875
2017-04-05,43.48026657104492
2017-04-06,43.48026657104492
2017-04-07,42.56351089477539
2017-04-10,42.03965377807617
2017-04-11,42.03965377807617
2017-04-12,41.646759033203125
2017-04-13,41.646759033203125
2017-04-14,40.8609733581543
2017-04-17,40.0751838684082
2017-04-18,40.46807861328125
2017-04-19,40.206146240234375
2017-04-20,40.206146240234375
2017-04-21,40.206146240234375
2017-04-24,39.682289123535156
2017-04-25,39.813255310058594
2017-04-26,40.0751838684082
2017-04-27,40.46807861328125
2017-04-28,40.59904098510742
2017-05-02,40.73000717163086
2017-05-03,39.682289123535156
2017-05-04,39.551326751708984
2017-05-05,39.15843200683594
2017-05-08,38.50360870361328
2017-05-09,37.06299591064453
2017-05-10,38.63457107543945
2017-05-11,38.50360870361328
2017-05-12,39.15843200683594
2017-05-15,40.206146240234375
2017-05-16,40.33711242675781
2017-05-17,40.0751838684082
2017-05-18,40.0751838684082
2017-05-19,39.42036056518555
2017-05-22,40.206146240234375
2017-05-23,39.813255310058594
2017-05-24,40.206146240234375
2017-05-25,40.33711242675781
2017-05-26,39.813255310058594
2017-05-31,39.813255310058594
2017-06-01,40.0751838684082
2017-06-02,41.908687591552734
2017-06-05,42.95640563964844
2017-06-06,42.825439453125
2017-06-07,43.21833419799805
2017-06-08,42.825439453125
2017-06-09,41.77772521972656
2017-06-12,40.73000717163086
2017-06-13,40.8609733581543
2017-06-14,40.59904098510742
2017-06-15,40.33711242675781
2017-06-16,40.59904098510742
2017-06-19,40.46807861328125
2017-06-20,40.33711242675781
2017-06-21,40.59904098510742
2017-06-22,42.43254852294922
2017-06-23,41.77772521972656
2017-06-26,41.77772521972656
2017-06-27,42.170616149902344
2017-06-28,41.51579666137695
2017-06-29,42.03965377807617
2017-06-30,41.646759033203125
2017-07-03,41.646759033203125
2017-07-04,42.69447708129883
2017-07-05,41.646759033203125
2017-07-06,43.087371826171875
2017-07-07,42.69447708129883
2017-07-10,43.8731575012207
2017-07-11,43.48026657104492
2017-07-12,45.57569885253906
2017-07-13,47.67113494873047
2017-07-14,48.064029693603516
2017-07-17,47.80209732055664
2017-07-18,50.02849578857422
2017-07-19,49.11174392700195
2017-07-20,49.37367248535156
2017-07-21,49.89753341674805
2017-07-24,50.159461975097656
2017-07-25,55.1361198425293
2017-07-26,55.659976959228516
2017-07-27,54.74322509765625
2017-07-28,54.3503303527832
2017-07-31,53.826473236083984
2017-08-01,52.90972137451172
2017-08-02,52.123931884765625
2017-08-03,53.69550704956055
2017-08-04,52.647789001464844
2017-08-07,52.77875518798828
2017-08-08,51.73103713989258
2017-08-09,53.3026123046875
2017-08-10,53.957435607910156
2017-08-11,55.398048400878906
2017-08-14,49.89753341674805
2017-08-15,48.849815368652344
2017-08-16,50.81428527832031
2017-08-17,52.90972137451172
2017-08-18,52.647789001464844
2017-08-21,52.385860443115234
2017-08-22,52.647789001464844
2017-08-23,57.886375427246094
2017-08-24,59.45795440673828
2017-08-25,60.37470626831055
2017-08-28,61.94628143310547
2017-08-29,61.94628143310547
2017-08-30,59.9818115234375
2017-08-31,60.76759719848633
2017-09-01,61.55338668823242
2017-09-04,60.76759719848633
2017-09-05,61.55338668823242
2017-09-06,59.45795440673828
2017-09-07,56.57672882080078
2017-09-08,57.624446868896484
2017-09-11,56.31480026245117
2017-09-12,56.83865737915039
2017-09-13,56.31480026245117
2017-09-14,55.659976959228516
2017-09-15,53.43357849121094
2017-09-18,54.74322509765625
2017-09-19,52.90972137451172
2017-09-20,51.33814239501953
2017-09-21,52.123931884765625
2017-09-22,51.862003326416016
2017-09-25,49.76656723022461
2017-09-26,50.421390533447266
2017-09-27,51.07621383666992
2017-09-28,49.76656723022461
2017-09-29,48.587886810302734
2017-10-02,50.94525146484375
2017-10-03,50.421390533447266
2017-10-05,50.290428161621094
2017-10-06,49.76656723022461
2017-10-11,49.37367248535156
2017-10-12,51.33814239501953
2017-10-13,53.69550704956055
2017-10-16,53.17164993286133
2017-10-17,51.99296569824219
2017-10-18,51.33814239501953
2017-10-19,51.862003326416016
2017-10-20,50.68332290649414
2017-10-23,49.89753341674805
2017-10-24,49.63560485839844
2017-10-25,48.849815368652344
2017-10-26,51.600074768066406
2017-10-27,52.25489807128906
2017-10-30,50.159461975097656
2017-10-31,50.02849578857422
2017-11-01,50.159461975097656
2017-11-02,51.20718002319336
2017-11-03,50.290428161621094
2017-11-06,49.63560485839844
2017-11-07,50.421390533447266
2017-11-08,54.48129653930664
2017-11-09,51.20718002319336
2017-11-10,52.385860443115234
2017-11-13,52.77875518798828
2017-11-14,53.04068374633789
2017-11-15,50.290428161621094
2017-11-16,49.24271011352539
2017-11-17,48.98078155517578
2017-11-20,44.6589469909668
2017-11-21,45.182804107666016
2017-11-22,42.43254852294922
2017-11-23,43.74219512939453
2017-11-24,43.611228942871094
2017-11-27,43.21833419799805
2017-11-28,43.087371826171875
2017-11-29,44.52798080444336
2017-11-30,45.7066650390625
2017-12-01,44.26605224609375
2017-12-04,43.611228942871094
2017-12-05,43.349300384521484
2017-12-06,41.646759033203125
2017-12-07,41.646759033203125
2017-12-08,42.43254852294922
2017-12-11,42.170616149902344
2017-12-12,41.51579666137695
2017-12-13,41.908687591552734
2017-12-14,44.13508987426758
2017-12-15,43.74219512939453
2017-12-18,44.26605224609375
2017-12-19,45.051841735839844
2017-12-20,44.39701843261719
2017-12-21,44.6589469909668
2017-12-22,44.920875549316406
2017-12-25,44.78990936279297
2017-12-26,44.26605224609375
2017-12-27,43.611228942871094
2017-12-28,44.39701843261719
2017-12-29,44.39701843261719
2018-01-02,45.182804107666016
2018-01-03,44.52798080444336
2018-01-04,45.83762741088867
2018-01-05,45.83762741088867
2018-01-08,44.52798080444336
2018-01-09,44.39701843261719
2018-01-10,43.087371826171875
2018-01-11,43.21833419799805
2018-01-12,43.8731575012207
2018-01-15,43.349300384521484
2018-01-16,44.13508987426758
2018-01-17,47.27824020385742
2018-01-18,47.67113494873047
2018-01-19,47.67113494873047
2018-01-22,48.064029693603516
2018-01-23,47.80209732055664
2018-01-24,48.325958251953125
2018-01-25,50.159461975097656
2018-01-26,49.89753341674805
2018-01-29,48.4569206237793
2018-01-30,47.80209732055664
2018-01-31,47.80209732055664
2018-02-01,47.01631164550781
2018-02-02,46.885345458984375
2018-02-05,45.7066650390625
2018-02-06,42.170616149902344
2018-02-07,42.43254852294922
2018-02-08,41.384830474853516
2018-02-09,39.944217681884766
2018-02-12,40.8609733581543
2018-02-21,42.30158233642578
2018-02-22,43.21833419799805
2018-02-23,43.48026657104492
2018-02-26,43.611228942871094
2018-02-27,43.21833419799805
2018-03-01,43.8731575012207
2018-03-02,43.087371826171875
2018-03-05,42.56351089477539
2018-03-06,42.825439453125
2018-03-07,42.825439453125
2018-03-08,44.52798080444336
2018-03-09,44.52798080444336
2018-03-12,43.21833419799805
2018-03-13,43.21833419799805
2018-03-14,42.95640563964844
2018-03-15,42.56351089477539
2018-03-16,42.03965377807617
2018-03-19,42.03965377807617
2018-03-20,42.03965377807617
2018-03-21,41.908687591552734
2018-03-22,41.77772521972656
2018-03-23,40.59904098510742
2018-03-26,39.813255310058594
2018-03-27,39.944217681884766
2018-03-28,40.59904098510742
2018-03-29,39.944217681884766
2018-03-30,40.0751838684082
2018-04-02,39.42036056518555
2018-04-03,39.28939437866211
2018-04-09,38.50360870361328
2018-04-10,38.24168014526367
2018-04-11,37.586856842041016
2018-04-12,37.9797477722168
2018-04-13,38.50360870361328
2018-04-16,38.24168014526367
2018-04-17,37.586856842041016
2018-04-18,37.9797477722168
2018-04-19,38.24168014526367
2018-04-20,37.71781921386719
2018-04-23,38.110713958740234
2018-04-24,36.2772102355957
2018-04-25,35.62238311767578
2018-04-26,34.96756362915039
2018-04-27,34.83659744262695
2018-04-30,35.36045455932617
2018-05-02,36.2772102355957
2018-05-03,36.408172607421875
2018-05-04,36.01527786254883
2018-05-07,36.146244049072266
2018-05-08,37.32492446899414
2018-05-09,37.586856842041016
2018-05-10,36.93203353881836
2018-05-11,36.408172607421875
2018-05-14,37.32492446899414
2018-05-15,36.670101165771484
2018-05-16,35.62238311767578
2018-05-17,35.49142074584961
2018-05-18,36.01527786254883
2018-05-21,38.50360870361328
2018-05-22,37.9797477722168
2018-05-23,38.372642517089844
2018-05-24,38.110713958740234
2018-05-25,37.9797477722168
2018-05-28,37.848785400390625
2018-05-29,38.76553726196289
2018-05-30,38.76553726196289
2018-05-31,38.50360870361328
2018-06-01,38.63457107543945
2018-06-04,39.42036056518555
2018-06-05,39.0274658203125
2018-06-06,41.122901916503906
2018-06-07,40.46807861328125
2018-06-08,40.206146240234375
2018-06-11,42.170616149902344
2018-06-12,42.170616149902344
2018-06-13,40.8609733581543
2018-06-14,41.122901916503906
2018-06-15,40.99193572998047
2018-06-19,40.59904098510742
2018-06-20,40.8609733581543
2018-06-21,41.51579666137695
2018-06-22,41.908687591552734
2018-06-25,41.122901916503906
2018-06-26,43.74219512939453
2018-06-27,42.95640563964844
2018-06-28,42.03965377807617
2018-06-29,41.908687591552734
2018-07-02,43.087371826171875
2018-07-03,42.95640563964844
2018-07-04,42.03965377807617
2018-07-05,39.551326751708984
2018-07-06,39.15843200683594
2018-07-09,39.682289123535156
2018-07-10,38.76553726196289
2018-07-11,38.63457107543945
2018-07-12,38.50360870361328
2018-07-13,38.50360870361328
2018-07-16,38.110713958740234
2018-07-17,37.9797477722168
2018-07-18,37.45589065551758
2018-07-19,37.19396209716797
2018-07-20,36.80106735229492
2018-07-23,36.2772102355957
2018-07-24,36.670101165771484
2018-07-25,36.80106735229492
2018-07-26,37.19396209716797
2018-07-27,37.19396209716797
2018-07-30,36.80106735229492
2018-07-31,36.80106735229492
2018-08-01,37.06299591064453
2018-08-02,36.670101165771484
2018-08-03,37.32492446899414
2018-08-06,37.19396209716797
2018-08-07,37.19396209716797
2018-08-08,37.45589065551758
2018-08-09,38.24168014526367
2018-08-10,37.06299591064453
2018-08-13,35.49142074584961
2018-08-14,34.705631256103516
2018-08-15,34.83659744262695
2018-08-16,34.312740325927734
2018-08-17,34.312740325927734
2018-08-20,34.1817741394043
2018-08-21,34.443702697753906
2018-08-22,34.574668884277344
2018-08-23,34.574668884277344
2018-08-24,34.312740325927734
2018-08-27,34.705631256103516
2018-08-28,34.83659744262695
2018-08-29,34.705631256103516
2018-08-30,34.83659744262695
2018-08-31,34.83659744262695
2018-09-03,34.705631256103516
2018-09-04,34.312740325927734
2018-09-05,34.312740325927734
2018-09-06,34.050811767578125
2018-09-07,32.74116134643555
2018-09-10,30.645729064941406
2018-09-11,31.169586181640625
2018-09-12,30.5147647857666
2018-09-13,30.907657623291016
2018-09-14,31.431516647338867
2018-09-17,31.431516647338867
2018-09-18,31.562480926513672
2018-09-19,32.348270416259766
2018-09-20,32.086341857910156
2018-09-21,32.086341857910156
2018-09-25,32.47923278808594
2018-09-26,32.872127532958984
2018-09-27,32.610198974609375
2018-09-28,33.00309371948242
2018-10-01,33.3959846496582
2018-10-02,33.52695083618164
2018-10-03,33.78887939453125
2018-10-04,33.134056091308594
2018-10-05,31.82440948486328
2018-10-08,31.431516647338867
2018-10-09,31.169586181640625
2018-10-11,28.157400131225586
2018-10-12,26.847753524780273
2018-10-15,27.24064826965332
2018-10-16,27.371612548828125
2018-10-17,27.50257682800293
2018-10-18,27.633541107177734
2018-10-19,27.109682083129883
2018-10-22,27.76450538635254
2018-10-23,26.847753524780273
2018-10-24,26.71678924560547
2018-10-25,24.988056182861328
2018-10-26,23.6522159576416
2018-10-29,23.835567474365234
2018-10-30,23.599830627441406
2018-10-31,24.202268600463867
2018-11-01,25.145212173461914
2018-11-02,25.931001663208008
2018-11-05,26.140544891357422
2018-11-06,26.140544891357422
2018-11-07,26.323894500732422
2018-11-08,26.58582305908203
2018-11-09,26.58582305908203
2018-11-12,26.978717803955078
2018-11-13,26.192930221557617
2018-11-14,27.50257682800293
2018-11-15,27.109682083129883
2018-11-16,27.109682083129883
2018-11-19,27.50257682800293
2018-11-20,27.50257682800293
2018-11-21,27.633541107177734
2018-11-22,27.633541107177734
2018-11-23,26.978717803955078
2018-11-26,27.50257682800293
2018-11-27,27.76450538635254
2018-11-28,30.5147647857666
2018-11-29,30.25283432006836
2018-11-30,30.121870040893555
2018-12-03,30.5147647857666
2018-12-04,31.169586181640625
2018-12-05,31.562480926513672
2018-12-06,30.383798599243164
2018-12-07,31.038623809814453
2018-12-10,29.859941482543945
2018-12-11,31.693445205688477
2018-12-12,31.431516647338867
2018-12-13,32.610198974609375
2018-12-14,31.95537567138672
2018-12-17,31.038623809814453
2018-12-18,31.300552368164062
2018-12-19,30.5147647857666
2018-12-20,30.25283432006836
2018-12-21,30.25283432006836
2018-12-24,29.99090576171875
2018-12-25,29.598011016845703
2018-12-26,28.812223434448242
2018-12-27,28.943187713623047
2018-12-28,29.205116271972656
2019-01-02,30.383798599243164
2019-01-03,29.859941482543945
2019-01-04,30.645729064941406
2019-01-07,31.300552368164062
2019-01-08,30.77669334411621
2019-01-09,30.77669334411621
2019-01-10,30.907657623291016
2019-01-11,30.77669334411621
2019-01-14,29.859941482543945
2019-01-15,30.121870040893555
2019-01-16,30.25283432006836
2019-01-17,29.99090576171875
2019-01-18,31.431516647338867
2019-01-21,30.77669334411621
2019-01-22,29.99090576171875
2019-01-23,29.99090576171875
2019-01-24,30.121870040893555
2019-01-25,30.5147647857666
2019-01-28,30.5147647857666
2019-01-29,30.25283432006836
2019-01-30,29.728975296020508
2019-02-11,29.99090576171875
2019-02-12,30.121870040893555
2019-02-13,30.5147647857666
2019-02-14,31.038623809814453
2019-02-15,30.5147647857666
2019-02-18,31.169586181640625
2019-02-19,33.00309371948242
2019-02-20,32.348270416259766
2019-02-21,33.91984558105469
2019-02-22,33.78887939453125
2019-02-25,33.26502227783203
2019-02-26,33.00309371948242
2019-02-27,32.74116134643555
2019-03-04,32.610198974609375
2019-03-05,32.872127532958984
2019-03-06,32.74116134643555
2019-03-07,32.086341857910156
2019-03-08,31.82440948486328
2019-03-11,31.82440948486328
2019-03-12,31.95537567138672
2019-03-13,32.74116134643555
2019-03-14,32.610198974609375
2019-03-15,32.47923278808594
2019-03-18,33.00309371948242
2019-03-19,33.65791702270508
2019-03-20,33.26502227783203
2019-03-21,33.26502227783203
2019-03-22,36.408172607421875
2019-03-25,35.75334930419922
2019-03-26,35.36045455932617
2019-03-27,36.53913879394531
2019-03-28,35.49142074584961
2019-03-29,35.49142074584961
2019-04-01,34.96756362915039
2019-04-02,34.96756362915039
2019-04-03,35.2294921875
2019-04-08,35.36045455932617
2019-04-09,34.96756362915039
2019-04-10,34.96756362915039
2019-04-11,34.050811767578125
2019-04-12,33.00309371948242
2019-04-15,33.26502227783203
2019-04-16,34.443702697753906
2019-04-17,33.78887939453125
2019-04-18,33.134056091308594
2019-04-19,33.26502227783203
2019-04-22,32.74116134643555
2019-04-23,33.26502227783203
2019-04-24,32.872127532958984
2019-04-25,32.872127532958984
2019-04-26,31.562480926513672
2019-04-29,31.431516647338867
2019-04-30,28.28836441040039
2019-05-02,27.50257682800293
2019-05-03,27.633541107177734
2019-05-06,26.323894500732422
2019-05-07,26.71678924560547
2019-05-08,26.323894500732422
2019-05-09,25.171405792236328
2019-05-10,24.77851104736328
2019-05-13,23.99272346496582
2019-05-14,25.380949020385742
2019-05-15,24.961862564086914
2019-05-16,24.359424591064453
2019-05-17,23.88795280456543
2019-05-20,22.499727249145508
2019-05-21,23.311708450317383
2019-05-22,23.180742263793945
2019-05-23,23.337900161743164
2019-05-24,24.5689697265625
2019-05-27,24.280845642089844
2019-05-28,24.385618209838867
2019-05-29,24.359424591064453
2019-05-30,24.59516143798828
2019-05-31,24.83089828491211
2019-06-03,24.280845642089844
2019-06-04,24.123689651489258
2019-06-05,24.202268600463867
2019-06-06,24.438003540039062
2019-06-10,24.097496032714844
2019-06-11,24.333232879638672
2019-06-12,25.95719337463379
2019-06-13,24.961862564086914
2019-06-14,25.302370071411133
2019-06-17,25.433334350585938
2019-06-18,25.09282684326172
2019-06-19,25.407142639160156
2019-06-20,25.433334350585938
2019-06-21,24.961862564086914
2019-06-24,24.516582489013672
2019-06-25,23.99272346496582
2019-06-26,24.097496032714844
2019-06-27,24.254653930664062
2019-06-28,24.542776107788086
2019-07-01,24.647546768188477
2019-07-02,24.961862564086914
2019-07-03,24.621353149414062
2019-07-04,25.380949020385742
2019-07-05,24.961862564086914
2019-07-08,24.699932098388672
2019-07-09,24.018917083740234
2019-07-10,23.940338134765625
2019-07-11,24.359424591064453
2019-07-12,26.71678924560547
2019-07-15,29.074153900146484
2019-07-16,29.336082458496094
2019-07-17,30.645729064941406
2019-07-18,31.169586181640625
2019-07-19,32.74116134643555
2019-07-22,31.95537567138672
2019-07-23,30.77669334411621
2019-07-24,31.169586181640625
2019-07-25,31.693445205688477
2019-07-26,30.5147647857666
2019-07-29,30.121870040893555
2019-07-30,28.943187713623047
2019-07-31,29.598011016845703
2019-08-01,29.336082458496094
2019-08-02,28.550294876098633
2019-08-05,27.76450538635254
2019-08-06,27.50257682800293
2019-08-07,26.323894500732422
2019-08-08,28.943187713623047
2019-08-12,30.907657623291016
2019-08-13,29.598011016845703
2019-08-14,29.598011016845703
2019-08-15,29.074153900146484
2019-08-16,29.598011016845703
2019-08-19,30.25283432006836
2019-08-20,29.99090576171875
2019-08-21,30.5147647857666
2019-08-22,29.859941482543945
2019-08-23,30.121870040893555
2019-08-26,29.728975296020508
2019-08-27,29.99090576171875
2019-08-28,30.25283432006836
2019-08-29,30.645729064941406
2019-08-30,30.25283432006836
2019-09-02,30.383798599243164
2019-09-03,29.99090576171875
2019-09-04,31.169586181640625
2019-09-05,30.77669334411621
2019-09-06,30.645729064941406
2019-09-10,29.728975296020508
2019-09-11,29.728975296020508
2019-09-12,29.859941482543945
2019-09-16,29.4670467376709
2019-09-17,29.4670467376709
2019-09-18,29.336082458496094
2019-09-19,30.645729064941406
2019-09-20,33.65791702270508
2019-09-23,36.670101165771484
2019-09-24,37.45589065551758
2019-09-25,37.9797477722168
2019-09-26,37.32492446899414
2019-09-27,35.2294921875
2019-10-01,35.36045455932617
2019-10-02,36.670101165771484
2019-10-03,35.884315490722656
2019-10-04,36.670101165771484
2019-10-07,37.45589065551758
2019-10-08,36.93203353881836
2019-10-09,37.45589065551758
2019-10-14,35.62238311767578
2019-10-15,35.49142074584961
2019-10-16,35.62238311767578
2019-10-17,35.49142074584961
2019-10-18,35.09852600097656
2019-10-21,33.65791702270508
2019-10-22,33.00309371948242
2019-10-23,33.3959846496582
2019-10-24,33.39601516723633
2019-10-25,33.39601516723633
2019-10-28,33.39601516723633
2019-10-29,33.39601516723633
2019-10-30,33.39601516723633
2019-10-31,33.39601516723633
2019-11-01,33.39601516723633
2019-11-04,34.58333206176758
2019-11-05,31.5
2019-11-06,30.5
2019-11-07,29.75
2019-11-08,30.25
2019-11-11,28.5
2019-11-12,28.91666603088379
2019-11-13,29.583332061767578
2019-11-14,29.66666603088379
2019-11-15,29.41666603088379
2019-11-18,32.33333206176758
2019-11-19,32.25
2019-11-20,31.833332061767578
2019-11-21,31.833332061767578
2019-11-22,31.25
2019-11-25,32.5
2019-11-26,31.833332061767578
2019-11-27,31.66666603088379
2019-11-28,30.75
2019-11-29,30.66666603088379
2019-12-02,29.833332061767578
2019-12-03,30.333332061767578
2019-12-04,29.91666603088379
2019-12-05,29.833332061767578
2019-12-06,30.16666603088379
2019-12-09,30.083332061767578
2019-12-10,29.833332061767578
2019-12-11,30.66666603088379
2019-12-12,29.833332061767578
2019-12-13,30.083332061767578
2019-12-16,30.333332061767578
2019-12-17,32.0
2019-12-18,31.41666603088379
2019-12-19,31.5
2019-12-20,31.16666603088379
2019-12-23,30.333332061767578
2019-12-24,29.91666603088379
2019-12-25,30.083332061767578
2019-12-26,30.16666603088379
2019-12-27,29.91666603088379
2019-12-30,30.0
2019-12-31,29.833332061767578
2020-01-02,30.0
2020-01-03,29.583332061767578
2020-01-06,28.91666603088379
2020-01-07,28.66666603088379
2020-01-08,28.583332061767578
2020-01-09,30.66666603088379
2020-01-10,29.66666603088379
2020-01-13,29.833332061767578
2020-01-14,31.0
2020-01-15,30.083332061767578
2020-01-16,30.333332061767578
2020-01-17,30.41666603088379
2020-01-20,30.333332061767578
2020-01-30,27.333332061767578
2020-01-31,26.583332061767578
2020-02-03,24.833332061767578
2020-02-04,26.5
2020-02-05,27.0
2020-02-06,27.583332061767578
2020-02-07,26.583332061767578
2020-02-10,26.833332061767578
2020-02-11,26.5
2020-02-12,27.083332061767578
2020-02-13,27.083332061767578
2020-02-14,27.833332061767578
2020-02-17,27.833332061767578
2020-02-18,28.583332061767578
2020-02-19,29.083332061767578
2020-02-20,29.91666603088379
2020-02-21,29.66666603088379
2020-02-24,29.583332061767578
2020-02-25,30.0
2020-02-26,29.583332061767578
2020-02-27,28.16666603088379
2020-03-02,28.5
2020-03-03,29.083332061767578
2020-03-04,29.91666603088379
2020-03-05,29.833332061767578
2020-03-06,30.083332061767578
2020-03-09,28.91666603088379
2020-03-10,28.583332061767578
2020-03-11,30.333332061767578
2020-03-12,29.16666603088379
2020-03-13,26.333332061767578
2020-03-16,23.833332061767578
2020-03-17,21.833332061767578
2020-03-18,21.333332061767578
2020-03-19,19.25
2020-03-20,20.583332061767578
2020-03-23,18.66666603088379
2020-03-24,19.91666603088379
2020-03-25,20.66666603088379
2020-03-26,20.833332061767578
2020-03-27,20.41666603088379
2020-03-30,20.75
2020-03-31,20.583332061767578
2020-04-01,21.16666603088379
2020-04-06,21.583332061767578
2020-04-07,22.5
2020-04-08,23.25
2020-04-09,22.833332061767578
2020-04-10,23.41666603088379
2020-04-13,22.833332061767578
2020-04-14,23.75
2020-04-15,24.0
2020-04-16,24.25
2020-04-17,23.75
2020-04-20,24.833332061767578
2020-04-21,24.083332061767578
2020-04-22,24.333332061767578
2020-04-23,25.0
2020-04-24,24.41666603088379
2020-04-27,24.91666603088379
2020-04-28,24.91666603088379
2020-04-29,25.41666603088379
2020-04-30,25.75
2020-05-04,25.833332061767578
2020-05-05,26.41666603088379
2020-05-06,27.083332061767578
2020-05-07,28.083332061767578
2020-05-08,27.91666603088379
2020-05-11,27.75
2020-05-12,27.0
2020-05-13,28.41666603088379
2020-05-14,27.5
2020-05-15,28.41666603088379
2020-05-18,28.0
2020-05-19,28.333332061767578
2020-05-20,28.41666603088379
2020-05-21,28.333332061767578
2020-05-22,27.75
2020-05-25,28.583332061767578
2020-05-26,28.083332061767578
2020-05-27,28.083332061767578
2020-05-28,27.75
2020-05-29,27.833332061767578
2020-06-01,30.16666603088379
2020-06-02,30.0
2020-06-03,29.91666603088379
2020-06-04,29.583332061767578
2020-06-05,29.66666603088379
2020-06-08,29.41666603088379
2020-06-09,29.66666603088379
2020-06-10,29.333332061767578
2020-06-11,29.583332061767578
2020-06-12,30.0
2020-06-15,29.25
2020-06-16,29.833332061767578
2020-06-17,30.16666603088379
2020-06-18,31.66666603088379
2020-06-19,34.83333206176758
2020-06-22,38.25
2020-06-23,39.416664123535156
2020-06-24,39.666664123535156
2020-06-29,39.33333206176758
2020-06-30,36.666664123535156
2020-07-01,40.33333206176758
2020-07-02,44.33333206176758
2020-07-03,48.75
2020-07-06,53.58333206176758
2020-07-07,57.0
2020-07-08,55.0
2020-07-09,52.33333206176758
2020-07-10,48.25
2020-07-13,49.33333206176758
2020-07-14,46.5
2020-07-15,45.83333206176758
2020-07-16,46.916664123535156
2020-07-17,45.666664123535156
2020-07-20,45.75
2020-07-21,49.0
2020-07-22,49.33333206176758
2020-07-23,48.666664123535156
2020-07-24,53.5
2020-07-27,50.666664123535156
2020-07-28,45.666664123535156
2020-07-29,45.416664123535156
2020-07-30,47.166664123535156
2020-07-31,46.33333206176758
2020-08-03,46.666664123535156
2020-08-04,46.5
2020-08-05,47.5
2020-08-06,47.75
2020-08-07,46.83333206176758
2020-08-10,46.5
2020-08-11,44.666664123535156
2020-08-12,44.83333206176758
2020-08-13,44.75
2020-08-14,46.33333206176758
2020-08-17,47.33333206176758
2020-08-18,43.666664123535156
2020-08-19,43.33333206176758
2020-08-20,39.75
2020-08-21,41.0
2020-08-24,40.75
2020-08-25,41.25
2020-08-26,41.416664123535156
2020-08-27,40.75
2020-08-28,40.33333206176758
2020-08-31,39.58333206176758
2020-09-01,40.58333206176758
2020-09-02,42.08333206176758
2020-09-03,41.166664123535156
2020-09-04,41.08333206176758
2020-09-07,40.33333206176758
2020-09-08,40.33333206176758
2020-09-09,41.166664123535156
2020-09-10,40.25
2020-09-11,40.33333206176758
2020-09-14,44.33333206176758
2020-09-15,43.75
2020-09-16,41.83333206176758
2020-09-17,41.916664123535156
2020-09-18,42.416664123535156
2020-09-21,41.25
2020-09-22,40.166664123535156
2020-09-23,40.25
2020-09-24,39.166664123535156
2020-09-25,37.166664123535156
2020-09-28,38.166664123535156
2020-09-29,37.75
2020-09-30,38.58333206176758
2020-10-05,38.58333206176758
2020-10-06,39.25
2020-10-07,40.5
2020-10-08,41.0
2020-10-12,41.33333206176758
2020-10-13,40.83333206176758
2020-10-14,41.0
2020-10-15,40.83333206176758
2020-10-16,40.25
2020-10-19,40.666664123535156
2020-10-20,41.25
2020-10-21,45.33333206176758
2020-10-22,42.666664123535156
2020-10-23,46.916664123535156
2020-10-26,49.33333206176758
2020-10-27,48.33333206176758
2020-10-28,49.33333206176758
2020-10-29,50.416664123535156
2020-10-30,48.08333206176758
2020-11-02,46.916664123535156
2020-11-03,48.166664123535156
2020-11-04,47.58333206176758
2020-11-05,47.916664123535156
2020-11-06,47.916664123535156
2020-11-09,47.166664123535156
2020-11-10,45.83333206176758
2020-11-11,45.416664123535156
2020-11-12,46.08333206176758
2020-11-13,46.25
2020-11-16,46.83333206176758
2020-11-17,48.08333206176758
2020-11-18,48.58333206176758
2020-11-19,53.416664123535156
2020-11-20,57.08333206176758
2020-11-23,57.416664123535156
2020-11-24,53.916664123535156
2020-11-25,54.83333206176758
2020-11-26,52.666664123535156
2020-11-27,52.666664123535156
2020-11-30,51.33333206176758
2020-12-01,53.83333206176758
2020-12-02,51.666664123535156
2020-12-03,51.166664123535156
2020-12-04,51.5
2020-12-07,50.58333206176758
2020-12-08,53.916664123535156
2020-12-09,53.75
2020-12-10,53.0
2020-12-11,51.25
2020-12-14,51.83333206176758
2020-12-15,50.166664123535156
2020-12-16,50.83333206176758
2020-12-17,50.666664123535156
2020-12-18,50.5
2020-12-21,50.83333206176758
2020-12-22,50.0
2020-12-23,51.83333206176758
2020-12-24,52.166664123535156
2020-12-25,52.666664123535156
2020-12-28,52.416664123535156
2020-12-29,51.0
2020-12-30,52.58333206176758
2020-12-31,52.166664123535156
2021-01-04,55.83333206176758
2021-01-05,53.916664123535156
2021-01-06,50.666664123535156
2021-01-07,51.0
2021-01-08,50.75
2021-01-11,48.5
2021-01-12,47.25
2021-01-13,48.0
2021-01-14,49.416664123535156
2021-01-15,47.666664123535156
2021-01-18,47.0
2021-01-19,47.166664123535156
2021-01-20,44.666664123535156
2021-01-21,44.83333206176758
2021-01-22,45.666664123535156
2021-01-25,45.75
2021-01-26,45.33333206176758
2021-01-27,45.666664123535156
2021-01-28,44.33333206176758
2021-01-29,42.75
2021-02-01,43.25
2021-02-02,44.5
2021-02-03,44.83333206176758
2021-02-04,44.83333206176758
2021-02-05,44.83333206176758
2021-02-17,47.0
2021-02-18,49.916664123535156
2021-02-19,48.58333206176758
2021-02-22,48.166664123535156
2021-02-23,48.33333206176758
2021-02-24,47.75
2021-02-25,47.33333206176758
2021-02-26,47.416664123535156
2021-03-02,47.25
2021-03-03,46.416664123535156
2021-03-04,47.666664123535156
2021-03-05,47.5
2021-03-08,46.0
2021-03-09,44.58333206176758
2021-03-10,45.416664123535156
2021-03-11,46.166664123535156
2021-03-12,46.5
2021-03-15,51.08333206176758
2021-03-16,51.75
2021-03-17,49.75
2021-03-18,49.916664123535156
2021-03-19,50.25
2021-03-22,51.25
2021-03-23,49.666664123535156
2021-03-24,49.25
2021-03-25,49.0
2021-03-26,49.08333206176758
2021-03-29,49.166664123535156
2021-03-30,49.33333206176758
2021-03-31,50.416664123535156
2021-04-01,50.916664123535156
2021-04-07,52.58333206176758
2021-04-08,54.166664123535156
2021-04-09,52.416664123535156
2021-04-12,52.33333206176758
2021-04-13,51.08333206176758
2021-04-14,49.58333206176758
2021-04-15,50.75
2021-04-16,50.416664123535156
2021-04-19,50.0
2021-04-20,51.416664123535156
2021-04-21,52.916664123535156
2021-04-22,50.33333206176758
2021-04-23,52.416664123535156
2021-04-26,52.5
2021-04-27,52.25
2021-04-28,53.08333206176758
2021-04-29,58.33333206176758
2021-05-03,52.5
2021-05-04,48.25
2021-05-05,46.666664123535156
2021-05-06,46.0
2021-05-07,47.83333206176758
2021-05-10,46.25
2021-05-11,42.5
2021-05-12,38.25
2021-05-13,38.25
2021-05-14,38.08333206176758
2021-05-17,34.33333206176758
2021-05-18,37.75
2021-05-19,39.916664123535156
2021-05-20,38.83333206176758
2021-05-21,40.08333206176758
2021-05-24,41.416664123535156
2021-05-25,42.33333206176758
2021-05-26,42.416664123535156
2021-05-27,42.75
2021-05-28,43.416664123535156
2021-05-31,44.166664123535156
2021-06-01,45.5
2021-06-02,44.83333206176758
2021-06-03,45.33333206176758
2021-06-04,43.83333206176758
2021-06-07,44.0
2021-06-08,44.416664123535156
2021-06-09,45.0
2021-06-10,45.916664123535156
2021-06-11,45.5
2021-06-15,45.916664123535156
2021-06-16,44.58333206176758
2021-06-17,45.83333206176758
2021-06-18,45.166664123535156
2021-06-21,43.666664123535156
2021-06-22,43.75
2021-06-23,46.166664123535156
2021-06-24,47.5
2021-06-25,46.666664123535156
2021-06-28,46.666664123535156
2021-06-29,45.666664123535156
2021-06-30,45.75
2021-07-01,45.166664123535156
2021-07-02,46.08333206176758
2021-07-05,47.166664123535156
2021-07-06,46.58333206176758
2021-07-07,46.5
2021-07-08,46.916664123535156
2021-07-09,47.33333206176758
2021-07-12,50.0
2021-07-13,48.666664123535156
2021-07-14,51.666664123535156
2021-07-15,49.58333206176758
2021-07-16,49.25
2021-07-19,48.33333206176758
2021-07-20,47.666664123535156
2021-07-21,49.75
2021-07-22,53.58333206176758
2021-07-23,54.58333206176758
2021-07-26,53.25
2021-07-27,50.666664123535156
2021-07-28,48.416664123535156
2021-07-29,49.08333206176758
2021-07-30,49.416664123535156
2021-08-02,49.5
2021-08-03,51.166664123535156
2021-08-04,50.666664123535156
2021-08-05,50.83333206176758
2021-08-06,51.08333206176758
2021-08-09,49.33333206176758
2021-08-10,49.25
2021-08-11,47.166664123535156
2021-08-12,48.916664123535156
2021-08-13,46.666664123535156
2021-08-16,44.83333206176758
2021-08-17,44.83333206176758
2021-08-18,45.666664123535156
2021-08-19,43.33333206176758
2021-08-20,42.916664123535156
2021-08-23,45.08333206176758
2021-08-24,45.0
2021-08-25,47.416664123535156
2021-08-26,48.33333206176758
2021-08-27,48.0
2021-08-30,48.5
2021-08-31,49.25
2021-09-01,50.25
2021-09-02,50.25
2021-09-03,50.416664123535156
2021-09-06,48.5
2021-09-07,48.166664123535156
2021-09-08,47.25
2021-09-09,48.666664123535156
2021-09-10,50.416664123535156
2021-09-13,48.83333206176758
2021-09-14,48.25
2021-09-15,46.916664123535156
2021-09-16,45.08333206176758
2021-09-17,45.58333206176758
2021-09-22,44.666664123535156
2021-09-23,44.5
2021-09-24,45.0
2021-09-27,45.166664123535156
2021-09-28,44.166664123535156
2021-09-29,42.5
2021-09-30,43.25
2021-10-01,40.58333206176758
2021-10-04,39.166664123535156
2021-10-05,40.5
2021-10-06,39.5
2021-10-07,42.666664123535156
2021-10-08,42.5
2021-10-12,41.166664123535156
2021-10-13,41.166664123535156
2021-10-14,41.08333206176758
2021-10-15,41.58333206176758
2021-10-18,42.25
2021-10-19,43.166664123535156
2021-10-20,43.166664123535156
2021-10-21,43.25
2021-10-22,44.0
2021-10-25,44.166664123535156
2021-10-26,44.08333206176758
2021-10-27,45.25
2021-10-28,45.666664123535156
2021-10-29,47.416664123535156
2021-11-01,46.666664123535156
2021-11-02,45.416664123535156
2021-11-03,45.83333206176758
2021-11-04,46.416664123535156
2021-11-05,45.83333206176758
2021-11-08,46.25
2021-11-09,46.666664123535156
2021-11-10,49.08333206176758
2021-11-11,47.666664123535156
2021-11-12,47.916664123535156
2021-11-15,51.83333206176758
2021-11-16,57.0
2021-11-17,62.666664123535156
2021-11-18,64.16666412353516
2021-11-19,65.33333587646484
2021-11-22,64.66666412353516
2021-11-23,58.25
2021-11-24,59.83333206176758
2021-11-25,58.0
2021-11-26,54.75
2021-11-29,55.166664123535156
2021-11-30,56.5
2021-12-01,58.0
2021-12-02,55.916664123535156
2021-12-03,57.58333206176758
2021-12-06,55.666664123535156
2021-12-07,54.33333206176758
2021-12-08,56.58333206176758
2021-12-09,57.5
2021-12-10,55.5
2021-12-13,57.0
2021-12-14,53.83333206176758
2021-12-15,54.666664123535156
2021-12-16,60.08333206176758
2021-12-17,56.08333206176758
2021-12-20,60.08333206176758
2021-12-21,64.08333587646484
2021-12-22,64.16666412353516
2021-12-23,63.0
2021-12-24,64.75
2021-12-27,71.16666412353516
2021-12-28,67.5
2021-12-29,70.16666412353516
2021-12-30,69.91666412353516
2022-01-03,68.58333587646484
2022-01-04,67.08333587646484
2022-01-05,65.83333587646484
2022-01-06,65.83333587646484
2022-01-07,62.25
2022-01-10,64.08333587646484
2022-01-11,62.58333206176758
2022-01-12,62.416664123535156
2022-01-13,61.83333206176758
2022-01-14,59.916664123535156
2022-01-17,62.166664123535156
2022-01-18,62.0
2022-01-19,63.08333206176758
2022-01-20,67.25
2022-01-21,63.0
2022-01-24,60.5
2022-01-25,59.166664123535156
2022-01-26,57.83333206176758
2022-02-07,60.08333206176758
2022-02-08,62.166664123535156
2022-02-09,64.66666412353516
2022-02-10,64.0
2022-02-11,66.33333587646484
2022-02-14,64.58333587646484
2022-02-15,58.166664123535156
2022-02-16,58.33333206176758
2022-02-17,56.25
2022-02-18,56.75
2022-02-21,55.916664123535156
2022-02-22,53.83333206176758
2022-02-23,54.58333206176758
2022-02-24,51.25
2022-02-25,52.666664123535156
2022-03-01,55.33333206176758
2022-03-02,55.25
2022-03-03,54.916664123535156
2022-03-04,54.25
2022-03-07,51.666664123535156
2022-03-08,50.33333206176758
2022-03-09,52.58333206176758
2022-03-10,54.5
2022-03-11,54.58333206176758
2022-03-14,55.25
2022-03-15,52.0
2022-03-16,52.75
2022-03-17,55.83333206176758
2022-03-18,56.83333206176758
2022-03-21,56.166664123535156
2022-03-22,56.75
2022-03-23,58.25
2022-03-24,57.666664123535156
2022-03-25,57.33333206176758
2022-03-28,58.33333206176758
2022-03-29,55.83333206176758
2022-03-30,56.75
2022-03-31,56.58333206176758
2022-04-01,56.58333206176758
2022-04-06,55.25
2022-04-07,53.33333206176758
2022-04-08,54.83333206176758
2022-04-11,51.75
2022-04-12,51.5
2022-04-13,52.666664123535156
2022-04-14,51.58333206176758
2022-04-15,49.83333206176758
2022-04-18,48.75
2022-04-19,48.75
2022-04-20,49.416664123535156
2022-04-21,49.25
2022-04-22,47.666664123535156
2022-04-25,45.0
2022-04-26,44.666664123535156
2022-04-27,43.33333206176758
2022-04-28,44.08333206176758
2022-04-29,44.25
2022-05-03,44.916664123535156
2022-05-04,45.25
2022-05-05,47.166664123535156
2022-05-06,46.58333206176758
2022-05-09,44.83333206176758
2022-05-10,46.58333206176758
2022-05-11,45.916664123535156
2022-05-12,44.666664123535156
2022-05-13,46.0
2022-05-16,46.75
2022-05-17,48.83333206176758
2022-05-18,48.33333206176758
2022-05-19,49.08333206176758
2022-05-20,48.916664123535156
2022-05-23,49.08333206176758
2022-05-24,47.58333206176758
2022-05-25,49.08333206176758
2022-05-26,47.75
2022-05-27,47.666664123535156
2022-05-30,48.5
2022-05-31,48.75
2022-06-01,48.5
2022-06-02,48.83333206176758
2022-06-06,48.166664123535156
2022-06-07,48.166664123535156
2022-06-08,48.83333206176758
2022-06-09,48.416664123535156
2022-06-10,47.25
2022-06-13,45.08333206176758
2022-06-14,45.416664123535156
2022-06-15,44.75
2022-06-16,43.33333206176758
2022-06-17,42.33333206176758
2022-06-20,40.5
2022-06-21,42.916664123535156
2022-06-22,40.75
2022-06-23,40.916664123535156
2022-06-24,40.916664123535156
2022-06-27,42.33333206176758
2022-06-28,41.25
2022-06-29,40.666664123535156
2022-06-30,38.25
2022-07-01,36.33333206176758
2022-07-04,37.08333206176758
2022-07-05,37.75
2022-07-06,35.75
2022-07-07,37.83333206176758
2022-07-08,38.166664123535156
2022-07-11,38.33333206176758
2022-07-12,36.58333206176758
2022-07-13,37.75
2022-07-14,38.5
2022-07-15,42.33333206176758
2022-07-18,41.58333206176758
2022-07-19,40.5
2022-07-20,40.83333206176758
2022-07-21,41.75
2022-07-22,41.33333206176758
2022-07-25,41.08333206176758
2022-07-26,39.916664123535156
2022-07-27,40.75
2022-07-28,40.83333206176758
2022-07-29,40.83333206176758
2022-08-01,40.916664123535156
2022-08-02,39.666664123535156
2022-08-03,39.08333206176758
2022-08-04,39.25
2022-08-05,40.58333206176758
2022-08-08,41.0
2022-08-09,40.916664123535156
2022-08-10,40.75
2022-08-11,40.666664123535156
2022-08-12,41.75
2022-08-15,42.166664123535156
2022-08-16,41.916664123535156
2022-08-17,42.666664123535156
2022-08-18,43.0
2022-08-19,42.416664123535156
2022-08-22,41.666664123535156
2022-08-23,41.58333206176758
2022-08-24,41.75
2022-08-25,43.0
2022-08-26,42.75
2022-08-29,41.25
2022-08-30,41.75
2022-08-31,42.33333206176758
2022-09-01,41.0
2022-09-02,41.33333206176758
2022-09-05,39.5
2022-09-06,38.33333206176758
2022-09-07,37.83333206176758
2022-09-08,38.416664123535156
2022-09-12,38.33333206176758
2022-09-13,38.25
2022-09-14,37.916664123535156
2022-09-15,38.0
2022-09-16,37.75
2022-09-19,36.83333206176758
2022-09-20,36.83333206176758
2022-09-21,36.25
2022-09-22,36.5
2022-09-23,35.83333206176758
2022-09-26,33.33333206176758
2022-09-27,33.58333206176758
2022-09-28,31.16666603088379
2022-09-29,32.58333206176758
2022-09-30,33.5
2022-10-03,33.416664123535156
2022-10-04,34.166664123535156
2022-10-05,34.0
2022-10-06,34.166664123535156
2022-10-07,33.83333206176758
2022-10-11,31.583332061767578
2022-10-12,31.333332061767578
2022-10-13,28.25
2022-10-14,30.0
2022-10-17,30.333332061767578
2022-10-18,30.083332061767578
2022-10-19,30.0
2022-10-20,29.333332061767578
2022-10-21,28.5
2022-10-24,29.833332061767578
2022-10-25,29.66666603088379
2022-10-26,29.583332061767578
2022-10-27,30.083332061767578
2022-10-28,28.91666603088379
2022-10-31,29.91666603088379
2022-11-01,30.41666603088379
2022-11-02,30.833332061767578
2022-11-03,31.16666603088379
2022-11-04,31.333332061767578
2022-11-07,31.833332061767578
2022-11-08,31.333332061767578
2022-11-09,32.25
2022-11-10,32.08333206176758
2022-11-11,31.583332061767578
2022-11-14,32.416664123535156
2022-11-15,33.0
2022-11-16,33.5
2022-11-17,33.666664123535156
2022-11-18,34.5
2022-11-21,34.33333206176758
2022-11-22,34.33333206176758
2022-11-23,34.33333206176758
2022-11-24,34.83333206176758
2022-11-25,34.25
2022-11-28,34.916664123535156
2022-11-29,34.83333206176758
2022-11-30,35.83333206176758
2022-12-01,35.916664123535156
2022-12-02,36.75
2022-12-05,36.75
2022-12-06,35.75
2022-12-07,34.83333206176758
2022-12-08,35.416664123535156
2022-12-09,36.08333206176758
2022-12-12,36.33333206176758
2022-12-13,36.25
2022-12-14,37.25
2022-12-15,37.0
2022-12-16,35.5
2022-12-19,34.83333206176758
2022-12-20,33.33333206176758
2022-12-21,33.916664123535156
2022-12-22,35.08333206176758
2022-12-23,35.166664123535156
2022-12-26,35.0
2022-12-27,35.25
2022-12-28,35.0
2022-12-29,34.416664123535156
2022-12-30,34.166664123535156
2023-01-03,34.33333206176758
2023-01-04,34.166664123535156
2023-01-05,33.666664123535156
2023-01-06,34.33333206176758
2023-01-09,34.5
2023-01-10,34.916664123535156
2023-01-11,35.08333206176758
2023-01-12,34.166664123535156
2023-01-13,33.83333206176758
2023-01-16,33.75
2023-01-17,33.666664123535156
2023-01-30,35.0
2023-01-31,35.83333206176758
2023-02-01,35.916664123535156
2023-02-02,38.75
2023-02-03,38.416664123535156
2023-02-06,37.75
2023-02-07,38.166664123535156
2023-02-08,37.83333206176758
2023-02-09,37.5
2023-02-10,36.5
2023-02-13,35.916664123535156
2023-02-14,36.33333206176758
2023-02-15,35.83333206176758
2023-02-16,36.5
2023-02-17,36.33333206176758
2023-02-20,37.666664123535156
2023-02-21,37.5
2023-02-22,36.666664123535156
2023-02-23,37.08333206176758
2023-02-24,36.58333206176758
2023-03-01,36.25
2023-03-02,36.08333206176758
2023-03-03,36.416664123535156
2023-03-06,36.916664123535156
2023-03-07,36.916664123535156
2023-03-08,37.08333206176758
2023-03-09,36.666664123535156
2023-03-10,35.416664123535156
2023-03-13,34.416664123535156
2023-03-14,34.166664123535156
2023-03-15,34.166664123535156
2023-03-16,33.5
2023-03-17,33.916664123535156
2023-03-20,34.58333206176758
2023-03-21,35.416664123535156
2023-03-22,35.75
2023-03-23,36.0
2023-03-24,36.25
2023-03-27,35.916664123535156
2023-03-28,35.166664123535156
2023-03-29,35.166664123535156
2023-03-30,36.33333206176758
2023-03-31,36.0
2023-04-06,35.5
2023-04-07,35.166664123535156
2023-04-10,35.08333206176758
2023-04-11,35.33333206176758
2023-04-12,36.08333206176758
2023-04-13,35.08333206176758
2023-04-14,35.08333206176758
2023-04-17,35.166664123535156
2023-04-18,35.25
2023-04-19,34.666664123535156
2023-04-20,34.08333206176758
2023-04-21,33.08333206176758
2023-04-24,32.916664123535156
2023-04-25,31.91666603088379
2023-04-26,32.166664123535156
2023-04-27,32.5
2023-04-28,32.75
2023-05-02,32.83333206176758
2023-05-03,32.33333206176758
2023-05-04,32.416664123535156
2023-05-05,32.58333206176758
2023-05-08,32.166664123535156
2023-05-09,31.41666603088379
2023-05-10,31.16666603088379
2023-05-11,30.833332061767578
2023-05-12,30.833332061767578
2023-05-15,30.083332061767578
2023-05-16,30.583332061767578
2023-05-17,30.833332061767578
2023-05-18,30.75
2023-05-19,30.75
2023-05-22,31.16666603088379
2023-05-23,34.25
2023-05-24,33.916664123535156
2023-05-25,32.416664123535156
2023-05-26,32.25
2023-05-29,33.58333206176758
2023-05-30,33.666664123535156
2023-05-31,33.916664123535156
2023-06-01,33.08333206176758
2023-06-02,33.25
2023-06-05,33.83333206176758
2023-06-06,33.33333206176758
2023-06-07,33.5
2023-06-08,32.83333206176758
2023-06-09,33.0
2023-06-12,32.666664123535156
2023-06-13,33.08333206176758
2023-06-14,33.166664123535156
2023-06-15,33.25
2023-06-16,32.83333206176758
2023-06-19,33.0
2023-06-20,32.916664123535156
2023-06-21,33.166664123535156
2023-06-26,31.75
2023-06-27,31.333332061767578
2023-06-28,31.41666603088379
2023-06-29,31.583332061767578
2023-06-30,31.833332061767578
2023-07-03,32.08333206176758
2023-07-04,32.33333206176758
2023-07-05,32.25
2023-07-06,32.33333206176758
2023-07-07,31.41666603088379
2023-07-10,31.333332061767578
2023-07-11,31.333332061767578
2023-07-12,30.583332061767578
2023-07-13,30.5
2023-07-14,30.75
2023-07-17,31.083332061767578
2023-07-18,31.833332061767578
2023-07-19,31.41666603088379
2023-07-20,31.41666603088379
2023-07-21,31.25
2023-07-24,30.16666603088379
2023-07-25,30.583332061767578
2023-07-26,30.25
2023-07-27,30.833332061767578
2023-07-28,30.833332061767578
2023-07-31,31.583332061767578
2023-08-01,32.25
2023-08-02,31.25
2023-08-04,31.083332061767578
2023-08-07,31.083332061767578
2023-08-08,30.75
2023-08-09,30.66666603088379
2023-08-10,29.75
2023-08-11,29.5
2023-08-14,28.0
2023-08-15,28.5
2023-08-16,28.66666603088379
2023-08-17,29.0
2023-08-18,28.583332061767578
2023-08-21,28.583332061767578
2023-08-22,28.66666603088379
2023-08-23,29.25
2023-08-24,29.0
2023-08-25,30.41666603088379
2023-08-28,29.75
2023-08-29,30.16666603088379
2023-08-30,30.083332061767578
2023-08-31,30.083332061767578
2023-09-01,30.75
2023-09-04,30.5
2023-09-05,31.0
2023-09-06,31.0
2023-09-07,30.66666603088379
2023-09-08,30.25
2023-09-11,29.75
2023-09-12,30.333332061767578
2023-09-13,30.5
2023-09-14,31.083332061767578
2023-09-15,31.5
2023-09-18,31.25
2023-09-19,30.91666603088379
2023-09-20,30.75
2023-09-21,30.083332061767578
2023-09-22,30.16666603088379
2023-09-25,30.5
2023-09-26,29.66666603088379
2023-09-27,29.16666603088379
2023-09-28,29.25
2023-10-02,29.75
2023-10-03,30.16666603088379
2023-10-04,29.75
2023-10-05,30.333332061767578
2023-10-06,30.083332061767578
2023-10-11,29.583332061767578
2023-10-12,30.25
2023-10-13,30.5
2023-10-16,30.16666603088379
2023-10-17,30.833332061767578
2023-10-18,33.916664123535156
2023-10-19,37.25
2023-10-20,40.916664123535156
2023-10-23,45.0
2023-10-24,41.5
2023-10-25,45.58333206176758
2023-10-26,46.33333206176758
2023-10-27,44.75
2023-10-30,44.0
2023-10-31,39.666664123535156
2023-11-01,41.666664123535156
2023-11-02,42.166664123535156
2023-11-03,40.08333206176758
2023-11-06,42.08333206176758
2023-11-07,46.25
2023-11-08,44.33333206176758
2023-11-09,41.25
2023-11-10,39.33333206176758
2023-11-13,40.0
2023-11-14,40.0
2023-11-15,44.0
2023-11-16,48.33333206176758
2023-11-17,49.08333206176758
2023-11-20,53.916664123535156
2023-11-21,53.0
2023-11-22,54.5
2023-11-23,54.666664123535156
2023-11-24,54.666664123535156
2023-11-27,52.25
2023-11-28,52.916664123535156
2023-11-29,53.0
2023-11-30,52.666664123535156
2023-12-01,52.666664123535156
2023-12-04,50.83333206176758
2023-12-05,50.83333206176758
2023-12-06,55.916664123535156
2023-12-07,54.166664123535156
2023-12-08,55.0
2023-12-11,54.25
2023-12-12,53.25
2023-12-13,53.5
2023-12-14,54.75
2023-12-15,52.916664123535156
2023-12-18,51.83333206176758
2023-12-19,51.33333206176758
2023-12-20,52.166664123535156
2023-12-21,50.666664123535156
2023-12-22,52.58333206176758
2023-12-25,51.916664123535156
2023-12-26,52.916664123535156
2023-12-27,53.416664123535156
2023-12-28,52.416664123535156
2023-12-29,51.75
2024-01-02,51.25
2024-01-03,51.0
2024-01-04,49.58333206176758
2024-01-05,49.83333206176758
2024-01-08,48.5
2024-01-09,47.33333206176758
2024-01-10,46.666664123535156
2024-01-11,46.58333206176758
2024-01-12,45.75
2024-01-15,47.916664123535156
2024-01-16,47.0
2024-01-17,46.25
2024-01-18,45.416664123535156
2024-01-19,45.33333206176758
2024-01-22,45.75
2024-01-23,46.33333206176758
2024-01-24,46.416664123535156
2024-01-25,45.416664123535156
2024-01-26,45.166664123535156
2024-01-29,44.08333206176758
2024-01-30,43.166664123535156
2024-01-31,43.916664123535156
2024-02-01,45.666664123535156
2024-02-02,46.166664123535156
2024-02-05,43.58333206176758
2024-02-15,43.166664123535156
2024-02-16,47.416664123535156
2024-02-19,52.08333206176758
2024-02-20,53.33333206176758
2024-02-21,52.416664123535156
2024-02-22,53.75
2024-02-23,52.416664123535156
2024-02-26,53.5
2024-02-27,52.33333206176758
2024-02-29,52.0
2024-03-01,52.25
2024-03-04,52.416664123535156
2024-03-05,50.666664123535156
2024-03-06,50.0
2024-03-07,48.75
2024-03-08,47.58333206176758
2024-03-11,47.666664123535156
2024-03-12,47.166664123535156
2024-03-13,45.33333206176758
2024-03-14,45.33333206176758
2024-03-15,40.83333206176758
2024-03-18,36.75
2024-03-19,35.416664123535156
2024-03-20,38.916664123535156
2024-03-21,41.666664123535156
2024-03-22,40.83333206176758
2024-03-25,40.416664123535156
2024-03-26,40.666664123535156
2024-03-27,39.83333206176758
2024-03-28,39.33333206176758
2024-03-29,39.5
2024-04-01,40.08333206176758
2024-04-02,39.58333206176758
2024-04-03,39.58333206176758
2024-04-08,39.08333206176758
2024-04-09,38.916664123535156
2024-04-10,39.5
2024-04-11,39.0
2024-04-12,39.08333206176758
2024-04-15,37.666664123535156
2024-04-16,36.33333206176758
2024-04-17,38.08333206176758
2024-04-18,37.5
2024-04-19,36.5
2024-04-22,34.666664123535156
2024-04-23,35.5
2024-04-24,36.25
2024-04-25,36.916664123535156
2024-04-26,36.5
2024-04-29,36.666664123535156
2024-04-30,38.33333206176758
2024-05-02,38.916664123535156
2024-05-03,38.33333206176758
2024-05-06,38.0
2024-05-07,37.33333206176758
2024-05-08,37.83333206176758
2024-05-09,34.5
2024-05-10,33.58333206176758
2024-05-13,34.5
2024-05-14,34.0
2024-05-15,34.5
2024-05-16,34.58333206176758
2024-05-17,34.916664123535156
2024-05-20,34.75
2024-05-21,35.25
2024-05-22,35.666664123535156
2024-05-23,34.58333206176758
2024-05-24,35.166664123535156
2024-05-27,36.25
2024-05-28,37.666664123535156
2024-05-29,38.25
2024-05-30,36.666664123535156
2024-05-31,36.83333206176758
2024-06-03,37.166664123535156
2024-06-04,36.166664123535156
2024-06-05,35.75
2024-06-06,35.166664123535156
2024-06-07,36.5
2024-06-11,36.166664123535156
2024-06-12,35.33333206176758
2024-06-13,36.25
2024-06-14,36.58333206176758
2024-06-17,40.166664123535156
2024-06-18,39.666664123535156
2024-06-19,39.0
2024-06-20,38.58333206176758
2024-06-21,38.0
2024-06-24,37.166664123535156
2024-06-25,37.416664123535156
2024-06-26,36.666664123535156
2024-06-27,36.75
2024-06-28,37.08333206176758
2024-07-01,37.166664123535156
2024-07-02,36.666664123535156
2024-07-03,37.58333206176758
2024-07-04,38.666664123535156
2024-07-05,39.25
2024-07-08,38.166664123535156
2024-07-09,37.666664123535156
2024-07-10,37.666664123535156
2024-07-11,38.58333206176758
2024-07-12,38.166664123535156
2024-07-15,37.33333206176758
2024-07-16,37.75
2024-07-17,38.916664123535156
2024-07-18,38.08333206176758
2024-07-19,36.5
2024-07-22,35.33333206176758
2024-07-23,35.5
2024-07-26,34.666664123535156
2024-07-29,33.33333206176758
2024-07-30,34.83333206176758
2024-07-31,34.33333206176758
2024-08-01,35.25
2024-08-02,33.83333206176758
2024-08-05,30.5
2024-08-06,29.66666603088379
2024-08-07,32.08333206176758
2024-08-08,31.66666603088379
2024-08-09,31.833332061767578
2024-08-12,32.5
2024-08-13,32.5
2024-08-14,32.5
2024-08-15,32.416664123535156
2024-08-16,32.83333206176758
2024-08-19,32.916664123535156
2024-08-20,33.0
2024-08-21,33.25
2024-08-22,33.08333206176758
2024-08-23,33.166664123535156
2024-08-26,32.916664123535156
2024-08-27,32.83333206176758
2024-08-28,32.75
2024-08-29,32.916664123535156
2024-08-30,33.75
2024-09-02,33.166664123535156
2024-09-03,32.25
2024-09-04,30.66666603088379
2024-09-05,30.75
2024-09-06,30.583332061767578
2024-09-09,31.333332061767578
2024-09-10,30.5
2024-09-11,30.5
2024-09-12,31.25
2024-09-13,31.66666603088379
2024-09-16,32.166664123535156
2024-09-18,31.833332061767578
2024-09-19,31.75
2024-09-20,32.33333206176758
2024-09-23,32.25
2024-09-24,32.5
2024-09-25,33.25
2024-09-26,36.5
2024-09-27,39.416664123535156
2024-09-30,38.5
2024-10-01,38.08333206176758
2024-10-04,38.166664123535156
2024-10-07,37.416664123535156
2024-10-08,38.25
2024-10-09,37.33333206176758
2024-10-11,34.83333206176758
2024-10-14,35.5
2024-10-15,35.08333206176758
2024-10-16,34.75
2024-10-17,35.33333206176758
2024-10-18,34.166664123535156
2024-10-21,34.58333206176758
2024-10-22,35.33333206176758
2024-10-23,34.58333206176758
2024-10-24,33.58333206176758
2024-10-25,33.666664123535156
2024-10-28,33.25
2024-10-29,32.83333206176758
2024-10-30,32.916664123535156
2024-11-01,32.91667175292969
2024-11-04,32.91667175292969
2024-11-05,32.91667175292969
2024-11-06,32.91667175292969
2024-11-07,32.91667175292969
2024-11-08,32.91667175292969
2024-11-11,30.0
2024-11-12,27.200000762939453
2024-11-13,28.649999618530273
2024-11-14,27.5
2024-11-15,27.700000762939453
2024-11-18,27.350000381469727
2024-11-19,27.5
2024-11-20,27.5
2024-11-21,28.299999237060547
2024-11-22,27.649999618530273
2024-11-25,27.600000381469727
2024-11-26,28.149999618530273
2024-11-27,28.200000762939453
2024-11-28,26.950000762939453
2024-11-29,27.450000762939453
2024-12-02,27.200000762939453
2024-12-03,27.399999618530273
2024-12-04,30.100000381469727
2024-12-05,31.450000762939453
2024-12-06,30.149999618530273
2024-12-09,28.600000381469727
2024-12-10,31.450000762939453
2024-12-11,34.54999923706055
2024-12-12,34.20000076293945
2024-12-13,33.20000076293945
2024-12-16,36.5
2024-12-17,40.150001525878906
2024-12-18,40.349998474121094
2024-12-19,37.5
2024-12-20,37.349998474121094
2024-12-23,37.349998474121094
2024-12-24,35.0
2024-12-25,35.400001525878906
2024-12-26,34.5
2024-12-27,37.95000076293945
2024-12-30,39.150001525878906
2024-12-31,37.900001525878906
2025-01-02,36.25
2025-01-03,37.0
2025-01-06,37.650001525878906
2025-01-07,39.0
2025-01-08,40.0
2025-01-09,38.70000076293945
2025-01-10,37.95000076293945
2025-01-13,34.20000076293945
2025-01-14,33.95000076293945
2025-01-15,33.349998474121094
2025-01-16,34.150001525878906
2025-01-17,33.25
2025-01-20,33.900001525878906
2025-01-21,33.70000076293945
2025-01-22,33.25
2025-02-03,31.799999237060547
2025-02-04,34.95000076293945
2025-02-05,35.20000076293945
2025-02-06,34.45000076293945
2025-02-07,35.349998474121094
2025-02-10,34.900001525878906
2025-02-11,34.5
2025-02-12,33.650001525878906
2025-02-13,34.150001525878906
2025-02-14,34.0
2025-02-17,34.0
2025-02-18,35.75
2025-02-19,36.45000076293945
2025-02-20,36.70000076293945
2025-02-21,36.349998474121094
2025-02-24,35.79999923706055
2025-02-25,34.849998474121094
2025-02-26,34.400001525878906
2025-02-27,33.70000076293945
2025-03-03,32.650001525878906
2025-03-04,33.25
2025-03-05,33.45000076293945
2025-03-06,32.95000076293945
2025-03-07,32.599998474121094
2025-03-10,32.599998474121094
2025-03-11,32.150001525878906
2025-03-12,32.5
2025-03-13,31.700000762939453
2025-03-14,31.649999618530273
2025-03-17,31.100000381469727
2025-03-18,32.900001525878906
2025-03-19,32.45000076293945
2025-03-20,32.099998474121094
2025-03-21,31.850000381469727
2025-03-24,31.299999237060547
2025-03-25,30.799999237060547
2025-03-26,31.0
2025-03-27,30.600000381469727
2025-03-28,29.399999618530273
2025-03-31,27.25
2025-04-01,28.049999237060547
2025-04-02,28.25
2025-04-07,25.450000762939453
2025-04-08,22.950000762939453
2025-04-09,20.700000762939453
2025-04-10,22.75
2025-04-11,22.649999618530273
2025-04-14,23.5
2025-04-15,24.5
2025-04-16,23.700000762939453
2025-04-17,23.549999237060547
2025-04-18,23.649999618530273
2025-04-21,22.950000762939453
2025-04-22,22.5
2025-04-23,23.450000762939453
2025-04-24,23.200000762939453
2025-04-25,24.5
2025-04-28,26.950000762939453
2025-04-29,27.399999618530273
2025-04-30,26.700000762939453
2025-05-02,26.850000381469727
2025-05-05,25.399999618530273
2025-05-06,25.299999237060547
2025-05-07,25.0
2025-05-08,25.450000762939453
2025-05-09,25.299999237060547
2025-05-12,27.799999237060547
2025-05-13,27.5
2025-05-14,27.350000381469727
2025-05-15,27.25
2025-05-16,27.049999237060547
2025-05-19,26.899999618530273
2025-05-20,26.799999237060547
2025-05-21,27.200000762939453
2025-05-22,26.700000762939453
2025-05-23,26.200000762939453
2025-05-26,25.799999237060547
2025-05-27,25.600000381469727
2025-05-28,25.799999237060547
2025-05-29,25.75
2025-06-02,24.899999618530273
2025-06-03,24.649999618530273
2025-06-04,25.350000381469727
2025-06-05,25.799999237060547
2025-06-06,26.0
2025-06-09,26.0
2025-06-10,25.850000381469727
2025-06-11,26.0
2025-06-12,25.700000762939453
2025-06-13,24.899999618530273
2025-06-16,24.899999618530273
2025-06-17,25.299999237060547
2025-06-18,24.899999618530273
2025-06-19,24.0
2025-06-20,24.549999237060547
2025-06-23,24.049999237060547
2025-06-24,24.700000762939453
2025-06-25,25.200000762939453
2025-06-26,25.5
2025-06-27,25.75
2025-06-30,25.649999618530273
2025-07-01,28.200000762939453
2025-07-02,27.25
2025-07-03,26.600000381469727
2025-07-04,25.5
2025-07-07,25.100000381469727
2025-07-08,24.649999618530273
2025-07-09,25.700000762939453
2025-07-10,25.200000762939453
2025-07-11,25.200000762939453
2025-07-14,24.799999237060547
2025-07-15,25.100000381469727
2025-07-16,25.399999618530273
2025-07-17,25.850000381469727
2025-07-18,25.600000381469727
2025-07-21,25.5
2025-07-22,24.5
2025-07-23,25.100000381469727
2025-07-24,25.0
2025-07-25,25.0
2025-07-28,24.850000381469727
2025-07-29,24.600000381469727
2025-07-30,25.100000381469727
2025-07-31,26.25
2025-08-04,26.0
2025-08-05,25.950000762939453
2025-08-06,25.950000762939453
2025-08-07,25.950000762939453
2025-08-08,26.399999618530273
2025-08-11,26.75
2025-08-12,26.799999237060547
2025-08-13,27.0
2025-08-14,27.399999618530273
2025-08-15,28.399999618530273
2025-08-18,28.299999237060547
2025-08-19,28.049999237060547
2025-08-20,26.700000762939453
2025-08-21,27.5
2025-08-22,28.0
2025-08-25,28.75
2025-08-26,28.75
2025-08-27,29.149999618530273
2025-08-28,29.350000381469727
2025-08-29,28.850000381469727
2025-09-01,28.399999618530273
2025-09-02,28.049999237060547
2025-09-03,27.950000762939453
2025-09-04,27.649999618530273
2025-09-05,27.950000762939453
2025-09-08,28.5
2025-09-09,28.299999237060547
2025-09-10,27.5
2025-09-11,26.649999618530273
2025-09-12,26.75
2025-09-15,26.799999237060547
2025-09-16,27.399999618530273
2025-09-17,27.600000381469727
2025-09-18,30.350000381469727
2025-09-19,31.850000381469727
2025-09-22,30.850000381469727
2025-09-23,30.350000381469727
2025-09-24,29.549999237060547
2025-09-25,29.450000762939453
2025-09-26,28.200000762939453
2025-09-30,28.200000762939453
2025-10-01,27.700000762939453
2025-10-02,26.899999618530273
2025-10-03,27.799999237060547
2025-10-07,28.299999237060547
2025-10-08,28.049999237060547
2025-10-09,28.0
2025-10-13,27.5
2025-10-14,30.25
2025-10-15,28.899999618530273
2025-10-16,29.5
2025-10-17,29.299999237060547
2025-10-20,30.350000381469727
2025-10-21,30.450000762939453
2025-10-22,30.700000762939453
2025-10-23,29.850000381469727
2025-10-27,30.100000381469727
2025-10-28,29.350000381469727
2025-10-29,29.649999618530273
2025-10-30,28.700000762939453
2025-10-31,28.299999237060547
2025-11-03,28.700000762939453
2025-11-04,28.350000381469727
2025-11-05,27.799999237060547
2025-11-06,28.5
2025-11-07,27.899999618530273
2025-11-10,28.149999618530273
2025-11-11,27.299999237060547
2025-11-12,27.75
2025-11-13,27.200000762939453
2025-11-14,26.950000762939453
2025-11-17,26.299999237060547
2025-11-18,25.549999237060547
2025-11-19,24.950000762939453
2025-11-20,25.149999618530273
2025-11-21,24.399999618530273
2025-11-24,24.25
2025-11-25,24.899999618530273
2025-11-26,25.25
2025-11-27,25.350000381469727
2025-11-28,25.75
2025-12-01,25.399999618530273
2025-12-02,25.299999237060547
2025-12-03,25.549999237060547
2025-12-04,25.649999618530273
2025-12-05,25.399999618530273
2025-12-08,25.899999618530273
2025-12-09,25.850000381469727
2025-12-10,25.450000762939453
2025-12-11,24.950000762939453
2025-12-12,25.200000762939453
2025-12-15,25.049999237060547
2025-12-16,24.950000762939453
2025-12-17,25.299999237060547
2025-12-18,24.75
2025-12-19,24.75
2025-12-22,25.25
2025-12-23,25.049999237060547
2025-12-24,24.399999618530273
2025-12-26,24.649999618530273
2025-12-29,24.5
2025-12-30,24.25
2025-12-31,23.850000381469727
2026-01-02,26.200000762939453
2026-01-05,25.0
2026-01-06,24.850000381469727
2026-01-07,25.450000762939453
2026-01-08,24.799999237060547
2026-01-09,24.75
2026-01-12,26.450000762939453
2026-01-13,26.200000762939453
2026-01-14,26.600000381469727
2026-01-15,26.700000762939453
2026-01-16,26.25
2026-01-19,26.899999618530273
2026-01-20,26.649999618530273
2026-01-21,26.549999237060547
2026-01-22,26.25
2026-01-23,28.850000381469727
2026-01-26,28.25
2026-01-27,27.950000762939453
2026-01-28,27.350000381469727
2026-01-29,26.700000762939453
2026-01-30,25.899999618530273
2026-02-02,25.049999237060547
2026-02-03,25.350000381469727
2026-02-04,25.850000381469727
2026-02-05,25.700000762939453
2026-02-06,25.350000381469727
2026-02-09,25.200000762939453
2026-02-10,25.200000762939453
2026-02-11,24.549999237060547
2026-02-23,25.049999237060547
2026-02-24,25.25
2026-02-25,25.0
2026-02-26,24.899999618530273
2026-03-02,24.649999618530273
2026-03-03,24.200000762939453
2026-03-04,22.299999237060547
2026-03-05,23.149999618530273
2026-03-06,23.450000762939453
2026-03-09,22.200000762939453
2026-03-10,22.350000381469727
2026-03-11,23.700000762939453
2026-03-12,24.0
2026-03-13,23.549999237060547
2026-03-16,23.399999618530273
2026-03-17,23.700000762939453
2026-03-18,23.850000381469727
2026-03-19,23.950000762939453
2026-03-20,23.450000762939453
2026-03-23,23.799999237060547
2026-03-24,23.100000381469727
2026-03-25,23.600000381469727
2026-03-26,23.0
2026-03-27,22.799999237060547
2026-03-30,22.299999237060547
2026-03-31,21.5
2026-04-01,22.200000762939453
2026-04-02,21.75
2026-04-07,21.799999237060547
2026-04-08,22.0
2026-04-09,21.649999618530273
2026-04-10,21.399999618530273
2026-04-13,22.0
2026-04-14,22.25
2026-04-15,22.0
2026-04-16,22.399999618530273
2026-04-17,22.600000381469727
2026-04-20,22.5
2026-04-21,24.75
2026-04-22,25.100000381469727
2026-04-23,23.600000381469727
2026-04-24,24.799999237060547
2026-04-27,23.399999618530273
2026-04-28,23.700000762939453
2026-04-29,23.5
2026-04-30,23.5
2026-05-04,23.850000381469727
2026-05-05,24.549999237060547
2026-05-06,24.399999618530273
2026-05-07,24.649999618530273
2026-05-08,24.299999237060547
2026-05-11,24.700000762939453
2026-05-12,24.549999237060547
2026-05-13,23.899999618530273
2026-05-14,24.149999618530273
2026-05-15,23.149999618530273
2026-05-18,23.549999237060547
2026-05-19,22.799999237060547
2026-05-20,23.600000381469727
2026-05-21,24.850000381469727
2026-05-22,27.149999618530273
2026-05-25,27.0
2026-05-26,26.399999618530273
2026-05-27,25.899999618530273
2026-05-28,25.399999618530273
2026-05-29,25.649999618530273
2026-06-01,25.649999618530273
2026-06-02,25.649999618530273
2026-06-03,26.5
2026-06-04,25.299999237060547
2026-06-05,24.649999618530273
2026-06-08,23.299999237060547
2026-06-09,23.649999618530273
2026-06-10,23.75
2026-06-11,24.25
2026-06-12,24.549999237060547
2026-06-15,27.0
2026-06-16,26.399999618530273
2026-06-17,29.0
2026-06-18,28.149999618530273
2026-06-22,30.950000762939453
2026-06-23,31.200000762939453
2026-06-24,30.850000381469727
2026-06-25,29.25
2026-06-26,27.299999237060547
2026-06-29,26.799999237060547
2026-06-30,28.600000381469727
2026-07-01,28.0
2026-07-02,28.299999237060547
2026-07-03,28.799999237060547
2026-07-06,28.399999618530273
2026-07-07,26.75
2026-07-08,26.649999618530273
2026-07-09,26.450000762939453
2026-07-10,26.450000762939453
2026-07-13,25.799999237060547
2026-07-14,25.649999618530273
2026-07-15,26.399999618530273
2026-07-16,25.549999237060547
2026-07-17,23.25
2026-07-20,23.399999618530273
2026-07-21,23.75
2026-07-22,24.049999237060547
2026-07-23,24.200000762939453
2026-07-24,23.700000762939453
2026-07-27,23.100000381469727
2026-07-28,22.0
2026-07-29,20.549999237060547
2026-07-30,20.149999618530273
2026-07-31,21.549999237060547
2026-08-03,21.75
2026-08-04,22.25
2026-08-05,22.899999618530273
2026-08-06,22.700000762939453
2026-08-07,22.5
2026-08-10,24.549999237060547
2026-08-11,23.450000762939453
2026-08-12,23.450000762939453
2026-08-13,23.25
2026-08-14,23.299999237060547
2026-08-17,23.0
2026-08-18,22.299999237060547
2026-08-19,22.299999237060547
2026-08-20,22.399999618530273
2026-08-21,22.399999618530273
2026-08-24,22.299999237060547
2026-08-25,22.25
2026-08-26,23.0
2026-08-27,22.75
2026-08-28,22.899999618530273
2026-08-31,22.600000381469727
2026-09-01,23.200000762939453
2026-09-02,23.799999237060547
