Price,AdjClose
Ticker,3049.TW
Date,
2002-09-30,26.33267593383789
2002-10-01,24.49046516418457
2002-10-02,22.86499786376953
2002-10-03,21.347877502441406
2002-10-04,19.939146041870117
2002-10-07,18.638761520385742
2002-10-08,17.338388442993164
2002-10-09,16.254735946655273
2002-10-10,16.254735946655273
2002-10-11,15.116903305053711
2002-10-14,14.79180908203125
2002-10-15,15.821269035339355
2002-10-16,16.904922485351562
2002-10-17,17.98857307434082
2002-10-18,19.180587768554688
2002-10-21,20.480960845947266
2002-10-22,19.072227478027344
2002-10-23,20.372600555419922
2002-10-24,19.939146041870117
2002-10-25,19.61405372619629
2002-10-28,19.830772399902344
2002-10-29,21.13115692138672
2002-10-30,22.53990364074707
2002-10-31,23.731914520263672
2002-11-01,24.707197189331055
2002-11-04,25.574115753173828
2002-11-05,23.84027671813965
2002-11-06,25.46575355529785
2002-11-07,26.007570266723633
2002-11-08,25.682476043701172
2002-11-11,23.94863510131836
2002-11-12,24.27372932434082
2002-11-13,23.62354278564453
2002-11-14,23.94863510131836
2002-11-15,24.49046516418457
2002-11-18,23.62354278564453
2002-11-19,22.86499786376953
2002-11-20,21.347877502441406
2002-11-21,20.04750633239746
2002-11-22,21.347877502441406
2002-11-25,21.347877502441406
2002-11-26,21.13115692138672
2002-11-27,20.697694778442383
2002-11-28,20.806062698364258
2002-11-29,21.02278709411621
2002-12-02,21.02278709411621
2002-12-03,22.10643768310547
2002-12-04,21.88970375061035
2002-12-05,22.10643768310547
2002-12-06,21.88970375061035
2002-12-09,21.564613342285156
2002-12-10,21.13115692138672
2002-12-11,20.914424896240234
2002-12-12,19.505678176879883
2002-12-13,18.96385383605957
2002-12-16,18.422029495239258
2002-12-17,18.422029495239258
2002-12-18,17.663480758666992
2002-12-19,18.205305099487305
2002-12-20,18.422029495239258
2002-12-23,17.663480758666992
2002-12-24,18.638761520385742
2002-12-25,18.855491638183594
2002-12-26,19.505678176879883
2002-12-27,18.74713134765625
2002-12-30,17.880212783813477
2002-12-31,18.31366729736328
2003-01-01,18.31366729736328
2003-01-02,18.422029495239258
2003-01-03,19.61405372619629
2003-01-06,19.397319793701172
2003-01-07,18.96385383605957
2003-01-08,19.28894805908203
2003-01-09,20.155866622924805
2003-01-10,20.914424896240234
2003-01-13,21.347877502441406
2003-01-14,20.806062698364258
2003-01-15,20.372600555419922
2003-01-16,19.505678176879883
2003-01-17,18.5304012298584
2003-01-20,18.5304012298584
2003-01-21,18.638761520385742
2003-01-22,18.422029495239258
2003-01-23,18.638761520385742
2003-01-24,18.422029495239258
2003-01-27,18.74713134765625
2003-01-28,18.74713134765625
2003-01-29,18.74713134765625
2003-01-30,18.74713134765625
2003-01-31,18.74713134765625
2003-02-03,18.74713134765625
2003-02-04,18.74713134765625
2003-02-05,18.74713134765625
2003-02-06,17.663480758666992
2003-02-07,18.638761520385742
2003-02-10,18.5304012298584
2003-02-11,18.638761520385742
2003-02-12,18.855491638183594
2003-02-13,18.422029495239258
2003-02-14,18.638761520385742
2003-02-17,19.722414016723633
2003-02-18,20.264238357543945
2003-02-19,19.397319793701172
2003-02-20,20.155866622924805
2003-02-21,20.04750633239746
2003-02-24,19.830772399902344
2003-02-25,18.5304012298584
2003-02-26,18.5304012298584
2003-02-27,19.072227478027344
2003-02-28,19.072227478027344
2003-03-03,20.372600555419922
2003-03-04,21.02278709411621
2003-03-05,20.04750633239746
2003-03-06,20.914424896240234
2003-03-07,20.480960845947266
2003-03-10,19.830772399902344
2003-03-11,20.155866622924805
2003-03-12,20.914424896240234
2003-03-13,22.214799880981445
2003-03-14,21.564613342285156
2003-03-17,20.372600555419922
2003-03-18,21.347877502441406
2003-03-19,20.914424896240234
2003-03-20,21.13115692138672
2003-03-21,20.806062698364258
2003-03-24,20.806062698364258
2003-03-25,19.939146041870117
2003-03-26,19.722414016723633
2003-03-27,19.939146041870117
2003-03-28,20.155866622924805
2003-03-31,19.61405372619629
2003-04-01,20.04750633239746
2003-04-02,19.722414016723633
2003-04-03,19.939146041870117
2003-04-04,20.480960845947266
2003-04-07,20.697694778442383
2003-04-08,20.589332580566406
2003-04-09,20.264238357543945
2003-04-10,20.264238357543945
2003-04-11,20.372600555419922
2003-04-14,20.04750633239746
2003-04-15,20.372600555419922
2003-04-16,21.239519119262695
2003-04-17,20.697694778442383
2003-04-18,21.456253051757812
2003-04-21,22.86499786376953
2003-04-22,22.214799880981445
2003-04-23,21.781343460083008
2003-04-24,20.372600555419922
2003-04-25,19.722414016723633
2003-04-28,18.96385383605957
2003-04-29,19.180587768554688
2003-04-30,18.638761520385742
2003-05-01,18.638761520385742
2003-05-02,18.422029495239258
2003-05-05,17.880212783813477
2003-05-06,18.205305099487305
2003-05-07,18.422029495239258
2003-05-08,17.98857307434082
2003-05-09,18.205305099487305
2003-05-12,18.096933364868164
2003-05-13,18.422029495239258
2003-05-14,18.422029495239258
2003-05-15,18.096933364868164
2003-05-16,17.98857307434082
2003-05-19,17.663480758666992
2003-05-20,17.55510711669922
2003-05-21,17.338388442993164
2003-05-22,17.98857307434082
2003-05-23,18.422029495239258
2003-05-26,19.61405372619629
2003-05-27,19.397319793701172
2003-05-28,19.072227478027344
2003-05-29,18.855491638183594
2003-05-30,19.505678176879883
2003-06-02,20.697694778442383
2003-06-03,20.264238357543945
2003-06-04,20.264238357543945
2003-06-05,20.372600555419922
2003-06-06,20.806062698364258
2003-06-09,21.672983169555664
2003-06-10,23.02753257751465
2003-06-11,23.02753257751465
2003-06-12,23.163000106811523
2003-06-13,23.163000106811523
2003-06-16,23.298450469970703
2003-06-17,22.756635665893555
2003-06-18,22.892086029052734
2003-06-19,24.38210105895996
2003-06-20,26.007579803466797
2003-06-23,25.465747833251953
2003-06-24,26.41394805908203
2003-06-25,25.601198196411133
2003-06-26,25.330299377441406
2003-06-27,24.653017044067383
2003-06-30,23.975730895996094
2003-07-01,25.194833755493164
2003-07-02,25.601198196411133
2003-07-03,24.517549514770508
2003-07-04,26.14303207397461
2003-07-07,27.903963088989258
2003-07-08,29.80034828186035
2003-07-09,30.342178344726562
2003-07-10,29.258516311645508
2003-07-11,31.29036521911621
2003-07-14,29.935794830322266
2003-07-15,29.66489601135254
2003-07-16,31.696725845336914
2003-07-17,33.86402893066406
2003-07-18,33.59311294555664
2003-07-21,33.86402893066406
2003-07-22,33.86402893066406
2003-07-23,32.50946044921875
2003-07-24,34.676761627197266
2003-07-25,34.94767379760742
2003-07-28,35.895877838134766
2003-07-29,35.218589782714844
2003-07-30,35.760414123535156
2003-07-31,34.812225341796875
2003-08-01,35.083126068115234
2003-08-04,35.354042053222656
2003-08-05,32.91584396362305
2003-08-06,32.238563537597656
2003-08-07,33.32221221923828
2003-08-08,32.78037643432617
2003-08-11,32.78037643432617
2003-08-12,33.457664489746094
2003-08-13,35.218589782714844
2003-08-14,34.27039337158203
2003-08-15,34.27039337158203
2003-08-18,33.86402893066406
2003-08-19,33.32221221923828
2003-08-20,32.78037643432617
2003-08-21,33.457664489746094
2003-08-22,32.644927978515625
2003-08-25,31.83219337463379
2003-08-26,29.66489601135254
2003-08-27,29.529428482055664
2003-08-28,29.529428482055664
2003-08-29,30.613080978393555
2003-09-01,29.39397621154785
2003-09-02,30.342178344726562
2003-09-03,29.258516311645508
2003-09-04,27.903963088989258
2003-09-05,27.091232299804688
2003-09-08,27.091232299804688
2003-09-09,26.14303207397461
2003-09-10,26.820316314697266
2003-09-11,26.820316314697266
2003-09-12,27.497596740722656
2003-09-15,28.039413452148438
2003-09-16,27.497596740722656
2003-09-17,28.310333251953125
2003-09-18,29.66489601135254
2003-09-19,28.852149963378906
2003-09-22,27.633047103881836
2003-09-23,28.17487907409668
2003-09-24,27.76849937438965
2003-09-25,27.362131118774414
2003-09-26,27.633047103881836
2003-09-29,27.226680755615234
2003-09-30,27.362131118774414
2003-10-01,27.903963088989258
2003-10-02,28.310333251953125
2003-10-03,27.76849937438965
2003-10-06,27.226680755615234
2003-10-07,26.41394805908203
2003-10-08,25.872116088867188
2003-10-09,26.68484878540039
2003-10-10,26.68484878540039
2003-10-13,24.923931121826172
2003-10-14,23.975730895996094
2003-10-15,25.601198196411133
2003-10-16,24.788467407226562
2003-10-17,25.601198196411133
2003-10-20,25.736665725708008
2003-10-21,25.059383392333984
2003-10-22,25.330299377441406
2003-10-23,24.653017044067383
2003-10-24,24.11118507385254
2003-10-27,24.24664878845215
2003-10-28,24.24664878845215
2003-10-29,23.975730895996094
2003-10-30,23.975730895996094
2003-10-31,23.704816818237305
2003-11-03,22.0793514251709
2003-11-04,22.621166229248047
2003-11-05,22.214801788330078
2003-11-06,22.35026741027832
2003-11-07,22.214801788330078
2003-11-10,23.02753257751465
2003-11-11,24.517549514770508
2003-11-12,24.517549514770508
2003-11-13,26.14303207397461
2003-11-14,26.007579803466797
2003-11-17,24.923931121826172
2003-11-18,24.653017044067383
2003-11-19,25.059383392333984
2003-11-20,24.517549514770508
2003-11-21,24.38210105895996
2003-11-24,23.975730895996094
2003-11-25,24.517549514770508
2003-11-26,24.38210105895996
2003-11-27,24.653017044067383
2003-11-28,24.653017044067383
2003-12-01,25.736665725708008
2003-12-02,26.820316314697266
2003-12-03,28.310333251953125
2003-12-04,29.123064041137695
2003-12-05,28.58124542236328
2003-12-08,29.258516311645508
2003-12-09,28.852149963378906
2003-12-10,28.17487907409668
2003-12-11,28.987611770629883
2003-12-12,29.123064041137695
2003-12-15,29.66489601135254
2003-12-16,30.071260452270508
2003-12-17,30.342178344726562
2003-12-18,29.66489601135254
2003-12-19,29.39397621154785
2003-12-22,29.258516311645508
2003-12-23,29.529428482055664
2003-12-24,29.39397621154785
2003-12-25,28.852149963378906
2003-12-26,29.80034828186035
2003-12-29,28.852149963378906
2003-12-30,30.206714630126953
2003-12-31,29.80034828186035
2004-01-01,29.80034828186035
2004-01-02,30.071260452270508
2004-01-05,30.071260452270508
2004-01-06,28.852149963378906
2004-01-07,28.310333251953125
2004-01-08,28.71669578552246
2004-01-09,29.258516311645508
2004-01-12,29.258516311645508
2004-01-13,28.987611770629883
2004-01-14,29.39397621154785
2004-01-15,28.987611770629883
2004-01-16,28.58124542236328
2004-01-19,28.58124542236328
2004-01-20,28.58124542236328
2004-01-21,28.58124542236328
2004-01-22,28.58124542236328
2004-01-23,28.58124542236328
2004-01-26,28.58124542236328
2004-01-27,30.477630615234375
2004-01-28,32.50946044921875
2004-01-29,33.457664489746094
2004-01-30,35.760414123535156
2004-02-02,35.48950958251953
2004-02-03,34.40585708618164
2004-02-04,36.7086067199707
2004-02-05,37.92770767211914
2004-02-06,37.52134323120117
2004-02-09,37.65680694580078
2004-02-10,38.06317138671875
2004-02-11,35.48950958251953
2004-02-12,35.218589782714844
2004-02-13,35.760414123535156
2004-02-16,35.218589782714844
2004-02-17,35.48950958251953
2004-02-18,37.92770767211914
2004-02-19,37.792259216308594
2004-02-20,37.92770767211914
2004-02-23,37.52134323120117
2004-02-24,37.25044250488281
2004-02-25,38.87590789794922
2004-02-26,38.06317138671875
2004-02-27,40.50138854980469
2004-03-01,41.4495735168457
2004-03-02,40.50138854980469
2004-03-03,40.6368408203125
2004-03-04,42.53321838378906
2004-03-05,40.09500503540039
2004-03-08,40.77228927612305
2004-03-09,40.50138854980469
2004-03-10,39.68864059448242
2004-03-11,40.36592102050781
2004-03-12,40.77228927612305
2004-03-15,37.92770767211914
2004-03-16,38.740455627441406
2004-03-17,39.011356353759766
2004-03-18,40.36592102050781
2004-03-19,39.68864059448242
2004-03-22,36.979522705078125
2004-03-23,34.676761627197266
2004-03-24,35.083126068115234
2004-03-25,34.676761627197266
2004-03-26,35.083126068115234
2004-03-29,37.52134323120117
2004-03-30,39.68864059448242
2004-03-31,39.011356353759766
2004-04-01,40.36592102050781
2004-04-02,39.68864059448242
2004-04-05,40.6368408203125
2004-04-06,38.87590789794922
2004-04-07,39.41773986816406
2004-04-08,39.28227233886719
2004-04-09,38.60498809814453
2004-04-12,40.50138854980469
2004-04-13,41.178653717041016
2004-04-14,43.887786865234375
2004-04-15,42.93958282470703
2004-04-16,45.377803802490234
2004-04-19,46.055084228515625
2004-04-20,46.867820739746094
2004-04-21,45.51325225830078
2004-04-22,43.21050262451172
2004-04-23,43.48141860961914
2004-04-26,44.565067291259766
2004-04-27,43.48141860961914
2004-04-28,42.80413818359375
2004-04-29,41.314125061035156
2004-04-30,38.740455627441406
2004-05-03,36.03133010864258
2004-05-04,38.469539642333984
2004-05-05,35.895877838134766
2004-05-06,35.895877838134766
2004-05-07,37.11497497558594
2004-05-10,35.48950958251953
2004-05-11,34.812225341796875
2004-05-12,36.302242279052734
2004-05-13,36.302242279052734
2004-05-14,33.99949264526367
2004-05-17,31.696725845336914
2004-05-18,31.425809860229492
2004-05-19,33.59311294555664
2004-05-20,33.86402893066406
2004-05-21,36.16679382324219
2004-05-24,36.16679382324219
2004-05-25,36.43769836425781
2004-05-26,36.573158264160156
2004-05-27,35.760414123535156
2004-05-28,36.302242279052734
2004-05-31,33.86402893066406
2004-06-01,33.186744689941406
2004-06-02,31.83219337463379
2004-06-03,29.80034828186035
2004-06-04,29.80034828186035
2004-06-07,31.696725845336914
2004-06-08,31.696725845336914
2004-06-09,32.103092193603516
2004-06-10,31.154905319213867
2004-06-11,30.88399887084961
2004-06-14,28.852149963378906
2004-06-15,29.123064041137695
2004-06-16,27.091232299804688
2004-06-17,28.310333251953125
2004-06-18,27.633047103881836
2004-06-21,25.736665725708008
2004-06-22,25.736665725708008
2004-06-23,26.278484344482422
2004-06-24,28.039413452148438
2004-06-25,29.529428482055664
2004-06-28,28.310333251953125
2004-06-29,28.804258346557617
2004-06-30,29.582754135131836
2004-07-01,29.42704200744629
2004-07-02,28.648561477661133
2004-07-05,27.40297508239746
2004-07-06,28.181472778320312
2004-07-07,28.648561477661133
2004-07-08,28.648561477661133
2004-07-09,30.51694107055664
2004-07-12,29.894155502319336
2004-07-13,28.804258346557617
2004-07-14,28.648561477661133
2004-07-15,28.181472778320312
2004-07-16,28.025760650634766
2004-07-19,27.09157371520996
2004-07-20,25.22317886352539
2004-07-21,25.690292358398438
2004-07-22,25.690292358398438
2004-07-23,26.157386779785156
2004-07-26,26.78017234802246
2004-07-27,27.24726676940918
2004-07-28,26.78017234802246
2004-07-29,26.157386779785156
2004-07-30,26.157386779785156
2004-08-02,25.067487716674805
2004-08-03,25.53458023071289
2004-08-04,25.53458023071289
2004-08-05,27.24726676940918
2004-08-06,27.24726676940918
2004-08-09,27.24726676940918
2004-08-10,27.24726676940918
2004-08-11,26.78017234802246
2004-08-12,26.78017234802246
2004-08-13,26.468769073486328
2004-08-16,26.00167465209961
2004-08-17,26.00167465209961
2004-08-18,26.62447738647461
2004-08-19,27.714359283447266
2004-08-20,27.714359283447266
2004-08-23,27.40297508239746
2004-08-24,27.40297508239746
2004-08-25,27.40297508239746
2004-08-26,28.337160110473633
2004-08-27,28.025760650634766
2004-08-30,26.935863494873047
2004-08-31,25.690292358398438
2004-09-01,27.40297508239746
2004-09-02,28.492855072021484
2004-09-03,27.55866813659668
2004-09-06,27.09157371520996
2004-09-07,27.40297508239746
2004-09-08,27.55866813659668
2004-09-09,28.025760650634766
2004-09-10,27.24726676940918
2004-09-13,27.55866813659668
2004-09-14,28.025760650634766
2004-09-15,27.55866813659668
2004-09-16,28.337160110473633
2004-09-17,27.870067596435547
2004-09-20,26.78017234802246
2004-09-21,26.935863494873047
2004-09-22,27.24726676940918
2004-09-23,26.157386779785156
2004-09-24,25.378889083862305
2004-09-27,24.600393295288086
2004-09-28,24.600393295288086
2004-09-29,24.13330078125
2004-09-30,24.444684982299805
2004-10-01,24.756086349487305
2004-10-04,24.756086349487305
2004-10-05,24.756086349487305
2004-10-06,25.067487716674805
2004-10-07,24.91179656982422
2004-10-08,24.756086349487305
2004-10-11,24.13330078125
2004-10-12,23.35480499267578
2004-10-13,23.04340171813965
2004-10-14,23.199094772338867
2004-10-15,22.264904022216797
2004-10-18,20.863624572753906
2004-10-19,21.797813415527344
2004-10-20,21.330717086791992
2004-10-21,21.330717086791992
2004-10-22,21.486408233642578
2004-10-25,21.486408233642578
2004-10-26,20.00728416442871
2004-10-27,18.99523162841797
2004-10-28,19.15093994140625
2004-10-29,19.462343215942383
2004-11-01,18.13888931274414
2004-11-02,18.99523162841797
2004-11-03,19.851591110229492
2004-11-04,19.54018783569336
2004-11-05,19.54018783569336
2004-11-08,19.073095321655273
2004-11-09,19.30663299560547
2004-11-10,19.462343215942383
2004-11-11,20.785778045654297
2004-11-12,21.642120361328125
2004-11-15,21.252872467041016
2004-11-16,21.252872467041016
2004-11-17,22.73200225830078
2004-11-18,23.510494232177734
2004-11-19,23.35480499267578
2004-11-22,21.7199649810791
2004-11-23,21.175025939941406
2004-11-24,21.642120361328125
2004-11-25,21.019317626953125
2004-11-26,21.019317626953125
2004-11-29,21.486408233642578
2004-11-30,21.330717086791992
2004-12-01,21.330717086791992
2004-12-02,21.642120361328125
2004-12-03,21.797813415527344
2004-12-06,21.564273834228516
2004-12-07,21.642120361328125
2004-12-08,21.330717086791992
2004-12-09,22.576309204101562
2004-12-10,22.187061309814453
2004-12-13,22.109214782714844
2004-12-14,22.109214782714844
2004-12-15,22.73200225830078
2004-12-16,22.42061424255371
2004-12-17,22.187061309814453
2004-12-20,21.564273834228516
2004-12-21,21.797813415527344
2004-12-22,21.7199649810791
2004-12-23,21.486408233642578
2004-12-24,21.875656127929688
2004-12-27,21.642120361328125
2004-12-28,21.642120361328125
2004-12-29,21.953521728515625
2004-12-30,21.7199649810791
2004-12-31,21.875656127929688
2005-01-03,21.797813415527344
2005-01-04,21.564273834228516
2005-01-05,21.564273834228516
2005-01-06,21.408565521240234
2005-01-07,19.92943572998047
2005-01-10,19.30663299560547
2005-01-11,19.61803436279297
2005-01-12,19.30663299560547
2005-01-13,19.073095321655273
2005-01-14,18.917383193969727
2005-01-17,19.462343215942383
2005-01-18,19.462343215942383
2005-01-19,19.384479522705078
2005-01-20,20.162975311279297
2005-01-21,20.162975311279297
2005-01-24,19.54018783569336
2005-01-25,19.54018783569336
2005-01-26,19.54018783569336
2005-01-27,19.61803436279297
2005-01-28,20.318683624267578
2005-01-31,21.7199649810791
2005-02-01,22.031370162963867
2005-02-02,21.875656127929688
2005-02-03,21.875656127929688
2005-02-04,21.875656127929688
2005-02-07,21.875656127929688
2005-02-08,21.875656127929688
2005-02-09,21.875656127929688
2005-02-10,21.875656127929688
2005-02-11,21.875656127929688
2005-02-14,21.953521728515625
2005-02-15,21.797813415527344
2005-02-16,22.65415382385254
2005-02-17,22.498462677001953
2005-02-18,23.510494232177734
2005-02-21,22.809864044189453
2005-02-22,22.809864044189453
2005-02-23,23.35480499267578
2005-02-24,22.264904022216797
2005-02-25,22.576309204101562
2005-02-28,22.576309204101562
2005-03-01,22.809864044189453
2005-03-02,22.187061309814453
2005-03-03,21.642120361328125
2005-03-04,21.642120361328125
2005-03-07,21.797813415527344
2005-03-08,21.953521728515625
2005-03-09,23.04340171813965
2005-03-10,23.977590560913086
2005-03-11,25.612428665161133
2005-03-14,25.067487716674805
2005-03-15,23.899744033813477
2005-03-16,24.21114730834961
2005-03-17,23.821895599365234
2005-03-18,23.35480499267578
2005-03-21,24.52254867553711
2005-03-22,24.444684982299805
2005-03-23,24.678239822387695
2005-03-24,24.444684982299805
2005-03-25,23.977590560913086
2005-03-28,23.744050979614258
2005-03-29,23.66620635986328
2005-03-30,23.744050979614258
2005-03-31,24.288990020751953
2005-04-01,25.923830032348633
2005-04-04,26.00167465209961
2005-04-05,26.00167465209961
2005-04-06,26.31307601928711
2005-04-07,24.756086349487305
2005-04-08,24.288990020751953
2005-04-11,24.600393295288086
2005-04-12,24.444684982299805
2005-04-13,24.13330078125
2005-04-14,23.977590560913086
2005-04-15,23.04340171813965
2005-04-18,21.486408233642578
2005-04-19,21.953521728515625
2005-04-20,20.474376678466797
2005-04-21,20.55222511291504
2005-04-22,20.55222511291504
2005-04-25,20.085128784179688
2005-04-26,20.785778045654297
2005-04-27,20.318683624267578
2005-04-28,20.785778045654297
2005-04-29,21.486408233642578
2005-05-02,21.486408233642578
2005-05-03,20.863624572753906
2005-05-04,20.55222511291504
2005-05-05,21.330717086791992
2005-05-06,21.252872467041016
2005-05-09,20.785778045654297
2005-05-10,20.785778045654297
2005-05-11,20.55222511291504
2005-05-12,20.785778045654297
2005-05-13,21.019317626953125
2005-05-16,20.55222511291504
2005-05-17,20.396528244018555
2005-05-18,20.396528244018555
2005-05-19,20.55222511291504
2005-05-20,20.785778045654297
2005-05-23,20.396528244018555
2005-05-24,20.396528244018555
2005-05-25,20.474376678466797
2005-05-26,20.785778045654297
2005-05-27,21.175025939941406
2005-05-30,21.0971622467041
2005-05-31,21.330717086791992
2005-06-01,22.809864044189453
2005-06-02,23.432649612426758
2005-06-03,23.821895599365234
2005-06-06,23.432649612426758
2005-06-07,22.96555519104004
2005-06-08,23.199094772338867
2005-06-09,24.756086349487305
2005-06-10,24.83393096923828
2005-06-13,24.52254867553711
2005-06-14,23.35480499267578
2005-06-15,23.821895599365234
2005-06-16,24.13330078125
2005-06-17,25.76813507080078
2005-06-20,25.14533233642578
2005-06-21,25.067487716674805
2005-06-22,24.444684982299805
2005-06-23,24.444684982299805
2005-06-24,24.52254867553711
2005-06-27,24.13330078125
2005-06-28,24.36683464050293
2005-06-29,23.899744033813477
2005-06-30,23.66620635986328
2005-07-01,24.13330078125
2005-07-04,24.21114730834961
2005-07-05,23.899744033813477
2005-07-06,23.977590560913086
2005-07-07,23.199094772338867
2005-07-08,23.510494232177734
2005-07-11,23.588359832763672
2005-07-12,23.977590560913086
2005-07-13,24.21114730834961
2005-07-14,24.678239822387695
2005-07-15,24.678239822387695
2005-07-18,24.678239822387695
2005-07-19,23.977590560913086
2005-07-20,23.744050979614258
2005-07-21,23.821895599365234
2005-07-22,23.199094772338867
2005-07-25,23.35480499267578
2005-07-26,22.42061424255371
2005-07-27,21.330717086791992
2005-07-28,21.564273834228516
2005-07-29,20.085128784179688
2005-08-01,20.00728416442871
2005-08-02,19.773727416992188
2005-08-03,20.396528244018555
2005-08-04,20.162975311279297
2005-08-05,20.162975311279297
2005-08-08,20.085128784179688
2005-08-09,20.085128784179688
2005-08-10,19.695880889892578
2005-08-11,19.92943572998047
2005-08-12,20.085128784179688
2005-08-15,20.24083709716797
2005-08-16,20.00728416442871
2005-08-17,19.695880889892578
2005-08-18,19.92943572998047
2005-08-19,19.773727416992188
2005-08-22,19.92943572998047
2005-08-23,19.92943572998047
2005-08-24,18.76169204711914
2005-08-25,17.671794891357422
2005-08-26,17.516101837158203
2005-08-29,17.593948364257812
2005-08-30,17.360410690307617
2005-08-31,16.737606048583984
2005-09-01,16.737606048583984
2005-09-02,17.905351638793945
2005-09-05,18.839536666870117
2005-09-06,18.372446060180664
2005-09-07,18.06104278564453
2005-09-08,18.13888931274414
2005-09-09,17.438255310058594
2005-09-12,17.905351638793945
2005-09-13,17.438255310058594
2005-09-14,17.204700469970703
2005-09-15,17.282546997070312
2005-09-16,19.188791275024414
2005-09-19,18.229352951049805
2005-09-20,18.59393882751465
2005-09-21,17.960710525512695
2005-09-22,17.807199478149414
2005-09-23,17.576932907104492
2005-09-26,17.538557052612305
2005-09-27,17.269912719726562
2005-09-28,16.061017990112305
2005-09-29,17.173967361450195
2005-09-30,17.36585807800293
2005-10-03,17.327478408813477
2005-10-04,17.480989456176758
2005-10-05,17.480989456176758
2005-10-06,17.346670150756836
2005-10-07,17.404233932495117
2005-10-10,17.404233932495117
2005-10-11,16.828571319580078
2005-10-12,15.830755233764648
2005-10-13,15.830755233764648
2005-10-14,15.926698684692383
2005-10-17,14.83293628692627
2005-10-18,14.85212516784668
2005-10-19,13.85430908203125
2005-10-20,13.969442367553711
2005-10-21,13.85430908203125
2005-10-24,13.681609153747559
2005-10-25,13.624043464660645
2005-10-26,13.048379898071289
2005-10-27,12.626225471496582
2005-10-28,12.491904258728027
2005-10-31,13.355400085449219
2005-11-01,13.528099060058594
2005-11-02,13.528099060058594
2005-11-03,13.719987869262695
2005-11-04,14.10376262664795
2005-11-07,13.585664749145508
2005-11-08,13.432153701782227
2005-11-09,14.046196937561035
2005-11-10,13.815930366516113
2005-11-11,14.775370597839355
2005-11-14,15.427789688110352
2005-11-15,15.427789688110352
2005-11-16,16.502363204956055
2005-11-17,17.653690338134766
2005-11-18,17.36585807800293
2005-11-21,17.078025817871094
2005-11-22,17.404233932495117
2005-11-23,17.154781341552734
2005-11-24,17.308292388916016
2005-11-25,17.36585807800293
2005-11-28,17.653690338134766
2005-11-29,18.881772994995117
2005-11-30,18.344486236572266
2005-12-01,17.883956909179688
2005-12-02,17.51936912536621
2005-12-05,17.500179290771484
2005-12-06,17.327478408813477
2005-12-07,17.308292388916016
2005-12-08,17.653690338134766
2005-12-09,18.344486236572266
2005-12-12,17.845577239990234
2005-12-13,19.092851638793945
2005-12-14,18.42124366760254
2005-12-15,18.47880744934082
2005-12-16,18.4404296875
2005-12-19,18.344486236572266
2005-12-20,18.6323184967041
2005-12-21,18.6323184967041
2005-12-22,18.805017471313477
2005-12-23,19.112035751342773
2005-12-26,20.436065673828125
2005-12-27,19.860401153564453
2005-12-28,19.28473663330078
2005-12-29,19.572568893432617
2005-12-30,20.91578483581543
2006-01-02,22.354944229125977
2006-01-03,22.163057327270508
2006-01-04,21.683338165283203
2006-01-05,21.395503997802734
2006-01-06,21.4914493560791
2006-01-09,21.4914493560791
2006-01-10,21.011730194091797
2006-01-11,21.203617095947266
2006-01-12,19.860401153564453
2006-01-13,19.38068199157715
2006-01-16,19.38068199157715
2006-01-17,19.572568893432617
2006-01-18,18.51718521118164
2006-01-19,19.76445770263672
2006-01-20,19.28473663330078
2006-01-23,17.960710525512695
2006-01-24,18.47880744934082
2006-01-25,18.344486236572266
2006-02-03,18.805017471313477
2006-02-06,18.805017471313477
2006-02-07,19.188791275024414
2006-02-08,18.90096092224121
2006-02-09,19.188791275024414
2006-02-10,18.805017471313477
2006-02-13,19.112035751342773
2006-02-14,19.38068199157715
2006-02-15,19.860401153564453
2006-02-16,19.956344604492188
2006-02-17,19.572568893432617
2006-02-20,19.572568893432617
2006-02-21,19.092851638793945
2006-02-22,18.229352951049805
2006-02-23,17.653690338134766
2006-02-24,17.67287826538086
2006-02-27,18.402053833007812
2006-03-01,18.90096092224121
2006-03-02,18.6323184967041
2006-03-03,17.94152069091797
2006-03-06,17.922332763671875
2006-03-07,18.2485408782959
2006-03-08,18.190977096557617
2006-03-09,18.01827621459961
2006-03-10,17.845577239990234
2006-03-13,17.999088287353516
2006-03-14,17.538557052612305
2006-03-15,17.55774688720703
2006-03-16,17.327478408813477
2006-03-17,17.55774688720703
2006-03-20,17.289104461669922
2006-03-21,17.09721565246582
2006-03-22,16.982084274291992
2006-03-23,16.79019546508789
2006-03-24,17.21234703063965
2006-03-27,16.847761154174805
2006-03-28,15.926698684692383
2006-03-29,15.542922019958496
2006-03-30,15.926698684692383
2006-03-31,16.00345230102539
2006-04-03,16.44479751586914
2006-04-04,16.02264404296875
2006-04-06,16.195341110229492
2006-04-07,16.195341110229492
2006-04-10,16.483173370361328
2006-04-11,16.368040084838867
2006-04-12,16.962890625
2006-04-13,18.13340950012207
2006-04-14,18.42124366760254
2006-04-17,19.169605255126953
2006-04-18,18.996906280517578
2006-04-19,18.42124366760254
2006-04-20,19.668514251708984
2006-04-21,19.668514251708984
2006-04-24,19.476627349853516
2006-04-25,18.805017471313477
2006-04-26,19.38068199157715
2006-04-27,19.092851638793945
2006-04-28,19.28473663330078
2006-05-02,18.4404296875
2006-05-03,18.267730712890625
2006-05-04,18.056655883789062
2006-05-05,17.423423767089844
2006-05-08,17.154781341552734
2006-05-09,17.173967361450195
2006-05-10,17.039648056030273
2006-05-11,17.327478408813477
2006-05-12,17.346670150756836
2006-05-15,16.905324935913086
2006-05-16,16.905324935913086
2006-05-17,16.962890625
2006-05-18,17.55774688720703
2006-05-19,17.615314483642578
2006-05-22,16.886138916015625
2006-05-23,16.483173370361328
2006-05-24,16.02264404296875
2006-05-25,16.272096633911133
2006-05-26,15.734809875488281
2006-05-29,15.773187637329102
2006-05-30,15.773187637329102
2006-06-01,16.02264404296875
2006-06-02,15.830755233764648
2006-06-05,15.446979522705078
2006-06-06,15.408600807189941
2006-06-07,14.334028244018555
2006-06-08,13.336211204528809
2006-06-09,12.856492042541504
2006-06-12,11.992996215820312
2006-06-13,12.204071998596191
2006-06-14,12.4727144241333
2006-06-15,12.395959854125977
2006-06-16,12.702980995178223
2006-06-19,12.702980995178223
2006-06-20,12.204071998596191
2006-06-21,11.68597412109375
2006-06-22,12.127317428588867
2006-06-23,11.935429573059082
2006-06-26,12.760546684265137
2006-06-27,12.933246612548828
2006-06-28,12.664603233337402
2006-06-29,13.547287940979004
2006-06-30,13.393777847290039
2006-07-03,13.163511276245117
2006-07-04,13.355400085449219
2006-07-05,13.010001182556152
2006-07-06,13.048379898071289
2006-07-07,13.278645515441895
2006-07-10,13.182701110839844
2006-07-11,13.144323348999023
2006-07-12,13.182701110839844
2006-07-13,12.856492042541504
2006-07-14,12.204071998596191
2006-07-17,11.628408432006836
2006-07-18,11.877863883972168
2006-07-19,11.839484214782715
2006-07-20,12.184883117675781
2006-07-21,12.012185096740723
2006-07-24,11.801107406616211
2006-07-25,11.935429573059082
2006-07-26,11.781919479370117
2006-07-27,11.801107406616211
2006-07-28,11.781919479370117
2006-07-31,11.877863883972168
2006-08-01,11.76272964477539
2006-08-02,11.68597412109375
2006-08-03,12.088939666748047
2006-08-04,11.76272964477539
2006-08-07,12.338394165039062
2006-08-08,12.204071998596191
2006-08-09,12.280827522277832
2006-08-10,12.4727144241333
2006-08-11,12.338394165039062
2006-08-14,12.204071998596191
2006-08-15,12.530282974243164
2006-08-16,13.048379898071289
2006-08-17,12.741358757019043
2006-08-18,12.722169876098633
2006-08-21,11.858674049377441
2006-08-22,11.973807334899902
2006-08-23,11.781919479370117
2006-08-24,11.801107406616211
2006-08-25,11.666787147521973
2006-08-28,10.91842269897461
2006-08-29,10.170060157775879
2006-08-30,9.786283493041992
2006-08-31,10.170060157775879
2006-09-01,10.074116706848145
2006-09-04,9.786283493041992
2006-09-05,9.709528923034668
2006-09-06,9.037920951843262
2006-09-07,9.325752258300781
2006-09-08,9.978171348571777
2006-09-11,9.978171348571777
2006-09-12,9.767095565795898
2006-09-13,9.709528923034668
2006-09-14,9.037920951843262
2006-09-15,9.095488548278809
2006-09-18,9.632773399353027
2006-09-19,9.498453140258789
2006-09-20,9.498453140258789
2006-09-21,9.5176420211792
2006-09-22,9.613585472106934
2006-09-25,9.728717803955078
2006-09-26,9.594395637512207
2006-09-27,9.594395637512207
2006-09-28,9.498453140258789
2006-09-29,9.421696662902832
2006-10-02,9.479264259338379
2006-10-03,9.498453140258789
2006-10-04,9.594395637512207
2006-10-05,9.594395637512207
2006-10-09,9.594395637512207
2006-10-11,9.344942092895508
2006-10-12,9.728717803955078
2006-10-13,9.690340995788574
2006-10-16,9.709528923034668
2006-10-17,9.728717803955078
2006-10-18,9.728717803955078
2006-10-19,9.978171348571777
2006-10-20,10.668970108032227
2006-10-23,10.381135940551758
2006-10-24,10.170060157775879
2006-10-25,10.035738945007324
2006-10-26,9.86303997039795
2006-10-27,9.805473327636719
2006-10-30,9.805473327636719
2006-10-31,9.86303997039795
2006-11-01,9.594395637512207
2006-11-02,9.210620880126953
2006-11-03,9.460073471069336
2006-11-06,9.306564331054688
2006-11-07,9.939794540405273
2006-11-08,9.651963233947754
2006-11-09,9.575207710266113
2006-11-10,9.556017875671387
2006-11-13,9.479264259338379
2006-11-14,9.632773399353027
2006-11-15,10.131683349609375
2006-11-16,10.822479248046875
2006-11-17,11.570841789245605
2006-11-20,11.76272964477539
2006-11-21,11.513275146484375
2006-11-22,11.43652057647705
2006-11-23,11.321388244628906
2006-11-24,11.820297241210938
2006-11-27,11.70516300201416
2006-11-28,11.935429573059082
2006-11-29,12.760546684265137
2006-11-30,13.470532417297363
2006-12-01,13.585664749145508
2006-12-04,13.20189094543457
2006-12-05,12.779736518859863
2006-12-06,12.933246612548828
2006-12-07,12.818113327026367
2006-12-08,12.971624374389648
2006-12-11,13.355400085449219
2006-12-12,12.818113327026367
2006-12-13,12.511093139648438
2006-12-14,12.760546684265137
2006-12-15,12.568659782409668
2006-12-18,12.683793067932129
2006-12-19,12.971624374389648
2006-12-20,13.125134468078613
2006-12-21,13.029189109802246
2006-12-22,12.798925399780273
2006-12-25,12.702980995178223
2006-12-26,12.856492042541504
2006-12-27,12.990813255310059
2006-12-28,12.990813255310059
2006-12-29,13.892685890197754
2007-01-02,14.85212516784668
2007-01-03,14.391596794128418
2007-01-04,14.94806957244873
2007-01-05,14.813749313354492
2007-01-08,13.85430908203125
2007-01-09,13.91187572479248
2007-01-10,13.585664749145508
2007-01-11,12.990813255310059
2007-01-12,13.278645515441895
2007-01-15,13.278645515441895
2007-01-16,13.470532417297363
2007-01-17,14.410782814025879
2007-01-18,14.372406959533691
2007-01-19,13.739175796508789
2007-01-22,13.508910179138184
2007-01-23,13.700798034667969
2007-01-24,13.60485553741455
2007-01-25,13.566476821899414
2007-01-26,13.470532417297363
2007-01-29,13.086756706237793
2007-01-30,13.086756706237793
2007-01-31,13.489721298217773
2007-02-01,13.470532417297363
2007-02-02,13.489721298217773
2007-02-05,13.297833442687988
2007-02-06,13.470532417297363
2007-02-07,13.278645515441895
2007-02-08,13.221077919006348
2007-02-09,13.048379898071289
2007-02-12,12.626225471496582
2007-02-13,12.4727144241333
2007-02-14,12.300017356872559
2007-02-26,11.455709457397461
2007-02-27,11.858674049377441
2007-03-01,12.683793067932129
2007-03-02,12.568659782409668
2007-03-05,11.609219551086426
2007-03-06,11.820297241210938
2007-03-07,11.839484214782715
2007-03-08,12.664603233337402
2007-03-09,12.4727144241333
2007-03-12,12.568659782409668
2007-03-13,12.568659782409668
2007-03-14,12.204071998596191
2007-03-15,12.491904258728027
2007-03-16,12.223260879516602
2007-03-19,13.0675687789917
2007-03-20,12.798925399780273
2007-03-21,12.798925399780273
2007-03-22,12.760546684265137
2007-03-23,13.643231391906738
2007-03-26,13.87349796295166
2007-03-27,13.470532417297363
2007-03-28,13.508910179138184
2007-03-29,13.547287940979004
2007-03-30,14.10376262664795
2007-04-02,14.353216171264648
2007-04-03,14.334028244018555
2007-04-04,14.525917053222656
2007-04-09,14.621859550476074
2007-04-10,14.372406959533691
2007-04-11,14.775370597839355
2007-04-12,14.641050338745117
2007-04-13,13.83512020111084
2007-04-16,14.027007102966309
2007-04-17,15.005636215209961
2007-04-18,15.715621948242188
2007-04-19,16.809383392333984
2007-04-20,17.979900360107422
2007-04-23,18.51718521118164
2007-04-24,18.13340950012207
2007-04-25,17.960710525512695
2007-04-26,18.28692054748535
2007-04-27,17.7496337890625
2007-04-30,16.905324935913086
2007-05-02,15.753998756408691
2007-05-03,15.159148216247559
2007-05-04,15.159148216247559
2007-05-07,16.21453094482422
2007-05-08,17.25072479248047
2007-05-09,17.001270294189453
2007-05-10,17.039648056030273
2007-05-11,17.039648056030273
2007-05-14,17.269912719726562
2007-05-15,16.982084274291992
2007-05-16,17.269912719726562
2007-05-17,17.058835983276367
2007-05-18,16.847761154174805
2007-05-21,17.173967361450195
2007-05-22,17.173967361450195
2007-05-23,17.768823623657227
2007-05-24,18.152599334716797
2007-05-25,17.63450050354004
2007-05-28,16.694250106811523
2007-05-29,17.001270294189453
2007-05-30,17.308292388916016
2007-05-31,17.269912719726562
2007-06-01,17.001270294189453
2007-06-04,17.09721565246582
2007-06-05,17.269912719726562
2007-06-06,17.576932907104492
2007-06-07,17.653690338134766
2007-06-08,17.269912719726562
2007-06-11,17.36585807800293
2007-06-12,17.90314483642578
2007-06-13,17.480989456176758
2007-06-14,17.36585807800293
2007-06-15,17.500179290771484
2007-06-20,17.999088287353516
2007-06-21,17.67287826538086
2007-06-22,17.692068099975586
2007-06-25,18.037466049194336
2007-06-26,17.692068099975586
2007-06-27,18.075841903686523
2007-06-28,17.999088287353516
2007-06-29,19.188791275024414
2007-07-02,20.53200912475586
2007-07-03,19.860401153564453
2007-07-04,19.572568893432617
2007-07-05,19.860401153564453
2007-07-06,21.203617095947266
2007-07-09,22.642776489257812
2007-07-10,22.354944229125977
2007-07-11,21.779281616210938
2007-07-12,22.163057327270508
2007-07-13,21.203617095947266
2007-07-16,21.587392807006836
2007-07-17,21.587392807006836
2007-07-18,20.53200912475586
2007-07-19,20.723896026611328
2007-07-20,20.819841384887695
2007-07-23,21.4914493560791
2007-07-24,20.723896026611328
2007-07-25,22.163057327270508
2007-07-26,22.642776489257812
2007-07-27,22.06711196899414
2007-07-30,21.875225067138672
2007-07-31,21.875225067138672
2007-08-01,20.91578483581543
2007-08-02,19.860401153564453
2007-08-03,21.203617095947266
2007-08-06,22.642776489257812
2007-08-07,23.026552200317383
2007-08-08,22.546833038330078
2007-08-09,22.642776489257812
2007-08-10,24.177879333496094
2007-08-13,23.026552200317383
2007-08-14,22.06711196899414
2007-08-15,21.203617095947266
2007-08-16,19.860401153564453
2007-08-17,19.28473663330078
2007-08-20,20.627952575683594
2007-08-21,19.956344604492188
2007-08-22,20.340120315551758
2007-08-23,21.299558639526367
2007-08-24,20.723896026611328
2007-08-27,20.53200912475586
2007-08-28,20.436065673828125
2007-08-29,19.860401153564453
2007-08-30,19.476627349853516
2007-08-31,19.860401153564453
2007-09-03,19.572568893432617
2007-09-04,19.572568893432617
2007-09-05,19.572568893432617
2007-09-06,20.91578483581543
2007-09-07,20.340120315551758
2007-09-10,21.107675552368164
2007-09-11,21.4914493560791
2007-09-12,20.723896026611328
2007-09-13,20.340120315551758
2007-09-14,20.244176864624023
2007-09-17,20.052289962768555
2007-09-18,20.052289962768555
2007-09-19,19.668514251708984
2007-09-20,19.572568893432617
2007-09-21,20.148235321044922
2007-09-26,20.436065673828125
2007-09-27,21.779281616210938
2007-09-28,20.91578483581543
2007-10-01,21.299558639526367
2007-10-02,21.395503997802734
2007-10-03,20.723896026611328
2007-10-04,21.011730194091797
2007-10-05,21.011730194091797
2007-10-08,21.299558639526367
2007-10-09,21.4914493560791
2007-10-11,21.107675552368164
2007-10-12,20.436065673828125
2007-10-15,21.299558639526367
2007-10-16,21.203617095947266
2007-10-17,21.779281616210938
2007-10-18,21.4914493560791
2007-10-19,21.203617095947266
2007-10-22,20.627952575683594
2007-10-23,21.4914493560791
2007-10-24,20.53200912475586
2007-10-25,21.107675552368164
2007-10-26,20.819841384887695
2007-10-29,20.723896026611328
2007-10-30,20.627952575683594
2007-10-31,21.971166610717773
2007-11-01,20.819841384887695
2007-11-02,20.91578483581543
2007-11-05,21.299558639526367
2007-11-06,21.107675552368164
2007-11-07,20.819841384887695
2007-11-08,19.668514251708984
2007-11-09,19.76445770263672
2007-11-12,18.51718521118164
2007-11-13,18.613130569458008
2007-11-14,19.28473663330078
2007-11-15,18.958528518676758
2007-11-16,18.382862091064453
2007-11-19,19.150415420532227
2007-11-20,18.958528518676758
2007-11-21,18.805017471313477
2007-11-22,18.651506423950195
2007-11-23,18.056655883789062
2007-11-26,18.075841903686523
2007-11-27,17.231536865234375
2007-11-28,16.751815795898438
2007-11-29,16.809383392333984
2007-11-30,17.25072479248047
2007-12-03,17.308292388916016
2007-12-04,17.55774688720703
2007-12-05,18.47880744934082
2007-12-06,18.037466049194336
2007-12-07,18.229352951049805
2007-12-10,18.42124366760254
2007-12-11,18.651506423950195
2007-12-12,18.229352951049805
2007-12-13,17.269912719726562
2007-12-14,18.47880744934082
2007-12-17,17.269912719726562
2007-12-18,18.13340950012207
2007-12-19,18.152599334716797
2007-12-20,17.308292388916016
2007-12-21,17.385047912597656
2007-12-24,17.576932907104492
2007-12-25,17.538557052612305
2007-12-26,17.346670150756836
2007-12-27,17.7496337890625
2007-12-28,18.13340950012207
2007-12-31,19.1312255859375
2008-01-02,19.28473663330078
2008-01-03,19.572568893432617
2008-01-04,19.956344604492188
2008-01-07,18.574752807617188
2008-01-08,18.325298309326172
2008-01-09,18.47880744934082
2008-01-10,18.47880744934082
2008-01-11,18.536373138427734
2008-01-14,18.382862091064453
2008-01-15,18.651506423950195
2008-01-16,17.845577239990234
2008-01-17,17.960710525512695
2008-01-18,17.94152069091797
2008-01-21,17.692068099975586
2008-01-22,16.4639835357666
2008-01-23,15.31265640258789
2008-01-24,14.545105934143066
2008-01-25,15.446979522705078
2008-01-28,14.372406959533691
2008-01-29,14.10376262664795
2008-01-30,14.391596794128418
2008-01-31,13.41296672821045
2008-02-01,13.086756706237793
2008-02-12,13.470532417297363
2008-02-13,13.489721298217773
2008-02-14,13.988629341125488
2008-02-15,13.815930366516113
2008-02-18,14.46834945678711
2008-02-19,14.96725845336914
2008-02-20,14.487539291381836
2008-02-21,14.96725845336914
2008-02-22,16.00345230102539
2008-02-25,17.116403579711914
2008-02-26,17.346670150756836
2008-02-27,17.13559341430664
2008-02-29,17.480989456176758
2008-03-03,17.058835983276367
2008-03-04,17.193159103393555
2008-03-05,16.982084274291992
2008-03-06,17.615314483642578
2008-03-07,18.843395233154297
2008-03-10,19.092851638793945
2008-03-11,18.613130569458008
2008-03-12,18.6323184967041
2008-03-13,18.267730712890625
2008-03-14,17.999088287353516
2008-03-17,17.193159103393555
2008-03-18,17.538557052612305
2008-03-19,17.308292388916016
2008-03-20,17.385047912597656
2008-03-21,17.442611694335938
2008-03-24,17.768823623657227
2008-03-25,17.59612274169922
2008-03-26,17.21234703063965
2008-03-27,17.36585807800293
2008-03-28,17.7496337890625
2008-03-31,18.09503173828125
2008-04-01,18.2485408782959
2008-04-02,18.55556297302246
2008-04-03,18.2485408782959
2008-04-07,18.51718521118164
2008-04-08,18.382862091064453
2008-04-09,18.51718521118164
2008-04-10,18.613130569458008
2008-04-11,18.689884185791016
2008-04-14,18.306108474731445
2008-04-15,18.70907211303711
2008-04-16,19.572568893432617
2008-04-17,19.1312255859375
2008-04-18,19.476627349853516
2008-04-21,20.819841384887695
2008-04-22,21.971166610717773
2008-04-23,21.203617095947266
2008-04-24,20.436065673828125
2008-04-25,21.779281616210938
2008-04-28,22.450889587402344
2008-04-29,23.12249755859375
2008-04-30,23.218441009521484
2008-05-02,24.753543853759766
2008-05-05,26.48053550720215
2008-05-06,27.056198120117188
2008-05-07,28.879133224487305
2008-05-08,30.510181427001953
2008-05-09,30.318296432495117
2008-05-12,29.262910842895508
2008-05-13,28.975078582763672
2008-05-14,30.989900588989258
2008-05-15,31.949342727661133
2008-05-16,33.868221282958984
2008-05-19,36.07493209838867
2008-05-20,33.58039093017578
2008-05-21,33.67633056640625
2008-05-22,31.949342727661133
2008-05-23,30.702072143554688
2008-05-26,30.318296432495117
2008-05-27,32.42906188964844
2008-05-28,31.469619750976562
2008-05-29,30.79801368713379
2008-05-30,29.262910842895508
2008-06-02,29.071022033691406
2008-06-03,30.126407623291016
2008-06-04,29.742630004882812
2008-06-05,31.37367820739746
2008-06-06,31.181791305541992
2008-06-09,30.126407623291016
2008-06-10,30.126407623291016
2008-06-11,29.45479965209961
2008-06-12,28.303470611572266
2008-06-13,30.222349166870117
2008-06-16,29.93451690673828
2008-06-17,30.510181427001953
2008-06-18,29.742630004882812
2008-06-19,29.16696548461914
2008-06-20,28.59130096435547
2008-06-23,26.768369674682617
2008-06-24,24.945430755615234
2008-06-25,24.369766235351562
2008-06-26,23.890047073364258
2008-06-27,22.25899887084961
2008-06-30,20.723896026611328
2008-07-01,20.723896026611328
2008-07-02,22.163057327270508
2008-07-03,23.69816017150879
2008-07-04,23.985992431640625
2008-07-07,23.985992431640625
2008-07-08,22.354944229125977
2008-07-09,21.011730194091797
2008-07-10,21.299558639526367
2008-07-11,22.738719940185547
2008-07-14,22.25899887084961
2008-07-15,20.723896026611328
2008-07-16,19.28473663330078
2008-07-17,19.572568893432617
2008-07-18,18.21016502380371
2008-07-21,16.94370460510254
2008-07-22,15.773187637329102
2008-07-23,16.86695098876953
2008-07-24,15.926698684692383
2008-07-25,17.039648056030273
2008-07-28,17.039648056030273
2008-07-29,16.272096633911133
2008-07-30,15.159148216247559
2008-07-31,14.10376262664795
2008-08-01,13.662420272827148
2008-08-04,14.60267162322998
2008-08-05,14.775370597839355
2008-08-06,15.446979522705078
2008-08-07,15.21623420715332
2008-08-08,14.928881645202637
2008-08-11,15.197524070739746
2008-08-12,14.23808479309082
2008-08-13,15.216713905334473
2008-08-14,15.408600807189941
2008-08-15,15.17833423614502
2008-08-18,15.120768547058105
2008-08-19,15.139958381652832
2008-08-20,14.986446380615234
2008-08-21,14.199706077575684
2008-08-22,14.065384864807129
2008-08-25,14.679427146911621
2008-08-26,14.353216171264648
2008-08-27,15.351036071777344
2008-08-28,16.425607681274414
2008-08-29,17.55774688720703
2008-09-01,18.78582763671875
2008-09-02,19.112035751342773
2008-09-03,17.78801155090332
2008-09-04,16.79019546508789
2008-09-05,17.960710525512695
2008-09-08,19.188791275024414
2008-09-09,17.845577239990234
2008-09-10,17.269912719726562
2008-09-11,16.080209732055664
2008-09-12,14.96725845336914
2008-09-15,13.931063652038574
2008-09-16,12.971624374389648
2008-09-17,12.06974983215332
2008-09-18,11.225444793701172
2008-09-19,10.97598934173584
2008-09-22,11.743541717529297
2008-09-23,11.743541717529297
2008-09-24,11.743541717529297
2008-09-25,11.743541717529297
2008-09-26,11.743541717529297
2008-09-29,11.743541717529297
2008-09-30,11.743541717529297
2008-10-01,11.743541717529297
2008-10-02,11.743541717529297
2008-10-03,11.743541717529297
2008-10-06,11.743541717529297
2008-10-07,11.743541717529297
2008-10-08,11.743541717529297
2008-10-09,11.743541717529297
2008-10-13,11.334819793701172
2008-10-14,10.942216873168945
2008-10-15,10.56227970123291
2008-10-16,10.195006370544434
2008-10-17,9.840396881103516
2008-10-20,9.498453140258789
2008-10-21,9.169173240661621
2008-10-22,8.852557182312012
2008-10-23,8.54860782623291
2008-10-24,8.25732135772705
2008-10-27,7.687414646148682
2008-10-28,7.155500411987305
2008-10-29,6.661581516265869
2008-10-30,7.117506980895996
2008-10-31,6.838885307312012
2008-11-03,7.307475566864014
2008-11-04,7.814060211181641
2008-11-05,7.598761081695557
2008-11-06,7.066848278045654
2008-11-07,6.965531826019287
2008-11-10,6.496941566467285
2008-11-11,6.053680419921875
2008-11-12,5.711735725402832
2008-11-13,5.319133281707764
2008-11-14,4.951859474182129
2008-11-17,4.609915256500244
2008-11-18,4.293300151824951
2008-11-19,4.5845866203308105
2008-11-20,4.267970561981201
2008-11-21,4.4959330558776855
2008-11-24,4.305964469909668
2008-11-25,4.280635833740234
2008-11-26,4.571922302246094
2008-11-27,4.8885369300842285
2008-11-28,5.230480670928955
2008-12-01,5.293804168701172
2008-12-02,4.926530838012695
2008-12-03,4.926530838012695
2008-12-04,4.863207817077637
2008-12-05,4.5592570304870605
2008-12-08,4.8758721351623535
2008-12-09,4.901201248168945
2008-12-10,5.243145942687988
2008-12-11,5.078505516052246
2008-12-12,4.787219524383545
2008-12-15,5.065841197967529
2008-12-16,5.192486763000488
2008-12-17,5.547095775604248
2008-12-18,5.420450210571289
2008-12-19,5.458444118499756
2008-12-22,5.458444118499756
2008-12-23,5.078505516052246
2008-12-24,5.065841197967529
2008-12-25,5.040511608123779
2008-12-26,5.2178168296813965
2008-12-29,5.078505516052246
2008-12-30,5.255810260772705
2008-12-31,5.357126712799072
2009-01-02,5.357126712799072
2009-01-05,5.509102821350098
2009-01-06,5.699071407318115
2009-01-07,5.66107702255249
2009-01-08,5.268475532531738
2009-01-09,5.1798224449157715
2009-01-12,5.065841197967529
2009-01-13,5.15449333190918
2009-01-14,5.281139850616455
2009-01-15,5.040511608123779
2009-01-16,5.065841197967529
2009-01-19,5.065841197967529
2009-01-20,4.825213432312012
2009-01-21,4.850542068481445
2009-02-02,4.799885272979736
2009-02-03,5.065841197967529
2009-02-04,4.951859474182129
2009-02-05,4.901201248168945
2009-02-06,5.243145942687988
2009-02-09,5.15449333190918
2009-02-10,5.12916374206543
2009-02-11,5.192486763000488
2009-02-12,5.420450210571289
2009-02-13,5.787723064422607
2009-02-16,6.180325984954834
2009-02-17,6.471611976623535
2009-02-18,6.332301616668701
2009-02-19,6.610921859741211
2009-02-20,6.218320369720459
2009-02-23,6.395624160766602
2009-02-24,6.522270202636719
2009-02-25,6.534934997558594
2009-02-26,6.395624160766602
2009-02-27,6.838885307312012
2009-03-02,7.307475566864014
2009-03-03,7.510108947753906
2009-03-04,7.446786880493164
2009-03-05,7.370798587799072
2009-03-06,7.497445583343506
2009-03-09,7.598761081695557
2009-03-10,8.130675315856934
2009-03-11,8.2319917678833
2009-03-12,8.054688453674316
2009-03-13,8.156003952026367
2009-03-16,8.042023658752441
2009-03-17,8.54860782623291
2009-03-18,8.751241683959961
2009-03-19,8.801898956298828
2009-03-20,8.649923324584961
2009-03-23,9.245160102844238
2009-03-24,9.8910551071167
2009-03-25,10.574944496154785
2009-03-26,11.309490203857422
2009-03-27,12.094696044921875
2009-03-30,11.258832931518555
2009-03-31,11.63877010345459
2009-04-02,12.031373023986816
2009-04-03,11.524787902832031
2009-04-06,11.39814281463623
2009-04-07,12.196012496948242
2009-04-08,12.411311149597168
2009-04-09,13.23451042175293
2009-04-10,14.12103271484375
2009-04-13,15.070877075195312
2009-04-14,15.957399368286133
2009-04-15,17.033891677856445
2009-04-16,18.1737060546875
2009-04-17,16.907245635986328
2009-04-20,15.767431259155273
2009-04-21,16.843923568725586
2009-04-22,17.920413970947266
2009-04-23,17.223859786987305
2009-04-24,17.730443954467773
2009-04-27,16.527305603027344
2009-04-28,15.387492179870605
2009-04-29,14.31100082397461
2009-04-30,15.260846138000488
2009-05-04,15.577463150024414
2009-05-05,15.00755500793457
2009-05-06,16.02072525024414
2009-05-07,17.09721565246582
2009-05-08,17.477153778076172
2009-05-11,18.68029022216797
2009-05-12,18.300352096557617
2009-05-13,18.300352096557617
2009-05-14,18.806936264038086
2009-05-15,20.073396682739258
2009-05-18,21.466503143310547
2009-05-19,20.51665687561035
2009-05-20,21.909765243530273
2009-05-21,23.42951774597168
2009-05-22,24.5693302154541
2009-05-25,24.5693302154541
2009-05-26,22.859609603881836
2009-05-27,24.442684173583984
2009-06-01,23.682809829711914
2009-06-02,22.416351318359375
2009-06-03,22.163057327270508
2009-06-04,23.112903594970703
2009-06-05,22.163057327270508
2009-06-08,23.556163787841797
2009-06-09,21.909765243530273
2009-06-10,21.59314727783203
2009-06-11,22.92293357849121
2009-06-12,23.049577713012695
2009-06-15,21.52982521057129
2009-06-16,20.073396682739258
2009-06-17,19.69346046447754
2009-06-18,18.616968154907227
2009-06-19,19.503490447998047
2009-06-22,20.83327293395996
2009-06-23,20.83327293395996
2009-06-24,20.896596908569336
2009-06-25,20.959918975830078
2009-06-26,21.023242950439453
2009-06-29,19.820106506347656
2009-06-30,20.83327293395996
2009-07-01,20.579980850219727
2009-07-02,20.70662498474121
2009-07-03,20.83327293395996
2009-07-06,22.03641128540039
2009-07-07,22.289701461791992
2009-07-08,22.416351318359375
2009-07-09,21.466503143310547
2009-07-10,21.276535034179688
2009-07-13,20.26336669921875
2009-07-14,21.403179168701172
2009-07-15,21.52982521057129
2009-07-16,21.59314727783203
2009-07-17,21.719797134399414
2009-07-20,21.783119201660156
2009-07-21,23.302871704101562
2009-07-22,23.619487762451172
2009-07-23,23.176225662231445
2009-07-24,22.542997360229492
2009-07-27,22.606319427490234
2009-07-28,23.176225662231445
2009-07-29,23.302871704101562
2009-07-30,22.416351318359375
2009-07-31,22.669641494750977
2009-08-03,22.416351318359375
2009-08-04,21.466503143310547
2009-08-05,21.086566925048828
2009-08-06,20.70662498474121
2009-08-07,20.70662498474121
2009-08-10,20.70662498474121
2009-08-11,20.010074615478516
2009-08-12,21.403179168701172
2009-08-13,21.086566925048828
2009-08-14,20.390012741088867
2009-08-17,20.390012741088867
2009-08-18,20.073396682739258
2009-08-19,20.26336669921875
2009-08-20,19.503490447998047
2009-08-21,18.68029022216797
2009-08-24,19.503490447998047
2009-08-25,19.503490447998047
2009-08-26,18.743614196777344
2009-08-27,18.743614196777344
2009-08-28,18.87026023864746
2009-08-31,19.630138397216797
2009-09-01,20.579980850219727
2009-09-02,20.073396682739258
2009-09-03,21.466503143310547
2009-09-04,22.542997360229492
2009-09-07,22.542997360229492
2009-09-08,22.22637939453125
2009-09-09,21.33985710144043
2009-09-10,20.896596908569336
2009-09-11,21.403179168701172
2009-09-14,20.769948959350586
2009-09-15,21.65647315979004
2009-09-16,22.099733352661133
2009-09-17,21.52982521057129
2009-09-18,21.783119201660156
2009-09-21,22.163057327270508
2009-09-22,22.669641494750977
2009-09-23,21.65647315979004
2009-09-24,21.909765243530273
2009-09-25,21.909765243530273
2009-09-28,22.163057327270508
2009-09-29,22.92293357849121
2009-09-30,22.73296546936035
2009-10-01,21.973087310791016
2009-10-02,22.163057327270508
2009-10-05,22.289701461791992
2009-10-06,22.22637939453125
2009-10-07,22.289701461791992
2009-10-08,23.809776306152344
2009-10-09,24.645204544067383
2009-10-12,24.645204544067383
2009-10-13,26.316068649291992
2009-10-14,26.107208251953125
2009-10-15,26.733781814575195
2009-10-16,26.316068649291992
2009-10-19,26.594545364379883
2009-10-20,26.38568687438965
2009-10-21,27.15149688720703
2009-10-22,25.898351669311523
2009-10-23,25.619876861572266
2009-10-26,25.202159881591797
2009-10-27,25.550254821777344
2009-10-28,25.132539749145508
2009-10-29,24.22749137878418
2009-10-30,24.0882511138916
2009-11-02,24.645204544067383
2009-11-03,24.78444480895996
2009-11-04,25.06292152404785
2009-11-05,24.714824676513672
2009-11-06,24.661014556884766
2009-11-09,24.164960861206055
2009-11-10,24.3775577545166
2009-11-11,24.23582649230957
2009-11-12,24.23582649230957
2009-11-13,24.3775577545166
2009-11-16,25.440532684326172
2009-11-17,24.661014556884766
2009-11-18,24.590152740478516
2009-11-19,24.448423385620117
2009-11-20,24.23582649230957
2009-11-23,24.164960861206055
2009-11-24,25.794857025146484
2009-11-25,26.999561309814453
2009-11-26,27.566482543945312
2009-11-27,27.283021926879883
2009-11-30,29.125513076782227
2009-12-01,31.10973358154297
2009-12-02,31.67664909362793
2009-12-03,30.046756744384766
2009-12-04,32.10184097290039
2009-12-07,34.29865646362305
2009-12-08,34.93644332885742
2009-12-09,36.778926849365234
2009-12-10,39.33007049560547
2009-12-11,39.11747741699219
2009-12-14,38.1253662109375
2009-12-15,38.267093658447266
2009-12-16,37.345848083496094
2009-12-17,36.637203216552734
2009-12-18,36.92066192626953
2009-12-21,35.57422637939453
2009-12-22,37.345848083496094
2009-12-23,37.84190368652344
2009-12-24,37.84190368652344
2009-12-25,38.33796310424805
2009-12-28,38.55055618286133
2009-12-29,38.1253662109375
2009-12-30,37.84190368652344
2009-12-31,39.967857360839844
2010-01-04,40.747371673583984
2010-01-05,38.196231842041016
2010-01-06,36.92066192626953
2010-01-07,35.1490364074707
2010-01-08,36.92066192626953
2010-01-11,35.78682327270508
2010-01-12,36.28287887573242
2010-01-13,35.78682327270508
2010-01-14,36.35374069213867
2010-01-15,36.99152755737305
2010-01-18,37.77103805541992
2010-01-19,36.56633758544922
2010-01-20,36.56633758544922
2010-01-21,35.7159538269043
2010-01-22,34.58211898803711
2010-01-25,36.99152755737305
2010-01-26,35.1490364074707
2010-01-27,34.29865646362305
2010-01-28,34.72384262084961
2010-01-29,32.59789276123047
2010-02-01,30.330215454101562
2010-02-02,29.83415985107422
2010-02-03,31.53492546081543
2010-02-04,30.613677978515625
2010-02-05,28.48772621154785
2010-02-08,28.77118682861328
2010-02-09,30.046756744384766
2010-02-10,30.75540542602539
2010-02-22,31.038867950439453
2010-02-23,30.613677978515625
2010-02-24,29.905027389526367
2010-02-25,29.763296127319336
2010-02-26,29.763296127319336
2010-03-01,30.188486099243164
2010-03-02,31.18059539794922
2010-03-03,30.542810440063477
2010-03-04,30.47194480895996
2010-03-05,32.527034759521484
2010-03-08,33.02308654785156
2010-03-09,33.02308654785156
2010-03-10,32.739627838134766
2010-03-11,33.944332122802734
2010-03-12,33.59000778198242
2010-03-15,33.02308654785156
2010-03-16,33.377410888671875
2010-03-17,33.944332122802734
2010-03-18,33.80259704589844
2010-03-19,33.80259704589844
2010-03-22,33.30654525756836
2010-03-23,33.519142150878906
2010-03-24,34.511253356933594
2010-03-25,35.92854690551758
2010-03-26,35.00730514526367
2010-03-29,33.944332122802734
2010-03-30,33.80259704589844
2010-03-31,33.944332122802734
2010-04-01,33.66087341308594
2010-04-02,33.66087341308594
2010-04-06,33.448280334472656
2010-04-07,32.95222091674805
2010-04-08,31.88924789428711
2010-04-09,32.59789276123047
2010-04-12,32.030975341796875
2010-04-13,32.172706604003906
2010-04-14,32.24357223510742
2010-04-15,31.747514724731445
2010-04-16,31.96010971069336
2010-04-19,30.330215454101562
2010-04-20,31.251461029052734
2010-04-21,31.60578727722168
2010-04-22,31.18059539794922
2010-04-23,31.251461029052734
2010-04-26,30.897136688232422
2010-04-27,30.046756744384766
2010-04-28,29.408971786499023
2010-04-29,30.046756744384766
2010-04-30,29.05464744567871
2010-05-03,27.920806884765625
2010-05-04,27.920806884765625
2010-05-05,26.078319549560547
2010-05-06,24.590152740478516
2010-05-07,23.810636520385742
2010-05-10,25.440532684326172
2010-05-11,27.212154388427734
2010-05-12,26.43264389038086
2010-05-13,26.574373245239258
2010-05-14,26.645235061645508
2010-05-17,25.227937698364258
2010-05-18,24.519287109375
2010-05-19,24.3775577545166
2010-05-20,23.952367782592773
2010-05-21,22.81852912902832
2010-05-24,23.243717193603516
2010-05-25,21.826416015625
2010-05-26,21.89728355407715
2010-05-27,23.385448455810547
2010-05-28,25.015342712402344
2010-05-31,26.220046997070312
2010-06-01,27.99167251586914
2010-06-02,26.928699493408203
2010-06-03,27.779077529907227
2010-06-04,28.13340187072754
2010-06-07,27.99167251586914
2010-06-08,28.345996856689453
2010-06-09,26.928699493408203
2010-06-10,27.212154388427734
2010-06-11,27.84994125366211
2010-06-14,27.637346267700195
2010-06-15,27.84994125366211
2010-06-17,27.920806884765625
2010-06-18,28.062536239624023
2010-06-21,29.97589111328125
2010-06-22,30.25935173034668
2010-06-23,29.763296127319336
2010-06-24,29.550703048706055
2010-06-25,28.41686248779297
2010-06-28,28.41686248779297
2010-06-29,29.05464744567871
2010-06-30,29.692432403564453
2010-07-01,30.11762237548828
2010-07-02,29.338104248046875
2010-07-05,29.05464744567871
2010-07-06,30.330215454101562
2010-07-07,29.479839324951172
2010-07-08,29.338104248046875
2010-07-09,29.408971786499023
2010-07-12,29.621566772460938
2010-07-13,29.05464744567871
2010-07-14,29.125513076782227
2010-07-15,28.912918090820312
2010-07-16,27.99167251586914
2010-07-19,28.204267501831055
2010-07-20,28.912918090820312
2010-07-21,28.204267501831055
2010-07-22,27.99167251586914
2010-07-23,27.779077529907227
2010-07-26,27.84994125366211
2010-07-27,27.84994125366211
2010-07-28,27.920806884765625
2010-07-29,27.84994125366211
2010-07-30,27.920806884765625
2010-08-02,29.267240524291992
2010-08-03,28.558591842651367
2010-08-04,28.204267501831055
2010-08-05,28.700321197509766
2010-08-06,30.68454360961914
2010-08-09,31.322324752807617
2010-08-10,30.613677978515625
2010-08-11,29.479839324951172
2010-08-12,30.897136688232422
2010-08-13,31.322324752807617
2010-08-16,32.59789276123047
2010-08-17,31.18059539794922
2010-08-18,31.60578727722168
2010-08-19,31.038867950439453
2010-08-20,32.172706604003906
2010-08-23,32.24357223510742
2010-08-24,31.322324752807617
2010-08-25,30.542810440063477
2010-08-26,29.83415985107422
2010-08-27,29.763296127319336
2010-08-30,27.708209991455078
2010-08-31,25.794857025146484
2010-09-01,26.999561309814453
2010-09-02,25.157072067260742
2010-09-03,26.857831954956055
2010-09-06,28.700321197509766
2010-09-07,30.68454360961914
2010-09-08,32.4561653137207
2010-09-09,31.747514724731445
2010-09-10,32.10184097290039
2010-09-13,33.377410888671875
2010-09-14,35.64509201049805
2010-09-15,35.7159538269043
2010-09-16,34.156925201416016
2010-09-17,34.01519775390625
2010-09-20,35.07817077636719
2010-09-21,35.57422637939453
2010-09-23,35.7159538269043
2010-09-24,35.85768508911133
2010-09-27,37.20412063598633
2010-09-28,36.28287887573242
2010-09-29,33.80259704589844
2010-09-30,34.58211898803711
2010-10-01,35.290767669677734
2010-10-04,34.156925201416016
2010-10-05,34.511253356933594
2010-10-06,34.0860595703125
2010-10-07,34.865577697753906
2010-10-08,34.44038772583008
2010-10-11,35.07817077636719
2010-10-12,35.07817077636719
2010-10-13,35.57422637939453
2010-10-14,35.00730514526367
2010-10-15,33.448280334472656
2010-10-18,32.739627838134766
2010-10-19,32.172706604003906
2010-10-20,32.4561653137207
2010-10-21,30.826271057128906
2010-10-22,31.18059539794922
2010-10-25,32.881351470947266
2010-10-26,33.519142150878906
2010-10-27,33.30654525756836
2010-10-28,34.29865646362305
2010-10-29,32.172706604003906
2010-11-01,31.18059539794922
2010-11-02,30.47194480895996
2010-11-03,28.558591842651367
2010-11-04,30.542810440063477
2010-11-05,30.330215454101562
2010-11-08,29.196378707885742
2010-11-09,29.550703048706055
2010-11-10,31.18059539794922
2010-11-11,30.75540542602539
2010-11-12,30.897136688232422
2010-11-15,29.763296127319336
2010-11-16,29.905027389526367
2010-11-17,30.47194480895996
2010-11-18,30.330215454101562
2010-11-19,30.046756744384766
2010-11-22,30.11762237548828
2010-11-23,30.897136688232422
2010-11-24,31.18059539794922
2010-11-25,31.88924789428711
2010-11-26,31.322324752807617
2010-11-29,31.393190383911133
2010-11-30,32.10184097290039
2010-12-01,32.24357223510742
2010-12-02,33.73173141479492
2010-12-03,33.377410888671875
2010-12-06,34.0860595703125
2010-12-07,34.0860595703125
2010-12-08,35.57422637939453
2010-12-09,36.212013244628906
2010-12-10,36.92066192626953
2010-12-13,35.99941635131836
2010-12-14,35.36163330078125
2010-12-15,34.44038772583008
2010-12-16,36.35374069213867
2010-12-17,35.432498931884766
2010-12-20,35.07817077636719
2010-12-21,35.432498931884766
2010-12-22,36.141143798828125
2010-12-23,35.290767669677734
2010-12-24,35.290767669677734
2010-12-27,37.70017623901367
2010-12-28,36.708065032958984
2010-12-29,35.1490364074707
2010-12-30,35.7159538269043
2010-12-31,35.290767669677734
2011-01-03,35.78682327270508
2011-01-04,35.503360748291016
2011-01-05,34.156925201416016
2011-01-06,33.944332122802734
2011-01-07,34.01519775390625
2011-01-10,34.0860595703125
2011-01-11,34.72384262084961
2011-01-12,34.44038772583008
2011-01-13,34.22779083251953
2011-01-14,34.01519775390625
2011-01-17,33.23568344116211
2011-01-18,32.31443786621094
2011-01-19,33.09395217895508
2011-01-20,32.59789276123047
2011-01-21,32.38530349731445
2011-01-24,31.67664909362793
2011-01-25,31.96010971069336
2011-01-26,32.810489654541016
2011-01-27,32.38530349731445
2011-01-28,32.4561653137207
2011-02-08,32.38530349731445
2011-02-09,31.251461029052734
2011-02-10,30.613677978515625
2011-02-11,31.60578727722168
2011-02-14,31.96010971069336
2011-02-15,34.156925201416016
2011-02-16,36.4954719543457
2011-02-17,35.290767669677734
2011-02-18,35.432498931884766
2011-02-21,37.48758316040039
2011-02-22,38.40882873535156
2011-02-23,36.141143798828125
2011-02-24,38.621421813964844
2011-02-25,41.17256164550781
2011-03-01,43.7945671081543
2011-03-02,42.660728454589844
2011-03-03,42.37726593017578
2011-03-04,43.7945671081543
2011-03-07,42.80245590209961
2011-03-08,42.23553466796875
2011-03-09,41.10169219970703
2011-03-10,40.18044662475586
2011-03-11,41.526885986328125
2011-03-14,39.400936126708984
2011-03-15,37.48758316040039
2011-03-16,38.05449676513672
2011-03-17,35.432498931884766
2011-03-18,37.91277313232422
2011-03-21,38.196231842041016
2011-03-22,40.8182373046875
2011-03-23,39.89698791503906
2011-03-24,39.61353302001953
2011-03-25,40.25131607055664
2011-03-28,39.11747741699219
2011-03-29,38.267093658447266
2011-03-30,37.98363494873047
2011-03-31,38.267093658447266
2011-04-01,38.33796310424805
2011-04-06,39.18833923339844
2011-04-07,39.89698791503906
2011-04-08,39.25920867919922
2011-04-11,39.61353302001953
2011-04-12,38.05449676513672
2011-04-13,38.33796310424805
2011-04-14,38.1253662109375
2011-04-15,38.05449676513672
2011-04-18,37.274986267089844
2011-04-19,36.28287887573242
2011-04-20,36.99152755737305
2011-04-21,36.35374069213867
2011-04-22,36.42460632324219
2011-04-25,35.78682327270508
2011-04-26,35.99941635131836
2011-04-27,35.7159538269043
2011-04-28,34.794708251953125
2011-04-29,36.84979248046875
2011-05-03,36.99152755737305
2011-05-04,38.97574234008789
2011-05-05,37.98363494873047
2011-05-06,37.70017623901367
2011-05-09,37.345848083496094
2011-05-10,37.84190368652344
2011-05-11,37.416717529296875
2011-05-12,36.708065032958984
2011-05-13,36.708065032958984
2011-05-16,36.28287887573242
2011-05-17,35.432498931884766
2011-05-18,35.85768508911133
2011-05-19,34.794708251953125
2011-05-20,35.21989822387695
2011-05-23,34.65298080444336
2011-05-24,35.1490364074707
2011-05-25,34.36952209472656
2011-05-26,36.708065032958984
2011-05-27,36.56633758544922
2011-05-30,36.141143798828125
2011-05-31,36.84979248046875
2011-06-01,36.56633758544922
2011-06-02,36.56633758544922
2011-06-03,36.28287887573242
2011-06-07,36.070281982421875
2011-06-08,36.84979248046875
2011-06-09,36.070281982421875
2011-06-10,35.432498931884766
2011-06-13,35.07817077636719
2011-06-14,35.00730514526367
2011-06-15,34.58211898803711
2011-06-16,33.59000778198242
2011-06-17,33.59000778198242
2011-06-20,31.251461029052734
2011-06-21,29.83415985107422
2011-06-22,30.75540542602539
2011-06-23,29.97589111328125
2011-06-24,30.897136688232422
2011-06-27,31.322324752807617
2011-06-28,31.322324752807617
2011-06-29,31.322324752807617
2011-06-30,30.613677978515625
2011-07-01,30.968002319335938
2011-07-04,30.613677978515625
2011-07-05,30.25935173034668
2011-07-06,31.18059539794922
2011-07-07,30.40108299255371
2011-07-08,29.338104248046875
2011-07-11,27.49561882019043
2011-07-12,25.58226203918457
2011-07-13,26.220046997070312
2011-07-14,26.645235061645508
2011-07-15,26.36177635192871
2011-07-18,25.511398315429688
2011-07-19,25.794857025146484
2011-07-20,27.566482543945312
2011-07-21,28.983779907226562
2011-07-22,28.062536239624023
2011-07-25,28.204267501831055
2011-07-26,28.275131225585938
2011-07-27,28.204267501831055
2011-07-28,27.212154388427734
2011-07-29,26.43264389038086
2011-08-01,26.928699493408203
2011-08-02,28.345996856689453
2011-08-03,28.204267501831055
2011-08-04,27.07042694091797
2011-08-05,25.227937698364258
2011-08-08,23.527177810668945
2011-08-09,22.393339157104492
2011-08-10,23.952367782592773
2011-08-11,24.23582649230957
2011-08-12,24.448423385620117
2011-08-15,24.731882095336914
2011-08-16,24.94447898864746
2011-08-17,24.164960861206055
2011-08-18,22.535066604614258
2011-08-19,20.976036071777344
2011-08-22,19.558738708496094
2011-08-23,20.40911865234375
2011-08-24,19.771333694458008
2011-08-25,18.850088119506836
2011-08-26,19.133546829223633
2011-08-29,19.70046615600586
2011-08-30,19.771333694458008
2011-08-31,19.06268310546875
2011-09-01,18.850088119506836
2011-09-02,18.424896240234375
2011-09-05,17.14932632446289
2011-09-06,16.015487670898438
2011-09-07,14.952513694763184
2011-09-08,15.519433975219727
2011-09-09,14.456459045410156
2011-09-13,13.960403442382812
2011-09-14,13.039159774780273
2011-09-15,13.946229934692383
2011-09-16,14.881648063659668
2011-09-19,14.598189353942871
2011-09-20,15.59029769897461
2011-09-21,16.65327262878418
2011-09-22,16.15721893310547
2011-09-23,15.306838989257812
2011-09-26,14.314728736877441
2011-09-27,14.810783386230469
2011-09-28,14.527323722839355
2011-09-29,14.669052124023438
2011-09-30,14.598189353942871
2011-10-03,14.130478858947754
2011-10-04,13.832846641540527
2011-10-05,13.634425163269043
2011-10-06,14.243863105773926
2011-10-07,13.988749504089355
2011-10-11,13.64859676361084
2011-10-12,13.081676483154297
2011-10-13,13.606077194213867
2011-10-14,13.3367919921875
2011-10-17,13.365138053894043
2011-10-18,13.053330421447754
2011-10-19,13.053330421447754
2011-10-20,12.2596435546875
2011-10-21,11.550992965698242
2011-10-24,10.9132080078125
2011-10-25,11.664377212524414
2011-10-26,11.480128288269043
2011-10-27,11.465954780578613
2011-10-28,11.196669578552246
2011-10-31,10.8423433303833
2011-11-01,11.083285331726074
2011-11-02,10.92738151550293
2011-11-03,10.799823760986328
2011-11-04,11.3809175491333
2011-11-07,10.998247146606445
2011-11-08,11.054938316345215
2011-11-09,10.587228775024414
2011-11-10,9.85023307800293
2011-11-11,9.212448120117188
2011-11-14,9.85023307800293
2011-11-15,10.162038803100586
2011-11-16,10.870689392089844
2011-11-17,11.621858596801758
2011-11-18,12.429718971252441
2011-11-21,12.684833526611328
2011-11-22,11.806107521057129
2011-11-23,10.984074592590332
2011-11-24,11.196669578552246
2011-11-25,10.771478652954102
2011-11-28,11.054938316345215
2011-11-29,11.820280075073242
2011-11-30,11.848627090454102
2011-12-01,12.415545463562012
2011-12-02,11.990355491638184
2011-12-05,11.480128288269043
2011-12-06,11.324226379394531
2011-12-07,11.3809175491333
2011-12-08,11.508474349975586
2011-12-09,11.267532348632812
2011-12-12,12.047048568725586
2011-12-13,12.883255004882812
2011-12-14,13.776153564453125
2011-12-15,13.606077194213867
2011-12-16,14.527323722839355
2011-12-19,15.165107727050781
2011-12-20,14.598189353942871
2011-12-21,15.023378372192383
2011-12-22,15.306838989257812
2011-12-23,15.661162376403809
2011-12-26,16.724138259887695
2011-12-27,17.85797691345215
2011-12-28,17.14932632446289
2011-12-29,17.787113189697266
2011-12-30,17.291059494018555
2012-01-02,17.291059494018555
2012-01-03,17.291059494018555
2012-01-04,17.291059494018555
2012-01-05,17.291059494018555
2012-01-06,16.22808265686035
2012-01-09,17.291059494018555
2012-01-10,16.724138259887695
2012-01-11,16.440675735473633
2012-01-12,16.15721893310547
2012-01-13,15.732028007507324
2012-01-16,16.79500389099121
2012-01-17,17.078462600708008
2012-01-18,16.79500389099121
2012-01-30,17.14932632446289
2012-01-31,17.716249465942383
2012-02-01,17.57451820373535
2012-02-02,17.14932632446289
2012-02-03,18.28316879272461
2012-02-06,19.06268310546875
2012-02-07,19.70046615600586
2012-02-08,20.40911865234375
2012-02-09,20.40911865234375
2012-02-10,19.842199325561523
2012-02-13,21.188631057739258
2012-02-14,22.393339157104492
2012-02-15,23.810636520385742
2012-02-16,22.322473526000977
2012-02-17,21.826416015625
2012-02-20,22.96025848388672
2012-02-21,22.747661590576172
2012-02-22,22.81852912902832
2012-02-23,22.676795959472656
2012-02-24,22.676795959472656
2012-02-29,22.10987663269043
2012-03-01,23.598039627075195
2012-03-02,23.243717193603516
2012-03-05,23.3145809173584
2012-03-06,24.094097137451172
2012-03-07,25.369667053222656
2012-03-08,24.519287109375
2012-03-09,25.086206436157227
2012-03-12,24.164960861206055
2012-03-13,24.590152740478516
2012-03-14,24.094097137451172
2012-03-15,24.306692123413086
2012-03-16,23.456314086914062
2012-03-19,22.676795959472656
2012-03-20,22.88939094543457
2012-03-21,23.73977279663086
2012-03-22,23.3145809173584
2012-03-23,23.1728515625
2012-03-26,23.1728515625
2012-03-27,22.96025848388672
2012-03-28,22.535066604614258
2012-03-29,20.976036071777344
2012-03-30,20.479984283447266
2012-04-02,21.89728355407715
2012-04-03,21.330364227294922
2012-04-05,20.40911865234375
2012-04-06,21.826416015625
2012-04-09,21.6846866607666
2012-04-10,21.472091674804688
2012-04-11,21.6846866607666
2012-04-12,21.401227951049805
2012-04-13,21.6846866607666
2012-04-16,21.6846866607666
2012-04-17,20.905174255371094
2012-04-18,20.196521759033203
2012-04-19,19.70046615600586
2012-04-20,18.495763778686523
2012-04-23,17.22019386291504
2012-04-24,16.79500389099121
2012-04-25,17.503652572631836
2012-04-26,16.724138259887695
2012-04-27,15.59029769897461
2012-04-30,14.527323722839355
2012-05-02,15.519433975219727
2012-05-03,16.582408905029297
2012-05-04,17.432788848876953
2012-05-07,16.86586570739746
2012-05-08,17.99970817565918
2012-05-09,17.007598876953125
2012-05-10,17.007598876953125
2012-05-11,16.440675735473633
2012-05-14,16.440675735473633
2012-05-15,16.724138259887695
2012-05-16,16.65327262878418
2012-05-17,16.582408905029297
2012-05-18,15.59029769897461
2012-05-21,15.802891731262207
2012-05-22,16.015487670898438
2012-05-23,15.448568344116211
2012-05-24,15.165107727050781
2012-05-25,15.023378372192383
2012-05-28,15.23597240447998
2012-05-29,16.298946380615234
2012-05-30,17.432788848876953
2012-05-31,17.432788848876953
2012-06-01,16.440675735473633
2012-06-04,15.448568344116211
2012-06-05,16.51154327392578
2012-06-06,17.14932632446289
2012-06-07,17.007598876953125
2012-06-08,17.432788848876953
2012-06-11,18.637493133544922
2012-06-12,19.417009353637695
2012-06-13,18.850088119506836
2012-06-14,18.566627502441406
2012-06-15,19.06268310546875
2012-06-18,19.06268310546875
2012-06-19,19.133546829223633
2012-06-20,18.850088119506836
2012-06-21,18.779224395751953
2012-06-22,18.566627502441406
2012-06-25,18.424896240234375
2012-06-26,18.354032516479492
2012-06-27,18.495763778686523
2012-06-28,18.566627502441406
2012-06-29,18.708358764648438
2012-07-02,18.495763778686523
2012-07-03,18.708358764648438
2012-07-04,18.495763778686523
2012-07-05,17.99970817565918
2012-07-06,17.57451820373535
2012-07-09,16.79500389099121
2012-07-10,16.440675735473633
2012-07-11,16.65327262878418
2012-07-12,16.15721893310547
2012-07-13,15.802891731262207
2012-07-16,15.873757362365723
2012-07-17,15.944623947143555
2012-07-18,15.59029769897461
2012-07-19,15.944623947143555
2012-07-20,16.369813919067383
2012-07-23,15.661162376403809
2012-07-24,15.377702713012695
2012-07-25,15.377702713012695
2012-07-26,15.448568344116211
2012-07-27,16.086353302001953
2012-07-30,15.944623947143555
2012-07-31,15.873757362365723
2012-08-01,15.802891731262207
2012-08-02,15.802891731262207
2012-08-03,15.944623947143555
2012-08-06,15.732028007507324
2012-08-07,15.519433975219727
2012-08-08,15.661162376403809
2012-08-09,16.724138259887695
2012-08-10,17.361921310424805
2012-08-13,17.007598876953125
2012-08-14,17.22019386291504
2012-08-15,17.14932632446289
2012-08-16,17.928842544555664
2012-08-17,17.716249465942383
2012-08-20,17.361921310424805
2012-08-21,17.85797691345215
2012-08-22,17.361921310424805
2012-08-23,17.716249465942383
2012-08-24,17.432788848876953
2012-08-27,17.14932632446289
2012-08-28,16.582408905029297
2012-08-29,16.93673324584961
2012-08-30,16.724138259887695
2012-08-31,16.440675735473633
2012-09-03,16.65327262878418
2012-09-04,17.007598876953125
2012-09-05,17.007598876953125
2012-09-06,17.22019386291504
2012-09-07,17.22019386291504
2012-09-10,16.93673324584961
2012-09-11,16.724138259887695
2012-09-12,16.724138259887695
2012-09-13,17.14932632446289
2012-09-14,17.14932632446289
2012-09-17,16.65327262878418
2012-09-18,16.65327262878418
2012-09-19,16.724138259887695
2012-09-20,17.14932632446289
2012-09-21,16.79500389099121
2012-09-24,16.79500389099121
2012-09-25,16.724138259887695
2012-09-26,16.440675735473633
2012-09-27,16.298946380615234
2012-09-28,15.944623947143555
2012-10-01,16.086353302001953
2012-10-02,16.015487670898438
2012-10-03,16.015487670898438
2012-10-04,15.59029769897461
2012-10-05,15.59029769897461
2012-10-08,16.086353302001953
2012-10-09,15.519433975219727
2012-10-11,14.952513694763184
2012-10-12,14.881648063659668
2012-10-15,13.960403442382812
2012-10-16,14.881648063659668
2012-10-17,14.598189353942871
2012-10-18,14.243863105773926
2012-10-19,14.172998428344727
2012-10-22,13.903711318969727
2012-10-23,14.031268119812012
2012-10-24,13.1383695602417
2012-10-25,12.31633472442627
2012-10-26,11.465954780578613
2012-10-29,10.700613975524902
2012-10-30,11.437609672546387
2012-10-31,11.550992965698242
2012-11-01,11.7210693359375
2012-11-02,10.9132080078125
2012-11-05,11.324226379394531
2012-11-06,11.324226379394531
2012-11-07,11.395090103149414
2012-11-08,12.047048568725586
2012-11-09,12.613967895507812
2012-11-12,12.202951431274414
2012-11-13,12.047048568725586
2012-11-14,12.132085800170898
2012-11-15,12.387201309204102
2012-11-16,12.27381706237793
2012-11-19,11.621858596801758
2012-11-20,11.678550720214844
2012-11-21,11.267532348632812
2012-11-22,11.196669578552246
2012-11-23,11.536821365356445
2012-11-26,12.330507278442383
2012-11-27,12.713179588317871
2012-11-28,12.628140449523926
2012-11-29,12.628140449523926
2012-11-30,13.209233283996582
2012-12-03,13.237581253051758
2012-12-04,14.158824920654297
2012-12-05,15.094243049621582
2012-12-06,14.314728736877441
2012-12-07,14.314728736877441
2012-12-10,15.306838989257812
2012-12-11,15.306838989257812
2012-12-12,15.23597240447998
2012-12-13,15.306838989257812
2012-12-14,14.810783386230469
2012-12-17,14.527323722839355
2012-12-18,14.669052124023438
2012-12-19,14.527323722839355
2012-12-20,15.023378372192383
2012-12-21,14.669052124023438
2012-12-24,14.243863105773926
2012-12-25,14.456459045410156
2012-12-26,14.527323722839355
2012-12-27,14.456459045410156
2012-12-28,14.38559341430664
2013-01-02,15.377702713012695
2013-01-03,15.165107727050781
2013-01-04,15.094243049621582
2013-01-07,14.881648063659668
2013-01-08,14.598189353942871
2013-01-09,14.598189353942871
2013-01-10,14.598189353942871
2013-01-11,14.527323722839355
2013-01-14,14.456459045410156
2013-01-15,14.456459045410156
2013-01-16,14.243863105773926
2013-01-17,13.436002731323242
2013-01-18,14.314728736877441
2013-01-21,14.314728736877441
2013-01-22,14.172998428344727
2013-01-23,14.144652366638184
2013-01-24,14.102132797241211
2013-01-25,13.974575996398926
2013-01-28,13.889537811279297
2013-01-29,14.059614181518555
2013-01-30,14.243863105773926
2013-01-31,14.073785781860352
2013-02-01,13.84701919555664
2013-02-04,13.804498672485352
2013-02-05,13.039159774780273
2013-02-06,12.78404426574707
2013-02-18,12.954120635986328
2013-02-19,13.662771224975586
2013-02-20,13.421829223632812
2013-02-21,13.12419605255127
2013-02-22,13.152543067932129
2013-02-25,13.223406791687012
2013-02-26,12.968292236328125
2013-02-27,13.024985313415527
2013-03-01,13.506866455078125
2013-03-04,13.195061683654785
2013-03-05,13.180887222290039
2013-03-06,13.0675048828125
2013-03-07,13.110023498535156
2013-03-08,13.039159774780273
2013-03-11,13.946229934692383
2013-03-12,13.832846641540527
2013-03-13,13.889537811279297
2013-03-14,13.563558578491211
2013-03-15,13.265925407409668
2013-03-18,13.180887222290039
2013-03-19,13.237581253051758
2013-03-20,13.223406791687012
2013-03-21,13.152543067932129
2013-03-22,13.053330421447754
2013-03-25,13.152543067932129
2013-03-26,13.251753807067871
2013-03-27,13.195061683654785
2013-03-28,13.039159774780273
2013-03-29,13.1383695602417
2013-04-01,13.010811805725098
2013-04-02,12.939948081970215
2013-04-03,12.911601066589355
2013-04-08,12.146259307861328
2013-04-09,12.982466697692871
2013-04-10,13.889537811279297
2013-04-11,13.478520393371582
2013-04-12,13.606077194213867
2013-04-15,13.705288887023926
2013-04-16,13.3367919921875
2013-04-17,13.691116333007812
2013-04-18,13.676942825317383
2013-04-19,13.492693901062012
2013-04-22,13.436002731323242
2013-04-23,13.3367919921875
2013-04-24,13.691116333007812
2013-04-25,13.577733039855957
2013-04-26,13.464348793029785
2013-04-29,13.464348793029785
2013-04-30,13.506866455078125
2013-05-02,13.875365257263184
2013-05-03,13.719462394714355
2013-05-06,13.804498672485352
2013-05-07,13.804498672485352
2013-05-08,13.761981010437012
2013-05-09,14.669052124023438
2013-05-10,14.527323722839355
2013-05-13,14.456459045410156
2013-05-14,15.448568344116211
2013-05-15,15.873757362365723
2013-05-16,16.93673324584961
2013-05-17,16.65327262878418
2013-05-20,17.361921310424805
2013-05-21,17.57451820373535
2013-05-22,18.779224395751953
2013-05-23,18.92095184326172
2013-05-24,17.99970817565918
2013-05-27,18.779224395751953
2013-05-28,18.566627502441406
2013-05-29,18.779224395751953
2013-05-30,17.99970817565918
2013-05-31,17.432788848876953
2013-06-03,18.637493133544922
2013-06-04,18.637493133544922
2013-06-05,18.21230125427246
2013-06-06,19.06268310546875
2013-06-07,17.85797691345215
2013-06-10,17.99970817565918
2013-06-11,17.99970817565918
2013-06-13,17.007598876953125
2013-06-14,16.22808265686035
2013-06-17,16.86586570739746
2013-06-18,16.93673324584961
2013-06-19,16.582408905029297
2013-06-20,16.015487670898438
2013-06-21,15.732028007507324
2013-06-24,15.732028007507324
2013-06-25,15.023378372192383
2013-06-26,15.732028007507324
2013-06-27,15.802891731262207
2013-06-28,15.448568344116211
2013-07-01,16.51154327392578
2013-07-02,16.015487670898438
2013-07-03,16.086353302001953
2013-07-04,15.732028007507324
2013-07-05,15.661162376403809
2013-07-08,15.23597240447998
2013-07-09,15.23597240447998
2013-07-10,15.094243049621582
2013-07-11,15.519433975219727
2013-07-12,15.377702713012695
2013-07-15,15.59029769897461
2013-07-16,16.086353302001953
2013-07-17,15.802891731262207
2013-07-18,15.23597240447998
2013-07-19,15.377702713012695
2013-07-22,15.377702713012695
2013-07-23,15.732028007507324
2013-07-24,15.59029769897461
2013-07-25,15.377702713012695
2013-07-26,15.377702713012695
2013-07-29,15.306838989257812
2013-07-30,15.306838989257812
2013-07-31,14.669052124023438
2013-08-01,14.881648063659668
2013-08-02,14.598189353942871
2013-08-05,14.952513694763184
2013-08-06,14.669052124023438
2013-08-07,14.527323722839355
2013-08-08,14.598189353942871
2013-08-09,14.243863105773926
2013-08-12,14.172998428344727
2013-08-13,14.172998428344727
2013-08-14,15.023378372192383
2013-08-15,15.306838989257812
2013-08-16,14.881648063659668
2013-08-19,14.881648063659668
2013-08-20,14.598189353942871
2013-08-22,14.598189353942871
2013-08-23,14.598189353942871
2013-08-26,15.023378372192383
2013-08-27,14.527323722839355
2013-08-28,14.456459045410156
2013-08-29,14.598189353942871
2013-08-30,14.669052124023438
2013-09-02,15.023378372192383
2013-09-03,14.810783386230469
2013-09-04,14.739917755126953
2013-09-05,15.165107727050781
2013-09-06,15.165107727050781
2013-09-09,14.881648063659668
2013-09-10,15.306838989257812
2013-09-11,14.952513694763184
2013-09-12,15.165107727050781
2013-09-13,14.952513694763184
2013-09-16,14.810783386230469
2013-09-17,14.810783386230469
2013-09-18,14.739917755126953
2013-09-23,14.739917755126953
2013-09-24,14.881648063659668
2013-09-25,14.881648063659668
2013-09-26,15.094243049621582
2013-09-27,14.881648063659668
2013-09-30,14.669052124023438
2013-10-01,14.881648063659668
2013-10-02,14.669052124023438
2013-10-03,14.669052124023438
2013-10-04,14.669052124023438
2013-10-07,14.243863105773926
2013-10-08,14.314728736877441
2013-10-09,14.243863105773926
2013-10-11,14.172998428344727
2013-10-14,13.492693901062012
2013-10-15,13.705288887023926
2013-10-16,13.747809410095215
2013-10-17,14.38559341430664
2013-10-18,14.527323722839355
2013-10-21,14.172998428344727
2013-10-22,14.172998428344727
2013-10-23,14.073785781860352
2013-10-24,14.045441627502441
2013-10-25,13.889537811279297
2013-10-28,13.747809410095215
2013-10-29,13.776153564453125
2013-10-30,13.733634948730469
2013-10-31,13.521039962768555
2013-11-01,13.152543067932129
2013-11-04,13.3367919921875
2013-11-05,13.195061683654785
2013-11-06,12.897428512573242
2013-11-07,13.152543067932129
2013-11-08,12.8690824508667
2013-11-11,12.047048568725586
2013-11-12,11.763588905334473
2013-11-13,12.00452995300293
2013-11-14,12.840736389160156
2013-11-15,12.486412048339844
2013-11-18,12.217123985290527
2013-11-19,12.373026847839355
2013-11-20,12.217123985290527
2013-11-21,12.1887788772583
2013-11-22,12.117913246154785
2013-11-25,12.1887788772583
2013-11-26,12.628140449523926
2013-11-27,12.769871711730957
2013-11-28,12.7982177734375
2013-11-29,12.7982177734375
2013-12-02,12.954120635986328
2013-12-03,12.968292236328125
2013-12-04,12.7982177734375
2013-12-05,12.755698204040527
2013-12-06,12.897428512573242
2013-12-09,12.713179588317871
2013-12-10,12.486412048339844
2013-12-11,11.891145706176758
2013-12-12,12.061222076416016
2013-12-13,12.047048568725586
2013-12-16,11.933664321899414
2013-12-17,11.933664321899414
2013-12-18,11.976183891296387
2013-12-19,11.976183891296387
2013-12-20,12.047048568725586
2013-12-23,12.58562183380127
2013-12-24,12.287989616394043
2013-12-25,12.373026847839355
2013-12-26,12.443892478942871
2013-12-27,12.47223949432373
2013-12-30,12.51475715637207
2013-12-31,12.613967895507812
2014-01-02,12.769871711730957
2014-01-03,12.769871711730957
2014-01-06,12.78404426574707
2014-01-07,12.713179588317871
2014-01-08,12.528929710388184
2014-01-09,12.812390327453613
2014-01-10,12.670660018920898
2014-01-13,12.599796295166016
2014-01-14,12.500584602355957
2014-01-15,12.58562183380127
2014-01-16,12.58562183380127
2014-01-17,13.39348316192627
2014-01-20,14.130478858947754
2014-01-21,13.719462394714355
2014-01-22,13.492693901062012
2014-01-23,13.492693901062012
2014-01-24,13.237581253051758
2014-01-27,12.939948081970215
2014-02-05,12.699006080627441
2014-02-06,12.7982177734375
2014-02-07,12.897428512573242
2014-02-10,12.727352142333984
2014-02-11,12.628140449523926
2014-02-12,12.883255004882812
2014-02-13,12.78404426574707
2014-02-14,12.78404426574707
2014-02-17,12.769871711730957
2014-02-18,12.656487464904785
2014-02-19,12.58562183380127
2014-02-20,12.486412048339844
2014-02-21,12.826563835144043
2014-02-24,12.727352142333984
2014-02-25,12.812390327453613
2014-02-26,13.705288887023926
2014-02-27,13.889537811279297
2014-03-03,13.521039962768555
2014-03-04,13.322617530822754
2014-03-05,13.265925407409668
2014-03-06,13.265925407409668
2014-03-07,13.180887222290039
2014-03-10,13.039159774780273
2014-03-11,13.180887222290039
2014-03-12,13.492693901062012
2014-03-13,13.30844497680664
2014-03-14,13.081676483154297
2014-03-17,13.280098915100098
2014-03-18,13.251753807067871
2014-03-19,13.053330421447754
2014-03-20,12.8690824508667
2014-03-21,12.925773620605469
2014-03-24,12.769871711730957
2014-03-25,12.911601066589355
2014-03-26,13.12419605255127
2014-03-27,12.996639251708984
2014-03-28,12.897428512573242
2014-03-31,13.1383695602417
2014-04-01,13.053330421447754
2014-04-02,13.039159774780273
2014-04-03,12.996639251708984
2014-04-07,12.911601066589355
2014-04-08,12.911601066589355
2014-04-09,13.010811805725098
2014-04-10,12.8690824508667
2014-04-11,12.769871711730957
2014-04-14,12.543103218078613
2014-04-15,12.613967895507812
2014-04-16,12.755698204040527
2014-04-17,12.939948081970215
2014-04-18,12.7982177734375
2014-04-21,12.741525650024414
2014-04-22,12.727352142333984
2014-04-23,12.613967895507812
2014-04-24,12.571449279785156
2014-04-25,12.00452995300293
2014-04-28,11.834453582763672
2014-04-29,11.962011337280273
2014-04-30,11.692723274230957
2014-05-02,11.7210693359375
2014-05-05,11.791934967041016
2014-05-06,12.51475715637207
2014-05-07,12.2596435546875
2014-05-08,12.1887788772583
2014-05-09,11.990355491638184
2014-05-12,11.976183891296387
2014-05-13,11.876973152160645
2014-05-14,11.763588905334473
2014-05-15,12.58562183380127
2014-05-16,12.968292236328125
2014-05-19,12.769871711730957
2014-05-20,12.642314910888672
2014-05-21,12.500584602355957
2014-05-22,12.613967895507812
2014-05-23,12.656487464904785
2014-05-26,12.727352142333984
2014-05-27,12.613967895507812
2014-05-28,12.713179588317871
2014-05-29,12.812390327453613
2014-05-30,12.826563835144043
2014-06-03,12.642314910888672
2014-06-04,12.656487464904785
2014-06-05,12.58562183380127
2014-06-06,12.755698204040527
2014-06-09,12.755698204040527
2014-06-10,12.543103218078613
2014-06-11,12.58562183380127
2014-06-12,12.741525650024414
2014-06-13,12.656487464904785
2014-06-16,12.628140449523926
2014-06-17,12.58562183380127
2014-06-18,12.699006080627441
2014-06-19,12.670660018920898
2014-06-20,12.58562183380127
2014-06-23,12.330507278442383
2014-06-24,12.174606323242188
2014-06-25,12.089568138122559
2014-06-26,12.302162170410156
2014-06-27,12.1887788772583
2014-06-30,12.628140449523926
2014-07-01,12.642314910888672
2014-07-02,12.543103218078613
2014-07-03,12.741525650024414
2014-07-04,12.543103218078613
2014-07-07,12.47223949432373
2014-07-08,13.3367919921875
2014-07-09,12.78404426574707
2014-07-10,12.78404426574707
2014-07-11,12.23129653930664
2014-07-14,12.344680786132812
2014-07-15,12.557276725769043
2014-07-16,12.599796295166016
2014-07-17,12.543103218078613
2014-07-18,12.543103218078613
2014-07-21,12.443892478942871
2014-07-22,12.401373863220215
2014-07-23,12.401373863220215
2014-07-24,12.415545463562012
2014-07-25,12.387201309204102
2014-07-28,12.31633472442627
2014-07-29,12.1887788772583
2014-07-30,12.287989616394043
2014-07-31,12.217123985290527
2014-08-01,12.132085800170898
2014-08-04,12.117913246154785
2014-08-05,12.018701553344727
2014-08-06,11.7210693359375
2014-08-07,11.73524284362793
2014-08-08,11.664377212524414
2014-08-11,11.7210693359375
2014-08-12,11.621858596801758
2014-08-13,11.621858596801758
2014-08-14,11.763588905334473
2014-08-15,11.820280075073242
2014-08-18,11.862799644470215
2014-08-19,11.862799644470215
2014-08-20,11.706896781921387
2014-08-21,11.565165519714355
2014-08-22,11.6502046585083
2014-08-25,11.664377212524414
2014-08-26,11.678550720214844
2014-08-27,11.905318260192871
2014-08-28,11.834453582763672
2014-08-29,11.820280075073242
2014-09-01,11.806107521057129
2014-09-02,11.664377212524414
2014-09-03,11.607685089111328
2014-09-04,11.6502046585083
2014-09-05,12.373026847839355
2014-09-09,12.089568138122559
2014-09-10,11.947836875915527
2014-09-11,11.891145706176758
2014-09-12,12.047048568725586
2014-09-15,11.905318260192871
2014-09-16,11.664377212524414
2014-09-17,11.791934967041016
2014-09-18,11.706896781921387
2014-09-19,11.692723274230957
2014-09-22,11.621858596801758
2014-09-23,11.6502046585083
2014-09-24,11.593512535095215
2014-09-25,10.785651206970215
2014-09-26,10.629748344421387
2014-09-29,10.700613975524902
2014-09-30,10.60140323638916
2014-10-01,10.615575790405273
2014-10-02,10.658095359802246
2014-10-03,10.743132591247559
2014-10-06,10.700613975524902
2014-10-07,10.530537605285645
2014-10-08,10.34628963470459
2014-10-09,10.473844528198242
2014-10-13,9.906925201416016
2014-10-14,9.566773414611816
2014-10-15,8.900641441345215
2014-10-16,8.503798484802246
2014-10-17,8.362069129943848
2014-10-20,8.560490608215332
2014-10-21,8.645529747009277
2014-10-22,8.914815902709961
2014-10-23,8.900641441345215
2014-10-24,8.688047409057617
2014-10-27,8.46127986907959
2014-10-28,8.603009223937988
2014-10-29,8.928988456726074
2014-10-30,8.843952178955078
2014-10-31,8.97150707244873
2014-11-03,9.283312797546387
2014-11-04,9.240795135498047
2014-11-05,9.226621627807617
2014-11-06,9.014025688171387
2014-11-07,9.141584396362305
2014-11-10,8.99985408782959
2014-11-11,9.014025688171387
2014-11-12,8.858123779296875
2014-11-13,8.758913040161133
2014-11-14,8.787259101867676
2014-11-17,8.617182731628418
2014-11-18,8.17781925201416
2014-11-19,8.20616626739502
2014-11-20,8.40458869934082
2014-11-21,8.574663162231445
2014-11-24,8.532144546508789
2014-11-25,8.362069129943848
2014-11-26,8.362069129943848
2014-11-27,8.362069129943848
2014-11-28,8.248684883117676
2014-12-01,8.050262451171875
2014-12-02,8.262857437133789
2014-12-03,8.673874855041504
2014-12-04,8.631355285644531
2014-12-05,8.617182731628418
2014-12-08,8.574663162231445
2014-12-09,8.886468887329102
2014-12-10,8.71639347076416
2014-12-11,8.77308464050293
2014-12-12,8.787259101867676
2014-12-15,8.688047409057617
2014-12-16,8.758913040161133
2014-12-17,8.659701347351074
2014-12-18,8.688047409057617
2014-12-19,8.631355285644531
2014-12-22,8.730566024780273
2014-12-23,8.815604209899902
2014-12-24,9.425044059753418
2014-12-25,10.077000617980957
2014-12-26,10.289595603942871
2014-12-29,10.105348587036133
2014-12-30,9.949444770812988
2014-12-31,10.11952018737793
2015-01-05,10.813998222351074
2015-01-06,11.196669578552246
2015-01-07,11.281707763671875
2015-01-08,11.225013732910156
2015-01-09,11.083285331726074
2015-01-12,10.94155502319336
2015-01-13,10.92738151550293
2015-01-14,11.040764808654785
2015-01-15,10.899036407470703
2015-01-16,10.516365051269531
2015-01-19,10.473844528198242
2015-01-20,11.196669578552246
2015-01-21,10.771478652954102
2015-01-22,10.955727577209473
2015-01-23,10.94155502319336
2015-01-26,10.8423433303833
2015-01-27,10.799823760986328
2015-01-28,10.8423433303833
2015-01-29,10.743132591247559
2015-01-30,10.672266960144043
2015-02-02,10.516365051269531
2015-02-03,10.573057174682617
2015-02-04,10.502191543579102
2015-02-05,10.445499420166016
2015-02-06,11.054938316345215
2015-02-09,10.984074592590332
2015-02-10,10.828169822692871
2015-02-11,10.799823760986328
2015-02-12,10.771478652954102
2015-02-13,10.757305145263672
2015-02-24,10.899036407470703
2015-02-25,10.92738151550293
2015-02-26,10.92738151550293
2015-03-02,10.785651206970215
2015-03-03,10.884862899780273
2015-03-04,10.85651683807373
2015-03-05,11.054938316345215
2015-03-06,10.92738151550293
2015-03-09,10.828169822692871
2015-03-10,10.785651206970215
2015-03-11,10.034482955932617
2015-03-12,9.340005874633789
2015-03-13,8.829777717590332
2015-03-16,8.673874855041504
2015-03-17,8.758913040161133
2015-03-18,8.688047409057617
2015-03-19,8.489625930786133
2015-03-20,8.560490608215332
2015-03-23,8.617182731628418
2015-03-24,9.212448120117188
2015-03-25,9.609292030334473
2015-03-26,9.240795135498047
2015-03-27,9.084891319274902
2015-03-30,8.872296333312988
2015-03-31,9.070718765258789
2015-04-01,8.943161964416504
2015-04-02,8.97150707244873
2015-04-07,8.815604209899902
2015-04-08,8.886468887329102
2015-04-09,8.858123779296875
2015-04-10,8.872296333312988
2015-04-13,8.787259101867676
2015-04-14,8.801431655883789
2015-04-15,8.702220916748047
2015-04-16,8.574663162231445
2015-04-17,8.730566024780273
2015-04-20,8.588836669921875
2015-04-21,8.546318054199219
2015-04-22,8.40458869934082
2015-04-23,8.362069129943848
2015-04-24,8.532144546508789
2015-04-27,8.588836669921875
2015-04-28,8.588836669921875
2015-04-29,8.517971992492676
2015-04-30,8.858123779296875
2015-05-04,8.858123779296875
2015-05-05,8.758913040161133
2015-05-06,8.702220916748047
2015-05-07,8.730566024780273
2015-05-08,8.688047409057617
2015-05-11,8.092782020568848
2015-05-12,7.951051235198975
2015-05-13,8.078609466552734
2015-05-14,8.078609466552734
2015-05-15,7.951051235198975
2015-05-18,7.851841449737549
2015-05-19,7.936878681182861
2015-05-20,7.823493957519531
2015-05-21,7.75262975692749
2015-05-22,7.738457202911377
2015-05-25,7.554207801818848
2015-05-26,7.7242841720581055
2015-05-27,7.894360542297363
2015-05-28,7.738457202911377
2015-05-29,7.780975818634033
2015-06-01,7.59672737121582
2015-06-02,7.695938587188721
2015-06-03,7.3983049392700195
2015-06-04,7.1573638916015625
2015-06-05,6.973114967346191
2015-06-08,6.462886810302734
2015-06-09,5.82510232925415
2015-06-10,5.966831684112549
2015-06-11,5.867621421813965
2015-06-12,6.080216407775879
2015-06-15,5.9526591300964355
2015-06-16,5.796755790710449
2015-06-17,5.810929298400879
2015-06-18,5.910140037536621
2015-06-22,5.9526591300964355
2015-06-23,5.9526591300964355
2015-06-24,6.023524284362793
2015-06-25,6.094388961791992
2015-06-26,6.023524284362793
2015-06-29,5.82510232925415
2015-06-30,5.881793975830078
2015-07-01,6.080216407775879
2015-07-02,6.675482273101807
2015-07-03,6.5762715339660645
2015-07-06,6.321157455444336
2015-07-07,6.377849102020264
2015-07-08,6.009350299835205
2015-07-09,6.0376973152160645
2015-07-10,6.0376973152160645
2015-07-13,6.151081085205078
2015-07-14,6.0376973152160645
2015-07-15,5.966831684112549
2015-07-16,5.9526591300964355
2015-07-17,5.895967483520508
2015-07-20,5.810929298400879
2015-07-21,5.853448390960693
2015-07-22,5.853448390960693
2015-07-23,5.782582759857178
2015-07-24,5.782582759857178
2015-07-27,5.343220233917236
2015-07-28,5.484950065612793
2015-07-29,5.35739278793335
2015-07-30,5.442431449890137
2015-07-31,5.272355556488037
2015-08-03,5.1447978019714355
2015-08-04,4.918030261993408
2015-08-05,4.988894939422607
2015-08-06,4.93220329284668
2015-08-07,4.960549831390381
2015-08-10,5.017241477966309
2015-08-11,4.903857231140137
2015-08-12,4.847165107727051
2015-08-13,4.804646015167236
2015-08-14,4.620397090911865
2015-08-17,4.407801628112793
2015-08-18,4.407801628112793
2015-08-19,4.308590888977051
2015-08-20,4.351109981536865
2015-08-21,4.11016845703125
2015-08-24,3.7274978160858154
2015-08-25,3.9684393405914307
2015-08-26,4.351109981536865
2015-08-27,4.776299953460693
2015-08-28,5.18731689453125
2015-08-31,5.045587539672852
2015-09-01,5.1447978019714355
2015-09-02,5.088106155395508
2015-09-03,5.456603527069092
2015-09-04,5.158970832824707
2015-09-07,5.1447978019714355
2015-09-08,5.173144817352295
2015-09-09,5.272355556488037
2015-09-10,5.158970832824707
2015-09-11,4.960549831390381
2015-09-14,4.8329925537109375
2015-09-15,4.818819046020508
2015-09-16,4.790473461151123
2015-09-17,4.790473461151123
2015-09-18,4.847165107727051
2015-09-21,4.691262245178223
2015-09-22,4.719608783721924
2015-09-23,4.677089691162109
2015-09-24,4.6774001121521
2015-09-25,4.6774001121521
2015-09-29,4.6774001121521
2015-09-30,4.6774001121521
2015-10-01,4.6774001121521
2015-10-02,4.6774001121521
2015-10-05,4.6774001121521
2015-10-06,4.6774001121521
2015-10-07,4.6774001121521
2015-10-08,5.017901420593262
2015-10-12,4.659479141235352
2015-10-13,4.480268478393555
2015-10-14,4.6146769523620605
2015-10-15,4.578834533691406
2015-10-16,4.534031867980957
2015-10-19,4.551952838897705
2015-10-20,4.793887615203857
2015-10-21,4.6146769523620605
2015-10-22,4.6146769523620605
2015-10-23,4.632597923278809
2015-10-26,4.650519371032715
2015-10-27,4.650519371032715
2015-10-28,4.6146769523620605
2015-10-29,4.578834533691406
2015-10-30,4.54299259185791
2015-11-02,4.587795257568359
2015-11-03,4.54299259185791
2015-11-04,4.5609130859375
2015-11-05,4.587795257568359
2015-11-06,5.044782638549805
2015-11-09,5.456966876983643
2015-11-10,5.367362022399902
2015-11-11,5.143348693847656
2015-11-12,5.152308940887451
2015-11-13,4.973097801208496
2015-11-16,5.071664810180664
2015-11-17,5.152308940887451
2015-11-18,5.286716461181641
2015-11-19,5.349440574645996
2015-11-20,5.340479850769043
2015-11-23,5.367362022399902
2015-11-24,5.170230388641357
2015-11-25,5.017901420593262
2015-11-26,5.3763227462768555
2015-11-27,5.913954734802246
2015-11-30,6.505350112915039
2015-12-01,6.361981391906738
2015-12-02,6.998180389404297
2015-12-03,7.258035659790039
2015-12-04,7.21323299407959
2015-12-07,6.810009002685547
2015-12-08,6.559113502502441
2015-12-09,6.5680742263793945
2015-12-10,6.469508647918701
2015-12-11,6.8996148109436035
2015-12-14,6.90857458114624
2015-12-15,7.007140636444092
2015-12-16,6.953377723693848
2015-12-17,6.7652058601379395
2015-12-18,6.827929496765137
2015-12-21,7.060904026031494
2015-12-22,6.926495552062988
2015-12-23,6.881692886352539
2015-12-24,6.989219665527344
2015-12-25,7.47308874130249
2015-12-28,7.114665985107422
2015-12-29,7.007140636444092
2015-12-30,6.8996148109436035
2015-12-31,6.980258941650391
2016-01-04,7.123627185821533
2016-01-05,7.526852130889893
2016-01-06,7.3117995262146
2016-01-07,7.95695686340332
2016-01-08,8.351221084594727
2016-01-11,7.903193950653076
2016-01-12,7.840471267700195
2016-01-13,8.207852363586426
2016-01-14,7.7508649826049805
2016-01-15,7.3655619621276855
2016-01-18,7.49100923538208
2016-01-19,7.732944488525391
2016-01-20,7.526852130889893
2016-01-21,7.517891883850098
2016-01-22,7.3297200202941895
2016-01-25,7.3655619621276855
2016-01-26,7.419325828552246
2016-01-27,7.3655619621276855
2016-01-28,7.652299404144287
2016-01-29,7.77774715423584
2016-02-01,7.759824752807617
2016-02-02,7.759824752807617
2016-02-03,7.697101593017578
2016-02-15,7.5358123779296875
2016-02-16,7.401403903961182
2016-02-17,7.499969959259033
2016-02-18,7.822548866271973
2016-02-19,7.732944488525391
2016-02-22,7.6881422996521
2016-02-23,7.732944488525391
2016-02-24,8.118247032165527
2016-02-25,7.930075645446777
2016-02-26,7.77774715423584
2016-03-01,7.732944488525391
2016-03-02,7.715023040771484
2016-03-03,7.706062316894531
2016-03-04,7.7239837646484375
2016-03-07,7.616456508636475
2016-03-08,7.643338203430176
2016-03-09,7.652299404144287
2016-03-10,7.732944488525391
2016-03-11,7.625417709350586
2016-03-14,7.526852130889893
2016-03-15,7.195311546325684
2016-03-16,7.49100923538208
2016-03-17,7.410364627838135
2016-03-18,7.47308874130249
2016-03-21,7.383482456207275
2016-03-22,7.3117995262146
2016-03-23,7.249074935913086
2016-03-24,7.132587909698486
2016-03-25,7.087785720825195
2016-03-28,6.729363441467285
2016-03-29,6.7383246421813965
2016-03-30,6.917534828186035
2016-03-31,6.783127307891846
2016-04-01,6.541191577911377
2016-04-06,6.487429141998291
2016-04-07,6.37094259262085
2016-04-08,6.415745258331299
2016-04-11,6.129007339477539
2016-04-12,6.003560543060303
2016-04-13,6.021481037139893
2016-04-14,6.37094259262085
2016-04-15,6.272376537322998
2016-04-18,6.478468894958496
2016-04-19,6.83689022064209
2016-04-20,6.603916168212891
2016-04-21,6.559113502502441
2016-04-22,6.353021144866943
2016-04-25,6.3888630867004395
2016-04-26,6.4336652755737305
2016-04-27,6.51431131362915
2016-04-28,6.361981391906738
2016-04-29,6.326140403747559
2016-05-03,6.218613624572754
2016-05-04,5.896034240722656
2016-05-05,6.021481037139893
2016-05-06,5.99459981918335
2016-05-09,5.896034240722656
2016-05-10,5.851231098175049
2016-05-11,5.519690990447998
2016-05-12,5.465927600860596
2016-05-13,4.928295612335205
2016-05-16,4.713242053985596
2016-05-17,5.179190158843994
2016-05-18,5.152308940887451
2016-05-19,5.0537428855896
2016-05-20,5.03582239151001
2016-05-23,5.2060723304748535
2016-05-24,5.098546028137207
2016-05-25,5.062703609466553
2016-05-26,5.03582239151001
2016-05-27,5.0537428855896
2016-05-30,5.071664810180664
2016-05-31,5.098546028137207
2016-06-01,5.215033531188965
2016-06-02,5.125428199768066
2016-06-03,5.116467475891113
2016-06-06,5.215033531188965
2016-06-07,5.1971116065979
2016-06-08,5.161269664764404
2016-06-13,4.910374641418457
2016-06-14,4.982059001922607
2016-06-15,4.955177307128906
2016-06-16,4.991019248962402
2016-06-17,5.03582239151001
2016-06-20,5.116467475891113
2016-06-21,5.627217769622803
2016-06-22,5.87811279296875
2016-06-23,6.030441761016846
2016-06-24,5.824349880218506
2016-06-27,5.806427955627441
2016-06-28,5.716823101043701
2016-06-29,5.788506984710693
2016-06-30,5.779547214508057
2016-07-01,5.851231098175049
2016-07-04,5.87811279296875
2016-07-05,6.46054744720459
2016-07-06,6.424705982208252
2016-07-07,6.335099697113037
2016-07-08,6.335099697113037
2016-07-11,6.379903316497803
2016-07-12,6.34406042098999
2016-07-13,6.209652423858643
2016-07-14,6.155889511108398
2016-07-15,6.173810005187988
2016-07-18,6.030441761016846
2016-07-19,5.931875705718994
2016-07-20,5.958757400512695
2016-07-21,6.146928787231445
2016-07-22,6.066284656524658
2016-07-25,5.887073040008545
2016-07-26,5.8601908683776855
2016-07-27,5.8601908683776855
2016-07-28,5.842270374298096
2016-07-29,5.869152069091797
2016-08-01,5.958757400512695
2016-08-02,6.003560543060303
2016-08-03,5.9856390953063965
2016-08-04,5.9497971534729
2016-08-05,5.9497971534729
2016-08-08,5.9497971534729
2016-08-09,5.9497971534729
2016-08-10,5.788506984710693
2016-08-11,5.591375827789307
2016-08-12,5.546572208404541
2016-08-15,5.689941883087158
2016-08-16,5.672020435333252
2016-08-17,5.672020435333252
2016-08-18,5.680980682373047
2016-08-19,5.743704319000244
2016-08-22,5.689941883087158
2016-08-23,5.8153886795043945
2016-08-24,6.102126598358154
2016-08-25,6.200692176818848
2016-08-26,6.272376537322998
2016-08-29,6.272376537322998
2016-08-30,6.326140403747559
2016-08-31,6.290297508239746
2016-09-01,6.317179203033447
2016-09-02,6.236534118652344
2016-09-05,6.46054744720459
2016-09-06,6.415745258331299
2016-09-07,6.4336652755737305
2016-09-08,7.069863796234131
2016-09-09,7.275956153869629
2016-09-12,7.1594696044921875
2016-09-13,7.123627185821533
2016-09-14,7.078824996948242
2016-09-19,7.204272270202637
2016-09-20,7.1594696044921875
2016-09-21,7.3297200202941895
2016-09-22,7.21323299407959
2016-09-23,7.222192764282227
2016-09-26,7.1415486335754395
2016-09-27,7.1415486335754395
2016-09-28,7.1415486335754395
2016-09-29,7.186351299285889
2016-09-30,7.0161004066467285
2016-10-03,7.186351299285889
2016-10-04,7.09674596786499
2016-10-05,6.90857458114624
2016-10-06,7.078824996948242
2016-10-07,6.953377723693848
2016-10-11,6.272376537322998
2016-10-12,6.281336784362793
2016-10-13,6.290297508239746
2016-10-14,6.111087322235107
2016-10-17,6.129007339477539
2016-10-18,6.146928787231445
2016-10-19,6.236534118652344
2016-10-20,6.406784534454346
2016-10-21,6.496389389038086
2016-10-24,6.51431131362915
2016-10-25,6.51431131362915
2016-10-26,6.5232720375061035
2016-10-27,7.069863796234131
2016-10-28,6.9444169998168945
2016-10-31,6.9444169998168945
2016-11-01,6.863771915435791
2016-11-02,6.7652058601379395
2016-11-03,6.532232284545898
2016-11-04,6.756245136260986
2016-11-07,6.881692886352539
2016-11-08,6.890653610229492
2016-11-09,6.603916168212891
2016-11-10,6.890653610229492
2016-11-11,6.872732162475586
2016-11-14,6.872732162475586
2016-11-15,6.8996148109436035
2016-11-16,7.034022331237793
2016-11-17,7.3476409912109375
2016-11-18,7.661259651184082
2016-11-21,7.8852739334106445
2016-11-22,7.697101593017578
2016-11-23,7.526852130889893
2016-11-24,7.598535060882568
2016-11-25,8.333300590515137
2016-11-28,8.342260360717773
2016-11-29,8.189931869506836
2016-11-30,8.225772857666016
2016-12-01,8.154088973999023
2016-12-02,7.8852739334106445
2016-12-05,7.939036846160889
2016-12-06,7.831510066986084
2016-12-07,7.831510066986084
2016-12-08,8.145130157470703
2016-12-09,8.091365814208984
2016-12-12,7.930075645446777
2016-12-13,7.706062316894531
2016-12-14,7.6791815757751465
2016-12-15,7.858391284942627
2016-12-16,7.858391284942627
2016-12-19,7.616456508636475
2016-12-20,7.840471267700195
2016-12-21,7.7508649826049805
2016-12-22,7.5358123779296875
2016-12-23,7.356602191925049
2016-12-26,7.3476409912109375
2016-12-27,7.49100923538208
2016-12-28,7.571654319763184
2016-12-29,7.499969959259033
2016-12-30,7.598535060882568
2017-01-03,8.082405090332031
2017-01-04,8.037602424621582
2017-01-05,8.198891639709473
2017-01-06,8.180970191955566
2017-01-09,7.974878311157227
2017-01-10,8.154088973999023
2017-01-11,8.16304874420166
2017-01-12,8.96053695678711
2017-01-13,9.811789512634277
2017-01-16,9.363761901855469
2017-01-17,9.453368186950684
2017-01-18,9.542972564697266
2017-01-19,9.184551239013672
2017-01-20,9.229353904724121
2017-01-23,9.408564567565918
2017-01-24,9.229353904724121
2017-02-02,9.766985893249512
2017-02-03,9.722184181213379
2017-02-06,9.453368186950684
2017-02-07,9.722184181213379
2017-02-08,9.542972564697266
2017-02-09,9.363761901855469
2017-02-10,9.363761901855469
2017-02-13,10.25981616973877
2017-02-14,10.25981616973877
2017-02-15,10.170210838317871
2017-02-16,11.111066818237305
2017-02-17,11.335081100463867
2017-02-20,11.648700714111328
2017-02-21,11.648700714111328
2017-02-22,12.007121086120605
2017-02-23,11.648700714111328
2017-02-24,11.514290809631348
2017-03-01,11.021461486816406
2017-03-02,11.066264152526855
2017-03-03,10.976658821105957
2017-03-06,11.514290809631348
2017-03-07,11.111066818237305
2017-03-08,11.111066818237305
2017-03-09,11.424686431884766
2017-03-10,11.066264152526855
2017-03-13,10.84225082397461
2017-03-14,10.931855201721191
2017-03-15,11.155868530273438
2017-03-16,10.887053489685059
2017-03-17,10.528631210327148
2017-03-20,10.304617881774902
2017-03-21,10.170210838317871
2017-03-22,10.349421501159668
2017-03-23,10.752645492553711
2017-03-24,10.349421501159668
2017-03-27,9.990999221801758
2017-03-28,10.035802841186523
2017-03-29,9.990999221801758
2017-03-30,10.528631210327148
2017-03-31,10.215012550354004
2017-04-05,10.170210838317871
2017-04-06,10.035802841186523
2017-04-07,10.125407218933105
2017-04-10,9.990999221801758
2017-04-11,9.946196556091309
2017-04-12,9.498170852661133
2017-04-13,9.184551239013672
2017-04-14,8.87989330291748
2017-04-17,8.915735244750977
2017-04-18,8.96053695678711
2017-04-19,9.139748573303223
2017-04-20,8.897814750671387
2017-04-21,8.951577186584473
2017-04-24,8.69172191619873
2017-04-25,8.942617416381836
2017-04-26,9.811789512634277
2017-04-27,9.990999221801758
2017-04-28,9.63257884979248
2017-05-02,9.31895923614502
2017-05-03,9.408564567565918
2017-05-04,9.274157524108887
2017-05-05,9.050143241882324
2017-05-08,8.87989330291748
2017-05-09,9.677380561828613
2017-05-10,9.453368186950684
2017-05-11,9.184551239013672
2017-05-12,9.139748573303223
2017-05-15,9.229353904724121
2017-05-16,9.050143241882324
2017-05-17,9.139748573303223
2017-05-18,9.050143241882324
2017-05-19,9.050143241882324
2017-05-22,9.094945907592773
2017-05-23,9.094945907592773
2017-05-24,9.094945907592773
2017-05-25,9.050143241882324
2017-05-26,9.005339622497559
2017-05-31,8.96053695678711
2017-06-01,9.408564567565918
2017-06-02,9.31895923614502
2017-06-05,9.363761901855469
2017-06-06,9.453368186950684
2017-06-07,9.722184181213379
2017-06-08,9.363761901855469
2017-06-09,9.184551239013672
2017-06-12,9.050143241882324
2017-06-13,9.050143241882324
2017-06-14,8.96053695678711
2017-06-15,8.915735244750977
2017-06-16,8.942617416381836
2017-06-19,8.951577186584473
2017-06-20,9.005339622497559
2017-06-21,9.229353904724121
2017-06-22,9.094945907592773
2017-06-23,9.005339622497559
2017-06-26,9.005339622497559
2017-06-27,9.005339622497559
2017-06-28,9.139748573303223
2017-06-29,9.094945907592773
2017-06-30,9.005339622497559
2017-07-03,9.005339622497559
2017-07-04,8.96053695678711
2017-07-05,9.363761901855469
2017-07-06,9.094945907592773
2017-07-07,9.139748573303223
2017-07-10,9.094945907592773
2017-07-11,9.139748573303223
2017-07-12,9.363761901855469
2017-07-13,9.31895923614502
2017-07-14,9.408564567565918
2017-07-17,9.363761901855469
2017-07-18,9.31895923614502
2017-07-19,9.229353904724121
2017-07-20,9.229353904724121
2017-07-21,9.184551239013672
2017-07-24,9.094945907592773
2017-07-25,9.139748573303223
2017-07-26,9.139748573303223
2017-07-27,9.139748573303223
2017-07-28,9.050143241882324
2017-07-31,9.094945907592773
2017-08-01,9.094945907592773
2017-08-02,9.050143241882324
2017-08-03,9.005339622497559
2017-08-04,9.050143241882324
2017-08-07,8.96053695678711
2017-08-08,8.736522674560547
2017-08-09,8.763405799865723
2017-08-10,8.333300590515137
2017-08-11,8.180970191955566
2017-08-14,7.616456508636475
2017-08-15,7.894234657287598
2017-08-16,8.234734535217285
2017-08-17,8.933655738830566
2017-08-18,8.772366523742676
2017-08-21,8.799247741699219
2017-08-22,8.772366523742676
2017-08-23,8.664840698242188
2017-08-24,8.75444507598877
2017-08-25,8.69172191619873
2017-08-28,8.87989330291748
2017-08-29,9.184551239013672
2017-08-30,9.094945907592773
2017-08-31,9.094945907592773
2017-09-01,9.050143241882324
2017-09-04,8.924696922302246
2017-09-05,9.184551239013672
2017-09-06,9.005339622497559
2017-09-07,8.96053695678711
2017-09-08,9.050143241882324
2017-09-11,9.005339622497559
2017-09-12,9.542972564697266
2017-09-13,10.483829498291016
2017-09-14,10.573433876037598
2017-09-15,10.125407218933105
2017-09-18,9.990999221801758
2017-09-19,10.304617881774902
2017-09-20,10.035802841186523
2017-09-21,9.990999221801758
2017-09-22,9.722184181213379
2017-09-25,9.363761901855469
2017-09-26,9.229353904724121
2017-09-27,9.363761901855469
2017-09-28,9.31895923614502
2017-09-29,9.184551239013672
2017-10-02,10.170210838317871
2017-10-03,10.035802841186523
2017-10-05,9.990999221801758
2017-10-06,9.901394844055176
2017-10-11,9.363761901855469
2017-10-12,9.363761901855469
2017-10-13,9.63257884979248
2017-10-16,9.542972564697266
2017-10-17,9.453368186950684
2017-10-18,9.408564567565918
2017-10-19,9.408564567565918
2017-10-20,9.408564567565918
2017-10-23,9.587775230407715
2017-10-24,9.542972564697266
2017-10-25,9.542972564697266
2017-10-26,9.63257884979248
2017-10-27,9.587775230407715
2017-10-30,9.498170852661133
2017-10-31,9.453368186950684
2017-11-01,9.363761901855469
2017-11-02,9.453368186950684
2017-11-03,9.408564567565918
2017-11-06,9.766985893249512
2017-11-07,9.587775230407715
2017-11-08,9.901394844055176
2017-11-09,9.542972564697266
2017-11-10,9.856592178344727
2017-11-13,9.498170852661133
2017-11-14,9.587775230407715
2017-11-15,9.766985893249512
2017-11-16,9.856592178344727
2017-11-17,10.035802841186523
2017-11-20,9.811789512634277
2017-11-21,9.677380561828613
2017-11-22,9.542972564697266
2017-11-23,9.677380561828613
2017-11-24,9.766985893249512
2017-11-27,9.766985893249512
2017-11-28,9.63257884979248
2017-11-29,9.677380561828613
2017-11-30,9.542972564697266
2017-12-01,9.229353904724121
2017-12-04,9.094945907592773
2017-12-05,9.050143241882324
2017-12-06,8.69172191619873
2017-12-07,8.288496971130371
2017-12-08,8.154088973999023
2017-12-11,8.243695259094238
2017-12-12,8.091365814208984
2017-12-13,8.001760482788086
2017-12-14,8.288496971130371
2017-12-15,8.16304874420166
2017-12-18,8.172009468078613
2017-12-19,8.118247032165527
2017-12-20,8.172009468078613
2017-12-21,8.154088973999023
2017-12-22,8.127208709716797
2017-12-25,8.118247032165527
2017-12-26,7.992799282073975
2017-12-27,8.001760482788086
2017-12-28,8.064483642578125
2017-12-29,8.064483642578125
2018-01-02,8.073444366455078
2018-01-03,8.109286308288574
2018-01-04,8.467708587646484
2018-01-05,8.324339866638184
2018-01-08,8.288496971130371
2018-01-09,8.369142532348633
2018-01-10,8.252655982971191
2018-01-11,8.279537200927734
2018-01-12,8.261616706848145
2018-01-15,8.198891639709473
2018-01-16,8.413945198059082
2018-01-17,8.369142532348633
2018-01-18,8.288496971130371
2018-01-19,8.297457695007324
2018-01-22,8.198891639709473
2018-01-23,8.225772857666016
2018-01-24,8.288496971130371
2018-01-25,8.189931869506836
2018-01-26,8.189931869506836
2018-01-29,8.145130157470703
2018-01-30,8.091365814208984
2018-01-31,8.073444366455078
2018-02-01,8.082405090332031
2018-02-02,8.010721206665039
2018-02-05,7.7687859535217285
2018-02-06,7.034022331237793
2018-02-07,7.1773905754089355
2018-02-08,7.186351299285889
2018-02-09,7.078824996948242
2018-02-12,7.1773905754089355
2018-02-21,7.320760250091553
2018-02-22,7.383482456207275
2018-02-23,7.455167293548584
2018-02-26,7.526852130889893
2018-02-27,7.661259651184082
2018-03-01,7.60749626159668
2018-03-02,7.508930683135986
2018-03-05,7.383482456207275
2018-03-06,7.338680267333984
2018-03-07,7.28491735458374
2018-03-08,7.356602191925049
2018-03-09,7.275956153869629
2018-03-12,7.302838325500488
2018-03-13,7.356602191925049
2018-03-14,7.401403903961182
2018-03-15,7.5358123779296875
2018-03-16,7.401403903961182
2018-03-19,7.3476409912109375
2018-03-20,7.338680267333984
2018-03-21,7.3297200202941895
2018-03-22,7.302838325500488
2018-03-23,7.204272270202637
2018-03-26,7.168429851531982
2018-03-27,7.249074935913086
2018-03-28,7.150509357452393
2018-03-29,7.1415486335754395
2018-03-30,7.150509357452393
2018-04-02,7.258035659790039
2018-04-03,7.168429851531982
2018-04-09,7.060904026031494
2018-04-10,7.132587909698486
2018-04-11,7.0161004066467285
2018-04-12,6.980258941650391
2018-04-13,6.9444169998168945
2018-04-16,6.756245136260986
2018-04-17,6.756245136260986
2018-04-18,6.7383246421813965
2018-04-19,6.72040319442749
2018-04-20,6.657679080963135
2018-04-23,6.46054744720459
2018-04-24,6.182770729064941
2018-04-25,6.424705982208252
2018-04-26,6.263415813446045
2018-04-27,6.272376537322998
2018-04-30,6.272376537322998
2018-05-02,6.263415813446045
2018-05-03,6.281336784362793
2018-05-04,6.272376537322998
2018-05-07,6.200692176818848
2018-05-08,6.451586723327637
2018-05-09,6.335099697113037
2018-05-10,6.361981391906738
2018-05-11,6.37094259262085
2018-05-14,6.46054744720459
2018-05-15,6.3888630867004395
2018-05-16,6.406784534454346
2018-05-17,6.353021144866943
2018-05-18,6.335099697113037
2018-05-21,6.361981391906738
2018-05-22,6.34406042098999
2018-05-23,6.3888630867004395
2018-05-24,6.379903316497803
2018-05-25,6.34406042098999
2018-05-28,6.451586723327637
2018-05-29,7.09674596786499
2018-05-30,7.804628372192383
2018-05-31,8.180970191955566
2018-06-01,7.867352485656738
2018-06-04,7.831510066986084
2018-06-05,8.387063026428223
2018-06-06,8.172009468078613
2018-06-07,8.082405090332031
2018-06-08,8.064483642578125
2018-06-11,8.109286308288574
2018-06-12,7.939036846160889
2018-06-13,7.8852739334106445
2018-06-14,7.6791815757751465
2018-06-15,7.813587665557861
2018-06-19,7.7419047355651855
2018-06-20,7.706062316894531
2018-06-21,7.867352485656738
2018-06-22,7.652299404144287
2018-06-25,7.652299404144287
2018-06-26,7.526852130889893
2018-06-27,7.455167293548584
2018-06-28,7.3117995262146
2018-06-29,7.437245845794678
2018-07-02,7.356602191925049
2018-07-03,7.23115348815918
2018-07-04,7.123627185821533
2018-07-05,7.338680267333984
2018-07-06,7.186351299285889
2018-07-09,7.759824752807617
2018-07-10,7.526852130889893
2018-07-11,7.526852130889893
2018-07-12,7.526852130889893
2018-07-13,7.499969959259033
2018-07-16,7.634378433227539
2018-07-17,7.60749626159668
2018-07-18,7.616456508636475
2018-07-19,7.482048034667969
2018-07-20,7.437245845794678
2018-07-23,7.401403903961182
2018-07-24,7.437245845794678
2018-07-25,7.616456508636475
2018-07-26,7.5358123779296875
2018-07-27,7.589574337005615
2018-07-30,7.786707401275635
2018-07-31,7.706062316894531
2018-08-01,8.136168479919434
2018-08-02,7.894234657287598
2018-08-03,7.930075645446777
2018-08-06,8.001760482788086
2018-08-07,8.136168479919434
2018-08-08,8.073444366455078
2018-08-09,7.965917110443115
2018-08-10,7.7687859535217285
2018-08-13,7.544773101806641
2018-08-14,7.499969959259033
2018-08-15,7.3297200202941895
2018-08-16,7.446206569671631
2018-08-17,7.374523162841797
2018-08-20,7.437245845794678
2018-08-21,7.49100923538208
2018-08-22,7.49100923538208
2018-08-23,7.7239837646484375
2018-08-24,7.732944488525391
2018-08-27,7.7687859535217285
2018-08-28,7.77774715423584
2018-08-29,7.670220851898193
2018-08-30,7.6791815757751465
2018-08-31,7.661259651184082
2018-09-03,7.670220851898193
2018-09-04,7.79566764831543
2018-09-05,7.7508649826049805
2018-09-06,7.715023040771484
2018-09-07,7.39244270324707
2018-09-10,6.989219665527344
2018-09-11,7.034022331237793
2018-09-12,6.8996148109436035
2018-09-13,7.042982578277588
2018-09-14,7.105706691741943
2018-09-17,7.0161004066467285
2018-09-18,6.917534828186035
2018-09-19,6.90857458114624
2018-09-20,6.827929496765137
2018-09-21,6.783127307891846
2018-09-25,6.702481746673584
2018-09-26,6.729363441467285
2018-09-27,6.702481746673584
2018-09-28,6.684561252593994
2018-10-01,6.675601005554199
2018-10-02,6.630797863006592
2018-10-03,6.505350112915039
2018-10-04,6.424705982208252
2018-10-05,6.299258232116699
2018-10-08,6.299258232116699
2018-10-09,6.290297508239746
2018-10-11,5.663059711456299
2018-10-12,5.663059711456299
2018-10-15,5.5824151039123535
2018-10-16,5.61825704574585
2018-10-17,5.627217769622803
2018-10-18,5.591375827789307
2018-10-19,5.474888324737549
2018-10-22,5.48384952545166
2018-10-23,5.465927600860596
2018-10-24,5.3763227462768555
2018-10-25,5.0537428855896
2018-10-26,4.982059001922607
2018-10-29,4.901413917541504
2018-10-30,4.86557149887085
2018-10-31,5.152308940887451
2018-11-01,5.322559833526611
2018-11-02,5.5376129150390625
2018-11-05,5.627217769622803
2018-11-06,5.636178493499756
2018-11-07,5.680980682373047
2018-11-08,5.672020435333252
2018-11-09,5.913954734802246
2018-11-12,6.505350112915039
2018-11-13,7.150509357452393
2018-11-14,6.9444169998168945
2018-11-15,7.428285121917725
2018-11-16,7.374523162841797
2018-11-19,7.240114212036133
2018-11-20,7.105706691741943
2018-11-21,7.526852130889893
2018-11-22,7.21323299407959
2018-11-23,7.1415486335754395
2018-11-26,7.195311546325684
2018-11-27,7.258035659790039
2018-11-28,7.28491735458374
2018-11-29,7.3655619621276855
2018-11-30,7.410364627838135
2018-12-03,7.47308874130249
2018-12-04,7.598535060882568
2018-12-05,7.49100923538208
2018-12-06,7.078824996948242
2018-12-07,7.23115348815918
2018-12-10,7.034022331237793
2018-12-11,7.1594696044921875
2018-12-12,7.1773905754089355
2018-12-13,7.186351299285889
2018-12-14,7.069863796234131
2018-12-17,7.034022331237793
2018-12-18,6.962337493896484
2018-12-19,6.827929496765137
2018-12-20,6.756245136260986
2018-12-21,6.72040319442749
2018-12-24,6.72040319442749
2018-12-25,6.541191577911377
2018-12-26,6.5232720375061035
2018-12-27,6.648718357086182
2018-12-28,6.666640281677246
2019-01-02,6.612876892089844
2019-01-03,6.594954967498779
2019-01-04,6.5232720375061035
2019-01-07,6.585995197296143
2019-01-08,6.559113502502441
2019-01-09,6.541191577911377
2019-01-10,6.532232284545898
2019-01-11,6.451586723327637
2019-01-14,6.272376537322998
2019-01-15,6.361981391906738
2019-01-16,6.37094259262085
2019-01-17,6.406784534454346
2019-01-18,6.585995197296143
2019-01-21,7.078824996948242
2019-01-22,7.051943302154541
2019-01-23,6.881692886352539
2019-01-24,6.8996148109436035
2019-01-25,7.042982578277588
2019-01-28,7.186351299285889
2019-01-29,7.186351299285889
2019-01-30,7.150509357452393
2019-02-11,7.060904026031494
2019-02-12,7.069863796234131
2019-02-13,7.21323299407959
2019-02-14,7.482048034667969
2019-02-15,7.3297200202941895
2019-02-18,7.275956153869629
2019-02-19,7.374523162841797
2019-02-20,8.109286308288574
2019-02-21,8.915735244750977
2019-02-22,8.736522674560547
2019-02-25,8.96053695678711
2019-02-26,8.951577186584473
2019-02-27,9.811789512634277
2019-03-04,9.587775230407715
2019-03-05,9.184551239013672
2019-03-06,9.408564567565918
2019-03-07,9.229353904724121
2019-03-08,9.946196556091309
2019-03-11,10.035802841186523
2019-03-12,10.080606460571289
2019-03-13,10.035802841186523
2019-03-14,9.766985893249512
2019-03-15,9.722184181213379
2019-03-18,9.542972564697266
2019-03-19,9.274157524108887
2019-03-20,9.63257884979248
2019-03-21,9.677380561828613
2019-03-22,9.363761901855469
2019-03-25,9.184551239013672
2019-03-26,9.542972564697266
2019-03-27,9.363761901855469
2019-03-28,9.274157524108887
2019-03-29,9.587775230407715
2019-04-01,10.528631210327148
2019-04-02,10.573433876037598
2019-04-03,11.603897094726562
2019-04-08,12.723962783813477
2019-04-09,12.141529083251953
2019-04-10,13.171990394592285
2019-04-11,12.858372688293457
2019-04-12,12.32073974609375
2019-04-15,12.544753074645996
2019-04-16,12.90317440032959
2019-04-17,12.589556694030762
2019-04-18,12.455147743225098
2019-04-19,12.723962783813477
2019-04-22,12.544753074645996
2019-04-23,12.947977066040039
2019-04-24,13.351202011108398
2019-04-25,12.589556694030762
2019-04-26,12.90317440032959
2019-04-29,12.768766403198242
2019-04-30,13.485610008239746
2019-05-02,13.888833999633789
2019-05-03,13.62001895904541
2019-05-06,12.90317440032959
2019-05-07,12.679161071777344
2019-05-08,12.679161071777344
2019-05-09,11.73830509185791
2019-05-10,12.051923751831055
2019-05-13,11.55909538269043
2019-05-14,12.007121086120605
2019-05-15,12.096725463867188
2019-05-16,11.648700714111328
2019-05-17,11.335081100463867
2019-05-20,10.887053489685059
2019-05-21,11.962318420410156
2019-05-22,11.872714042663574
2019-05-23,12.096725463867188
2019-05-24,11.91751480102539
2019-05-27,11.91751480102539
2019-05-28,12.186331748962402
2019-05-29,12.007121086120605
2019-05-30,12.186331748962402
2019-05-31,12.3655424118042
2019-06-03,12.858372688293457
2019-06-04,12.544753074645996
2019-06-05,12.723962783813477
2019-06-06,12.544753074645996
2019-06-10,12.634358406066895
2019-06-11,12.90317440032959
2019-06-12,12.589556694030762
2019-06-13,11.962318420410156
2019-06-14,12.007121086120605
2019-06-17,12.051923751831055
2019-06-18,12.051923751831055
2019-06-19,12.32073974609375
2019-06-20,12.410345077514648
2019-06-21,12.3655424118042
2019-06-24,11.872714042663574
2019-06-25,11.827910423278809
2019-06-26,11.78310775756836
2019-06-27,11.91751480102539
2019-06-28,11.78310775756836
2019-07-01,11.648700714111328
2019-07-02,12.455147743225098
2019-07-03,12.186331748962402
2019-07-04,12.231135368347168
2019-07-05,12.455147743225098
2019-07-08,12.455147743225098
2019-07-09,12.455147743225098
2019-07-10,12.275936126708984
2019-07-11,12.634358406066895
2019-07-12,12.455147743225098
2019-07-15,12.768766403198242
2019-07-16,12.90317440032959
2019-07-17,13.485610008239746
2019-07-18,13.216793060302734
2019-07-19,13.171990394592285
2019-07-22,13.216793060302734
2019-07-23,13.216793060302734
2019-07-24,13.261595726013184
2019-07-25,13.440808296203613
2019-07-26,13.799229621887207
2019-07-29,15.053704261779785
2019-07-30,13.575215339660645
2019-07-31,13.127187728881836
2019-08-01,13.306398391723633
2019-08-02,12.768766403198242
2019-08-05,12.681497573852539
2019-08-06,12.816407203674316
2019-08-07,12.456648826599121
2019-08-08,12.771437644958496
2019-08-12,12.636528968811035
2019-08-13,12.501617431640625
2019-08-14,12.546587944030762
2019-08-15,12.546587944030762
2019-08-16,12.501617431640625
2019-08-19,12.546587944030762
2019-08-20,12.636528968811035
2019-08-21,12.636528968811035
2019-08-22,12.501617431640625
2019-08-23,12.366707801818848
2019-08-26,12.186830520629883
2019-08-27,12.231799125671387
2019-08-28,12.636528968811035
2019-08-29,12.501617431640625
2019-08-30,12.681497573852539
2019-09-02,13.356045722961426
2019-09-03,13.04125690460205
2019-09-04,13.401015281677246
2019-09-05,13.176165580749512
2019-09-06,13.401015281677246
2019-09-10,13.356045722961426
2019-09-11,13.311076164245605
2019-09-12,13.445984840393066
2019-09-16,13.356045722961426
2019-09-17,13.221135139465332
2019-09-18,13.625864028930664
2019-09-19,13.580894470214844
2019-09-20,13.356045722961426
2019-09-23,13.311076164245605
2019-09-24,13.221135139465332
2019-09-25,12.771437644958496
2019-09-26,12.681497573852539
2019-09-27,12.4116792678833
2019-10-01,12.771437644958496
2019-10-02,12.816407203674316
2019-10-03,12.771437644958496
2019-10-04,12.816407203674316
2019-10-07,12.72646713256836
2019-10-08,12.591558456420898
2019-10-09,12.636528968811035
2019-10-14,12.771437644958496
2019-10-15,12.861377716064453
2019-10-16,12.816407203674316
2019-10-17,12.906347274780273
2019-10-18,12.906347274780273
2019-10-21,13.221135139465332
2019-10-22,13.04125690460205
2019-10-23,12.951316833496094
2019-10-24,13.086227416992188
2019-10-25,12.996286392211914
2019-10-28,12.906347274780273
2019-10-29,12.816407203674316
2019-10-30,12.681497573852539
2019-10-31,12.4116792678833
2019-11-01,12.501617431640625
2019-11-04,12.591558456420898
2019-11-05,12.501617431640625
2019-11-06,12.501617431640625
2019-11-07,12.501617431640625
2019-11-08,12.501617431640625
2019-11-11,12.321739196777344
2019-11-12,12.366707801818848
2019-11-13,12.321739196777344
2019-11-14,12.006950378417969
2019-11-15,12.09688949584961
2019-11-18,12.276768684387207
2019-11-19,12.276768684387207
2019-11-20,12.186830520629883
2019-11-21,12.09688949584961
2019-11-22,12.051918983459473
2019-11-25,12.09688949584961
2019-11-26,12.14185905456543
2019-11-27,12.366707801818848
2019-11-28,12.186830520629883
2019-11-29,12.14185905456543
2019-12-02,11.73713207244873
2019-12-03,11.782100677490234
2019-12-04,12.14185905456543
2019-12-05,12.276768684387207
2019-12-06,12.231799125671387
2019-12-09,12.321739196777344
2019-12-10,12.456648826599121
2019-12-11,12.456648826599121
2019-12-12,12.321739196777344
2019-12-13,12.321739196777344
2019-12-16,12.636528968811035
2019-12-17,12.771437644958496
2019-12-18,12.546587944030762
2019-12-19,12.456648826599121
2019-12-20,12.4116792678833
2019-12-23,12.186830520629883
2019-12-24,12.186830520629883
2019-12-25,12.276768684387207
2019-12-26,12.186830520629883
2019-12-27,12.231799125671387
2019-12-30,12.231799125671387
2019-12-31,12.231799125671387
2020-01-02,12.366707801818848
2020-01-03,12.186830520629883
2020-01-06,11.961980819702148
2020-01-07,12.231799125671387
2020-01-08,11.961980819702148
2020-01-09,11.961980819702148
2020-01-10,12.14185905456543
2020-01-13,12.276768684387207
2020-01-14,12.276768684387207
2020-01-15,12.366707801818848
2020-01-16,12.456648826599121
2020-01-17,12.4116792678833
2020-01-20,12.546587944030762
2020-01-30,11.332403182983398
2020-01-31,11.287431716918945
2020-02-03,10.522945404052734
2020-02-04,10.92767333984375
2020-02-05,10.92767333984375
2020-02-06,11.152522087097168
2020-02-07,10.837733268737793
2020-02-10,10.612884521484375
2020-02-11,10.792763710021973
2020-02-12,11.01761245727539
2020-02-13,10.882704734802246
2020-02-14,11.01761245727539
2020-02-17,10.882704734802246
2020-02-18,10.882704734802246
2020-02-19,10.92767333984375
2020-02-20,10.882704734802246
2020-02-21,10.792763710021973
2020-02-24,10.567914009094238
2020-02-25,10.433005332946777
2020-02-26,10.477974891662598
2020-02-27,9.983306884765625
2020-03-02,9.803426742553711
2020-03-03,10.298095703125
2020-03-04,10.163186073303223
2020-03-05,10.253125190734863
2020-03-06,10.163186073303223
2020-03-09,9.623547554016113
2020-03-10,9.71348762512207
2020-03-11,9.578577995300293
2020-03-12,8.679181098937988
2020-03-13,8.157529830932617
2020-03-16,8.20250129699707
2020-03-17,7.869723796844482
2020-03-18,8.040608406066895
2020-03-19,7.554934024810791
2020-03-20,8.013627052307129
2020-03-23,7.96865701675415
2020-03-24,8.130549430847168
2020-03-25,8.37338638305664
2020-03-26,8.418354988098145
2020-03-27,8.283447265625
2020-03-30,8.238476753234863
2020-03-31,8.238476753234863
2020-04-01,8.60722827911377
2020-04-06,8.724150657653809
2020-04-07,8.733144760131836
2020-04-08,9.173849105834961
2020-04-09,9.08390998840332
2020-04-10,9.038939476013184
2020-04-13,8.922018051147461
2020-04-14,9.128878593444824
2020-04-15,9.443669319152832
2020-04-16,9.263789176940918
2020-04-17,9.128878593444824
2020-04-20,9.038939476013184
2020-04-21,8.769121170043945
2020-04-22,8.814090728759766
2020-04-23,9.128878593444824
2020-04-24,9.173849105834961
2020-04-27,9.263789176940918
2020-04-28,9.173849105834961
2020-04-29,10.073246955871582
2020-04-30,10.028276443481445
2020-05-04,9.803426742553711
2020-05-05,9.803426742553711
2020-05-06,9.353728294372559
2020-05-07,9.398698806762695
2020-05-08,9.398698806762695
2020-05-11,9.623547554016113
2020-05-12,9.578577995300293
2020-05-13,9.443669319152832
2020-05-14,9.038939476013184
2020-05-15,8.99397087097168
2020-05-18,9.08390998840332
2020-05-19,8.99397087097168
2020-05-20,9.038939476013184
2020-05-21,9.218819618225098
2020-05-22,9.128878593444824
2020-05-25,9.038939476013184
2020-05-26,9.08390998840332
2020-05-27,9.398698806762695
2020-05-28,9.218819618225098
2020-05-29,9.128878593444824
2020-06-01,9.218819618225098
2020-06-02,9.398698806762695
2020-06-03,9.488637924194336
2020-06-04,9.488637924194336
2020-06-05,9.488637924194336
2020-06-08,9.578577995300293
2020-06-09,9.533608436584473
2020-06-10,9.443669319152832
2020-06-11,9.128878593444824
2020-06-12,8.99397087097168
2020-06-15,8.957993507385254
2020-06-16,9.218819618225098
2020-06-17,9.08390998840332
2020-06-18,9.128878593444824
2020-06-19,9.08390998840332
2020-06-22,9.08390998840332
2020-06-23,8.99397087097168
2020-06-24,9.038939476013184
2020-06-29,8.957993507385254
2020-06-30,9.038939476013184
2020-07-01,9.173849105834961
2020-07-02,9.488637924194336
2020-07-03,8.99397087097168
2020-07-06,9.173849105834961
2020-07-07,9.038939476013184
2020-07-08,9.08390998840332
2020-07-09,9.038939476013184
2020-07-10,8.922018051147461
2020-07-13,9.08390998840332
2020-07-14,8.931012153625488
2020-07-15,8.832077980041504
2020-07-16,8.643204689025879
2020-07-17,8.283447265625
2020-07-20,8.175518989562988
2020-07-21,8.32841682434082
2020-07-22,8.62521743774414
2020-07-23,8.463326454162598
2020-07-24,8.229482650756836
2020-07-27,8.211495399475098
2020-07-28,8.004632949829102
2020-07-29,8.166524887084961
2020-07-30,8.256464958190918
2020-07-31,8.58024787902832
2020-08-03,8.517290115356445
2020-08-04,8.535276412963867
2020-08-05,8.724150657653809
2020-08-06,8.697169303894043
2020-08-07,8.66119384765625
2020-08-10,8.877049446105957
2020-08-11,8.886042594909668
2020-08-12,8.823084831237793
2020-08-13,8.742138862609863
2020-08-14,8.859061241149902
2020-08-17,8.966988563537598
2020-08-18,8.966988563537598
2020-08-19,8.886042594909668
2020-08-20,8.50374698638916
2020-08-21,8.578341484069824
2020-08-24,8.708881378173828
2020-08-25,9.063203811645508
2020-08-26,9.119150161743164
2020-08-27,9.184419631958008
2020-08-28,9.231040954589844
2020-08-31,9.22171688079834
2020-09-01,9.10982608795166
2020-09-02,9.15644645690918
2020-09-03,9.231040954589844
2020-09-04,9.137798309326172
2020-09-07,9.184419631958008
2020-09-08,9.128474235534668
2020-09-09,9.193743705749512
2020-09-10,9.231040954589844
2020-09-11,9.10050106048584
2020-09-14,9.081852912902832
2020-09-15,9.091176986694336
2020-09-16,9.091176986694336
2020-09-17,9.193743705749512
2020-09-18,10.070226669311523
2020-09-21,10.116848945617676
2020-09-22,9.88374137878418
2020-09-23,9.417527198791504
2020-09-24,8.839420318603516
2020-09-25,8.634286880493164
2020-09-28,9.137798309326172
2020-09-29,8.858070373535156
2020-09-30,8.867393493652344
2020-10-05,8.97928524017334
2020-10-06,9.128474235534668
2020-10-07,9.128474235534668
2020-10-08,9.184419631958008
2020-10-12,8.951313018798828
2020-10-13,8.997933387756348
2020-10-14,9.081852912902832
2020-10-15,9.231040954589844
2020-10-16,9.305635452270508
2020-10-19,9.324283599853516
2020-10-20,9.249689102172852
2020-10-21,9.370905876159668
2020-10-22,9.604012489318848
2020-10-23,9.510769844055176
2020-10-26,9.743876457214355
2020-10-27,9.790497779846191
2020-10-28,9.370905876159668
2020-10-29,9.370905876159668
2020-10-30,9.27766227722168
2020-11-02,9.184419631958008
2020-11-03,9.370905876159668
2020-11-04,9.510769844055176
2020-11-05,9.324283599853516
2020-11-06,9.324283599853516
2020-11-09,9.370905876159668
2020-11-10,9.370905876159668
2020-11-11,9.324283599853516
2020-11-12,9.286986351013184
2020-11-13,9.286986351013184
2020-11-16,9.510769844055176
2020-11-17,9.46414852142334
2020-11-18,9.417527198791504
2020-11-19,9.557391166687012
2020-11-20,9.88374137878418
2020-11-23,9.930362701416016
2020-11-24,9.743876457214355
2020-11-25,9.930362701416016
2020-11-26,10.163468360900879
2020-11-27,10.210090637207031
2020-11-30,10.30333423614502
2020-12-01,10.489819526672363
2020-12-02,10.676304817199707
2020-12-03,10.72292709350586
2020-12-04,11.142518997192383
2020-12-07,10.956033706665039
2020-12-08,10.583062171936035
2020-12-09,10.86279010772705
2020-12-10,10.583062171936035
2020-12-11,10.536441802978516
2020-12-14,10.816169738769531
2020-12-15,10.536441802978516
2020-12-16,10.583062171936035
2020-12-17,10.676304817199707
2020-12-18,10.536441802978516
2020-12-21,10.396575927734375
2020-12-22,10.30333423614502
2020-12-23,10.30333423614502
2020-12-24,10.396575927734375
2020-12-25,10.489819526672363
2020-12-28,10.769547462463379
2020-12-29,10.629683494567871
2020-12-30,10.629683494567871
2020-12-31,10.536441802978516
2021-01-04,10.629683494567871
2021-01-05,10.72292709350586
2021-01-06,10.30333423614502
2021-01-07,10.30333423614502
2021-01-08,10.396575927734375
2021-01-11,10.30333423614502
2021-01-12,9.743876457214355
2021-01-13,9.88374137878418
2021-01-14,9.88374137878418
2021-01-15,9.650634765625
2021-01-18,9.417527198791504
2021-01-19,9.46414852142334
2021-01-20,9.0445556640625
2021-01-21,9.0445556640625
2021-01-22,9.119150161743164
2021-01-25,9.268338203430176
2021-01-26,9.212392807006836
2021-01-27,9.137798309326172
2021-01-28,8.98861026763916
2021-01-29,8.969961166381836
2021-02-01,8.764826774597168
2021-02-02,8.914015769958496
2021-02-03,9.314959526062012
2021-02-04,9.268338203430176
2021-02-05,9.193743705749512
2021-02-17,9.324283599853516
2021-02-18,9.510769844055176
2021-02-19,9.650634765625
2021-02-22,9.790497779846191
2021-02-23,9.743876457214355
2021-02-24,9.69725513458252
2021-02-25,9.790497779846191
2021-02-26,9.743876457214355
2021-03-02,9.650634765625
2021-03-03,9.88374137878418
2021-03-04,9.88374137878418
2021-03-05,9.790497779846191
2021-03-08,9.837120056152344
2021-03-09,9.976983070373535
2021-03-10,9.88374137878418
2021-03-11,9.930362701416016
2021-03-12,10.023605346679688
2021-03-15,9.930362701416016
2021-03-16,9.88374137878418
2021-03-17,9.837120056152344
2021-03-18,10.116848945617676
2021-03-19,10.210090637207031
2021-03-22,10.769547462463379
2021-03-23,10.396575927734375
2021-03-24,10.489819526672363
2021-03-25,10.396575927734375
2021-03-26,10.489819526672363
2021-03-29,10.816169738769531
2021-03-30,10.86279010772705
2021-03-31,10.816169738769531
2021-04-01,10.86279010772705
2021-04-07,11.515491485595703
2021-04-08,12.261432647705078
2021-04-09,11.88846206665039
2021-04-12,12.634405136108398
2021-04-13,12.028325080871582
2021-04-14,11.701976776123047
2021-04-15,11.88846206665039
2021-04-16,12.074947357177734
2021-04-19,12.214813232421875
2021-04-20,12.96075439453125
2021-04-21,13.14724063873291
2021-04-22,12.727646827697754
2021-04-23,13.14724063873291
2021-04-26,13.193861961364746
2021-04-27,13.14724063873291
2021-04-28,13.98642635345459
2021-04-29,13.56683349609375
2021-05-03,12.634405136108398
2021-05-04,11.608733177185059
2021-05-05,11.748598098754883
2021-05-06,11.88846206665039
2021-05-07,12.447918891906738
2021-05-10,12.30805492401123
2021-05-11,11.375626564025879
2021-05-12,10.583062171936035
2021-05-13,10.536441802978516
2021-05-14,10.629683494567871
2021-05-17,9.604012489318848
2021-05-18,10.489819526672363
2021-05-19,10.86279010772705
2021-05-20,10.396575927734375
2021-05-21,10.816169738769531
2021-05-24,11.095897674560547
2021-05-25,11.282383918762207
2021-05-26,11.515491485595703
2021-05-27,11.46886920928955
2021-05-28,11.608733177185059
2021-05-31,11.795219421386719
2021-06-01,12.028325080871582
2021-06-02,11.935083389282227
2021-06-03,12.074947357177734
2021-06-04,12.168190956115723
2021-06-07,11.981705665588379
2021-06-08,11.935083389282227
2021-06-09,11.795219421386719
2021-06-10,11.88846206665039
2021-06-11,11.88846206665039
2021-06-15,11.88846206665039
2021-06-16,11.515491485595703
2021-06-17,11.981705665588379
2021-06-18,11.701976776123047
2021-06-21,11.329005241394043
2021-06-22,11.002655029296875
2021-06-23,11.422247886657715
2021-06-24,11.562111854553223
2021-06-25,11.375626564025879
2021-06-28,11.46886920928955
2021-06-29,11.235762596130371
2021-06-30,11.282383918762207
2021-07-01,11.748598098754883
2021-07-02,11.46886920928955
2021-07-05,11.841839790344238
2021-07-06,11.795219421386719
2021-07-07,11.701976776123047
2021-07-08,11.795219421386719
2021-07-09,11.841839790344238
2021-07-12,11.981705665588379
2021-07-13,12.214813232421875
2021-07-14,12.774269104003906
2021-07-15,12.261432647705078
2021-07-16,12.354676246643066
2021-07-19,12.54116153717041
2021-07-20,12.028325080871582
2021-07-21,11.795219421386719
2021-07-22,12.447918891906738
2021-07-23,12.447918891906738
2021-07-26,12.727646827697754
2021-07-27,12.681026458740234
2021-07-28,12.820890426635742
2021-07-29,12.587783813476562
2021-07-30,12.54116153717041
2021-08-02,12.54116153717041
2021-08-03,12.681026458740234
2021-08-04,12.774269104003906
2021-08-05,12.681026458740234
2021-08-06,12.494540214538574
2021-08-09,12.074947357177734
2021-08-10,12.12156867980957
2021-08-11,11.841839790344238
2021-08-12,12.074947357177734
2021-08-13,11.841839790344238
2021-08-16,11.375626564025879
2021-08-17,11.375626564025879
2021-08-18,11.329005241394043
2021-08-19,10.93403148651123
2021-08-20,10.645026206970215
2021-08-23,10.837696075439453
2021-08-24,10.693194389343262
2021-08-25,10.982198715209961
2021-08-26,10.93403148651123
2021-08-27,11.030365943908691
2021-08-30,10.93403148651123
2021-08-31,10.8858642578125
2021-09-01,11.126701354980469
2021-09-02,10.837696075439453
2021-09-03,11.126701354980469
2021-09-06,10.837696075439453
2021-09-07,10.93403148651123
2021-09-08,10.693194389343262
2021-09-09,10.789528846740723
2021-09-10,10.982198715209961
2021-09-13,11.078534126281738
2021-09-14,11.030365943908691
2021-09-15,10.982198715209961
2021-09-16,10.93403148651123
2021-09-17,10.93403148651123
2021-09-22,10.789528846740723
2021-09-23,10.837696075439453
2021-09-24,11.030365943908691
2021-09-27,11.319371223449707
2021-09-28,11.126701354980469
2021-09-29,10.93403148651123
2021-09-30,11.078534126281738
2021-10-01,10.789528846740723
2021-10-04,10.259685516357422
2021-10-05,10.693194389343262
2021-10-06,10.837696075439453
2021-10-07,11.126701354980469
2021-10-08,11.367539405822754
2021-10-12,11.22303581237793
2021-10-13,10.789528846740723
2021-10-14,10.8858642578125
2021-10-15,10.982198715209961
2021-10-18,11.030365943908691
2021-10-19,11.126701354980469
2021-10-20,11.174869537353516
2021-10-21,11.126701354980469
2021-10-22,11.126701354980469
2021-10-25,11.22303581237793
2021-10-26,11.22303581237793
2021-10-27,11.463873863220215
2021-10-28,11.415706634521484
2021-10-29,11.463873863220215
2021-11-01,11.560209274291992
2021-11-02,11.7047119140625
2021-11-03,12.041884422302246
2021-11-04,11.897382736206055
2021-11-05,11.945549011230469
2021-11-08,12.041884422302246
2021-11-09,11.945549011230469
2021-11-10,12.138219833374023
2021-11-11,12.138219833374023
2021-11-12,12.138219833374023
2021-11-15,12.234554290771484
2021-11-16,12.330889701843262
2021-11-17,12.668062210083008
2021-11-18,12.860733032226562
2021-11-19,13.294240951538086
2021-11-22,14.59476375579834
2021-11-23,14.161255836486816
2021-11-24,13.8722505569458
2021-11-25,13.438742637634277
2021-11-26,13.149737358093262
2021-11-29,12.957067489624023
2021-11-30,13.101571083068848
2021-12-01,13.246072769165039
2021-12-02,12.812565803527832
2021-12-03,13.149737358093262
2021-12-06,13.342408180236816
2021-12-07,13.197905540466309
2021-12-08,13.149737358093262
2021-12-09,13.294240951538086
2021-12-10,13.149737358093262
2021-12-13,13.968585968017578
2021-12-14,13.294240951538086
2021-12-15,14.257591247558594
2021-12-16,14.739267349243164
2021-12-17,15.076438903808594
2021-12-20,14.691099166870117
2021-12-21,14.642931938171387
2021-12-22,14.450262069702148
2021-12-23,14.883769035339355
2021-12-24,15.654450416564941
2021-12-27,17.195812225341797
2021-12-28,17.38848114013672
2021-12-29,17.292146682739258
2021-12-30,16.617801666259766
2022-01-03,16.617801666259766
2022-01-04,16.714136123657227
2022-01-05,15.991622924804688
2022-01-06,15.847121238708496
2022-01-07,15.317276954650879
2022-01-10,15.36544418334961
2022-01-11,15.02827262878418
2022-01-12,14.883769035339355
2022-01-13,14.835601806640625
2022-01-14,14.546597480773926
2022-01-17,15.02827262878418
2022-01-18,14.883769035339355
2022-01-19,15.317276954650879
2022-01-20,15.317276954650879
2022-01-21,14.642931938171387
2022-01-24,14.546597480773926
2022-01-25,14.016754150390625
2022-01-26,13.968585968017578
2022-02-07,14.642931938171387
2022-02-08,14.739267349243164
2022-02-09,15.220942497253418
2022-02-10,14.353925704956055
2022-02-11,14.30575942993164
2022-02-14,13.77591609954834
2022-02-15,13.77591609954834
2022-02-16,13.968585968017578
2022-02-17,13.8722505569458
2022-02-18,13.8722505569458
2022-02-21,13.920418739318848
2022-02-22,13.583246231079102
2022-02-23,13.631413459777832
2022-02-24,13.101571083068848
2022-02-25,13.294240951538086
2022-03-01,13.631413459777832
2022-03-02,13.8722505569458
2022-03-03,13.77591609954834
2022-03-04,13.438742637634277
2022-03-07,12.957067489624023
2022-03-08,12.812565803527832
2022-03-09,13.00523567199707
2022-03-10,13.246072769165039
2022-03-11,13.294240951538086
2022-03-14,13.438742637634277
2022-03-15,13.0534029006958
2022-03-16,13.246072769165039
2022-03-17,13.72774887084961
2022-03-18,13.631413459777832
2022-03-21,13.486910820007324
2022-03-22,13.72774887084961
2022-03-23,13.679580688476562
2022-03-24,13.72774887084961
2022-03-25,13.631413459777832
2022-03-28,13.438742637634277
2022-03-29,13.197905540466309
2022-03-30,13.390575408935547
2022-03-31,13.197905540466309
2022-04-01,13.101571083068848
2022-04-06,12.860733032226562
2022-04-07,12.379057884216309
2022-04-08,12.427224159240723
2022-04-11,11.849214553833008
2022-04-12,11.945549011230469
2022-04-13,12.186387062072754
2022-04-14,11.993717193603516
2022-04-15,11.7047119140625
2022-04-18,11.7047119140625
2022-04-19,11.945549011230469
2022-04-20,12.234554290771484
2022-04-21,11.801047325134277
2022-04-22,11.65654468536377
2022-04-25,11.271203994750977
2022-04-26,11.22303581237793
2022-04-27,11.030365943908691
2022-04-28,11.512041091918945
2022-04-29,11.319371223449707
2022-05-03,11.463873863220215
2022-05-04,11.415706634521484
2022-05-05,11.512041091918945
2022-05-06,11.367539405822754
2022-05-09,10.789528846740723
2022-05-10,10.8858642578125
2022-05-11,10.693194389343262
2022-05-12,10.452356338500977
2022-05-13,10.596858978271484
2022-05-16,10.693194389343262
2022-05-17,10.93403148651123
2022-05-18,11.126701354980469
2022-05-19,10.93403148651123
2022-05-20,10.93403148651123
2022-05-23,11.174869537353516
2022-05-24,10.8858642578125
2022-05-25,11.078534126281738
2022-05-26,10.982198715209961
2022-05-27,11.078534126281738
2022-05-30,11.22303581237793
2022-05-31,11.22303581237793
2022-06-01,11.367539405822754
2022-06-02,11.22303581237793
2022-06-06,11.22303581237793
2022-06-07,11.126701354980469
2022-06-08,11.174869537353516
2022-06-09,11.22303581237793
2022-06-10,11.174869537353516
2022-06-13,10.693194389343262
2022-06-14,10.741360664367676
2022-06-15,10.693194389343262
2022-06-16,10.50052261352539
2022-06-17,10.3560209274292
2022-06-20,9.63350772857666
2022-06-21,10.163351058959961
2022-06-22,9.729843139648438
2022-06-23,9.778010368347168
2022-06-24,9.874345779418945
2022-06-27,10.163351058959961
2022-06-28,10.018847465515137
2022-06-29,9.922513008117676
2022-06-30,9.614240646362305
2022-07-01,9.007329940795898
2022-07-04,9.08439826965332
2022-07-05,9.35413646697998
2022-07-06,9.199999809265137
2022-07-07,9.380000114440918
2022-07-08,9.5
2022-07-11,9.420000076293945
2022-07-12,9.0
2022-07-13,9.460000038146973
2022-07-14,9.539999961853027
2022-07-15,9.430000305175781
2022-07-18,9.600000381469727
2022-07-19,9.619999885559082
2022-07-20,9.609999656677246
2022-07-21,9.670000076293945
2022-07-22,9.630000114440918
2022-07-25,9.640000343322754
2022-07-26,9.460000038146973
2022-07-27,9.460000038146973
2022-07-28,9.359999656677246
2022-07-29,9.329999923706055
2022-08-01,9.40999984741211
2022-08-02,9.680000305175781
2022-08-03,9.649999618530273
2022-08-04,9.210000038146973
2022-08-05,9.579999923706055
2022-08-08,9.470000267028809
2022-08-09,9.479999542236328
2022-08-10,9.600000381469727
2022-08-11,9.829999923706055
2022-08-12,9.949999809265137
2022-08-15,10.199999809265137
2022-08-16,10.300000190734863
2022-08-17,10.5
2022-08-18,11.149999618530273
2022-08-19,11.050000190734863
2022-08-22,11.100000381469727
2022-08-23,10.949999809265137
2022-08-24,10.899999618530273
2022-08-25,10.949999809265137
2022-08-26,10.949999809265137
2022-08-29,10.550000190734863
2022-08-30,10.800000190734863
2022-08-31,10.949999809265137
2022-09-01,10.850000381469727
2022-09-02,10.75
2022-09-05,10.5
2022-09-06,10.350000381469727
2022-09-07,10.25
2022-09-08,10.449999809265137
2022-09-12,10.5
2022-09-13,10.5
2022-09-14,10.399999618530273
2022-09-15,10.449999809265137
2022-09-16,10.25
2022-09-19,10.149999618530273
2022-09-20,10.199999809265137
2022-09-21,10.050000190734863
2022-09-22,10.0
2022-09-23,9.880000114440918
2022-09-26,9.300000190734863
2022-09-27,9.609999656677246
2022-09-28,9.420000076293945
2022-09-29,9.760000228881836
2022-09-30,9.640000343322754
2022-10-03,9.489999771118164
2022-10-04,9.619999885559082
2022-10-05,9.789999961853027
2022-10-06,10.050000190734863
2022-10-07,10.0
2022-10-11,9.449999809265137
2022-10-12,9.430000305175781
2022-10-13,9.039999961853027
2022-10-14,9.5
2022-10-17,9.470000267028809
2022-10-18,9.539999961853027
2022-10-19,9.449999809265137
2022-10-20,9.140000343322754
2022-10-21,9.130000114440918
2022-10-24,9.270000457763672
2022-10-25,9.140000343322754
2022-10-26,9.15999984741211
2022-10-27,9.270000457763672
2022-10-28,9.079999923706055
2022-10-31,9.220000267028809
2022-11-01,9.420000076293945
2022-11-02,9.449999809265137
2022-11-03,9.369999885559082
2022-11-04,9.390000343322754
2022-11-07,9.449999809265137
2022-11-08,9.470000267028809
2022-11-09,9.539999961853027
2022-11-10,9.399999618530273
2022-11-11,9.449999809265137
2022-11-14,9.5600004196167
2022-11-15,9.550000190734863
2022-11-16,9.399999618530273
2022-11-17,9.460000038146973
2022-11-18,9.40999984741211
2022-11-21,9.300000190734863
2022-11-22,9.199999809265137
2022-11-23,9.319999694824219
2022-11-24,9.319999694824219
2022-11-25,9.319999694824219
2022-11-28,9.229999542236328
2022-11-29,9.34000015258789
2022-11-30,9.4399995803833
2022-12-01,9.680000305175781
2022-12-02,9.6899995803833
2022-12-05,9.8100004196167
2022-12-06,9.65999984741211
2022-12-07,9.510000228881836
2022-12-08,9.510000228881836
2022-12-09,9.5
2022-12-12,9.40999984741211
2022-12-13,9.40999984741211
2022-12-14,9.460000038146973
2022-12-15,9.449999809265137
2022-12-16,9.319999694824219
2022-12-19,9.25
2022-12-20,9.130000114440918
2022-12-21,9.130000114440918
2022-12-22,9.229999542236328
2022-12-23,9.180000305175781
2022-12-26,9.210000038146973
2022-12-27,9.210000038146973
2022-12-28,9.109999656677246
2022-12-29,9.069999694824219
2022-12-30,9.09000015258789
2023-01-03,9.100000381469727
2023-01-04,9.130000114440918
2023-01-05,9.140000343322754
2023-01-06,9.170000076293945
2023-01-09,9.25
2023-01-10,9.210000038146973
2023-01-11,9.229999542236328
2023-01-12,9.1899995803833
2023-01-13,9.119999885559082
2023-01-16,9.119999885559082
2023-01-17,9.130000114440918
2023-01-30,9.220000267028809
2023-01-31,9.359999656677246
2023-02-01,9.399999618530273
2023-02-02,9.529999732971191
2023-02-03,9.449999809265137
2023-02-06,9.369999885559082
2023-02-07,9.420000076293945
2023-02-08,9.520000457763672
2023-02-09,9.479999542236328
2023-02-10,9.369999885559082
2023-02-13,9.319999694824219
2023-02-14,9.449999809265137
2023-02-15,9.4399995803833
2023-02-16,9.520000457763672
2023-02-17,9.649999618530273
2023-02-20,10.25
2023-02-21,10.300000190734863
2023-02-22,10.350000381469727
2023-02-23,10.300000190734863
2023-02-24,10.149999618530273
2023-03-01,10.050000190734863
2023-03-02,10.050000190734863
2023-03-03,10.25
2023-03-06,10.300000190734863
2023-03-07,10.199999809265137
2023-03-08,10.25
2023-03-09,10.199999809265137
2023-03-10,9.989999771118164
2023-03-13,10.0
2023-03-14,9.880000114440918
2023-03-15,9.819999694824219
2023-03-16,9.739999771118164
2023-03-17,9.829999923706055
2023-03-20,9.829999923706055
2023-03-21,9.979999542236328
2023-03-22,9.949999809265137
2023-03-23,9.949999809265137
2023-03-24,10.0
2023-03-27,10.0
2023-03-28,9.850000381469727
2023-03-29,9.819999694824219
2023-03-30,9.819999694824219
2023-03-31,9.869999885559082
2023-04-06,9.819999694824219
2023-04-07,9.84000015258789
2023-04-10,10.149999618530273
2023-04-11,10.050000190734863
2023-04-12,10.149999618530273
2023-04-13,10.300000190734863
2023-04-14,10.649999618530273
2023-04-17,10.600000381469727
2023-04-18,10.5
2023-04-19,10.300000190734863
2023-04-20,10.149999618530273
2023-04-21,9.960000038146973
2023-04-24,10.100000381469727
2023-04-25,10.0
2023-04-26,10.050000190734863
2023-04-27,10.100000381469727
2023-04-28,10.050000190734863
2023-05-02,10.100000381469727
2023-05-03,9.989999771118164
2023-05-04,9.960000038146973
2023-05-05,9.9399995803833
2023-05-08,9.850000381469727
2023-05-09,9.699999809265137
2023-05-10,9.720000267028809
2023-05-11,9.5600004196167
2023-05-12,9.520000457763672
2023-05-15,9.420000076293945
2023-05-16,9.569999694824219
2023-05-17,9.640000343322754
2023-05-18,9.619999885559082
2023-05-19,9.619999885559082
2023-05-22,9.720000267028809
2023-05-23,9.770000457763672
2023-05-24,9.819999694824219
2023-05-25,9.770000457763672
2023-05-26,9.619999885559082
2023-05-29,9.649999618530273
2023-05-30,9.619999885559082
2023-05-31,9.899999618530273
2023-06-01,9.869999885559082
2023-06-02,9.880000114440918
2023-06-05,10.100000381469727
2023-06-06,10.0
2023-06-07,10.0
2023-06-08,9.899999618530273
2023-06-09,9.949999809265137
2023-06-12,9.84000015258789
2023-06-13,9.859999656677246
2023-06-14,9.869999885559082
2023-06-15,9.890000343322754
2023-06-16,10.100000381469727
2023-06-19,10.350000381469727
2023-06-20,10.550000190734863
2023-06-21,11.199999809265137
2023-06-26,11.199999809265137
2023-06-27,10.800000190734863
2023-06-28,10.800000190734863
2023-06-29,10.699999809265137
2023-06-30,10.600000381469727
2023-07-03,10.699999809265137
2023-07-04,10.600000381469727
2023-07-05,10.649999618530273
2023-07-06,10.649999618530273
2023-07-07,10.350000381469727
2023-07-10,10.300000190734863
2023-07-11,10.5
2023-07-12,10.300000190734863
2023-07-13,10.25
2023-07-14,10.300000190734863
2023-07-17,10.449999809265137
2023-07-18,10.25
2023-07-19,10.199999809265137
2023-07-20,10.350000381469727
2023-07-21,10.25
2023-07-24,10.25
2023-07-25,10.199999809265137
2023-07-26,10.25
2023-07-27,11.050000190734863
2023-07-28,10.75
2023-07-31,10.850000381469727
2023-08-01,10.699999809265137
2023-08-02,10.5
2023-08-04,10.600000381469727
2023-08-07,10.5
2023-08-08,10.399999618530273
2023-08-09,10.25
2023-08-10,10.050000190734863
2023-08-11,9.970000267028809
2023-08-14,9.510000228881836
2023-08-15,9.619999885559082
2023-08-16,9.460000038146973
2023-08-17,9.649999618530273
2023-08-18,9.600000381469727
2023-08-21,9.760000228881836
2023-08-22,9.6899995803833
2023-08-23,9.670000076293945
2023-08-24,9.760000228881836
2023-08-25,9.649999618530273
2023-08-28,9.699999809265137
2023-08-29,9.800000190734863
2023-08-30,9.800000190734863
2023-08-31,9.850000381469727
2023-09-01,10.050000190734863
2023-09-04,9.960000038146973
2023-09-05,10.050000190734863
2023-09-06,9.880000114440918
2023-09-07,9.760000228881836
2023-09-08,9.699999809265137
2023-09-11,9.609999656677246
2023-09-12,9.579999923706055
2023-09-13,9.600000381469727
2023-09-14,9.640000343322754
2023-09-15,9.539999961853027
2023-09-18,9.720000267028809
2023-09-19,9.649999618530273
2023-09-20,9.739999771118164
2023-09-21,9.59000015258789
2023-09-22,9.609999656677246
2023-09-25,9.5600004196167
2023-09-26,9.5
2023-09-27,9.449999809265137
2023-09-28,9.420000076293945
2023-10-02,9.489999771118164
2023-10-03,9.479999542236328
2023-10-04,9.34000015258789
2023-10-05,9.390000343322754
2023-10-06,9.300000190734863
2023-10-11,9.140000343322754
2023-10-12,9.220000267028809
2023-10-13,9.199999809265137
2023-10-16,9.170000076293945
2023-10-17,9.119999885559082
2023-10-18,9.029999732971191
2023-10-19,8.970000267028809
2023-10-20,9.029999732971191
2023-10-23,9.100000381469727
2023-10-24,9.210000038146973
2023-10-25,9.329999923706055
2023-10-26,9.239999771118164
2023-10-27,9.199999809265137
2023-10-30,9.140000343322754
2023-10-31,9.109999656677246
2023-11-01,9.100000381469727
2023-11-02,9.149999618530273
2023-11-03,9.199999809265137
2023-11-06,9.199999809265137
2023-11-07,9.180000305175781
2023-11-08,9.470000267028809
2023-11-09,9.470000267028809
2023-11-10,9.3100004196167
2023-11-13,9.270000457763672
2023-11-14,9.1899995803833
2023-11-15,9.260000228881836
2023-11-16,9.350000381469727
2023-11-17,9.369999885559082
2023-11-20,9.34000015258789
2023-11-21,9.539999961853027
2023-11-22,9.510000228881836
2023-11-23,9.489999771118164
2023-11-24,9.449999809265137
2023-11-27,9.420000076293945
2023-11-28,9.470000267028809
2023-11-29,9.710000038146973
2023-11-30,9.670000076293945
2023-12-01,9.729999542236328
2023-12-04,9.829999923706055
2023-12-05,9.789999961853027
2023-12-06,9.739999771118164
2023-12-07,9.720000267028809
2023-12-08,9.75
2023-12-11,9.850000381469727
2023-12-12,9.699999809265137
2023-12-13,9.699999809265137
2023-12-14,9.65999984741211
2023-12-15,9.579999923706055
2023-12-18,9.619999885559082
2023-12-19,9.430000305175781
2023-12-20,9.479999542236328
2023-12-21,9.399999618530273
2023-12-22,9.4399995803833
2023-12-25,9.420000076293945
2023-12-26,9.579999923706055
2023-12-27,9.710000038146973
2023-12-28,9.649999618530273
2023-12-29,9.649999618530273
2024-01-02,9.65999984741211
2024-01-03,9.470000267028809
2024-01-04,9.420000076293945
2024-01-05,9.529999732971191
2024-01-08,9.529999732971191
2024-01-09,9.40999984741211
2024-01-10,9.199999809265137
2024-01-11,9.199999809265137
2024-01-12,9.149999618530273
2024-01-15,9.180000305175781
2024-01-16,9.100000381469727
2024-01-17,8.9399995803833
2024-01-18,8.989999771118164
2024-01-19,9.029999732971191
2024-01-22,9.149999618530273
2024-01-23,9.270000457763672
2024-01-24,9.399999618530273
2024-01-25,9.399999618530273
2024-01-26,9.449999809265137
2024-01-29,9.399999618530273
2024-01-30,9.300000190734863
2024-01-31,9.229999542236328
2024-02-01,9.170000076293945
2024-02-02,9.170000076293945
2024-02-05,9.109999656677246
2024-02-15,9.1899995803833
2024-02-16,9.300000190734863
2024-02-19,9.5
2024-02-20,9.470000267028809
2024-02-21,9.430000305175781
2024-02-22,9.390000343322754
2024-02-23,9.300000190734863
2024-02-26,9.199999809265137
2024-02-27,9.109999656677246
2024-02-29,9.109999656677246
2024-03-01,9.029999732971191
2024-03-04,8.989999771118164
2024-03-05,8.899999618530273
2024-03-06,8.90999984741211
2024-03-07,8.619999885559082
2024-03-08,8.710000038146973
2024-03-11,8.65999984741211
2024-03-12,8.640000343322754
2024-03-13,8.329999923706055
2024-03-14,8.25
2024-03-15,8.180000305175781
2024-03-18,8.229999542236328
2024-03-19,8.149999618530273
2024-03-20,8.140000343322754
2024-03-21,8.220000267028809
2024-03-22,8.359999656677246
2024-03-25,8.3100004196167
2024-03-26,8.229999542236328
2024-03-27,8.229999542236328
2024-03-28,8.25
2024-03-29,8.319999694824219
2024-04-01,8.449999809265137
2024-04-02,8.359999656677246
2024-04-03,8.239999771118164
2024-04-08,8.229999542236328
2024-04-09,8.319999694824219
2024-04-10,8.329999923706055
2024-04-11,8.25
2024-04-12,8.180000305175781
2024-04-15,8.109999656677246
2024-04-16,7.769999980926514
2024-04-17,7.920000076293945
2024-04-18,7.889999866485596
2024-04-19,7.730000019073486
2024-04-22,7.829999923706055
2024-04-23,7.929999828338623
2024-04-24,7.920000076293945
2024-04-25,8.0
2024-04-26,8.029999732971191
2024-04-29,8.15999984741211
2024-04-30,8.069999694824219
2024-05-02,8.430000305175781
2024-05-03,8.359999656677246
2024-05-06,8.220000267028809
2024-05-07,8.180000305175781
2024-05-08,8.119999885559082
2024-05-09,8.109999656677246
2024-05-10,8.100000381469727
2024-05-13,8.1899995803833
2024-05-14,8.210000038146973
2024-05-15,8.170000076293945
2024-05-16,8.300000190734863
2024-05-17,8.359999656677246
2024-05-20,8.529999732971191
2024-05-21,8.34000015258789
2024-05-22,8.600000381469727
2024-05-23,8.380000114440918
2024-05-24,8.430000305175781
2024-05-27,8.449999809265137
2024-05-28,8.779999732971191
2024-05-29,8.640000343322754
2024-05-30,8.579999923706055
2024-05-31,8.59000015258789
2024-06-03,8.5600004196167
2024-06-04,8.420000076293945
2024-06-05,8.380000114440918
2024-06-06,8.319999694824219
2024-06-07,8.510000228881836
2024-06-11,8.350000381469727
2024-06-12,8.300000190734863
2024-06-13,8.350000381469727
2024-06-14,8.380000114440918
2024-06-17,8.600000381469727
2024-06-18,8.510000228881836
2024-06-19,8.4399995803833
2024-06-20,8.460000038146973
2024-06-21,8.619999885559082
2024-06-24,9.100000381469727
2024-06-25,8.779999732971191
2024-06-26,8.760000228881836
2024-06-27,8.600000381469727
2024-06-28,8.649999618530273
2024-07-01,8.8100004196167
2024-07-02,8.670000076293945
2024-07-03,9.199999809265137
2024-07-04,9.350000381469727
2024-07-05,9.40999984741211
2024-07-08,9.529999732971191
2024-07-09,9.229999542236328
2024-07-10,9.239999771118164
2024-07-11,9.420000076293945
2024-07-12,9.569999694824219
2024-07-15,9.420000076293945
2024-07-16,9.359999656677246
2024-07-17,9.800000190734863
2024-07-18,9.739999771118164
2024-07-19,9.260000228881836
2024-07-22,9.0600004196167
2024-07-23,9.039999961853027
2024-07-26,8.880000114440918
2024-07-29,8.859999656677246
2024-07-30,9.130000114440918
2024-07-31,9.050000190734863
2024-08-01,9.229999542236328
2024-08-02,8.920000076293945
2024-08-05,8.039999961853027
2024-08-06,7.940000057220459
2024-08-07,8.270000457763672
2024-08-08,8.069999694824219
2024-08-09,8.279999732971191
2024-08-12,8.40999984741211
2024-08-13,8.5
2024-08-14,8.680000305175781
2024-08-15,8.670000076293945
2024-08-16,9.039999961853027
2024-08-19,9.130000114440918
2024-08-20,9.109999656677246
2024-08-21,9.130000114440918
2024-08-22,9.550000190734863
2024-08-23,9.470000267028809
2024-08-26,9.699999809265137
2024-08-27,9.710000038146973
2024-08-28,9.600000381469727
2024-08-29,9.470000267028809
2024-08-30,9.220000267028809
2024-09-02,9.079999923706055
2024-09-03,9.100000381469727
2024-09-04,8.65999984741211
2024-09-05,8.850000381469727
2024-09-06,8.880000114440918
2024-09-09,9.109999656677246
2024-09-10,8.970000267028809
2024-09-11,9.3100004196167
2024-09-12,9.640000343322754
2024-09-13,9.510000228881836
2024-09-16,10.449999809265137
2024-09-18,11.449999809265137
2024-09-19,11.699999809265137
2024-09-20,11.399999618530273
2024-09-23,10.550000190734863
2024-09-24,10.649999618530273
2024-09-25,10.800000190734863
2024-09-26,10.600000381469727
2024-09-27,10.699999809265137
2024-09-30,10.699999809265137
2024-10-01,10.699999809265137
2024-10-04,11.75
2024-10-07,12.899999618530273
2024-10-08,12.25
2024-10-09,12.050000190734863
2024-10-11,12.149999618530273
2024-10-14,12.25
2024-10-15,11.850000381469727
2024-10-16,11.699999809265137
2024-10-17,11.699999809265137
2024-10-18,11.600000381469727
2024-10-21,11.600000381469727
2024-10-22,12.300000190734863
2024-10-23,12.050000190734863
2024-10-24,11.649999618530273
2024-10-25,11.850000381469727
2024-10-28,11.350000381469727
2024-10-29,11.25
2024-10-30,11.0
2024-11-01,11.050000190734863
2024-11-04,12.149999618530273
2024-11-05,12.0
2024-11-06,11.75
2024-11-07,11.800000190734863
2024-11-08,11.449999809265137
2024-11-11,11.350000381469727
2024-11-12,11.149999618530273
2024-11-13,11.199999809265137
2024-11-14,10.899999618530273
2024-11-15,11.25
2024-11-18,10.949999809265137
2024-11-19,11.25
2024-11-20,11.0
2024-11-21,11.199999809265137
2024-11-22,11.0
2024-11-25,11.199999809265137
2024-11-26,11.100000381469727
2024-11-27,10.600000381469727
2024-11-28,10.5
2024-11-29,10.5
2024-12-02,10.550000190734863
2024-12-03,10.800000190734863
2024-12-04,10.5
2024-12-05,10.449999809265137
2024-12-06,10.149999618530273
2024-12-09,9.989999771118164
2024-12-10,10.0
2024-12-11,10.0
2024-12-12,10.0
2024-12-13,9.619999885559082
2024-12-16,9.430000305175781
2024-12-17,9.460000038146973
2024-12-18,9.579999923706055
2024-12-19,9.350000381469727
2024-12-20,9.130000114440918
2024-12-23,9.420000076293945
2024-12-24,9.300000190734863
2024-12-25,9.350000381469727
2024-12-26,9.350000381469727
2024-12-27,9.239999771118164
2024-12-30,9.140000343322754
2024-12-31,9.079999923706055
2025-01-02,8.9399995803833
2025-01-03,8.9399995803833
2025-01-06,9.069999694824219
2025-01-07,8.949999809265137
2025-01-08,8.8100004196167
2025-01-09,8.550000190734863
2025-01-10,8.5600004196167
2025-01-13,8.199999809265137
2025-01-14,8.359999656677246
2025-01-15,8.470000267028809
2025-01-16,8.4399995803833
2025-01-17,8.529999732971191
2025-01-20,8.470000267028809
2025-01-21,8.460000038146973
2025-01-22,8.449999809265137
2025-02-03,8.229999542236328
2025-02-04,8.180000305175781
2025-02-05,8.289999961853027
2025-02-06,8.420000076293945
2025-02-07,8.420000076293945
2025-02-10,8.420000076293945
2025-02-11,8.359999656677246
2025-02-12,8.579999923706055
2025-02-13,8.789999961853027
2025-02-14,9.029999732971191
2025-02-17,9.039999961853027
2025-02-18,8.960000038146973
2025-02-19,9.199999809265137
2025-02-20,9.109999656677246
2025-02-21,9.079999923706055
2025-02-24,9.039999961853027
2025-02-25,9.020000457763672
2025-02-26,8.970000267028809
2025-02-27,8.899999618530273
2025-03-03,8.699999809265137
2025-03-04,8.649999618530273
2025-03-05,8.789999961853027
2025-03-06,8.670000076293945
2025-03-07,8.550000190734863
2025-03-10,8.510000228881836
2025-03-11,8.600000381469727
2025-03-12,8.529999732971191
2025-03-13,8.380000114440918
2025-03-14,8.420000076293945
2025-03-17,8.380000114440918
2025-03-18,8.350000381469727
2025-03-19,8.300000190734863
2025-03-20,8.399999618530273
2025-03-21,8.329999923706055
2025-03-24,8.229999542236328
2025-03-25,8.170000076293945
2025-03-26,8.180000305175781
2025-03-27,8.140000343322754
2025-03-28,8.0
2025-03-31,7.559999942779541
2025-04-01,7.78000020980835
2025-04-02,7.800000190734863
2025-04-07,7.019999980926514
2025-04-08,6.420000076293945
2025-04-09,5.829999923706055
2025-04-10,6.409999847412109
2025-04-11,6.590000152587891
2025-04-14,6.75
2025-04-15,7.139999866485596
2025-04-16,6.960000038146973
2025-04-17,6.880000114440918
2025-04-18,6.869999885559082
2025-04-21,6.739999771118164
2025-04-22,6.739999771118164
2025-04-23,6.909999847412109
2025-04-24,6.849999904632568
2025-04-25,6.949999809265137
2025-04-28,7.099999904632568
2025-04-29,7.119999885559082
2025-04-30,6.980000019073486
2025-05-02,6.989999771118164
2025-05-05,6.760000228881836
2025-05-06,6.889999866485596
2025-05-07,6.869999885559082
2025-05-08,6.929999828338623
2025-05-09,7.0
2025-05-12,7.070000171661377
2025-05-13,7.059999942779541
2025-05-14,7.090000152587891
2025-05-15,7.0
2025-05-16,6.949999809265137
2025-05-19,6.900000095367432
2025-05-20,6.789999961853027
2025-05-21,6.849999904632568
2025-05-22,6.71999979019165
2025-05-23,6.730000019073486
2025-05-26,6.75
2025-05-27,6.710000038146973
2025-05-28,6.670000076293945
2025-05-29,6.610000133514404
2025-06-02,6.440000057220459
2025-06-03,6.579999923706055
2025-06-04,6.71999979019165
2025-06-05,6.690000057220459
2025-06-06,6.639999866485596
2025-06-09,6.5
2025-06-10,6.53000020980835
2025-06-11,6.510000228881836
2025-06-12,6.489999771118164
2025-06-13,6.289999961853027
2025-06-16,6.199999809265137
2025-06-17,6.230000019073486
2025-06-18,6.25
2025-06-19,6.110000133514404
2025-06-20,5.96999979019165
2025-06-23,5.909999847412109
2025-06-24,6.070000171661377
2025-06-25,6.070000171661377
2025-06-26,6.119999885559082
2025-06-27,6.190000057220459
2025-06-30,6.059999942779541
2025-07-01,6.099999904632568
2025-07-02,6.119999885559082
2025-07-03,6.199999809265137
2025-07-04,6.090000152587891
2025-07-07,6.039999961853027
2025-07-08,5.989999771118164
2025-07-09,6.010000228881836
2025-07-10,5.960000038146973
2025-07-11,6.019999980926514
2025-07-14,5.960000038146973
2025-07-15,6.019999980926514
2025-07-16,6.050000190734863
2025-07-17,6.119999885559082
2025-07-18,6.050000190734863
2025-07-21,6.050000190734863
2025-07-22,5.920000076293945
2025-07-23,5.980000019073486
2025-07-24,5.989999771118164
2025-07-25,6.019999980926514
2025-07-28,6.019999980926514
2025-07-29,6.019999980926514
2025-07-30,6.050000190734863
2025-07-31,5.989999771118164
2025-08-04,6.090000152587891
2025-08-05,6.159999847412109
2025-08-06,6.210000038146973
2025-08-07,6.130000114440918
2025-08-08,6.190000057220459
2025-08-11,6.099999904632568
2025-08-12,6.159999847412109
2025-08-13,6.199999809265137
2025-08-14,6.21999979019165
2025-08-15,6.639999866485596
2025-08-18,6.949999809265137
2025-08-19,6.730000019073486
2025-08-20,6.489999771118164
2025-08-21,6.679999828338623
2025-08-22,6.53000020980835
2025-08-25,6.610000133514404
2025-08-26,6.690000057220459
2025-08-27,6.690000057220459
2025-08-28,6.730000019073486
2025-08-29,6.599999904632568
2025-09-01,6.460000038146973
2025-09-02,6.389999866485596
2025-09-03,6.349999904632568
2025-09-04,6.400000095367432
2025-09-05,6.46999979019165
2025-09-08,6.429999828338623
2025-09-09,6.389999866485596
2025-09-10,6.320000171661377
2025-09-11,6.119999885559082
2025-09-12,6.130000114440918
2025-09-15,6.099999904632568
2025-09-16,6.110000133514404
2025-09-17,6.159999847412109
2025-09-18,6.460000038146973
2025-09-19,6.300000190734863
2025-09-22,6.460000038146973
2025-09-23,6.46999979019165
2025-09-24,6.369999885559082
2025-09-25,7.0
2025-09-26,6.659999847412109
2025-09-30,6.71999979019165
2025-10-01,6.769999980926514
2025-10-02,6.630000114440918
2025-10-03,6.75
2025-10-07,7.010000228881836
2025-10-08,6.909999847412109
2025-10-09,6.989999771118164
2025-10-13,6.78000020980835
2025-10-14,6.699999809265137
2025-10-15,6.579999923706055
2025-10-16,6.699999809265137
2025-10-17,6.670000076293945
2025-10-20,6.650000095367432
2025-10-21,6.760000228881836
2025-10-22,6.739999771118164
2025-10-23,6.670000076293945
2025-10-27,6.710000038146973
2025-10-28,6.619999885559082
2025-10-29,6.619999885559082
2025-10-30,6.590000152587891
2025-10-31,6.409999847412109
2025-11-03,6.199999809265137
2025-11-04,6.130000114440918
2025-11-05,6.119999885559082
2025-11-06,6.340000152587891
2025-11-07,6.360000133514404
2025-11-10,6.289999961853027
2025-11-11,6.909999847412109
2025-11-12,6.869999885559082
2025-11-13,7.269999980926514
2025-11-14,7.170000076293945
2025-11-17,7.090000152587891
2025-11-18,6.880000114440918
2025-11-19,6.71999979019165
2025-11-20,6.880000114440918
2025-11-21,6.619999885559082
2025-11-24,6.539999961853027
2025-11-25,6.679999828338623
2025-11-26,6.690000057220459
2025-11-27,6.730000019073486
2025-11-28,6.900000095367432
2025-12-01,6.820000171661377
2025-12-02,6.849999904632568
2025-12-03,7.019999980926514
2025-12-04,6.980000019073486
2025-12-05,6.909999847412109
2025-12-08,6.940000057220459
2025-12-09,6.869999885559082
2025-12-10,6.75
2025-12-11,6.699999809265137
2025-12-12,7.019999980926514
2025-12-15,7.150000095367432
2025-12-16,7.199999809265137
2025-12-17,7.920000076293945
2025-12-18,7.389999866485596
2025-12-19,7.360000133514404
2025-12-22,7.349999904632568
2025-12-23,7.360000133514404
2025-12-24,7.329999923706055
2025-12-26,7.360000133514404
2025-12-29,6.630000114440918
2025-12-30,5.96999979019165
2025-12-31,6.159999847412109
2026-01-02,6.099999904632568
2026-01-05,6.230000019073486
2026-01-06,6.539999961853027
2026-01-07,7.190000057220459
2026-01-08,7.050000190734863
2026-01-09,6.960000038146973
2026-01-12,7.110000133514404
2026-01-13,7.099999904632568
2026-01-14,7.519999980926514
2026-01-15,7.909999847412109
2026-01-16,7.619999885559082
2026-01-19,8.380000114440918
2026-01-20,9.210000038146973
2026-01-21,10.100000381469727
2026-01-22,11.100000381469727
2026-01-23,10.0
2026-01-26,9.399999618530273
2026-01-27,9.09000015258789
2026-01-28,8.850000381469727
2026-01-29,8.4399995803833
2026-01-30,9.279999732971191
2026-02-02,10.199999809265137
2026-02-03,9.529999732971191
2026-02-04,9.800000190734863
2026-02-05,9.3100004196167
2026-02-06,9.390000343322754
2026-02-09,9.220000267028809
2026-02-10,9.020000457763672
2026-02-11,9.25
2026-02-23,9.600000381469727
2026-02-24,9.539999961853027
2026-02-25,9.489999771118164
2026-02-26,10.399999618530273
2026-03-02,11.399999618530273
2026-03-03,12.5
2026-03-04,12.300000190734863
2026-03-05,13.5
2026-03-06,14.699999809265137
2026-03-09,13.350000381469727
2026-03-10,13.0
2026-03-11,13.5
2026-03-12,13.0
2026-03-13,12.449999809265137
2026-03-16,12.399999618530273
2026-03-17,13.600000381469727
2026-03-18,14.949999809265137
2026-03-19,16.399999618530273
2026-03-20,18.0
2026-03-23,16.200000762939453
2026-03-24,14.600000381469727
2026-03-25,13.149999618530273
2026-03-26,13.850000381469727
2026-03-27,12.75
2026-03-30,12.050000190734863
2026-03-31,11.449999809265137
2026-04-01,11.699999809265137
2026-04-02,11.149999618530273
2026-04-07,10.949999809265137
2026-04-08,11.399999618530273
2026-04-09,12.5
2026-04-10,11.949999809265137
2026-04-13,11.899999618530273
2026-04-14,11.699999809265137
2026-04-15,11.75
2026-04-16,12.899999618530273
2026-04-17,13.800000190734863
2026-04-20,14.350000381469727
2026-04-21,13.550000190734863
2026-04-22,13.050000190734863
2026-04-23,12.399999618530273
2026-04-24,12.149999618530273
2026-04-27,12.0
2026-04-28,13.149999618530273
2026-04-29,12.600000381469727
2026-04-30,12.199999809265137
2026-05-04,13.399999618530273
2026-05-05,13.149999618530273
2026-05-06,12.850000381469727
2026-05-07,13.100000381469727
2026-05-08,12.75
2026-05-11,13.600000381469727
2026-05-12,12.949999809265137
2026-05-13,12.800000190734863
2026-05-14,12.649999618530273
2026-05-15,12.199999809265137
2026-05-18,12.050000190734863
2026-05-19,11.899999618530273
2026-05-20,11.899999618530273
2026-05-21,12.0
2026-05-22,12.449999809265137
2026-05-25,12.75
2026-05-26,12.149999618530273
2026-05-27,12.199999809265137
2026-05-28,12.399999618530273
2026-05-29,12.5
2026-06-01,13.100000381469727
2026-06-02,14.399999618530273
2026-06-03,15.800000190734863
2026-06-04,17.299999237060547
2026-06-05,15.899999618530273
2026-06-08,15.149999618530273
2026-06-09,15.149999618530273
2026-06-10,13.800000190734863
2026-06-11,13.600000381469727
2026-06-12,13.850000381469727
2026-06-15,14.75
2026-06-16,14.149999618530273
2026-06-17,14.899999618530273
2026-06-18,14.449999809265137
2026-06-22,14.300000190734863
2026-06-23,13.699999809265137
2026-06-24,14.100000381469727
2026-06-25,13.699999809265137
2026-06-26,13.0
2026-06-29,13.5
2026-06-30,13.550000190734863
2026-07-01,13.050000190734863
2026-07-02,13.100000381469727
2026-07-03,13.149999618530273
2026-07-06,13.100000381469727
2026-07-07,12.649999618530273
2026-07-08,12.600000381469727
2026-07-09,12.649999618530273
2026-07-10,12.649999618530273
2026-07-13,12.100000381469727
2026-07-14,11.75
2026-07-15,12.399999618530273
2026-07-16,12.0
2026-07-17,11.399999618530273
2026-07-20,11.25
2026-07-21,11.350000381469727
2026-07-22,11.300000190734863
2026-07-23,11.100000381469727
2026-07-24,10.899999618530273
2026-07-27,10.699999809265137
2026-07-28,10.050000190734863
2026-07-29,9.579999923706055
2026-07-30,9.329999923706055
2026-07-31,10.0
2026-08-03,10.149999618530273
2026-08-04,10.199999809265137
2026-08-05,10.75
2026-08-06,10.600000381469727
2026-08-07,10.649999618530273
2026-08-10,11.0
2026-08-11,10.75
2026-08-12,10.75
2026-08-13,11.350000381469727
2026-08-14,11.100000381469727
2026-08-17,10.850000381469727
2026-08-18,10.649999618530273
2026-08-19,10.699999809265137
2026-08-20,11.199999809265137
2026-08-21,11.550000190734863
2026-08-24,12.699999809265137
2026-08-25,13.5
2026-08-26,13.350000381469727
2026-08-27,12.699999809265137
2026-08-28,13.5
2026-08-31,13.550000190734863
2026-09-01,13.300000190734863
2026-09-02,13.100000381469727
