Price,AdjClose
Ticker,3149.TW
Date,
2007-12-31,91.73213195800781
2008-01-02,91.37520599365234
2008-01-03,91.37520599365234
2008-01-04,91.37520599365234
2008-01-07,89.94746398925781
2008-01-08,89.8046875
2008-01-09,90.66133880615234
2008-01-10,89.94746398925781
2008-01-11,90.66133880615234
2008-01-14,92.80292510986328
2008-01-15,90.66133880615234
2008-01-16,91.37520599365234
2008-01-17,88.51972198486328
2008-01-18,87.80585479736328
2008-01-21,104.58177185058594
2008-01-22,79.38220977783203
2008-01-23,79.38220977783203
2008-01-24,81.38104248046875
2008-01-25,87.09197998046875
2008-01-28,87.37753295898438
2008-01-29,87.09197998046875
2008-01-30,87.52030944824219
2008-01-31,81.38104248046875
2008-02-01,81.66658020019531
2008-02-12,82.80876922607422
2008-02-13,85.66424560546875
2008-02-14,86.02118682861328
2008-02-15,85.66424560546875
2008-02-18,85.94979858398438
2008-02-19,85.66424560546875
2008-02-20,85.94979858398438
2008-02-21,74.6706771850586
2008-02-22,75.0276107788086
2008-02-25,74.24234771728516
2008-02-26,72.8145980834961
2008-02-27,73.52847290039062
2008-02-29,72.10073852539062
2008-03-03,72.52906036376953
2008-03-04,75.95562744140625
2008-03-05,76.24118041992188
2008-03-06,74.6706771850586
2008-03-07,75.38453674316406
2008-03-10,75.67008209228516
2008-03-11,74.24234771728516
2008-03-12,74.6706771850586
2008-03-13,74.24234771728516
2008-03-14,72.8145980834961
2008-03-17,73.52847290039062
2008-03-18,74.24234771728516
2008-03-19,73.95680236816406
2008-03-20,75.67008209228516
2008-03-21,75.95562744140625
2008-03-24,69.95913696289062
2008-03-25,69.95913696289062
2008-03-26,68.53140258789062
2008-03-27,68.53140258789062
2008-03-28,66.818115234375
2008-03-31,74.24234771728516
2008-04-01,64.24817657470703
2008-04-02,73.95680236816406
2008-04-03,65.67591857910156
2008-04-07,66.38978576660156
2008-04-08,68.53140258789062
2008-04-09,69.673583984375
2008-04-10,72.52906036376953
2008-04-11,75.81285858154297
2008-04-14,71.38687896728516
2008-04-15,71.38687896728516
2008-04-16,71.38687896728516
2008-04-17,71.67242431640625
2008-04-18,71.67242431640625
2008-04-21,74.6706771850586
2008-04-22,77.38336944580078
2008-04-23,79.95330810546875
2008-04-24,80.66717529296875
2008-04-25,83.52263641357422
2008-04-28,81.38104248046875
2008-04-29,79.95330810546875
2008-04-30,81.38104248046875
2008-05-02,81.38104248046875
2008-05-05,81.38104248046875
2008-05-06,80.66717529296875
2008-05-07,80.66717529296875
2008-05-08,79.95330810546875
2008-05-09,79.95330810546875
2008-05-12,79.95330810546875
2008-05-13,78.52556610107422
2008-05-14,77.09782409667969
2008-05-15,78.52556610107422
2008-05-16,80.23884582519531
2008-05-19,79.95330810546875
2008-05-20,77.09782409667969
2008-05-21,77.09782409667969
2008-05-22,75.67008209228516
2008-05-23,75.67008209228516
2008-05-26,73.52847290039062
2008-05-27,71.38687896728516
2008-05-28,72.8145980834961
2008-05-29,71.38687896728516
2008-05-30,71.38687896728516
2008-06-02,69.95913696289062
2008-06-03,69.24526977539062
2008-06-04,67.8175277709961
2008-06-05,67.8175277709961
2008-06-06,69.3309326171875
2008-06-09,68.53140258789062
2008-06-10,65.67591857910156
2008-06-11,67.1036605834961
2008-06-12,66.104248046875
2008-06-13,65.390380859375
2008-06-16,65.67591857910156
2008-06-17,60.336181640625
2008-06-18,58.53723907470703
2008-06-19,59.2511100769043
2008-06-20,59.2511100769043
2008-06-23,59.2511100769043
2008-06-24,59.96497344970703
2008-06-25,59.96497344970703
2008-06-26,59.96497344970703
2008-06-27,55.68175506591797
2008-06-30,58.53723907470703
2008-07-01,61.606876373291016
2008-07-02,61.39271545410156
2008-07-03,59.2511100769043
2008-07-04,59.465267181396484
2008-07-07,59.465267181396484
2008-07-08,59.96497344970703
2008-07-09,60.17913055419922
2008-07-10,63.221275329589844
2008-07-11,59.24650573730469
2008-07-14,59.47148895263672
2008-07-15,58.49654769897461
2008-07-16,58.72153854370117
2008-07-17,58.49654769897461
2008-07-18,58.27156066894531
2008-07-21,58.27156066894531
2008-07-22,49.49707794189453
2008-07-23,50.99699020385742
2008-07-24,60.2214469909668
2008-07-25,59.996456146240234
2008-07-28,59.996456146240234
2008-07-29,59.996456146240234
2008-07-30,59.996456146240234
2008-07-31,59.996456146240234
2008-08-01,59.996456146240234
2008-08-04,59.996456146240234
2008-08-05,59.996456146240234
2008-08-06,59.996456146240234
2008-08-07,59.996456146240234
2008-08-08,59.996456146240234
2008-08-11,59.996456146240234
2008-08-12,59.996456146240234
2008-08-13,59.996456146240234
2008-08-14,59.996456146240234
2008-08-15,59.996456146240234
2008-08-18,45.147335052490234
2008-08-19,44.997344970703125
2008-08-20,44.84735107421875
2008-08-21,44.84735107421875
2008-08-22,43.94740676879883
2008-08-25,41.997520446777344
2008-08-26,41.097572326660156
2008-08-27,35.99787521362305
2008-08-28,33.748008728027344
2008-08-29,31.34815216064453
2008-09-01,37.49778747558594
2008-09-02,37.64777755737305
2008-09-03,29.398263931274414
2008-09-04,32.24809646606445
2008-09-05,29.998228073120117
2008-09-08,29.998228073120117
2008-09-09,28.6483097076416
2008-09-10,28.49831771850586
2008-09-11,28.0483455657959
2008-09-12,28.0483455657959
2008-09-15,26.698421478271484
2008-09-16,26.84841537475586
2008-09-17,26.098459243774414
2008-09-18,19.273862838745117
2008-09-19,20.773773193359375
2008-09-22,22.04869842529297
2008-09-23,23.698598861694336
2008-09-24,24.448556900024414
2008-09-25,24.448556900024414
2008-09-26,24.298564910888672
2008-09-29,24.298564910888672
2008-09-30,21.448734283447266
2008-10-01,23.548608779907227
2008-10-02,26.248449325561523
2008-10-03,28.213335037231445
2008-10-06,31.498138427734375
2008-10-07,29.998228073120117
2008-10-08,27.74835968017578
2008-10-09,28.213335037231445
2008-10-13,26.99840545654297
2008-10-14,27.598371505737305
2008-10-15,26.84841537475586
2008-10-16,24.748538970947266
2008-10-17,23.998584747314453
2008-10-20,22.49867057800293
2008-10-21,24.118576049804688
2008-10-22,22.49867057800293
2008-10-23,21.52372932434082
2008-10-24,21.14874839782715
2008-10-27,21.14874839782715
2008-10-28,21.298742294311523
2008-10-29,21.298742294311523
2008-10-30,21.298742294311523
2008-10-31,20.69877815246582
2008-11-03,20.998760223388672
2008-11-04,19.798830032348633
2008-11-05,21.298742294311523
2008-11-06,20.848770141601562
2008-11-07,20.548786163330078
2008-11-10,20.548786163330078
2008-11-11,20.998760223388672
2008-11-12,20.998760223388672
2008-11-13,20.69877815246582
2008-11-14,20.69877815246582
2008-11-17,20.24880599975586
2008-11-18,19.648839950561523
2008-11-19,20.24880599975586
2008-11-20,20.24880599975586
2008-11-21,19.39385414123535
2008-11-24,19.34885597229004
2008-11-25,19.04887580871582
2008-11-26,19.04887580871582
2008-11-27,19.49884796142578
2008-11-28,19.51384735107422
2008-12-01,19.51384735107422
2008-12-02,19.51384735107422
2008-12-03,19.04887580871582
2008-12-04,18.748891830444336
2008-12-05,20.998760223388672
2008-12-08,21.1037540435791
2008-12-09,19.198867797851562
2008-12-10,19.72383689880371
2008-12-11,19.49884796142578
2008-12-12,19.49884796142578
2008-12-15,19.34885597229004
2008-12-16,18.748891830444336
2008-12-17,18.748891830444336
2008-12-18,18.823888778686523
2008-12-19,18.823888778686523
2008-12-22,18.748891830444336
2008-12-23,17.998937606811523
2008-12-24,17.96893882751465
2008-12-25,17.96893882751465
2008-12-26,18.148929595947266
2008-12-29,17.998937606811523
2008-12-30,18.448911666870117
2008-12-31,18.898881912231445
2009-01-02,18.898881912231445
2009-01-05,17.998937606811523
2009-01-06,17.998937606811523
2009-01-07,18.748891830444336
2009-01-08,18.448911666870117
2009-01-09,18.448911666870117
2009-01-12,17.998937606811523
2009-01-13,17.998937606811523
2009-01-14,17.998937606811523
2009-01-15,17.998937606811523
2009-01-16,17.998937606811523
2009-01-19,15.07411003112793
2009-01-20,15.07411003112793
2009-01-21,15.07411003112793
2009-02-02,15.07411003112793
2009-02-03,15.07411003112793
2009-02-04,15.07411003112793
2009-02-05,17.698955535888672
2009-02-06,17.698955535888672
2009-02-09,17.698955535888672
2009-02-10,19.198867797851562
2009-02-11,21.463733673095703
2009-02-12,22.49867057800293
2009-02-13,22.648662567138672
2009-02-16,22.648662567138672
2009-02-17,22.648662567138672
2009-02-18,22.648662567138672
2009-02-19,22.648662567138672
2009-02-20,22.648662567138672
2009-02-23,22.648662567138672
2009-02-24,22.648662567138672
2009-02-25,22.648662567138672
2009-02-26,22.648662567138672
2009-02-27,22.648662567138672
2009-03-02,22.648662567138672
2009-03-03,22.648662567138672
2009-03-04,22.648662567138672
2009-03-05,22.648662567138672
2009-03-06,22.648662567138672
2009-03-09,22.648662567138672
2009-03-10,22.648662567138672
2009-03-11,22.648662567138672
2009-03-12,22.648662567138672
2009-03-13,22.648662567138672
2009-03-16,22.648662567138672
2009-03-17,22.648662567138672
2009-03-18,22.648662567138672
2009-03-19,22.648662567138672
2009-03-20,22.648662567138672
2009-03-23,22.648662567138672
2009-03-24,22.648662567138672
2009-03-25,22.648662567138672
2009-03-26,22.648662567138672
2009-03-27,22.648662567138672
2009-03-30,22.648662567138672
2009-03-31,22.648662567138672
2009-04-02,22.648662567138672
2009-04-03,22.648662567138672
2009-04-06,22.648662567138672
2009-04-07,22.648662567138672
2009-04-08,22.648662567138672
2009-04-09,22.648662567138672
2009-04-10,22.648662567138672
2009-04-13,22.648662567138672
2009-04-14,22.648662567138672
2009-04-15,22.648662567138672
2009-04-16,22.648662567138672
2009-04-17,22.648662567138672
2009-04-20,22.648662567138672
2009-04-21,22.648662567138672
2009-04-22,22.648662567138672
2009-04-23,22.648662567138672
2009-04-24,22.648662567138672
2009-04-27,22.648662567138672
2009-04-28,22.648662567138672
2009-04-29,22.648662567138672
2009-04-30,22.648662567138672
2009-05-04,22.648662567138672
2009-05-05,22.648662567138672
2009-05-06,22.648662567138672
2009-05-07,22.648662567138672
2009-05-08,22.648662567138672
2009-05-11,22.648662567138672
2009-05-12,22.648662567138672
2009-05-13,22.648662567138672
2009-05-14,22.648662567138672
2009-05-15,22.648662567138672
2009-05-18,22.648662567138672
2009-05-19,22.648662567138672
2009-05-20,22.648662567138672
2009-05-21,22.648662567138672
2009-05-22,22.648662567138672
2009-05-25,22.648662567138672
2009-05-26,22.648662567138672
2009-05-27,22.648662567138672
2009-06-01,22.648662567138672
2009-06-02,22.648662567138672
2009-06-03,22.648662567138672
2009-06-04,22.648662567138672
2009-06-05,22.648662567138672
2009-06-08,22.648662567138672
2009-06-09,22.648662567138672
2009-06-10,22.648662567138672
2009-06-11,22.648662567138672
2009-06-12,22.648662567138672
2009-06-15,22.648662567138672
2009-06-16,22.648662567138672
2009-06-17,22.648662567138672
2009-06-18,22.648662567138672
2009-06-19,22.648662567138672
2009-06-22,22.648662567138672
2009-06-23,22.648662567138672
2009-06-24,22.648662567138672
2009-06-25,22.648662567138672
2009-06-26,22.648662567138672
2009-06-29,22.648662567138672
2009-06-30,22.648662567138672
2009-07-01,22.648662567138672
2009-07-02,22.648662567138672
2009-07-03,22.648662567138672
2009-07-06,22.648662567138672
2009-07-07,22.648662567138672
2009-07-08,22.648662567138672
2009-07-09,22.648662567138672
2009-07-10,22.648662567138672
2009-07-13,22.648662567138672
2009-07-14,22.648662567138672
2009-07-15,22.648662567138672
2009-07-16,22.648662567138672
2009-07-17,22.648662567138672
2009-07-20,22.648662567138672
2009-07-21,22.648662567138672
2009-07-22,22.648662567138672
2009-07-23,22.648662567138672
2009-07-24,22.648662567138672
2009-07-27,22.648662567138672
2009-07-28,22.648662567138672
2009-07-29,22.648662567138672
2009-07-30,22.648662567138672
2009-07-31,22.648662567138672
2009-08-03,22.648662567138672
2009-08-04,22.648662567138672
2009-08-05,22.648662567138672
2009-08-06,22.648662567138672
2009-08-07,22.648662567138672
2009-08-10,22.648662567138672
2009-08-11,22.648662567138672
2009-08-12,22.648662567138672
2009-08-13,22.648662567138672
2009-08-14,22.648662567138672
2009-08-17,22.648662567138672
2009-08-18,22.648662567138672
2009-08-19,22.648662567138672
2009-08-20,22.648662567138672
2009-08-21,22.648662567138672
2009-08-24,22.648662567138672
2009-08-25,22.648662567138672
2009-08-26,22.648662567138672
2009-08-27,22.648662567138672
2009-08-28,22.648662567138672
2009-08-31,22.648662567138672
2009-09-01,22.648662567138672
2009-09-02,22.648662567138672
2009-09-03,22.648662567138672
2009-09-04,22.648662567138672
2009-09-07,22.648662567138672
2009-09-08,22.648662567138672
2009-09-09,22.648662567138672
2009-09-10,22.648662567138672
2009-09-11,22.648662567138672
2009-09-14,22.648662567138672
2009-09-15,22.648662567138672
2009-09-16,22.648662567138672
2009-09-17,22.648662567138672
2009-09-18,22.648662567138672
2009-09-21,22.648662567138672
2009-09-22,22.648662567138672
2009-09-23,22.648662567138672
2009-09-24,22.648662567138672
2009-09-25,22.648662567138672
2009-09-28,22.648662567138672
2009-09-29,22.648662567138672
2009-09-30,22.648662567138672
2009-10-01,22.648662567138672
2009-10-02,22.648662567138672
2009-10-05,22.648662567138672
2009-10-06,22.648662567138672
2009-10-07,22.648662567138672
2009-10-08,22.648662567138672
2009-10-09,22.648662567138672
2009-10-12,22.648662567138672
2009-10-13,22.648662567138672
2009-10-14,22.648662567138672
2009-10-15,22.648662567138672
2009-10-16,22.648662567138672
2009-10-19,22.648662567138672
2009-10-20,22.648662567138672
2009-10-21,22.648662567138672
2009-10-22,22.648662567138672
2009-10-23,22.648662567138672
2009-10-26,22.648662567138672
2009-10-27,22.648662567138672
2009-10-28,22.648662567138672
2009-10-29,22.648662567138672
2009-10-30,22.648662567138672
2009-11-02,22.648662567138672
2009-11-03,22.648662567138672
2009-11-04,22.648662567138672
2009-11-05,22.648662567138672
2009-11-06,22.648662567138672
2009-11-09,22.648662567138672
2009-11-10,22.648662567138672
2009-11-11,22.648662567138672
2009-11-12,22.648662567138672
2009-11-13,22.648662567138672
2009-11-16,22.648662567138672
2009-11-17,22.648662567138672
2009-11-18,22.648662567138672
2009-11-19,22.648662567138672
2009-11-20,22.648662567138672
2009-11-23,22.648662567138672
2009-11-24,22.648662567138672
2009-11-25,22.648662567138672
2009-11-26,22.648662567138672
2009-11-27,22.648662567138672
2009-11-30,22.648662567138672
2009-12-01,22.648662567138672
2009-12-02,22.648662567138672
2009-12-03,22.648662567138672
2009-12-04,22.648662567138672
2009-12-07,22.648662567138672
2009-12-08,22.648662567138672
2009-12-09,22.648662567138672
2009-12-10,22.648662567138672
2009-12-11,22.648662567138672
2009-12-14,22.648662567138672
2009-12-15,22.648662567138672
2009-12-16,22.648662567138672
2009-12-17,22.648662567138672
2009-12-18,22.648662567138672
2009-12-21,22.648662567138672
2009-12-22,22.648662567138672
2009-12-23,22.648662567138672
2009-12-24,22.648662567138672
2009-12-25,22.648662567138672
2009-12-28,22.648662567138672
2009-12-29,22.648662567138672
2009-12-30,22.648662567138672
2009-12-31,22.648662567138672
2010-01-04,22.648662567138672
2010-01-05,22.648662567138672
2010-01-06,22.648662567138672
2010-01-07,22.648662567138672
2010-01-08,22.648662567138672
2010-01-11,22.648662567138672
2010-01-12,22.648662567138672
2010-01-13,22.648662567138672
2010-01-14,22.648662567138672
2010-01-15,22.648662567138672
2010-01-18,22.648662567138672
2010-01-19,22.648662567138672
2010-01-20,22.648662567138672
2010-01-21,22.648662567138672
2010-01-22,22.648662567138672
2010-01-25,22.648662567138672
2010-01-26,22.648662567138672
2010-01-27,22.648662567138672
2010-01-28,22.648662567138672
2010-01-29,22.648662567138672
2010-02-01,22.648662567138672
2010-02-02,22.648662567138672
2010-02-03,22.648662567138672
2010-02-04,22.648662567138672
2010-02-05,22.648662567138672
2010-02-08,22.648662567138672
2010-02-09,22.648662567138672
2010-02-10,22.648662567138672
2010-02-22,22.648662567138672
2010-02-23,22.648662567138672
2010-02-24,22.648662567138672
2010-02-25,22.648662567138672
2010-02-26,22.648662567138672
2010-03-01,22.648662567138672
2010-03-02,22.648662567138672
2010-03-03,22.648662567138672
2010-03-04,22.648662567138672
2010-03-05,22.648662567138672
2010-03-08,22.648662567138672
2010-03-09,22.648662567138672
2010-03-10,22.648662567138672
2010-03-11,22.648662567138672
2010-03-12,22.648662567138672
2010-03-15,22.648662567138672
2010-03-16,22.648662567138672
2010-03-17,22.648662567138672
2010-03-18,22.648662567138672
2010-03-19,22.648662567138672
2010-03-22,22.648662567138672
2010-03-23,22.648662567138672
2010-03-24,22.648662567138672
2010-03-25,22.648662567138672
2010-03-26,22.648662567138672
2010-03-29,22.648662567138672
2010-03-30,22.648662567138672
2010-03-31,22.648662567138672
2010-04-01,22.648662567138672
2010-04-02,22.648662567138672
2010-04-06,22.648662567138672
2010-04-07,22.648662567138672
2010-04-08,22.648662567138672
2010-04-09,22.648662567138672
2010-04-12,22.648662567138672
2010-04-13,22.648662567138672
2010-04-14,22.648662567138672
2010-04-15,22.648662567138672
2010-04-16,22.648662567138672
2010-04-19,22.648662567138672
2010-04-20,22.648662567138672
2010-04-21,22.648662567138672
2010-04-22,22.648662567138672
2010-04-23,22.648662567138672
2010-04-26,22.648662567138672
2010-04-27,22.648662567138672
2010-04-28,22.648662567138672
2010-04-29,22.648662567138672
2010-04-30,22.648662567138672
2010-05-03,22.648662567138672
2010-05-04,22.648662567138672
2010-05-05,22.648662567138672
2010-05-06,22.648662567138672
2010-05-07,22.648662567138672
2010-05-10,22.648662567138672
2010-05-11,22.648662567138672
2010-05-12,22.648662567138672
2010-05-13,22.648662567138672
2010-05-14,22.648662567138672
2010-05-17,22.648662567138672
2010-05-18,22.648662567138672
2010-05-19,22.648662567138672
2010-05-20,22.648662567138672
2010-05-21,22.648662567138672
2010-05-24,22.648662567138672
2010-05-25,22.648662567138672
2010-05-26,22.648662567138672
2010-05-27,22.648662567138672
2010-05-28,22.648662567138672
2010-05-31,22.648662567138672
2010-06-01,22.648662567138672
2010-06-02,22.648662567138672
2010-06-03,22.648662567138672
2010-06-04,22.648662567138672
2010-06-07,22.648662567138672
2010-06-08,22.648662567138672
2010-06-09,22.648662567138672
2010-06-10,22.648662567138672
2010-06-11,22.648662567138672
2010-06-14,22.648662567138672
2010-06-15,22.648662567138672
2010-06-17,22.648662567138672
2010-06-18,22.648662567138672
2010-06-21,22.648662567138672
2010-06-22,22.648662567138672
2010-06-23,22.648662567138672
2010-06-24,22.648662567138672
2010-06-25,22.648662567138672
2010-06-28,22.648662567138672
2010-06-29,22.648662567138672
2010-06-30,22.648662567138672
2010-07-01,22.648662567138672
2010-07-02,22.648662567138672
2010-07-05,22.648662567138672
2010-07-06,22.648662567138672
2010-07-07,22.648662567138672
2010-07-08,22.648662567138672
2010-07-09,22.648662567138672
2010-07-12,22.648662567138672
2010-07-13,22.648662567138672
2010-07-14,22.648662567138672
2010-07-15,22.648662567138672
2010-07-16,22.648662567138672
2010-07-19,22.648662567138672
2010-07-20,22.648662567138672
2010-07-21,22.648662567138672
2010-07-22,22.648662567138672
2010-07-23,22.648662567138672
2010-07-26,22.648662567138672
2010-07-27,22.648662567138672
2010-07-28,22.648662567138672
2010-07-29,22.648662567138672
2010-07-30,22.648662567138672
2010-08-02,22.648662567138672
2010-08-03,22.648662567138672
2010-08-04,22.648662567138672
2010-08-05,22.648662567138672
2010-08-06,22.648662567138672
2010-08-09,22.648662567138672
2010-08-10,22.648662567138672
2010-08-11,22.648662567138672
2010-08-12,22.648662567138672
2010-08-13,22.648662567138672
2010-08-16,22.648662567138672
2010-08-17,22.648662567138672
2010-08-18,22.648662567138672
2010-08-19,22.648662567138672
2010-08-20,22.648662567138672
2010-08-23,22.648662567138672
2010-08-24,22.648662567138672
2010-08-25,22.648662567138672
2010-08-26,22.648662567138672
2010-08-27,22.648662567138672
2010-08-30,22.648662567138672
2010-08-31,22.648662567138672
2010-09-01,22.648662567138672
2010-09-02,22.648662567138672
2010-09-03,22.648662567138672
2010-09-06,22.648662567138672
2010-09-07,22.648662567138672
2010-09-08,22.648662567138672
2010-09-09,22.648662567138672
2010-09-10,22.648662567138672
2010-09-13,22.648662567138672
2010-09-14,22.648662567138672
2010-09-15,22.648662567138672
2010-09-16,22.648662567138672
2010-09-17,22.648662567138672
2010-09-20,22.648662567138672
2010-09-21,22.648662567138672
2010-09-23,22.648662567138672
2010-09-24,22.648662567138672
2010-09-27,22.648662567138672
2010-09-28,22.648662567138672
2010-09-29,22.648662567138672
2010-09-30,22.648662567138672
2010-10-01,22.648662567138672
2010-10-04,22.648662567138672
2010-10-05,22.648662567138672
2010-10-06,22.648662567138672
2010-10-07,22.648662567138672
2010-10-08,22.648662567138672
2010-10-11,22.648662567138672
2010-10-12,22.648662567138672
2010-10-13,22.648662567138672
2010-10-14,22.648662567138672
2010-10-15,22.648662567138672
2010-10-18,22.648662567138672
2010-10-19,22.648662567138672
2010-10-20,22.648662567138672
2010-10-21,22.648662567138672
2010-10-22,22.648662567138672
2010-10-25,22.648662567138672
2010-10-26,22.648662567138672
2010-10-27,22.648662567138672
2010-10-28,22.648662567138672
2010-10-29,22.648662567138672
2010-11-01,22.648662567138672
2010-11-02,22.648662567138672
2010-11-03,22.648662567138672
2010-11-04,22.648662567138672
2010-11-05,22.648662567138672
2010-11-08,22.648662567138672
2010-11-09,22.648662567138672
2010-11-10,22.648662567138672
2010-11-11,22.648662567138672
2010-11-12,22.648662567138672
2010-11-15,22.648662567138672
2010-11-16,22.648662567138672
2010-11-17,22.648662567138672
2010-11-18,22.648662567138672
2010-11-19,22.648662567138672
2010-11-22,22.648662567138672
2010-11-23,22.648662567138672
2010-11-24,22.648662567138672
2010-11-25,22.648662567138672
2010-11-26,22.648662567138672
2010-11-29,22.648662567138672
2010-11-30,22.648662567138672
2010-12-01,22.648662567138672
2010-12-02,22.648662567138672
2010-12-03,22.648662567138672
2010-12-06,22.648662567138672
2010-12-07,22.648662567138672
2010-12-08,22.648662567138672
2010-12-09,22.648662567138672
2010-12-10,22.648662567138672
2010-12-13,22.648662567138672
2010-12-14,22.648662567138672
2010-12-15,22.648662567138672
2010-12-16,22.648662567138672
2010-12-17,22.648662567138672
2010-12-20,22.648662567138672
2010-12-21,22.648662567138672
2010-12-22,22.648662567138672
2010-12-23,22.648662567138672
2010-12-24,22.648662567138672
2010-12-27,22.648662567138672
2010-12-28,22.648662567138672
2010-12-29,22.648662567138672
2010-12-30,22.648662567138672
2010-12-31,22.648662567138672
2011-01-03,22.648662567138672
2011-01-04,22.648662567138672
2011-01-05,22.648662567138672
2011-01-06,22.648662567138672
2011-01-07,22.648662567138672
2011-01-10,22.648662567138672
2011-01-11,22.648662567138672
2011-01-12,22.648662567138672
2011-01-13,22.648662567138672
2011-01-14,22.648662567138672
2011-01-17,22.648662567138672
2011-01-18,22.648662567138672
2011-01-19,22.648662567138672
2011-01-20,22.648662567138672
2011-01-21,22.648662567138672
2011-01-24,22.648662567138672
2011-01-25,22.648662567138672
2011-01-26,22.648662567138672
2011-01-27,22.648662567138672
2011-01-28,22.648662567138672
2011-02-08,22.648662567138672
2011-02-09,22.648662567138672
2011-02-10,22.648662567138672
2011-02-11,22.648662567138672
2011-02-14,22.648662567138672
2011-02-15,22.648662567138672
2011-02-16,22.648662567138672
2011-02-17,22.648662567138672
2011-02-18,22.648662567138672
2011-02-21,22.648662567138672
2011-02-22,22.648662567138672
2011-02-23,22.648662567138672
2011-02-24,22.648662567138672
2011-02-25,22.648662567138672
2011-03-01,22.648662567138672
2011-03-02,22.648662567138672
2011-03-03,22.648662567138672
2011-03-04,22.648662567138672
2011-03-07,22.648662567138672
2011-03-08,22.648662567138672
2011-03-09,22.648662567138672
2011-03-10,22.648662567138672
2011-03-11,22.648662567138672
2011-03-14,22.648662567138672
2011-03-15,22.648662567138672
2011-03-16,22.648662567138672
2011-03-17,22.648662567138672
2011-03-18,22.648662567138672
2011-03-21,22.648662567138672
2011-03-22,22.648662567138672
2011-03-23,22.648662567138672
2011-03-24,22.648662567138672
2011-03-25,22.648662567138672
2011-03-28,22.648662567138672
2011-03-29,22.648662567138672
2011-03-30,22.648662567138672
2011-03-31,22.648662567138672
2011-04-01,22.648662567138672
2011-04-06,22.648662567138672
2011-04-07,22.648662567138672
2011-04-08,22.648662567138672
2011-04-11,22.648662567138672
2011-04-12,22.648662567138672
2011-04-13,22.648662567138672
2011-04-14,22.648662567138672
2011-04-15,22.648662567138672
2011-04-18,22.648662567138672
2011-04-19,22.648662567138672
2011-04-20,22.648662567138672
2011-04-21,22.648662567138672
2011-04-22,22.648662567138672
2011-04-25,22.648662567138672
2011-04-26,22.648662567138672
2011-04-27,22.648662567138672
2011-04-28,22.648662567138672
2011-04-29,22.648662567138672
2011-05-03,22.648662567138672
2011-05-04,22.648662567138672
2011-05-05,22.648662567138672
2011-05-06,22.648662567138672
2011-05-09,22.648662567138672
2011-05-10,22.648662567138672
2011-05-11,22.648662567138672
2011-05-12,22.648662567138672
2011-05-13,22.648662567138672
2011-05-16,22.648662567138672
2011-05-17,22.648662567138672
2011-05-18,22.648662567138672
2011-05-19,22.648662567138672
2011-05-20,22.648662567138672
2011-05-23,22.648662567138672
2011-05-24,22.648662567138672
2011-05-25,22.648662567138672
2011-05-26,22.648662567138672
2011-05-27,22.648662567138672
2011-05-30,22.648662567138672
2011-05-31,22.648662567138672
2011-06-01,22.648662567138672
2011-06-02,22.648662567138672
2011-06-03,22.648662567138672
2011-06-07,22.648662567138672
2011-06-08,22.648662567138672
2011-06-09,22.648662567138672
2011-06-10,22.648662567138672
2011-06-13,22.648662567138672
2011-06-14,22.648662567138672
2011-06-15,22.648662567138672
2011-06-16,22.648662567138672
2011-06-17,22.648662567138672
2011-06-20,22.648662567138672
2011-06-21,22.648662567138672
2011-06-22,22.648662567138672
2011-06-23,22.648662567138672
2011-06-24,22.648662567138672
2011-06-27,22.648662567138672
2011-06-28,22.648662567138672
2011-06-29,22.648662567138672
2011-06-30,22.648662567138672
2011-07-01,22.648662567138672
2011-07-04,22.648662567138672
2011-07-05,22.648662567138672
2011-07-06,22.648662567138672
2011-07-07,22.648662567138672
2011-07-08,22.648662567138672
2011-07-11,22.648662567138672
2011-07-12,22.648662567138672
2011-07-13,22.648662567138672
2011-07-14,22.648662567138672
2011-07-15,22.648662567138672
2011-07-18,22.648662567138672
2011-07-19,22.648662567138672
2011-07-20,22.648662567138672
2011-07-21,22.648662567138672
2011-07-22,22.648662567138672
2011-07-25,22.648662567138672
2011-07-26,22.648662567138672
2011-07-27,22.648662567138672
2011-07-28,22.648662567138672
2011-07-29,22.648662567138672
2011-08-01,22.648662567138672
2011-08-02,22.648662567138672
2011-08-03,22.648662567138672
2011-08-04,22.648662567138672
2011-08-05,22.648662567138672
2011-08-08,23.057924270629883
2011-08-09,23.057924270629883
2011-08-10,23.057924270629883
2011-08-11,23.057924270629883
2011-08-12,23.057924270629883
2011-08-15,23.057924270629883
2011-08-16,23.057924270629883
2011-08-17,23.057924270629883
2011-08-18,23.057924270629883
2011-08-19,23.057924270629883
2011-08-22,23.057924270629883
2011-08-23,23.057924270629883
2011-08-24,23.057924270629883
2011-08-25,23.057924270629883
2011-08-26,23.057924270629883
2011-08-29,23.057924270629883
2011-08-30,23.057924270629883
2011-08-31,23.057924270629883
2011-09-01,23.057924270629883
2011-09-02,23.057924270629883
2011-09-05,23.057924270629883
2011-09-06,23.057924270629883
2011-09-07,23.057924270629883
2011-09-08,23.057924270629883
2011-09-09,23.057924270629883
2011-09-13,23.057924270629883
2011-09-14,23.057924270629883
2011-09-15,23.057924270629883
2011-09-16,23.057924270629883
2011-09-19,23.057924270629883
2011-09-20,23.057924270629883
2011-09-21,23.057924270629883
2011-09-22,23.057924270629883
2011-09-23,23.057924270629883
2011-09-26,23.057924270629883
2011-09-27,23.057924270629883
2011-09-28,23.057924270629883
2011-09-29,23.057924270629883
2011-09-30,23.057924270629883
2011-10-03,23.057924270629883
2011-10-04,23.057924270629883
2011-10-05,23.057924270629883
2011-10-06,23.057924270629883
2011-10-07,23.057924270629883
2011-10-11,23.057924270629883
2011-10-12,23.057924270629883
2011-10-13,23.057924270629883
2011-10-14,23.057924270629883
2011-10-17,23.057924270629883
2011-10-18,23.057924270629883
2011-10-19,23.057924270629883
2011-10-20,23.057924270629883
2011-10-21,23.057924270629883
2011-10-24,23.057924270629883
2011-10-25,23.057924270629883
2011-10-26,23.057924270629883
2011-10-27,23.057924270629883
2011-10-28,23.057924270629883
2011-10-31,23.057924270629883
2011-11-01,23.057924270629883
2011-11-02,23.057924270629883
2011-11-03,23.057924270629883
2011-11-04,23.057924270629883
2011-11-07,23.057924270629883
2011-11-08,23.057924270629883
2011-11-09,23.057924270629883
2011-11-10,23.057924270629883
2011-11-11,23.057924270629883
2011-11-14,23.057924270629883
2011-11-15,23.057924270629883
2011-11-16,23.057924270629883
2011-11-17,23.057924270629883
2011-11-18,23.057924270629883
2011-11-21,23.057924270629883
2011-11-22,23.057924270629883
2011-11-23,143.01727294921875
2011-11-24,128.95001220703125
2011-11-25,122.61974334716797
2011-11-28,127.77774810791016
2011-11-29,133.87355041503906
2011-11-30,126.13655090332031
2011-12-01,134.81137084960938
2011-12-02,141.1416473388672
2011-12-05,137.6248321533203
2011-12-06,129.1844482421875
2011-12-07,126.37100982666016
2011-12-08,124.26091003417969
2011-12-09,122.61974334716797
2011-12-12,121.68191528320312
2011-12-13,121.2130126953125
2011-12-14,124.26091003417969
2011-12-15,121.44746398925781
2011-12-16,129.8878173828125
2011-12-19,122.38528442382812
2011-12-20,127.07437896728516
2011-12-21,132.70127868652344
2011-12-22,139.50045776367188
2011-12-23,147.7063751220703
2011-12-26,151.2231903076172
2011-12-27,151.2231903076172
2011-12-28,146.76856994628906
2011-12-29,149.8164520263672
2011-12-30,148.878662109375
2012-01-02,148.878662109375
2012-01-03,148.878662109375
2012-01-04,148.878662109375
2012-01-05,148.878662109375
2012-01-06,168.5728302001953
2012-01-09,166.46273803710938
2012-01-10,163.1803741455078
2012-01-11,162.0081024169922
2012-01-12,161.30474853515625
2012-01-13,166.46273803710938
2012-01-16,164.82154846191406
2012-01-17,173.49636840820312
2012-01-18,183.34347534179688
2012-01-30,196.0040283203125
2012-01-31,205.1477508544922
2012-02-01,206.08555603027344
2012-02-02,208.66456604003906
2012-02-03,207.25784301757812
2012-02-06,205.1477508544922
2012-02-07,206.3200225830078
2012-02-08,211.0091094970703
2012-02-09,211.0091094970703
2012-02-10,218.04273986816406
2012-02-13,226.01419067382812
2012-02-14,221.3251190185547
2012-02-15,223.66966247558594
2012-02-16,211.47801208496094
2012-02-17,208.19564819335938
2012-02-20,211.0091094970703
2012-02-21,208.66456604003906
2012-02-22,217.57382202148438
2012-02-23,212.41583251953125
2012-02-24,212.65029907226562
2012-02-29,213.35366821289062
2012-03-01,217.33938598632812
2012-03-02,223.20074462890625
2012-03-05,208.66456604003906
2012-03-06,212.88473510742188
2012-03-07,209.8368377685547
2012-03-08,214.7603759765625
2012-03-09,221.3251190185547
2012-03-12,214.5259246826172
2012-03-13,214.29147338867188
2012-03-14,216.40155029296875
2012-03-15,219.44947814941406
2012-03-16,219.9183807373047
2012-03-19,216.87046813964844
2012-03-20,216.87046813964844
2012-03-21,227.6553955078125
2012-03-22,233.51673889160156
2012-03-23,235.62684631347656
2012-03-26,230.70327758789062
2012-03-27,231.40664672851562
2012-03-28,247.34954833984375
2012-03-29,250.8663787841797
2012-03-30,243.83274841308594
2012-04-02,243.83274841308594
2012-04-03,232.81338500976562
2012-04-05,232.5789337158203
2012-04-06,235.62684631347656
2012-04-09,224.60748291015625
2012-04-10,219.44947814941406
2012-04-11,222.26292419433594
2012-04-12,227.42091369628906
2012-04-13,233.75120544433594
2012-04-16,232.34446716308594
2012-04-17,223.66966247558594
2012-04-18,228.35874938964844
2012-04-19,224.60748291015625
2012-04-20,214.99484252929688
2012-04-23,202.09982299804688
2012-04-24,208.66456604003906
2012-04-25,217.57382202148438
2012-04-26,208.89901733398438
2012-04-27,206.3200225830078
2012-04-30,202.09982299804688
2012-05-02,216.1671142578125
2012-05-03,217.10491943359375
2012-05-04,219.44947814941406
2012-05-07,214.7603759765625
2012-05-08,214.7603759765625
2012-05-09,211.47801208496094
2012-05-10,209.8368377685547
2012-05-11,204.20993041992188
2012-05-14,202.80320739746094
2012-05-15,205.8511199951172
2012-05-16,198.11410522460938
2012-05-17,203.50656127929688
2012-05-18,194.83175659179688
2012-05-21,190.84600830078125
2012-05-22,199.286376953125
2012-05-23,196.0040283203125
2012-05-24,193.42501831054688
2012-05-25,187.798095703125
2012-05-28,188.97036743164062
2012-05-29,202.09982299804688
2012-05-30,209.367919921875
2012-05-31,210.07127380371094
2012-06-01,195.5351104736328
2012-06-04,181.93673706054688
2012-06-05,186.86029052734375
2012-06-06,197.41073608398438
2012-06-07,195.5351104736328
2012-06-08,192.72164916992188
2012-06-11,198.11410522460938
2012-06-12,196.0040283203125
2012-06-13,196.94183349609375
2012-06-14,196.94183349609375
2012-06-15,201.16201782226562
2012-06-18,206.55447387695312
2012-06-19,205.1477508544922
2012-06-20,211.71246337890625
2012-06-21,212.18138122558594
2012-06-22,211.47801208496094
2012-06-25,207.72674560546875
2012-06-26,204.9132843017578
2012-06-27,206.55447387695312
2012-06-28,207.67889404296875
2012-06-29,210.30470275878906
2012-07-02,217.2273406982422
2012-07-03,218.4208984375
2012-07-04,217.94346618652344
2012-07-05,219.37574768066406
2012-07-06,221.04672241210938
2012-07-09,218.4208984375
2012-07-10,203.14337158203125
2012-07-11,204.81434631347656
2012-07-12,203.62078857421875
2012-07-13,201.94981384277344
2012-07-16,194.07232666015625
2012-07-17,196.22073364257812
2012-07-18,193.356201171875
2012-07-19,197.41429138183594
2012-07-20,198.13043212890625
2012-07-23,190.96908569335938
2012-07-24,191.44651794433594
2012-07-25,187.38841247558594
2012-07-26,189.0594024658203
2012-07-27,192.87876892089844
2012-07-30,190.49166870117188
2012-07-31,186.91099548339844
2012-08-01,188.1045379638672
2012-08-02,188.1045379638672
2012-08-03,187.38841247558594
2012-08-06,188.34327697753906
2012-08-07,186.6722869873047
2012-08-08,186.91099548339844
2012-08-09,199.80140686035156
2012-08-10,205.5304718017578
2012-08-13,204.09820556640625
2012-08-14,206.7240447998047
2012-08-15,209.5885772705078
2012-08-16,208.39501953125
2012-08-17,207.9176025390625
2012-08-20,202.1885223388672
2012-08-21,202.42723083496094
2012-08-22,200.75625610351562
2012-08-23,200.75625610351562
2012-08-24,202.6659393310547
2012-08-27,205.5304718017578
2012-08-28,198.13043212890625
2012-08-29,199.5626983642578
2012-08-30,199.08526611328125
2012-08-31,196.6981658935547
2012-09-03,205.76918029785156
2012-09-04,204.09820556640625
2012-09-05,206.7240447998047
2012-09-06,204.33692932128906
2012-09-07,205.5304718017578
2012-09-10,204.5756378173828
2012-09-11,204.09820556640625
2012-09-12,214.36280822753906
2012-09-13,210.0659942626953
2012-09-14,210.0659942626953
2012-09-17,206.96275329589844
2012-09-18,206.96275329589844
2012-09-19,210.0659942626953
2012-09-20,214.84022521972656
2012-09-21,225.34353637695312
2012-09-24,222.00155639648438
2012-09-25,219.85316467285156
2012-09-26,212.9305419921875
2012-09-27,218.18218994140625
2012-09-28,216.51119995117188
2012-10-01,217.46604919433594
2012-10-02,216.03378295898438
2012-10-03,216.03378295898438
2012-10-04,214.84022521972656
2012-10-05,217.2273406982422
2012-10-08,209.11114501953125
2012-10-09,209.11114501953125
2012-10-11,207.9176025390625
2012-10-12,212.2144012451172
2012-10-15,210.78213500976562
2012-10-16,209.11114501953125
2012-10-17,208.39501953125
2012-10-18,203.62078857421875
2012-10-19,200.51754760742188
2012-10-22,204.09820556640625
2012-10-23,202.9046630859375
2012-10-24,204.81434631347656
2012-10-25,200.99496459960938
2012-10-26,191.6852264404297
2012-10-29,178.3173828125
2012-10-30,181.18191528320312
2012-10-31,169.24635314941406
2012-11-01,175.69155883789062
2012-11-02,176.6464080810547
2012-11-05,174.25929260253906
2012-11-06,186.43356323242188
2012-11-07,191.44651794433594
2012-11-08,189.5368194580078
2012-11-09,190.01425170898438
2012-11-12,188.82069396972656
2012-11-13,182.37548828125
2012-11-14,184.76258850097656
2012-11-15,184.5238800048828
2012-11-16,182.61419677734375
2012-11-19,173.78187561035156
2012-11-20,174.0205841064453
2012-11-21,170.20118713378906
2012-11-22,165.90440368652344
2012-11-23,175.45285034179688
2012-11-26,176.8851318359375
2012-11-27,179.0335235595703
2012-11-28,180.94320678710938
2012-11-29,178.3173828125
2012-11-30,175.93026733398438
2012-12-03,176.16897583007812
2012-12-04,188.34327697753906
2012-12-05,188.5819854736328
2012-12-06,184.0464630126953
2012-12-07,183.5690460205078
2012-12-10,182.61419677734375
2012-12-11,181.42062377929688
2012-12-12,183.330322265625
2012-12-13,184.0464630126953
2012-12-14,179.0335235595703
2012-12-17,174.4980010986328
2012-12-18,175.45285034179688
2012-12-19,175.93026733398438
2012-12-20,176.16897583007812
2012-12-21,173.54315185546875
2012-12-24,173.06573486328125
2012-12-25,175.93026733398438
2012-12-26,179.5109405517578
2012-12-27,180.94320678710938
2012-12-28,181.18191528320312
2013-01-02,180.22708129882812
2013-01-03,180.94320678710938
2013-01-04,177.60125732421875
2013-01-07,175.69155883789062
2013-01-08,170.6786346435547
2013-01-09,171.39476013183594
2013-01-10,169.24635314941406
2013-01-11,171.1560516357422
2013-01-14,169.4850616455078
2013-01-15,165.6656951904297
2013-01-16,166.1431121826172
2013-01-17,163.51727294921875
2013-01-18,164.71084594726562
2013-01-21,159.93661499023438
2013-01-22,164.71084594726562
2013-01-23,164.23341369628906
2013-01-24,159.93661499023438
2013-01-25,159.45919799804688
2013-01-28,155.87852478027344
2013-01-29,164.94955444335938
2013-01-30,163.51727294921875
2013-01-31,164.23341369628906
2013-02-01,163.51727294921875
2013-02-04,168.53021240234375
2013-02-05,167.8140869140625
2013-02-06,164.94955444335938
2013-02-18,168.53021240234375
2013-02-19,173.54315185546875
2013-02-20,173.54315185546875
2013-02-21,171.87217712402344
2013-02-22,170.91734313964844
2013-02-25,170.91734313964844
2013-02-26,168.29150390625
2013-02-27,169.72377014160156
2013-03-01,171.39476013183594
2013-03-04,171.87217712402344
2013-03-05,175.45285034179688
2013-03-06,176.6464080810547
2013-03-07,174.73670959472656
2013-03-08,175.69155883789062
2013-03-11,177.362548828125
2013-03-12,174.4980010986328
2013-03-13,172.11090087890625
2013-03-14,168.29150390625
2013-03-15,168.76893615722656
2013-03-18,162.56243896484375
2013-03-19,163.278564453125
2013-03-20,162.56243896484375
2013-03-21,162.56243896484375
2013-03-22,164.23341369628906
2013-03-25,163.9947052001953
2013-03-26,170.20118713378906
2013-03-27,167.336669921875
2013-03-28,164.71084594726562
2013-03-29,167.57537841796875
2013-04-01,169.24635314941406
2013-04-02,168.29150390625
2013-04-03,166.38182067871094
2013-04-08,159.22048950195312
2013-04-09,159.69790649414062
2013-04-10,159.93661499023438
2013-04-11,163.7559814453125
2013-04-12,161.36888122558594
2013-04-15,158.02691650390625
2013-04-16,158.265625
2013-04-17,158.74305725097656
2013-04-18,158.265625
2013-04-19,159.69790649414062
2013-04-22,157.54949951171875
2013-04-23,155.16238403320312
2013-04-24,155.63980102539062
2013-04-25,149.43331909179688
2013-04-26,149.43331909179688
2013-04-29,148.9558868408203
2013-04-30,153.9688262939453
2013-05-02,158.74305725097656
2013-05-03,156.83335876464844
2013-05-06,161.36888122558594
2013-05-07,161.1301727294922
2013-05-08,160.65274047851562
2013-05-09,160.65274047851562
2013-05-10,158.9817657470703
2013-05-13,156.83335876464844
2013-05-14,154.44625854492188
2013-05-15,151.82041931152344
2013-05-16,150.14944458007812
2013-05-17,151.1042938232422
2013-05-20,149.67202758789062
2013-05-21,151.82041931152344
2013-05-22,152.53656005859375
2013-05-23,150.38815307617188
2013-05-24,148.9558868408203
2013-05-27,148.71717834472656
2013-05-28,149.91073608398438
2013-05-29,150.38815307617188
2013-05-30,148.9558868408203
2013-05-31,146.33006286621094
2013-06-03,143.70423889160156
2013-06-04,143.70423889160156
2013-06-05,137.7364501953125
2013-06-06,132.7235107421875
2013-06-07,132.7235107421875
2013-06-10,128.90414428710938
2013-06-11,131.0525360107422
2013-06-13,126.51701354980469
2013-06-14,122.22021484375
2013-06-17,124.60733032226562
2013-06-18,126.51701354980469
2013-06-19,135.34934997558594
2013-06-20,133.9170684814453
2013-06-21,136.7816162109375
2013-06-24,134.15577697753906
2013-06-25,130.5751190185547
2013-06-26,126.99444580078125
2013-06-27,130.5751190185547
2013-06-28,127.94928741455078
2013-07-01,126.66996765136719
2013-07-02,125.94197845458984
2013-07-03,124.00067901611328
2013-07-04,124.48600769042969
2013-07-05,123.75801849365234
2013-07-08,123.51535034179688
2013-07-09,125.2139892578125
2013-07-10,126.91263580322266
2013-07-11,131.76588439941406
2013-07-12,138.31777954101562
2013-07-15,141.9577178955078
2013-07-16,144.14169311523438
2013-07-17,144.14169311523438
2013-07-18,141.71505737304688
2013-07-19,140.01641845703125
2013-07-22,147.05364990234375
2013-07-23,147.05364990234375
2013-07-24,148.9949493408203
2013-07-25,148.9949493408203
2013-07-26,146.81097412109375
2013-07-29,143.17103576660156
2013-07-30,141.229736328125
2013-07-31,139.7737579345703
2013-08-01,139.7737579345703
2013-08-02,139.7737579345703
2013-08-05,131.52322387695312
2013-08-06,132.9792022705078
2013-08-07,130.5525665283203
2013-08-08,129.8245849609375
2013-08-09,130.7952423095703
2013-08-12,131.76588439941406
2013-08-13,134.67784118652344
2013-08-14,133.70718383789062
2013-08-15,141.229736328125
2013-08-16,139.7737579345703
2013-08-19,137.5897979736328
2013-08-20,139.28843688964844
2013-08-22,140.74441528320312
2013-08-23,140.74441528320312
2013-08-26,140.74441528320312
2013-08-27,139.0457763671875
2013-08-28,137.34713745117188
2013-08-29,137.34713745117188
2013-08-30,137.5897979736328
2013-09-02,137.83245849609375
2013-09-03,142.6857147216797
2013-09-04,144.62701416015625
2013-09-05,145.11233520507812
2013-09-06,144.3843536376953
2013-09-09,144.62701416015625
2013-09-10,143.89903259277344
2013-09-11,142.2003936767578
2013-09-12,143.65635681152344
2013-09-13,149.4802703857422
2013-09-16,154.0908660888672
2013-09-17,151.6642303466797
2013-09-18,151.1789093017578
2013-09-23,149.96559143066406
2013-09-24,146.08299255371094
2013-09-25,147.2963104248047
2013-09-26,147.05364990234375
2013-09-27,145.11233520507812
2013-09-30,143.4136962890625
2013-10-01,141.71505737304688
2013-10-02,140.98707580566406
2013-10-03,140.74441528320312
2013-10-04,137.5897979736328
2013-10-07,130.5525665283203
2013-10-08,133.4645233154297
2013-10-09,131.03790283203125
2013-10-11,126.66996765136719
2013-10-14,123.75801849365234
2013-10-15,127.39795684814453
2013-10-16,128.8539276123047
2013-10-17,129.8245849609375
2013-10-18,130.30990600585938
2013-10-21,130.5525665283203
2013-10-22,131.52322387695312
2013-10-23,131.52322387695312
2013-10-24,129.8245849609375
2013-10-25,128.61126708984375
2013-10-28,126.18464660644531
2013-10-29,125.94197845458984
2013-10-30,124.72866821289062
2013-10-31,124.72866821289062
2013-11-01,116.1141357421875
2013-11-04,117.20612335205078
2013-11-05,115.62881469726562
2013-11-06,112.83818817138672
2013-11-07,106.77162170410156
2013-11-08,105.55831146240234
2013-11-11,98.27842712402344
2013-11-12,91.4838638305664
2013-11-13,92.33318328857422
2013-11-14,96.33712005615234
2013-11-15,92.21185302734375
2013-11-18,85.78129577636719
2013-11-19,85.17463684082031
2013-11-20,85.53862762451172
2013-11-21,86.63060760498047
2013-11-22,81.41336059570312
2013-11-25,80.56404113769531
2013-11-26,83.11199951171875
2013-11-27,82.26268005371094
2013-11-28,83.23332977294922
2013-11-29,84.93196868896484
2013-12-02,84.3253173828125
2013-12-03,84.56797790527344
2013-12-04,85.65995788574219
2013-12-05,83.8399887084961
2013-12-06,82.86933898925781
2013-12-09,77.16676330566406
2013-12-10,77.16676330566406
2013-12-11,73.04149627685547
2013-12-12,72.79883575439453
2013-12-13,77.8947525024414
2013-12-16,80.44271087646484
2013-12-17,80.0787124633789
2013-12-18,83.35466766357422
2013-12-19,84.08264923095703
2013-12-20,82.86933898925781
2013-12-23,82.3840103149414
2013-12-24,82.14134979248047
2013-12-25,82.14134979248047
2013-12-26,81.77735900878906
2013-12-27,87.47993469238281
2013-12-30,93.54650115966797
2013-12-31,91.119873046875
2014-01-02,92.45452117919922
2014-01-03,92.21185302734375
2014-01-06,98.64241790771484
2014-01-07,97.42910766601562
2014-01-08,96.70111846923828
2014-01-09,97.06510925292969
2014-01-10,97.5504379272461
2014-01-13,92.9398422241211
2014-01-14,94.27449035644531
2014-01-15,96.57978820800781
2014-01-16,99.00641632080078
2014-01-17,99.7343978881836
2014-01-20,102.76768493652344
2014-01-21,100.34105682373047
2014-01-22,98.27842712402344
2014-01-23,96.0944595336914
2014-01-24,96.57978820800781
2014-01-27,93.4251708984375
2014-02-05,98.27842712402344
2014-02-06,96.82244873046875
2014-02-07,96.94377899169922
2014-02-10,97.18643951416016
2014-02-11,95.609130859375
2014-02-12,95.97312927246094
2014-02-13,97.42910766601562
2014-02-14,94.63848114013672
2014-02-17,91.119873046875
2014-02-18,91.96919250488281
2014-02-19,91.72653198242188
2014-02-20,90.02789306640625
2014-02-21,91.4838638305664
2014-02-24,90.51321411132812
2014-02-25,90.87721252441406
2014-02-26,91.4838638305664
2014-02-27,91.6052017211914
2014-03-03,90.51321411132812
2014-03-04,90.7558822631836
2014-03-05,93.91049194335938
2014-03-06,94.15316009521484
2014-03-07,92.45452117919922
2014-03-10,92.9398422241211
2014-03-11,96.57978820800781
2014-03-12,97.06510925292969
2014-03-13,99.00641632080078
2014-03-14,97.42910766601562
2014-03-17,99.00641632080078
2014-03-18,97.5504379272461
2014-03-19,96.0944595336914
2014-03-20,94.15316009521484
2014-03-21,94.15316009521484
2014-03-24,93.66783142089844
2014-03-25,97.06510925292969
2014-03-26,95.85179901123047
2014-03-27,94.63848114013672
2014-03-28,93.91049194335938
2014-03-31,94.27449035644531
2014-04-01,95.48780059814453
2014-04-02,95.48780059814453
2014-04-03,96.57978820800781
2014-04-07,99.7343978881836
2014-04-08,103.37434387207031
2014-04-09,107.13561248779297
2014-04-10,103.13168334960938
2014-04-11,104.46632385253906
2014-04-14,100.94771575927734
2014-04-15,102.28236389160156
2014-04-16,100.94771575927734
2014-04-17,101.19037628173828
2014-04-18,99.00641632080078
2014-04-21,98.88507843017578
2014-04-22,99.37040710449219
2014-04-23,96.57978820800781
2014-04-24,94.75981140136719
2014-04-25,88.20791625976562
2014-04-28,86.87327575683594
2014-04-29,87.47993469238281
2014-04-30,83.59732818603516
2014-05-02,84.93196868896484
2014-05-05,87.96525573730469
2014-05-06,87.35859680175781
2014-05-07,86.02395629882812
2014-05-08,84.6893081665039
2014-05-09,82.50534057617188
2014-05-12,82.99066925048828
2014-05-13,81.89868927001953
2014-05-14,81.77735900878906
2014-05-15,82.3840103149414
2014-05-16,81.65602111816406
2014-05-19,83.11199951171875
2014-05-20,83.71865844726562
2014-05-21,82.86933898925781
2014-05-22,83.35466766357422
2014-05-23,82.99066925048828
2014-05-26,83.8399887084961
2014-05-27,86.87327575683594
2014-05-28,86.1452865600586
2014-05-29,85.90262603759766
2014-05-30,86.50927734375
2014-06-03,84.93196868896484
2014-06-04,84.3253173828125
2014-06-05,84.20398712158203
2014-06-06,85.65995788574219
2014-06-09,84.93196868896484
2014-06-10,86.87327575683594
2014-06-11,87.96525573730469
2014-06-12,86.75194549560547
2014-06-13,85.65995788574219
2014-06-16,84.81063842773438
2014-06-17,85.17463684082031
2014-06-18,85.53862762451172
2014-06-19,84.6893081665039
2014-06-20,84.93196868896484
2014-06-23,82.02001953125
2014-06-24,81.77735900878906
2014-06-25,84.3253173828125
2014-06-26,84.6893081665039
2014-06-27,84.6893081665039
2014-06-30,83.96131896972656
2014-07-01,85.29596710205078
2014-07-02,83.23332977294922
2014-07-03,82.74800872802734
2014-07-04,83.8399887084961
2014-07-07,83.8399887084961
2014-07-08,83.35466766357422
2014-07-09,84.56797790527344
2014-07-10,83.59732818603516
2014-07-11,82.50534057617188
2014-07-14,82.3840103149414
2014-07-15,82.99066925048828
2014-07-16,88.69324493408203
2014-07-17,92.09052276611328
2014-07-18,90.51321411132812
2014-07-21,90.39188385009766
2014-07-22,89.78522491455078
2014-07-23,89.78522491455078
2014-07-24,88.32925415039062
2014-07-25,87.11593627929688
2014-07-28,87.84392547607422
2014-07-29,86.63060760498047
2014-07-30,86.9946060180664
2014-07-31,86.63060760498047
2014-08-01,85.53862762451172
2014-08-04,84.93196868896484
2014-08-05,82.26268005371094
2014-08-06,78.50141143798828
2014-08-07,77.65209197998047
2014-08-08,73.64815521240234
2014-08-11,75.2254638671875
2014-08-12,76.43877410888672
2014-08-13,75.71078491210938
2014-08-14,75.71078491210938
2014-08-15,74.01214599609375
2014-08-18,70.85752868652344
2014-08-19,72.31350708007812
2014-08-20,72.07084655761719
2014-08-21,70.85752868652344
2014-08-22,72.67750549316406
2014-08-25,73.40548706054688
2014-08-26,74.37614440917969
2014-08-27,74.49747467041016
2014-08-28,74.61880493164062
2014-08-29,75.46812438964844
2014-09-01,74.86146545410156
2014-09-02,73.52681732177734
2014-09-03,73.40548706054688
2014-09-04,73.64815521240234
2014-09-05,73.40548706054688
2014-09-09,74.7401351928711
2014-09-10,75.2254638671875
2014-09-11,76.56010437011719
2014-09-12,75.34679412841797
2014-09-15,74.49747467041016
2014-09-16,73.2841567993164
2014-09-17,73.2841567993164
2014-09-18,73.89081573486328
2014-09-19,73.76948547363281
2014-09-22,73.52681732177734
2014-09-23,75.5894546508789
2014-09-24,74.7401351928711
2014-09-25,72.79883575439453
2014-09-26,71.58551788330078
2014-09-29,71.34285736083984
2014-09-30,71.34285736083984
2014-10-01,70.6148681640625
2014-10-02,71.46418762207031
2014-10-03,72.920166015625
2014-10-06,72.4348373413086
2014-10-07,71.22152709960938
2014-10-08,71.70684814453125
2014-10-09,69.15888977050781
2014-10-13,64.42696380615234
2014-10-14,60.787025451660156
2014-10-15,56.78308868408203
2014-10-16,54.599124908447266
2014-10-17,53.38581085205078
2014-10-20,57.025753021240234
2014-10-21,60.18037033081055
2014-10-22,59.937705993652344
2014-10-23,58.84572219848633
2014-10-24,57.025753021240234
2014-10-27,54.599124908447266
2014-10-28,57.025753021240234
2014-10-29,58.481727600097656
2014-10-30,59.4523811340332
2014-10-31,59.816375732421875
2014-11-03,60.66569519042969
2014-11-04,60.423030853271484
2014-11-05,58.96705627441406
2014-11-06,57.87507247924805
2014-11-07,59.331050872802734
2014-11-10,60.18037033081055
2014-11-11,60.301700592041016
2014-11-12,59.69504165649414
2014-11-13,58.96705627441406
2014-11-14,59.08838653564453
2014-11-17,58.72439193725586
2014-11-18,56.66175842285156
2014-11-19,56.05509948730469
2014-11-20,56.78308868408203
2014-11-21,60.66569519042969
2014-11-24,60.908355712890625
2014-11-25,58.481727600097656
2014-11-26,59.209716796875
2014-11-27,58.481727600097656
2014-11-28,57.996402740478516
2014-12-01,57.75374221801758
2014-12-02,58.96705627441406
2014-12-03,60.18037033081055
2014-12-04,60.301700592041016
2014-12-05,60.423030853271484
2014-12-08,60.908355712890625
2014-12-09,61.2723503112793
2014-12-10,65.51895141601562
2014-12-11,63.698978424072266
2014-12-12,68.06690979003906
2014-12-15,68.67356872558594
2014-12-16,68.06690979003906
2014-12-17,68.18824005126953
2014-12-18,68.7948989868164
2014-12-19,66.97492980957031
2014-12-22,68.55223083496094
2014-12-23,69.64421844482422
2014-12-24,69.15888977050781
2014-12-25,68.67356872558594
2014-12-26,71.34285736083984
2014-12-29,70.73619842529297
2014-12-30,71.1001968383789
2014-12-31,71.1001968383789
2015-01-05,70.6148681640625
2015-01-06,73.40548706054688
2015-01-07,74.7401351928711
2015-01-08,74.25480651855469
2015-01-09,73.64815521240234
2015-01-12,72.67750549316406
2015-01-13,71.82817840576172
2015-01-14,72.4348373413086
2015-01-15,72.31350708007812
2015-01-16,71.22152709960938
2015-01-19,68.7948989868164
2015-01-20,69.40155029296875
2015-01-21,69.15888977050781
2015-01-22,70.6148681640625
2015-01-23,70.49353790283203
2015-01-26,69.52288818359375
2015-01-27,69.64421844482422
2015-01-28,71.94951629638672
2015-01-29,71.46418762207031
2015-01-30,70.6148681640625
2015-02-02,69.76554870605469
2015-02-03,70.6148681640625
2015-02-04,69.15888977050781
2015-02-05,68.55223083496094
2015-02-06,68.91622924804688
2015-02-09,68.3095703125
2015-02-10,64.79096221923828
2015-02-11,64.42696380615234
2015-02-12,64.54830169677734
2015-02-13,64.42696380615234
2015-02-24,65.51895141601562
2015-02-25,65.51895141601562
2015-02-26,66.24694061279297
2015-03-02,66.24694061279297
2015-03-03,66.24694061279297
2015-03-04,66.24694061279297
2015-03-05,65.88294219970703
2015-03-06,66.36827087402344
2015-03-09,64.91229248046875
2015-03-10,65.03362274169922
2015-03-11,69.15888977050781
2015-03-12,71.82817840576172
2015-03-13,72.55616760253906
2015-03-16,74.01214599609375
2015-03-17,72.07084655761719
2015-03-18,74.98279571533203
2015-03-19,74.13347625732422
2015-03-20,73.89081573486328
2015-03-23,72.67750549316406
2015-03-24,73.76948547363281
2015-03-25,71.94951629638672
2015-03-26,71.58551788330078
2015-03-27,71.22152709960938
2015-03-30,67.09626007080078
2015-03-31,68.06690979003906
2015-04-01,67.82424926757812
2015-04-02,67.46025085449219
2015-04-07,69.28022003173828
2015-04-08,68.06690979003906
2015-04-09,66.61093139648438
2015-04-10,68.18824005126953
2015-04-13,69.76554870605469
2015-04-14,70.2508773803711
2015-04-15,71.46418762207031
2015-04-16,72.79883575439453
2015-04-17,72.07084655761719
2015-04-20,70.2508773803711
2015-04-21,67.9455795288086
2015-04-22,67.58158111572266
2015-04-23,66.73226165771484
2015-04-24,66.97492980957031
2015-04-27,68.43090057373047
2015-04-28,66.73226165771484
2015-04-29,65.03362274169922
2015-04-30,65.27628326416016
2015-05-04,64.30563354492188
2015-05-05,60.18037033081055
2015-05-06,60.908355712890625
2015-05-07,60.05903625488281
2015-05-08,58.23906707763672
2015-05-11,55.32711410522461
2015-05-12,54.113800048828125
2015-05-13,53.992469787597656
2015-05-14,54.8417854309082
2015-05-15,53.14314651489258
2015-05-18,50.95918273925781
2015-05-19,53.50714111328125
2015-05-20,53.50714111328125
2015-05-21,52.65782165527344
2015-05-22,53.50714111328125
2015-05-25,53.14314651489258
2015-05-26,53.62847137451172
2015-05-27,52.53649139404297
2015-05-28,53.87113571166992
2015-05-29,56.05509948730469
2015-06-01,54.235130310058594
2015-06-02,54.113800048828125
2015-06-03,56.05509948730469
2015-06-04,53.992469787597656
2015-06-05,52.293827056884766
2015-06-08,47.076576232910156
2015-06-09,42.46598434448242
2015-06-10,43.193973541259766
2015-06-11,40.7673454284668
2015-06-12,41.61666488647461
2015-06-15,43.55796813964844
2015-06-16,41.98065948486328
2015-06-17,41.61666488647461
2015-06-18,42.95130920410156
2015-06-22,43.679298400878906
2015-06-23,43.0726432800293
2015-06-24,41.13134002685547
2015-06-25,41.61666488647461
2015-06-26,41.49533462524414
2015-06-29,39.796695709228516
2015-06-30,40.52468490600586
2015-07-01,41.37400436401367
2015-07-02,41.73799514770508
2015-07-03,41.010009765625
2015-07-06,40.403350830078125
2015-07-07,42.223323822021484
2015-07-08,39.55403137207031
2015-07-09,37.37006759643555
2015-07-10,37.37006759643555
2015-07-13,38.21938705444336
2015-07-14,38.34071731567383
2015-07-15,38.21938705444336
2015-07-16,38.34071731567383
2015-07-17,38.58338165283203
2015-07-20,38.7047119140625
2015-07-21,39.311370849609375
2015-07-22,38.21938705444336
2015-07-23,38.58338165283203
2015-07-24,38.21938705444336
2015-07-27,34.45811462402344
2015-07-28,35.67142868041992
2015-07-29,32.75947570800781
2015-07-30,33.9727897644043
2015-07-31,34.094120025634766
2015-08-03,33.608795166015625
2015-08-04,33.123470306396484
2015-08-05,33.730125427246094
2015-08-06,34.215450286865234
2015-08-07,33.730125427246094
2015-08-10,31.910154342651367
2015-08-11,34.94343948364258
2015-08-12,34.94343948364258
2015-08-13,34.094120025634766
2015-08-14,34.33678436279297
2015-08-17,32.88080596923828
2015-08-18,31.546161651611328
2015-08-19,28.512876510620117
2015-08-20,28.391544342041016
2015-08-21,25.600923538208008
2015-08-24,23.19856071472168
2015-08-25,24.630271911621094
2015-08-26,25.358259201049805
2015-08-27,25.722253799438477
2015-08-28,25.964916229248047
2015-08-31,25.843584060668945
2015-09-01,25.843584060668945
2015-09-02,28.391544342041016
2015-09-03,29.6048583984375
2015-09-04,29.84752082824707
2015-09-07,29.968852996826172
2015-09-08,29.84752082824707
2015-09-09,30.454177856445312
2015-09-10,30.575510025024414
2015-09-11,33.00213623046875
2015-09-14,32.15281677246094
2015-09-15,32.03148651123047
2015-09-16,32.27415084838867
2015-09-17,32.75947570800781
2015-09-18,33.487464904785156
2015-09-21,32.03148651123047
2015-09-22,32.27415084838867
2015-09-23,32.03148651123047
2015-09-24,30.575510025024414
2015-09-25,30.332847595214844
2015-09-29,30.332847595214844
2015-09-30,30.818172454833984
2015-10-01,30.575510025024414
2015-10-02,30.939504623413086
2015-10-05,33.9727897644043
2015-10-06,34.33678436279297
2015-10-07,33.9727897644043
2015-10-08,33.24480056762695
2015-10-12,33.487464904785156
2015-10-13,33.730125427246094
2015-10-14,34.215450286865234
2015-10-15,34.215450286865234
2015-10-16,33.730125427246094
2015-10-19,34.33678436279297
2015-10-20,37.612728118896484
2015-10-21,36.6420783996582
2015-10-22,36.76340866088867
2015-10-23,36.27808380126953
2015-10-26,36.6420783996582
2015-10-27,37.73406219482422
2015-10-28,37.37006759643555
2015-10-29,36.76340866088867
2015-10-30,36.6420783996582
2015-11-02,36.15675354003906
2015-11-03,36.6420783996582
2015-11-04,36.76340866088867
2015-11-05,37.73406219482422
2015-11-06,37.006072998046875
2015-11-09,36.520748138427734
2015-11-10,35.55009841918945
2015-11-11,32.75947570800781
2015-11-12,32.27415084838867
2015-11-13,31.667491912841797
2015-11-16,30.575510025024414
2015-11-17,33.00213623046875
2015-11-18,32.51681137084961
2015-11-19,32.51681137084961
2015-11-20,33.24480056762695
2015-11-23,32.88080596923828
2015-11-24,33.24480056762695
2015-11-25,33.24480056762695
2015-11-26,32.88080596923828
2015-11-27,32.51681137084961
2015-11-30,31.910154342651367
2015-12-01,32.75947570800781
2015-12-02,33.00213623046875
2015-12-03,33.24480056762695
2015-12-04,33.123470306396484
2015-12-07,33.487464904785156
2015-12-08,34.215450286865234
2015-12-09,32.63814163208008
2015-12-10,32.27415084838867
2015-12-11,30.939504623413086
2015-12-14,29.240863800048828
2015-12-15,29.4835262298584
2015-12-16,29.7261905670166
2015-12-17,30.575510025024414
2015-12-18,31.182167053222656
2015-12-21,31.060834884643555
2015-12-22,30.454177856445312
2015-12-23,31.060834884643555
2015-12-24,30.939504623413086
2015-12-25,31.182167053222656
2015-12-28,30.818172454833984
2015-12-29,30.454177856445312
2015-12-30,30.575510025024414
2015-12-31,30.09018325805664
2016-01-04,29.84752082824707
2016-01-05,29.36219596862793
2016-01-06,27.784887313842773
2016-01-07,27.663555145263672
2016-01-08,28.270212173461914
2016-01-11,26.81423568725586
2016-01-12,25.358259201049805
2016-01-13,25.236928939819336
2016-01-14,24.751602172851562
2016-01-15,24.508939743041992
2016-01-18,26.93556785583496
2016-01-19,26.93556785583496
2016-01-20,26.57157325744629
2016-01-21,26.57157325744629
2016-01-22,26.57157325744629
2016-01-25,27.05689811706543
2016-01-26,26.93556785583496
2016-01-27,26.57157325744629
2016-01-28,26.69290542602539
2016-01-29,27.4208927154541
2016-02-01,28.755538940429688
2016-02-02,28.391544342041016
2016-02-03,27.4208927154541
2016-02-15,26.69290542602539
2016-02-16,27.17823028564453
2016-02-17,27.05689811706543
2016-02-18,27.4208927154541
2016-02-19,27.4208927154541
2016-02-22,29.7261905670166
2016-02-23,29.7261905670166
2016-02-24,28.876869201660156
2016-02-25,29.7261905670166
2016-02-26,29.11953353881836
2016-03-01,29.36219596862793
2016-03-02,29.84752082824707
2016-03-03,29.6048583984375
2016-03-04,31.424829483032227
2016-03-07,31.303497314453125
2016-03-08,32.63814163208008
2016-03-09,31.667491912841797
2016-03-10,31.546161651611328
2016-03-11,31.788822174072266
2016-03-14,32.39548110961914
2016-03-15,30.939504623413086
2016-03-16,31.788822174072266
2016-03-17,30.696840286254883
2016-03-18,30.454177856445312
2016-03-21,29.6048583984375
2016-03-22,29.36219596862793
2016-03-23,28.755538940429688
2016-03-24,28.148881912231445
2016-03-25,28.270212173461914
2016-03-28,29.84752082824707
2016-03-29,28.876869201660156
2016-03-30,28.391544342041016
2016-03-31,27.299562454223633
2016-04-01,27.906219482421875
2016-04-06,27.663555145263672
2016-04-07,26.69290542602539
2016-04-08,26.20758056640625
2016-04-11,25.115596771240234
2016-04-12,26.57157325744629
2016-04-13,25.843584060668945
2016-04-14,26.69290542602539
2016-04-15,26.93556785583496
2016-04-18,26.57157325744629
2016-04-19,26.81423568725586
2016-04-20,26.32891082763672
2016-04-21,25.964916229248047
2016-04-22,25.964916229248047
2016-04-25,25.236928939819336
2016-04-26,24.751602172851562
2016-04-27,24.508939743041992
2016-04-28,23.87801742553711
2016-04-29,22.71323585510254
2016-05-03,20.5050048828125
2016-05-04,21.160194396972656
2016-05-05,22.15511131286621
2016-05-06,21.839649200439453
2016-05-09,21.596986770629883
2016-05-10,21.427122116088867
2016-05-11,21.135927200317383
2016-05-12,20.5050048828125
2016-05-13,19.413021087646484
2016-05-16,19.09756088256836
2016-05-17,19.631418228149414
2016-05-18,19.971145629882812
2016-05-19,19.607152938842773
2016-05-20,19.7042179107666
2016-05-23,20.796199798583984
2016-05-24,20.86899757385254
2016-05-25,22.058046340942383
2016-05-26,21.985246658325195
2016-05-27,21.839649200439453
2016-05-30,21.815383911132812
2016-05-31,21.863916397094727
2016-06-01,21.718318939208984
2016-06-02,21.66978645324707
2016-06-03,21.960981369018555
2016-06-06,21.57271957397461
2016-06-07,21.66978645324707
2016-06-08,23.829484939575195
2016-06-13,26.20758056640625
2016-06-14,26.32891082763672
2016-06-15,27.05689811706543
2016-06-16,26.450241088867188
2016-06-17,26.450241088867188
2016-06-20,25.843584060668945
2016-06-21,25.843584060668945
2016-06-22,26.20758056640625
2016-06-23,26.450241088867188
2016-06-24,25.479591369628906
2016-06-27,26.450241088867188
2016-06-28,28.998201370239258
2016-06-29,28.270212173461914
2016-06-30,28.148881912231445
2016-07-01,28.876869201660156
2016-07-04,30.454177856445312
2016-07-05,30.818172454833984
2016-07-06,29.6048583984375
2016-07-07,29.240863800048828
2016-07-08,29.240863800048828
2016-07-11,29.36219596862793
2016-07-12,29.36219596862793
2016-07-13,29.6048583984375
2016-07-14,29.36219596862793
2016-07-15,28.755538940429688
2016-07-18,28.755538940429688
2016-07-19,28.755538940429688
2016-07-20,29.84752082824707
2016-07-21,29.7261905670166
2016-07-22,29.7261905670166
2016-07-25,29.11953353881836
2016-07-26,29.11953353881836
2016-07-27,29.968852996826172
2016-07-28,29.968852996826172
2016-07-29,30.332847595214844
2016-08-01,30.575510025024414
2016-08-02,31.788822174072266
2016-08-03,31.303497314453125
2016-08-04,31.182167053222656
2016-08-05,31.182167053222656
2016-08-08,31.667491912841797
2016-08-09,31.182167053222656
2016-08-10,30.939504623413086
2016-08-11,30.939504623413086
2016-08-12,29.36219596862793
2016-08-15,31.667491912841797
2016-08-16,31.182167053222656
2016-08-17,30.09018325805664
2016-08-18,29.84752082824707
2016-08-19,29.6048583984375
2016-08-22,28.634206771850586
2016-08-23,28.634206771850586
2016-08-24,28.755538940429688
2016-08-25,30.211515426635742
2016-08-26,29.84752082824707
2016-08-29,29.968852996826172
2016-08-30,29.4835262298584
2016-08-31,29.36219596862793
2016-09-01,30.09018325805664
2016-09-02,29.36219596862793
2016-09-05,29.11953353881836
2016-09-06,29.36219596862793
2016-09-07,29.968852996826172
2016-09-08,29.968852996826172
2016-09-09,29.6048583984375
2016-09-12,28.755538940429688
2016-09-13,28.027549743652344
2016-09-14,28.634206771850586
2016-09-19,30.332847595214844
2016-09-20,30.211515426635742
2016-09-21,29.36219596862793
2016-09-22,29.11953353881836
2016-09-23,28.512876510620117
2016-09-26,27.784887313842773
2016-09-27,27.784887313842773
2016-09-28,27.784887313842773
2016-09-29,27.784896850585938
2016-09-30,27.784896850585938
2016-10-03,27.784896850585938
2016-10-04,27.784896850585938
2016-10-05,27.784896850585938
2016-10-06,27.784896850585938
2016-10-07,27.784896850585938
2016-10-11,27.943885803222656
2016-10-12,25.947893142700195
2016-10-13,23.951902389526367
2016-10-14,21.802371978759766
2016-10-17,21.495296478271484
2016-10-18,22.032678604125977
2016-10-19,21.879140853881836
2016-10-20,21.802371978759766
2016-10-21,23.107444763183594
2016-10-24,25.410511016845703
2016-10-25,27.943885803222656
2016-10-26,30.70756721496582
2016-10-27,33.778324127197266
2016-10-28,33.317710876464844
2016-10-31,31.782331466674805
2016-11-01,34.92985534667969
2016-11-02,38.0773811340332
2016-11-03,34.315704345703125
2016-11-04,33.01063537597656
2016-11-07,33.624786376953125
2016-11-08,32.24294662475586
2016-11-09,30.47726058959961
2016-11-10,33.01063537597656
2016-11-11,31.475255966186523
2016-11-14,31.782331466674805
2016-11-15,32.396484375
2016-11-16,32.85709762573242
2016-11-17,36.081390380859375
2016-11-18,37.00261688232422
2016-11-21,35.08339309692383
2016-11-22,34.77631759643555
2016-11-23,35.46723937988281
2016-11-24,35.31370162963867
2016-11-25,35.62077713012695
2016-11-28,34.162166595458984
2016-11-29,35.08339309692383
2016-11-30,34.315704345703125
2016-12-01,34.162166595458984
2016-12-02,32.85709762573242
2016-12-05,31.782331466674805
2016-12-06,32.3197135925293
2016-12-07,32.24294662475586
2016-12-08,32.3197135925293
2016-12-09,32.70355987548828
2016-12-12,34.622779846191406
2016-12-13,33.931861877441406
2016-12-14,33.471248626708984
2016-12-15,33.471248626708984
2016-12-16,33.24094009399414
2016-12-19,31.859100341796875
2016-12-20,31.321718215942383
2016-12-21,31.091411590576172
2016-12-22,31.168180465698242
2016-12-23,31.244949340820312
2016-12-26,31.552024841308594
2016-12-27,31.168180465698242
2016-12-28,31.705562591552734
2016-12-29,31.398487091064453
2016-12-30,31.475255966186523
2017-01-03,31.475255966186523
2017-01-04,31.859100341796875
2017-01-05,35.00662612915039
2017-01-06,33.8550910949707
2017-01-09,32.62678909301758
2017-01-10,32.78032684326172
2017-01-11,32.012638092041016
2017-01-12,32.08940887451172
2017-01-13,32.012638092041016
2017-01-16,31.244949340820312
2017-01-17,31.091411590576172
2017-01-18,31.091411590576172
2017-01-19,30.93787384033203
2017-01-20,30.861103057861328
2017-01-23,29.939876556396484
2017-01-24,29.939876556396484
2017-02-02,30.40049171447754
2017-02-03,31.0146427154541
2017-02-06,32.24294662475586
2017-02-07,32.24294662475586
2017-02-08,33.624786376953125
2017-02-09,36.081390380859375
2017-02-10,35.62077713012695
2017-02-13,33.39447784423828
2017-02-14,33.39447784423828
2017-02-15,33.1641731262207
2017-02-16,32.85709762573242
2017-02-17,32.70355987548828
2017-02-20,33.39447784423828
2017-02-21,33.08740234375
2017-02-22,33.08740234375
2017-02-23,33.39447784423828
2017-02-24,33.8550910949707
2017-03-01,33.471248626708984
2017-03-02,32.70355987548828
2017-03-03,32.55002212524414
2017-03-06,32.47325134277344
2017-03-07,32.47325134277344
2017-03-08,32.47325134277344
2017-03-09,32.08940887451172
2017-03-10,31.782331466674805
2017-03-13,31.859100341796875
2017-03-14,32.47325134277344
2017-03-15,32.3197135925293
2017-03-16,32.47325134277344
2017-03-17,32.24294662475586
2017-03-20,32.08940887451172
2017-03-21,31.628793716430664
2017-03-22,31.859100341796875
2017-03-23,32.70355987548828
2017-03-24,32.08940887451172
2017-03-27,31.628793716430664
2017-03-28,31.552024841308594
2017-03-29,31.244949340820312
2017-03-30,31.0146427154541
2017-03-31,30.861103057861328
2017-04-05,30.861103057861328
2017-04-06,31.168180465698242
2017-04-07,30.78433609008789
2017-04-10,30.246952056884766
2017-04-11,30.40049171447754
2017-04-12,30.47726058959961
2017-04-13,30.170183181762695
2017-04-14,28.71157455444336
2017-04-17,27.867116928100586
2017-04-18,27.790348052978516
2017-04-19,26.869121551513672
2017-04-20,27.022659301757812
2017-04-21,27.713579177856445
2017-04-24,27.022659301757812
2017-04-25,26.945890426635742
2017-04-26,27.022659301757812
2017-04-27,26.945890426635742
2017-04-28,26.869121551513672
2017-05-02,26.7923526763916
2017-05-03,26.254968643188477
2017-05-04,25.717586517333984
2017-05-05,25.180204391479492
2017-05-08,24.56605339050293
2017-05-09,23.644826889038086
2017-05-10,25.947893142700195
2017-05-11,28.48126792907715
2017-05-12,30.861103057861328
2017-05-15,29.479263305664062
2017-05-16,29.556032180786133
2017-05-17,29.632801055908203
2017-05-18,28.71157455444336
2017-05-19,28.71157455444336
2017-05-22,27.790348052978516
2017-05-23,28.250961303710938
2017-05-24,27.867116928100586
2017-05-25,28.174192428588867
2017-05-26,29.632801055908203
2017-05-31,28.250961303710938
2017-06-01,28.55803680419922
2017-06-02,28.8651123046875
2017-06-05,29.325725555419922
2017-06-06,29.863109588623047
2017-06-07,30.40049171447754
2017-06-08,30.093414306640625
2017-06-09,29.479263305664062
2017-06-12,29.09541893005371
2017-06-13,31.935869216918945
2017-06-14,31.0146427154541
2017-06-15,31.091411590576172
2017-06-16,32.166175842285156
2017-06-19,31.475255966186523
2017-06-20,31.168180465698242
2017-06-21,31.244949340820312
2017-06-22,31.168180465698242
2017-06-23,30.93787384033203
2017-06-26,30.861103057861328
2017-06-27,30.70756721496582
2017-06-28,30.70756721496582
2017-06-29,30.55402946472168
2017-06-30,30.93787384033203
2017-07-03,30.78433609008789
2017-07-04,30.32372283935547
2017-07-05,30.32372283935547
2017-07-06,30.93787384033203
2017-07-07,31.398487091064453
2017-07-10,29.863109588623047
2017-07-11,29.01865005493164
2017-07-12,29.402494430541992
2017-07-13,29.17218780517578
2017-07-14,29.01865005493164
2017-07-17,29.01865005493164
2017-07-18,29.325725555419922
2017-07-19,29.24895668029785
2017-07-20,29.01865005493164
2017-07-21,29.01865005493164
2017-07-24,29.709571838378906
2017-07-25,29.786340713500977
2017-07-26,31.0146427154541
2017-07-27,30.78433609008789
2017-07-28,30.40049171447754
2017-07-31,29.863109588623047
2017-08-01,30.40049171447754
2017-08-02,30.40049171447754
2017-08-03,30.093414306640625
2017-08-04,30.170183181762695
2017-08-07,32.012638092041016
2017-08-08,31.244949340820312
2017-08-09,30.861103057861328
2017-08-10,30.40049171447754
2017-08-11,29.939876556396484
2017-08-14,28.8651123046875
2017-08-15,29.17218780517578
2017-08-16,29.09541893005371
2017-08-17,29.479263305664062
2017-08-18,29.402494430541992
2017-08-21,30.78433609008789
2017-08-22,30.78433609008789
2017-08-23,30.93787384033203
2017-08-24,30.861103057861328
2017-08-25,31.091411590576172
2017-08-28,34.162166595458984
2017-08-29,37.540000915527344
2017-08-30,41.22490692138672
2017-08-31,41.45521545410156
2017-09-01,41.07136917114258
2017-09-04,40.457218170166016
2017-09-05,38.46122741699219
2017-09-06,38.537994384765625
2017-09-07,37.00261688232422
2017-09-08,37.46323013305664
2017-09-11,38.30768966674805
2017-09-12,37.3096923828125
2017-09-13,37.61676788330078
2017-09-14,41.37844467163086
2017-09-15,40.22691345214844
2017-09-18,39.38245391845703
2017-09-19,38.76830291748047
2017-09-20,38.61476516723633
2017-09-21,38.691532135009766
2017-09-22,37.3864631652832
2017-09-25,35.00662612915039
2017-09-26,34.54601287841797
2017-09-27,34.469242095947266
2017-09-28,34.92985534667969
2017-09-29,34.08539962768555
2017-10-02,35.390472412109375
2017-10-03,34.54601287841797
2017-10-05,34.77631759643555
2017-10-06,34.54601287841797
2017-10-11,36.15816116333008
2017-10-12,36.5420036315918
2017-10-13,36.388465881347656
2017-10-16,35.8510856628418
2017-10-17,35.16016387939453
2017-10-18,36.6187744140625
2017-10-19,37.00261688232422
2017-10-20,36.234928131103516
2017-10-23,36.234928131103516
2017-10-24,36.84907913208008
2017-10-25,36.388465881347656
2017-10-26,36.388465881347656
2017-10-27,35.390472412109375
2017-10-30,34.69955062866211
2017-10-31,36.081390380859375
2017-11-01,37.07938766479492
2017-11-02,36.5420036315918
2017-11-03,36.5420036315918
2017-11-06,36.84907913208008
2017-11-07,36.5420036315918
2017-11-08,36.77231216430664
2017-11-09,36.15816116333008
2017-11-10,35.62077713012695
2017-11-13,34.162166595458984
2017-11-14,34.23893737792969
2017-11-15,31.859100341796875
2017-11-16,32.24294662475586
2017-11-17,31.782331466674805
2017-11-20,31.0146427154541
2017-11-21,31.935869216918945
2017-11-22,31.475255966186523
2017-11-23,32.166175842285156
2017-11-24,31.398487091064453
2017-11-27,31.705562591552734
2017-11-28,31.935869216918945
2017-11-29,31.628793716430664
2017-11-30,31.398487091064453
2017-12-01,30.70756721496582
2017-12-04,30.093414306640625
2017-12-05,29.556032180786133
2017-12-06,30.093414306640625
2017-12-07,29.632801055908203
2017-12-08,29.709571838378906
2017-12-11,30.93787384033203
2017-12-12,30.246952056884766
2017-12-13,30.55402946472168
2017-12-14,30.70756721496582
2017-12-15,30.55402946472168
2017-12-18,30.70756721496582
2017-12-19,30.246952056884766
2017-12-20,30.55402946472168
2017-12-21,30.32372283935547
2017-12-22,30.246952056884766
2017-12-25,29.863109588623047
2017-12-26,29.479263305664062
2017-12-27,29.709571838378906
2017-12-28,29.709571838378906
2017-12-29,29.632801055908203
2018-01-02,29.556032180786133
2018-01-03,30.170183181762695
2018-01-04,29.939876556396484
2018-01-05,30.55402946472168
2018-01-08,30.40049171447754
2018-01-09,30.246952056884766
2018-01-10,29.939876556396484
2018-01-11,29.786340713500977
2018-01-12,29.709571838378906
2018-01-15,29.709571838378906
2018-01-16,30.246952056884766
2018-01-17,30.016645431518555
2018-01-18,29.939876556396484
2018-01-19,30.170183181762695
2018-01-22,29.939876556396484
2018-01-23,29.632801055908203
2018-01-24,29.479263305664062
2018-01-25,29.325725555419922
2018-01-26,28.8651123046875
2018-01-29,28.8651123046875
2018-01-30,29.01865005493164
2018-01-31,28.404499053955078
2018-02-01,28.097423553466797
2018-02-02,27.483272552490234
2018-02-05,27.099428176879883
2018-02-06,24.48928451538086
2018-02-07,25.180204391479492
2018-02-08,24.56605339050293
2018-02-09,24.33574676513672
2018-02-12,24.79636001586914
2018-02-21,25.794355392456055
2018-02-22,25.794355392456055
2018-02-23,26.10143280029297
2018-02-26,25.717586517333984
2018-02-27,25.947893142700195
2018-03-01,26.178199768066406
2018-03-02,26.485275268554688
2018-03-05,27.022659301757812
2018-03-06,27.406503677368164
2018-03-07,27.022659301757812
2018-03-08,27.022659301757812
2018-03-09,27.17619514465332
2018-03-12,27.022659301757812
2018-03-13,27.252965927124023
2018-03-14,27.022659301757812
2018-03-15,27.483272552490234
2018-03-16,26.945890426635742
2018-03-19,26.869121551513672
2018-03-20,26.254968643188477
2018-03-21,26.178199768066406
2018-03-22,25.794355392456055
2018-03-23,24.94989776611328
2018-03-26,24.71959114074707
2018-03-27,25.564048767089844
2018-03-28,25.180204391479492
2018-03-29,25.103435516357422
2018-03-30,25.487279891967773
2018-04-02,28.174192428588867
2018-04-03,28.55803680419922
2018-04-09,27.099428176879883
2018-04-10,26.562044143676758
2018-04-11,26.945890426635742
2018-04-12,26.63881492614746
2018-04-13,26.331737518310547
2018-04-16,25.640817642211914
2018-04-17,25.103435516357422
2018-04-18,25.103435516357422
2018-04-19,25.333742141723633
2018-04-20,25.103435516357422
2018-04-23,24.87312889099121
2018-04-24,24.56605339050293
2018-04-25,24.56605339050293
2018-04-26,24.48928451538086
2018-04-27,24.56605339050293
2018-04-30,24.87312889099121
2018-05-02,24.33574676513672
2018-05-03,24.41251564025879
2018-05-04,24.105440139770508
2018-05-07,24.182209014892578
2018-05-08,23.951902389526367
2018-05-09,23.951902389526367
2018-05-10,24.028671264648438
2018-05-11,23.798364639282227
2018-05-14,23.568056106567383
2018-05-15,23.030675888061523
2018-05-16,23.260982513427734
2018-05-17,24.105440139770508
2018-05-18,23.951902389526367
2018-05-21,23.951902389526367
2018-05-22,23.568056106567383
2018-05-23,23.414518356323242
2018-05-24,23.491287231445312
2018-05-25,23.184213638305664
2018-05-28,23.414518356323242
2018-05-29,23.337751388549805
2018-05-30,23.107444763183594
2018-05-31,23.337751388549805
2018-06-01,23.721595764160156
2018-06-04,23.491287231445312
2018-06-05,25.794355392456055
2018-06-06,25.410511016845703
2018-06-07,25.410511016845703
2018-06-08,25.180204391479492
2018-06-11,25.717586517333984
2018-06-12,25.410511016845703
2018-06-13,25.333742141723633
2018-06-14,24.87312889099121
2018-06-15,24.48928451538086
2018-06-19,24.25897789001465
2018-06-20,24.028671264648438
2018-06-21,23.875133514404297
2018-06-22,23.644826889038086
2018-06-25,23.337751388549805
2018-06-26,23.107444763183594
2018-06-27,23.030675888061523
2018-06-28,23.875133514404297
2018-06-29,23.875133514404297
2018-07-02,23.337751388549805
2018-07-03,23.107444763183594
2018-07-04,23.184213638305664
2018-07-05,22.72359848022461
2018-07-06,22.41652488708496
2018-07-09,22.64682960510254
2018-07-10,22.95390510559082
2018-07-11,22.87713623046875
2018-07-12,23.337751388549805
2018-07-13,23.491287231445312
2018-07-16,23.184213638305664
2018-07-17,23.107444763183594
2018-07-18,22.87713623046875
2018-07-19,22.87713623046875
2018-07-20,22.64682960510254
2018-07-23,22.262985229492188
2018-07-24,22.4932918548584
2018-07-25,22.41652488708496
2018-07-26,22.57006072998047
2018-07-27,22.339754104614258
2018-07-30,22.41652488708496
2018-07-31,22.41652488708496
2018-08-01,22.339754104614258
2018-08-02,22.109447479248047
2018-08-03,22.109447479248047
2018-08-06,22.032678604125977
2018-08-07,21.802371978759766
2018-08-08,21.648834228515625
2018-08-09,21.572065353393555
2018-08-10,21.495296478271484
2018-08-13,20.574068069458008
2018-08-14,21.188220977783203
2018-08-15,20.957914352416992
2018-08-16,20.957914352416992
2018-08-17,21.034683227539062
2018-08-20,18.96192169189453
2018-08-21,18.65484619140625
2018-08-22,18.80838394165039
2018-08-23,18.88515281677246
2018-08-24,19.268997192382812
2018-08-27,18.96192169189453
2018-08-28,18.88515281677246
2018-08-29,18.88515281677246
2018-08-30,18.96192169189453
2018-08-31,18.73161506652832
2018-09-03,18.34777069091797
2018-09-04,18.34777069091797
2018-09-05,17.810388565063477
2018-09-06,19.576074600219727
2018-09-07,18.96192169189453
2018-09-10,18.117464065551758
2018-09-11,18.65484619140625
2018-09-12,18.117464065551758
2018-09-13,18.117464065551758
2018-09-14,18.194232940673828
2018-09-17,18.2710018157959
2018-09-18,18.194232940673828
2018-09-19,18.117464065551758
2018-09-20,17.963926315307617
2018-09-21,17.349775314331055
2018-09-25,17.349775314331055
2018-09-26,17.349775314331055
2018-09-27,17.273006439208984
2018-09-28,17.196237564086914
2018-10-01,17.426544189453125
2018-10-02,17.426544189453125
2018-10-03,18.57807731628418
2018-10-04,18.57807731628418
2018-10-05,19.268997192382812
2018-10-08,18.50130844116211
2018-10-09,18.50130844116211
2018-10-11,16.965930938720703
2018-10-12,17.196237564086914
2018-10-15,17.656850814819336
2018-10-16,18.040695190429688
2018-10-17,18.040695190429688
2018-10-18,17.810388565063477
2018-10-19,17.426544189453125
2018-10-22,17.656850814819336
2018-10-23,17.426544189453125
2018-10-24,17.119468688964844
2018-10-25,16.198240280151367
2018-10-26,15.814396858215332
2018-10-29,15.584090232849121
2018-10-30,15.50732135772705
2018-10-31,15.660859107971191
2018-11-01,16.121471405029297
2018-11-02,16.198240280151367
2018-11-05,15.737627983093262
2018-11-06,15.737627983093262
2018-11-07,15.737627983093262
2018-11-08,15.891164779663086
2018-11-09,15.50732135772705
2018-11-12,15.353782653808594
2018-11-13,15.184890747070312
2018-11-14,15.430551528930664
2018-11-15,14.969938278198242
2018-11-16,14.616801261901855
2018-11-19,14.739631652832031
2018-11-20,14.43255615234375
2018-11-21,14.43255615234375
2018-11-22,14.44791030883789
2018-11-23,14.632155418395996
2018-11-26,15.000645637512207
2018-11-27,15.015999794006348
2018-11-28,15.430551528930664
2018-11-29,15.353782653808594
2018-11-30,15.292367935180664
2018-12-03,15.660859107971191
2018-12-04,15.353782653808594
2018-12-05,15.230953216552734
2018-12-06,14.325079917907715
2018-12-07,14.49397087097168
2018-12-10,14.27901840209961
2018-12-11,14.186896324157715
2018-12-12,14.55538558959961
2018-12-13,14.386494636535645
2018-12-14,14.002650260925293
2018-12-17,13.710927963256836
2018-12-18,13.43455982208252
2018-12-19,13.31173038482666
2018-12-20,12.943239212036133
2018-12-21,13.035362243652344
2018-12-24,13.020008087158203
2018-12-25,12.712931632995605
2018-12-26,12.835762977600098
2018-12-27,14.110127449035645
2018-12-28,13.51132869720459
2019-01-02,13.204253196716309
2019-01-03,13.281022071838379
2019-01-04,12.973946571350098
2019-01-07,13.480621337890625
2019-01-08,13.37314510345459
2019-01-09,13.31173038482666
2019-01-10,13.342436790466309
2019-01-11,13.142837524414062
2019-01-14,13.127484321594238
2019-01-15,13.250314712524414
2019-01-16,13.818405151367188
2019-01-17,13.695573806762695
2019-01-18,13.879819869995117
2019-01-21,13.849111557006836
2019-01-22,13.756990432739258
2019-01-23,13.680220603942871
2019-01-24,13.849111557006836
2019-01-25,13.818405151367188
2019-01-28,13.803050994873047
2019-01-29,13.803050994873047
2019-01-30,13.864465713500977
2019-02-11,13.864465713500977
2019-02-12,13.987296104431152
2019-02-13,13.895174026489258
2019-02-14,13.879819869995117
2019-02-15,13.634159088134766
2019-02-18,13.664867401123047
2019-02-19,13.726282119750977
2019-02-20,13.695573806762695
2019-02-21,15.062061309814453
2019-02-22,16.50531768798828
2019-02-25,17.196237564086914
2019-02-26,16.735624313354492
2019-02-27,17.273006439208984
2019-03-04,16.812393188476562
2019-03-05,16.812393188476562
2019-03-06,16.42854881286621
2019-03-07,15.967933654785156
2019-03-08,17.119468688964844
2019-03-11,18.80838394165039
2019-03-12,18.50130844116211
2019-03-13,18.57807731628418
2019-03-14,19.115459442138672
2019-03-15,20.03668785095215
2019-03-18,19.422536849975586
2019-03-19,18.96192169189453
2019-03-20,20.80437660217285
2019-03-21,22.262985229492188
2019-03-22,21.264989852905273
2019-03-25,20.11345672607422
2019-03-26,19.959917068481445
2019-03-27,20.881145477294922
2019-03-28,20.26699447631836
2019-03-29,19.422536849975586
2019-04-01,19.652841567993164
2019-04-02,19.652841567993164
2019-04-03,19.806379318237305
2019-04-08,19.883148193359375
2019-04-09,19.115459442138672
2019-04-10,18.73161506652832
2019-04-11,18.2710018157959
2019-04-12,18.2710018157959
2019-04-15,18.57807731628418
2019-04-16,20.4205322265625
2019-04-17,20.4205322265625
2019-04-18,19.0386905670166
2019-04-19,18.96192169189453
2019-04-22,19.0386905670166
2019-04-23,18.88515281677246
2019-04-24,18.57807731628418
2019-04-25,18.65484619140625
2019-04-26,17.963926315307617
2019-04-29,17.349775314331055
2019-04-30,17.580081939697266
2019-05-02,17.656850814819336
2019-05-03,17.656850814819336
2019-05-06,17.042699813842773
2019-05-07,16.965930938720703
2019-05-08,16.275009155273438
2019-05-09,16.198240280151367
2019-05-10,15.967933654785156
2019-05-13,15.323076248168945
2019-05-14,15.50732135772705
2019-05-15,15.891164779663086
2019-05-16,15.430551528930664
2019-05-17,15.323076248168945
2019-05-20,15.184890747070312
2019-05-21,16.658855438232422
2019-05-22,15.891164779663086
2019-05-23,16.044702529907227
2019-05-24,15.891164779663086
2019-05-27,15.814396858215332
2019-05-28,16.275009155273438
2019-05-29,16.121471405029297
2019-05-30,16.044702529907227
2019-05-31,16.275009155273438
2019-06-03,16.50531768798828
2019-06-04,17.042699813842773
2019-06-05,17.042699813842773
2019-06-06,17.119468688964844
2019-06-10,16.812393188476562
2019-06-11,16.50531768798828
2019-06-12,16.35177993774414
2019-06-13,16.275009155273438
2019-06-14,16.58208656311035
2019-06-17,17.426544189453125
2019-06-18,19.115459442138672
2019-06-19,19.959917068481445
2019-06-20,19.499305725097656
2019-06-21,19.268997192382812
2019-06-24,19.115459442138672
2019-06-25,18.194232940673828
2019-06-26,19.115459442138672
2019-06-27,18.80838394165039
2019-06-28,18.65484619140625
2019-07-01,18.73161506652832
2019-07-02,19.806379318237305
2019-07-03,19.192228317260742
2019-07-04,18.96192169189453
2019-07-05,19.0386905670166
2019-07-08,18.65484619140625
2019-07-09,18.194232940673828
2019-07-10,18.2710018157959
2019-07-11,18.194232940673828
2019-07-12,17.963926315307617
2019-07-15,18.2710018157959
2019-07-16,18.2710018157959
2019-07-17,18.2710018157959
2019-07-18,18.117464065551758
2019-07-19,18.117464065551758
2019-07-22,18.194232940673828
2019-07-23,18.2710018157959
2019-07-24,18.34777069091797
2019-07-25,18.2710018157959
2019-07-26,18.040695190429688
2019-07-29,17.810388565063477
2019-07-30,17.196237564086914
2019-07-31,17.196237564086914
2019-08-01,17.042699813842773
2019-08-02,16.735624313354492
2019-08-05,16.42854881286621
2019-08-06,16.121471405029297
2019-08-07,16.121471405029297
2019-08-08,16.42854881286621
2019-08-12,16.121471405029297
2019-08-13,15.967933654785156
2019-08-14,15.891164779663086
2019-08-15,15.814396858215332
2019-08-16,16.58208656311035
2019-08-19,16.35177993774414
2019-08-20,16.198240280151367
2019-08-21,16.42854881286621
2019-08-22,16.198240280151367
2019-08-23,16.121471405029297
2019-08-26,15.814396858215332
2019-08-27,15.660859107971191
2019-08-28,15.891164779663086
2019-08-29,15.891164779663086
2019-08-30,16.121471405029297
2019-09-02,16.275009155273438
2019-09-03,16.35177993774414
2019-09-04,16.35177993774414
2019-09-05,16.42854881286621
2019-09-06,16.50531768798828
2019-09-10,16.121471405029297
2019-09-11,16.044702529907227
2019-09-12,16.275009155273438
2019-09-16,17.426544189453125
2019-09-17,16.735624313354492
2019-09-18,16.88916015625
2019-09-19,16.658855438232422
2019-09-20,16.812393188476562
2019-09-23,17.196237564086914
2019-09-24,18.040695190429688
2019-09-25,17.273006439208984
2019-09-26,17.349775314331055
2019-09-27,16.965930938720703
2019-10-01,16.58208656311035
2019-10-02,16.35177993774414
2019-10-03,16.198240280151367
2019-10-04,15.967933654785156
2019-10-07,15.891164779663086
2019-10-08,15.891164779663086
2019-10-09,16.198240280151367
2019-10-14,15.967933654785156
2019-10-15,15.891164779663086
2019-10-16,16.121471405029297
2019-10-17,15.967933654785156
2019-10-18,15.814396858215332
2019-10-21,15.891164779663086
2019-10-22,16.198240280151367
2019-10-23,16.198240280151367
2019-10-24,16.121471405029297
2019-10-25,16.121471405029297
2019-10-28,15.891164779663086
2019-10-29,15.891164779663086
2019-10-30,15.891164779663086
2019-10-31,15.660859107971191
2019-11-01,15.967933654785156
2019-11-04,15.891164779663086
2019-11-05,15.737627983093262
2019-11-06,15.660859107971191
2019-11-07,15.660859107971191
2019-11-08,15.584090232849121
2019-11-11,15.660859107971191
2019-11-12,15.660859107971191
2019-11-13,15.660859107971191
2019-11-14,15.584090232849121
2019-11-15,15.430551528930664
2019-11-18,15.092768669128418
2019-11-19,15.000645637512207
2019-11-20,15.154184341430664
2019-11-21,14.893170356750488
2019-11-22,15.062061309814453
2019-11-25,15.184890747070312
2019-11-26,15.154184341430664
2019-11-27,15.000645637512207
2019-11-28,14.969938278198242
2019-11-29,14.908522605895996
2019-12-02,14.801047325134277
2019-12-03,14.55538558959961
2019-12-04,14.202248573303223
2019-12-05,14.340433120727539
2019-12-06,14.43255615234375
2019-12-09,14.893170356750488
2019-12-10,14.58609390258789
2019-12-11,14.739631652832031
2019-12-12,14.616801261901855
2019-12-13,14.478616714477539
2019-12-16,14.678216934204102
2019-12-17,14.678216934204102
2019-12-18,14.739631652832031
2019-12-19,14.57073974609375
2019-12-20,14.662862777709961
2019-12-23,14.923876762390137
2019-12-24,14.923876762390137
2019-12-25,14.862462043762207
2019-12-26,14.739631652832031
2019-12-27,14.58609390258789
2019-12-30,14.386494636535645
2019-12-31,14.325079917907715
2020-01-02,14.325079917907715
2020-01-03,14.171542167663574
2020-01-06,13.956588745117188
2020-01-07,13.895174026489258
2020-01-08,13.649513244628906
2020-01-09,14.44791030883789
2020-01-10,14.171542167663574
2020-01-13,14.232956886291504
2020-01-14,14.217602729797363
2020-01-15,14.27901840209961
2020-01-16,14.140833854675293
2020-01-17,14.140833854675293
2020-01-20,13.971942901611328
2020-01-30,12.743639945983887
2020-01-31,12.712931632995605
2020-02-03,12.605456352233887
2020-02-04,12.835762977600098
2020-02-05,12.820408821105957
2020-02-06,12.897177696228027
2020-02-07,12.728285789489746
2020-02-10,12.651516914367676
2020-02-11,12.743639945983887
2020-02-12,12.789701461791992
2020-02-13,12.743639945983887
2020-02-14,12.774347305297852
2020-02-17,12.697579383850098
2020-02-18,12.651516914367676
2020-02-19,12.743639945983887
2020-02-20,12.697579383850098
2020-02-21,12.666871070861816
2020-02-24,12.559393882751465
2020-02-25,12.3905029296875
2020-02-26,12.206256866455078
2020-02-27,12.098780632019043
2020-03-02,11.914536476135254
2020-03-03,11.975951194763184
2020-03-04,11.991304397583008
2020-03-05,11.960597038269043
2020-03-06,11.837766647338867
2020-03-09,11.100785255432129
2020-03-10,10.962600708007812
2020-03-11,10.686232566833496
2020-03-12,9.688237190246582
2020-03-13,8.813071250915527
2020-03-16,8.905194282531738
2020-03-17,8.367812156677246
2020-03-18,7.600121974945068
2020-03-19,6.863141059875488
2020-03-20,7.523353099822998
2020-03-23,7.139509201049805
2020-03-24,7.600121974945068
2020-03-25,7.8611369132995605
2020-03-26,7.630829811096191
2020-03-27,7.70759916305542
2020-03-30,7.8611369132995605
2020-03-31,7.815074920654297
2020-04-01,7.907197952270508
2020-04-06,7.722952842712402
2020-04-07,7.799722194671631
2020-04-08,8.567411422729492
2020-04-09,9.411869049072266
2020-04-10,9.365806579589844
2020-04-13,9.350454330444336
2020-04-14,9.365806579589844
2020-04-15,9.503992080688477
2020-04-16,9.473283767700195
2020-04-17,9.457929611206055
2020-04-20,9.411869049072266
2020-04-21,9.104792594909668
2020-04-22,8.951254844665527
2020-04-23,9.089439392089844
2020-04-24,9.181562423706055
2020-04-27,9.457929611206055
2020-04-28,9.534699440002441
2020-04-29,9.795713424682617
2020-04-30,9.811066627502441
2020-05-04,9.749651908874512
2020-05-05,9.872482299804688
2020-05-06,10.225619316101074
2020-05-07,10.34844970703125
2020-05-08,10.317742347717285
2020-05-11,10.594109535217285
2020-05-12,10.640172004699707
2020-05-13,10.670879364013672
2020-05-14,11.730290412902832
2020-05-15,10.916540145874023
2020-05-18,11.054723739624023
2020-05-19,11.285030364990234
2020-05-20,11.131492614746094
2020-05-21,11.1775541305542
2020-05-22,10.916540145874023
2020-05-25,10.486634254455566
2020-05-26,10.855124473571777
2020-05-27,10.732294082641602
2020-05-28,10.732294082641602
2020-05-29,10.640172004699707
2020-06-01,10.609463691711426
2020-06-02,10.609463691711426
2020-06-03,10.747648239135742
2020-06-04,10.931893348693848
2020-06-05,11.024016380310059
2020-06-08,11.100785255432129
2020-06-09,11.11613941192627
2020-06-10,11.070076942443848
2020-06-11,10.778355598449707
2020-06-12,10.578756332397461
2020-06-15,10.732294082641602
2020-06-16,10.885831832885742
2020-06-17,10.993309020996094
2020-06-18,11.070076942443848
2020-06-19,11.11613941192627
2020-06-22,11.1775541305542
2020-06-23,11.1775541305542
2020-06-24,11.223614692687988
2020-06-29,11.070076942443848
2020-06-30,11.100785255432129
2020-07-01,11.146845817565918
2020-07-02,11.699583053588867
2020-07-03,11.730290412902832
2020-07-06,12.190903663635254
2020-07-07,11.929888725280762
2020-07-08,12.359794616699219
2020-07-09,12.359794616699219
2020-07-10,12.221611022949219
2020-07-13,12.37514877319336
2020-07-14,12.2523193359375
2020-07-15,12.052720069885254
2020-07-16,11.991304397583008
2020-07-17,11.807059288024902
2020-07-20,11.592105865478516
2020-07-21,11.515336990356445
2020-07-22,12.129488945007324
2020-07-23,11.960597038269043
2020-07-24,11.546045303344727
2020-07-27,11.223614692687988
2020-07-28,11.162199974060059
2020-07-29,11.25432300567627
2020-07-30,11.285030364990234
2020-07-31,11.34644603729248
2020-08-03,11.300383567810059
2020-08-04,11.40786075592041
2020-08-05,11.48462963104248
2020-08-06,11.438568115234375
2020-08-07,11.438568115234375
2020-08-10,11.438568115234375
2020-08-11,12.574748039245605
2020-08-12,13.818405151367188
2020-08-13,14.969938278198242
2020-08-14,14.524679183959961
2020-08-17,14.140833854675293
2020-08-18,15.50732135772705
2020-08-19,16.121471405029297
2020-08-20,14.908522605895996
2020-08-21,15.430551528930664
2020-08-24,16.88916015625
2020-08-25,18.34777069091797
2020-08-26,18.57807731628418
2020-08-27,18.194232940673828
2020-08-28,17.273006439208984
2020-08-31,17.503313064575195
2020-09-01,18.88515281677246
2020-09-02,18.65484619140625
2020-09-03,17.963926315307617
2020-09-04,17.503313064575195
2020-09-07,17.196237564086914
2020-09-08,17.196237564086914
2020-09-09,17.349775314331055
2020-09-10,16.58208656311035
2020-09-11,15.967933654785156
2020-09-14,16.35177993774414
2020-09-15,16.35177993774414
2020-09-16,16.044702529907227
2020-09-17,15.967933654785156
2020-09-18,17.042699813842773
2020-09-21,16.58208656311035
2020-09-22,17.273006439208984
2020-09-23,17.042699813842773
2020-09-24,16.658855438232422
2020-09-25,15.891164779663086
2020-09-28,15.814396858215332
2020-09-29,16.198240280151367
2020-09-30,16.275009155273438
2020-10-05,16.121471405029297
2020-10-06,17.733619689941406
2020-10-07,19.499305725097656
2020-10-08,20.19022560119629
2020-10-12,19.345766067504883
2020-10-13,18.65484619140625
2020-10-14,20.49730110168457
2020-10-15,22.4932918548584
2020-10-16,23.030675888061523
2020-10-19,22.339754104614258
2020-10-20,24.56605339050293
2020-10-21,26.408506393432617
2020-10-22,26.254968643188477
2020-10-23,27.406503677368164
2020-10-26,27.17619514465332
2020-10-27,26.485275268554688
2020-10-28,25.564048767089844
2020-10-29,27.329734802246094
2020-10-30,26.254968643188477
2020-11-02,25.717586517333984
2020-11-03,25.333742141723633
2020-11-04,24.71959114074707
2020-11-05,25.103435516357422
2020-11-06,24.71959114074707
2020-11-09,24.94989776611328
2020-11-10,23.260982513427734
2020-11-11,22.80036735534668
2020-11-12,22.72359848022461
2020-11-13,22.262985229492188
2020-11-16,24.48928451538086
2020-11-17,25.640817642211914
2020-11-18,25.333742141723633
2020-11-19,25.333742141723633
2020-11-20,24.25897789001465
2020-11-23,24.105440139770508
2020-11-24,23.644826889038086
2020-11-25,23.644826889038086
2020-11-26,25.947893142700195
2020-11-27,25.103435516357422
2020-11-30,24.87312889099121
2020-12-01,25.717586517333984
2020-12-02,25.410511016845703
2020-12-03,24.642822265625
2020-12-04,24.56605339050293
2020-12-07,23.568056106567383
2020-12-08,25.871124267578125
2020-12-09,26.485275268554688
2020-12-10,25.794355392456055
2020-12-11,24.94989776611328
2020-12-14,26.562044143676758
2020-12-15,25.410511016845703
2020-12-16,25.947893142700195
2020-12-17,25.947893142700195
2020-12-18,25.103435516357422
2020-12-21,25.180204391479492
2020-12-22,24.642822265625
2020-12-23,25.02666664123535
2020-12-24,27.483272552490234
2020-12-25,30.170183181762695
2020-12-28,33.1641731262207
2020-12-29,35.8510856628418
2020-12-30,39.15214920043945
2020-12-31,41.22490692138672
2021-01-04,41.6087532043457
2021-01-05,40.610755920410156
2021-01-06,39.53599166870117
2021-01-07,38.46122741699219
2021-01-08,40.68752670288086
2021-01-11,41.22490692138672
2021-01-12,40.22691345214844
2021-01-13,41.07136917114258
2021-01-14,45.14012145996094
2021-01-15,48.82503128051758
2021-01-18,50.59071731567383
2021-01-19,47.21288299560547
2021-01-20,44.9865837097168
2021-01-21,42.99059295654297
2021-01-22,42.83705520629883
2021-01-25,42.2996711730957
2021-01-26,39.84306716918945
2021-01-27,43.75828170776367
2021-01-28,44.679508209228516
2021-01-29,42.60675048828125
2021-02-01,40.303680419921875
2021-02-02,41.45521545410156
2021-02-03,40.38045120239258
2021-02-04,38.384456634521484
2021-02-05,36.92584991455078
2021-02-17,40.610755920410156
2021-02-18,44.218894958496094
2021-02-19,43.527976989746094
2021-02-22,44.06535720825195
2021-02-23,46.06135177612305
2021-02-24,43.91181945800781
2021-02-25,43.988590240478516
2021-02-26,43.988590240478516
2021-03-02,42.99059295654297
2021-03-03,45.29365921020508
2021-03-04,45.447200775146484
2021-03-05,44.60274124145508
2021-03-08,43.45120620727539
2021-03-09,43.91181945800781
2021-03-10,43.06736373901367
2021-03-11,44.679508209228516
2021-03-12,44.218894958496094
2021-03-15,45.37042999267578
2021-03-16,49.89979553222656
2021-03-17,54.889774322509766
2021-03-18,55.35038757324219
2021-03-19,60.877750396728516
2021-03-22,60.877750396728516
2021-03-23,58.114070892333984
2021-03-24,56.88576889038086
2021-03-25,55.88777160644531
2021-03-26,58.4979133605957
2021-03-29,57.8069953918457
2021-03-30,63.56466293334961
2021-03-31,64.48589324951172
2021-04-01,70.93447875976562
2021-04-07,81.06797790527344
2021-04-08,78.45783233642578
2021-04-09,73.69815826416016
2021-04-12,71.54862976074219
2021-04-13,71.9324722290039
2021-04-14,68.1707992553711
2021-04-15,70.32032775878906
2021-04-16,72.08601379394531
2021-04-19,71.16478729248047
2021-04-20,72.16278076171875
2021-04-21,76.1547622680664
2021-04-22,70.62740325927734
2021-04-23,73.0840072631836
2021-04-26,67.78695678710938
2021-04-27,65.25357818603516
2021-04-28,63.10404968261719
2021-04-29,62.182823181152344
2021-05-03,58.03730010986328
2021-05-04,63.41112518310547
2021-05-05,58.34437561035156
2021-05-06,56.808998107910156
2021-05-07,62.336360931396484
2021-05-10,59.112064361572266
2021-05-11,53.20085906982422
2021-05-12,47.903804779052734
2021-05-13,46.82904052734375
2021-05-14,46.21488952636719
2021-05-17,41.762290954589844
2021-05-18,45.90781021118164
2021-05-19,49.05533981323242
2021-05-20,46.445194244384766
2021-05-21,48.67149353027344
2021-05-24,49.13210678100586
2021-05-25,54.045318603515625
2021-05-26,51.51194381713867
2021-05-27,51.58871078491211
2021-05-28,52.0493278503418
2021-05-31,53.5847053527832
2021-06-01,55.42715835571289
2021-06-02,52.433170318603516
2021-06-03,52.66347885131836
2021-06-04,50.667484283447266
2021-06-07,50.43717956542969
2021-06-08,50.0533332824707
2021-06-09,50.0533332824707
2021-06-10,49.59272003173828
2021-06-11,49.43918228149414
2021-06-15,51.20486831665039
2021-06-16,56.2716178894043
2021-06-17,61.87574768066406
2021-06-18,65.40711975097656
2021-06-21,61.41513442993164
2021-06-22,67.55664825439453
2021-06-23,67.09603118896484
2021-06-24,66.40511322021484
2021-06-25,65.25357818603516
2021-06-28,63.79497146606445
2021-06-29,61.49190139770508
2021-06-30,62.56666946411133
2021-07-01,60.570674896240234
2021-07-02,64.6394271850586
2021-07-05,63.71820068359375
2021-07-06,62.182823181152344
2021-07-07,62.643436431884766
2021-07-08,62.7202033996582
2021-07-09,62.10605239868164
2021-07-12,68.24756622314453
2021-07-13,71.39509582519531
2021-07-14,68.32433319091797
2021-07-15,67.24957275390625
2021-07-16,67.32633972167969
2021-07-19,65.71419525146484
2021-07-20,62.25959014892578
2021-07-21,61.72220993041992
2021-07-22,64.02527618408203
2021-07-23,66.48188018798828
2021-07-26,73.0840072631836
2021-07-27,67.24957275390625
2021-07-28,65.94450378417969
2021-07-29,65.63742065429688
2021-07-30,64.17881774902344
2021-08-02,65.17681121826172
2021-08-03,64.94650268554688
2021-08-04,65.56065368652344
2021-08-05,70.01325225830078
2021-08-06,67.24957275390625
2021-08-09,64.6394271850586
2021-08-10,63.948509216308594
2021-08-11,62.25959014892578
2021-08-12,62.7202033996582
2021-08-13,63.71820068359375
2021-08-16,60.64744567871094
2021-08-17,60.64744567871094
2021-08-18,59.87975311279297
2021-08-19,59.265602111816406
2021-08-20,57.730224609375
2021-08-23,59.41914367675781
2021-08-24,58.72822189331055
2021-08-25,59.726219177246094
2021-08-26,58.958526611328125
2021-08-27,59.03529739379883
2021-08-30,58.88175964355469
2021-08-31,58.34437561035156
2021-09-01,59.726219177246094
2021-09-02,57.88376235961914
2021-09-03,56.808998107910156
2021-09-06,54.429161071777344
2021-09-07,53.43116760253906
2021-09-08,52.279632568359375
2021-09-09,52.7402458190918
2021-09-10,53.12409210205078
2021-09-13,52.586708068847656
2021-09-14,51.28163528442383
2021-09-15,54.429161071777344
2021-09-16,52.20286560058594
2021-09-17,53.81501007080078
2021-09-22,52.0493278503418
2021-09-23,52.126094818115234
2021-09-24,53.04732131958008
2021-09-27,53.5847053527832
2021-09-28,52.20286560058594
2021-09-29,50.360408782958984
2021-09-30,50.667484283447266
2021-10-01,47.21288299560547
2021-10-04,45.984580993652344
2021-10-05,47.05934524536133
2021-10-06,46.21488952636719
2021-10-07,48.364418029785156
2021-10-08,49.43918228149414
2021-10-12,47.05934524536133
2021-10-13,46.98257827758789
2021-10-14,49.20887756347656
2021-10-15,49.20887756347656
2021-10-18,50.74425506591797
2021-10-19,50.89779281616211
2021-10-20,51.20486831665039
2021-10-21,50.667484283447266
2021-10-22,51.51194381713867
2021-10-25,51.81901931762695
2021-10-26,51.43517303466797
2021-10-27,51.58871078491211
2021-10-28,50.513946533203125
2021-10-29,48.97856903076172
2021-11-01,52.50993728637695
2021-11-02,50.821022033691406
2021-11-03,48.44118881225586
2021-11-04,47.51995849609375
2021-11-05,47.903804779052734
2021-11-08,47.36642074584961
2021-11-09,47.59672927856445
2021-11-10,48.28764724731445
2021-11-11,48.44118881225586
2021-11-12,49.13210678100586
2021-11-15,50.130104064941406
2021-11-16,49.976566314697266
2021-11-17,49.59272003173828
2021-11-18,49.43918228149414
2021-11-19,50.360408782958984
2021-11-22,53.5847053527832
2021-11-23,50.28364181518555
2021-11-24,49.59272003173828
2021-11-25,49.89979553222656
2021-11-26,48.5179557800293
2021-11-29,47.44319152832031
2021-11-30,47.51995849609375
2021-12-01,47.51995849609375
2021-12-02,47.21288299560547
2021-12-03,47.59672927856445
2021-12-06,47.21288299560547
2021-12-07,47.750267028808594
2021-12-08,47.98057174682617
2021-12-09,47.67349624633789
2021-12-10,47.28965377807617
2021-12-13,50.667484283447266
2021-12-14,50.43717956542969
2021-12-15,48.82503128051758
2021-12-16,48.057342529296875
2021-12-17,47.750267028808594
2021-12-20,47.44319152832031
2021-12-21,47.82703399658203
2021-12-22,48.97856903076172
2021-12-23,48.5179557800293
2021-12-24,48.44118881225586
2021-12-27,47.98057174682617
2021-12-28,47.98057174682617
2021-12-29,48.057342529296875
2021-12-30,47.750267028808594
2022-01-03,47.750267028808594
2022-01-04,47.44319152832031
2022-01-05,52.126094818115234
2022-01-06,52.20286560058594
2022-01-07,49.43918228149414
2022-01-10,47.98057174682617
2022-01-11,47.36642074584961
2022-01-12,45.754276275634766
2022-01-13,45.447200775146484
2022-01-14,43.75828170776367
2022-01-17,45.37042999267578
2022-01-18,44.44920349121094
2022-01-19,43.91181945800781
2022-01-20,44.142127990722656
2022-01-21,43.75828170776367
2022-01-24,42.14613342285156
2022-01-25,41.14813995361328
2022-01-26,41.99259948730469
2022-02-07,42.99059295654297
2022-02-08,44.218894958496094
2022-02-09,44.2956657409668
2022-02-10,43.37443923950195
2022-02-11,43.22090148925781
2022-02-14,41.68552017211914
2022-02-15,41.6087532043457
2022-02-16,41.83906173706055
2022-02-17,41.762290954589844
2022-02-18,41.762290954589844
2022-02-21,41.762290954589844
2022-02-22,41.30167770385742
2022-02-23,41.30167770385742
2022-02-24,39.07537841796875
2022-02-25,38.61476516723633
2022-03-01,39.53599166870117
2022-03-02,39.38245391845703
2022-03-03,39.38245391845703
2022-03-04,38.76830291748047
2022-03-07,37.61676788330078
2022-03-08,36.388465881347656
2022-03-09,35.774314880371094
2022-03-10,37.00261688232422
2022-03-11,36.234928131103516
2022-03-14,36.31169891357422
2022-03-15,34.23893737792969
2022-03-16,34.008628845214844
2022-03-17,35.62077713012695
2022-03-18,36.234928131103516
2022-03-21,37.07938766479492
2022-03-22,36.46523666381836
2022-03-23,36.31169891357422
2022-03-24,37.00261688232422
2022-03-25,36.6187744140625
2022-03-28,35.62077713012695
2022-03-29,35.62077713012695
2022-03-30,39.15214920043945
2022-03-31,42.14613342285156
2022-04-01,40.610755920410156
2022-04-06,39.22891616821289
2022-04-07,41.762290954589844
2022-04-08,41.14813995361328
2022-04-11,39.07537841796875
2022-04-12,39.15214920043945
2022-04-13,39.15214920043945
2022-04-14,38.691532135009766
2022-04-15,38.691532135009766
2022-04-18,37.46323013305664
2022-04-19,37.3864631652832
2022-04-20,38.0773811340332
2022-04-21,38.23092269897461
2022-04-22,37.61374282836914
2022-04-25,35.282310485839844
2022-04-26,35.360023498535156
2022-04-27,34.427452087402344
2022-04-28,34.505165100097656
2022-04-29,34.427452087402344
2022-05-03,34.66059494018555
2022-05-04,38.08002853393555
2022-05-05,41.11088562011719
2022-05-06,38.85717010498047
2022-05-09,35.90402603149414
2022-05-10,35.98173904418945
2022-05-11,34.89373779296875
2022-05-12,34.27202224731445
2022-05-13,35.04916763305664
2022-05-16,34.89373779296875
2022-05-17,35.04916763305664
2022-05-18,36.52574157714844
2022-05-19,35.437740325927734
2022-05-20,35.51545333862305
2022-05-23,36.214881896972656
2022-05-24,35.437740325927734
2022-05-25,38.93488311767578
2022-05-26,35.20459747314453
2022-05-27,35.360023498535156
2022-05-30,35.282310485839844
2022-05-31,34.97145462036133
2022-06-01,35.437740325927734
2022-06-02,35.12688064575195
2022-06-06,34.97145462036133
2022-06-07,34.97145462036133
2022-06-08,34.89373779296875
2022-06-09,35.12688064575195
2022-06-10,34.738311767578125
2022-06-13,33.80573654174805
2022-06-14,33.49488067626953
2022-06-15,33.10630798339844
2022-06-16,32.95087814331055
2022-06-17,32.09602355957031
2022-06-20,29.531448364257812
2022-06-21,31.00802230834961
2022-06-22,29.920021057128906
2022-06-23,29.764591217041016
2022-06-24,29.920021057128906
2022-06-27,30.541736602783203
2022-06-28,30.075450897216797
2022-06-29,29.4537353515625
2022-06-30,27.821733474731445
2022-07-01,26.422876358032227
2022-07-04,26.112018585205078
2022-07-05,26.65601921081543
2022-07-06,25.024017333984375
2022-07-07,25.878875732421875
2022-07-08,26.422876358032227
2022-07-11,25.878875732421875
2022-07-12,24.790874481201172
2022-07-13,25.334875106811523
2022-07-14,25.568017959594727
2022-07-15,25.645732879638672
2022-07-18,26.34516143798828
2022-07-19,26.189733505249023
2022-07-20,27.277734756469727
2022-07-21,27.588590621948242
2022-07-22,27.821733474731445
2022-07-25,27.433162689208984
2022-07-26,26.578304290771484
2022-07-27,26.966875076293945
2022-07-28,26.811447143554688
2022-07-29,26.889162063598633
2022-08-01,27.122304916381836
2022-08-02,26.112018585205078
2022-08-03,25.568017959594727
2022-08-04,25.10173225402832
2022-08-05,25.645732879638672
2022-08-08,25.878875732421875
2022-08-09,26.034303665161133
2022-08-10,26.65601921081543
2022-08-11,26.811447143554688
2022-08-12,26.966875076293945
2022-08-15,27.666305541992188
2022-08-16,27.666305541992188
2022-08-17,27.666305541992188
2022-08-18,28.443449020385742
2022-08-19,28.75430679321289
2022-08-22,28.132591247558594
2022-08-23,28.05487632751465
2022-08-24,28.598876953125
2022-08-25,31.39659309387207
2022-08-26,34.03887939453125
2022-08-29,31.940593719482422
2022-08-30,33.26173782348633
2022-08-31,32.48459243774414
2022-09-01,31.318878173828125
2022-09-02,30.774879455566406
2022-09-05,29.84230613708496
2022-09-06,28.987449645996094
2022-09-07,28.443449020385742
2022-09-08,28.521163940429688
2022-09-12,28.90973472595215
2022-09-13,28.75430679321289
2022-09-14,28.28801918029785
2022-09-15,31.085735321044922
2022-09-16,30.30859375
2022-09-19,29.220592498779297
2022-09-20,31.474308013916016
2022-09-21,31.085735321044922
2022-09-22,31.241165161132812
2022-09-23,30.230878829956055
2022-09-26,29.14287757873535
2022-09-27,29.4537353515625
2022-09-28,27.89944839477539
2022-09-29,29.29830551147461
2022-09-30,29.220592498779297
2022-10-03,28.90973472595215
2022-10-04,28.987449645996094
2022-10-05,28.987449645996094
2022-10-06,31.86288070678711
2022-10-07,33.184024810791016
2022-10-11,34.27202224731445
2022-10-12,33.41716766357422
2022-10-13,31.70745086669922
2022-10-14,34.81602478027344
2022-10-17,35.51545333862305
2022-10-18,33.96116638183594
2022-10-19,32.018306732177734
2022-10-20,31.785165786743164
2022-10-21,30.930307388305664
2022-10-24,30.30859375
2022-10-25,30.69716453552246
2022-10-26,32.79545211791992
2022-10-27,33.883453369140625
2022-10-28,32.173736572265625
2022-10-31,32.48459243774414
2022-11-01,32.329166412353516
2022-11-02,32.64002227783203
2022-11-03,31.474308013916016
2022-11-04,32.329166412353516
2022-11-07,32.95087814331055
2022-11-08,34.19430923461914
2022-11-09,33.49488067626953
2022-11-10,32.56230926513672
2022-11-11,33.26173782348633
2022-11-14,33.26173782348633
2022-11-15,32.717735290527344
2022-11-16,31.940593719482422
2022-11-17,32.64002227783203
2022-11-18,31.70745086669922
2022-11-21,32.018306732177734
2022-11-22,31.318878173828125
2022-11-23,31.474308013916016
2022-11-24,31.318878173828125
2022-11-25,30.85259246826172
2022-11-28,30.85259246826172
2022-11-29,31.55202293395996
2022-11-30,31.085735321044922
2022-12-01,31.785165786743164
2022-12-02,34.738311767578125
2022-12-05,33.728023529052734
2022-12-06,32.25144958496094
2022-12-07,31.163450241088867
2022-12-08,31.474308013916016
2022-12-09,31.629737854003906
2022-12-12,31.241165161132812
2022-12-13,31.39659309387207
2022-12-14,31.474308013916016
2022-12-15,31.241165161132812
2022-12-16,31.00802230834961
2022-12-19,30.85259246826172
2022-12-20,29.29830551147461
2022-12-21,29.609163284301758
2022-12-22,29.920021057128906
2022-12-23,29.609163284301758
2022-12-26,29.686878204345703
2022-12-27,29.376020431518555
2022-12-28,28.987449645996094
2022-12-29,28.75430679321289
2022-12-30,28.75430679321289
2023-01-03,28.676591873168945
2023-01-04,28.676591873168945
2023-01-05,28.521163940429688
2023-01-06,28.521163940429688
2023-01-09,28.90973472595215
2023-01-10,28.75430679321289
2023-01-11,28.90973472595215
2023-01-12,28.521163940429688
2023-01-13,28.28801918029785
2023-01-16,28.21030616760254
2023-01-17,28.05487632751465
2023-01-30,28.521163940429688
2023-01-31,29.531448364257812
2023-02-01,29.376020431518555
2023-02-02,29.84230613708496
2023-02-03,29.609163284301758
2023-02-06,29.764591217041016
2023-02-07,29.686878204345703
2023-02-08,30.15316390991211
2023-02-09,29.686878204345703
2023-02-10,29.376020431518555
2023-02-13,29.065162658691406
2023-02-14,28.90973472595215
2023-02-15,28.598876953125
2023-02-16,28.75430679321289
2023-02-17,28.75430679321289
2023-02-20,29.531448364257812
2023-02-21,29.376020431518555
2023-02-22,28.832019805908203
2023-02-23,29.29830551147461
2023-02-24,29.065162658691406
2023-03-01,28.832019805908203
2023-03-02,28.75430679321289
2023-03-03,28.832019805908203
2023-03-06,29.376020431518555
2023-03-07,30.30859375
2023-03-08,30.15316390991211
2023-03-09,29.764591217041016
2023-03-10,29.065162658691406
2023-03-13,28.75430679321289
2023-03-14,28.676591873168945
2023-03-15,28.598876953125
2023-03-16,28.21030616760254
2023-03-17,28.28801918029785
2023-03-20,28.21030616760254
2023-03-21,28.598876953125
2023-03-22,28.75430679321289
2023-03-23,28.443449020385742
2023-03-24,28.676591873168945
2023-03-27,28.676591873168945
2023-03-28,28.21030616760254
2023-03-29,28.443449020385742
2023-03-30,28.521163940429688
2023-03-31,28.365734100341797
2023-04-06,28.21030616760254
2023-04-07,28.28801918029785
2023-04-10,28.28801918029785
2023-04-11,28.365734100341797
2023-04-12,28.598876953125
2023-04-13,28.75430679321289
2023-04-14,28.676591873168945
2023-04-17,28.443449020385742
2023-04-18,29.14287757873535
2023-04-19,28.75430679321289
2023-04-20,30.541736602783203
2023-04-21,30.464021682739258
2023-04-24,29.376020431518555
2023-04-25,28.365734100341797
2023-04-26,28.676591873168945
2023-04-27,28.676591873168945
2023-04-28,28.521163940429688
2023-05-02,28.598876953125
2023-05-03,28.521163940429688
2023-05-04,28.28801918029785
2023-05-05,28.676591873168945
2023-05-08,25.878875732421875
2023-05-09,23.70287322998047
2023-05-10,23.858301162719727
2023-05-11,22.537158966064453
2023-05-12,22.226301193237305
2023-05-15,21.9931583404541
2023-05-16,22.226301193237305
2023-05-17,22.30401611328125
2023-05-18,22.226301193237305
2023-05-19,21.837730407714844
2023-05-22,22.30401611328125
2023-05-23,22.537158966064453
2023-05-24,23.780588150024414
2023-05-25,23.158872604370117
2023-05-26,22.6148738861084
2023-05-29,22.69258689880371
2023-05-30,23.469730377197266
2023-05-31,23.236587524414062
2023-06-01,23.625158309936523
2023-06-02,23.54744529724121
2023-06-05,23.625158309936523
2023-06-06,23.081159591674805
2023-06-07,23.314302444458008
2023-06-08,22.8480167388916
2023-06-09,22.770301818847656
2023-06-12,22.381729125976562
2023-06-13,22.381729125976562
2023-06-14,21.9931583404541
2023-06-15,21.9931583404541
2023-06-16,22.381729125976562
2023-06-19,22.6148738861084
2023-06-20,22.30401611328125
2023-06-21,22.537158966064453
2023-06-26,21.9931583404541
2023-06-27,21.837730407714844
2023-06-28,21.837730407714844
2023-06-29,21.9931583404541
2023-06-30,21.7600154876709
2023-07-03,21.371444702148438
2023-07-04,20.982872009277344
2023-07-05,20.827442169189453
2023-07-06,20.672014236450195
2023-07-07,20.361156463623047
2023-07-10,20.982872009277344
2023-07-11,20.672014236450195
2023-07-12,20.438871383666992
2023-07-13,19.817157745361328
2023-07-14,19.04001235961914
2023-07-17,20.9051570892334
2023-07-18,22.925729751586914
2023-07-19,23.236587524414062
2023-07-20,22.14858627319336
2023-07-21,22.459444046020508
2023-07-24,21.837730407714844
2023-07-25,21.9931583404541
2023-07-26,21.837730407714844
2023-07-27,21.9931583404541
2023-07-28,21.7600154876709
2023-07-31,21.60458755493164
2023-08-01,21.216014862060547
2023-08-02,21.293729782104492
2023-08-04,21.60458755493164
2023-08-07,21.44915771484375
2023-08-08,21.138301849365234
2023-08-09,20.982872009277344
2023-08-10,20.361156463623047
2023-08-11,20.128013610839844
2023-08-14,19.35087013244629
2023-08-15,19.273155212402344
2023-08-16,18.962299346923828
2023-08-17,20.827442169189453
2023-08-18,21.44915771484375
2023-08-21,20.74972915649414
2023-08-22,20.361156463623047
2023-08-23,20.20572853088379
2023-08-24,20.74972915649414
2023-08-25,20.672014236450195
2023-08-28,20.438871383666992
2023-08-29,20.982872009277344
2023-08-30,21.293729782104492
2023-08-31,22.69258689880371
2023-09-01,22.14858627319336
2023-09-04,23.314302444458008
2023-09-05,23.858301162719727
2023-09-06,24.94630241394043
2023-09-07,24.24687385559082
2023-09-08,24.091445922851562
2023-09-11,22.30401611328125
2023-09-12,21.915443420410156
2023-09-13,22.30401611328125
2023-09-14,22.537158966064453
2023-09-15,21.837730407714844
2023-09-18,22.381729125976562
2023-09-19,22.14858627319336
2023-09-20,22.226301193237305
2023-09-21,22.30401611328125
2023-09-22,23.625158309936523
2023-09-25,23.081159591674805
2023-09-26,22.226301193237305
2023-09-27,21.682300567626953
2023-09-28,21.60458755493164
2023-10-02,21.216014862060547
2023-10-03,21.526872634887695
2023-10-04,21.526872634887695
2023-10-05,21.44915771484375
2023-10-06,21.60458755493164
2023-10-11,20.74972915649414
2023-10-12,20.128013610839844
2023-10-13,20.438871383666992
2023-10-16,20.43886947631836
2023-10-17,20.43886947631836
2023-10-18,20.43886947631836
2023-10-19,20.43886947631836
2023-10-20,20.43886947631836
2023-10-23,18.600000381469727
2023-10-24,17.899999618530273
2023-10-25,18.299999237060547
2023-10-26,17.899999618530273
2023-10-27,17.799999237060547
2023-10-30,17.049999237060547
2023-10-31,16.5
2023-11-01,16.700000762939453
2023-11-02,17.25
2023-11-03,17.0
2023-11-06,17.200000762939453
2023-11-07,17.100000381469727
2023-11-08,17.0
2023-11-09,16.899999618530273
2023-11-10,17.149999618530273
2023-11-13,16.700000762939453
2023-11-14,16.899999618530273
2023-11-15,18.549999237060547
2023-11-16,18.549999237060547
2023-11-17,20.399999618530273
2023-11-20,22.399999618530273
2023-11-21,22.850000381469727
2023-11-22,22.200000762939453
2023-11-23,22.5
2023-11-24,21.799999237060547
2023-11-27,22.149999618530273
2023-11-28,22.200000762939453
2023-11-29,23.399999618530273
2023-11-30,23.700000762939453
2023-12-01,23.5
2023-12-04,23.450000762939453
2023-12-05,23.049999237060547
2023-12-06,22.850000381469727
2023-12-07,23.549999237060547
2023-12-08,23.399999618530273
2023-12-11,23.75
2023-12-12,23.149999618530273
2023-12-13,22.700000762939453
2023-12-14,23.399999618530273
2023-12-15,25.5
2023-12-18,24.350000381469727
2023-12-19,23.100000381469727
2023-12-20,23.600000381469727
2023-12-21,23.5
2023-12-22,23.549999237060547
2023-12-25,24.200000762939453
2023-12-26,24.350000381469727
2023-12-27,24.5
2023-12-28,24.200000762939453
2023-12-29,24.350000381469727
2024-01-02,24.049999237060547
2024-01-03,23.75
2024-01-04,23.600000381469727
2024-01-05,23.75
2024-01-08,24.200000762939453
2024-01-09,23.850000381469727
2024-01-10,23.450000762939453
2024-01-11,24.200000762939453
2024-01-12,23.799999237060547
2024-01-15,26.149999618530273
2024-01-16,28.0
2024-01-17,26.75
2024-01-18,27.549999237060547
2024-01-19,26.100000381469727
2024-01-22,26.649999618530273
2024-01-23,29.299999237060547
2024-01-24,31.700000762939453
2024-01-25,29.850000381469727
2024-01-26,30.0
2024-01-29,30.049999237060547
2024-01-30,29.600000381469727
2024-01-31,29.200000762939453
2024-02-01,28.350000381469727
2024-02-02,28.049999237060547
2024-02-05,27.350000381469727
2024-02-15,28.950000762939453
2024-02-16,28.950000762939453
2024-02-19,29.950000762939453
2024-02-20,30.0
2024-02-21,30.399999618530273
2024-02-22,29.399999618530273
2024-02-23,29.0
2024-02-26,29.75
2024-02-27,27.799999237060547
2024-02-29,27.600000381469727
2024-03-01,27.350000381469727
2024-03-04,27.549999237060547
2024-03-05,27.649999618530273
2024-03-06,25.100000381469727
2024-03-07,25.75
2024-03-08,24.850000381469727
2024-03-11,24.5
2024-03-12,25.0
2024-03-13,24.649999618530273
2024-03-14,25.149999618530273
2024-03-15,25.350000381469727
2024-03-18,24.950000762939453
2024-03-19,24.799999237060547
2024-03-20,24.100000381469727
2024-03-21,24.100000381469727
2024-03-22,24.100000381469727
2024-03-25,24.399999618530273
2024-03-26,23.700000762939453
2024-03-27,23.799999237060547
2024-03-28,26.149999618530273
2024-03-29,25.549999237060547
2024-04-01,25.100000381469727
2024-04-02,25.100000381469727
2024-04-03,24.5
2024-04-08,24.350000381469727
2024-04-09,24.799999237060547
2024-04-10,25.649999618530273
2024-04-11,25.049999237060547
2024-04-12,25.049999237060547
2024-04-15,24.399999618530273
2024-04-16,23.700000762939453
2024-04-17,24.100000381469727
2024-04-18,23.899999618530273
2024-04-19,22.850000381469727
2024-04-22,23.100000381469727
2024-04-23,23.200000762939453
2024-04-24,23.25
2024-04-25,22.799999237060547
2024-04-26,22.75
2024-04-29,23.200000762939453
2024-04-30,23.600000381469727
2024-05-02,23.350000381469727
2024-05-03,23.200000762939453
2024-05-06,23.549999237060547
2024-05-07,23.799999237060547
2024-05-08,24.5
2024-05-09,24.200000762939453
2024-05-10,23.950000762939453
2024-05-13,23.549999237060547
2024-05-14,23.600000381469727
2024-05-15,23.450000762939453
2024-05-16,24.0
2024-05-17,24.149999618530273
2024-05-20,23.399015426635742
2024-05-21,23.399015426635742
2024-05-22,23.87654685974121
2024-05-23,24.35407829284668
2024-05-24,23.924299240112305
2024-05-27,24.927114486694336
2024-05-28,25.25
2024-05-29,25.600000381469727
2024-05-30,25.200000762939453
2024-05-31,25.0
2024-06-03,24.950000762939453
2024-06-04,23.799999237060547
2024-06-05,23.799999237060547
2024-06-06,23.850000381469727
2024-06-07,24.5
2024-06-11,24.100000381469727
2024-06-12,24.5
2024-06-13,24.350000381469727
2024-06-14,26.75
2024-06-17,28.950000762939453
2024-06-18,28.100000381469727
2024-06-19,26.549999237060547
2024-06-20,27.299999237060547
2024-06-21,27.200000762939453
2024-06-24,29.799999237060547
2024-06-25,30.700000762939453
2024-06-26,33.0
2024-06-27,31.450000762939453
2024-06-28,30.899999618530273
2024-07-01,30.350000381469727
2024-07-02,30.649999618530273
2024-07-03,30.850000381469727
2024-07-04,30.5
2024-07-05,32.0
2024-07-08,31.75
2024-07-09,30.200000762939453
2024-07-10,30.0
2024-07-11,30.5
2024-07-12,30.0
2024-07-15,29.899999618530273
2024-07-16,30.0
2024-07-17,29.899999618530273
2024-07-18,30.100000381469727
2024-07-19,27.100000381469727
2024-07-22,25.600000381469727
2024-07-23,25.299999237060547
2024-07-26,25.0
2024-07-29,24.350000381469727
2024-07-30,24.850000381469727
2024-07-31,25.200000762939453
2024-08-01,25.649999618530273
2024-08-02,24.850000381469727
2024-08-05,22.399999618530273
2024-08-06,21.299999237060547
2024-08-07,22.350000381469727
2024-08-08,21.700000762939453
2024-08-09,21.850000381469727
2024-08-12,22.149999618530273
2024-08-13,21.850000381469727
2024-08-14,22.049999237060547
2024-08-15,21.950000762939453
2024-08-16,22.450000762939453
2024-08-19,22.5
2024-08-20,22.450000762939453
2024-08-21,22.799999237060547
2024-08-22,23.149999618530273
2024-08-23,25.450000762939453
2024-08-26,27.950000762939453
2024-08-27,28.0
2024-08-28,30.799999237060547
2024-08-29,30.049999237060547
2024-08-30,33.04999923706055
2024-09-02,31.149999618530273
2024-09-03,30.299999237060547
2024-09-04,28.100000381469727
2024-09-05,28.799999237060547
2024-09-06,28.299999237060547
2024-09-09,27.950000762939453
2024-09-10,28.0
2024-09-11,27.299999237060547
2024-09-12,29.299999237060547
2024-09-13,30.850000381469727
2024-09-16,30.799999237060547
2024-09-18,30.049999237060547
2024-09-19,30.75
2024-09-20,31.200000762939453
2024-09-23,34.29999923706055
2024-09-24,33.75
2024-09-25,34.599998474121094
2024-09-26,35.95000076293945
2024-09-27,36.400001525878906
2024-09-30,35.0
2024-10-01,36.599998474121094
2024-10-04,35.0
2024-10-07,38.5
2024-10-08,38.349998474121094
2024-10-09,42.150001525878906
2024-10-11,40.5
2024-10-14,44.54999923706055
2024-10-15,44.25
2024-10-16,45.5
2024-10-17,46.0
2024-10-18,43.150001525878906
2024-10-21,44.650001525878906
2024-10-22,44.400001525878906
2024-10-23,44.5
2024-10-24,42.25
2024-10-25,41.29999923706055
2024-10-28,39.5
2024-10-29,39.29999923706055
2024-10-30,38.95000076293945
2024-11-01,39.0
2024-11-04,38.0
2024-11-05,39.25
2024-11-06,39.25
2024-11-07,39.79999923706055
2024-11-08,38.54999923706055
2024-11-11,36.45000076293945
2024-11-12,36.04999923706055
2024-11-13,35.70000076293945
2024-11-14,36.29999923706055
2024-11-15,35.349998474121094
2024-11-18,33.5
2024-11-19,34.29999923706055
2024-11-20,34.0
2024-11-21,33.599998474121094
2024-11-22,35.150001525878906
2024-11-25,34.79999923706055
2024-11-26,33.5
2024-11-27,31.700000762939453
2024-11-28,31.299999237060547
2024-11-29,31.75
2024-12-02,32.25
2024-12-03,32.900001525878906
2024-12-04,32.45000076293945
2024-12-05,32.099998474121094
2024-12-06,31.700000762939453
2024-12-09,32.20000076293945
2024-12-10,32.45000076293945
2024-12-11,32.29999923706055
2024-12-12,32.75
2024-12-13,31.100000381469727
2024-12-16,30.549999237060547
2024-12-17,30.899999618530273
2024-12-18,31.799999237060547
2024-12-19,31.549999237060547
2024-12-20,31.399999618530273
2024-12-23,32.099998474121094
2024-12-24,31.450000762939453
2024-12-25,33.79999923706055
2024-12-26,34.45000076293945
2024-12-27,32.849998474121094
2024-12-30,34.25
2024-12-31,33.25
2025-01-02,33.0
2025-01-03,31.700000762939453
2025-01-06,34.0
2025-01-07,34.0
2025-01-08,33.25
2025-01-09,33.20000076293945
2025-01-10,32.349998474121094
2025-01-13,30.350000381469727
2025-01-14,31.049999237060547
2025-01-15,31.399999618530273
2025-01-16,31.450000762939453
2025-01-17,30.600000381469727
2025-01-20,31.25
2025-01-21,31.0
2025-01-22,31.450000762939453
2025-02-03,30.700000762939453
2025-02-04,31.0
2025-02-05,31.299999237060547
2025-02-06,31.700000762939453
2025-02-07,31.700000762939453
2025-02-10,31.549999237060547
2025-02-11,31.799999237060547
2025-02-12,31.600000381469727
2025-02-13,32.0
2025-02-14,32.150001525878906
2025-02-17,31.899999618530273
2025-02-18,32.400001525878906
2025-02-19,35.599998474121094
2025-02-20,36.349998474121094
2025-02-21,35.25
2025-02-24,35.29999923706055
2025-02-25,35.79999923706055
2025-02-26,36.20000076293945
2025-02-27,35.45000076293945
2025-03-03,34.900001525878906
2025-03-04,35.95000076293945
2025-03-05,36.70000076293945
2025-03-06,36.400001525878906
2025-03-07,37.0
2025-03-10,37.099998474121094
2025-03-11,36.100807189941406
2025-03-12,37.511756896972656
2025-03-13,36.198116302490234
2025-03-14,36.003501892089844
2025-03-17,34.933128356933594
2025-03-18,35.12773895263672
2025-03-19,35.76023483276367
2025-03-20,35.650001525878906
2025-03-21,35.099998474121094
2025-03-24,34.0
2025-03-25,34.54999923706055
2025-03-26,34.650001525878906
2025-03-27,34.099998474121094
2025-03-28,32.849998474121094
2025-03-31,30.450000762939453
2025-04-01,30.950000762939453
2025-04-02,31.549999237060547
2025-04-07,28.399999618530273
2025-04-08,26.350000381469727
2025-04-09,24.649999618530273
2025-04-10,27.100000381469727
2025-04-11,29.049999237060547
2025-04-14,29.700000762939453
2025-04-15,30.200000762939453
2025-04-16,30.149999618530273
2025-04-17,29.799999237060547
2025-04-18,30.0
2025-04-21,29.149999618530273
2025-04-22,31.799999237060547
2025-04-23,31.450000762939453
2025-04-24,30.450000762939453
2025-04-25,31.25
2025-04-28,30.75
2025-04-29,31.350000381469727
2025-04-30,30.799999237060547
2025-05-02,31.100000381469727
2025-05-05,31.450000762939453
2025-05-06,31.25
2025-05-07,31.25
2025-05-08,31.450000762939453
2025-05-09,31.450000762939453
2025-05-12,34.54999923706055
2025-05-13,36.70000076293945
2025-05-14,39.5
2025-05-15,39.95000076293945
2025-05-16,38.04999923706055
2025-05-19,37.95000076293945
2025-05-20,35.849998474121094
2025-05-21,36.20000076293945
2025-05-22,35.20000076293945
2025-05-23,35.650001525878906
2025-05-26,34.04999923706055
2025-05-27,34.04999923706055
2025-05-28,33.900001525878906
2025-05-29,32.5
2025-06-02,31.700000762939453
2025-06-03,32.5
2025-06-04,32.20000076293945
2025-06-05,32.599998474121094
2025-06-06,34.75
2025-06-09,33.70000076293945
2025-06-10,33.95000076293945
2025-06-11,34.150001525878906
2025-06-12,33.099998474121094
2025-06-13,32.400001525878906
2025-06-16,32.150001525878906
2025-06-17,32.099998474121094
2025-06-18,32.20000076293945
2025-06-19,31.0
2025-06-20,32.0
2025-06-23,31.100000381469727
2025-06-24,34.20000076293945
2025-06-25,33.0
2025-06-26,32.900001525878906
2025-06-27,33.04999923706055
2025-06-30,31.600000381469727
2025-07-01,31.450000762939453
2025-07-02,31.399999618530273
2025-07-03,31.549999237060547
2025-07-04,30.75
2025-07-07,30.450000762939453
2025-07-08,30.399999618530273
2025-07-09,30.299999237060547
2025-07-10,30.299999237060547
2025-07-11,30.299999237060547
2025-07-14,30.100000381469727
2025-07-15,30.100000381469727
2025-07-16,30.200000762939453
2025-07-17,30.299999237060547
2025-07-18,30.049999237060547
2025-07-21,30.0
2025-07-22,30.700000762939453
2025-07-23,30.75
2025-07-24,31.149999618530273
2025-07-25,30.549999237060547
2025-07-28,30.899999618530273
2025-07-29,30.149999618530273
2025-07-30,30.25
2025-07-31,30.25
2025-08-04,31.0
2025-08-05,31.5
2025-08-06,30.799999237060547
2025-08-07,30.649999618530273
2025-08-08,31.75
2025-08-11,31.25
2025-08-12,31.399999618530273
2025-08-13,32.599998474121094
2025-08-14,32.5
2025-08-15,33.04999923706055
2025-08-18,35.25
2025-08-19,34.20000076293945
2025-08-20,33.849998474121094
2025-08-21,35.20000076293945
2025-08-22,35.599998474121094
2025-08-25,36.45000076293945
2025-08-26,35.900001525878906
2025-08-27,39.45000076293945
2025-08-28,38.5
2025-08-29,39.400001525878906
2025-09-01,38.849998474121094
2025-09-02,39.5
2025-09-03,39.45000076293945
2025-09-04,38.79999923706055
2025-09-05,39.29999923706055
2025-09-08,39.29999923706055
2025-09-09,37.54999923706055
2025-09-10,37.54999923706055
2025-09-11,37.650001525878906
2025-09-12,35.79999923706055
2025-09-15,35.400001525878906
2025-09-16,38.900001525878906
2025-09-17,38.900001525878906
2025-09-18,41.75
2025-09-19,41.900001525878906
2025-09-22,44.5
2025-09-23,44.29999923706055
2025-09-24,42.70000076293945
2025-09-25,42.45000076293945
2025-09-26,41.0
2025-09-30,41.54999923706055
2025-10-01,43.400001525878906
2025-10-02,43.29999923706055
2025-10-03,43.79999923706055
2025-10-07,44.70000076293945
2025-10-08,46.20000076293945
2025-10-09,45.150001525878906
2025-10-13,42.54999923706055
2025-10-14,40.79999923706055
2025-10-15,40.400001525878906
2025-10-16,39.70000076293945
2025-10-17,37.70000076293945
2025-10-20,38.70000076293945
2025-10-21,38.349998474121094
2025-10-22,38.45000076293945
2025-10-23,37.650001525878906
2025-10-27,38.150001525878906
2025-10-28,37.45000076293945
2025-10-29,37.900001525878906
2025-10-30,36.849998474121094
2025-10-31,36.599998474121094
2025-11-03,37.5
2025-11-04,36.45000076293945
2025-11-05,36.95000076293945
2025-11-06,39.349998474121094
2025-11-07,38.599998474121094
2025-11-10,38.54999923706055
2025-11-11,37.0
2025-11-12,37.70000076293945
2025-11-13,37.099998474121094
2025-11-14,36.45000076293945
2025-11-17,34.70000076293945
2025-11-18,34.099998474121094
2025-11-19,33.75
2025-11-20,34.79999923706055
2025-11-21,34.29999923706055
2025-11-24,33.650001525878906
2025-11-25,34.29999923706055
2025-11-26,35.0
2025-11-27,34.70000076293945
2025-11-28,34.70000076293945
2025-12-01,34.0
2025-12-02,33.75
2025-12-03,34.0
2025-12-04,34.599998474121094
2025-12-05,34.150001525878906
2025-12-08,33.849998474121094
2025-12-09,34.04999923706055
2025-12-10,33.400001525878906
2025-12-11,33.849998474121094
2025-12-12,34.400001525878906
2025-12-15,33.54999923706055
2025-12-16,33.599998474121094
2025-12-17,34.150001525878906
2025-12-18,33.400001525878906
2025-12-19,33.54999923706055
2025-12-22,34.04999923706055
2025-12-23,33.5
2025-12-24,33.70000076293945
2025-12-26,32.54999923706055
2025-12-29,35.099998474121094
2025-12-30,34.54999923706055
2025-12-31,35.20000076293945
2026-01-02,38.70000076293945
2026-01-05,39.54999923706055
2026-01-06,38.900001525878906
2026-01-07,39.599998474121094
2026-01-08,40.70000076293945
2026-01-09,41.400001525878906
2026-01-12,44.70000076293945
2026-01-13,45.599998474121094
2026-01-14,43.79999923706055
2026-01-15,45.099998474121094
2026-01-16,44.400001525878906
2026-01-19,47.95000076293945
2026-01-20,51.79999923706055
2026-01-21,55.29999923706055
2026-01-22,59.400001525878906
2026-01-23,59.29999923706055
2026-01-26,57.400001525878906
2026-01-27,54.79999923706055
2026-01-28,60.20000076293945
2026-01-29,54.900001525878906
2026-01-30,52.400001525878906
2026-02-02,51.900001525878906
2026-02-03,51.400001525878906
2026-02-04,52.29999923706055
2026-02-05,50.79999923706055
2026-02-06,48.900001525878906
2026-02-09,53.70000076293945
2026-02-10,50.400001525878906
2026-02-11,49.20000076293945
2026-02-23,52.79999923706055
2026-02-24,52.599998474121094
2026-02-25,53.20000076293945
2026-02-26,52.599998474121094
2026-03-02,52.70000076293945
2026-03-03,55.599998474121094
2026-03-04,50.099998474121094
2026-03-05,51.29999923706055
2026-03-06,51.79999923706055
2026-03-09,48.150001525878906
2026-03-10,47.599998474121094
2026-03-11,48.04999923706055
2026-03-12,46.400001525878906
2026-03-13,46.5
2026-03-16,47.0
2026-03-17,46.400001525878906
2026-03-18,45.54999923706055
2026-03-19,44.5
2026-03-20,45.75
2026-03-23,45.04999923706055
2026-03-24,42.849998474121094
2026-03-25,44.099998474121094
2026-03-26,46.599998474121094
2026-03-27,46.0
2026-03-30,45.29999923706055
2026-03-31,43.54999923706055
2026-04-01,45.150001525878906
2026-04-02,43.5
2026-04-07,41.45000076293945
2026-04-08,43.45000076293945
2026-04-09,40.79999923706055
2026-04-10,41.400001525878906
2026-04-13,41.650001525878906
2026-04-14,43.0
2026-04-15,42.0
2026-04-16,42.099998474121094
2026-04-17,42.29999923706055
2026-04-20,46.5
2026-04-21,46.29999923706055
2026-04-22,45.0
2026-04-23,42.04999923706055
2026-04-24,43.099998474121094
2026-04-27,44.349998474121094
2026-04-28,43.400001525878906
2026-04-29,47.70000076293945
2026-04-30,47.29999923706055
2026-05-04,50.900001525878906
2026-05-05,48.599998474121094
2026-05-06,49.5
2026-05-07,50.900001525878906
2026-05-08,48.25
2026-05-11,50.5
2026-05-12,51.400001525878906
2026-05-13,55.70000076293945
2026-05-14,53.900001525878906
2026-05-15,57.400001525878906
2026-05-18,59.0
2026-05-19,57.79999923706055
2026-05-20,56.0
2026-05-21,56.599998474121094
2026-05-22,59.099998474121094
2026-05-25,65.0
2026-05-26,68.0
2026-05-27,65.4000015258789
2026-05-28,67.0999984741211
2026-05-29,71.19999694824219
2026-06-01,78.30000305175781
2026-06-02,86.0999984741211
2026-06-03,90.80000305175781
2026-06-04,91.0
2026-06-05,90.80000305175781
2026-06-08,86.80000305175781
2026-06-09,87.19999694824219
2026-06-10,82.19999694824219
2026-06-11,80.5
2026-06-12,83.0
2026-06-15,87.4000015258789
2026-06-16,88.0
2026-06-17,93.69999694824219
2026-06-18,95.0
2026-06-22,104.5
2026-06-23,94.0999984741211
2026-06-24,102.0
2026-06-25,100.0
2026-06-26,97.80000305175781
2026-06-29,92.69999694824219
2026-06-30,101.5
2026-07-01,94.0
2026-07-02,90.5
2026-07-03,87.19999694824219
2026-07-06,87.9000015258789
2026-07-07,80.95555114746094
2026-07-08,80.29814147949219
2026-07-09,84.05477905273438
2026-07-10,84.05477905273438
2026-07-13,86.6844253540039
2026-07-14,81.98863220214844
2026-07-15,84.71218872070312
2026-07-16,87.81141662597656
2026-07-17,79.5999984741211
2026-07-20,76.19999694824219
2026-07-21,76.30000305175781
2026-07-22,72.80000305175781
2026-07-23,68.5
2026-07-24,69.5999984741211
2026-07-27,68.4000015258789
2026-07-28,68.0999984741211
2026-07-29,64.69999694824219
2026-07-30,61.70000076293945
2026-07-31,65.9000015258789
2026-08-03,66.19999694824219
2026-08-04,65.80000305175781
2026-08-05,65.4000015258789
2026-08-06,63.099998474121094
2026-08-07,62.79999923706055
2026-08-10,69.0
2026-08-11,67.5
2026-08-12,68.30000305175781
2026-08-13,68.30000305175781
2026-08-14,67.0999984741211
2026-08-17,67.5999984741211
2026-08-18,66.4000015258789
2026-08-19,64.80000305175781
2026-08-20,66.19999694824219
2026-08-21,65.0
2026-08-24,64.0999984741211
2026-08-25,64.4000015258789
2026-08-26,68.0
2026-08-27,67.19999694824219
2026-08-28,66.4000015258789
2026-08-31,64.0999984741211
2026-09-01,64.19999694824219
2026-09-02,63.5
