Price,AdjClose
Ticker,3443.TW
Date,
2006-11-03,32.68992614746094
2006-11-06,37.69537353515625
2006-11-07,42.76262283325195
2006-11-08,41.95927810668945
2006-11-09,38.9312858581543
2006-11-10,41.65030288696289
2006-11-13,43.13339614868164
2006-11-14,42.391845703125
2006-11-15,42.0828742980957
2006-11-16,41.403114318847656
2006-11-17,41.403114318847656
2006-11-20,41.21773147583008
2006-11-21,41.032344818115234
2006-11-22,40.53797149658203
2006-11-23,41.77389144897461
2006-11-24,40.97054672241211
2006-11-27,40.908748626708984
2006-11-28,40.22899627685547
2006-11-29,40.41438674926758
2006-11-30,41.15593338012695
2006-12-01,41.15593338012695
2006-12-04,40.16720962524414
2006-12-05,39.92001724243164
2006-12-06,40.16720962524414
2006-12-07,39.9818115234375
2006-12-08,41.032344818115234
2006-12-11,43.87494659423828
2006-12-12,46.902931213378906
2006-12-13,48.262428283691406
2006-12-14,51.599403381347656
2006-12-15,55.183555603027344
2006-12-18,59.01488494873047
2006-12-19,63.03160858154297
2006-12-20,67.35730743408203
2006-12-21,71.99198913574219
2006-12-22,76.93563842773438
2006-12-25,82.18827056884766
2006-12-26,87.74989318847656
2006-12-27,93.31150817871094
2006-12-28,87.44091033935547
2006-12-29,93.31150817871094
2007-01-02,99.80005645751953
2007-01-03,106.59758758544922
2007-01-04,114.0130615234375
2007-01-05,121.7375259399414
2007-01-08,113.39508819580078
2007-01-09,121.11956024169922
2007-01-10,129.46197509765625
2007-01-11,138.42234802246094
2007-01-12,148.00067138671875
2007-01-15,158.19696044921875
2007-01-16,147.38275146484375
2007-01-17,137.1864776611328
2007-01-18,127.60810089111328
2007-01-19,136.25950622558594
2007-01-22,145.5288848876953
2007-01-23,155.4161834716797
2007-01-24,166.2304229736328
2007-01-25,154.79820251464844
2007-01-26,143.98397827148438
2007-01-29,134.09664916992188
2007-01-30,124.82731628417969
2007-01-31,116.1759262084961
2007-02-01,108.1424789428711
2007-02-02,115.55796813964844
2007-02-05,114.32202911376953
2007-02-06,122.04650115966797
2007-02-07,130.38894653320312
2007-02-08,139.3492889404297
2007-02-09,148.92762756347656
2007-02-12,159.12393188476562
2007-02-13,170.24713134765625
2007-02-14,181.06138610839844
2007-02-26,168.39328002929688
2007-02-27,156.65211486816406
2007-03-01,141.35302734375
2007-03-02,148.30966186523438
2007-03-05,147.6917266845703
2007-03-06,157.8880157470703
2007-03-07,168.70225524902344
2007-03-08,162.52268981933594
2007-03-09,159.4329071044922
2007-03-12,170.55613708496094
2007-03-13,182.29730224609375
2007-03-14,188.4768829345703
2007-03-15,175.49978637695312
2007-03-16,170.8651123046875
2007-03-19,167.1573486328125
2007-03-20,157.57901000976562
2007-03-21,160.35984802246094
2007-03-22,161.90475463867188
2007-03-23,162.83163452148438
2007-03-26,160.66883850097656
2007-03-27,171.79202270507812
2007-03-28,167.46632385253906
2007-03-29,164.99449157714844
2007-03-30,174.26385498046875
2007-04-02,173.02792358398438
2007-04-03,173.95489501953125
2007-04-04,177.35366821289062
2007-04-09,167.77529907226562
2007-04-10,171.17408752441406
2007-04-11,171.17408752441406
2007-04-12,166.848388671875
2007-04-13,158.19696044921875
2007-04-16,150.781494140625
2007-04-17,142.13009643554688
2007-04-18,138.42234802246094
2007-04-19,128.84402465820312
2007-04-20,137.80441284179688
2007-04-23,147.38275146484375
2007-04-24,151.39944458007812
2007-04-25,148.30966186523438
2007-04-26,143.98397827148438
2007-04-27,153.87127685546875
2007-04-30,164.3765411376953
2007-05-02,160.66883850097656
2007-05-03,157.57901000976562
2007-05-04,164.99449157714844
2007-05-07,162.52268981933594
2007-05-08,173.64588928222656
2007-05-09,173.95489501953125
2007-05-10,169.9381866455078
2007-05-11,173.64588928222656
2007-05-14,173.02792358398438
2007-05-15,169.9381866455078
2007-05-16,170.55613708496094
2007-05-17,173.02792358398438
2007-05-18,179.20751953125
2007-05-21,179.51649475097656
2007-05-22,179.82546997070312
2007-05-23,178.58956909179688
2007-05-24,178.28060913085938
2007-05-25,177.044677734375
2007-05-28,164.685546875
2007-05-29,160.97779846191406
2007-05-30,162.83163452148438
2007-05-31,166.2304229736328
2007-06-01,165.61245727539062
2007-06-04,177.044677734375
2007-06-05,174.26385498046875
2007-06-06,165.61245727539062
2007-06-07,168.39328002929688
2007-06-08,165.92144775390625
2007-06-11,168.70225524902344
2007-06-12,158.12376403808594
2007-06-13,160.66883850097656
2007-06-14,162.21372985839844
2007-06-15,163.44961547851562
2007-06-20,168.39328002929688
2007-06-21,173.02792358398438
2007-06-22,177.35366821289062
2007-06-25,190.7667236328125
2007-06-26,202.0719451904297
2007-06-27,200.83599853515625
2007-06-28,200.83599853515625
2007-06-29,211.65028381347656
2007-07-02,204.85272216796875
2007-07-03,206.39761352539062
2007-07-04,216.2849578857422
2007-07-05,228.026123046875
2007-07-06,239.4583282470703
2007-07-09,226.4161834716797
2007-07-10,242.0862579345703
2007-07-11,249.4416046142578
2007-07-12,252.63954162597656
2007-07-13,246.24362182617188
2007-07-16,236.64974975585938
2007-07-17,243.04568481445312
2007-07-18,246.88319396972656
2007-07-19,251.36033630371094
2007-07-20,260.3146667480469
2007-07-23,267.3501892089844
2007-07-24,259.03546142578125
2007-07-25,263.8324890136719
2007-07-26,253.27915954589844
2007-07-27,237.92889404296875
2007-07-30,232.8121795654297
2007-07-31,248.1623992919922
2007-08-01,253.27915954589844
2007-08-02,248.48220825195312
2007-08-03,240.4873046875
2007-08-06,224.49742126464844
2007-08-07,225.77659606933594
2007-08-08,237.28936767578125
2007-08-09,253.59890747070312
2007-08-10,248.80197143554688
2007-08-13,233.45175170898438
2007-08-14,217.14212036132812
2007-08-15,202.11166381835938
2007-08-16,188.04058837890625
2007-08-17,175.88824462890625
2007-08-20,185.48220825195312
2007-08-21,172.69032287597656
2007-08-22,160.8578338623047
2007-08-23,172.05075073242188
2007-08-24,183.88319396972656
2007-08-27,177.16751098632812
2007-08-28,181.3248291015625
2007-08-29,174.9289093017578
2007-08-30,163.09646606445312
2007-08-31,157.97967529296875
2007-09-03,160.21824645996094
2007-09-04,171.41111755371094
2007-09-05,172.69032287597656
2007-09-06,173.01011657714844
2007-09-07,175.5684814453125
2007-09-10,171.41111755371094
2007-09-11,179.08627319335938
2007-09-12,177.80706787109375
2007-09-13,175.88824462890625
2007-09-14,172.69032287597656
2007-09-17,162.13702392578125
2007-09-18,162.13702392578125
2007-09-19,150.9441680908203
2007-09-20,140.3908233642578
2007-09-21,145.82742309570312
2007-09-26,142.6294403076172
2007-09-27,152.54315185546875
2007-09-28,163.09646606445312
2007-10-01,178.7664794921875
2007-10-02,191.23854064941406
2007-10-03,198.27407836914062
2007-10-04,202.43142700195312
2007-10-05,200.19288635253906
2007-10-08,200.5126495361328
2007-10-09,196.3552703857422
2007-10-11,187.40098571777344
2007-10-12,188.68017578125
2007-10-15,183.88319396972656
2007-10-16,196.6751251220703
2007-10-17,199.87306213378906
2007-10-18,196.99490356445312
2007-10-19,199.55328369140625
2007-10-22,191.23854064941406
2007-10-23,200.8324432373047
2007-10-24,196.99490356445312
2007-10-25,201.15225219726562
2007-10-26,202.75119018554688
2007-10-29,192.5177459716797
2007-10-30,179.08627319335938
2007-10-31,168.21319580078125
2007-11-01,170.7715606689453
2007-11-02,163.7360076904297
2007-11-05,159.25885009765625
2007-11-06,162.4568328857422
2007-11-07,156.70046997070312
2007-11-08,145.82742309570312
2007-11-09,139.43142700195312
2007-11-12,129.8375244140625
2007-11-13,138.7918701171875
2007-11-14,148.38575744628906
2007-11-15,154.78170776367188
2007-11-16,157.97967529296875
2007-11-19,155.10150146484375
2007-11-20,161.8172149658203
2007-11-21,150.6243438720703
2007-11-22,144.86801147460938
2007-11-23,143.2689971923828
2007-11-26,142.6294403076172
2007-11-27,146.4669952392578
2007-11-28,140.7106475830078
2007-11-29,142.6294403076172
2007-11-30,152.54315185546875
2007-12-03,154.14208984375
2007-12-04,156.70046997070312
2007-12-05,153.50253295898438
2007-12-06,142.94921875
2007-12-07,137.19288635253906
2007-12-10,138.7918701171875
2007-12-11,140.071044921875
2007-12-12,140.3908233642578
2007-12-13,130.79690551757812
2007-12-14,131.11671447753906
2007-12-17,122.1624526977539
2007-12-18,116.40608978271484
2007-12-19,124.40098571777344
2007-12-20,120.56341552734375
2007-12-21,118.32487487792969
2007-12-24,124.0811996459961
2007-12-25,124.0811996459961
2007-12-26,123.76139068603516
2007-12-27,128.87815856933594
2007-12-28,137.8324432373047
2007-12-31,140.3908233642578
2008-01-02,138.15225219726562
2008-01-03,130.79690551757812
2008-01-04,128.55836486816406
2008-01-07,119.60404968261719
2008-01-08,111.289306640625
2008-01-09,114.16749572753906
2008-01-10,121.84262084960938
2008-01-11,122.1624526977539
2008-01-14,114.8071060180664
2008-01-15,116.40608978271484
2008-01-16,112.56853485107422
2008-01-17,120.24365234375
2008-01-18,123.76139068603516
2008-01-21,122.48223114013672
2008-01-22,114.16749572753906
2008-01-23,106.49237823486328
2008-01-24,99.13703918457031
2008-01-25,105.85276794433594
2008-01-28,98.81725311279297
2008-01-29,100.41622161865234
2008-01-30,97.85783386230469
2008-01-31,91.1421127319336
2008-02-01,92.10150909423828
2008-02-12,91.46190643310547
2008-02-13,91.46190643310547
2008-02-14,97.85783386230469
2008-02-15,104.5735855102539
2008-02-18,107.45175170898438
2008-02-19,107.45175170898438
2008-02-20,107.45175170898438
2008-02-21,112.24871063232422
2008-02-22,112.56853485107422
2008-02-25,110.0101547241211
2008-02-26,110.0101547241211
2008-02-27,112.88829803466797
2008-02-29,115.4466781616211
2008-03-03,108.7309341430664
2008-03-04,110.0101547241211
2008-03-05,109.37054443359375
2008-03-06,116.72587585449219
2008-03-07,118.32487487792969
2008-03-10,122.802001953125
2008-03-11,122.1624526977539
2008-03-12,122.48223114013672
2008-03-13,117.04570770263672
2008-03-14,117.04570770263672
2008-03-17,111.92890930175781
2008-03-18,116.72587585449219
2008-03-19,119.60404968261719
2008-03-20,118.96444702148438
2008-03-21,121.2030029296875
2008-03-24,125.99999237060547
2008-03-25,134.63449096679688
2008-03-26,133.3553009033203
2008-03-27,131.11671447753906
2008-03-28,133.6750946044922
2008-03-31,132.7156982421875
2008-04-01,139.75125122070312
2008-04-02,149.34515380859375
2008-04-03,151.26393127441406
2008-04-07,156.06089782714844
2008-04-08,156.70046997070312
2008-04-09,152.22332763671875
2008-04-10,151.90350341796875
2008-04-11,150.30453491210938
2008-04-14,148.06594848632812
2008-04-15,153.50253295898438
2008-04-16,150.30453491210938
2008-04-17,148.38575744628906
2008-04-18,149.02537536621094
2008-04-21,155.42129516601562
2008-04-22,156.70046997070312
2008-04-23,163.09646606445312
2008-04-24,159.25885009765625
2008-04-25,165.33499145507812
2008-04-28,153.82229614257812
2008-04-29,154.78170776367188
2008-04-30,154.78170776367188
2008-05-02,165.33499145507812
2008-05-05,169.1725616455078
2008-05-06,170.7715606689453
2008-05-07,173.9695281982422
2008-05-08,171.41111755371094
2008-05-09,160.53807067871094
2008-05-12,168.21319580078125
2008-05-13,168.53297424316406
2008-05-14,168.85279846191406
2008-05-15,172.69032287597656
2008-05-16,179.72586059570312
2008-05-19,172.69032287597656
2008-05-20,165.97457885742188
2008-05-21,165.97457885742188
2008-05-22,157.97967529296875
2008-05-23,147.7461700439453
2008-05-26,137.5126495361328
2008-05-27,147.10655212402344
2008-05-28,139.43142700195312
2008-05-29,146.4669952392578
2008-05-30,143.5887908935547
2008-06-02,146.7867889404297
2008-06-03,147.7461700439453
2008-06-04,151.58372497558594
2008-06-05,155.42129516601562
2008-06-06,152.22332763671875
2008-06-09,148.38575744628906
2008-06-10,147.7461700439453
2008-06-11,151.58372497558594
2008-06-12,141.03041076660156
2008-06-13,148.70553588867188
2008-06-16,145.1877899169922
2008-06-17,152.22332763671875
2008-06-18,156.70046997070312
2008-06-19,153.1827392578125
2008-06-20,154.14208984375
2008-06-23,156.06089782714844
2008-06-24,153.50253295898438
2008-06-25,157.34005737304688
2008-06-26,152.22332763671875
2008-06-27,143.2689971923828
2008-06-30,141.9898223876953
2008-07-01,145.82742309570312
2008-07-02,149.02537536621094
2008-07-03,159.25885009765625
2008-07-04,150.9441680908203
2008-07-07,156.06089782714844
2008-07-08,147.10655212402344
2008-07-09,151.58372497558594
2008-07-10,147.7461700439453
2008-07-11,152.54315185546875
2008-07-14,157.97967529296875
2008-07-15,153.50253295898438
2008-07-16,142.94921875
2008-07-17,151.90350341796875
2008-07-18,153.50253295898438
2008-07-21,159.25885009765625
2008-07-22,163.09646606445312
2008-07-23,160.53807067871094
2008-07-24,160.53807067871094
2008-07-25,158.61924743652344
2008-07-28,158.61924743652344
2008-07-29,159.1856231689453
2008-07-30,155.76962280273438
2008-07-31,146.204833984375
2008-08-01,136.6400146484375
2008-08-04,134.59042358398438
2008-08-05,135.27362060546875
2008-08-06,140.73919677734375
2008-08-07,147.74720764160156
2008-08-08,150.30401611328125
2008-08-11,155.08644104003906
2008-08-12,154.0615997314453
2008-08-13,162.6016387939453
2008-08-14,157.81922912597656
2008-08-15,150.9871826171875
2008-08-18,151.3288116455078
2008-08-19,152.3536376953125
2008-08-20,148.25437927246094
2008-08-21,146.54641723632812
2008-08-22,142.78884887695312
2008-08-25,140.73919677734375
2008-08-26,143.47203063964844
2008-08-27,151.67041015625
2008-08-28,148.25437927246094
2008-08-29,147.912841796875
2008-09-01,139.37283325195312
2008-09-02,133.9072265625
2008-09-03,124.68402099609375
2008-09-04,120.9263916015625
2008-09-05,122.29281616210938
2008-09-08,130.83279418945312
2008-09-09,128.10000610351562
2008-09-10,134.59042358398438
2008-09-11,128.44163513183594
2008-09-12,122.97599792480469
2008-09-15,114.43599700927734
2008-09-16,106.57920837402344
2008-09-17,111.70320129394531
2008-09-18,112.38639831542969
2008-09-19,120.24321746826172
2008-09-22,127.7583999633789
2008-09-23,131.85765075683594
2008-09-24,133.56561279296875
2008-09-25,131.1744384765625
2008-09-26,122.29281616210938
2008-09-29,122.29281616210938
2008-09-30,123.6592025756836
2008-10-01,125.02559661865234
2008-10-02,120.9263916015625
2008-10-03,129.12481689453125
2008-10-06,125.02559661865234
2008-10-07,128.44163513183594
2008-10-08,120.9263916015625
2008-10-09,123.31761932373047
2008-10-13,124.34239196777344
2008-10-14,132.8824005126953
2008-10-15,128.44163513183594
2008-10-16,124.00079345703125
2008-10-17,119.9016342163086
2008-10-20,127.07520294189453
2008-10-21,122.6343994140625
2008-10-22,119.55999755859375
2008-10-23,115.46082305908203
2008-10-24,111.70320129394531
2008-10-27,104.18801879882812
2008-10-28,107.26239013671875
2008-10-29,100.08879089355469
2008-10-30,99.74720764160156
2008-10-31,94.28160858154297
2008-11-03,98.38081359863281
2008-11-04,101.11361694335938
2008-11-05,96.33121490478516
2008-11-06,90.18240356445312
2008-11-07,91.20720672607422
2008-11-10,85.40000915527344
2008-11-11,79.59281158447266
2008-11-12,74.81041717529297
2008-11-13,69.68641662597656
2008-11-14,64.835693359375
2008-11-17,60.326576232910156
2008-11-18,56.15904998779297
2008-11-19,60.05327606201172
2008-11-20,59.779998779296875
2008-11-21,63.94752883911133
2008-11-24,67.97840118408203
2008-11-25,67.43183898925781
2008-11-26,68.2516860961914
2008-11-27,68.66160583496094
2008-11-28,67.97840118408203
2008-12-01,65.24559783935547
2008-12-02,60.73648452758789
2008-12-03,56.500640869140625
2008-12-04,59.779998779296875
2008-12-05,58.4819221496582
2008-12-08,62.51279830932617
2008-12-09,66.88529968261719
2008-12-10,71.39442443847656
2008-12-11,75.49359130859375
2008-12-12,71.05281066894531
2008-12-15,75.835205078125
2008-12-16,75.15200805664062
2008-12-17,72.4192123413086
2008-12-18,76.86000061035156
2008-12-19,77.54322052001953
2008-12-22,73.1024169921875
2008-12-23,71.05281066894531
2008-12-24,71.73601531982422
2008-12-25,71.05281066894531
2008-12-26,70.36959838867188
2008-12-29,72.07760620117188
2008-12-30,76.86000061035156
2008-12-31,79.25120544433594
2009-01-02,79.25120544433594
2009-01-05,84.71681213378906
2009-01-06,84.37520599365234
2009-01-07,83.0088119506836
2009-01-08,80.61761474609375
2009-01-09,80.61761474609375
2009-01-12,82.6672134399414
2009-01-13,84.71681213378906
2009-01-14,87.1080093383789
2009-01-15,82.6672134399414
2009-01-16,84.71681213378906
2009-01-19,84.03360748291016
2009-01-20,82.6672134399414
2009-01-21,84.03360748291016
2009-02-02,87.1080093383789
2009-02-03,90.8656005859375
2009-02-04,89.84080505371094
2009-02-05,88.81600952148438
2009-02-06,91.54879760742188
2009-02-09,91.54879760742188
2009-02-10,90.8656005859375
2009-02-11,97.01438903808594
2009-02-12,91.54879760742188
2009-02-13,97.6976089477539
2009-02-16,101.79682159423828
2009-02-17,95.98960876464844
2009-02-18,95.64799499511719
2009-02-19,99.06401062011719
2009-02-20,97.01438903808594
2009-02-23,101.79682159423828
2009-02-24,100.4303970336914
2009-02-25,98.72240447998047
2009-02-26,100.4303970336914
2009-02-27,102.82159423828125
2009-03-02,104.52960968017578
2009-03-03,104.87120056152344
2009-03-04,111.70320129394531
2009-03-05,110.3368148803711
2009-03-06,110.67839813232422
2009-03-09,108.2872085571289
2009-03-10,110.67839813232422
2009-03-11,108.2872085571289
2009-03-12,107.26239013671875
2009-03-13,110.3368148803711
2009-03-16,109.31201934814453
2009-03-17,107.94560241699219
2009-03-18,108.62879943847656
2009-03-19,107.94560241699219
2009-03-20,109.65362548828125
2009-03-23,111.36161041259766
2009-03-24,110.3368148803711
2009-03-25,112.72799682617188
2009-03-26,110.3368148803711
2009-03-27,111.70320129394531
2009-03-30,104.18801879882812
2009-03-31,101.79682159423828
2009-04-02,105.55441284179688
2009-04-03,103.84640502929688
2009-04-06,102.48002624511719
2009-04-07,104.52960968017578
2009-04-08,101.11361694335938
2009-04-09,104.52960968017578
2009-04-10,104.52960968017578
2009-04-13,111.70320129394531
2009-04-14,112.0448226928711
2009-04-15,112.38639831542969
2009-04-16,109.65362548828125
2009-04-17,104.52960968017578
2009-04-20,107.94560241699219
2009-04-21,108.62879943847656
2009-04-22,109.31201934814453
2009-04-23,108.62879943847656
2009-04-24,106.23760986328125
2009-04-27,104.52960968017578
2009-04-28,103.84640502929688
2009-04-29,97.01438903808594
2009-04-30,103.16321563720703
2009-05-04,109.99520111083984
2009-05-05,106.23760986328125
2009-05-06,109.31201934814453
2009-05-07,116.82720947265625
2009-05-08,116.14402770996094
2009-05-11,118.19361114501953
2009-05-12,115.46082305908203
2009-05-13,122.29281616210938
2009-05-14,117.51042938232422
2009-05-15,121.95124053955078
2009-05-18,118.87680053710938
2009-05-19,116.14402770996094
2009-05-20,124.00079345703125
2009-05-21,129.80801391601562
2009-05-22,138.68963623046875
2009-05-25,136.6400146484375
2009-05-26,127.07520294189453
2009-05-27,135.27362060546875
2009-06-01,130.1496124267578
2009-06-02,126.73358154296875
2009-06-03,127.7583999633789
2009-06-04,126.39198303222656
2009-06-05,124.68402099609375
2009-06-08,121.60958862304688
2009-06-09,114.7776107788086
2009-06-10,110.3368148803711
2009-06-11,116.48558807373047
2009-06-12,113.41120910644531
2009-06-15,105.55441284179688
2009-06-16,109.99520111083984
2009-06-17,106.9207992553711
2009-06-18,108.62879943847656
2009-06-19,112.72799682617188
2009-06-22,113.41120910644531
2009-06-23,111.36161041259766
2009-06-24,112.0448226928711
2009-06-25,113.41120910644531
2009-06-26,111.36161041259766
2009-06-29,106.9207992553711
2009-06-30,105.2127914428711
2009-07-01,107.94560241699219
2009-07-02,111.02001953125
2009-07-03,111.02001953125
2009-07-06,109.31201934814453
2009-07-07,116.82720947265625
2009-07-08,116.82720947265625
2009-07-09,118.19361114501953
2009-07-10,116.14402770996094
2009-07-13,110.91839599609375
2009-07-14,115.99308013916016
2009-07-15,116.35557556152344
2009-07-16,117.08051300048828
2009-07-17,119.25538635253906
2009-07-20,119.61785125732422
2009-07-21,118.5304183959961
2009-07-22,118.5304183959961
2009-07-23,123.60513305664062
2009-07-24,124.3301010131836
2009-07-27,123.96763610839844
2009-07-28,132.30462646484375
2009-07-29,131.94216918945312
2009-07-30,129.40478515625
2009-07-31,130.49221801757812
2009-08-03,131.21717834472656
2009-08-04,123.2426528930664
2009-08-05,123.2426528930664
2009-08-06,122.88018035888672
2009-08-07,122.88018035888672
2009-08-10,115.26811981201172
2009-08-11,118.16796112060547
2009-08-12,116.35557556152344
2009-08-13,119.25538635253906
2009-08-14,117.08051300048828
2009-08-17,113.81822204589844
2009-08-18,113.09324645996094
2009-08-19,112.73080444335938
2009-08-20,114.54317474365234
2009-08-21,109.10601806640625
2009-08-24,110.91839599609375
2009-08-25,103.30636596679688
2009-08-26,97.86917114257812
2009-08-27,97.86917114257812
2009-08-28,100.04402923583984
2009-08-31,105.11872863769531
2009-09-01,112.00582122802734
2009-09-02,109.83097076416016
2009-09-03,108.74351501464844
2009-09-04,109.4684829711914
2009-09-07,110.19342803955078
2009-09-08,110.19342803955078
2009-09-09,107.29362487792969
2009-09-10,107.29362487792969
2009-09-11,108.74351501464844
2009-09-14,109.10601806640625
2009-09-15,110.19342803955078
2009-09-16,110.19342803955078
2009-09-17,109.10601806640625
2009-09-18,114.54317474365234
2009-09-21,113.09324645996094
2009-09-22,111.64334106445312
2009-09-23,113.09324645996094
2009-09-24,113.09324645996094
2009-09-25,110.91839599609375
2009-09-28,108.01856231689453
2009-09-29,110.5559310913086
2009-09-30,110.19342803955078
2009-10-01,110.19342803955078
2009-10-02,111.28087615966797
2009-10-05,113.09324645996094
2009-10-06,112.00582122802734
2009-10-07,111.28087615966797
2009-10-08,110.5559310913086
2009-10-09,109.10601806640625
2009-10-12,109.10601806640625
2009-10-13,110.19342803955078
2009-10-14,109.83097076416016
2009-10-15,110.5559310913086
2009-10-16,110.19342803955078
2009-10-19,110.5559310913086
2009-10-20,110.91839599609375
2009-10-21,110.19342803955078
2009-10-22,107.65608215332031
2009-10-23,107.29362487792969
2009-10-26,104.75625610351562
2009-10-27,108.38105010986328
2009-10-28,106.56864166259766
2009-10-29,104.75625610351562
2009-10-30,103.6688232421875
2009-11-02,104.39376831054688
2009-11-03,105.11872863769531
2009-11-04,106.93113708496094
2009-11-05,108.38105010986328
2009-11-06,107.29362487792969
2009-11-09,106.2061767578125
2009-11-10,109.83097076416016
2009-11-11,117.44298553466797
2009-11-12,116.7180404663086
2009-11-13,115.26811981201172
2009-11-16,118.5304183959961
2009-11-17,120.34281158447266
2009-11-18,120.34281158447266
2009-11-19,120.70531463623047
2009-11-20,120.34281158447266
2009-11-23,118.5304183959961
2009-11-24,118.5304183959961
2009-11-25,119.25538635253906
2009-11-26,115.99308013916016
2009-11-27,114.1806869506836
2009-11-30,113.09324645996094
2009-12-01,114.90564727783203
2009-12-02,113.45574951171875
2009-12-03,113.81822204589844
2009-12-04,117.44298553466797
2009-12-07,119.61785125732422
2009-12-08,116.7180404663086
2009-12-09,118.5304183959961
2009-12-10,114.54317474365234
2009-12-11,116.35557556152344
2009-12-14,114.90564727783203
2009-12-15,113.81822204589844
2009-12-16,114.90564727783203
2009-12-17,114.54317474365234
2009-12-18,114.54317474365234
2009-12-21,114.90564727783203
2009-12-22,116.35557556152344
2009-12-23,117.08051300048828
2009-12-24,123.2426528930664
2009-12-25,121.7927474975586
2009-12-28,123.2426528930664
2009-12-29,122.5177001953125
2009-12-30,122.5177001953125
2009-12-31,122.88018035888672
2010-01-04,118.89290618896484
2010-01-05,115.99308013916016
2010-01-06,116.35557556152344
2010-01-07,116.35557556152344
2010-01-08,115.26811981201172
2010-01-11,115.63062286376953
2010-01-12,116.35557556152344
2010-01-13,114.90564727783203
2010-01-14,115.99308013916016
2010-01-15,116.35557556152344
2010-01-18,115.99308013916016
2010-01-19,114.54317474365234
2010-01-20,113.81822204589844
2010-01-21,110.19342803955078
2010-01-22,112.73080444335938
2010-01-25,112.00582122802734
2010-01-26,106.93113708496094
2010-01-27,107.29362487792969
2010-01-28,108.38105010986328
2010-01-29,106.2061767578125
2010-02-01,106.2061767578125
2010-02-02,100.76898956298828
2010-02-03,102.94387817382812
2010-02-04,106.56864166259766
2010-02-05,101.8564453125
2010-02-08,98.59413146972656
2010-02-09,104.39376831054688
2010-02-10,102.94387817382812
2010-02-22,102.21892547607422
2010-02-23,104.03130340576172
2010-02-24,106.2061767578125
2010-02-25,103.6688232421875
2010-02-26,102.58138275146484
2010-03-01,103.6688232421875
2010-03-02,103.6688232421875
2010-03-03,102.21892547607422
2010-03-04,102.94387817382812
2010-03-05,103.30636596679688
2010-03-08,104.39376831054688
2010-03-09,102.21892547607422
2010-03-10,102.94387817382812
2010-03-11,104.39376831054688
2010-03-12,102.94387817382812
2010-03-15,101.8564453125
2010-03-16,102.21892547607422
2010-03-17,104.03130340576172
2010-03-18,105.11872863769531
2010-03-19,104.39376831054688
2010-03-22,103.6688232421875
2010-03-23,104.03130340576172
2010-03-24,104.39376831054688
2010-03-25,104.75625610351562
2010-03-26,106.2061767578125
2010-03-29,105.84368133544922
2010-03-30,104.39376831054688
2010-03-31,104.39376831054688
2010-04-01,111.64334106445312
2010-04-02,114.90564727783203
2010-04-06,115.26811981201172
2010-04-07,113.45574951171875
2010-04-08,111.28087615966797
2010-04-09,112.00582122802734
2010-04-12,111.64334106445312
2010-04-13,108.74351501464844
2010-04-14,111.28087615966797
2010-04-15,110.19342803955078
2010-04-16,110.19342803955078
2010-04-19,104.39376831054688
2010-04-20,106.2061767578125
2010-04-21,106.93113708496094
2010-04-22,105.84368133544922
2010-04-23,106.93113708496094
2010-04-26,110.91839599609375
2010-04-27,108.74351501464844
2010-04-28,107.29362487792969
2010-04-29,105.84368133544922
2010-04-30,105.11872863769531
2010-05-03,103.30636596679688
2010-05-04,102.21892547607422
2010-05-05,98.59413146972656
2010-05-06,98.59413146972656
2010-05-07,98.95659637451172
2010-05-10,100.04402923583984
2010-05-11,98.95659637451172
2010-05-12,98.23163604736328
2010-05-13,100.4065170288086
2010-05-14,99.31908416748047
2010-05-17,95.33180236816406
2010-05-18,91.34455871582031
2010-05-19,90.6196060180664
2010-05-20,88.80719757080078
2010-05-21,82.64506530761719
2010-05-24,84.8199462890625
2010-05-25,80.83268737792969
2010-05-26,84.8199462890625
2010-05-27,86.63233947753906
2010-05-28,88.0822525024414
2010-05-31,88.0822525024414
2010-06-01,87.35730743408203
2010-06-02,84.8199462890625
2010-06-03,88.80719757080078
2010-06-04,88.4447250366211
2010-06-07,85.5448989868164
2010-06-08,88.80719757080078
2010-06-09,86.99481201171875
2010-06-10,86.63233947753906
2010-06-11,87.35730743408203
2010-06-14,89.1697006225586
2010-06-15,87.71977233886719
2010-06-17,87.35730743408203
2010-06-18,86.99481201171875
2010-06-21,88.4447250366211
2010-06-22,88.80719757080078
2010-06-23,94.96935272216797
2010-06-24,92.79447937011719
2010-06-25,90.25711059570312
2010-06-28,89.53217315673828
2010-06-29,87.71977233886719
2010-06-30,84.8199462890625
2010-07-01,85.92340850830078
2010-07-02,84.0795669555664
2010-07-05,86.66096496582031
2010-07-06,87.76726531982422
2010-07-07,86.66096496582031
2010-07-08,92.561279296875
2010-07-09,95.51144409179688
2010-07-12,95.51144409179688
2010-07-13,93.66758728027344
2010-07-14,94.40512084960938
2010-07-15,92.561279296875
2010-07-16,93.29879760742188
2010-07-19,95.51144409179688
2010-07-20,94.77388763427734
2010-07-21,93.66758728027344
2010-07-22,92.561279296875
2010-07-23,92.93003845214844
2010-07-26,92.561279296875
2010-07-27,94.03636169433594
2010-07-28,93.66758728027344
2010-07-29,91.4549560546875
2010-07-30,90.71742248535156
2010-08-02,91.4549560546875
2010-08-03,92.1925048828125
2010-08-04,91.82374572753906
2010-08-05,91.08619689941406
2010-08-06,90.34864807128906
2010-08-09,94.03636169433594
2010-08-10,91.82374572753906
2010-08-11,90.71742248535156
2010-08-12,89.9798812866211
2010-08-13,91.4549560546875
2010-08-16,90.71742248535156
2010-08-17,91.08619689941406
2010-08-18,91.82374572753906
2010-08-19,93.29879760742188
2010-08-20,91.4549560546875
2010-08-23,89.9798812866211
2010-08-24,88.87356567382812
2010-08-25,86.66096496582031
2010-08-26,83.71078491210938
2010-08-27,81.86695098876953
2010-08-30,78.54801940917969
2010-08-31,77.81045532226562
2010-09-01,74.4915542602539
2010-09-02,76.70415496826172
2010-09-03,79.6543197631836
2010-09-06,79.6543197631836
2010-09-07,81.12940216064453
2010-09-08,79.6543197631836
2010-09-09,78.9167709350586
2010-09-10,79.28555297851562
2010-09-13,81.86695098876953
2010-09-14,81.12940216064453
2010-09-15,80.7606201171875
2010-09-16,80.39185333251953
2010-09-17,80.39185333251953
2010-09-20,77.81045532226562
2010-09-21,79.28555297851562
2010-09-23,80.0230941772461
2010-09-24,78.9167709350586
2010-09-27,78.17924499511719
2010-09-28,78.9167709350586
2010-09-29,78.54801940917969
2010-09-30,81.86695098876953
2010-10-01,81.12940216064453
2010-10-04,79.28555297851562
2010-10-05,79.28555297851562
2010-10-06,79.6543197631836
2010-10-07,79.28555297851562
2010-10-08,79.6543197631836
2010-10-11,79.6543197631836
2010-10-12,78.54801940917969
2010-10-13,78.54801940917969
2010-10-14,81.49816131591797
2010-10-15,83.71078491210938
2010-10-18,85.55463409423828
2010-10-19,88.13602447509766
2010-10-20,92.93003845214844
2010-10-21,92.93003845214844
2010-10-22,93.29879760742188
2010-10-25,93.66758728027344
2010-10-26,93.66758728027344
2010-10-27,95.88019561767578
2010-10-28,95.88019561767578
2010-10-29,92.93003845214844
2010-11-01,93.29879760742188
2010-11-02,91.08619689941406
2010-11-03,89.24234771728516
2010-11-04,95.14265441894531
2010-11-05,96.98651123046875
2010-11-08,94.40512084960938
2010-11-09,94.40512084960938
2010-11-10,93.66758728027344
2010-11-11,95.88019561767578
2010-11-12,94.03636169433594
2010-11-15,95.88019561767578
2010-11-16,101.04297637939453
2010-11-17,100.30545043945312
2010-11-18,103.25559997558594
2010-11-19,101.4117660522461
2010-11-22,101.4117660522461
2010-11-23,99.56790161132812
2010-11-24,98.83035278320312
2010-11-25,100.6741943359375
2010-11-26,101.04297637939453
2010-11-29,101.04297637939453
2010-11-30,100.30545043945312
2010-12-01,100.30545043945312
2010-12-02,104.7306900024414
2010-12-03,104.7306900024414
2010-12-06,102.1492919921875
2010-12-07,102.51805877685547
2010-12-08,99.93666076660156
2010-12-09,99.93666076660156
2010-12-10,99.93666076660156
2010-12-13,101.04297637939453
2010-12-14,99.56790161132812
2010-12-15,94.40512084960938
2010-12-16,95.51144409179688
2010-12-17,93.66758728027344
2010-12-20,91.82374572753906
2010-12-21,93.29879760742188
2010-12-22,94.77388763427734
2010-12-23,92.93003845214844
2010-12-24,93.66758728027344
2010-12-27,94.03636169433594
2010-12-28,92.93003845214844
2010-12-29,89.9798812866211
2010-12-30,89.24234771728516
2010-12-31,89.9798812866211
2011-01-03,90.71742248535156
2011-01-04,88.87356567382812
2011-01-05,87.76726531982422
2011-01-06,87.76726531982422
2011-01-07,86.29217529296875
2011-01-10,86.29217529296875
2011-01-11,87.76726531982422
2011-01-12,88.87356567382812
2011-01-13,89.24234771728516
2011-01-14,88.87356567382812
2011-01-17,88.87356567382812
2011-01-18,89.9798812866211
2011-01-19,90.71742248535156
2011-01-20,88.87356567382812
2011-01-21,87.76726531982422
2011-01-24,87.76726531982422
2011-01-25,87.02971649169922
2011-01-26,86.29217529296875
2011-01-27,90.71742248535156
2011-01-28,91.82374572753906
2011-02-08,89.24234771728516
2011-02-09,87.76726531982422
2011-02-10,87.76726531982422
2011-02-11,86.29217529296875
2011-02-14,83.71078491210938
2011-02-15,85.55463409423828
2011-02-16,84.0795669555664
2011-02-17,83.34202575683594
2011-02-18,83.34202575683594
2011-02-21,81.49816131591797
2011-02-22,78.54801940917969
2011-02-23,77.07292938232422
2011-02-24,75.96661376953125
2011-02-25,80.0230941772461
2011-03-01,78.9167709350586
2011-03-02,79.6543197631836
2011-03-03,79.6543197631836
2011-03-04,78.9167709350586
2011-03-07,78.17924499511719
2011-03-08,78.54801940917969
2011-03-09,78.9167709350586
2011-03-10,78.17924499511719
2011-03-11,77.81045532226562
2011-03-14,73.7540054321289
2011-03-15,68.95999145507812
2011-03-16,67.7061767578125
2011-03-17,66.96863555908203
2011-03-18,67.33740997314453
2011-03-21,71.09886169433594
2011-03-22,70.36132049560547
2011-03-23,69.9925537109375
2011-03-24,69.32876586914062
2011-03-25,70.58255767822266
2011-03-28,68.22245788574219
2011-03-29,68.36994171142578
2011-03-30,68.95999145507812
2011-03-31,68.95999145507812
2011-04-01,68.88624572753906
2011-04-06,69.40251159667969
2011-04-07,69.69754028320312
2011-04-08,69.10749816894531
2011-04-11,68.00119018554688
2011-04-12,66.37860870361328
2011-04-13,66.37860870361328
2011-04-14,66.37860870361328
2011-04-15,66.37860870361328
2011-04-18,63.42843246459961
2011-04-19,62.39588928222656
2011-04-20,63.72344970703125
2011-04-21,65.56731414794922
2011-04-22,66.67361450195312
2011-04-25,67.48490905761719
2011-04-26,66.67361450195312
2011-04-27,66.96863555908203
2011-04-28,66.37860870361328
2011-04-29,66.74738311767578
2011-05-03,66.15733337402344
2011-05-04,66.37860870361328
2011-05-05,67.26364135742188
2011-05-06,71.91014862060547
2011-05-09,73.7540054321289
2011-05-10,75.96661376953125
2011-05-11,75.22907257080078
2011-05-12,80.39185333251953
2011-05-13,81.49816131591797
2011-05-16,80.7606201171875
2011-05-17,82.97325134277344
2011-05-18,82.6044692993164
2011-05-19,79.28555297851562
2011-05-20,77.44171142578125
2011-05-23,81.49816131591797
2011-05-24,83.34202575683594
2011-05-25,86.29217529296875
2011-05-26,85.55463409423828
2011-05-27,85.92340850830078
2011-05-30,88.13602447509766
2011-05-31,88.13602447509766
2011-06-01,88.87356567382812
2011-06-02,86.66096496582031
2011-06-03,87.39847564697266
2011-06-07,88.13602447509766
2011-06-08,89.9798812866211
2011-06-09,89.9798812866211
2011-06-10,88.50479888916016
2011-06-13,84.81710052490234
2011-06-14,87.39847564697266
2011-06-15,86.66096496582031
2011-06-16,84.0795669555664
2011-06-17,82.23571014404297
2011-06-20,79.28555297851562
2011-06-21,82.6044692993164
2011-06-22,86.29217529296875
2011-06-23,84.44831848144531
2011-06-24,85.18585968017578
2011-06-27,84.0795669555664
2011-06-28,82.6044692993164
2011-06-29,85.55463409423828
2011-06-30,85.9256591796875
2011-07-01,87.06124114990234
2011-07-04,87.06124114990234
2011-07-05,91.22504425048828
2011-07-06,91.60356140136719
2011-07-07,91.60356140136719
2011-07-08,89.33240509033203
2011-07-11,87.43976593017578
2011-07-12,81.3833236694336
2011-07-13,75.70542907714844
2011-07-14,75.70542907714844
2011-07-15,76.46248626708984
2011-07-18,72.37439727783203
2011-07-19,72.90434265136719
2011-07-20,77.9765853881836
2011-07-21,80.62627410888672
2011-07-22,82.14038848876953
2011-07-25,79.49070739746094
2011-07-26,84.03302764892578
2011-07-27,89.71092224121094
2011-07-28,90.46798706054688
2011-07-29,87.06124114990234
2011-08-01,88.57534790039062
2011-08-02,86.68270111083984
2011-08-03,85.1686019897461
2011-08-04,83.27596282958984
2011-08-05,77.59806823730469
2011-08-08,72.22297668457031
2011-08-09,69.64899444580078
2011-08-10,72.67721557617188
2011-08-11,70.48176574707031
2011-08-12,71.92015075683594
2011-08-15,76.84101104736328
2011-08-16,77.9765853881836
2011-08-17,76.46248626708984
2011-08-18,73.73709106445312
2011-08-19,68.589111328125
2011-08-22,71.23880767822266
2011-08-23,73.81278991699219
2011-08-24,72.67721557617188
2011-08-25,71.54163360595703
2011-08-26,71.1631088256836
2011-08-29,74.1156005859375
2011-08-30,74.94837951660156
2011-08-31,74.56983947753906
2011-09-01,74.56983947753906
2011-09-02,79.11217498779297
2011-09-05,79.49070739746094
2011-09-06,76.46248626708984
2011-09-07,81.76185607910156
2011-09-08,82.5188980102539
2011-09-09,82.89743041992188
2011-09-13,84.79007720947266
2011-09-14,84.79007720947266
2011-09-15,87.81829071044922
2011-09-16,93.87472534179688
2011-09-19,95.38883209228516
2011-09-20,95.38883209228516
2011-09-21,98.41704559326172
2011-09-22,99.17411041259766
2011-09-23,92.3606185913086
2011-09-26,88.95388793945312
2011-09-27,95.01032257080078
2011-09-28,88.57534790039062
2011-09-29,89.33240509033203
2011-09-30,93.87472534179688
2011-10-03,93.11768341064453
2011-10-04,93.87472534179688
2011-10-05,92.3606185913086
2011-10-06,98.03853607177734
2011-10-07,95.76734924316406
2011-10-11,96.14588928222656
2011-10-12,98.79557800292969
2011-10-13,97.65999603271484
2011-10-14,95.76734924316406
2011-10-17,96.14588928222656
2011-10-18,102.20233154296875
2011-10-19,100.3096923828125
2011-10-20,96.14588928222656
2011-10-21,93.87472534179688
2011-10-24,94.63179016113281
2011-10-25,89.33240509033203
2011-10-26,91.60356140136719
2011-10-27,90.08946990966797
2011-10-28,88.95388793945312
2011-10-31,91.60356140136719
2011-11-01,91.22504425048828
2011-11-02,88.95388793945312
2011-11-03,86.30418395996094
2011-11-04,86.68270111083984
2011-11-07,92.3606185913086
2011-11-08,90.84651184082031
2011-11-09,90.84651184082031
2011-11-10,87.81829071044922
2011-11-11,91.22504425048828
2011-11-14,91.22504425048828
2011-11-15,90.08946990966797
2011-11-16,90.46798706054688
2011-11-17,91.60356140136719
2011-11-18,89.33240509033203
2011-11-21,83.27596282958984
2011-11-22,78.35511779785156
2011-11-23,72.90434265136719
2011-11-24,70.7845687866211
2011-11-25,69.8003921508789
2011-11-28,69.8761215209961
2011-11-29,74.72126007080078
2011-11-30,71.99586486816406
2011-12-01,75.62971496582031
2011-12-02,74.94837951660156
2011-12-05,72.60148620605469
2011-12-06,71.84445190429688
2011-12-07,68.4377212524414
2011-12-08,67.75636291503906
2011-12-09,69.64899444580078
2011-12-12,68.89193725585938
2011-12-13,70.02751922607422
2011-12-14,71.76875305175781
2011-12-15,70.55745697021484
2011-12-16,69.8003921508789
2011-12-19,66.62078094482422
2011-12-20,67.52923583984375
2011-12-21,72.22297668457031
2011-12-22,70.70886993408203
2011-12-23,73.58565521240234
2011-12-26,78.73365020751953
2011-12-27,76.46248626708984
2011-12-28,75.25119018554688
2011-12-29,75.62971496582031
2011-12-30,75.32689666748047
2012-01-02,75.32689666748047
2012-01-03,75.32689666748047
2012-01-04,75.32689666748047
2012-01-05,75.32689666748047
2012-01-06,73.43425750732422
2012-01-09,70.25464630126953
2012-01-10,74.72126007080078
2012-01-11,75.70542907714844
2012-01-12,74.19131469726562
2012-01-13,73.81278991699219
2012-01-16,74.1156005859375
2012-01-17,79.11217498779297
2012-01-18,84.41153717041016
2012-01-30,88.95388793945312
2012-01-31,88.95388793945312
2012-02-01,90.84651184082031
2012-02-02,86.68270111083984
2012-02-03,87.81829071044922
2012-02-06,88.95388793945312
2012-02-07,88.19681549072266
2012-02-08,90.08946990966797
2012-02-09,90.08946990966797
2012-02-10,87.43976593017578
2012-02-13,87.43976593017578
2012-02-14,90.08946990966797
2012-02-15,96.14588928222656
2012-02-16,89.71092224121094
2012-02-17,91.22504425048828
2012-02-20,89.33240509033203
2012-02-21,89.33240509033203
2012-02-22,91.60356140136719
2012-02-23,90.08946990966797
2012-02-24,87.81829071044922
2012-02-29,87.81829071044922
2012-03-01,88.95388793945312
2012-03-02,91.60356140136719
2012-03-05,89.71092224121094
2012-03-06,89.71092224121094
2012-03-07,88.57534790039062
2012-03-08,89.33240509033203
2012-03-09,89.71092224121094
2012-03-12,87.43976593017578
2012-03-13,87.43976593017578
2012-03-14,89.71092224121094
2012-03-15,92.73915100097656
2012-03-16,90.46798706054688
2012-03-19,89.33240509033203
2012-03-20,88.95388793945312
2012-03-21,88.57534790039062
2012-03-22,90.84651184082031
2012-03-23,90.08946990966797
2012-03-26,88.95388793945312
2012-03-27,88.57534790039062
2012-03-28,87.81829071044922
2012-03-29,82.14038848876953
2012-03-30,84.03302764892578
2012-04-02,79.49070739746094
2012-04-03,76.46248626708984
2012-04-05,74.72126007080078
2012-04-06,77.21954345703125
2012-04-09,74.26703643798828
2012-04-10,74.87266540527344
2012-04-11,75.17548370361328
2012-04-12,77.21954345703125
2012-04-13,77.21954345703125
2012-04-16,75.62971496582031
2012-04-17,73.1314468383789
2012-04-18,71.1631088256836
2012-04-19,69.57329559326172
2012-04-20,68.89193725585938
2012-04-23,68.89193725585938
2012-04-24,70.10321807861328
2012-04-25,70.25464630126953
2012-04-26,70.10321807861328
2012-04-27,69.8003921508789
2012-04-30,71.54163360595703
2012-05-02,76.46248626708984
2012-05-03,79.11217498779297
2012-05-04,79.86923217773438
2012-05-07,79.11217498779297
2012-05-08,78.35511779785156
2012-05-09,78.73365020751953
2012-05-10,77.59806823730469
2012-05-11,77.21954345703125
2012-05-14,76.46248626708984
2012-05-15,80.62627410888672
2012-05-16,79.11217498779297
2012-05-17,79.49070739746094
2012-05-18,76.0839614868164
2012-05-21,76.46248626708984
2012-05-22,78.35511779785156
2012-05-23,77.59806823730469
2012-05-24,79.49070739746094
2012-05-25,79.86923217773438
2012-05-28,82.5188980102539
2012-05-29,85.1686019897461
2012-05-30,85.1686019897461
2012-05-31,86.30418395996094
2012-06-01,80.62627410888672
2012-06-04,76.46248626708984
2012-06-05,81.3833236694336
2012-06-06,82.89743041992188
2012-06-07,81.3833236694336
2012-06-08,79.11217498779297
2012-06-11,80.24775695800781
2012-06-12,79.86923217773438
2012-06-13,80.25883483886719
2012-06-14,80.64842987060547
2012-06-15,83.37567138671875
2012-06-18,81.8172607421875
2012-06-19,79.47962188720703
2012-06-20,82.59647369384766
2012-06-21,83.7652816772461
2012-06-22,84.15487670898438
2012-06-25,82.59647369384766
2012-06-26,80.64842987060547
2012-06-27,80.64842987060547
2012-06-28,79.8692398071289
2012-06-29,81.03804779052734
2012-07-02,80.25883483886719
2012-07-03,80.64842987060547
2012-07-04,81.03804779052734
2012-07-05,81.8172607421875
2012-07-06,81.42765045166016
2012-07-09,79.09001159667969
2012-07-10,76.36278533935547
2012-07-11,75.42771911621094
2012-07-12,75.11602020263672
2012-07-13,74.8043441772461
2012-07-16,73.86930084228516
2012-07-17,73.4017562866211
2012-07-18,72.85633087158203
2012-07-19,74.41474151611328
2012-07-20,73.71346282958984
2012-07-23,71.7654037475586
2012-07-24,72.31087493896484
2012-07-25,72.07711029052734
2012-07-26,72.23294067382812
2012-07-27,73.4017562866211
2012-07-30,72.77839660644531
2012-07-31,76.28485870361328
2012-08-01,78.31079864501953
2012-08-02,78.31079864501953
2012-08-03,78.70040893554688
2012-08-06,78.31079864501953
2012-08-07,79.47962188720703
2012-08-08,79.09001159667969
2012-08-09,80.64842987060547
2012-08-10,80.64842987060547
2012-08-13,81.8172607421875
2012-08-14,80.64842987060547
2012-08-15,80.25883483886719
2012-08-16,81.8172607421875
2012-08-17,84.54448699951172
2012-08-20,84.15487670898438
2012-08-21,84.9341049194336
2012-08-22,84.15487670898438
2012-08-23,85.32371520996094
2012-08-24,85.71331024169922
2012-08-27,85.71331024169922
2012-08-28,82.20685577392578
2012-08-29,83.37567138671875
2012-08-30,85.32371520996094
2012-08-31,84.9341049194336
2012-09-03,87.66134643554688
2012-09-04,89.99897766113281
2012-09-05,89.21976470947266
2012-09-06,90.77819061279297
2012-09-07,91.16780090332031
2012-09-10,91.94700622558594
2012-09-11,91.16780090332031
2012-09-12,92.33660888671875
2012-09-13,89.21976470947266
2012-09-14,89.99897766113281
2012-09-17,89.60935974121094
2012-09-18,91.94700622558594
2012-09-19,92.33660888671875
2012-09-20,92.33660888671875
2012-09-21,93.1158218383789
2012-09-24,93.1158218383789
2012-09-25,90.38858032226562
2012-09-26,89.21976470947266
2012-09-27,90.77819061279297
2012-09-28,90.77819061279297
2012-10-01,89.60935974121094
2012-10-02,89.60935974121094
2012-10-03,91.55741882324219
2012-10-04,90.38858032226562
2012-10-05,89.60935974121094
2012-10-08,85.71331024169922
2012-10-09,81.42765045166016
2012-10-11,79.09001159667969
2012-10-12,80.25883483886719
2012-10-15,81.03804779052734
2012-10-16,80.25883483886719
2012-10-17,80.25883483886719
2012-10-18,79.47962188720703
2012-10-19,79.47962188720703
2012-10-22,80.64842987060547
2012-10-23,79.09001159667969
2012-10-24,79.8692398071289
2012-10-25,78.70040893554688
2012-10-26,76.4406967163086
2012-10-29,74.41474151611328
2012-10-30,73.63552856445312
2012-10-31,72.23294067382812
2012-11-01,72.07711029052734
2012-11-02,72.46670532226562
2012-11-05,71.84335327148438
2012-11-06,72.77839660644531
2012-11-07,72.70048522949219
2012-11-08,71.92125701904297
2012-11-09,73.94721221923828
2012-11-12,72.85633087158203
2012-11-13,71.29788970947266
2012-11-14,71.29788970947266
2012-11-15,71.84335327148438
2012-11-16,71.7654037475586
2012-11-19,70.90828704833984
2012-11-20,70.51868438720703
2012-11-21,69.03816986083984
2012-11-22,69.03816986083984
2012-11-23,72.38878631591797
2012-11-26,74.25890350341797
2012-11-27,74.025146484375
2012-11-28,73.94721221923828
2012-11-29,77.14197540283203
2012-11-30,77.14197540283203
2012-12-03,75.89524841308594
2012-12-04,78.31079864501953
2012-12-05,79.09001159667969
2012-12-06,77.3757553100586
2012-12-07,77.21990203857422
2012-12-10,76.51860046386719
2012-12-11,75.34979248046875
2012-12-12,77.84326934814453
2012-12-13,77.45367431640625
2012-12-14,76.36278533935547
2012-12-17,75.42771911621094
2012-12-18,75.73939514160156
2012-12-19,76.2069320678711
2012-12-20,76.51860046386719
2012-12-21,76.83028411865234
2012-12-24,75.89524841308594
2012-12-25,76.51860046386719
2012-12-26,76.83028411865234
2012-12-27,78.31079864501953
2012-12-28,78.31079864501953
2013-01-02,81.03804779052734
2013-01-03,80.25883483886719
2013-01-04,79.09001159667969
2013-01-07,78.70040893554688
2013-01-08,75.73939514160156
2013-01-09,76.28485870361328
2013-01-10,75.97315979003906
2013-01-11,75.42771911621094
2013-01-14,74.88227844238281
2013-01-15,74.88227844238281
2013-01-16,74.8043441772461
2013-01-17,74.18096923828125
2013-01-18,75.11602020263672
2013-01-21,75.03812408447266
2013-01-22,74.64850616455078
2013-01-23,74.41474151611328
2013-01-24,74.10304260253906
2013-01-25,72.46670532226562
2013-01-28,72.31087493896484
2013-01-29,75.2718734741211
2013-01-30,75.2718734741211
2013-01-31,74.72642517089844
2013-02-01,74.72642517089844
2013-02-04,73.24591827392578
2013-02-05,72.85633087158203
2013-02-06,73.09008026123047
2013-02-18,72.70048522949219
2013-02-19,73.7913589477539
2013-02-20,73.4017562866211
2013-02-21,72.77839660644531
2013-02-22,74.33683013916016
2013-02-25,74.88227844238281
2013-02-26,74.025146484375
2013-02-27,73.86930084228516
2013-03-01,73.4017562866211
2013-03-04,72.85633087158203
2013-03-05,73.09008026123047
2013-03-06,72.31087493896484
2013-03-07,73.32384490966797
2013-03-08,74.10304260253906
2013-03-11,73.94721221923828
2013-03-12,73.01216125488281
2013-03-13,72.54463958740234
2013-03-14,72.54463958740234
2013-03-15,72.38878631591797
2013-03-18,71.4537353515625
2013-03-19,71.6875
2013-03-20,71.53165435791016
2013-03-21,71.53165435791016
2013-03-22,71.21997833251953
2013-03-25,71.4537353515625
2013-03-26,71.6875
2013-03-27,72.46670532226562
2013-03-28,71.6875
2013-03-29,71.60958862304688
2013-04-01,71.21997833251953
2013-04-02,71.4537353515625
2013-04-03,71.99918365478516
2013-04-08,70.28490447998047
2013-04-09,70.28490447998047
2013-04-10,70.51868438720703
2013-04-11,71.4537353515625
2013-04-12,70.90828704833984
2013-04-15,70.28490447998047
2013-04-16,69.81739807128906
2013-04-17,69.89530944824219
2013-04-18,69.03816986083984
2013-04-19,69.81739807128906
2013-04-22,70.0511474609375
2013-04-23,69.58362579345703
2013-04-24,70.12908935546875
2013-04-25,69.34986877441406
2013-04-26,69.42778778076172
2013-04-29,69.19402313232422
2013-04-30,69.89530944824219
2013-05-02,74.41474151611328
2013-05-03,72.70048522949219
2013-05-06,73.09008026123047
2013-05-07,74.025146484375
2013-05-08,73.63552856445312
2013-05-09,75.11602020263672
2013-05-10,74.18096923828125
2013-05-13,75.03812408447266
2013-05-14,73.94721221923828
2013-05-15,73.63552856445312
2013-05-16,75.81732177734375
2013-05-17,74.41474151611328
2013-05-20,74.10304260253906
2013-05-21,76.51860046386719
2013-05-22,79.09001159667969
2013-05-23,78.31079864501953
2013-05-24,77.14197540283203
2013-05-27,77.92119598388672
2013-05-28,77.84326934814453
2013-05-29,77.76534271240234
2013-05-30,78.70040893554688
2013-05-31,77.06407165527344
2013-06-03,76.05109405517578
2013-06-04,75.19396209716797
2013-06-05,75.11602020263672
2013-06-06,74.25890350341797
2013-06-07,73.09008026123047
2013-06-10,74.5705795288086
2013-06-11,73.63552856445312
2013-06-13,72.85633087158203
2013-06-14,74.10304260253906
2013-06-17,75.34979248046875
2013-06-18,75.11602020263672
2013-06-19,75.66148376464844
2013-06-20,75.81732177734375
2013-06-21,77.45367431640625
2013-06-24,77.3757553100586
2013-06-25,74.88227844238281
2013-06-26,75.50563049316406
2013-06-27,76.2069320678711
2013-06-28,75.66148376464844
2013-07-01,77.60951232910156
2013-07-02,77.21990203857422
2013-07-03,77.53158569335938
2013-07-04,78.70040893554688
2013-07-05,78.31079864501953
2013-07-08,78.70040893554688
2013-07-09,77.2978286743164
2013-07-10,77.14197540283203
2013-07-11,76.75238800048828
2013-07-12,77.53158569335938
2013-07-15,77.60951232910156
2013-07-16,77.60951232910156
2013-07-17,77.85053253173828
2013-07-18,78.33258819580078
2013-07-19,76.16338348388672
2013-07-22,76.4043960571289
2013-07-23,77.36849212646484
2013-07-24,77.4488296508789
2013-07-25,78.89496612548828
2013-07-26,77.6898422241211
2013-07-29,76.80609893798828
2013-07-30,77.4488296508789
2013-07-31,76.88644409179688
2013-08-01,77.6898422241211
2013-08-02,76.16338348388672
2013-08-05,75.52063751220703
2013-08-06,75.52063751220703
2013-08-07,74.07450866699219
2013-08-08,73.91381072998047
2013-08-09,73.91381072998047
2013-08-12,71.26255798339844
2013-08-13,71.26255798339844
2013-08-14,71.02153015136719
2013-08-15,70.61983489990234
2013-08-16,70.70018005371094
2013-08-19,70.78050994873047
2013-08-20,70.37882232666016
2013-08-22,70.37882232666016
2013-08-23,70.13778686523438
2013-08-26,70.29846954345703
2013-08-27,72.3070068359375
2013-08-28,72.06597137451172
2013-08-29,71.82495880126953
2013-08-30,71.98564147949219
2013-09-02,72.54802703857422
2013-09-03,73.11039733886719
2013-09-04,72.38732147216797
2013-09-05,73.27108764648438
2013-09-06,73.27108764648438
2013-09-09,73.51211547851562
2013-09-10,73.19075775146484
2013-09-11,73.11039733886719
2013-09-12,72.94972229003906
2013-09-13,72.38732147216797
2013-09-16,71.58391571044922
2013-09-17,70.53949737548828
2013-09-18,69.65574645996094
2013-09-23,69.41471862792969
2013-09-24,70.13778686523438
2013-09-25,71.34291076660156
2013-09-26,70.29846954345703
2013-09-27,70.37882232666016
2013-09-30,69.97709655761719
2013-10-01,69.57538604736328
2013-10-02,69.57538604736328
2013-10-03,69.57538604736328
2013-10-04,69.736083984375
2013-10-07,68.28994750976562
2013-10-08,67.16516876220703
2013-10-09,64.11221313476562
2013-10-11,63.0677604675293
2013-10-14,61.70197296142578
2013-10-15,62.5053825378418
2013-10-16,62.5053825378418
2013-10-17,62.987430572509766
2013-10-18,62.66606521606445
2013-10-21,62.023338317871094
2013-10-22,61.460941314697266
2013-10-23,60.8985595703125
2013-10-24,61.21992874145508
2013-10-25,62.34469985961914
2013-10-28,61.86265563964844
2013-10-29,60.97890090942383
2013-10-30,59.372074127197266
2013-10-31,58.72935104370117
2013-11-01,55.83707046508789
2013-11-04,52.62342834472656
2013-11-05,54.87297058105469
2013-11-06,53.989219665527344
2013-11-07,53.0251350402832
2013-11-08,54.310585021972656
2013-11-11,53.66786575317383
2013-11-12,55.114009857177734
2013-11-13,55.03365707397461
2013-11-14,56.56013488769531
2013-11-15,56.07809829711914
2013-11-18,56.15843200683594
2013-11-19,56.39945983886719
2013-11-20,55.274688720703125
2013-11-21,53.66786575317383
2013-11-22,54.06957244873047
2013-11-25,54.310585021972656
2013-11-26,57.20287322998047
2013-11-27,58.64901351928711
2013-11-28,58.48833084106445
2013-11-29,60.657535552978516
2013-12-02,59.854129791259766
2013-12-03,60.25583267211914
2013-12-04,60.25583267211914
2013-12-05,59.773780822753906
2013-12-06,61.78231430053711
2013-12-09,59.934471130371094
2013-12-10,59.61309814453125
2013-12-11,59.291751861572266
2013-12-12,60.33617401123047
2013-12-13,59.854129791259766
2013-12-16,60.4165153503418
2013-12-17,59.61309814453125
2013-12-18,59.05070877075195
2013-12-19,58.407989501953125
2013-12-20,58.32765197753906
2013-12-23,58.2473030090332
2013-12-24,58.32765197753906
2013-12-25,58.166961669921875
2013-12-26,59.53276062011719
2013-12-27,59.211395263671875
2013-12-30,59.53276062011719
2013-12-31,59.45240783691406
2014-01-02,60.33617401123047
2014-01-03,59.773780822753906
2014-01-06,59.61309814453125
2014-01-07,61.70197296142578
2014-01-08,65.96003723144531
2014-01-09,63.630157470703125
2014-01-10,64.99596405029297
2014-01-13,63.4694709777832
2014-01-14,62.9070930480957
2014-01-15,63.22845458984375
2014-01-16,62.5053825378418
2014-01-17,63.54981994628906
2014-01-20,63.4694709777832
2014-01-21,63.710506439208984
2014-01-22,63.630157470703125
2014-01-23,61.78231430053711
2014-01-24,60.25583267211914
2014-01-27,60.49686813354492
2014-02-05,60.73788070678711
2014-02-06,61.78231430053711
2014-02-07,63.630157470703125
2014-02-10,62.74640655517578
2014-02-11,63.0677604675293
2014-02-12,63.148101806640625
2014-02-13,62.5053825378418
2014-02-14,61.059234619140625
2014-02-17,62.66606521606445
2014-02-18,62.34469985961914
2014-02-19,63.22845458984375
2014-02-20,62.585723876953125
2014-02-21,63.0677604675293
2014-02-24,62.74640655517578
2014-02-25,63.710506439208984
2014-02-26,63.0677604675293
2014-02-27,63.4694709777832
2014-03-03,65.47799682617188
2014-03-04,66.52244567871094
2014-03-05,66.36175537109375
2014-03-06,67.7275619506836
2014-03-07,68.28994750976562
2014-03-10,70.70018005371094
2014-03-11,69.97709655761719
2014-03-12,69.57538604736328
2014-03-13,69.33439636230469
2014-03-14,68.28994750976562
2014-03-17,69.41471862792969
2014-03-18,69.65574645996094
2014-03-19,68.12926483154297
2014-03-20,67.56686401367188
2014-03-21,69.09334564208984
2014-03-24,68.53096771240234
2014-03-25,69.2540283203125
2014-03-26,69.09334564208984
2014-03-27,69.41471862792969
2014-03-28,68.85234069824219
2014-03-31,71.1822280883789
2014-04-01,70.61983489990234
2014-04-02,70.53949737548828
2014-04-03,70.70018005371094
2014-04-07,71.02153015136719
2014-04-08,71.66426086425781
2014-04-09,72.2266616821289
2014-04-10,71.74462127685547
2014-04-11,70.94120025634766
2014-04-14,70.45915222167969
2014-04-15,70.45915222167969
2014-04-16,71.1822280883789
2014-04-17,71.34291076660156
2014-04-18,71.82495880126953
2014-04-21,70.70018005371094
2014-04-22,71.10189056396484
2014-04-23,70.53949737548828
2014-04-24,69.49505615234375
2014-04-25,67.00448608398438
2014-04-28,67.88823699951172
2014-04-29,68.04891967773438
2014-04-30,67.48652648925781
2014-05-02,69.49505615234375
2014-05-05,69.57538604736328
2014-05-06,69.65574645996094
2014-05-07,71.4232406616211
2014-05-08,72.46768188476562
2014-05-09,71.50357818603516
2014-05-12,71.66426086425781
2014-05-13,70.78050994873047
2014-05-14,68.85234069824219
2014-05-15,69.01301574707031
2014-05-16,69.49505615234375
2014-05-19,70.29846954345703
2014-05-20,69.81642150878906
2014-05-21,69.49505615234375
2014-05-22,72.94972229003906
2014-05-23,77.52916717529297
2014-05-26,77.28813171386719
2014-05-27,79.93939971923828
2014-05-28,79.135986328125
2014-05-29,78.81462097167969
2014-05-30,79.5376968383789
2014-06-03,77.36849212646484
2014-06-04,80.7428207397461
2014-06-05,80.34111022949219
2014-06-06,78.97531127929688
2014-06-09,78.73429107666016
2014-06-10,79.135986328125
2014-06-11,79.37702178955078
2014-06-12,78.49325561523438
2014-06-13,78.73429107666016
2014-06-16,78.73429107666016
2014-06-17,76.15867614746094
2014-06-18,75.18436431884766
2014-06-19,76.4022445678711
2014-06-20,77.13298797607422
2014-06-23,74.9407958984375
2014-06-24,75.10316467285156
2014-06-25,75.10316467285156
2014-06-26,76.4022445678711
2014-06-27,75.5091323852539
2014-06-30,75.5091323852539
2014-07-01,77.78253173828125
2014-07-02,76.3210678100586
2014-07-03,76.72702026367188
2014-07-04,76.15867614746094
2014-07-07,75.10316467285156
2014-07-08,74.85958862304688
2014-07-09,73.80408477783203
2014-07-10,73.80408477783203
2014-07-11,71.44950866699219
2014-07-14,72.82978820800781
2014-07-15,73.96646881103516
2014-07-16,73.07335662841797
2014-07-17,73.07335662841797
2014-07-18,73.47933197021484
2014-07-21,72.66739654541016
2014-07-22,72.09903717041016
2014-07-23,72.09903717041016
2014-07-24,72.09903717041016
2014-07-25,72.42382049560547
2014-07-28,71.28711700439453
2014-07-29,68.85134887695312
2014-07-30,69.09491729736328
2014-07-31,69.17610931396484
2014-08-01,69.17610931396484
2014-08-04,68.68896484375
2014-08-05,69.17610931396484
2014-08-06,67.22750091552734
2014-08-07,63.33023452758789
2014-08-08,63.57382583618164
2014-08-11,65.36006164550781
2014-08-12,65.84722137451172
2014-08-13,67.63345336914062
2014-08-14,67.22750091552734
2014-08-15,67.47106170654297
2014-08-18,67.30867767333984
2014-08-19,66.74032592773438
2014-08-20,66.0907974243164
2014-08-21,65.36006164550781
2014-08-22,67.06510925292969
2014-08-25,67.38987731933594
2014-08-26,67.95821380615234
2014-08-27,67.71465301513672
2014-08-28,67.79584503173828
2014-08-29,67.79584503173828
2014-09-01,68.52656555175781
2014-09-02,67.71465301513672
2014-09-03,67.47106170654297
2014-09-04,67.38987731933594
2014-09-05,67.79584503173828
2014-09-09,67.95821380615234
2014-09-10,68.36419677734375
2014-09-11,68.28300476074219
2014-09-12,67.38987731933594
2014-09-15,66.6591567993164
2014-09-16,66.25318145751953
2014-09-17,66.25318145751953
2014-09-18,66.25318145751953
2014-09-19,67.14629364013672
2014-09-22,66.49674987792969
2014-09-23,66.0907974243164
2014-09-24,70.63758087158203
2014-09-25,74.29124450683594
2014-09-26,73.88529968261719
2014-09-29,74.61601257324219
2014-09-30,74.21005249023438
2014-10-01,75.42794799804688
2014-10-02,75.99628448486328
2014-10-03,77.13298797607422
2014-10-06,76.48345184326172
2014-10-07,74.61601257324219
2014-10-08,74.53483581542969
2014-10-09,73.15454864501953
2014-10-13,68.36419677734375
2014-10-14,69.66326904296875
2014-10-15,71.61190032958984
2014-10-16,71.28711700439453
2014-10-17,70.47520446777344
2014-10-20,72.9921646118164
2014-10-21,74.4536361694336
2014-10-22,73.6417007446289
2014-10-23,74.9407958984375
2014-10-24,73.31693267822266
2014-10-27,70.63758087158203
2014-10-28,72.01785278320312
2014-10-29,73.722900390625
2014-10-30,74.29124450683594
2014-10-31,74.4536361694336
2014-11-03,73.2357406616211
2014-11-04,72.09903717041016
2014-11-05,73.88529968261719
2014-11-06,72.01785278320312
2014-11-07,72.01785278320312
2014-11-10,71.36832427978516
2014-11-11,71.61190032958984
2014-11-12,70.7187728881836
2014-11-13,71.85546875
2014-11-14,72.18024444580078
2014-11-17,72.01785278320312
2014-11-18,69.988037109375
2014-11-19,70.15042877197266
2014-11-20,71.20592498779297
2014-11-21,70.31281280517578
2014-11-24,70.31281280517578
2014-11-25,70.96235656738281
2014-11-26,73.07335662841797
2014-11-27,73.47933197021484
2014-11-28,72.50502014160156
2014-12-01,75.75272369384766
2014-12-02,76.4022445678711
2014-12-03,76.4022445678711
2014-12-04,75.5091323852539
2014-12-05,76.56465148925781
2014-12-08,75.91510772705078
2014-12-09,74.69720458984375
2014-12-10,74.12884521484375
2014-12-11,74.69720458984375
2014-12-12,75.02198791503906
2014-12-15,78.1072998046875
2014-12-16,75.59032440185547
2014-12-17,75.59032440185547
2014-12-18,75.26555633544922
2014-12-19,75.83390808105469
2014-12-22,75.59032440185547
2014-12-23,75.5091323852539
2014-12-24,75.26555633544922
2014-12-25,74.61601257324219
2014-12-26,74.3724365234375
2014-12-29,74.4536361694336
2014-12-30,75.5091323852539
2014-12-31,75.26555633544922
2015-01-05,75.59032440185547
2015-01-06,73.722900390625
2015-01-07,73.15454864501953
2015-01-08,73.80408477783203
2015-01-09,73.15454864501953
2015-01-12,72.26143646240234
2015-01-13,72.26143646240234
2015-01-14,72.18024444580078
2015-01-15,71.9366683959961
2015-01-16,72.66739654541016
2015-01-19,71.44950866699219
2015-01-20,72.26143646240234
2015-01-21,71.77428436279297
2015-01-22,72.34263610839844
2015-01-23,73.07335662841797
2015-01-26,72.58619689941406
2015-01-27,72.66739654541016
2015-01-28,72.74858856201172
2015-01-29,72.26143646240234
2015-01-30,71.69308471679688
2015-02-02,71.28711700439453
2015-02-03,71.61190032958984
2015-02-04,71.61190032958984
2015-02-05,70.23162078857422
2015-02-06,69.82565307617188
2015-02-09,70.39401245117188
2015-02-10,70.23162078857422
2015-02-11,71.12474060058594
2015-02-12,72.01785278320312
2015-02-13,71.44950866699219
2015-02-24,71.85546875
2015-02-25,71.36832427978516
2015-02-26,70.88116455078125
2015-03-02,70.63758087158203
2015-03-03,70.15042877197266
2015-03-04,70.06922912597656
2015-03-05,71.20592498779297
2015-03-06,71.04354095458984
2015-03-09,71.36832427978516
2015-03-10,71.04354095458984
2015-03-11,70.47520446777344
2015-03-12,70.55638122558594
2015-03-13,70.55638122558594
2015-03-16,70.06922912597656
2015-03-17,69.90685272216797
2015-03-18,69.988037109375
2015-03-19,70.39401245117188
2015-03-20,70.15042877197266
2015-03-23,70.96235656738281
2015-03-24,69.988037109375
2015-03-25,68.77014923095703
2015-03-26,68.2018051147461
2015-03-27,68.28300476074219
2015-03-30,67.79584503173828
2015-03-31,67.38987731933594
2015-04-01,66.821533203125
2015-04-02,67.22750091552734
2015-04-07,67.22750091552734
2015-04-08,68.36419677734375
2015-04-09,66.821533203125
2015-04-10,66.74032592773438
2015-04-13,67.06510925292969
2015-04-14,66.74032592773438
2015-04-15,66.57794952392578
2015-04-16,66.41555786132812
2015-04-17,66.57794952392578
2015-04-20,66.3343734741211
2015-04-21,65.76602172851562
2015-04-22,65.03528594970703
2015-04-23,65.84722137451172
2015-04-24,66.0907974243164
2015-04-27,66.98390197753906
2015-04-28,66.74032592773438
2015-04-29,66.0907974243164
2015-04-30,65.52244567871094
2015-05-04,65.76602172851562
2015-05-05,66.00960540771484
2015-05-06,68.68896484375
2015-05-07,67.06510925292969
2015-05-08,67.06510925292969
2015-05-11,65.84722137451172
2015-05-12,65.68482208251953
2015-05-13,66.49674987792969
2015-05-14,66.17198944091797
2015-05-15,67.71465301513672
2015-05-18,66.17198944091797
2015-05-19,66.25318145751953
2015-05-20,65.76602172851562
2015-05-21,66.00960540771484
2015-05-22,66.49674987792969
2015-05-25,66.0907974243164
2015-05-26,65.68482208251953
2015-05-27,65.36006164550781
2015-05-28,66.49674987792969
2015-05-29,70.39401245117188
2015-06-01,69.01371765136719
2015-06-02,69.01371765136719
2015-06-03,68.2018051147461
2015-06-04,68.6077651977539
2015-06-05,69.66326904296875
2015-06-08,68.6077651977539
2015-06-09,63.65501403808594
2015-06-10,65.03528594970703
2015-06-11,63.492637634277344
2015-06-12,63.89857482910156
2015-06-15,63.41141891479492
2015-06-16,63.41141891479492
2015-06-17,63.32700729370117
2015-06-18,64.25579071044922
2015-06-22,64.59354400634766
2015-06-23,64.59354400634766
2015-06-24,64.76241302490234
2015-06-25,65.01571655273438
2015-06-26,64.67796325683594
2015-06-29,64.08692932128906
2015-06-30,64.59354400634766
2015-07-01,65.01571655273438
2015-07-02,65.18458557128906
2015-07-03,65.26903533935547
2015-07-06,64.1713638305664
2015-07-07,68.30872344970703
2015-07-08,67.12662506103516
2015-07-09,67.2110595703125
2015-07-10,67.2110595703125
2015-07-13,68.05541229248047
2015-07-14,66.8733139038086
2015-07-15,66.45111846923828
2015-07-16,67.2110595703125
2015-07-17,66.19783020019531
2015-07-20,65.60677337646484
2015-07-21,65.52233123779297
2015-07-22,64.67796325683594
2015-07-23,61.72272491455078
2015-07-24,61.89158630371094
2015-07-27,59.78068923950195
2015-07-28,60.456172943115234
2015-07-29,61.04723358154297
2015-07-30,61.63827896118164
2015-07-31,60.540611267089844
2015-08-03,59.52738952636719
2015-08-04,58.51415252685547
2015-08-05,59.52738952636719
2015-08-06,58.59859085083008
2015-08-07,58.4296989440918
2015-08-10,58.007530212402344
2015-08-11,58.4296989440918
2015-08-12,57.24760818481445
2015-08-13,58.59859085083008
2015-08-14,58.09196853637695
2015-08-17,57.58534240722656
2015-08-18,57.3320426940918
2015-08-19,55.812191009521484
2015-08-20,55.136714935302734
2015-08-21,49.64836883544922
2015-08-24,44.75108337402344
2015-08-25,44.328895568847656
2015-08-26,44.66664505004883
2015-08-27,48.212955474853516
2015-08-28,49.141754150390625
2015-08-31,48.55070114135742
2015-09-01,48.6351318359375
2015-09-02,49.563926696777344
2015-09-03,49.64836883544922
2015-09-04,48.6351318359375
2015-09-07,48.3818244934082
2015-09-08,48.719573974609375
2015-09-09,49.64836883544922
2015-09-10,49.563926696777344
2015-09-11,51.168212890625
2015-09-14,50.49272537231445
2015-09-15,49.81724166870117
2015-09-16,50.323856353759766
2015-09-17,51.252655029296875
2015-09-18,54.292354583740234
2015-09-21,51.84370422363281
2015-09-22,51.50596237182617
2015-09-23,49.81724166870117
2015-09-24,49.31062316894531
2015-09-25,49.2261848449707
2015-09-29,49.2261848449707
2015-09-30,49.057308197021484
2015-10-01,50.15498352050781
2015-10-02,51.50596237182617
2015-10-05,51.75926971435547
2015-10-06,51.168212890625
2015-10-07,52.09701156616211
2015-10-08,51.252655029296875
2015-10-12,51.928138732910156
2015-10-13,52.2658805847168
2015-10-14,52.68806076049805
2015-10-15,52.68806076049805
2015-10-16,51.50596237182617
2015-10-19,56.65655517578125
2015-10-20,57.07874298095703
2015-10-21,55.812191009521484
2015-10-22,56.318809509277344
2015-10-23,55.98107147216797
2015-10-26,56.82543182373047
2015-10-27,55.98107147216797
2015-10-28,55.390010833740234
2015-10-29,54.88339614868164
2015-10-30,55.55889129638672
2015-11-02,55.136714935302734
2015-11-03,55.896636962890625
2015-11-04,58.260833740234375
2015-11-05,57.41647720336914
2015-11-06,56.90986633300781
2015-11-09,57.83866500854492
2015-11-10,57.41647720336914
2015-11-11,56.40325164794922
2015-11-12,56.318809509277344
2015-11-13,56.65655517578125
2015-11-16,55.896636962890625
2015-11-17,56.4876823425293
2015-11-18,58.767452239990234
2015-11-19,58.767452239990234
2015-11-20,58.260833740234375
2015-11-23,57.83866500854492
2015-11-24,56.82543182373047
2015-11-25,56.740989685058594
2015-11-26,57.58534240722656
2015-11-27,57.83866500854492
2015-11-30,57.3320426940918
2015-12-01,58.09196853637695
2015-12-02,58.09196853637695
2015-12-03,61.55384826660156
2015-12-04,61.38498306274414
2015-12-07,60.118438720703125
2015-12-08,59.10519790649414
2015-12-09,57.58534240722656
2015-12-10,56.4876823425293
2015-12-11,55.812191009521484
2015-12-14,55.052268981933594
2015-12-15,56.14993667602539
2015-12-16,56.318809509277344
2015-12-17,56.82543182373047
2015-12-18,56.82543182373047
2015-12-21,57.16316604614258
2015-12-22,57.50091552734375
2015-12-23,56.90986633300781
2015-12-24,56.57211685180664
2015-12-25,56.65655517578125
2015-12-28,56.234378814697266
2015-12-29,55.72776794433594
2015-12-30,55.47445297241211
2015-12-31,55.72776794433594
2016-01-04,55.896636962890625
2016-01-05,54.039039611816406
2016-01-06,55.6433219909668
2016-01-07,53.11023712158203
2016-01-08,53.53242492675781
2016-01-11,51.590396881103516
2016-01-12,50.239418029785156
2016-01-13,50.830474853515625
2016-01-14,49.90167236328125
2016-01-15,50.49272537231445
2016-01-18,52.09701156616211
2016-01-19,51.928138732910156
2016-01-20,50.57716751098633
2016-01-21,50.57716751098633
2016-01-22,51.252655029296875
2016-01-25,52.2658805847168
2016-01-26,51.42152786254883
2016-01-27,51.928138732910156
2016-01-28,54.46121597290039
2016-01-29,54.46121597290039
2016-02-01,55.72776794433594
2016-02-02,55.305580139160156
2016-02-03,55.22114181518555
2016-02-15,58.59859085083008
2016-02-16,62.651512145996094
2016-02-17,61.80714797973633
2016-02-18,62.7359504699707
2016-02-19,68.98420715332031
2016-02-22,69.4063949584961
2016-02-23,69.4063949584961
2016-02-24,69.32195281982422
2016-02-25,69.57525634765625
2016-02-26,70.50404357910156
2016-03-01,74.89474487304688
2016-03-02,73.7126235961914
2016-03-03,74.55699157714844
2016-03-04,73.88150024414062
2016-03-07,74.810302734375
2016-03-08,72.27720642089844
2016-03-09,73.7126235961914
2016-03-10,74.38812255859375
2016-03-11,74.30368041992188
2016-03-14,74.05037689208984
2016-03-15,70.92623901367188
2016-03-16,72.86827087402344
2016-03-17,71.60173797607422
2016-03-18,73.12157440185547
2016-03-21,72.61495971679688
2016-03-22,71.77059173583984
2016-03-23,74.30368041992188
2016-03-24,73.20601654052734
2016-03-25,71.85504150390625
2016-03-28,70.08187103271484
2016-03-29,69.49082946777344
2016-03-30,71.93946075439453
2016-03-31,71.01067352294922
2016-04-01,71.1795654296875
2016-04-06,71.68617248535156
2016-04-07,69.65970611572266
2016-04-08,69.744140625
2016-04-11,69.99744415283203
2016-04-12,68.56201934814453
2016-04-13,69.4063949584961
2016-04-14,68.73089599609375
2016-04-15,68.56201934814453
2016-04-18,68.13985443115234
2016-04-19,67.8021240234375
2016-04-20,66.28226470947266
2016-04-21,66.0289535522461
2016-04-22,65.10015106201172
2016-04-25,64.67796325683594
2016-04-26,64.84684753417969
2016-04-27,64.67796325683594
2016-04-28,63.918052673339844
2016-04-29,63.749183654785156
2016-05-03,62.06045913696289
2016-05-04,62.482635498046875
2016-05-05,61.38498306274414
2016-05-06,57.3320426940918
2016-05-09,58.17640686035156
2016-05-10,59.611812591552734
2016-05-11,60.28731155395508
2016-05-12,59.44294357299805
2016-05-13,58.260833740234375
2016-05-16,60.03398513793945
2016-05-17,60.20286560058594
2016-05-18,59.94955825805664
2016-05-19,60.20286560058594
2016-05-20,59.78068923950195
2016-05-23,61.04723358154297
2016-05-24,60.793914794921875
2016-05-25,62.7359504699707
2016-05-26,62.06045913696289
2016-05-27,61.89158630371094
2016-05-30,62.398197174072266
2016-05-31,62.651512145996094
2016-06-01,63.158138275146484
2016-06-02,61.80714797973633
2016-06-03,61.89158630371094
2016-06-06,62.398197174072266
2016-06-07,63.8336067199707
2016-06-08,63.918052673339844
2016-06-13,63.566375732421875
2016-06-14,63.30260467529297
2016-06-15,62.863006591796875
2016-06-16,62.15964889526367
2016-06-17,62.77509689331055
2016-06-20,63.30260467529297
2016-06-21,64.53349304199219
2016-06-22,64.44557189941406
2016-06-23,64.00597381591797
2016-06-24,62.24756622314453
2016-06-27,63.47844696044922
2016-06-28,63.30260467529297
2016-06-29,64.62141418457031
2016-06-30,64.35765075683594
2016-07-01,65.85230255126953
2016-07-04,65.0610122680664
2016-07-05,66.9952621459961
2016-07-06,64.62141418457031
2016-07-07,65.14894104003906
2016-07-08,65.14894104003906
2016-07-11,64.79724884033203
2016-07-12,64.88518524169922
2016-07-13,64.26973724365234
2016-07-14,64.09388732910156
2016-07-15,64.18180847167969
2016-07-18,64.26973724365234
2016-07-19,64.44557189941406
2016-07-20,64.97309112548828
2016-07-21,66.46772766113281
2016-07-22,68.05030822753906
2016-07-25,67.34693908691406
2016-07-26,67.08318328857422
2016-07-27,68.40198516845703
2016-07-28,68.48990631103516
2016-07-29,67.43486785888672
2016-08-01,67.96238708496094
2016-08-02,68.84158325195312
2016-08-03,68.48990631103516
2016-08-04,69.5449447631836
2016-08-05,67.96238708496094
2016-08-08,68.05030822753906
2016-08-09,68.3140640258789
2016-08-10,69.45703887939453
2016-08-11,69.89663696289062
2016-08-12,70.07246398925781
2016-08-15,69.7208023071289
2016-08-16,69.45703887939453
2016-08-17,68.3140640258789
2016-08-18,67.96238708496094
2016-08-19,66.73149871826172
2016-08-22,65.50061798095703
2016-08-23,65.7643814086914
2016-08-24,65.58854675292969
2016-08-25,65.7643814086914
2016-08-26,65.85230255126953
2016-08-29,65.58854675292969
2016-08-30,65.4126968383789
2016-08-31,65.0610122680664
2016-09-01,66.37982177734375
2016-09-02,66.55565643310547
2016-09-05,66.64356994628906
2016-09-06,67.34693908691406
2016-09-07,67.87446594238281
2016-09-08,67.61070251464844
2016-09-09,67.78654479980469
2016-09-12,66.2039794921875
2016-09-13,65.67645263671875
2016-09-14,65.50061798095703
2016-09-19,67.34693908691406
2016-09-20,67.43486785888672
2016-09-21,67.43486785888672
2016-09-22,68.75366973876953
2016-09-23,68.40198516845703
2016-09-26,67.78654479980469
2016-09-27,67.78654479980469
2016-09-28,67.78654479980469
2016-09-29,67.61070251464844
2016-09-30,66.81941986083984
2016-10-03,66.81941986083984
2016-10-04,67.08318328857422
2016-10-05,67.34693908691406
2016-10-06,67.69862365722656
2016-10-07,67.87446594238281
2016-10-11,66.81941986083984
2016-10-12,66.90734100341797
2016-10-13,67.259033203125
2016-10-14,67.43486785888672
2016-10-17,67.17111206054688
2016-10-18,66.73149871826172
2016-10-19,66.90734100341797
2016-10-20,68.05030822753906
2016-10-21,68.75366973876953
2016-10-24,69.01742553710938
2016-10-25,70.24830627441406
2016-10-26,70.33623504638672
2016-10-27,71.39127349853516
2016-10-28,71.39127349853516
2016-10-31,70.77583312988281
2016-11-01,70.42415618896484
2016-11-02,69.45703887939453
2016-11-03,68.75366973876953
2016-11-04,68.92951202392578
2016-11-07,69.28119659423828
2016-11-08,68.13822174072266
2016-11-09,65.0610122680664
2016-11-10,67.259033203125
2016-11-11,66.81941986083984
2016-11-14,66.37982177734375
2016-11-15,66.02812957763672
2016-11-16,66.2039794921875
2016-11-17,65.67645263671875
2016-11-18,67.259033203125
2016-11-21,67.34693908691406
2016-11-22,67.34693908691406
2016-11-23,67.34693908691406
2016-11-24,66.81941986083984
2016-11-25,66.90734100341797
2016-11-28,68.75366973876953
2016-11-29,67.69862365722656
2016-11-30,67.34693908691406
2016-12-01,67.52278900146484
2016-12-02,66.90734100341797
2016-12-05,66.73149871826172
2016-12-06,68.22614288330078
2016-12-07,68.92951202392578
2016-12-08,68.92951202392578
2016-12-09,68.48990631103516
2016-12-12,68.22614288330078
2016-12-13,68.22614288330078
2016-12-14,69.36911010742188
2016-12-15,69.10535430908203
2016-12-16,69.28119659423828
2016-12-19,68.22614288330078
2016-12-20,68.40198516845703
2016-12-21,68.13822174072266
2016-12-22,67.69862365722656
2016-12-23,67.96238708496094
2016-12-26,68.13822174072266
2016-12-27,67.87446594238281
2016-12-28,69.63287353515625
2016-12-29,69.01742553710938
2016-12-30,69.01742553710938
2017-01-03,69.36911010742188
2017-01-04,70.33623504638672
2017-01-05,70.77583312988281
2017-01-06,71.21543884277344
2017-01-09,70.33623504638672
2017-01-10,70.24830627441406
2017-01-11,70.95167541503906
2017-01-12,70.160400390625
2017-01-13,69.7208023071289
2017-01-16,69.45703887939453
2017-01-17,70.07246398925781
2017-01-18,69.98455047607422
2017-01-19,69.63287353515625
2017-01-20,69.89663696289062
2017-01-23,70.33623504638672
2017-01-24,70.160400390625
2017-02-02,70.60000610351562
2017-02-03,69.80870056152344
2017-02-06,71.03959655761719
2017-02-07,71.39127349853516
2017-02-08,71.12751770019531
2017-02-09,72.53424072265625
2017-02-10,73.41343688964844
2017-02-13,80.0074691772461
2017-02-14,81.76586151123047
2017-02-15,81.94170379638672
2017-02-16,80.71082305908203
2017-02-17,80.9745864868164
2017-02-20,85.28268432617188
2017-02-21,86.1618881225586
2017-02-22,86.86524963378906
2017-02-23,90.55789184570312
2017-02-24,89.67869567871094
2017-03-01,89.67869567871094
2017-03-02,91.87669372558594
2017-03-03,93.19551849365234
2017-03-06,94.51432037353516
2017-03-07,95.83311462402344
2017-03-08,95.83311462402344
2017-03-09,98.0311279296875
2017-03-10,96.71232604980469
2017-03-13,92.31629180908203
2017-03-14,98.0311279296875
2017-03-15,95.39351654052734
2017-03-16,95.83311462402344
2017-03-17,95.83311462402344
2017-03-20,94.51432037353516
2017-03-21,94.51432037353516
2017-03-22,93.63511657714844
2017-03-23,92.31629180908203
2017-03-24,89.67869567871094
2017-03-27,90.99750518798828
2017-03-28,89.23909759521484
2017-03-29,91.43709564208984
2017-03-30,90.11830139160156
2017-03-31,89.23909759521484
2017-04-05,91.87669372558594
2017-04-06,89.23909759521484
2017-04-07,90.55789184570312
2017-04-10,87.9202880859375
2017-04-11,85.28268432617188
2017-04-12,85.4585189819336
2017-04-13,85.7222900390625
2017-04-14,84.40348815917969
2017-04-17,84.75516510009766
2017-04-18,86.77732849121094
2017-04-19,84.93099975585938
2017-04-20,84.13971710205078
2017-04-21,87.8323745727539
2017-04-24,88.79949951171875
2017-04-25,88.79949951171875
2017-04-26,89.23909759521484
2017-04-27,93.63511657714844
2017-04-28,92.75589752197266
2017-05-02,89.23909759521484
2017-05-03,90.11830139160156
2017-05-04,90.55789184570312
2017-05-05,90.55789184570312
2017-05-08,89.23909759521484
2017-05-09,88.79949951171875
2017-05-10,93.19551849365234
2017-05-11,91.43709564208984
2017-05-12,94.07472229003906
2017-05-15,91.87669372558594
2017-05-16,89.67869567871094
2017-05-17,87.1290054321289
2017-05-18,88.35989379882812
2017-05-19,87.21692657470703
2017-05-22,87.48068237304688
2017-05-23,86.1618881225586
2017-05-24,86.24979400634766
2017-05-25,90.11830139160156
2017-05-26,88.79949951171875
2017-05-31,89.67869567871094
2017-06-01,90.55789184570312
2017-06-02,91.43709564208984
2017-06-05,90.99750518798828
2017-06-06,99.7895278930664
2017-06-07,109.46076965332031
2017-06-08,111.21917724609375
2017-06-09,110.3399658203125
2017-06-12,110.3399658203125
2017-06-13,107.70235443115234
2017-06-14,104.6251449584961
2017-06-15,105.06474304199219
2017-06-16,110.77957153320312
2017-06-19,107.70235443115234
2017-06-20,105.50434112548828
2017-06-21,108.5815658569336
2017-06-22,109.90036010742188
2017-06-23,107.70235443115234
2017-06-26,111.21917724609375
2017-06-27,109.90036010742188
2017-06-28,116.93396759033203
2017-06-29,113.8567886352539
2017-06-30,113.41717529296875
2017-07-03,112.09837341308594
2017-07-04,107.26275634765625
2017-07-05,109.02117156982422
2017-07-06,111.21917724609375
2017-07-07,109.90036010742188
2017-07-10,109.02117156982422
2017-07-11,114.29637145996094
2017-07-12,123.96762084960938
2017-07-13,126.60520935058594
2017-07-14,134.51806640625
2017-07-17,134.07846069335938
2017-07-18,143.31008911132812
2017-07-19,148.58529663085938
2017-07-20,150.3436737060547
2017-07-21,145.94766235351562
2017-07-24,143.74966430664062
2017-07-25,157.81692504882812
2017-07-26,159.1357421875
2017-07-27,160.45452880859375
2017-07-28,151.66249084472656
2017-07-31,151.66249084472656
2017-08-01,152.9813232421875
2017-08-02,160.45452880859375
2017-08-03,151.66249084472656
2017-08-04,153.8605194091797
2017-08-07,157.37733459472656
2017-08-08,154.3000946044922
2017-08-09,158.25653076171875
2017-08-10,148.58529663085938
2017-08-11,152.5417022705078
2017-08-14,147.26651000976562
2017-08-15,152.9813232421875
2017-08-16,149.9040985107422
2017-08-17,148.58529663085938
2017-08-18,150.3436737060547
2017-08-21,149.02488708496094
2017-08-22,155.61891174316406
2017-08-23,158.69610595703125
2017-08-24,161.77334594726562
2017-08-25,177.5989990234375
2017-08-28,177.1593475341797
2017-08-29,188.14944458007812
2017-08-30,198.69984436035156
2017-08-31,194.7434539794922
2017-09-01,185.951416015625
2017-09-04,187.27023315429688
2017-09-05,183.31381225585938
2017-09-06,189.0286407470703
2017-09-07,175.840576171875
2017-09-08,182.43458557128906
2017-09-11,179.7969970703125
2017-09-12,180.23660278320312
2017-09-13,178.4781951904297
2017-09-14,175.840576171875
2017-09-15,158.25653076171875
2017-09-18,165.29014587402344
2017-09-19,172.7633514404297
2017-09-20,168.80697631835938
2017-09-21,177.5989990234375
2017-09-22,181.99501037597656
2017-09-25,169.24656677246094
2017-09-26,160.89414978027344
2017-09-27,167.0485382080078
2017-09-28,173.20298767089844
2017-09-29,169.24656677246094
2017-10-02,199.13946533203125
2017-10-03,198.26025390625
2017-10-05,199.13946533203125
2017-10-06,199.5790557861328
2017-10-11,198.26025390625
2017-10-12,202.2166748046875
2017-10-13,219.80072021484375
2017-10-16,224.19674682617188
2017-10-17,246.61643981933594
2017-10-18,261.1233215332031
2017-10-19,273.4320983886719
2017-10-20,255.40847778320312
2017-10-23,269.0361328125
2017-10-24,263.7608947753906
2017-10-25,258.48565673828125
2017-10-26,271.2341003417969
2017-10-27,258.0460205078125
2017-10-30,264.200439453125
2017-10-31,263.7608947753906
2017-11-01,264.64007568359375
2017-11-02,259.3648986816406
2017-11-03,249.69363403320312
2017-11-06,254.96884155273438
2017-11-07,252.77081298828125
2017-11-08,254.52923583984375
2017-11-09,243.53921508789062
2017-11-10,230.790771484375
2017-11-13,226.8343505859375
2017-11-14,233.42835998535156
2017-11-15,237.384765625
2017-11-16,239.58274841308594
2017-11-17,254.089599609375
2017-11-20,243.97882080078125
2017-11-21,247.05599975585938
2017-11-22,248.81442260742188
2017-11-23,245.297607421875
2017-11-24,248.3748016357422
2017-11-27,245.297607421875
2017-11-28,237.384765625
2017-11-29,242.6599884033203
2017-11-30,247.93524169921875
2017-12-01,235.18679809570312
2017-12-04,225.5155487060547
2017-12-05,226.8343505859375
2017-12-06,215.4047088623047
2017-12-07,229.0323486328125
2017-12-08,236.5055694580078
2017-12-11,259.8044738769531
2017-12-12,252.33123779296875
2017-12-13,254.089599609375
2017-12-14,249.69363403320312
2017-12-15,257.1668395996094
2017-12-18,247.05599975585938
2017-12-19,247.49560546875
2017-12-20,243.099609375
2017-12-21,249.25404357910156
2017-12-22,254.089599609375
2017-12-25,246.1768035888672
2017-12-26,221.55914306640625
2017-12-27,230.35116577148438
2017-12-28,229.471923828125
2017-12-29,224.19674682617188
2018-01-02,232.54917907714844
2018-01-03,238.26397705078125
2018-01-04,244.4184112548828
2018-01-05,254.52923583984375
2018-01-08,247.05599975585938
2018-01-09,247.05599975585938
2018-01-10,230.790771484375
2018-01-11,229.0323486328125
2018-01-12,230.790771484375
2018-01-15,247.05599975585938
2018-01-16,257.6064453125
2018-01-17,253.21041870117188
2018-01-18,261.1233215332031
2018-01-19,269.4757385253906
2018-01-22,296.2913818359375
2018-01-23,298.928955078125
2018-01-24,315.63385009765625
2018-01-25,300.2478332519531
2018-01-26,316.5130615234375
2018-01-29,312.9962158203125
2018-01-30,306.4022216796875
2018-01-31,316.073486328125
2018-02-01,302.88543701171875
2018-02-02,311.2378234863281
2018-02-05,299.8081970214844
2018-02-06,269.9153137207031
2018-02-07,259.3648986816406
2018-02-08,242.22039794921875
2018-02-09,247.93524169921875
2018-02-12,237.384765625
2018-02-21,261.1233215332031
2018-02-22,279.5865478515625
2018-02-23,271.2341003417969
2018-02-26,271.6737060546875
2018-02-27,272.5528869628906
2018-03-01,272.5528869628906
2018-03-02,276.0697021484375
2018-03-05,284.86175537109375
2018-03-06,287.49932861328125
2018-03-07,297.17059326171875
2018-03-08,294.9725646972656
2018-03-09,305.962646484375
2018-03-12,281.78448486328125
2018-03-13,291.89532470703125
2018-03-14,284.86175537109375
2018-03-15,285.3013610839844
2018-03-16,283.10333251953125
2018-03-19,288.8182067871094
2018-03-20,283.10333251953125
2018-03-21,298.4893798828125
2018-03-22,295.41217041015625
2018-03-23,290.136962890625
2018-03-26,284.422119140625
2018-03-27,294.9725646972656
2018-03-28,286.1805725097656
2018-03-29,280.46575927734375
2018-03-30,278.7073059082031
2018-04-02,271.6737060546875
2018-04-03,274.7508850097656
2018-04-09,271.6737060546875
2018-04-10,272.5528869628906
2018-04-11,269.0361328125
2018-04-12,263.3212585449219
2018-04-13,276.9489440917969
2018-04-16,277.8281555175781
2018-04-17,262.8817138671875
2018-04-18,236.94515991210938
2018-04-19,229.0323486328125
2018-04-20,214.5255126953125
2018-04-23,214.96511840820312
2018-04-24,209.6898956298828
2018-04-25,211.88787841796875
2018-04-26,211.88787841796875
2018-04-27,226.8343505859375
2018-04-30,247.93524169921875
2018-05-02,236.94515991210938
2018-05-03,227.7135772705078
2018-05-04,236.94515991210938
2018-05-07,247.49560546875
2018-05-08,241.3411865234375
2018-05-09,250.5727996826172
2018-05-10,246.1768035888672
2018-05-11,249.69363403320312
2018-05-14,247.49560546875
2018-05-15,240.46200561523438
2018-05-16,235.18679809570312
2018-05-17,232.10960388183594
2018-05-18,227.27395629882812
2018-05-21,234.3075408935547
2018-05-22,230.35116577148438
2018-05-23,236.06597900390625
2018-05-24,239.1431884765625
2018-05-25,242.22039794921875
2018-05-28,233.86793518066406
2018-05-29,225.9551544189453
2018-05-30,222.4383544921875
2018-05-31,224.19674682617188
2018-06-01,236.7517852783203
2018-06-04,249.75515747070312
2018-06-05,267.2425537109375
2018-06-06,280.6943054199219
2018-06-07,278.0039367675781
2018-06-08,270.38128662109375
2018-06-11,269.932861328125
2018-06-12,258.2746276855469
2018-06-13,256.4810791015625
2018-06-14,251.10035705566406
2018-06-15,267.69091796875
2018-06-19,278.0039367675781
2018-06-20,264.1037292480469
2018-06-21,272.6232604980469
2018-06-22,277.1071472167969
2018-06-25,258.7230529785156
2018-06-26,253.79074096679688
2018-06-27,249.75515747070312
2018-06-28,241.23568725585938
2018-06-29,245.271240234375
2018-07-02,248.85838317871094
2018-07-03,240.78732299804688
2018-07-04,251.10035705566406
2018-07-05,244.82281494140625
2018-07-06,247.51321411132812
2018-07-09,239.44212341308594
2018-07-10,245.271240234375
2018-07-11,249.30679321289062
2018-07-12,258.2746276855469
2018-07-13,262.3101806640625
2018-07-16,262.7585754394531
2018-07-17,276.21038818359375
2018-07-18,280.24591064453125
2018-07-19,293.24932861328125
2018-07-20,289.66217041015625
2018-07-23,281.1426696777344
2018-07-24,292.3525390625
2018-07-25,286.0750427246094
2018-07-26,285.62664794921875
2018-07-27,294.59454345703125
2018-07-30,274.41680908203125
2018-07-31,297.2848815917969
2018-08-01,321.49810791015625
2018-08-02,318.35931396484375
2018-08-03,306.7011413574219
2018-08-06,283.38470458984375
2018-08-07,285.1782531738281
2018-08-08,273.52001953125
2018-08-09,279.7974853515625
2018-08-10,272.17486572265625
2018-08-13,258.2746276855469
2018-08-14,266.7940979003906
2018-08-15,255.13589477539062
2018-08-16,254.68751525878906
2018-08-17,249.30679321289062
2018-08-20,253.34231567382812
2018-08-21,262.7585754394531
2018-08-22,257.37786865234375
2018-08-23,258.2746276855469
2018-08-24,254.23912048339844
2018-08-27,264.1037292480469
2018-08-28,274.41680908203125
2018-08-29,280.24591064453125
2018-08-30,272.17486572265625
2018-08-31,280.6943054199219
2018-09-03,269.0361328125
2018-09-04,273.52001953125
2018-09-05,300.4236755371094
2018-09-06,304.0107421875
2018-09-07,309.3914489746094
2018-09-10,286.0750427246094
2018-09-11,281.1426696777344
2018-09-12,264.5521545410156
2018-09-13,260.51666259765625
2018-09-14,274.865234375
2018-09-17,279.7974853515625
2018-09-18,262.7585754394531
2018-09-19,264.1037292480469
2018-09-20,252.89393615722656
2018-09-21,269.0361328125
2018-09-25,260.51666259765625
2018-09-26,258.2746276855469
2018-09-27,252.89393615722656
2018-09-28,243.02926635742188
2018-10-01,251.54876708984375
2018-10-02,241.23568725585938
2018-10-03,237.6485595703125
2018-10-04,241.23568725585938
2018-10-05,217.47085571289062
2018-10-08,216.12564086914062
2018-10-09,202.67384338378906
2018-10-11,182.4961395263672
2018-10-12,180.25418090820312
2018-10-15,189.67044067382812
2018-10-16,197.2931365966797
2018-10-17,201.77706909179688
2018-10-18,186.5316925048828
2018-10-19,192.8092041015625
2018-10-22,192.3607940673828
2018-10-23,181.15097045898438
2018-10-24,185.18649291992188
2018-10-25,173.97666931152344
2018-10-26,170.38951110839844
2018-10-29,168.1475372314453
2018-10-30,171.28631591796875
2018-10-31,188.32525634765625
2018-11-01,193.7060089111328
2018-11-02,198.63833618164062
2018-11-05,178.9089813232422
2018-11-06,168.595947265625
2018-11-07,170.83792114257812
2018-11-08,168.595947265625
2018-11-09,168.595947265625
2018-11-12,169.94113159179688
2018-11-13,167.25076293945312
2018-11-14,163.21522521972656
2018-11-15,161.87002563476562
2018-11-16,162.3184356689453
2018-11-19,167.69915771484375
2018-11-20,167.69915771484375
2018-11-21,171.28631591796875
2018-11-22,159.17965698242188
2018-11-23,147.5214385986328
2018-11-26,161.87002563476562
2018-11-27,162.3184356689453
2018-11-28,169.94113159179688
2018-11-29,176.2186279296875
2018-11-30,178.9089813232422
2018-12-03,193.7060089111328
2018-12-04,193.7060089111328
2018-12-05,178.46060180664062
2018-12-06,175.770263671875
2018-12-07,172.63150024414062
2018-12-10,166.8023681640625
2018-12-11,170.83792114257812
2018-12-12,180.7025604248047
2018-12-13,182.04774475097656
2018-12-14,182.9445343017578
2018-12-17,182.9445343017578
2018-12-18,174.87347412109375
2018-12-19,183.84133911132812
2018-12-20,175.770263671875
2018-12-21,184.7381134033203
2018-12-24,190.5672149658203
2018-12-25,183.39292907714844
2018-12-26,181.15097045898438
2018-12-27,185.63490295410156
2018-12-28,184.7381134033203
2019-01-02,182.4961395263672
2019-01-03,164.56040954589844
2019-01-04,164.11203002929688
2019-01-07,164.11203002929688
2019-01-08,165.00880432128906
2019-01-09,166.35398864746094
2019-01-10,165.4571990966797
2019-01-11,165.9055938720703
2019-01-14,168.1475372314453
2019-01-15,169.49273681640625
2019-01-16,169.94113159179688
2019-01-17,168.1475372314453
2019-01-18,173.97666931152344
2019-01-21,179.35739135742188
2019-01-22,180.25418090820312
2019-01-23,182.4961395263672
2019-01-24,177.56381225585938
2019-01-25,182.04774475097656
2019-01-28,181.599365234375
2019-01-29,181.15097045898438
2019-01-30,177.56381225585938
2019-02-11,182.04774475097656
2019-02-12,173.0799102783203
2019-02-13,172.18312072753906
2019-02-14,181.599365234375
2019-02-15,175.770263671875
2019-02-18,175.770263671875
2019-02-19,182.04774475097656
2019-02-20,199.9834747314453
2019-02-21,193.25758361816406
2019-02-22,193.25758361816406
2019-02-25,194.60276794433594
2019-02-26,187.428466796875
2019-02-27,189.67044067382812
2019-03-04,187.87684631347656
2019-03-05,184.7381134033203
2019-03-06,184.7381134033203
2019-03-07,178.46060180664062
2019-03-08,185.18649291992188
2019-03-11,180.25418090820312
2019-03-12,181.15097045898438
2019-03-13,182.4961395263672
2019-03-14,181.599365234375
2019-03-15,184.7381134033203
2019-03-18,184.2897186279297
2019-03-19,186.08328247070312
2019-03-20,189.22206115722656
2019-03-21,190.5672149658203
2019-03-22,186.98008728027344
2019-03-25,181.599365234375
2019-03-26,180.7025604248047
2019-03-27,182.04774475097656
2019-03-28,184.7381134033203
2019-03-29,184.2897186279297
2019-04-01,184.2897186279297
2019-04-02,202.67384338378906
2019-04-03,198.18992614746094
2019-04-08,205.36419677734375
2019-04-09,204.9158172607422
2019-04-10,199.08670043945312
2019-04-11,195.4995574951172
2019-04-12,191.01560974121094
2019-04-15,194.15438842773438
2019-04-16,195.94798278808594
2019-04-17,196.39634704589844
2019-04-18,202.2254638671875
2019-04-19,212.98692321777344
2019-04-22,208.5029754638672
2019-04-23,217.91925048828125
2019-04-24,213.88369750976562
2019-04-25,216.57406616210938
2019-04-26,210.7449493408203
2019-04-29,200.88027954101562
2019-04-30,203.57064819335938
2019-05-02,198.63833618164062
2019-05-03,200.88027954101562
2019-05-06,199.53509521484375
2019-05-07,195.05117797851562
2019-05-08,191.91241455078125
2019-05-09,182.9445343017578
2019-05-10,183.39292907714844
2019-05-13,186.5316925048828
2019-05-14,195.94798278808594
2019-05-15,199.53509521484375
2019-05-16,195.94798278808594
2019-05-17,191.01560974121094
2019-05-20,191.91241455078125
2019-05-21,200.88027954101562
2019-05-22,195.94798278808594
2019-05-23,190.11883544921875
2019-05-24,191.46401977539062
2019-05-27,194.15438842773438
2019-05-28,203.57064819335938
2019-05-29,197.2931365966797
2019-05-30,203.12225341796875
2019-05-31,204.9158172607422
2019-06-03,201.2484130859375
2019-06-04,193.4552001953125
2019-06-05,192.07989501953125
2019-06-06,187.4956817626953
2019-06-10,192.53834533691406
2019-06-11,194.37205505371094
2019-06-12,193.91363525390625
2019-06-13,190.2462158203125
2019-06-14,189.78781127929688
2019-06-17,193.91363525390625
2019-06-18,193.91363525390625
2019-06-19,196.2057342529297
2019-06-20,205.374267578125
2019-06-21,209.95848083496094
2019-06-24,209.95848083496094
2019-06-25,204.45738220214844
2019-06-26,208.58322143554688
2019-06-27,207.2079315185547
2019-06-28,207.66636657714844
2019-07-01,210.87533569335938
2019-07-02,209.95848083496094
2019-07-03,203.9989776611328
2019-07-04,208.12478637695312
2019-07-05,206.74952697753906
2019-07-08,204.45738220214844
2019-07-09,203.54052734375
2019-07-10,207.66636657714844
2019-07-11,210.41693115234375
2019-07-12,215.00115966796875
2019-07-15,215.9180145263672
2019-07-16,212.25059509277344
2019-07-17,209.04165649414062
2019-07-18,204.91580200195312
2019-07-19,207.2079315185547
2019-07-22,227.83705139160156
2019-07-23,228.2954864501953
2019-07-24,242.96507263183594
2019-07-25,243.42347717285156
2019-07-26,245.71560668945312
2019-07-29,238.3808135986328
2019-07-30,230.58758544921875
2019-07-31,235.17184448242188
2019-08-01,235.17184448242188
2019-08-02,215.9180145263672
2019-08-05,194.37205505371094
2019-08-06,194.37205505371094
2019-08-07,186.1204071044922
2019-08-08,187.4956817626953
2019-08-12,197.1226043701172
2019-08-13,197.1226043701172
2019-08-14,197.1226043701172
2019-08-15,197.58102416992188
2019-08-16,197.1226043701172
2019-08-19,199.8731231689453
2019-08-20,205.374267578125
2019-08-21,203.54052734375
2019-08-22,212.70904541015625
2019-08-23,209.50006103515625
2019-08-26,205.374267578125
2019-08-27,211.33375549316406
2019-08-28,216.37643432617188
2019-08-29,217.75172424316406
2019-08-30,217.2932891845703
2019-09-02,218.21014404296875
2019-09-03,218.21014404296875
2019-09-04,220.0438232421875
2019-09-05,220.96067810058594
2019-09-06,217.2932891845703
2019-09-10,220.0438232421875
2019-09-11,222.33595275878906
2019-09-12,218.21014404296875
2019-09-16,213.62588500976562
2019-09-17,213.62588500976562
2019-09-18,220.5022430419922
2019-09-19,235.63026428222656
2019-09-20,237.4639892578125
2019-09-23,240.21450805664062
2019-09-24,234.71343994140625
2019-09-25,229.21231079101562
2019-09-26,227.83705139160156
2019-09-27,229.21231079101562
2019-10-01,230.58758544921875
2019-10-02,235.17184448242188
2019-10-03,232.8797149658203
2019-10-04,238.8392333984375
2019-10-07,239.29763793945312
2019-10-08,241.5897979736328
2019-10-09,237.0055389404297
2019-10-14,253.96728515625
2019-10-15,253.96728515625
2019-10-16,253.96728515625
2019-10-17,253.50881958007812
2019-10-18,256.7177734375
2019-10-21,251.67514038085938
2019-10-22,253.0504150390625
2019-10-23,249.3830108642578
2019-10-24,252.13351440429688
2019-10-25,252.59201049804688
2019-10-28,253.50881958007812
2019-10-29,251.2167205810547
2019-10-30,254.4256591796875
2019-10-31,245.2572021484375
2019-11-01,238.3808135986328
2019-11-04,241.13137817382812
2019-11-05,248.0077362060547
2019-11-06,249.8413848876953
2019-11-07,243.8818817138672
2019-11-08,246.6324462890625
2019-11-11,244.79876708984375
2019-11-12,243.8818817138672
2019-11-13,245.2572021484375
2019-11-14,240.21450805664062
2019-11-15,244.34031677246094
2019-11-18,247.54928588867188
2019-11-19,249.3830108642578
2019-11-20,248.46617126464844
2019-11-21,248.46617126464844
2019-11-22,250.2998504638672
2019-11-25,244.79876708984375
2019-11-26,255.34249877929688
2019-11-27,246.6324462890625
2019-11-28,245.2572021484375
2019-11-29,244.34031677246094
2019-12-02,237.0055389404297
2019-12-03,238.8392333984375
2019-12-04,232.42129516601562
2019-12-05,234.71343994140625
2019-12-06,229.21231079101562
2019-12-09,224.1696319580078
2019-12-10,223.7112274169922
2019-12-11,219.12696838378906
2019-12-12,221.87753295898438
2019-12-13,220.0438232421875
2019-12-16,223.2528076171875
2019-12-17,224.1696319580078
2019-12-18,221.87753295898438
2019-12-19,223.2528076171875
2019-12-20,224.62808227539062
2019-12-23,224.62808227539062
2019-12-24,222.33595275878906
2019-12-25,223.7112274169922
2019-12-26,223.2528076171875
2019-12-27,227.37864685058594
2019-12-30,220.96067810058594
2019-12-31,220.96067810058594
2020-01-02,224.62808227539062
2020-01-03,222.79437255859375
2020-01-06,220.96067810058594
2020-01-07,218.66856384277344
2020-01-08,214.0843048095703
2020-01-09,226.46177673339844
2020-01-10,229.67074584960938
2020-01-13,234.25498962402344
2020-01-14,231.96286010742188
2020-01-15,237.92239379882812
2020-01-16,233.79656982421875
2020-01-17,237.0055389404297
2020-01-20,238.3808135986328
2020-01-30,218.66856384277344
2020-01-31,218.66856384277344
2020-02-03,209.95848083496094
2020-02-04,217.75172424316406
2020-02-05,215.00115966796875
2020-02-06,224.1696319580078
2020-02-07,221.4191131591797
2020-02-10,223.7112274169922
2020-02-11,233.79656982421875
2020-02-12,228.2954864501953
2020-02-13,221.87753295898438
2020-02-14,220.96067810058594
2020-02-17,216.37643432617188
2020-02-18,219.58538818359375
2020-02-19,218.21014404296875
2020-02-20,218.66856384277344
2020-02-21,214.54273986816406
2020-02-24,216.37643432617188
2020-02-25,212.70904541015625
2020-02-26,210.87533569335938
2020-02-27,205.374267578125
2020-03-02,203.54052734375
2020-03-03,211.79217529296875
2020-03-04,209.95848083496094
2020-03-05,210.41693115234375
2020-03-06,215.45957946777344
2020-03-09,203.54052734375
2020-03-10,200.7899932861328
2020-03-11,196.2057342529297
2020-03-12,177.86875915527344
2020-03-13,170.53395080566406
2020-03-16,166.4081573486328
2020-03-17,169.6171417236328
2020-03-18,162.74072265625
2020-03-19,146.69589233398438
2020-03-20,155.86436462402344
2020-03-23,143.02847290039062
2020-03-24,154.03067016601562
2020-03-25,164.1160125732422
2020-03-26,167.3249969482422
2020-03-27,165.0328826904297
2020-03-30,171.4508056640625
2020-03-31,168.24185180664062
2020-04-01,171.9092254638672
2020-04-06,177.86875915527344
2020-04-07,187.95411682128906
2020-04-08,193.4552001953125
2020-04-09,198.0394744873047
2020-04-10,203.54052734375
2020-04-13,203.08212280273438
2020-04-14,212.25059509277344
2020-04-15,216.83486938476562
2020-04-16,218.21014404296875
2020-04-17,223.2528076171875
2020-04-20,224.62808227539062
2020-04-21,216.83486938476562
2020-04-22,220.96067810058594
2020-04-23,217.75172424316406
2020-04-24,209.04165649414062
2020-04-27,215.9180145263672
2020-04-28,218.21014404296875
2020-04-29,218.21014404296875
2020-04-30,222.33595275878906
2020-05-04,215.00115966796875
2020-05-05,214.0843048095703
2020-05-06,209.50006103515625
2020-05-07,210.87533569335938
2020-05-08,203.9989776611328
2020-05-11,199.8731231689453
2020-05-12,202.16525268554688
2020-05-13,203.08212280273438
2020-05-14,199.4147186279297
2020-05-15,198.0394744873047
2020-05-18,202.62368774414062
2020-05-19,204.91580200195312
2020-05-20,205.83267211914062
2020-05-21,214.54273986816406
2020-05-22,205.374267578125
2020-05-25,210.41693115234375
2020-05-26,209.95848083496094
2020-05-27,209.04165649414062
2020-05-28,209.95848083496094
2020-05-29,211.79217529296875
2020-06-01,213.19789123535156
2020-06-02,209.4493408203125
2020-06-03,214.60357666015625
2020-06-04,218.3521270751953
2020-06-05,214.60357666015625
2020-06-08,216.47784423828125
2020-06-09,209.9179229736328
2020-06-10,212.7293243408203
2020-06-11,206.63795471191406
2020-06-12,202.88941955566406
2020-06-15,202.88941955566406
2020-06-16,207.1065216064453
2020-06-17,206.63795471191406
2020-06-18,205.7008056640625
2020-06-19,203.35797119140625
2020-06-22,206.63795471191406
2020-06-23,227.2548828125
2020-06-24,227.2548828125
2020-06-29,243.65472412109375
2020-06-30,236.626220703125
2020-07-01,237.56333923339844
2020-07-02,242.7176055908203
2020-07-03,266.614501953125
2020-07-06,292.8542175292969
2020-07-07,301.2884216308594
2020-07-08,303.1626892089844
2020-07-09,301.7569885253906
2020-07-10,287.2314758300781
2020-07-13,291.4485778808594
2020-07-14,297.5399169921875
2020-07-15,280.20294189453125
2020-07-16,271.76873779296875
2020-07-17,266.14593505859375
2020-07-20,273.1744079589844
2020-07-21,279.7344055175781
2020-07-22,286.2942810058594
2020-07-23,290.0428466796875
2020-07-24,280.20294189453125
2020-07-27,287.70001220703125
2020-07-28,270.83160400390625
2020-07-29,273.6430358886719
2020-07-30,272.7058410644531
2020-07-31,274.1115417480469
2020-08-03,285.357177734375
2020-08-04,295.6656188964844
2020-08-05,293.3227844238281
2020-08-06,283.48284912109375
2020-08-07,287.2314758300781
2020-08-10,282.0771789550781
2020-08-11,282.5458068847656
2020-08-12,275.5172424316406
2020-08-13,273.6430358886719
2020-08-14,282.5458068847656
2020-08-17,282.0771789550781
2020-08-18,281.6086120605469
2020-08-19,277.39154052734375
2020-08-20,250.68324279785156
2020-08-21,260.0545349121094
2020-08-24,265.6773376464844
2020-08-25,270.363037109375
2020-08-26,270.83160400390625
2020-08-27,265.6773376464844
2020-08-28,254.4317626953125
2020-08-31,247.87179565429688
2020-09-01,254.90032958984375
2020-09-02,251.62034606933594
2020-09-03,251.15179443359375
2020-09-04,254.4317626953125
2020-09-07,245.0604248046875
2020-09-08,248.80894470214844
2020-09-09,241.7804412841797
2020-09-10,240.8433380126953
2020-09-11,242.7176055908203
2020-09-14,251.62034606933594
2020-09-15,249.74610900878906
2020-09-16,252.08892822265625
2020-09-17,247.87179565429688
2020-09-18,244.59182739257812
2020-09-21,249.2775115966797
2020-09-22,241.31190490722656
2020-09-23,250.21466064453125
2020-09-24,242.24903869628906
2020-09-25,241.7804412841797
2020-09-28,248.3404083251953
2020-09-29,240.8433380126953
2020-09-30,243.65472412109375
2020-10-05,244.123291015625
2020-10-06,253.9631805419922
2020-10-07,254.90032958984375
2020-10-08,254.90032958984375
2020-10-12,252.55751037597656
2020-10-13,260.5231628417969
2020-10-14,255.3688507080078
2020-10-15,258.64886474609375
2020-10-16,247.87179565429688
2020-10-19,246.4661102294922
2020-10-20,251.15179443359375
2020-10-21,253.49464416503906
2020-10-22,250.21466064453125
2020-10-23,252.08892822265625
2020-10-26,248.3404083251953
2020-10-27,250.21466064453125
2020-10-28,245.52902221679688
2020-10-29,243.65472412109375
2020-10-30,242.7176055908203
2020-11-02,237.09481811523438
2020-11-03,240.8433380126953
2020-11-04,248.80894470214844
2020-11-05,250.21466064453125
2020-11-06,249.2775115966797
2020-11-09,274.1115417480469
2020-11-10,271.76873779296875
2020-11-11,275.5172424316406
2020-11-12,283.9514465332031
2020-11-13,301.7569885253906
2020-11-16,322.3739318847656
2020-11-17,314.4082946777344
2020-11-18,321.43682861328125
2020-11-19,317.6882629394531
2020-11-20,318.1568908691406
2020-11-23,318.6253967285156
2020-11-24,316.75115966796875
2020-11-25,310.1911926269531
2020-11-26,313.00262451171875
2020-11-27,308.7854919433594
2020-11-30,309.2541198730469
2020-12-01,308.7854919433594
2020-12-02,304.56842041015625
2020-12-03,300.8198547363281
2020-12-04,297.07135009765625
2020-12-07,305.5055236816406
2020-12-08,296.1342468261719
2020-12-09,325.6539306640625
2020-12-10,319.09393310546875
2020-12-11,302.2255554199219
2020-12-14,298.94561767578125
2020-12-15,300.351318359375
2020-12-16,304.56842041015625
2020-12-17,307.37982177734375
2020-12-18,300.8198547363281
2020-12-21,302.6941223144531
2020-12-22,290.0428466796875
2020-12-23,294.728515625
2020-12-24,293.7913818359375
2020-12-25,298.94561767578125
2020-12-28,302.6941223144531
2020-12-29,309.2541198730469
2020-12-30,314.87689208984375
2020-12-31,317.6882629394531
2021-01-04,349.0822448730469
2021-01-05,374.38482666015625
2021-01-06,350.0193786621094
2021-01-07,361.2650146484375
2021-01-08,363.6077880859375
2021-01-11,376.2591552734375
2021-01-12,372.9791564941406
2021-01-13,409.99591064453125
2021-01-14,396.8760986328125
2021-01-15,381.4133605957031
2021-01-18,381.4133605957031
2021-01-19,387.0361328125
2021-01-20,373.9162902832031
2021-01-21,384.2247619628906
2021-01-22,387.5047302246094
2021-01-25,385.63043212890625
2021-01-26,374.8533935546875
2021-01-27,390.7846984863281
2021-01-28,388.9104309082031
2021-01-29,370.16778564453125
2021-02-01,382.3504638671875
2021-02-02,390.7846984863281
2021-02-03,390.7846984863281
2021-02-04,380.47625732421875
2021-02-05,372.5105895996094
2021-02-17,394.533203125
2021-02-18,399.6874694824219
2021-02-19,409.0588073730469
2021-02-22,449.8240966796875
2021-02-23,432.0185546875
2021-02-24,448.41839599609375
2021-02-25,445.138427734375
2021-02-26,420.7729797363281
2021-03-02,402.96746826171875
2021-03-03,400.1560363769531
2021-03-04,393.5960693359375
2021-03-05,379.5390930175781
2021-03-08,370.16778564453125
2021-03-09,374.38482666015625
2021-03-10,371.573486328125
2021-03-11,393.5960693359375
2021-03-12,393.12750244140625
2021-03-15,390.31610107421875
2021-03-16,385.1618957519531
2021-03-17,390.31610107421875
2021-03-18,391.7218322753906
2021-03-19,374.8533935546875
2021-03-22,375.79052734375
2021-03-23,374.38482666015625
2021-03-24,358.45361328125
2021-03-25,362.2021179199219
2021-03-26,368.7620849609375
2021-03-29,370.6363525390625
2021-03-30,370.6363525390625
2021-03-31,373.4477233886719
2021-04-01,387.5047302246094
2021-04-07,385.1618957519531
2021-04-08,387.5047302246094
2021-04-09,379.5390930175781
2021-04-12,370.16778564453125
2021-04-13,374.38482666015625
2021-04-14,374.8533935546875
2021-04-15,412.3387451171875
2021-04-16,391.25323486328125
2021-04-19,380.9447937011719
2021-04-20,395.9388732910156
2021-04-21,383.75616455078125
2021-04-22,370.6363525390625
2021-04-23,379.5390930175781
2021-04-26,374.8533935546875
2021-04-27,383.2876281738281
2021-04-28,379.5390930175781
2021-04-29,377.1962585449219
2021-05-03,362.6707458496094
2021-05-04,353.2993469238281
2021-05-05,337.3680725097656
2021-05-06,330.3395690917969
2021-05-07,341.585205078125
2021-05-10,346.2708740234375
2021-05-11,312.0654602050781
2021-05-12,299.4141845703125
2021-05-13,292.3856201171875
2021-05-14,310.1911926269531
2021-05-17,285.357177734375
2021-05-18,310.1911926269531
2021-05-19,300.351318359375
2021-05-20,304.56842041015625
2021-05-21,319.09393310546875
2021-05-24,329.8710021972656
2021-05-25,325.6539306640625
2021-05-26,324.7167663574219
2021-05-27,331.7453308105469
2021-05-28,334.55670166015625
2021-05-31,337.3680725097656
2021-06-01,333.6195373535156
2021-06-02,327.9967041015625
2021-06-03,334.6517639160156
2021-06-04,334.1763916015625
2021-06-07,334.1763916015625
2021-06-08,336.55322265625
2021-06-09,336.55322265625
2021-06-10,347.4864196777344
2021-06-11,369.8282165527344
2021-06-15,383.13824462890625
2021-06-16,387.89178466796875
2021-06-17,394.5468444824219
2021-06-18,389.7932434082031
2021-06-21,396.4482727050781
2021-06-22,385.5150451660156
2021-06-23,396.4482727050781
2021-06-24,403.57861328125
2021-06-25,397.87432861328125
2021-06-28,393.59613037109375
2021-06-29,391.6947021484375
2021-06-30,392.6453552246094
2021-07-01,387.89178466796875
2021-07-02,426.3957824707031
2021-07-05,423.06829833984375
2021-07-06,416.4132385253906
2021-07-07,412.13507080078125
2021-07-08,416.8886413574219
2021-07-09,418.314697265625
2021-07-12,440.1811828613281
2021-07-13,424.01898193359375
2021-07-14,425.9204406738281
2021-07-15,430.67401123046875
2021-07-16,416.8886413574219
2021-07-19,425.4450378417969
2021-07-20,406.4307556152344
2021-07-21,403.57861328125
2021-07-22,418.7900695800781
2021-07-23,412.13507080078125
2021-07-26,419.2654113769531
2021-07-27,406.9061279296875
2021-07-28,387.89178466796875
2021-07-29,399.3003845214844
2021-07-30,391.21929931640625
2021-08-02,388.3671875
2021-08-03,373.6310729980469
2021-08-04,365.54998779296875
2021-08-05,362.22247314453125
2021-08-06,356.5181884765625
2021-08-09,348.9125061035156
2021-08-10,358.4196472167969
2021-08-11,357.4689636230469
2021-08-12,368.40216064453125
2021-08-13,361.27178955078125
2021-08-16,365.54998779296875
2021-08-17,365.54998779296875
2021-08-18,368.87750244140625
2021-08-19,364.1239013671875
2021-08-20,367.92681884765625
2021-08-23,378.8600158691406
2021-08-24,389.3178405761719
2021-08-25,396.4482727050781
2021-08-26,401.6771545410156
2021-08-27,401.6771545410156
2021-08-30,394.5468444824219
2021-08-31,411.184326171875
2021-09-01,424.01898193359375
2021-09-02,429.7232666015625
2021-09-03,441.6072692871094
2021-09-06,424.01898193359375
2021-09-07,426.87115478515625
2021-09-08,411.6596984863281
2021-09-09,421.1668701171875
2021-09-10,433.5261535644531
2021-09-13,439.23040771484375
2021-09-14,450.6390380859375
2021-09-15,452.54046630859375
2021-09-16,449.2129211425781
2021-09-17,470.12872314453125
2021-09-22,441.6072692871094
2021-09-23,463.94903564453125
2021-09-24,474.88226318359375
2021-09-27,479.1604919433594
2021-09-28,475.35760498046875
2021-09-29,459.1954650878906
2021-09-30,476.3083190917969
2021-10-01,457.7693786621094
2021-10-04,441.1318664550781
2021-10-05,459.67083740234375
2021-10-06,456.3432922363281
2021-10-07,501.9776306152344
2021-10-08,505.7804870605469
2021-10-12,493.4211730957031
2021-10-13,472.0301208496094
2021-10-14,480.1112060546875
2021-10-15,477.259033203125
2021-10-18,480.1112060546875
2021-10-19,491.5198059082031
2021-10-20,495.3226318359375
2021-10-21,505.7804870605469
2021-10-22,543.8091430664062
2021-10-25,551.4148559570312
2021-10-26,539.0554809570312
2021-10-27,570.4291381835938
2021-10-28,569.4784545898438
2021-10-29,568.5277099609375
2021-11-01,578.985595703125
2021-11-02,564.724853515625
2021-11-03,575.1826782226562
2021-11-04,573.2813110351562
2021-11-05,587.5419921875
2021-11-08,568.5277099609375
2021-11-09,561.8727416992188
2021-11-10,554.2669677734375
2021-11-11,559.0205078125
2021-11-12,549.513427734375
2021-11-15,541.90771484375
2021-11-16,557.1190795898438
2021-11-17,574.2319946289062
2021-11-18,568.5277099609375
2021-11-19,570.4291381835938
2021-11-22,579.9363403320312
2021-11-23,553.3162231445312
2021-11-24,543.8091430664062
2021-11-25,532.4005126953125
2021-11-26,539.0554809570312
2021-11-29,551.4148559570312
2021-11-30,559.9713134765625
2021-12-01,562.8234252929688
2021-12-02,565.675537109375
2021-12-03,569.4784545898438
2021-12-06,543.8091430664062
2021-12-07,540.0062866210938
2021-12-08,544.7598266601562
2021-12-09,558.0698852539062
2021-12-10,555.2177124023438
2021-12-13,562.8234252929688
2021-12-14,556.1683349609375
2021-12-15,571.3798217773438
2021-12-16,628.4227294921875
2021-12-17,574.2319946289062
2021-12-20,571.3798217773438
2021-12-21,581.8377075195312
2021-12-22,576.1334228515625
2021-12-23,573.2813110351562
2021-12-24,574.2319946289062
2021-12-27,565.675537109375
2021-12-28,561.8727416992188
2021-12-29,561.8727416992188
2021-12-30,557.1190795898438
2022-01-03,551.4148559570312
2022-01-04,553.3162231445312
2022-01-05,551.4148559570312
2022-01-06,518.1397705078125
2022-01-07,501.0269775390625
2022-01-10,497.2240905761719
2022-01-11,480.1112060546875
2022-01-12,480.1112060546875
2022-01-13,473.4562072753906
2022-01-14,482.0126037597656
2022-01-17,491.5198059082031
2022-01-18,497.2240905761719
2022-01-19,479.1604919433594
2022-01-20,471.07940673828125
2022-01-21,462.52294921875
2022-01-24,461.0968933105469
2022-01-25,443.9840087890625
2022-01-26,449.2129211425781
2022-02-07,418.7900695800781
2022-02-08,435.4275817871094
2022-02-09,452.54046630859375
2022-02-10,449.6883239746094
2022-02-11,446.8361511230469
2022-02-14,438.27972412109375
2022-02-15,441.6072692871094
2022-02-16,453.49114990234375
2022-02-17,435.9029541015625
2022-02-18,440.1811828613281
2022-02-21,452.54046630859375
2022-02-22,428.7725524902344
2022-02-23,430.1986389160156
2022-02-24,418.314697265625
2022-02-25,434.47686767578125
2022-03-01,439.23040771484375
2022-03-02,447.786865234375
2022-03-03,458.2447204589844
2022-03-04,453.49114990234375
2022-03-07,424.9696960449219
2022-03-08,422.1175537109375
2022-03-09,432.5754699707031
2022-03-10,452.0650939941406
2022-03-11,451.5897521972656
2022-03-14,440.1811828613281
2022-03-15,405.9554138183594
2022-03-16,410.233642578125
2022-03-17,440.1811828613281
2022-03-18,436.3782653808594
2022-03-21,436.3782653808594
2022-03-22,463.94903564453125
2022-03-23,491.5198059082031
2022-03-24,492.47052001953125
2022-03-25,487.7169189453125
2022-03-28,482.96331787109375
2022-03-29,492.47052001953125
2022-03-30,494.3719177246094
2022-03-31,480.1112060546875
2022-04-01,482.96331787109375
2022-04-06,465.8504638671875
2022-04-07,458.2447204589844
2022-04-08,454.44189453125
2022-04-11,437.32904052734375
2022-04-12,451.1143798828125
2022-04-13,456.3432922363281
2022-04-14,454.44189453125
2022-04-15,434.95220947265625
2022-04-18,445.8854675292969
2022-04-19,447.786865234375
2022-04-20,446.3608093261719
2022-04-21,449.2129211425781
2022-04-22,422.1175537109375
2022-04-25,385.99041748046875
2022-04-26,371.7296447753906
2022-04-27,365.0746765136719
2022-04-28,364.1239013671875
2022-04-29,394.07147216796875
2022-05-03,410.7089538574219
2022-05-04,424.9696960449219
2022-05-05,463.94903564453125
2022-05-06,466.8011779785156
2022-05-09,443.0333251953125
2022-05-10,472.5054626464844
2022-05-11,474.40692138671875
2022-05-12,480.1112060546875
2022-05-13,492.47052001953125
2022-05-16,491.5198059082031
2022-05-17,502.9283142089844
2022-05-18,508.6326904296875
2022-05-19,520.0411987304688
2022-05-20,544.7598266601562
2022-05-23,533.3512573242188
2022-05-24,527.6469116210938
2022-05-25,547.6119384765625
2022-05-26,535.252685546875
2022-05-27,527.6469116210938
2022-05-30,527.6469116210938
2022-05-31,525.7455444335938
2022-06-01,538.1047973632812
2022-06-02,521.740234375
2022-06-06,517.8897705078125
2022-06-07,539.0674438476562
2022-06-08,562.17041015625
2022-06-09,553.5067749023438
2022-06-10,566.020751953125
2022-06-13,551.5814819335938
2022-06-14,544.8431396484375
2022-06-15,539.0674438476562
2022-06-16,520.7777099609375
2022-06-17,510.1888427734375
2022-06-20,486.1233215332031
2022-06-21,496.7121276855469
2022-06-22,456.2821044921875
2022-06-23,462.53912353515625
2022-06-24,467.8335266113281
2022-06-27,514.039306640625
2022-06-28,502.4878234863281
2022-06-29,491.8990478515625
2022-06-30,463.02044677734375
2022-07-01,422.5903625488281
2022-07-04,445.2119445800781
2022-07-05,433.6604919433594
2022-07-06,419.2211608886719
2022-07-07,451.468994140625
2022-07-08,460.6138916015625
2022-07-11,457.24468994140625
2022-07-12,416.81463623046875
2022-07-13,442.805419921875
2022-07-14,460.132568359375
2022-07-15,496.7121276855469
2022-07-18,519.8150634765625
2022-07-19,513.07666015625
2022-07-20,534.2542724609375
2022-07-21,532.3291015625
2022-07-22,516.9271850585938
2022-07-25,528.4786376953125
2022-07-26,525.5907592773438
2022-07-27,523.66552734375
2022-07-28,504.41314697265625
2022-07-29,486.1233215332031
2022-08-01,511.15142822265625
2022-08-02,491.8990478515625
2022-08-03,484.19805908203125
2022-08-04,500.5626220703125
2022-08-05,528.4786376953125
2022-08-08,525.5907592773438
2022-08-09,515.9645385742188
2022-08-10,502.4878234863281
2022-08-11,519.8150634765625
2022-08-12,527.5159912109375
2022-08-15,550.618896484375
2022-08-16,545.8057861328125
2022-08-17,540.99267578125
2022-08-18,567.946044921875
2022-08-19,573.7218017578125
2022-08-22,564.0955200195312
2022-08-23,565.0582275390625
2022-08-24,559.282470703125
2022-08-25,565.0582275390625
2022-08-26,539.0674438476562
2022-08-29,528.4786376953125
2022-08-30,522.702880859375
2022-08-31,521.740234375
2022-09-01,501.5252380371094
2022-09-02,521.740234375
2022-09-05,504.41314697265625
2022-09-06,515.001953125
2022-09-07,510.1888427734375
2022-09-08,540.99267578125
2022-09-12,566.9834594726562
2022-09-13,569.8712768554688
2022-09-14,574.6844482421875
2022-09-15,572.7590942382812
2022-09-16,553.5067749023438
2022-09-19,552.5441284179688
2022-09-20,566.020751953125
2022-09-21,572.7590942382812
2022-09-22,583.3480224609375
2022-09-23,561.2077026367188
2022-09-26,554.4693603515625
2022-09-27,563.1329345703125
2022-09-28,539.0674438476562
2022-09-29,554.4693603515625
2022-09-30,566.9834594726562
2022-10-03,542.9179077148438
2022-10-04,567.946044921875
2022-10-05,551.5814819335938
2022-10-06,592.9741821289062
2022-10-07,585.273193359375
2022-10-11,527.5159912109375
2022-10-12,475.05316162109375
2022-10-13,427.884765625
2022-10-14,416.81463623046875
2022-10-17,429.8100280761719
2022-10-18,397.5622253417969
2022-10-19,405.7445373535156
2022-10-20,411.0389099121094
2022-10-21,383.6042175292969
2022-10-24,384.0855712890625
2022-10-25,384.0855712890625
2022-10-26,383.6042175292969
2022-10-27,412.0015563964844
2022-10-28,452.91290283203125
2022-10-31,469.2774658203125
2022-11-01,475.05316162109375
2022-11-02,489.0111389160156
2022-11-03,523.66552734375
2022-11-04,523.66552734375
2022-11-07,553.5067749023438
2022-11-08,553.5067749023438
2022-11-09,568.90869140625
2022-11-10,574.6844482421875
2022-11-11,616.0770874023438
2022-11-14,619.9275512695312
2022-11-15,623.7780151367188
2022-11-16,668.05859375
2022-11-17,707.5260009765625
2022-11-18,704.63818359375
2022-11-21,707.5260009765625
2022-11-22,691.1614379882812
2022-11-23,679.6100463867188
2022-11-24,717.1522216796875
2022-11-25,712.3390502929688
2022-11-28,704.63818359375
2022-11-29,699.8250732421875
2022-11-30,703.6754760742188
2022-12-01,712.3390502929688
2022-12-02,746.993408203125
2022-12-05,732.5541381835938
2022-12-06,735.4420166015625
2022-12-07,714.264404296875
2022-12-08,734.4793701171875
2022-12-09,764.3206176757812
2022-12-12,733.5167236328125
2022-12-13,738.3298950195312
2022-12-14,760.4701538085938
2022-12-15,754.6944580078125
2022-12-16,757.582275390625
2022-12-19,781.6478271484375
2022-12-20,717.1522216796875
2022-12-21,721.9652709960938
2022-12-22,702.712890625
2022-12-23,698.8624267578125
2022-12-26,671.9091186523438
2022-12-27,675.759521484375
2022-12-28,612.2265625
2022-12-29,625.7033081054688
2022-12-30,617.0397338867188
2023-01-03,658.432373046875
2023-01-04,659.39501953125
2023-01-05,625.7033081054688
2023-01-06,625.7033081054688
2023-01-09,661.3201904296875
2023-01-10,666.1333618164062
2023-01-11,674.7969360351562
2023-01-12,675.759521484375
2023-01-13,656.5071411132812
2023-01-16,678.6473999023438
2023-01-17,695.011962890625
2023-01-30,746.0308227539062
2023-01-31,752.7691650390625
2023-02-01,756.6196899414062
2023-02-02,831.7040405273438
2023-02-03,827.8536376953125
2023-02-06,768.171142578125
2023-02-07,809.5638427734375
2023-02-08,890.4238891601562
2023-02-09,885.61083984375
2023-02-10,875.984619140625
2023-02-13,864.4331665039062
2023-02-14,876.9471435546875
2023-02-15,891.3865356445312
2023-02-16,922.1903686523438
2023-02-17,939.5175170898438
2023-02-20,957.8073120117188
2023-02-21,996.3121337890625
2023-02-22,977.0597534179688
2023-02-23,1073.32177734375
2023-02-24,1116.6397705078125
2023-03-01,1135.89208984375
2023-03-02,1150.3314208984375
2023-03-03,1039.630126953125
2023-03-06,1034.8170166015625
2023-03-07,1034.8170166015625
2023-03-08,1063.695556640625
2023-03-09,1068.508544921875
2023-03-10,1049.2562255859375
2023-03-13,1087.7611083984375
2023-03-14,1020.377685546875
2023-03-15,1073.32177734375
2023-03-16,1058.8824462890625
2023-03-17,1087.7611083984375
2023-03-20,1126.265869140625
2023-03-21,1082.9478759765625
2023-03-22,1116.6397705078125
2023-03-23,1150.3314208984375
2023-03-24,1121.4527587890625
2023-03-27,1135.89208984375
2023-03-28,1063.695556640625
2023-03-29,972.2466430664062
2023-03-30,1010.7515258789062
2023-03-31,1044.4432373046875
2023-04-06,1030.00390625
2023-04-07,1039.630126953125
2023-04-10,1058.8824462890625
2023-04-11,1030.00390625
2023-04-12,1030.00390625
2023-04-13,991.4990844726562
2023-04-14,1044.4432373046875
2023-04-17,1030.00390625
2023-04-18,986.6859130859375
2023-04-19,991.4990844726562
2023-04-20,1010.7515258789062
2023-04-21,977.0597534179688
2023-04-24,981.872802734375
2023-04-25,898.1248168945312
2023-04-26,921.227783203125
2023-04-27,933.7418212890625
2023-04-28,958.77001953125
2023-05-02,1054.0694580078125
2023-05-03,1039.630126953125
2023-05-04,1063.695556640625
2023-05-05,1097.3873291015625
2023-05-08,1082.9478759765625
2023-05-09,1097.3873291015625
2023-05-10,1087.7611083984375
2023-05-11,1063.695556640625
2023-05-12,1126.265869140625
2023-05-15,1087.7611083984375
2023-05-16,1087.7611083984375
2023-05-17,1121.4527587890625
2023-05-18,1121.4527587890625
2023-05-19,1232.1541748046875
2023-05-22,1227.341064453125
2023-05-23,1236.96728515625
2023-05-24,1217.71484375
2023-05-25,1338.0423583984375
2023-05-26,1381.3603515625
2023-05-29,1458.3699951171875
2023-05-30,1434.304443359375
2023-05-31,1439.1175537109375
2023-06-01,1477.622314453125
2023-06-02,1384.3602294921875
2023-06-05,1398.932373046875
2023-06-06,1413.504638671875
2023-06-07,1423.219482421875
2023-06-08,1345.5009765625
2023-06-09,1364.9305419921875
2023-06-12,1423.219482421875
2023-06-13,1500.9378662109375
2023-06-14,1520.367431640625
2023-06-15,1598.0859375
2023-06-16,1602.943359375
2023-06-19,1651.5174560546875
2023-06-20,1641.8026123046875
2023-06-21,1578.6563720703125
2023-06-26,1568.9415283203125
2023-06-27,1515.5101318359375
2023-06-28,1505.7952880859375
2023-06-29,1554.3692626953125
2023-06-30,1559.226806640625
2023-07-03,1622.3729248046875
2023-07-04,1651.5174560546875
2023-07-05,1588.3712158203125
2023-07-06,1602.943359375
2023-07-07,1554.3692626953125
2023-07-10,1568.9415283203125
2023-07-11,1539.797119140625
2023-07-12,1583.5137939453125
2023-07-13,1700.0914306640625
2023-07-14,1816.669189453125
2023-07-17,1743.80810546875
2023-07-18,1738.95068359375
2023-07-19,1797.239501953125
2023-07-20,1777.8099365234375
2023-07-21,1850.6710205078125
2023-07-24,1831.2413330078125
2023-07-25,1831.2413330078125
2023-07-26,1787.52490234375
2023-07-27,1772.9525146484375
2023-07-28,1763.23779296875
2023-07-31,1588.3712158203125
2023-08-01,1432.9342041015625
2023-08-02,1364.9305419921875
2023-08-04,1340.6434326171875
2023-08-07,1364.9305419921875
2023-08-08,1306.641845703125
2023-08-09,1301.784423828125
2023-08-10,1214.35107421875
2023-08-11,1233.78076171875
2023-08-14,1228.9232177734375
2023-08-15,1228.9232177734375
2023-08-16,1248.3529052734375
2023-08-17,1326.0714111328125
2023-08-18,1306.641845703125
2023-08-21,1301.784423828125
2023-08-22,1330.9288330078125
2023-08-23,1423.219482421875
2023-08-24,1442.6490478515625
2023-08-25,1389.217529296875
2023-08-28,1389.217529296875
2023-08-29,1457.22119140625
2023-08-30,1442.6490478515625
2023-08-31,1418.362060546875
2023-09-01,1364.9305419921875
2023-09-04,1403.7899169921875
2023-09-05,1398.932373046875
2023-09-06,1408.647216796875
2023-09-07,1374.6453857421875
2023-09-08,1355.2158203125
2023-09-11,1321.2138671875
2023-09-12,1345.5009765625
2023-09-13,1418.362060546875
2023-09-14,1428.076904296875
2023-09-15,1437.7916259765625
2023-09-18,1398.932373046875
2023-09-19,1384.3602294921875
2023-09-20,1321.2138671875
2023-09-21,1282.3548583984375
2023-09-22,1350.3583984375
2023-09-25,1369.7879638671875
2023-09-26,1364.9305419921875
2023-09-27,1321.2138671875
2023-09-28,1326.0714111328125
2023-10-02,1369.7879638671875
2023-10-03,1389.217529296875
2023-10-04,1360.0731201171875
2023-10-05,1384.3602294921875
2023-10-06,1394.0750732421875
2023-10-11,1530.082275390625
2023-10-12,1646.6600341796875
2023-10-13,1646.6600341796875
2023-10-16,1666.0897216796875
2023-10-17,1636.9451904296875
2023-10-18,1588.3712158203125
2023-10-19,1583.5137939453125
2023-10-20,1544.654541015625
2023-10-23,1408.647216796875
2023-10-24,1423.219482421875
2023-10-25,1447.5064697265625
2023-10-26,1384.3602294921875
2023-10-27,1437.7916259765625
2023-10-30,1457.22119140625
2023-10-31,1394.0750732421875
2023-11-01,1442.6490478515625
2023-11-02,1476.65087890625
2023-11-03,1481.5081787109375
2023-11-06,1515.5101318359375
2023-11-07,1510.65283203125
2023-11-08,1573.7989501953125
2023-11-09,1617.5155029296875
2023-11-10,1622.3729248046875
2023-11-13,1651.5174560546875
2023-11-14,1685.519287109375
2023-11-15,1627.23046875
2023-11-16,1627.23046875
2023-11-17,1685.519287109375
2023-11-20,1666.0897216796875
2023-11-21,1690.376708984375
2023-11-22,1734.09326171875
2023-11-23,1646.6600341796875
2023-11-24,1607.8009033203125
2023-11-27,1564.084228515625
2023-11-28,1598.0859375
2023-11-29,1578.6563720703125
2023-11-30,1602.943359375
2023-12-01,1583.5137939453125
2023-12-04,1549.511962890625
2023-12-05,1583.5137939453125
2023-12-06,1632.087890625
2023-12-07,1675.804443359375
2023-12-08,1840.9561767578125
2023-12-11,1772.9525146484375
2023-12-12,1738.95068359375
2023-12-13,1758.3802490234375
2023-12-14,1753.52294921875
2023-12-15,1714.6636962890625
2023-12-18,1680.661865234375
2023-12-19,1656.3748779296875
2023-12-20,1636.9451904296875
2023-12-21,1646.6600341796875
2023-12-22,1700.0914306640625
2023-12-25,1680.661865234375
2023-12-26,1714.6636962890625
2023-12-27,1709.8062744140625
2023-12-28,1670.9471435546875
2023-12-29,1690.376708984375
2024-01-02,1622.3729248046875
2024-01-03,1593.228515625
2024-01-04,1583.5137939453125
2024-01-05,1607.8009033203125
2024-01-08,1617.5155029296875
2024-01-09,1641.8026123046875
2024-01-10,1738.95068359375
2024-01-11,1806.954345703125
2024-01-12,1758.3802490234375
2024-01-15,1709.8062744140625
2024-01-16,1685.519287109375
2024-01-17,1632.087890625
2024-01-18,1675.804443359375
2024-01-19,1627.23046875
2024-01-22,1666.0897216796875
2024-01-23,1656.3748779296875
2024-01-24,1612.658203125
2024-01-25,1510.65283203125
2024-01-26,1500.9378662109375
2024-01-29,1515.5101318359375
2024-01-30,1520.367431640625
2024-01-31,1500.9378662109375
2024-02-01,1500.9378662109375
2024-02-02,1544.654541015625
2024-02-05,1394.0750732421875
2024-02-15,1418.362060546875
2024-02-16,1476.65087890625
2024-02-19,1481.5081787109375
2024-02-20,1515.5101318359375
2024-02-21,1428.076904296875
2024-02-22,1423.219482421875
2024-02-23,1413.504638671875
2024-02-26,1403.7899169921875
2024-02-27,1428.076904296875
2024-02-29,1544.654541015625
2024-03-01,1534.9398193359375
2024-03-04,1500.9378662109375
2024-03-05,1520.367431640625
2024-03-06,1481.5081787109375
2024-03-07,1505.7952880859375
2024-03-08,1447.5064697265625
2024-03-11,1432.9342041015625
2024-03-12,1403.7899169921875
2024-03-13,1292.0694580078125
2024-03-14,1301.784423828125
2024-03-15,1301.784423828125
2024-03-18,1316.3564453125
2024-03-19,1282.3548583984375
2024-03-20,1258.0677490234375
2024-03-21,1262.9251708984375
2024-03-22,1282.3548583984375
2024-03-25,1258.0677490234375
2024-03-26,1228.9232177734375
2024-03-27,1204.63623046875
2024-03-28,1185.2066650390625
2024-03-29,1204.63623046875
2024-04-01,1258.0677490234375
2024-04-02,1335.7861328125
2024-04-03,1345.5009765625
2024-04-08,1262.9251708984375
2024-04-09,1277.4971923828125
2024-04-10,1282.3548583984375
2024-04-11,1287.212158203125
2024-04-12,1219.2083740234375
2024-04-15,1126.9178466796875
2024-04-16,1151.204833984375
2024-04-17,1165.777099609375
2024-04-18,1180.34912109375
2024-04-19,1122.0604248046875
2024-04-22,1073.486328125
2024-04-23,1092.9158935546875
2024-04-24,1156.0621337890625
2024-04-25,1165.777099609375
2024-04-26,1282.3548583984375
2024-04-29,1321.2138671875
2024-04-30,1330.9288330078125
2024-05-02,1335.7861328125
2024-05-03,1306.641845703125
2024-05-06,1311.4991455078125
2024-05-07,1277.4971923828125
2024-05-08,1277.4971923828125
2024-05-09,1238.6380615234375
2024-05-10,1233.78076171875
2024-05-13,1296.9268798828125
2024-05-14,1330.9288330078125
2024-05-15,1369.7879638671875
2024-05-16,1379.5028076171875
2024-05-17,1389.217529296875
2024-05-20,1418.362060546875
2024-05-21,1394.0750732421875
2024-05-22,1403.7899169921875
2024-05-23,1389.217529296875
2024-05-24,1423.219482421875
2024-05-27,1452.3638916015625
2024-05-28,1486.3658447265625
2024-05-29,1486.3658447265625
2024-05-30,1466.9361572265625
2024-05-31,1413.504638671875
2024-06-03,1540.043212890625
2024-06-04,1505.7110595703125
2024-06-05,1549.8524169921875
2024-06-06,1515.5201416015625
2024-06-07,1574.3753662109375
2024-06-11,1530.2340087890625
2024-06-12,1554.7569580078125
2024-06-13,1520.4248046875
2024-06-14,1535.1385498046875
2024-06-17,1510.6156005859375
2024-06-18,1647.9443359375
2024-06-19,1584.1845703125
2024-06-20,1593.9937744140625
2024-06-21,1598.8983154296875
2024-06-24,1520.4248046875
2024-06-25,1554.7569580078125
2024-06-26,1544.94775390625
2024-06-27,1510.6156005859375
2024-06-28,1574.3753662109375
2024-07-01,1549.8524169921875
2024-07-02,1510.6156005859375
2024-07-03,1569.470703125
2024-07-04,1584.1845703125
2024-07-05,1569.470703125
2024-07-08,1520.4248046875
2024-07-09,1603.802978515625
2024-07-10,1574.3753662109375
2024-07-11,1564.566162109375
2024-07-12,1544.94775390625
2024-07-15,1525.3294677734375
2024-07-16,1535.1385498046875
2024-07-17,1486.0926513671875
2024-07-18,1441.9512939453125
2024-07-19,1412.523681640625
2024-07-22,1407.619140625
2024-07-23,1402.7144775390625
2024-07-26,1309.527099609375
2024-07-29,1182.0076904296875
2024-07-30,1074.1065673828125
2024-07-31,1128.05712890625
2024-08-01,1118.2479248046875
2024-08-02,1039.7744140625
2024-08-05,935.7969360351562
2024-08-06,924.0259399414062
2024-08-07,995.633056640625
2024-08-08,978.9573974609375
2024-08-09,1015.2514038085938
2024-08-12,1039.7744140625
2024-08-13,1029.9652099609375
2024-08-14,1064.29736328125
2024-08-15,1093.7249755859375
2024-08-16,1132.9617919921875
2024-08-19,1157.4847412109375
2024-08-20,1157.4847412109375
2024-08-21,1142.7708740234375
2024-08-22,1152.5802001953125
2024-08-23,1128.05712890625
2024-08-26,1108.438720703125
2024-08-27,1113.3433837890625
2024-08-28,1098.6295166015625
2024-08-29,1083.915771484375
2024-08-30,1093.7249755859375
2024-09-02,1074.1065673828125
2024-09-03,1049.5836181640625
2024-09-04,968.167236328125
2024-09-05,966.2054443359375
2024-09-06,1000.53759765625
2024-09-09,1000.53759765625
2024-09-10,979.9383544921875
2024-09-11,995.633056640625
2024-09-12,1039.7744140625
2024-09-13,1020.156005859375
2024-09-16,1025.060546875
2024-09-18,978.9573974609375
2024-09-19,1000.53759765625
2024-09-20,1020.156005859375
2024-09-23,1025.060546875
2024-09-24,1044.678955078125
2024-09-25,1147.6754150390625
2024-09-26,1103.5340576171875
2024-09-27,1098.6295166015625
2024-09-30,1079.0111083984375
2024-10-01,1039.7744140625
2024-10-04,1020.156005859375
2024-10-07,1088.8203125
2024-10-08,1147.6754150390625
2024-10-09,1157.4847412109375
2024-10-11,1172.198486328125
2024-10-14,1191.8167724609375
2024-10-15,1191.8167724609375
2024-10-16,1186.9122314453125
2024-10-17,1191.8167724609375
2024-10-18,1177.1031494140625
2024-10-21,1240.86279296875
2024-10-22,1255.57666015625
2024-10-23,1289.90869140625
2024-10-24,1255.57666015625
2024-10-25,1260.481201171875
2024-10-28,1235.958251953125
2024-10-29,1211.4351806640625
2024-10-30,1211.4351806640625
2024-11-01,1157.4847412109375
2024-11-04,1211.4351806640625
2024-11-05,1191.8167724609375
2024-11-06,1231.0535888671875
2024-11-07,1260.481201171875
2024-11-08,1255.57666015625
2024-11-11,1240.86279296875
2024-11-12,1221.2445068359375
2024-11-13,1172.198486328125
2024-11-14,1206.5306396484375
2024-11-15,1196.721435546875
2024-11-18,1157.4847412109375
2024-11-19,1221.2445068359375
2024-11-20,1191.8167724609375
2024-11-21,1240.86279296875
2024-11-22,1221.2445068359375
2024-11-25,1250.6719970703125
2024-11-26,1196.721435546875
2024-11-27,1157.4847412109375
2024-11-28,1128.05712890625
2024-11-29,1167.2938232421875
2024-12-02,1152.5802001953125
2024-12-03,1167.2938232421875
2024-12-04,1191.8167724609375
2024-12-05,1201.6260986328125
2024-12-06,1196.721435546875
2024-12-09,1201.6260986328125
2024-12-10,1245.7674560546875
2024-12-11,1226.1490478515625
2024-12-12,1299.718017578125
2024-12-13,1299.718017578125
2024-12-16,1338.954833984375
2024-12-17,1456.6650390625
2024-12-18,1402.7144775390625
2024-12-19,1363.477783203125
2024-12-20,1324.240966796875
2024-12-23,1329.1455078125
2024-12-24,1294.8134765625
2024-12-25,1294.8134765625
2024-12-26,1319.33642578125
2024-12-27,1353.66845703125
2024-12-30,1299.718017578125
2024-12-31,1334.050048828125
2025-01-02,1260.481201171875
2025-01-03,1245.7674560546875
2025-01-06,1314.431884765625
2025-01-07,1314.431884765625
2025-01-08,1265.3857421875
2025-01-09,1270.2904052734375
2025-01-10,1245.7674560546875
2025-01-13,1157.4847412109375
2025-01-14,1182.0076904296875
2025-01-15,1172.198486328125
2025-01-16,1231.0535888671875
2025-01-17,1201.6260986328125
2025-01-20,1299.718017578125
2025-01-21,1304.62255859375
2025-01-22,1294.8134765625
2025-02-03,1255.57666015625
2025-02-04,1289.90869140625
2025-02-05,1324.240966796875
2025-02-06,1299.718017578125
2025-02-07,1353.66845703125
2025-02-10,1309.527099609375
2025-02-11,1324.240966796875
2025-02-12,1309.527099609375
2025-02-13,1309.527099609375
2025-02-14,1294.8134765625
2025-02-17,1388.000732421875
2025-02-18,1422.3328857421875
2025-02-19,1392.9052734375
2025-02-20,1388.000732421875
2025-02-21,1378.1915283203125
2025-02-24,1388.000732421875
2025-02-25,1383.0960693359375
2025-02-26,1368.38232421875
2025-02-27,1314.431884765625
2025-03-03,1294.8134765625
2025-03-04,1260.481201171875
2025-03-05,1289.90869140625
2025-03-06,1309.527099609375
2025-03-07,1265.3857421875
2025-03-10,1231.0535888671875
2025-03-11,1186.9122314453125
2025-03-12,1186.9122314453125
2025-03-13,1152.5802001953125
2025-03-14,1182.0076904296875
2025-03-17,1177.1031494140625
2025-03-18,1172.198486328125
2025-03-19,1142.7708740234375
2025-03-20,1167.2938232421875
2025-03-21,1147.6754150390625
2025-03-24,1172.198486328125
2025-03-25,1182.0076904296875
2025-03-26,1206.5306396484375
2025-03-27,1167.2938232421875
2025-03-28,1132.9617919921875
2025-03-31,1029.9652099609375
2025-04-01,1064.29736328125
2025-04-02,1088.8203125
2025-04-07,979.9383544921875
2025-04-08,882.8273315429688
2025-04-09,836.72412109375
2025-04-10,920.1022338867188
2025-04-11,962.28173828125
2025-04-14,973.0718994140625
2025-04-15,995.633056640625
2025-04-16,947.5679931640625
2025-04-17,973.0718994140625
2025-04-18,963.2626953125
2025-04-21,938.7396850585938
2025-04-22,900.4838256835938
2025-04-23,961.3008422851562
2025-04-24,945.6061401367188
2025-04-25,960.3199462890625
2025-04-28,1010.3468627929688
2025-04-29,1025.060546875
2025-04-30,1005.4421997070312
2025-05-02,1064.29736328125
2025-05-05,1093.7249755859375
2025-05-06,1054.4881591796875
2025-05-07,1069.201904296875
2025-05-08,1083.915771484375
2025-05-09,1079.0111083984375
2025-05-12,1128.05712890625
2025-05-13,1128.05712890625
2025-05-14,1128.05712890625
2025-05-15,1123.1524658203125
2025-05-16,1132.9617919921875
2025-05-19,1098.6295166015625
2025-05-20,1118.2479248046875
2025-05-21,1152.5802001953125
2025-05-22,1132.9617919921875
2025-05-23,1118.2479248046875
2025-05-26,1093.7249755859375
2025-05-27,1093.7249755859375
2025-05-28,1137.8663330078125
2025-05-29,1142.7708740234375
2025-06-02,1074.1065673828125
2025-06-03,1104.9659423828125
2025-06-04,1174.6485595703125
2025-06-05,1174.6485595703125
2025-06-06,1129.8526611328125
2025-06-09,1119.89794921875
2025-06-10,1144.7845458984375
2025-06-11,1159.716552734375
2025-06-12,1139.8072509765625
2025-06-13,1090.0340576171875
2025-06-16,1065.1474609375
2025-06-17,1080.079345703125
2025-06-18,1060.1700439453125
2025-06-19,1060.1700439453125
2025-06-20,1060.1700439453125
2025-06-23,1060.1700439453125
2025-06-24,1109.943359375
2025-06-25,1219.4444580078125
2025-06-26,1209.48974609375
2025-06-27,1299.0816650390625
2025-06-30,1299.0816650390625
2025-07-01,1304.0589599609375
2025-07-02,1318.990966796875
2025-07-03,1264.2403564453125
2025-07-04,1249.308349609375
2025-07-07,1254.2857666015625
2025-07-08,1214.4671630859375
2025-07-09,1219.4444580078125
2025-07-10,1229.3990478515625
2025-07-11,1244.3310546875
2025-07-14,1209.48974609375
2025-07-15,1199.53515625
2025-07-16,1229.3990478515625
2025-07-17,1229.3990478515625
2025-07-18,1234.37646484375
2025-07-21,1189.58056640625
2025-07-22,1164.69384765625
2025-07-23,1189.58056640625
2025-07-24,1184.6031494140625
2025-07-25,1219.4444580078125
2025-07-28,1229.3990478515625
2025-07-29,1204.512451171875
2025-07-30,1194.557861328125
2025-07-31,1209.48974609375
2025-08-04,1244.3310546875
2025-08-05,1294.1043701171875
2025-08-06,1259.2630615234375
2025-08-07,1274.195068359375
2025-08-08,1224.4217529296875
2025-08-11,1194.557861328125
2025-08-12,1179.6258544921875
2025-08-13,1159.716552734375
2025-08-14,1199.53515625
2025-08-15,1199.53515625
2025-08-18,1194.557861328125
2025-08-19,1189.58056640625
2025-08-20,1154.7392578125
2025-08-21,1174.6485595703125
2025-08-22,1184.6031494140625
2025-08-25,1294.1043701171875
2025-08-26,1388.6734619140625
2025-08-27,1338.9002685546875
2025-08-28,1343.8775634765625
2025-08-29,1323.96826171875
2025-09-01,1328.945556640625
2025-09-02,1304.0589599609375
2025-09-03,1304.0589599609375
2025-09-04,1294.1043701171875
2025-09-05,1338.9002685546875
2025-09-08,1338.9002685546875
2025-09-09,1393.6507568359375
2025-09-10,1378.7188720703125
2025-09-11,1383.6961669921875
2025-09-12,1368.76416015625
2025-09-15,1323.96826171875
2025-09-16,1309.0362548828125
2025-09-17,1284.149658203125
2025-09-18,1304.0589599609375
2025-09-19,1284.149658203125
2025-09-22,1294.1043701171875
2025-09-23,1309.0362548828125
2025-09-24,1294.1043701171875
2025-09-25,1304.0589599609375
2025-09-26,1249.308349609375
2025-09-30,1333.9229736328125
2025-10-01,1333.9229736328125
2025-10-02,1373.741455078125
2025-10-03,1368.76416015625
2025-10-07,1378.7188720703125
2025-10-08,1478.2652587890625
2025-10-09,1508.1292724609375
2025-10-13,1493.197265625
2025-10-14,1438.44677734375
2025-10-15,1468.3106689453125
2025-10-16,1463.3333740234375
2025-10-17,1488.219970703125
2025-10-20,1518.0838623046875
2025-10-21,1667.4036865234375
2025-10-22,1657.448974609375
2025-10-23,1607.67578125
2025-10-27,1592.7437744140625
2025-10-28,1473.2879638671875
2025-10-29,1463.3333740234375
2025-10-30,1433.4693603515625
2025-10-31,1523.061279296875
2025-11-03,1572.83447265625
2025-11-04,1627.5850830078125
2025-11-05,1597.7210693359375
2025-11-06,1727.131591796875
2025-11-07,1712.1995849609375
2025-11-10,1881.4285888671875
2025-11-11,1901.337890625
2025-11-12,1876.4512939453125
2025-11-13,1866.49658203125
2025-11-14,1871.4739990234375
2025-11-17,1931.2017822265625
2025-11-18,1861.519287109375
2025-11-19,1891.3831787109375
2025-11-20,1956.0885009765625
2025-11-21,1841.6099853515625
2025-11-24,1971.0203857421875
2025-11-25,2165.135986328125
2025-11-26,2160.15869140625
2025-11-27,2125.3173828125
2025-11-28,2249.75048828125
2025-12-01,2175.0908203125
2025-12-02,2160.15869140625
2025-12-03,2135.272216796875
2025-12-04,2115.36279296875
2025-12-05,2209.931884765625
2025-12-08,2145.226806640625
2025-12-09,2105.408203125
2025-12-10,2150.2041015625
2025-12-11,2175.0908203125
2025-12-12,2264.6826171875
2025-12-15,2190.022705078125
2025-12-16,2010.8389892578125
2025-12-17,2000.8843994140625
2025-12-18,2010.8389892578125
2025-12-19,2035.7255859375
2025-12-22,2000.8843994140625
2025-12-23,2015.8162841796875
2025-12-24,2015.8162841796875
2025-12-26,2105.408203125
2025-12-29,2045.6802978515625
2025-12-30,2040.7030029296875
2025-12-31,2115.36279296875
2026-01-02,2175.0908203125
2026-01-05,2309.478515625
2026-01-06,2473.730224609375
2026-01-07,2478.70751953125
2026-01-08,2438.888916015625
2026-01-09,2354.2744140625
2026-01-12,2423.95703125
2026-01-13,2409.02490234375
2026-01-14,2409.02490234375
2026-01-15,2493.639404296875
2026-01-16,2498.61669921875
2026-01-19,2682.77783203125
2026-01-20,2687.755126953125
2026-01-21,2613.09521484375
2026-01-22,2563.322021484375
2026-01-23,2712.641845703125
2026-01-26,2608.117919921875
2026-01-27,2573.276611328125
2026-01-28,2568.29931640625
2026-01-29,2682.77783203125
2026-01-30,2608.117919921875
2026-02-02,2672.8232421875
2026-02-03,2692.732421875
2026-02-04,2518.526123046875
2026-02-05,2329.3876953125
2026-02-06,2364.22900390625
2026-02-09,2433.91162109375
2026-02-10,2493.639404296875
2026-02-11,2463.775634765625
2026-02-23,2359.251708984375
2026-02-24,2488.662109375
2026-02-25,2563.322021484375
2026-02-26,2757.437744140625
2026-03-02,2633.004638671875
2026-03-03,2478.70751953125
2026-03-04,2269.659912109375
2026-03-05,2344.31982421875
2026-03-06,2374.18359375
2026-03-09,2180.068115234375
2026-03-10,2234.818603515625
2026-03-11,2364.22900390625
2026-03-12,2279.614501953125
2026-03-13,2274.63720703125
2026-03-16,2249.75048828125
2026-03-17,2279.614501953125
2026-03-18,2503.59423828125
2026-03-19,2598.163330078125
2026-03-20,2633.004638671875
2026-03-23,2578.25390625
2026-03-24,2493.639404296875
2026-03-25,2463.775634765625
2026-03-26,2528.480712890625
2026-03-27,2448.843505859375
2026-03-30,2299.52392578125
2026-03-31,2155.181396484375
2026-04-01,2344.31982421875
2026-04-02,2309.478515625
2026-04-07,2354.2744140625
2026-04-08,2498.61669921875
2026-04-09,2642.959228515625
2026-04-10,2652.913818359375
2026-04-13,2762.4150390625
2026-04-14,3036.167724609375
2026-04-15,3056.0771484375
2026-04-16,3329.830078125
2026-04-17,3240.238037109375
2026-04-20,3563.76416015625
2026-04-21,3718.061279296875
2026-04-22,3658.333251953125
2026-04-23,3892.267578125
2026-04-24,4016.70068359375
2026-04-27,3937.0634765625
2026-04-28,4170.99755859375
2026-04-29,4101.3154296875
2026-04-30,4240.68017578125
2026-05-04,4663.7529296875
2026-05-05,4813.07275390625
2026-05-06,4932.5283203125
2026-05-07,5425.28369140625
2026-05-08,5186.3720703125
2026-05-11,5704.013671875
2026-05-12,5544.7392578125
2026-05-13,5305.82763671875
2026-05-14,5051.984375
2026-05-15,4823.02734375
2026-05-18,4718.50341796875
2026-05-19,4444.75048828125
2026-05-20,4584.11572265625
2026-05-21,5042.029296875
2026-05-22,5116.689453125
2026-05-25,5285.91845703125
2026-05-26,5261.03173828125
2026-05-27,5076.87060546875
2026-05-28,4569.18359375
2026-05-29,4648.82080078125
2026-06-01,4633.88916015625
2026-06-02,4514.43310546875
2026-06-03,4584.11572265625
2026-06-04,4380.04541015625
2026-06-05,4390.0
2026-06-08,4255.0
2026-06-09,4310.0
2026-06-10,4025.0
2026-06-11,4105.0
2026-06-12,4380.0
2026-06-15,4815.0
2026-06-16,4920.0
2026-06-17,5075.0
2026-06-18,4860.0
2026-06-22,4755.0
2026-06-23,4725.0
2026-06-24,4880.0
2026-06-25,4850.0
2026-06-26,4420.0
2026-06-29,4420.0
2026-06-30,4845.0
2026-07-01,5045.0
2026-07-02,5330.0
2026-07-03,5040.0
2026-07-06,4605.0
2026-07-07,4480.0
2026-07-08,4400.0
2026-07-09,4340.0
2026-07-10,4340.0
2026-07-13,4270.0
2026-07-14,4020.0
2026-07-15,4120.0
2026-07-16,4185.0
2026-07-17,3835.0
2026-07-20,3745.0
2026-07-21,4115.0
2026-07-22,4370.0
2026-07-23,4380.0
2026-07-24,4070.0
2026-07-27,4050.0
2026-07-28,3660.0
2026-07-29,3295.0
2026-07-30,3460.0
2026-07-31,3805.0
2026-08-03,4185.0
2026-08-04,4145.0
2026-08-05,4390.0
2026-08-06,4480.0
2026-08-07,4545.0
2026-08-10,4530.0
2026-08-11,4955.0
2026-08-12,5130.0
2026-08-13,5540.0
2026-08-14,5465.0
2026-08-17,5850.0
2026-08-18,5535.0
2026-08-19,5295.0
2026-08-20,5630.0
2026-08-21,5600.0
2026-08-24,5365.0
2026-08-25,5570.0
2026-08-26,6125.0
2026-08-27,5920.0
2026-08-28,6015.0
2026-08-31,6100.0
2026-09-01,5995.0
2026-09-02,5895.0
2026-09-03,5800.0
2026-09-04,5810.0
2026-09-07,5935.0
2026-09-08,5960.0
2026-09-09,5925.0
2026-09-10,6225.0
2026-09-11,6120.0
2026-09-14,6400.0
2026-09-15,6035.0
2026-09-16,6170.0
2026-09-17,6500.0
2026-09-18,7150.0
