Price,AdjClose
Ticker,3576.TW
Date,
2009-01-12,48.39731216430664
2009-01-13,46.27254867553711
2009-01-14,46.27254867553711
2009-01-15,43.085411071777344
2009-01-16,42.023033142089844
2009-01-19,38.24567413330078
2009-01-20,39.19002151489258
2009-01-21,38.06861877441406
2009-02-02,40.72456741333008
2009-02-03,41.90498733520508
2009-02-04,41.07869338989258
2009-02-05,41.31477355957031
2009-02-06,40.84260559082031
2009-02-09,41.43281555175781
2009-02-10,42.43617630004883
2009-02-11,45.38723373413086
2009-02-12,43.67561721801758
2009-02-13,45.56429672241211
2009-02-16,46.03646469116211
2009-02-17,44.737998962402344
2009-02-18,43.203453063964844
2009-02-19,43.73463821411133
2009-02-20,42.55421829223633
2009-02-23,41.60987854003906
2009-02-24,41.31477355957031
2009-02-25,44.147789001464844
2009-02-26,42.67226028442383
2009-02-27,43.38051986694336
2009-03-02,41.37379837036133
2009-03-03,41.31477355957031
2009-03-04,42.25911331176758
2009-03-05,41.90498733520508
2009-03-06,41.31477355957031
2009-03-09,41.78694152832031
2009-03-10,41.72792434692383
2009-03-11,42.49519729614258
2009-03-12,41.96400451660156
2009-03-13,42.49519729614258
2009-03-16,44.265830993652344
2009-03-17,46.27254867553711
2009-03-18,47.216888427734375
2009-03-19,45.03310775756836
2009-03-20,46.15450668334961
2009-03-23,46.80373764038086
2009-03-24,49.695770263671875
2009-03-25,51.23031997680664
2009-03-26,51.82052993774414
2009-03-27,55.36179733276367
2009-03-30,55.24375534057617
2009-03-31,52.23368453979492
2009-04-02,52.64683151245117
2009-04-03,52.764869689941406
2009-04-06,51.64346694946289
2009-04-07,51.702484130859375
2009-04-08,49.636749267578125
2009-04-09,52.056617736816406
2009-04-10,50.40402603149414
2009-04-13,51.938575744628906
2009-04-14,50.758155822753906
2009-04-15,51.34836196899414
2009-04-16,50.817176818847656
2009-04-17,48.27926254272461
2009-04-20,48.869476318359375
2009-04-21,48.10220718383789
2009-04-22,47.27590560913086
2009-04-23,45.800376892089844
2009-04-24,47.689056396484375
2009-04-27,45.269187927246094
2009-04-28,42.67226028442383
2009-04-29,39.8392448425293
2009-04-30,41.55086135864258
2009-05-04,40.5474967956543
2009-05-05,40.78358459472656
2009-05-06,42.25911331176758
2009-05-07,43.793663024902344
2009-05-08,43.14442825317383
2009-05-11,43.14442825317383
2009-05-12,40.84260559082031
2009-05-13,43.557579040527344
2009-05-14,42.731285095214844
2009-05-15,42.84931945800781
2009-05-18,42.08205032348633
2009-05-19,43.32149124145508
2009-05-20,44.737998962402344
2009-05-21,45.623313903808594
2009-05-22,44.974082946777344
2009-05-25,44.797019958496094
2009-05-26,45.74135971069336
2009-05-27,47.216888427734375
2009-06-01,48.515350341796875
2009-06-02,45.328208923339844
2009-06-03,44.91506576538086
2009-06-04,44.265830993652344
2009-06-05,44.619956970214844
2009-06-08,43.32149124145508
2009-06-09,41.07869338989258
2009-06-10,41.60987854003906
2009-06-11,43.085411071777344
2009-06-12,44.737998962402344
2009-06-15,41.66889572143555
2009-06-16,41.90498733520508
2009-06-17,41.90498733520508
2009-06-18,42.49519729614258
2009-06-19,42.37715530395508
2009-06-22,42.14107131958008
2009-06-23,41.19673156738281
2009-06-24,41.43281555175781
2009-06-25,44.324851989746094
2009-06-26,44.91506576538086
2009-06-29,43.67561721801758
2009-06-30,44.50191879272461
2009-07-01,44.619956970214844
2009-07-02,44.619956970214844
2009-07-03,44.265830993652344
2009-07-06,43.793663024902344
2009-07-07,44.38386917114258
2009-07-08,45.68233871459961
2009-07-09,46.15450668334961
2009-07-10,45.210166931152344
2009-07-13,43.911705017089844
2009-07-14,44.38386917114258
2009-07-15,44.67897415161133
2009-07-16,44.619956970214844
2009-07-17,44.91506576538086
2009-07-20,44.856040954589844
2009-07-21,47.98416519165039
2009-07-22,48.75143814086914
2009-07-23,49.695770263671875
2009-07-24,51.40738296508789
2009-07-27,52.52878952026367
2009-07-28,51.58445358276367
2009-07-29,50.22696304321289
2009-07-30,48.928497314453125
2009-07-31,52.29165267944336
2009-08-03,53.166542053222656
2009-08-04,51.55135726928711
2009-08-05,49.801570892333984
2009-08-06,53.23384094238281
2009-08-07,53.23384094238281
2009-08-10,56.53151321411133
2009-08-11,56.53151321411133
2009-08-12,56.2623176574707
2009-08-13,60.16568374633789
2009-08-14,60.16568374633789
2009-08-17,57.27180862426758
2009-08-18,54.91632843017578
2009-08-19,53.166542053222656
2009-08-20,51.95515441894531
2009-08-21,54.512535095214844
2009-08-24,55.58932113647461
2009-08-25,54.781734466552734
2009-08-26,53.03194808959961
2009-08-27,52.29165267944336
2009-08-28,48.6574821472168
2009-08-31,49.801570892333984
2009-09-01,50.07077407836914
2009-09-02,52.358951568603516
2009-09-03,52.2243537902832
2009-09-04,52.08975601196289
2009-09-07,53.166542053222656
2009-09-08,53.166542053222656
2009-09-09,52.49354553222656
2009-09-10,52.49354553222656
2009-09-11,52.628143310546875
2009-09-14,49.801570892333984
2009-09-15,50.20537185668945
2009-09-16,52.8973503112793
2009-09-17,51.95515441894531
2009-09-18,52.8973503112793
2009-09-21,52.426246643066406
2009-09-22,52.49354553222656
2009-09-23,56.12771987915039
2009-09-24,55.656620025634766
2009-09-25,54.781734466552734
2009-09-28,52.628143310546875
2009-09-29,52.628143310546875
2009-09-30,54.041439056396484
2009-10-01,52.96464920043945
2009-10-02,52.29165267944336
2009-10-05,53.570343017578125
2009-10-06,54.108734130859375
2009-10-07,54.781734466552734
2009-10-08,53.166542053222656
2009-10-09,53.30113983154297
2009-10-12,53.23384094238281
2009-10-13,53.77223587036133
2009-10-14,53.166542053222656
2009-10-15,53.97413635253906
2009-10-16,55.38743209838867
2009-10-19,55.320125579833984
2009-10-20,54.512535095214844
2009-10-21,53.70493698120117
2009-10-22,54.71443176269531
2009-10-23,57.47370529174805
2009-10-26,55.925819396972656
2009-10-27,56.12771987915039
2009-10-28,57.81019973754883
2009-10-29,56.53151321411133
2009-10-30,54.98362731933594
2009-11-02,54.512535095214844
2009-11-03,55.8585205078125
2009-11-04,56.39691925048828
2009-11-05,55.185523986816406
2009-11-06,56.39691925048828
2009-11-09,57.204505920410156
2009-11-10,56.53151321411133
2009-11-11,57.47370529174805
2009-11-12,57.5410041809082
2009-11-13,57.27180862426758
2009-11-16,61.24247360229492
2009-11-17,61.78086853027344
2009-11-18,66.0880355834961
2009-11-19,70.66438293457031
2009-11-20,75.50994873046875
2009-11-23,80.75930786132812
2009-11-24,86.4124526977539
2009-11-25,86.4124526977539
2009-11-26,86.95086669921875
2009-11-27,87.48925018310547
2009-11-30,86.4124526977539
2009-12-01,92.33480834960938
2009-12-02,96.10356903076172
2009-12-03,96.23817443847656
2009-12-04,102.9681167602539
2009-12-07,110.10184478759766
2009-12-08,110.10184478759766
2009-12-09,117.77399444580078
2009-12-10,109.56346893310547
2009-12-11,113.60142517089844
2009-12-14,110.50564575195312
2009-12-15,109.69806671142578
2009-12-16,109.42886352539062
2009-12-17,101.89131927490234
2009-12-18,100.94913482666016
2009-12-21,95.69977569580078
2009-12-22,101.21833038330078
2009-12-23,99.8723373413086
2009-12-24,101.21833038330078
2009-12-25,102.29512786865234
2009-12-28,103.23731994628906
2009-12-29,110.37104797363281
2009-12-30,108.755859375
2009-12-31,108.755859375
2010-01-04,104.31410217285156
2010-01-05,102.29512786865234
2010-01-06,105.25628662109375
2010-01-07,102.29512786865234
2010-01-08,99.60314178466797
2010-01-11,97.58416748046875
2010-01-12,100.81453704833984
2010-01-13,98.66094970703125
2010-01-14,98.93016052246094
2010-01-15,96.77655792236328
2010-01-18,92.46941375732422
2010-01-19,92.60401153564453
2010-01-20,93.81539916992188
2010-01-21,87.35464477539062
2010-01-22,81.29769134521484
2010-01-25,79.41331481933594
2010-01-26,73.89476776123047
2010-01-27,76.45214080810547
2010-01-28,81.70149993896484
2010-01-29,82.77828216552734
2010-02-01,80.62471008300781
2010-02-02,81.02850341796875
2010-02-03,83.7204818725586
2010-02-04,84.39347839355469
2010-02-05,78.60572814941406
2010-02-08,72.95258331298828
2010-02-09,77.93272399902344
2010-02-10,83.31668853759766
2010-02-22,89.10443115234375
2010-02-23,92.06560516357422
2010-02-24,92.06560516357422
2010-02-25,92.06560516357422
2010-02-26,91.9310073852539
2010-03-01,93.81539916992188
2010-03-02,92.46941375732422
2010-03-03,90.45042419433594
2010-03-04,90.98881530761719
2010-03-05,93.27699279785156
2010-03-08,92.46941375732422
2010-03-09,92.33480834960938
2010-03-10,89.23902893066406
2010-03-11,89.64282989501953
2010-03-12,89.64282989501953
2010-03-15,86.95086669921875
2010-03-16,89.3736343383789
2010-03-17,90.18122863769531
2010-03-18,91.52721405029297
2010-03-19,93.4115982055664
2010-03-22,93.4115982055664
2010-03-23,95.9689712524414
2010-03-24,95.8343734741211
2010-03-25,95.9689712524414
2010-03-26,102.56431579589844
2010-03-29,109.69806671142578
2010-03-30,109.02507019042969
2010-03-31,110.90946197509766
2010-04-01,110.64025115966797
2010-04-02,110.90946197509766
2010-04-06,106.198486328125
2010-04-07,107.94827270507812
2010-04-08,104.04490661621094
2010-04-09,105.7947006225586
2010-04-12,104.98709106445312
2010-04-13,102.29512786865234
2010-04-14,105.52549743652344
2010-04-15,103.91030883789062
2010-04-16,103.64110565185547
2010-04-19,96.6419677734375
2010-04-20,100.2761459350586
2010-04-21,107.27528381347656
2010-04-22,105.12169647216797
2010-04-23,105.12169647216797
2010-04-26,99.46855163574219
2010-04-27,99.8723373413086
2010-04-28,98.79556274414062
2010-04-29,97.58416748046875
2010-04-30,91.66181182861328
2010-05-03,92.46941375732422
2010-05-04,93.54620361328125
2010-05-05,89.50823211669922
2010-05-06,87.22004699707031
2010-05-07,86.14325714111328
2010-05-10,88.83524322509766
2010-05-11,88.83524322509766
2010-05-12,87.8930435180664
2010-05-13,89.64282989501953
2010-05-14,89.3736343383789
2010-05-17,83.18209075927734
2010-05-18,81.43229675292969
2010-05-19,82.10530090332031
2010-05-20,79.41331481933594
2010-05-21,74.70235443115234
2010-05-24,74.70235443115234
2010-05-25,69.58760070800781
2010-05-26,72.27958679199219
2010-05-27,75.64454650878906
2010-05-28,76.31755065917969
2010-05-31,75.64454650878906
2010-06-01,75.37535095214844
2010-06-02,74.83695983886719
2010-06-03,76.45214080810547
2010-06-04,81.70149993896484
2010-06-07,83.8550796508789
2010-06-08,82.50908660888672
2010-06-09,79.68251037597656
2010-06-10,83.98967742919922
2010-06-11,83.18209075927734
2010-06-14,83.45128631591797
2010-06-15,84.39347839355469
2010-06-17,84.124267578125
2010-06-18,82.77828216552734
2010-06-21,82.91288757324219
2010-06-22,83.31668853759766
2010-06-23,82.2398910522461
2010-06-24,83.45128631591797
2010-06-25,81.56690216064453
2010-06-28,81.970703125
2010-06-29,80.75930786132812
2010-06-30,81.70149993896484
2010-07-01,84.25888061523438
2010-07-02,87.8930435180664
2010-07-05,93.94999694824219
2010-07-06,94.62298583984375
2010-07-07,95.02678680419922
2010-07-08,101.62212371826172
2010-07-09,99.60314178466797
2010-07-12,102.9681167602539
2010-07-13,101.4875259399414
2010-07-14,101.4875259399414
2010-07-15,103.23731994628906
2010-07-16,102.29512786865234
2010-07-19,104.98709106445312
2010-07-20,104.98709106445312
2010-07-21,106.8714828491211
2010-07-22,107.81367492675781
2010-07-23,106.33308410644531
2010-07-26,102.29512786865234
2010-07-27,100.0069351196289
2010-07-28,102.9681167602539
2010-07-29,100.54533386230469
2010-07-30,99.8723373413086
2010-08-02,106.46768188476562
2010-08-03,104.04490661621094
2010-08-04,104.31410217285156
2010-08-05,99.60314178466797
2010-08-06,102.16053009033203
2010-08-09,102.02593231201172
2010-08-10,102.29512786865234
2010-08-11,107.00608825683594
2010-08-12,113.06302642822266
2010-08-13,117.77399444580078
2010-08-16,118.31238555908203
2010-08-17,117.77399444580078
2010-08-18,115.21661376953125
2010-08-19,120.19676971435547
2010-08-20,122.05554962158203
2010-08-23,121.62977600097656
2010-08-24,124.8940658569336
2010-08-25,118.9332046508789
2010-08-26,116.52047729492188
2010-08-27,119.78475952148438
2010-08-30,119.50089263916016
2010-08-31,118.22357177734375
2010-09-01,122.05554962158203
2010-09-02,121.06208038330078
2010-09-03,122.05554962158203
2010-09-06,123.61672973632812
2010-09-07,120.63629913330078
2010-09-08,117.5139389038086
2010-09-09,113.11427307128906
2010-09-10,107.43727111816406
2010-09-13,109.9919204711914
2010-09-14,111.12732696533203
2010-09-15,114.67545318603516
2010-09-16,106.72764587402344
2010-09-17,109.14037322998047
2010-09-20,107.86305236816406
2010-09-21,107.72112274169922
2010-09-23,107.86305236816406
2010-09-24,107.86305236816406
2010-09-27,100.34101104736328
2010-09-28,99.91523742675781
2010-09-29,100.1990966796875
2010-09-30,100.76679229736328
2010-10-01,101.61834716796875
2010-10-04,96.22518920898438
2010-10-05,97.92829132080078
2010-10-06,97.07674407958984
2010-10-07,100.76679229736328
2010-10-08,98.6379165649414
2010-10-11,98.49600219726562
2010-10-12,99.63139343261719
2010-10-13,100.1990966796875
2010-10-14,99.7733154296875
2010-10-15,96.93480682373047
2010-10-18,95.79940795898438
2010-10-19,96.93480682373047
2010-10-20,100.1990966796875
2010-10-21,102.32796478271484
2010-10-22,103.74720764160156
2010-10-25,106.15995025634766
2010-10-26,106.58572387695312
2010-10-27,105.02454376220703
2010-10-28,107.0114974975586
2010-10-29,106.15995025634766
2010-11-01,105.45032501220703
2010-11-02,105.02454376220703
2010-11-03,101.33448791503906
2010-11-04,103.60529327392578
2010-11-05,105.45032501220703
2010-11-08,102.04411315917969
2010-11-09,103.17951965332031
2010-11-10,103.17951965332031
2010-11-11,106.86956787109375
2010-11-12,104.74069213867188
2010-11-15,104.74069213867188
2010-11-16,104.1729965209961
2010-11-17,102.75374603271484
2010-11-18,100.62487030029297
2010-11-19,99.91523742675781
2010-11-22,100.1990966796875
2010-11-23,101.4764175415039
2010-11-24,100.76679229736328
2010-11-25,101.9021987915039
2010-11-26,103.32144165039062
2010-11-29,103.60529327392578
2010-11-30,103.60529327392578
2010-12-01,104.3149185180664
2010-12-02,103.03759002685547
2010-12-03,103.74720764160156
2010-12-06,103.60529327392578
2010-12-07,104.74069213867188
2010-12-08,105.73416137695312
2010-12-09,106.72764587402344
2010-12-10,105.02454376220703
2010-12-13,104.45685577392578
2010-12-14,102.61181640625
2010-12-15,101.33448791503906
2010-12-16,101.4764175415039
2010-12-17,100.76679229736328
2010-12-20,101.19256591796875
2010-12-21,102.32796478271484
2010-12-22,103.74720764160156
2010-12-23,104.1729965209961
2010-12-24,103.88914489746094
2010-12-27,103.88914489746094
2010-12-28,102.89567565917969
2010-12-29,100.76679229736328
2010-12-30,101.19256591796875
2010-12-31,101.05064392089844
2011-01-03,100.48294830322266
2011-01-04,103.88914489746094
2011-01-05,101.76026916503906
2011-01-06,101.76026916503906
2011-01-07,100.62487030029297
2011-01-10,100.90872192382812
2011-01-11,101.76026916503906
2011-01-12,102.75374603271484
2011-01-13,102.46989440917969
2011-01-14,102.04411315917969
2011-01-17,103.03759002685547
2011-01-18,109.56615447998047
2011-01-19,110.13385009765625
2011-01-20,106.58572387695312
2011-01-21,108.00495910644531
2011-01-24,107.0114974975586
2011-01-25,108.43074798583984
2011-01-26,106.72764587402344
2011-01-27,106.86956787109375
2011-01-28,107.15341186523438
2011-02-08,105.1664810180664
2011-02-09,106.01801300048828
2011-02-10,106.15995025634766
2011-02-11,103.60529327392578
2011-02-14,105.1664810180664
2011-02-15,111.83695220947266
2011-02-16,114.10774993896484
2011-02-17,113.9658203125
2011-02-18,113.9658203125
2011-02-21,120.63629913330078
2011-02-22,121.48784637451172
2011-02-23,114.24967956542969
2011-02-24,113.9658203125
2011-02-25,115.10122680664062
2011-03-01,113.68196868896484
2011-03-02,114.39159393310547
2011-03-03,115.66891479492188
2011-03-04,114.67545318603516
2011-03-07,114.24967956542969
2011-03-08,113.54005432128906
2011-03-09,114.24967956542969
2011-03-10,113.68196868896484
2011-03-11,111.83695220947266
2011-03-14,108.85652160644531
2011-03-15,104.03107452392578
2011-03-16,111.26924896240234
2011-03-17,111.41116333007812
2011-03-18,111.41116333007812
2011-03-21,110.70154571533203
2011-03-22,110.84347534179688
2011-03-23,110.55960845947266
2011-03-24,109.70806884765625
2011-03-25,106.58572387695312
2011-03-28,106.58572387695312
2011-03-29,104.3149185180664
2011-03-30,105.30839538574219
2011-03-31,104.74069213867188
2011-04-01,105.8760986328125
2011-04-06,105.45032501220703
2011-04-07,106.58572387695312
2011-04-08,104.74069213867188
2011-04-11,104.1729965209961
2011-04-12,96.93480682373047
2011-04-13,90.83203887939453
2011-04-14,92.9609146118164
2011-04-15,90.54818725585938
2011-04-18,86.57427978515625
2011-04-19,87.85160827636719
2011-04-20,87.42583465576172
2011-04-21,87.56775665283203
2011-04-22,89.5547103881836
2011-04-25,88.56122589111328
2011-04-26,89.83856201171875
2011-04-27,89.69664001464844
2011-04-28,90.26434326171875
2011-04-29,90.69011688232422
2011-05-03,85.43888092041016
2011-05-04,85.155029296875
2011-05-05,84.16155242919922
2011-05-06,85.72274780273438
2011-05-09,85.43888092041016
2011-05-10,86.006591796875
2011-05-11,85.72274780273438
2011-05-12,86.43236541748047
2011-05-13,88.70316314697266
2011-05-16,87.1419906616211
2011-05-17,87.70968627929688
2011-05-18,86.85813903808594
2011-05-19,88.09535217285156
2011-05-20,84.70707702636719
2011-05-23,79.0599365234375
2011-05-24,76.63973236083984
2011-05-25,77.6078109741211
2011-05-26,82.28687286376953
2011-05-27,83.0936050415039
2011-05-30,83.57764434814453
2011-05-31,85.51380157470703
2011-06-01,84.3843765258789
2011-06-02,82.77091217041016
2011-06-03,84.70707702636719
2011-06-07,85.83649444580078
2011-06-08,86.15918731689453
2011-06-09,87.61131286621094
2011-06-10,85.02976989746094
2011-06-13,83.90033721923828
2011-06-14,85.51380157470703
2011-06-15,86.96593475341797
2011-06-16,86.96593475341797
2011-06-17,88.7407455444336
2011-06-20,86.80458068847656
2011-06-21,87.77266693115234
2011-06-22,87.12727355957031
2011-06-23,81.48013305664062
2011-06-24,83.7389907836914
2011-06-27,86.96593475341797
2011-06-28,85.83649444580078
2011-06-29,86.48188781738281
2011-06-30,86.64323425292969
2011-07-01,86.64323425292969
2011-07-04,86.48188781738281
2011-07-05,85.99784851074219
2011-07-06,84.3843765258789
2011-07-07,84.70707702636719
2011-07-08,81.31878662109375
2011-07-11,78.2531967163086
2011-07-12,72.84808349609375
2011-07-13,68.57239532470703
2011-07-14,68.24969482421875
2011-07-15,67.92700958251953
2011-07-18,67.03959655761719
2011-07-19,67.36228942871094
2011-07-20,68.24969482421875
2011-07-21,68.33036804199219
2011-07-22,68.24969482421875
2011-07-25,63.489967346191406
2011-07-26,62.521888732910156
2011-07-27,64.21602630615234
2011-07-28,63.65132141113281
2011-07-29,61.634483337402344
2011-08-01,61.31178665161133
2011-08-02,61.392459869384766
2011-08-03,58.97225570678711
2011-08-04,60.18235778808594
2011-08-05,55.987342834472656
2011-08-08,52.115020751953125
2011-08-09,48.646060943603516
2011-08-10,50.58222198486328
2011-08-11,54.05118179321289
2011-08-12,53.72848892211914
2011-08-15,52.921749114990234
2011-08-16,53.405792236328125
2011-08-17,52.760406494140625
2011-08-18,50.01750946044922
2011-08-19,46.70989990234375
2011-08-22,44.69306182861328
2011-08-23,47.7586555480957
2011-08-24,47.7586555480957
2011-08-25,45.98384094238281
2011-08-26,46.79057312011719
2011-08-29,48.00067138671875
2011-08-30,46.54854965209961
2011-08-31,47.59730529785156
2011-09-01,48.00067138671875
2011-09-02,47.27461624145508
2011-09-05,46.14518737792969
2011-09-06,45.7418212890625
2011-09-07,45.82249450683594
2011-09-08,46.387210845947266
2011-09-09,46.22585678100586
2011-09-13,44.04767608642578
2011-09-14,40.982086181640625
2011-09-15,40.90141296386719
2011-09-16,42.91824722290039
2011-09-19,42.19218826293945
2011-09-20,43.40229034423828
2011-09-21,45.41912841796875
2011-09-22,44.69306182861328
2011-09-23,43.240943908691406
2011-09-26,40.659393310546875
2011-09-27,41.95016860961914
2011-09-28,44.85441589355469
2011-09-29,47.43595886230469
2011-09-30,46.79057312011719
2011-10-03,46.95191955566406
2011-10-04,47.92000198364258
2011-10-05,47.43595886230469
2011-10-06,46.387210845947266
2011-10-07,47.35528564453125
2011-10-11,47.516632080078125
2011-10-12,47.11326599121094
2011-10-13,48.08134841918945
2011-10-14,47.516632080078125
2011-10-17,48.4040412902832
2011-10-18,48.24269485473633
2011-10-19,48.08134841918945
2011-10-20,45.98384094238281
2011-10-21,45.49979782104492
2011-10-24,45.25777816772461
2011-10-25,45.33845138549805
2011-10-26,44.612388610839844
2011-10-27,42.03084182739258
2011-10-28,41.95016860961914
2011-10-31,39.207275390625
2011-11-01,39.7719841003418
2011-11-02,38.72323226928711
2011-11-03,38.239192962646484
2011-11-04,38.40053939819336
2011-11-07,39.04592514038086
2011-11-08,38.40053939819336
2011-11-09,35.73831558227539
2011-11-10,33.2374382019043
2011-11-11,30.978586196899414
2011-11-14,32.10801315307617
2011-11-15,31.05925941467285
2011-11-16,31.139934539794922
2011-11-17,31.785320281982422
2011-11-18,29.76848602294922
2011-11-21,27.751649856567383
2011-11-22,25.815488815307617
2011-11-23,24.040674209594727
2011-11-24,25.331449508666992
2011-11-25,24.847408294677734
2011-11-28,25.492795944213867
2011-11-29,27.267608642578125
2011-11-30,28.47770881652832
2011-12-01,30.41387176513672
2011-12-02,31.139934539794922
2011-12-05,29.526464462280273
2011-12-06,29.60713768005371
2011-12-07,29.76848602294922
2011-12-08,28.15501594543457
2011-12-09,29.60713768005371
2011-12-12,29.526464462280273
2011-12-13,29.203771591186523
2011-12-14,29.68781089782715
2011-12-15,27.670978546142578
2011-12-16,27.670978546142578
2011-12-19,26.299530029296875
2011-12-20,27.267608642578125
2011-12-21,29.123098373413086
2011-12-22,30.978586196899414
2011-12-23,31.785320281982422
2011-12-26,30.7365665435791
2011-12-27,31.139934539794922
2011-12-28,30.41387176513672
2011-12-29,31.05925941467285
2011-12-30,30.7365665435791
2012-01-02,30.7365665435791
2012-01-03,30.7365665435791
2012-01-04,30.7365665435791
2012-01-05,30.7365665435791
2012-01-06,31.785320281982422
2012-01-09,31.139934539794922
2012-01-10,31.05925941467285
2012-01-11,31.623971939086914
2012-01-12,32.43070602416992
2012-01-13,31.54330062866211
2012-01-16,31.54330062866211
2012-01-17,32.5920524597168
2012-01-18,34.85091018676758
2012-01-30,37.27111053466797
2012-01-31,39.8526611328125
2012-02-01,42.59555435180664
2012-02-02,45.49979782104492
2012-02-03,48.24269485473633
2012-02-06,45.82249450683594
2012-02-07,46.70989990234375
2012-02-08,49.93683624267578
2012-02-09,53.405792236328125
2012-02-10,55.503299713134766
2012-02-13,54.05118179321289
2012-02-14,50.74357223510742
2012-02-15,50.74357223510742
2012-02-16,50.34020233154297
2012-02-17,49.130104064941406
2012-02-20,50.824241638183594
2012-02-21,50.42087936401367
2012-02-22,51.5503044128418
2012-02-23,49.77549362182617
2012-02-24,46.46787643432617
2012-02-29,47.35528564453125
2012-03-01,47.11326599121094
2012-03-02,47.7586555480957
2012-03-05,46.14518737792969
2012-03-06,43.16027069091797
2012-03-07,43.16027069091797
2012-03-08,42.998924255371094
2012-03-09,43.482967376708984
2012-03-12,41.95016860961914
2012-03-13,40.90141296386719
2012-03-14,43.72498321533203
2012-03-15,43.72498321533203
2012-03-16,44.289695739746094
2012-03-19,43.16027069091797
2012-03-20,43.240943908691406
2012-03-21,42.19218826293945
2012-03-22,41.95016860961914
2012-03-23,42.11151885986328
2012-03-26,42.27286148071289
2012-03-27,41.95016860961914
2012-03-28,41.38545608520508
2012-03-29,38.5618896484375
2012-03-30,37.27111053466797
2012-04-02,38.077842712402344
2012-04-03,36.78707504272461
2012-04-05,35.41562271118164
2012-04-06,36.5450553894043
2012-04-09,36.62572479248047
2012-04-10,37.43246078491211
2012-04-11,40.01400375366211
2012-04-12,40.820743560791016
2012-04-13,41.95016860961914
2012-04-16,39.61064529418945
2012-04-17,39.04592514038086
2012-04-18,39.04592514038086
2012-04-19,38.72323226928711
2012-04-20,37.19043731689453
2012-04-23,34.6895637512207
2012-04-24,34.93158721923828
2012-04-25,35.818992614746094
2012-04-26,34.6895637512207
2012-04-27,32.350032806396484
2012-04-30,31.623971939086914
2012-05-02,33.2374382019043
2012-05-03,32.51137924194336
2012-05-04,34.77023696899414
2012-05-07,34.85091018676758
2012-05-08,34.77023696899414
2012-05-09,35.49629592895508
2012-05-10,35.254276275634766
2012-05-11,34.20552062988281
2012-05-14,33.15676498413086
2012-05-15,33.88283157348633
2012-05-16,33.15676498413086
2012-05-17,34.20552062988281
2012-05-18,34.20552062988281
2012-05-21,36.5450553894043
2012-05-22,37.109764099121094
2012-05-23,37.109764099121094
2012-05-24,36.30303192138672
2012-05-25,37.109764099121094
2012-05-28,36.706398010253906
2012-05-29,38.31986618041992
2012-05-30,37.43246078491211
2012-05-31,37.43246078491211
2012-06-01,34.93158721923828
2012-06-04,32.51137924194336
2012-06-05,32.26935958862305
2012-06-06,34.52821731567383
2012-06-07,33.963504791259766
2012-06-08,33.2374382019043
2012-06-11,34.04417419433594
2012-06-12,33.88283157348633
2012-06-13,35.3349494934082
2012-06-14,35.254276275634766
2012-06-15,33.963504791259766
2012-06-18,35.49629592895508
2012-06-19,36.464378356933594
2012-06-20,35.73831558227539
2012-06-21,36.06100845336914
2012-06-22,35.57697296142578
2012-06-25,35.254276275634766
2012-06-26,34.20552062988281
2012-06-27,34.93158721923828
2012-06-28,35.17360305786133
2012-06-29,37.593807220458984
2012-07-02,37.51313018798828
2012-07-03,37.27111053466797
2012-07-04,37.351783752441406
2012-07-05,36.94841766357422
2012-07-06,36.14168167114258
2012-07-09,36.222354888916016
2012-07-10,36.62572479248047
2012-07-11,36.5450553894043
2012-07-12,34.6895637512207
2012-07-13,33.56013488769531
2012-07-16,31.785320281982422
2012-07-17,33.07609176635742
2012-07-18,32.350032806396484
2012-07-19,32.5920524597168
2012-07-20,32.995426177978516
2012-07-23,31.946670532226562
2012-07-24,30.655893325805664
2012-07-25,30.655893325805664
2012-07-26,30.575220108032227
2012-07-27,30.897912979125977
2012-07-30,30.333200454711914
2012-07-31,30.494544982910156
2012-08-01,30.817241668701172
2012-08-02,30.817241668701172
2012-08-03,29.68781089782715
2012-08-06,27.670978546142578
2012-08-07,25.734813690185547
2012-08-08,25.492795944213867
2012-08-09,26.380203247070312
2012-08-10,26.460874557495117
2012-08-13,26.460874557495117
2012-08-14,26.54155158996582
2012-08-15,25.815488815307617
2012-08-16,26.460874557495117
2012-08-17,26.380203247070312
2012-08-20,26.299530029296875
2012-08-21,27.590301513671875
2012-08-22,27.025590896606445
2012-08-23,25.815488815307617
2012-08-24,26.138179779052734
2012-08-27,25.815488815307617
2012-08-28,26.380203247070312
2012-08-29,26.380203247070312
2012-08-30,26.54155158996582
2012-08-31,26.138179779052734
2012-09-03,26.138179779052734
2012-09-04,27.10626220703125
2012-09-05,26.7835693359375
2012-09-06,28.639057159423828
2012-09-07,28.719730377197266
2012-09-10,29.526464462280273
2012-09-11,31.54330062866211
2012-09-12,31.54330062866211
2012-09-13,31.946670532226562
2012-09-14,31.785320281982422
2012-09-17,31.946670532226562
2012-09-18,32.18868637084961
2012-09-19,32.91474914550781
2012-09-20,31.139934539794922
2012-09-21,31.139934539794922
2012-09-24,31.946670532226562
2012-09-25,31.462627410888672
2012-09-26,30.494544982910156
2012-09-27,30.7365665435791
2012-09-28,30.7365665435791
2012-10-01,30.171850204467773
2012-10-02,29.849157333374023
2012-10-03,30.897912979125977
2012-10-04,30.252527236938477
2012-10-05,30.252527236938477
2012-10-08,28.55838394165039
2012-10-09,27.670978546142578
2012-10-11,27.993671417236328
2012-10-12,27.50963020324707
2012-10-15,26.86424446105957
2012-10-16,27.10626220703125
2012-10-17,27.83232307434082
2012-10-18,27.348285675048828
2012-10-19,27.10626220703125
2012-10-22,26.54155158996582
2012-10-23,27.025590896606445
2012-10-24,26.7835693359375
2012-10-25,25.815488815307617
2012-10-26,24.040674209594727
2012-10-29,22.42720603942871
2012-10-30,22.669225692749023
2012-10-31,22.74989891052246
2012-11-01,23.63730812072754
2012-11-02,24.2020206451416
2012-11-05,23.79865264892578
2012-11-06,24.444042205810547
2012-11-07,25.573467254638672
2012-11-08,25.815488815307617
2012-11-09,26.622220993041992
2012-11-12,26.218856811523438
2012-11-13,24.444042205810547
2012-11-14,24.282691955566406
2012-11-15,25.25077247619629
2012-11-16,25.00875473022461
2012-11-19,23.79865264892578
2012-11-20,25.412120819091797
2012-11-21,25.25077247619629
2012-11-22,25.25077247619629
2012-11-23,25.734813690185547
2012-11-26,26.218856811523438
2012-11-27,26.54155158996582
2012-11-28,26.7835693359375
2012-11-29,26.622220993041992
2012-11-30,27.10626220703125
2012-12-03,27.428956985473633
2012-12-04,28.397037506103516
2012-12-05,28.316364288330078
2012-12-06,27.348285675048828
2012-12-07,26.702896118164062
2012-12-10,26.702896118164062
2012-12-11,27.025590896606445
2012-12-12,27.50963020324707
2012-12-13,29.3651180267334
2012-12-14,28.961750030517578
2012-12-17,27.590301513671875
2012-12-18,27.590301513671875
2012-12-19,27.590301513671875
2012-12-20,28.15501594543457
2012-12-21,28.15501594543457
2012-12-24,28.074342727661133
2012-12-25,28.961750030517578
2012-12-26,29.3651180267334
2012-12-27,29.849157333374023
2012-12-28,30.7365665435791
2013-01-02,30.171850204467773
2013-01-03,31.623971939086914
2013-01-04,32.995426177978516
2013-01-07,35.254276275634766
2013-01-08,36.30303192138672
2013-01-09,36.38370132446289
2013-01-10,36.62572479248047
2013-01-11,37.916500091552734
2013-01-14,39.93333435058594
2013-01-15,39.52996826171875
2013-01-16,37.27111053466797
2013-01-17,35.65764617919922
2013-01-18,37.593807220458984
2013-01-21,37.109764099121094
2013-01-22,36.14168167114258
2013-01-23,36.464378356933594
2013-01-24,36.464378356933594
2013-01-25,34.6895637512207
2013-01-28,34.6895637512207
2013-01-29,35.9803352355957
2013-01-30,35.73831558227539
2013-01-31,36.30303192138672
2013-02-01,35.65764617919922
2013-02-04,35.818992614746094
2013-02-05,36.62572479248047
2013-02-06,35.65764617919922
2013-02-18,36.464378356933594
2013-02-19,37.593807220458984
2013-02-20,37.27111053466797
2013-02-21,37.27111053466797
2013-02-22,36.222354888916016
2013-02-25,34.93158721923828
2013-02-26,35.49629592895508
2013-02-27,34.93158721923828
2013-03-01,35.49629592895508
2013-03-04,35.3349494934082
2013-03-05,35.254276275634766
2013-03-06,37.67448043823242
2013-03-07,38.15851593017578
2013-03-08,38.884578704833984
2013-03-11,39.691314697265625
2013-03-12,38.5618896484375
2013-03-13,38.239192962646484
2013-03-14,37.19043731689453
2013-03-15,37.27111053466797
2013-03-18,36.222354888916016
2013-03-19,37.27111053466797
2013-03-20,37.916500091552734
2013-03-21,37.916500091552734
2013-03-22,37.916500091552734
2013-03-25,37.43246078491211
2013-03-26,36.222354888916016
2013-03-27,36.38370132446289
2013-03-28,35.9803352355957
2013-03-29,36.38370132446289
2013-04-01,36.06100845336914
2013-04-02,36.06100845336914
2013-04-03,35.9803352355957
2013-04-08,33.56013488769531
2013-04-09,31.946670532226562
2013-04-10,32.5920524597168
2013-04-11,32.51137924194336
2013-04-12,31.946670532226562
2013-04-15,31.139934539794922
2013-04-16,30.575220108032227
2013-04-17,31.220605850219727
2013-04-18,31.05925941467285
2013-04-19,32.10801315307617
2013-04-22,31.462627410888672
2013-04-23,31.462627410888672
2013-04-24,32.26935958862305
2013-04-25,32.75340270996094
2013-04-26,32.26935958862305
2013-04-29,33.39878845214844
2013-04-30,32.91474914550781
2013-05-02,32.43070602416992
2013-05-03,32.6727294921875
2013-05-06,32.75340270996094
2013-05-07,33.963504791259766
2013-05-08,34.36686325073242
2013-05-09,36.706398010253906
2013-05-10,38.15851593017578
2013-05-13,39.207275390625
2013-05-14,39.28794860839844
2013-05-15,39.93333435058594
2013-05-16,39.61064529418945
2013-05-17,41.06275939941406
2013-05-20,42.756900787353516
2013-05-21,41.143436431884766
2013-05-22,41.304779052734375
2013-05-23,40.09468078613281
2013-05-24,41.46613311767578
2013-05-27,41.8694953918457
2013-05-28,42.27286148071289
2013-05-29,41.06275939941406
2013-05-30,41.38545608520508
2013-05-31,41.304779052734375
2013-06-03,41.788818359375
2013-06-04,42.11151885986328
2013-06-05,41.304779052734375
2013-06-06,39.8526611328125
2013-06-07,37.351783752441406
2013-06-10,37.997169494628906
2013-06-11,37.916500091552734
2013-06-13,37.916500091552734
2013-06-14,35.89966583251953
2013-06-17,36.706398010253906
2013-06-18,36.94841766357422
2013-06-19,36.30303192138672
2013-06-20,35.49629592895508
2013-06-21,34.77023696899414
2013-06-24,34.04417419433594
2013-06-25,33.07609176635742
2013-06-26,35.3349494934082
2013-06-27,35.818992614746094
2013-06-28,36.30303192138672
2013-07-01,37.43246078491211
2013-07-02,36.62572479248047
2013-07-03,36.78707504272461
2013-07-04,37.43246078491211
2013-07-05,36.62572479248047
2013-07-08,35.41562271118164
2013-07-09,36.14168167114258
2013-07-10,36.464378356933594
2013-07-11,36.94841766357422
2013-07-12,36.78707504272461
2013-07-15,38.72323226928711
2013-07-16,38.239192962646484
2013-07-17,37.75515365600586
2013-07-18,36.14168167114258
2013-07-19,36.5450553894043
2013-07-22,36.222354888916016
2013-07-23,37.51313018798828
2013-07-24,37.109764099121094
2013-07-25,37.19043731689453
2013-07-26,36.706398010253906
2013-07-29,35.49629592895508
2013-07-30,35.65764617919922
2013-07-31,34.447540283203125
2013-08-01,34.93158721923828
2013-08-02,35.49629592895508
2013-08-05,35.818992614746094
2013-08-06,36.30303192138672
2013-08-07,36.30303192138672
2013-08-08,36.38370132446289
2013-08-09,36.78707504272461
2013-08-12,36.30303192138672
2013-08-13,37.109764099121094
2013-08-14,37.029090881347656
2013-08-15,37.109764099121094
2013-08-16,38.077842712402344
2013-08-19,37.997169494628906
2013-08-20,35.818992614746094
2013-08-22,35.89966583251953
2013-08-23,35.9803352355957
2013-08-26,36.06100845336914
2013-08-27,35.65764617919922
2013-08-28,35.65764617919922
2013-08-29,36.867740631103516
2013-08-30,36.06100845336914
2013-09-02,37.43246078491211
2013-09-03,37.27111053466797
2013-09-04,38.239192962646484
2013-09-05,39.04592514038086
2013-09-06,41.54680252075195
2013-09-09,40.90141296386719
2013-09-10,40.336700439453125
2013-09-11,41.54680252075195
2013-09-12,41.54680252075195
2013-09-13,42.03084182739258
2013-09-16,40.820743560791016
2013-09-17,41.70814895629883
2013-09-18,44.612388610839844
2013-09-23,47.35528564453125
2013-09-24,47.11326599121094
2013-09-25,49.614139556884766
2013-09-26,46.14518737792969
2013-09-27,46.46787643432617
2013-09-30,48.4040412902832
2013-10-01,48.597110748291016
2013-10-02,48.84632873535156
2013-10-03,49.510902404785156
2013-10-04,52.50149154663086
2013-10-07,50.756988525390625
2013-10-08,51.00619888305664
2013-10-09,49.67704391479492
2013-10-11,50.25855255126953
2013-10-14,50.50776672363281
2013-10-15,52.667633056640625
2013-10-16,50.84005355834961
2013-10-17,51.670772552490234
2013-10-18,51.25541305541992
2013-10-21,50.50776672363281
2013-10-22,50.590843200683594
2013-10-23,48.76325607299805
2013-10-24,49.261688232421875
2013-10-25,48.514041900634766
2013-10-28,47.683319091796875
2013-10-29,48.430965423583984
2013-10-30,51.75384521484375
2013-10-31,52.08613586425781
2013-11-01,55.65822982788086
2013-11-04,59.47954177856445
2013-11-05,58.981109619140625
2013-11-06,63.0516357421875
2013-11-07,58.64881896972656
2013-11-08,58.64881896972656
2013-11-11,61.1409797668457
2013-11-12,59.31339645385742
2013-11-13,59.81182861328125
2013-11-14,59.230323791503906
2013-11-15,62.55320358276367
2013-11-18,60.14411926269531
2013-11-19,61.4732666015625
2013-11-20,61.4732666015625
2013-11-21,60.89176559448242
2013-11-22,59.81182861328125
2013-11-25,61.1409797668457
2013-11-26,61.1409797668457
2013-11-27,64.79615020751953
2013-11-28,62.968563079833984
2013-11-29,63.46699523925781
2013-12-02,63.2177848815918
2013-12-03,63.46699523925781
2013-12-04,62.80241775512695
2013-12-05,61.63941192626953
2013-12-06,61.4732666015625
2013-12-09,59.5626106262207
2013-12-10,60.642547607421875
2013-12-11,59.97797393798828
2013-12-12,59.97797393798828
2013-12-13,59.97797393798828
2013-12-16,60.642547607421875
2013-12-17,61.88862609863281
2013-12-18,62.054771423339844
2013-12-19,60.47640609741211
2013-12-20,61.30712127685547
2013-12-23,60.80868911743164
2013-12-24,62.220916748046875
2013-12-25,61.72248458862305
2013-12-26,62.80241775512695
2013-12-27,64.04850006103516
2013-12-30,68.4513168334961
2013-12-31,73.18641662597656
2014-01-02,71.94033813476562
2014-01-03,72.8541259765625
2014-01-06,71.19268798828125
2014-01-07,71.02655029296875
2014-01-08,71.10961151123047
2014-01-09,71.44190216064453
2014-01-10,72.93720245361328
2014-01-13,68.94974517822266
2014-01-14,67.37139129638672
2014-01-15,67.952880859375
2014-01-16,66.042236328125
2014-01-17,66.54065704345703
2014-01-20,64.6300048828125
2014-01-21,66.042236328125
2014-01-22,66.62372589111328
2014-01-23,64.79615020751953
2014-01-24,63.13470458984375
2014-01-27,58.981109619140625
2014-02-05,59.31339645385742
2014-02-06,63.38392639160156
2014-02-07,62.220916748046875
2014-02-10,62.137840270996094
2014-02-11,62.137840270996094
2014-02-12,63.0516357421875
2014-02-13,61.4732666015625
2014-02-14,61.1409797668457
2014-02-17,56.98737716674805
2014-02-18,58.56574630737305
2014-02-19,57.81809616088867
2014-02-20,58.3165283203125
2014-02-21,60.14411926269531
2014-02-24,63.13470458984375
2014-02-25,62.885494232177734
2014-02-26,62.137840270996094
2014-02-27,62.63627243041992
2014-03-03,63.46699523925781
2014-03-04,62.303985595703125
2014-03-05,62.63627243041992
2014-03-06,66.45758819580078
2014-03-07,63.79928207397461
2014-03-10,63.965423583984375
2014-03-11,65.21150207519531
2014-03-12,64.54692840576172
2014-03-13,63.965423583984375
2014-03-14,64.21463775634766
2014-03-17,63.71621322631836
2014-03-18,65.62686157226562
2014-03-19,64.21463775634766
2014-03-20,64.04850006103516
2014-03-21,62.63627243041992
2014-03-24,60.31026077270508
2014-03-25,61.97169876098633
2014-03-26,61.05790710449219
2014-03-27,59.47954177856445
2014-03-28,59.064178466796875
2014-03-31,60.22718811035156
2014-04-01,62.054771423339844
2014-04-02,62.38705825805664
2014-04-03,62.7193489074707
2014-04-07,62.054771423339844
2014-04-08,62.38705825805664
2014-04-09,62.80241775512695
2014-04-10,62.968563079833984
2014-04-11,59.97797393798828
2014-04-14,57.568885803222656
2014-04-15,57.651954650878906
2014-04-16,58.64881896972656
2014-04-17,57.90117645263672
2014-04-18,59.5626106262207
2014-04-21,61.39019775390625
2014-04-22,60.80868911743164
2014-04-23,61.05790710449219
2014-04-24,60.06104278564453
2014-04-25,59.81182861328125
2014-04-28,61.30712127685547
2014-04-29,60.89176559448242
2014-04-30,59.39646911621094
2014-05-02,60.55947494506836
2014-05-05,62.55320358276367
2014-05-06,61.55634307861328
2014-05-07,60.72562026977539
2014-05-08,61.22405242919922
2014-05-09,59.5626106262207
2014-05-12,60.642547607421875
2014-05-13,59.97797393798828
2014-05-14,60.89176559448242
2014-05-15,61.1409797668457
2014-05-16,61.05790710449219
2014-05-19,62.63627243041992
2014-05-20,61.8055534362793
2014-05-21,60.97483444213867
2014-05-22,61.30712127685547
2014-05-23,60.97483444213867
2014-05-26,60.31026077270508
2014-05-27,60.642547607421875
2014-05-28,60.89176559448242
2014-05-29,61.97169876098633
2014-05-30,61.97169876098633
2014-06-03,61.4732666015625
2014-06-04,60.80868911743164
2014-06-05,61.63941192626953
2014-06-06,60.642547607421875
2014-06-09,63.965423583984375
2014-06-10,62.220916748046875
2014-06-11,63.550071716308594
2014-06-12,66.29143524169922
2014-06-13,65.79301452636719
2014-06-16,65.1284408569336
2014-06-17,64.38079071044922
2014-06-18,62.968563079833984
2014-06-19,64.21463775634766
2014-06-20,64.21463775634766
2014-06-23,59.728755950927734
2014-06-24,60.47640609741211
2014-06-25,60.14411926269531
2014-06-26,59.5626106262207
2014-06-27,60.642547607421875
2014-06-30,61.63941192626953
2014-07-01,63.71621322631836
2014-07-02,62.137840270996094
2014-07-03,63.79928207397461
2014-07-04,62.968563079833984
2014-07-07,60.72562026977539
2014-07-08,60.31026077270508
2014-07-09,59.81182861328125
2014-07-10,58.981109619140625
2014-07-11,59.063232421875
2014-07-14,59.147010803222656
2014-07-15,60.57122802734375
2014-07-16,59.482120513916016
2014-07-17,58.89567565917969
2014-07-18,58.89567565917969
2014-07-21,58.14167785644531
2014-07-22,59.23078536987305
2014-07-23,59.23078536987305
2014-07-24,60.48745346069336
2014-07-25,59.64967727661133
2014-07-28,55.54457092285156
2014-07-29,51.690799713134766
2014-07-30,50.601688385009766
2014-07-31,50.266578674316406
2014-08-01,47.3343620300293
2014-08-04,47.83702850341797
2014-08-05,47.920806884765625
2014-08-06,44.988590240478516
2014-08-07,45.07236862182617
2014-08-08,46.161476135253906
2014-08-11,47.41814041137695
2014-08-12,47.83702850341797
2014-08-13,46.66414260864258
2014-08-14,46.66414260864258
2014-08-15,46.747920989990234
2014-08-18,43.480594635009766
2014-08-19,46.49658966064453
2014-08-20,45.82636642456055
2014-08-21,45.9101448059082
2014-08-22,46.24525451660156
2014-08-25,48.50724792480469
2014-08-26,47.920806884765625
2014-08-27,47.83702850341797
2014-08-28,47.920806884765625
2014-08-29,48.4234733581543
2014-09-01,47.83702850341797
2014-09-02,48.59103012084961
2014-09-03,48.17213821411133
2014-09-04,48.758583068847656
2014-09-05,49.763912200927734
2014-09-09,50.182804107666016
2014-09-10,50.0152473449707
2014-09-11,50.76924514770508
2014-09-12,49.51258087158203
2014-09-15,49.680137634277344
2014-09-16,46.83169937133789
2014-09-17,48.4234733581543
2014-09-18,51.77457809448242
2014-09-19,53.6176872253418
2014-09-22,55.54457092285156
2014-09-23,54.9581298828125
2014-09-24,56.21479415893555
2014-09-25,55.12568664550781
2014-09-26,55.29323959350586
2014-09-29,57.63901138305664
2014-09-30,57.974124908447266
2014-10-01,57.55523681640625
2014-10-02,56.549903869628906
2014-10-03,56.6336784362793
2014-10-06,55.12568664550781
2014-10-07,52.94746780395508
2014-10-08,52.94746780395508
2014-10-09,51.94213104248047
2014-10-13,48.776248931884766
2014-10-14,50.38240432739258
2014-10-15,49.19892120361328
2014-10-16,50.88960647583008
2014-10-17,48.69171905517578
2014-10-20,50.21333312988281
2014-10-21,49.7906608581543
2014-10-22,49.11438751220703
2014-10-23,48.86078643798828
2014-10-24,49.36799240112305
2014-10-27,45.98662185668945
2014-10-28,48.522647857666016
2014-10-29,49.19892120361328
2014-10-30,48.69171905517578
2014-10-31,48.69171905517578
2014-11-03,48.86078643798828
2014-11-04,48.353580474853516
2014-11-05,47.17010498046875
2014-11-06,45.3948860168457
2014-11-07,48.01544189453125
2014-11-10,47.7618408203125
2014-11-11,48.438114166259766
2014-11-12,48.353580474853516
2014-11-13,48.69171905517578
2014-11-14,48.438114166259766
2014-11-17,46.49382781982422
2014-11-18,45.14128112792969
2014-11-19,45.47941589355469
2014-11-20,45.9020881652832
2014-11-21,45.81755447387695
2014-11-24,45.31034469604492
2014-11-25,45.64848327636719
2014-11-26,44.88767623901367
2014-11-27,45.47941589355469
2014-11-28,44.97220993041992
2014-12-01,45.47941589355469
2014-12-02,46.49382781982422
2014-12-03,46.24022674560547
2014-12-04,46.15568923950195
2014-12-05,46.32475662231445
2014-12-08,45.14128112792969
2014-12-09,44.97220993041992
2014-12-10,44.97220993041992
2014-12-11,45.64848327636719
2014-12-12,44.97220993041992
2014-12-15,44.46500778198242
2014-12-16,45.64848327636719
2014-12-17,48.776248931884766
2014-12-18,49.02985763549805
2014-12-19,49.9597282409668
2014-12-22,51.14320755004883
2014-12-23,50.38240432739258
2014-12-24,50.974143981933594
2014-12-25,50.72053909301758
2014-12-26,51.565879821777344
2014-12-29,50.88960647583008
2014-12-30,50.55147171020508
2014-12-31,50.55147171020508
2015-01-05,49.4525260925293
2015-01-06,46.83196258544922
2015-01-07,46.83196258544922
2015-01-08,47.339168548583984
2015-01-09,47.846370697021484
2015-01-12,46.83196258544922
2015-01-13,47.7618408203125
2015-01-14,47.339168548583984
2015-01-15,47.339168548583984
2015-01-16,45.31034469604492
2015-01-19,45.47941589355469
2015-01-20,47.339168548583984
2015-01-21,46.24022674560547
2015-01-22,46.24022674560547
2015-01-23,45.47941589355469
2015-01-26,45.64848327636719
2015-01-27,45.81755447387695
2015-01-28,46.24022674560547
2015-01-29,46.24022674560547
2015-01-30,46.24022674560547
2015-02-02,46.32475662231445
2015-02-03,46.24022674560547
2015-02-04,47.00102996826172
2015-02-05,46.49382781982422
2015-02-06,46.24022674560547
2015-02-09,45.31034469604492
2015-02-10,45.05674743652344
2015-02-11,44.634071350097656
2015-02-12,44.38047409057617
2015-02-13,44.38047409057617
2015-02-24,44.88767623901367
2015-02-25,45.31034469604492
2015-02-26,45.5639533996582
2015-03-02,44.97220993041992
2015-03-03,45.05674743652344
2015-03-04,44.80314254760742
2015-03-05,45.05674743652344
2015-03-06,46.0711555480957
2015-03-09,47.00102996826172
2015-03-10,45.98662185668945
2015-03-11,45.64848327636719
2015-03-12,46.0711555480957
2015-03-13,45.47941589355469
2015-03-16,44.88767623901367
2015-03-17,44.71860885620117
2015-03-18,45.47941589355469
2015-03-19,45.5639533996582
2015-03-20,46.66289520263672
2015-03-23,47.67730712890625
2015-03-24,47.846370697021484
2015-03-25,46.66289520263672
2015-03-26,46.74742889404297
2015-03-27,47.67730712890625
2015-03-30,46.916500091552734
2015-03-31,46.83196258544922
2015-04-01,47.508235931396484
2015-04-02,48.86078643798828
2015-04-07,49.87519836425781
2015-04-08,49.2834587097168
2015-04-09,48.776248931884766
2015-04-10,48.438114166259766
2015-04-13,48.94532012939453
2015-04-14,47.930912017822266
2015-04-15,48.438114166259766
2015-04-16,49.53705978393555
2015-04-17,49.87519836425781
2015-04-20,48.86078643798828
2015-04-21,46.83196258544922
2015-04-22,46.49382781982422
2015-04-23,46.15568923950195
2015-04-24,46.49382781982422
2015-04-27,46.83196258544922
2015-04-28,46.49382781982422
2015-04-29,45.73301696777344
2015-04-30,46.57836151123047
2015-05-04,45.98662185668945
2015-05-05,45.81755447387695
2015-05-06,46.49382781982422
2015-05-07,45.98662185668945
2015-05-08,45.47941589355469
2015-05-11,42.52071762084961
2015-05-12,40.83003616333008
2015-05-13,41.252708435058594
2015-05-14,40.99910354614258
2015-05-15,39.30841827392578
2015-05-18,36.60332107543945
2015-05-19,37.11052703857422
2015-05-20,35.92704772949219
2015-05-21,33.64462661743164
2015-05-22,35.92704772949219
2015-05-25,38.12493896484375
2015-05-26,38.12493896484375
2015-05-27,38.632144927978516
2015-05-28,40.2382926940918
2015-05-29,40.83003616333008
2015-06-01,39.98469161987305
2015-06-02,39.47748565673828
2015-06-03,38.463077545166016
2015-06-04,37.78680419921875
2015-06-05,36.68785858154297
2015-06-08,37.19506072998047
2015-06-09,35.75797653198242
2015-06-10,37.617733001708984
2015-06-11,37.02599334716797
2015-06-12,37.53319549560547
2015-06-15,38.970279693603516
2015-06-16,38.632144927978516
2015-06-17,39.47748565673828
2015-06-18,40.99910354614258
2015-06-22,40.57643508911133
2015-06-23,41.759910583496094
2015-06-24,41.84444046020508
2015-06-25,41.759910583496094
2015-06-26,41.252708435058594
2015-06-29,41.08363723754883
2015-06-30,40.49189758300781
2015-07-01,41.759910583496094
2015-07-02,42.26711654663086
2015-07-03,42.943389892578125
2015-07-06,42.013511657714844
2015-07-07,42.35165023803711
2015-07-08,39.39295196533203
2015-07-09,42.43618392944336
2015-07-10,42.43618392944336
2015-07-13,44.21139907836914
2015-07-14,44.46500778198242
2015-07-15,45.9020881652832
2015-07-16,45.14128112792969
2015-07-17,45.3948860168457
2015-07-20,44.54954147338867
2015-07-21,44.21139907836914
2015-07-22,45.47941589355469
2015-07-23,45.22581481933594
2015-07-24,42.26711654663086
2015-07-27,40.2382926940918
2015-07-28,42.52071762084961
2015-07-29,41.675376892089844
2015-07-30,41.84444046020508
2015-07-31,41.24802780151367
2015-08-03,40.22534942626953
2015-08-04,36.2198600769043
2015-08-05,37.8390998840332
2015-08-06,34.77106857299805
2015-08-07,34.94151306152344
2015-08-10,35.45285415649414
2015-08-11,34.259727478027344
2015-08-12,33.2370491027832
2015-08-13,33.577938079833984
2015-08-14,33.40749740600586
2015-08-17,33.40749740600586
2015-08-18,32.555259704589844
2015-08-19,31.19169044494629
2015-08-20,30.93602180480957
2015-08-21,27.86798667907715
2015-08-24,25.14084243774414
2015-08-25,24.885175704956055
2015-08-26,24.97039794921875
2015-08-27,24.71472930908203
2015-08-28,25.822629928588867
2015-08-31,26.163522720336914
2015-09-01,28.1236572265625
2015-09-02,28.038433074951172
2015-09-03,27.953208923339844
2015-09-04,27.953208923339844
2015-09-07,27.5270938873291
2015-09-08,28.208879470825195
2015-09-09,28.720218658447266
2015-09-10,29.40200424194336
2015-09-11,29.742897033691406
2015-09-14,29.40200424194336
2015-09-15,29.231557846069336
2015-09-16,30.339458465576172
2015-09-17,32.7257080078125
2015-09-18,33.32227325439453
2015-09-21,32.043922424316406
2015-09-22,32.81093215942383
2015-09-23,32.47003936767578
2015-09-24,31.021244049072266
2015-09-25,31.873476028442383
2015-09-29,31.873476028442383
2015-09-30,31.532583236694336
2015-10-01,32.555259704589844
2015-10-02,32.2143669128418
2015-10-05,33.40749740600586
2015-10-06,33.06660079956055
2015-10-07,33.40749740600586
2015-10-08,32.981380462646484
2015-10-12,33.151824951171875
2015-10-13,33.83361053466797
2015-10-14,34.60062026977539
2015-10-15,34.60062026977539
2015-10-16,36.04941177368164
2015-10-19,36.475528717041016
2015-10-20,37.92432403564453
2015-10-21,37.92432403564453
2015-10-22,37.92432403564453
2015-10-23,39.11745071411133
2015-10-26,39.20267105102539
2015-10-27,39.54356384277344
2015-10-28,38.435665130615234
2015-10-29,37.41298294067383
2015-10-30,37.75387954711914
2015-11-02,38.00954818725586
2015-11-03,37.8390998840332
2015-11-04,37.75387954711914
2015-11-05,38.435665130615234
2015-11-06,38.5208854675293
2015-11-09,37.2425422668457
2015-11-10,36.98686981201172
2015-11-11,35.36762619018555
2015-11-12,34.77106857299805
2015-11-13,34.43017578125
2015-11-16,35.282405853271484
2015-11-17,35.708518981933594
2015-11-18,36.98686981201172
2015-11-19,37.327762603759766
2015-11-20,36.475528717041016
2015-11-23,37.327762603759766
2015-11-24,36.81642150878906
2015-11-25,37.327762603759766
2015-11-26,38.09477233886719
2015-11-27,37.498207092285156
2015-11-30,39.37311935424805
2015-12-01,43.29338836669922
2015-12-02,44.40128707885742
2015-12-03,43.37860870361328
2015-12-04,44.65695571899414
2015-12-07,43.208160400390625
2015-12-08,41.67414474487305
2015-12-09,39.54356384277344
2015-12-10,41.07758331298828
2015-12-11,37.75387954711914
2015-12-14,38.94700241088867
2015-12-15,40.73668670654297
2015-12-16,40.22534942626953
2015-12-17,42.10026168823242
2015-12-18,41.92981719970703
2015-12-21,42.27070999145508
2015-12-22,42.27070999145508
2015-12-23,42.611602783203125
2015-12-24,41.41847610473633
2015-12-25,41.92981719970703
2015-12-28,42.27070999145508
2015-12-29,42.185482025146484
2015-12-30,41.41847610473633
2015-12-31,41.41847610473633
2016-01-04,40.39579772949219
2016-01-05,40.56624221801758
2016-01-06,38.606109619140625
2016-01-07,37.92432403564453
2016-01-08,39.20267105102539
2016-01-11,37.2425422668457
2016-01-12,34.94151306152344
2016-01-13,35.5380744934082
2016-01-14,34.259727478027344
2016-01-15,34.344947814941406
2016-01-18,36.98686981201172
2016-01-19,37.327762603759766
2016-01-20,35.111961364746094
2016-01-21,34.60062026977539
2016-01-22,35.111961364746094
2016-01-25,35.5380744934082
2016-01-26,35.0267333984375
2016-01-27,34.94151306152344
2016-01-28,36.305084228515625
2016-01-29,36.731197357177734
2016-02-01,36.305084228515625
2016-02-02,36.305084228515625
2016-02-03,36.04941177368164
2016-02-15,36.64597702026367
2016-02-16,37.92432403564453
2016-02-17,38.69133377075195
2016-02-18,40.481021881103516
2016-02-19,42.35593032836914
2016-02-22,41.588924407958984
2016-02-23,42.35593032836914
2016-02-24,40.054901123046875
2016-02-25,40.31057357788086
2016-02-26,40.90713882446289
2016-03-01,41.07758331298828
2016-03-02,40.56624221801758
2016-03-03,39.55095672607422
2016-03-04,39.377864837646484
2016-03-07,38.68550491333008
2016-03-08,39.377864837646484
2016-03-09,38.425872802734375
2016-03-10,38.425872802734375
2016-03-11,38.77204895019531
2016-03-14,39.11823272705078
2016-03-15,37.73351287841797
2016-03-16,37.9066047668457
2016-03-17,37.2142448425293
2016-03-18,37.12770080566406
2016-03-21,37.387332916259766
2016-03-22,37.5604248046875
2016-03-23,37.646968841552734
2016-03-24,37.12770080566406
2016-03-25,36.781524658203125
2016-03-28,34.87753677368164
2016-03-29,34.61790466308594
2016-03-30,35.65644073486328
2016-03-31,36.17570877075195
2016-04-01,35.48334884643555
2016-04-06,34.79098892211914
2016-04-07,34.61790466308594
2016-04-08,35.05062484741211
2016-04-11,34.964080810546875
2016-04-12,34.4448127746582
2016-04-13,34.964080810546875
2016-04-14,34.1851806640625
2016-04-15,32.540828704833984
2016-04-18,31.588836669921875
2016-04-19,31.935014724731445
2016-04-20,31.156112670898438
2016-04-21,30.809932708740234
2016-04-22,29.079036712646484
2016-04-25,30.031028747558594
2016-04-26,31.156112670898438
2016-04-27,30.463754653930664
2016-04-28,29.425216674804688
2016-04-29,29.944486618041992
2016-05-03,29.59830665588379
2016-05-04,29.77139663696289
2016-05-05,29.944486618041992
2016-05-06,29.511762619018555
2016-05-09,28.81940269470215
2016-05-10,28.99249267578125
2016-05-11,29.079036712646484
2016-05-12,28.386680603027344
2016-05-13,27.001964569091797
2016-05-16,27.607776641845703
2016-05-17,29.59830665588379
2016-05-18,29.511762619018555
2016-05-19,29.684852600097656
2016-05-20,29.77139663696289
2016-05-23,30.11757469177246
2016-05-24,30.809932708740234
2016-05-25,30.463754653930664
2016-05-26,30.809932708740234
2016-05-27,30.463754653930664
2016-05-30,30.463754653930664
2016-05-31,30.98302459716797
2016-06-01,31.329200744628906
2016-06-02,30.031028747558594
2016-06-03,29.684852600097656
2016-06-06,29.16558265686035
2016-06-07,30.290664672851562
2016-06-08,29.944486618041992
2016-06-13,29.25212860107422
2016-06-14,29.77139663696289
2016-06-15,29.857940673828125
2016-06-16,29.684852600097656
2016-06-17,29.857940673828125
2016-06-20,30.463754653930664
2016-06-21,30.204120635986328
2016-06-22,30.636844635009766
2016-06-23,30.204120635986328
2016-06-24,29.338672637939453
2016-06-27,29.511762619018555
2016-06-28,29.77139663696289
2016-06-29,30.11757469177246
2016-06-30,30.809932708740234
2016-07-01,30.55030059814453
2016-07-04,30.11757469177246
2016-07-05,30.204120635986328
2016-07-06,30.031028747558594
2016-07-07,30.204120635986328
2016-07-08,30.204120635986328
2016-07-11,29.684852600097656
2016-07-12,29.59830665588379
2016-07-13,29.684852600097656
2016-07-14,29.59830665588379
2016-07-15,29.59830665588379
2016-07-18,29.77139663696289
2016-07-19,29.59830665588379
2016-07-20,29.77139663696289
2016-07-21,29.684852600097656
2016-07-22,29.944486618041992
2016-07-25,29.425216674804688
2016-07-26,29.079036712646484
2016-07-27,28.905948638916016
2016-07-28,28.040502548217773
2016-07-29,28.213590621948242
2016-08-01,28.559770584106445
2016-08-02,28.213590621948242
2016-08-03,28.040502548217773
2016-08-04,28.127044677734375
2016-08-05,27.86741065979004
2016-08-08,27.52123260498047
2016-08-09,27.34814453125
2016-08-10,27.86741065979004
2016-08-11,27.34814453125
2016-08-12,26.91541862487793
2016-08-15,25.96342658996582
2016-08-16,27.69432258605957
2016-08-17,27.34814453125
2016-08-18,28.732858657836914
2016-08-19,27.953956604003906
2016-08-22,28.213590621948242
2016-08-23,27.780866622924805
2016-08-24,27.780866622924805
2016-08-25,28.386680603027344
2016-08-26,28.127044677734375
2016-08-29,28.040502548217773
2016-08-30,28.30013656616211
2016-08-31,28.473224639892578
2016-09-01,28.386680603027344
2016-09-02,27.86741065979004
2016-09-05,27.780866622924805
2016-09-06,27.86741065979004
2016-09-07,27.607776641845703
2016-09-08,27.780866622924805
2016-09-09,27.69432258605957
2016-09-12,28.213590621948242
2016-09-13,27.69432258605957
2016-09-14,27.780866622924805
2016-09-19,27.780866622924805
2016-09-20,27.34814453125
2016-09-21,27.52123260498047
2016-09-22,28.213590621948242
2016-09-23,28.127044677734375
2016-09-26,28.386680603027344
2016-09-27,28.386680603027344
2016-09-28,28.386680603027344
2016-09-29,28.64631462097168
2016-09-30,28.213590621948242
2016-10-03,28.213590621948242
2016-10-04,28.559770584106445
2016-10-05,28.213590621948242
2016-10-06,29.77139663696289
2016-10-07,30.204120635986328
2016-10-11,29.684852600097656
2016-10-12,29.425216674804688
2016-10-13,29.079036712646484
2016-10-14,28.213590621948242
2016-10-17,28.473224639892578
2016-10-18,28.213590621948242
2016-10-19,27.953956604003906
2016-10-20,27.953956604003906
2016-10-21,28.30013656616211
2016-10-24,27.953956604003906
2016-10-25,27.953956604003906
2016-10-26,28.127044677734375
2016-10-27,27.86741065979004
2016-10-28,27.86741065979004
2016-10-31,27.953956604003906
2016-11-01,27.780866622924805
2016-11-02,27.4346866607666
2016-11-03,27.001964569091797
2016-11-04,27.001964569091797
2016-11-07,27.175052642822266
2016-11-08,27.52123260498047
2016-11-09,26.049972534179688
2016-11-10,26.56924057006836
2016-11-11,25.271068572998047
2016-11-14,26.049972534179688
2016-11-15,26.049972534179688
2016-11-16,25.96342658996582
2016-11-17,24.83834457397461
2016-11-18,25.271068572998047
2016-11-21,25.097980499267578
2016-11-22,25.271068572998047
2016-11-23,25.44415855407715
2016-11-24,25.184524536132812
2016-11-25,25.271068572998047
2016-11-28,25.357614517211914
2016-11-29,25.617246627807617
2016-11-30,25.617246627807617
2016-12-01,26.136516571044922
2016-12-02,25.530702590942383
2016-12-05,25.530702590942383
2016-12-06,25.79033851623535
2016-12-07,25.530702590942383
2016-12-08,26.223060607910156
2016-12-09,26.136516571044922
2016-12-12,25.617246627807617
2016-12-13,25.617246627807617
2016-12-14,25.876880645751953
2016-12-15,25.530702590942383
2016-12-16,25.617246627807617
2016-12-19,25.617246627807617
2016-12-20,25.79033851623535
2016-12-21,25.617246627807617
2016-12-22,25.271068572998047
2016-12-23,25.271068572998047
2016-12-26,25.617246627807617
2016-12-27,25.703792572021484
2016-12-28,25.79033851623535
2016-12-29,25.703792572021484
2016-12-30,26.136516571044922
2017-01-03,26.223060607910156
2017-01-04,26.74233055114746
2017-01-05,26.655784606933594
2017-01-06,26.655784606933594
2017-01-09,26.223060607910156
2017-01-10,26.136516571044922
2017-01-11,26.049972534179688
2017-01-12,26.136516571044922
2017-01-13,26.136516571044922
2017-01-16,25.96342658996582
2017-01-17,25.876880645751953
2017-01-18,25.96342658996582
2017-01-19,26.655784606933594
2017-01-20,27.175052642822266
2017-01-23,27.607776641845703
2017-01-24,27.607776641845703
2017-02-02,28.473224639892578
2017-02-03,28.213590621948242
2017-02-06,28.040502548217773
2017-02-07,28.213590621948242
2017-02-08,27.69432258605957
2017-02-09,27.175052642822266
2017-02-10,26.91541862487793
2017-02-13,27.34814453125
2017-02-14,26.828872680664062
2017-02-15,27.001964569091797
2017-02-16,26.482694625854492
2017-02-17,26.655784606933594
2017-02-20,27.34814453125
2017-02-21,27.4346866607666
2017-02-22,27.261598587036133
2017-02-23,26.91541862487793
2017-02-24,26.91541862487793
2017-03-01,27.001964569091797
2017-03-02,27.52123260498047
2017-03-03,27.001964569091797
2017-03-06,26.74233055114746
2017-03-07,26.828872680664062
2017-03-08,26.655784606933594
2017-03-09,26.396150588989258
2017-03-10,26.136516571044922
2017-03-13,26.136516571044922
2017-03-14,26.049972534179688
2017-03-15,26.136516571044922
2017-03-16,26.136516571044922
2017-03-17,26.828872680664062
2017-03-20,26.482694625854492
2017-03-21,26.482694625854492
2017-03-22,25.703792572021484
2017-03-23,25.79033851623535
2017-03-24,25.271068572998047
2017-03-27,25.357614517211914
2017-03-28,25.617246627807617
2017-03-29,25.876880645751953
2017-03-30,26.56924057006836
2017-03-31,26.396150588989258
2017-04-05,26.56924057006836
2017-04-06,26.56924057006836
2017-04-07,26.309606552124023
2017-04-10,25.96342658996582
2017-04-11,25.357614517211914
2017-04-12,25.01143455505371
2017-04-13,25.01143455505371
2017-04-14,24.49216651916504
2017-04-17,23.972898483276367
2017-04-18,24.14598846435547
2017-04-19,23.799808502197266
2017-04-20,23.367084503173828
2017-04-21,23.367084503173828
2017-04-24,22.93436050415039
2017-04-25,23.540172576904297
2017-04-26,23.540172576904297
2017-04-27,24.578710556030273
2017-04-28,24.319076538085938
2017-05-02,23.8863525390625
2017-05-03,23.8863525390625
2017-05-04,23.972898483276367
2017-05-05,23.799808502197266
2017-05-08,23.7132625579834
2017-05-09,23.28053855895996
2017-05-10,23.367084503173828
2017-05-11,23.367084503173828
2017-05-12,23.453628540039062
2017-05-15,23.540172576904297
2017-05-16,23.626718521118164
2017-05-17,23.7132625579834
2017-05-18,23.540172576904297
2017-05-19,23.453628540039062
2017-05-22,23.799808502197266
2017-05-23,23.540172576904297
2017-05-24,23.367084503173828
2017-05-25,23.453628540039062
2017-05-26,23.28053855895996
2017-05-31,23.107450485229492
2017-06-01,23.28053855895996
2017-06-02,23.626718521118164
2017-06-05,24.319076538085938
2017-06-06,24.0594425201416
2017-06-07,24.14598846435547
2017-06-08,24.0594425201416
2017-06-09,24.405620574951172
2017-06-12,24.319076538085938
2017-06-13,24.405620574951172
2017-06-14,24.14598846435547
2017-06-15,24.83834457397461
2017-06-16,25.357614517211914
2017-06-19,25.01143455505371
2017-06-20,25.01143455505371
2017-06-21,25.184524536132812
2017-06-22,25.357614517211914
2017-06-23,25.703792572021484
2017-06-26,25.703792572021484
2017-06-27,25.876880645751953
2017-06-28,25.617246627807617
2017-06-29,25.530702590942383
2017-06-30,25.271068572998047
2017-07-03,24.924890518188477
2017-07-04,25.44415855407715
2017-07-05,24.83834457397461
2017-07-06,25.357614517211914
2017-07-07,25.01143455505371
2017-07-10,24.924890518188477
2017-07-11,24.83834457397461
2017-07-12,24.665254592895508
2017-07-13,24.49216651916504
2017-07-14,24.405620574951172
2017-07-17,24.0594425201416
2017-07-18,24.0594425201416
2017-07-19,23.799808502197266
2017-07-20,24.0594425201416
2017-07-21,24.23253059387207
2017-07-24,24.23253059387207
2017-07-25,24.0594425201416
2017-07-26,24.405620574951172
2017-07-27,24.319076538085938
2017-07-28,24.319076538085938
2017-07-31,24.14598846435547
2017-08-01,24.319076538085938
2017-08-02,24.0594425201416
2017-08-03,24.14598846435547
2017-08-04,24.14598846435547
2017-08-07,24.0594425201416
2017-08-08,23.799808502197266
2017-08-09,23.453628540039062
2017-08-10,22.93436050415039
2017-08-11,22.847816467285156
2017-08-14,21.46310043334961
2017-08-15,21.80927848815918
2017-08-16,22.76127052307129
2017-08-17,22.847816467285156
2017-08-18,22.588180541992188
2017-08-21,23.020904541015625
2017-08-22,22.847816467285156
2017-08-23,22.847816467285156
2017-08-24,23.28053855895996
2017-08-25,23.193994522094727
2017-08-28,23.626718521118164
2017-08-29,23.453628540039062
2017-08-30,23.453628540039062
2017-08-31,23.7132625579834
2017-09-01,23.7132625579834
2017-09-04,23.28053855895996
2017-09-05,24.23253059387207
2017-09-06,25.184524536132812
2017-09-07,24.578710556030273
2017-09-08,24.319076538085938
2017-09-11,25.357614517211914
2017-09-12,25.01143455505371
2017-09-13,24.751800537109375
2017-09-14,24.83834457397461
2017-09-15,25.01143455505371
2017-09-18,25.097980499267578
2017-09-19,25.01143455505371
2017-09-20,24.751800537109375
2017-09-21,24.924890518188477
2017-09-22,24.49216651916504
2017-09-25,24.751800537109375
2017-09-26,25.097980499267578
2017-09-27,25.44415855407715
2017-09-28,27.780866622924805
2017-09-29,26.828872680664062
2017-10-02,27.001964569091797
2017-10-03,27.261598587036133
2017-10-05,27.261598587036133
2017-10-06,27.261598587036133
2017-10-11,26.396150588989258
2017-10-12,27.34814453125
2017-10-13,27.175052642822266
2017-10-16,27.175052642822266
2017-10-17,29.59830665588379
2017-10-18,28.473224639892578
2017-10-19,28.30013656616211
2017-10-20,27.52123260498047
2017-10-23,27.69432258605957
2017-10-24,27.52123260498047
2017-10-25,27.86741065979004
2017-10-26,27.953956604003906
2017-10-27,27.607776641845703
2017-10-30,27.001964569091797
2017-10-31,26.482694625854492
2017-11-01,26.223060607910156
2017-11-02,26.136516571044922
2017-11-03,26.049972534179688
2017-11-06,26.223060607910156
2017-11-07,26.049972534179688
2017-11-08,26.136516571044922
2017-11-09,26.223060607910156
2017-11-10,26.223060607910156
2017-11-13,26.136516571044922
2017-11-14,25.530702590942383
2017-11-15,24.578710556030273
2017-11-16,24.49216651916504
2017-11-17,24.665254592895508
2017-11-20,24.578710556030273
2017-11-21,24.924890518188477
2017-11-22,24.578710556030273
2017-11-23,24.405620574951172
2017-11-24,24.49216651916504
2017-11-27,24.578710556030273
2017-11-28,24.578710556030273
2017-11-29,24.751800537109375
2017-11-30,24.924890518188477
2017-12-01,24.23253059387207
2017-12-04,23.8863525390625
2017-12-05,23.540172576904297
2017-12-06,22.93436050415039
2017-12-07,22.76127052307129
2017-12-08,23.020904541015625
2017-12-11,23.107450485229492
2017-12-12,22.847816467285156
2017-12-13,22.847816467285156
2017-12-14,22.93436050415039
2017-12-15,22.93436050415039
2017-12-18,22.847816467285156
2017-12-19,22.674726486206055
2017-12-20,22.93436050415039
2017-12-21,24.665254592895508
2017-12-22,24.23253059387207
2017-12-25,23.7132625579834
2017-12-26,23.7132625579834
2017-12-27,23.8863525390625
2017-12-28,23.972898483276367
2017-12-29,23.799808502197266
2018-01-02,24.14598846435547
2018-01-03,24.14598846435547
2018-01-04,24.319076538085938
2018-01-05,24.405620574951172
2018-01-08,24.49216651916504
2018-01-09,24.23253059387207
2018-01-10,23.8863525390625
2018-01-11,23.799808502197266
2018-01-12,24.49216651916504
2018-01-15,24.665254592895508
2018-01-16,24.578710556030273
2018-01-17,24.751800537109375
2018-01-18,24.49216651916504
2018-01-19,24.578710556030273
2018-01-22,24.578710556030273
2018-01-23,24.578710556030273
2018-01-24,24.578710556030273
2018-01-25,24.405620574951172
2018-01-26,24.319076538085938
2018-01-29,23.972898483276367
2018-01-30,23.972898483276367
2018-01-31,24.0594425201416
2018-02-01,23.972898483276367
2018-02-02,23.8863525390625
2018-02-05,23.540172576904297
2018-02-06,21.722734451293945
2018-02-07,21.98236846923828
2018-02-08,21.636188507080078
2018-02-09,21.376554489135742
2018-02-12,21.46310043334961
2018-02-21,23.540172576904297
2018-02-22,23.626718521118164
2018-02-23,23.8863525390625
2018-02-26,23.367084503173828
2018-02-27,23.7132625579834
2018-03-01,23.626718521118164
2018-03-02,23.193994522094727
2018-03-05,23.020904541015625
2018-03-06,23.020904541015625
2018-03-07,22.76127052307129
2018-03-08,23.020904541015625
2018-03-09,23.107450485229492
2018-03-12,23.193994522094727
2018-03-13,23.453628540039062
2018-03-14,23.7132625579834
2018-03-15,23.7132625579834
2018-03-16,23.367084503173828
2018-03-19,23.626718521118164
2018-03-20,23.28053855895996
2018-03-21,23.453628540039062
2018-03-22,23.367084503173828
2018-03-23,22.501636505126953
2018-03-26,22.32854652404785
2018-03-27,22.32854652404785
2018-03-28,21.98236846923828
2018-03-29,22.41509246826172
2018-03-30,22.155458450317383
2018-04-02,22.068912506103516
2018-04-03,22.068912506103516
2018-04-09,21.895824432373047
2018-04-10,21.722734451293945
2018-04-11,22.068912506103516
2018-04-12,22.76127052307129
2018-04-13,22.501636505126953
2018-04-16,22.32854652404785
2018-04-17,22.068912506103516
2018-04-18,22.068912506103516
2018-04-19,22.674726486206055
2018-04-20,22.41509246826172
2018-04-23,21.895824432373047
2018-04-24,21.376554489135742
2018-04-25,21.376554489135742
2018-04-26,20.770742416381836
2018-04-27,20.943830490112305
2018-04-30,21.376554489135742
2018-05-02,21.376554489135742
2018-05-03,21.636188507080078
2018-05-04,21.376554489135742
2018-05-07,21.20346450805664
2018-05-08,21.290008544921875
2018-05-09,20.943830490112305
2018-05-10,20.943830490112305
2018-05-11,20.943830490112305
2018-05-14,21.03037452697754
2018-05-15,20.597652435302734
2018-05-16,20.07838249206543
2018-05-17,20.07838249206543
2018-05-18,19.991838455200195
2018-05-21,20.424562454223633
2018-05-22,20.07838249206543
2018-05-23,19.90529441833496
2018-05-24,20.338016510009766
2018-05-25,20.164928436279297
2018-05-28,20.07838249206543
2018-05-29,20.07838249206543
2018-05-30,19.73220443725586
2018-05-31,20.07838249206543
2018-06-01,20.338016510009766
2018-06-04,20.07838249206543
2018-06-05,19.299482345581055
2018-06-06,19.645658493041992
2018-06-07,19.472570419311523
2018-06-08,19.212936401367188
2018-06-11,19.039844512939453
2018-06-12,19.12639045715332
2018-06-13,19.386024475097656
2018-06-14,19.12639045715332
2018-06-15,18.866756439208984
2018-06-19,18.087852478027344
2018-06-20,17.914764404296875
2018-06-21,17.828218460083008
2018-06-22,17.828218460083008
2018-06-25,17.65513038635254
2018-06-26,16.668519973754883
2018-06-27,15.872307777404785
2018-06-28,17.39549446105957
2018-06-29,17.482040405273438
2018-07-02,16.460811614990234
2018-07-03,16.010780334472656
2018-07-04,15.958852767944336
2018-07-05,17.482040405273438
2018-07-06,17.39549446105957
2018-07-09,16.841609954833984
2018-07-10,16.962772369384766
2018-07-11,16.910844802856445
2018-07-12,17.014699935913086
2018-07-13,16.92815399169922
2018-07-16,17.153169631958008
2018-07-17,16.8762264251709
2018-07-18,17.03200912475586
2018-07-19,16.65121078491211
2018-07-20,16.35696029663086
2018-07-23,16.045398712158203
2018-07-24,16.616592407226562
2018-07-25,16.322341918945312
2018-07-26,17.187788009643555
2018-07-27,17.205097198486328
2018-07-30,17.03200912475586
2018-07-31,17.39549446105957
2018-08-01,17.568586349487305
2018-08-02,17.11855125427246
2018-08-03,17.135862350463867
2018-08-06,17.482040405273438
2018-08-07,17.291643142700195
2018-08-08,17.291643142700195
2018-08-09,17.135862350463867
2018-08-10,17.135862350463867
2018-08-13,16.287723541259766
2018-08-14,16.270414352416992
2018-08-15,16.391576766967773
2018-08-16,16.010780334472656
2018-08-17,15.941543579101562
2018-08-20,15.578056335449219
2018-08-21,14.868389129638672
2018-08-22,15.11071491241455
2018-08-23,15.629982948303223
2018-08-24,15.387657165527344
2018-08-27,15.491511344909668
2018-08-28,15.42227554321289
2018-08-29,15.474203109741211
2018-08-30,16.09732437133789
2018-08-31,17.04931640625
2018-09-03,17.10124397277832
2018-09-04,17.153169631958008
2018-09-05,17.04931640625
2018-09-06,17.066625595092773
2018-09-07,16.962772369384766
2018-09-10,15.837689399719238
2018-09-11,16.2011775970459
2018-09-12,15.837689399719238
2018-09-13,16.235795974731445
2018-09-14,16.287723541259766
2018-09-17,16.045398712158203
2018-09-18,16.65121078491211
2018-09-19,18.260944366455078
2018-09-20,17.914764404296875
2018-09-21,18.17439842224121
2018-09-25,18.17439842224121
2018-09-26,18.087852478027344
2018-09-27,17.741674423217773
2018-09-28,18.17439842224121
2018-10-01,17.482040405273438
2018-10-02,16.82430076599121
2018-10-03,16.391576766967773
2018-10-04,16.530048370361328
2018-10-05,15.924234390258789
2018-10-08,15.872307777404785
2018-10-09,15.508820533752441
2018-10-11,13.968323707580566
2018-10-12,14.002942085266113
2018-10-15,13.985631942749023
2018-10-16,14.0548677444458
2018-10-17,14.02025032043457
2018-10-18,13.8817777633667
2018-10-19,13.639452934265137
2018-10-22,13.725997924804688
2018-10-23,13.500982284545898
2018-10-24,13.275964736938477
2018-10-25,11.995102882385254
2018-10-26,11.596997261047363
2018-10-29,11.648923873901367
2018-10-30,11.631614685058594
2018-10-31,11.891249656677246
2018-11-01,12.237428665161133
2018-11-02,12.635533332824707
2018-11-05,13.639452934265137
2018-11-06,13.535599708557129
2018-11-07,13.916396141052246
2018-11-08,13.8817777633667
2018-11-09,13.604835510253906
2018-11-12,13.656763076782227
2018-11-13,13.674071311950684
2018-11-14,13.93370532989502
2018-11-15,13.62214469909668
2018-11-16,12.843241691589355
2018-11-19,13.362510681152344
2018-11-20,13.414436340332031
2018-11-21,13.968323707580566
2018-11-22,13.899087905883789
2018-11-23,14.989551544189453
2018-11-26,14.816462516784668
2018-11-27,14.972243309020996
2018-11-28,15.42227554321289
2018-11-29,15.214568138122559
2018-11-30,15.214568138122559
2018-12-03,15.266494750976562
2018-12-04,15.37034797668457
2018-12-05,14.972243309020996
2018-12-06,14.24526596069336
2018-12-07,14.66068172454834
2018-12-10,14.418355941772461
2018-12-11,14.435665130615234
2018-12-12,14.677990913391113
2018-12-13,14.851079940795898
2018-12-14,14.366429328918457
2018-12-17,14.02025032043457
2018-12-18,13.466363906860352
2018-12-19,13.362510681152344
2018-12-20,12.600915908813477
2018-12-21,13.25865650177002
2018-12-24,12.895169258117676
2018-12-25,12.548990249633789
2018-12-26,12.479753494262695
2018-12-27,13.34520149230957
2018-12-28,13.552908897399902
2019-01-02,13.57021713256836
2019-01-03,13.639452934265137
2019-01-04,13.518290519714355
2019-01-07,13.656763076782227
2019-01-08,13.847161293029785
2019-01-09,14.02025032043457
2019-01-10,14.037558555603027
2019-01-11,13.93370532989502
2019-01-14,14.366429328918457
2019-01-15,14.227957725524902
2019-01-16,15.266494750976562
2019-01-17,14.920315742492676
2019-01-18,14.833771705627441
2019-01-21,14.539518356323242
2019-01-22,14.366429328918457
2019-01-23,14.418355941772461
2019-01-24,14.435665130615234
2019-01-25,14.418355941772461
2019-01-28,14.383737564086914
2019-01-29,14.26257610321045
2019-01-30,14.227957725524902
2019-02-11,14.072176933288574
2019-02-12,14.02025032043457
2019-02-13,13.829852104187012
2019-02-14,14.24526596069336
2019-02-15,13.916396141052246
2019-02-18,13.93370532989502
2019-02-19,14.314502716064453
2019-02-20,14.418355941772461
2019-02-21,14.487591743469238
2019-02-22,14.24526596069336
2019-02-25,14.677990913391113
2019-02-26,15.05878734588623
2019-02-27,15.145332336425781
2019-03-04,15.162641525268555
2019-03-05,15.439583778381348
2019-03-06,15.474203109741211
2019-03-07,15.578056335449219
2019-03-08,15.456893920898438
2019-03-11,15.889616966247559
2019-03-12,16.49542999267578
2019-03-13,16.755064010620117
2019-03-14,16.685829162597656
2019-03-15,16.98008155822754
2019-03-18,16.478120803833008
2019-03-19,16.080013275146484
2019-03-20,15.993470191955566
2019-03-21,15.647292137145996
2019-03-22,15.699217796325684
2019-03-25,15.439583778381348
2019-03-26,16.02808952331543
2019-03-27,16.25310516357422
2019-03-28,16.5473575592041
2019-03-29,17.30895233154297
2019-04-01,16.92815399169922
2019-04-02,16.997390747070312
2019-04-03,17.066625595092773
2019-04-08,17.568586349487305
2019-04-09,17.828218460083008
2019-04-10,18.434032440185547
2019-04-11,18.95330238342285
2019-04-12,18.60712242126465
2019-04-15,19.386024475097656
2019-04-16,18.95330238342285
2019-04-17,18.866756439208984
2019-04-18,18.434032440185547
2019-04-19,18.866756439208984
2019-04-22,18.866756439208984
2019-04-23,19.039844512939453
2019-04-24,18.866756439208984
2019-04-25,18.95330238342285
2019-04-26,18.866756439208984
2019-04-29,18.434032440185547
2019-04-30,18.17439842224121
2019-05-02,18.347488403320312
2019-05-03,18.001310348510742
2019-05-06,17.39549446105957
2019-05-07,18.95330238342285
2019-05-08,18.866756439208984
2019-05-09,18.60712242126465
2019-05-10,18.347488403320312
2019-05-13,18.434032440185547
2019-05-14,18.60712242126465
2019-05-15,19.90529441833496
2019-05-16,19.039844512939453
2019-05-17,18.001310348510742
2019-05-20,17.568586349487305
2019-05-21,17.741674423217773
2019-05-22,17.482040405273438
2019-05-23,16.564666748046875
2019-05-24,16.287723541259766
2019-05-27,15.924234390258789
2019-05-28,15.854999542236328
2019-05-29,15.924234390258789
2019-05-30,16.530048370361328
2019-05-31,16.512739181518555
2019-06-03,16.25310516357422
2019-06-04,16.080013275146484
2019-06-05,16.35696029663086
2019-06-06,16.737754821777344
2019-06-10,16.82430076599121
2019-06-11,17.568586349487305
2019-06-12,17.741674423217773
2019-06-13,18.087852478027344
2019-06-14,17.482040405273438
2019-06-17,17.30895233154297
2019-06-18,16.962772369384766
2019-06-19,17.10124397277832
2019-06-20,17.153169631958008
2019-06-21,17.17047882080078
2019-06-24,16.92815399169922
2019-06-25,16.806991577148438
2019-06-26,16.789682388305664
2019-06-27,17.239715576171875
2019-06-28,16.910844802856445
2019-07-01,16.962772369384766
2019-07-02,17.135862350463867
2019-07-03,16.8762264251709
2019-07-04,16.893537521362305
2019-07-05,16.789682388305664
2019-07-08,16.062707901000977
2019-07-09,15.820382118225098
2019-07-10,15.941543579101562
2019-07-11,15.716527938842773
2019-07-12,15.266494750976562
2019-07-15,15.145332336425781
2019-07-16,15.595364570617676
2019-07-17,15.491511344909668
2019-07-18,15.249185562133789
2019-07-19,15.162641525268555
2019-07-22,14.903007507324219
2019-07-23,14.93762493133545
2019-07-24,14.885697364807129
2019-07-25,14.954934120178223
2019-07-26,15.335729598999023
2019-07-29,16.114633560180664
2019-07-30,15.647292137145996
2019-07-31,15.612674713134766
2019-08-01,15.526128768920898
2019-08-02,15.041478157043457
2019-08-05,14.608755111694336
2019-08-06,14.297194480895996
2019-08-07,13.8817777633667
2019-08-08,13.899087905883789
2019-08-12,14.279884338378906
2019-08-13,13.951014518737793
2019-08-14,13.587526321411133
2019-08-15,13.154803276062012
2019-08-16,13.500982284545898
2019-08-19,13.725997924804688
2019-08-20,14.279884338378906
2019-08-21,14.158721923828125
2019-08-22,13.93370532989502
2019-08-23,13.951014518737793
2019-08-26,13.639452934265137
2019-08-27,13.674071311950684
2019-08-28,13.656763076782227
2019-08-29,13.674071311950684
2019-08-30,13.864470481872559
2019-09-02,14.089485168457031
2019-09-03,13.985631942749023
2019-09-04,14.072176933288574
2019-09-05,14.124103546142578
2019-09-06,14.452974319458008
2019-09-10,14.26257610321045
2019-09-11,14.366429328918457
2019-09-12,14.764534950256348
2019-09-16,14.920315742492676
2019-09-17,14.799152374267578
2019-09-18,14.7299165725708
2019-09-19,14.383737564086914
2019-09-20,14.435665130615234
2019-09-23,14.903007507324219
2019-09-24,14.764534950256348
2019-09-25,14.556827545166016
2019-09-26,14.452974319458008
2019-09-27,14.158721923828125
2019-10-01,14.314502716064453
2019-10-02,14.193340301513672
2019-10-03,14.26257610321045
2019-10-04,14.366429328918457
2019-10-07,14.227957725524902
2019-10-08,14.366429328918457
2019-10-09,14.24526596069336
2019-10-14,14.210648536682129
2019-10-15,14.089485168457031
2019-10-16,14.677990913391113
2019-10-17,14.539518356323242
2019-10-18,14.418355941772461
2019-10-21,14.522210121154785
2019-10-22,14.608755111694336
2019-10-23,14.435665130615234
2019-10-24,14.504901885986328
2019-10-25,14.401047706604004
2019-10-28,14.26257610321045
2019-10-29,14.193340301513672
2019-10-30,14.227957725524902
2019-10-31,14.279884338378906
2019-11-01,14.141412734985352
2019-11-04,14.124103546142578
2019-11-05,14.124103546142578
2019-11-06,14.037558555603027
2019-11-07,13.916396141052246
2019-11-08,13.985631942749023
2019-11-11,13.587526321411133
2019-11-12,13.535599708557129
2019-11-13,13.500982284545898
2019-11-14,13.25865650177002
2019-11-15,13.518290519714355
2019-11-18,13.57021713256836
2019-11-19,13.500982284545898
2019-11-20,13.25865650177002
2019-11-21,13.362510681152344
2019-11-22,13.327892303466797
2019-11-25,13.327892303466797
2019-11-26,13.189420700073242
2019-11-27,13.275964736938477
2019-11-28,12.462444305419922
2019-11-29,12.427825927734375
2019-12-02,12.133573532104492
2019-12-03,12.445136070251465
2019-12-04,12.463399887084961
2019-12-05,12.393868446350098
2019-12-06,12.254806518554688
2019-12-09,12.324337005615234
2019-12-10,12.480781555175781
2019-12-11,12.498165130615234
2019-12-12,12.446016311645508
2019-12-13,12.289571762084961
2019-12-16,12.428633689880371
2019-12-17,12.411251068115234
2019-12-18,12.480781555175781
2019-12-19,12.950114250183105
2019-12-20,13.089177131652832
2019-12-23,12.793670654296875
2019-12-24,12.776288032531738
2019-12-25,12.897966384887695
2019-12-26,12.845817565917969
2019-12-27,12.793670654296875
2019-12-30,13.78448486328125
2019-12-31,13.31515121459961
2020-01-02,13.384682655334473
2020-01-03,13.037028312683105
2020-01-06,12.932732582092285
2020-01-07,12.845817565917969
2020-01-08,12.897966384887695
2020-01-09,12.984880447387695
2020-01-10,13.106558799743652
2020-01-13,13.628040313720703
2020-01-14,13.558509826660156
2020-01-15,13.628040313720703
2020-01-16,13.714954376220703
2020-01-17,13.628040313720703
2020-01-20,13.610657691955566
2020-01-30,12.446016311645508
2020-01-31,12.724140167236328
2020-02-03,12.289571762084961
2020-02-04,12.480781555175781
2020-02-05,12.567695617675781
2020-02-06,12.671991348266602
2020-02-07,12.411251068115234
2020-02-10,12.828436851501465
2020-02-11,12.724140167236328
2020-02-12,12.671991348266602
2020-02-13,12.776288032531738
2020-02-14,12.724140167236328
2020-02-17,12.863201141357422
2020-02-18,12.811053276062012
2020-02-19,12.811053276062012
2020-02-20,12.932732582092285
2020-02-21,12.706756591796875
2020-02-24,12.515546798706055
2020-02-25,12.428633689880371
2020-02-26,12.359103202819824
2020-02-27,12.150510787963867
2020-03-02,11.83762264251709
2020-03-03,12.01144790649414
2020-03-04,11.94191837310791
2020-03-05,12.04621410369873
2020-03-06,11.872386932373047
2020-03-09,11.229226112365723
2020-03-10,11.003252029418945
2020-03-11,11.072782516479492
2020-03-12,10.116734504699707
2020-03-13,9.282363891601562
2020-03-16,8.708734512329102
2020-03-17,8.187253952026367
2020-03-18,8.343697547912598
2020-03-19,7.526711463928223
2020-03-20,7.839600086212158
2020-03-23,7.405031681060791
2020-03-24,7.78745174407959
2020-03-25,8.291549682617188
2020-03-26,8.934709548950195
2020-03-27,8.760883331298828
2020-03-30,8.430611610412598
2020-03-31,8.22201919555664
2020-04-01,8.378462791442871
2020-04-06,8.447994232177734
2020-04-07,8.656586647033691
2020-04-08,9.004240036010742
2020-04-09,8.986858367919922
2020-04-10,8.899944305419922
2020-04-13,8.778265953063965
2020-04-14,8.934709548950195
2020-04-15,9.230216026306152
2020-04-16,9.160684585571289
2020-04-17,9.073771476745605
2020-04-20,9.091155052185059
2020-04-21,8.795648574829102
2020-04-22,8.604437828063965
2020-04-23,8.587056159973145
2020-04-24,8.534907341003418
2020-04-27,8.830413818359375
2020-04-28,8.847796440124512
2020-04-29,8.882562637329102
2020-04-30,9.178068161010742
2020-05-04,8.865179061889648
2020-05-05,8.952092170715332
2020-05-06,8.830413818359375
2020-05-07,9.699548721313477
2020-05-08,10.655596733093262
2020-05-11,10.290559768676758
2020-05-12,10.290559768676758
2020-05-13,10.881572723388672
2020-05-14,10.499153137207031
2020-05-15,10.342708587646484
2020-05-18,10.307943344116211
2020-05-19,10.429622650146484
2020-05-20,10.481771469116211
2020-05-21,10.725128173828125
2020-05-22,10.447005271911621
2020-05-25,10.394856452941895
2020-05-26,10.533919334411621
2020-05-27,10.516536712646484
2020-05-28,10.447005271911621
2020-05-29,10.412240028381348
2020-06-01,10.481771469116211
2020-06-02,11.020633697509766
2020-06-03,10.881572723388672
2020-06-04,10.777276992797852
2020-06-05,10.864190101623535
2020-06-08,10.916337013244629
2020-06-09,10.898955345153809
2020-06-10,11.072782516479492
2020-06-11,11.038017272949219
2020-06-12,10.725128173828125
2020-06-15,10.603448867797852
2020-06-16,10.690362930297852
2020-06-17,10.655596733093262
2020-06-18,10.707745552062988
2020-06-19,11.159696578979492
2020-06-22,10.968485832214355
2020-06-23,10.881572723388672
2020-06-24,10.846808433532715
2020-06-29,11.107548713684082
2020-06-30,11.36828899383545
2020-07-01,11.94191837310791
2020-07-02,13.106558799743652
2020-07-03,12.828436851501465
2020-07-06,12.845817565917969
2020-07-07,12.776288032531738
2020-07-08,14.045225143432617
2020-07-09,15.435840606689453
2020-07-10,16.930753707885742
2020-07-13,16.200679779052734
2020-07-14,17.46961784362793
2020-07-15,17.104581832885742
2020-07-16,16.79169273376465
2020-07-17,15.661816596984863
2020-07-20,15.366311073303223
2020-07-21,15.81826114654541
2020-07-22,15.766112327575684
2020-07-23,15.470606803894043
2020-07-24,15.088188171386719
2020-07-27,14.601471900939941
2020-07-28,13.906163215637207
2020-07-29,15.29677963256836
2020-07-30,15.87040901184082
2020-07-31,15.71396541595459
2020-08-03,15.835643768310547
2020-08-04,15.905174255371094
2020-08-05,15.853025436401367
2020-08-06,15.644433975219727
2020-08-07,15.992087364196777
2020-08-10,17.55653190612793
2020-08-11,16.53095245361328
2020-08-12,17.730358123779297
2020-08-13,17.313173294067383
2020-08-14,19.034061431884766
2020-08-17,20.077024459838867
2020-08-18,19.990110397338867
2020-08-19,18.42566680908203
2020-08-20,18.947147369384766
2020-08-21,18.6864070892334
2020-08-24,18.164926528930664
2020-08-25,19.468629837036133
2020-08-26,19.120975494384766
2020-08-27,18.7733211517334
2020-08-28,19.207887649536133
2020-08-31,20.077024459838867
2020-09-01,19.7293701171875
2020-09-02,21.119985580444336
2020-09-03,21.902206420898438
2020-09-04,21.293813705444336
2020-09-07,20.5115909576416
2020-09-08,19.642457962036133
2020-09-09,20.5985050201416
2020-09-10,20.5115909576416
2020-09-11,19.9031982421875
2020-09-14,19.381715774536133
2020-09-15,19.5555419921875
2020-09-16,19.5555419921875
2020-09-17,19.642457962036133
2020-09-18,19.7293701171875
2020-09-21,19.381715774536133
2020-09-22,19.642457962036133
2020-09-23,21.554553985595703
2020-09-24,21.293813705444336
2020-09-25,20.250850677490234
2020-09-28,19.990110397338867
2020-09-29,19.468629837036133
2020-09-30,20.077024459838867
2020-10-05,20.163938522338867
2020-10-06,20.85924530029297
2020-10-07,20.77233123779297
2020-10-08,20.85924530029297
2020-10-12,22.77134132385254
2020-10-13,22.945171356201172
2020-10-14,25.204923629760742
2020-10-15,27.551586151123047
2020-10-16,26.16097068786621
2020-10-19,28.50763702392578
2020-10-20,28.594547271728516
2020-10-21,28.246896743774414
2020-10-22,27.030105590820312
2020-10-23,27.725414276123047
2020-10-26,27.725414276123047
2020-10-27,28.07306671142578
2020-10-28,28.33380699157715
2020-10-29,27.551586151123047
2020-10-30,26.33479881286621
2020-11-02,25.900230407714844
2020-11-03,26.07405662536621
2020-11-04,25.900230407714844
2020-11-05,27.725414276123047
2020-11-06,26.595539093017578
2020-11-09,26.682451248168945
2020-11-10,26.07405662536621
2020-11-11,25.29183578491211
2020-11-12,24.944183349609375
2020-11-13,24.683441162109375
2020-11-16,24.248872756958008
2020-11-17,25.378747940063477
2020-11-18,24.944183349609375
2020-11-19,25.29183578491211
2020-11-20,25.378747940063477
2020-11-23,25.378747940063477
2020-11-24,26.07405662536621
2020-11-25,26.24788475036621
2020-11-26,25.726402282714844
2020-11-27,25.639490127563477
2020-11-30,25.813316345214844
2020-12-01,25.813316345214844
2020-12-02,25.378747940063477
2020-12-03,25.46566390991211
2020-12-04,25.11800765991211
2020-12-07,25.378747940063477
2020-12-08,25.378747940063477
2020-12-09,26.16097068786621
2020-12-10,25.46566390991211
2020-12-11,24.683441162109375
2020-12-14,24.683441162109375
2020-12-15,24.335786819458008
2020-12-16,24.509613037109375
2020-12-17,24.248872756958008
2020-12-18,24.161958694458008
2020-12-21,23.90121841430664
2020-12-22,23.466651916503906
2020-12-23,24.770353317260742
2020-12-24,24.857267379760742
2020-12-25,24.422698974609375
2020-12-28,24.161958694458008
2020-12-29,24.683441162109375
2020-12-30,25.204923629760742
2020-12-31,24.770353317260742
2021-01-04,24.683441162109375
2021-01-05,24.770353317260742
2021-01-06,23.90121841430664
2021-01-07,24.683441162109375
2021-01-08,24.161958694458008
2021-01-11,24.07504653930664
2021-01-12,23.98813247680664
2021-01-13,23.727392196655273
2021-01-14,23.814306259155273
2021-01-15,23.466651916503906
2021-01-18,22.77134132385254
2021-01-19,23.20591163635254
2021-01-20,21.81529426574707
2021-01-21,21.206899642944336
2021-01-22,22.336776733398438
2021-01-25,22.597517013549805
2021-01-26,21.902206420898438
2021-01-27,21.81529426574707
2021-01-28,21.119985580444336
2021-01-29,20.5115909576416
2021-02-01,20.337764739990234
2021-02-02,20.94615936279297
2021-02-03,21.380725860595703
2021-02-04,21.380725860595703
2021-02-05,21.380725860595703
2021-02-17,22.597517013549805
2021-02-18,22.77134132385254
2021-02-19,23.20591163635254
2021-02-22,24.248872756958008
2021-02-23,24.248872756958008
2021-02-24,24.422698974609375
2021-02-25,24.422698974609375
2021-02-26,24.596527099609375
2021-03-02,24.422698974609375
2021-03-03,24.683441162109375
2021-03-04,24.683441162109375
2021-03-05,23.98813247680664
2021-03-08,23.814306259155273
2021-03-09,23.814306259155273
2021-03-10,24.683441162109375
2021-03-11,24.857267379760742
2021-03-12,25.204923629760742
2021-03-15,26.24788475036621
2021-03-16,26.24788475036621
2021-03-17,27.117019653320312
2021-03-18,29.116031646728516
2021-03-19,29.898252487182617
2021-03-22,31.636524200439453
2021-03-23,30.245906829833984
2021-03-24,30.245906829833984
2021-03-25,28.855289459228516
2021-03-26,25.98714256286621
2021-03-29,26.07405662536621
2021-03-30,25.46566390991211
2021-03-31,26.07405662536621
2021-04-01,25.813316345214844
2021-04-07,26.16097068786621
2021-04-08,27.464672088623047
2021-04-09,27.030105590820312
2021-04-12,27.20393180847168
2021-04-13,27.20393180847168
2021-04-14,26.07405662536621
2021-04-15,26.16097068786621
2021-04-16,26.24788475036621
2021-04-19,25.98714256286621
2021-04-20,25.98714256286621
2021-04-21,25.900230407714844
2021-04-22,25.03109359741211
2021-04-23,25.900230407714844
2021-04-26,25.813316345214844
2021-04-27,25.639490127563477
2021-04-28,25.204923629760742
2021-04-29,24.770353317260742
2021-05-03,24.335786819458008
2021-05-04,22.858257293701172
2021-05-05,23.03208351135254
2021-05-06,25.29183578491211
2021-05-07,24.857267379760742
2021-05-10,25.03109359741211
2021-05-11,23.466651916503906
2021-05-12,21.554553985595703
2021-05-13,21.03307342529297
2021-05-14,22.597517013549805
2021-05-17,20.424678802490234
2021-05-18,22.07603645324707
2021-05-19,23.292823791503906
2021-05-20,21.81529426574707
2021-05-21,22.249860763549805
2021-05-24,22.945171356201172
2021-05-25,23.11899757385254
2021-05-26,23.292823791503906
2021-05-27,23.727392196655273
2021-05-28,23.640478134155273
2021-05-31,23.292823791503906
2021-06-01,23.640478134155273
2021-06-02,23.379737854003906
2021-06-03,23.11899757385254
2021-06-04,22.597517013549805
2021-06-07,22.423688888549805
2021-06-08,22.858257293701172
2021-06-09,22.510601043701172
2021-06-10,23.727392196655273
2021-06-11,23.03208351135254
2021-06-15,23.11899757385254
2021-06-16,23.292823791503906
2021-06-17,23.379737854003906
2021-06-18,22.945171356201172
2021-06-21,22.423688888549805
2021-06-22,22.336776733398438
2021-06-23,23.03208351135254
2021-06-24,23.20591163635254
2021-06-25,22.858257293701172
2021-06-28,22.597517013549805
2021-06-29,22.510601043701172
2021-06-30,22.77134132385254
2021-07-01,22.510601043701172
2021-07-02,22.510601043701172
2021-07-05,22.684431076049805
2021-07-06,22.423688888549805
2021-07-07,22.162948608398438
2021-07-08,22.336776733398438
2021-07-09,22.162948608398438
2021-07-12,22.07603645324707
2021-07-13,21.554553985595703
2021-07-14,21.64146614074707
2021-07-15,21.989120483398438
2021-07-16,21.902206420898438
2021-07-19,23.20591163635254
2021-07-20,22.597517013549805
2021-07-21,21.81529426574707
2021-07-22,21.64146614074707
2021-07-23,21.554553985595703
2021-07-26,21.902206420898438
2021-07-27,21.554553985595703
2021-07-28,21.03307342529297
2021-07-29,21.033058166503906
2021-07-30,21.033058166503906
2021-08-02,21.033058166503906
2021-08-03,21.033058166503906
2021-08-04,21.033058166503906
2021-08-05,21.033058166503906
2021-08-06,21.033058166503906
2021-08-09,20.30998420715332
2021-08-10,19.769039154052734
2021-08-11,18.63797378540039
2021-08-12,18.83468246459961
2021-08-13,18.58879852294922
2021-08-16,18.49044418334961
2021-08-17,19.129743576049805
2021-08-18,19.129743576049805
2021-08-19,19.129743576049805
2021-08-20,19.670686721801758
2021-08-23,19.818214416503906
2021-08-24,19.375625610351562
2021-08-25,19.769039154052734
2021-08-26,19.769039154052734
2021-08-27,20.260805130004883
2021-08-30,20.80175018310547
2021-08-31,20.900102615356445
2021-09-01,21.342693328857422
2021-09-02,21.14598846435547
2021-09-03,21.637754440307617
2021-09-06,20.94927978515625
2021-09-07,20.605043411254883
2021-09-08,20.4575138092041
2021-09-09,20.4575138092041
2021-09-10,20.605043411254883
2021-09-13,20.752573013305664
2021-09-14,20.555866241455078
2021-09-15,20.605043411254883
2021-09-16,20.752573013305664
2021-09-17,21.588577270507812
2021-09-22,20.94927978515625
2021-09-23,19.867393493652344
2021-09-24,19.867393493652344
2021-09-27,19.71986198425293
2021-09-28,20.30998420715332
2021-09-29,19.916568756103516
2021-09-30,20.162452697753906
2021-10-01,20.359159469604492
2021-10-04,19.473979949951172
2021-10-05,19.473979949951172
2021-10-06,19.670686721801758
2021-10-07,20.06410026550293
2021-10-08,20.538978576660156
2021-10-12,21.58333396911621
2021-10-13,22.329301834106445
2021-10-14,22.1303768157959
2021-10-15,22.627687454223633
2021-10-18,22.77688217163086
2021-10-19,24.3682804107666
2021-10-20,23.870967864990234
2021-10-21,22.627687454223633
2021-10-22,22.577957153320312
2021-10-25,22.52822494506836
2021-10-26,22.577957153320312
2021-10-27,22.627687454223633
2021-10-28,23.821237564086914
2021-10-29,23.77150535583496
2021-11-01,26.108871459960938
2021-11-02,25.163978576660156
2021-11-03,24.3682804107666
2021-11-04,23.970430374145508
2021-11-05,23.522850036621094
2021-11-08,23.522850036621094
2021-11-09,23.970430374145508
2021-11-10,23.572582244873047
2021-11-11,23.025537490844727
2021-11-12,22.1303768157959
2021-11-15,22.428762435913086
2021-11-16,22.379032135009766
2021-11-17,22.379032135009766
2021-11-18,21.63306427001953
2021-11-19,21.23521614074707
2021-11-22,21.63306427001953
2021-11-23,21.58333396911621
2021-11-24,21.93145179748535
2021-11-25,21.533601760864258
2021-11-26,20.837366104125977
2021-11-29,20.340055465698242
2021-11-30,21.086021423339844
2021-12-01,20.787633895874023
2021-12-02,20.340055465698242
2021-12-03,21.086021423339844
2021-12-06,21.185483932495117
2021-12-07,21.135753631591797
2021-12-08,21.68279457092285
2021-12-09,21.88172149658203
2021-12-10,22.47849464416504
2021-12-13,22.080646514892578
2021-12-14,21.384408950805664
2021-12-15,21.28494644165039
2021-12-16,21.483871459960938
2021-12-17,20.887096405029297
2021-12-20,21.68279457092285
2021-12-21,21.483871459960938
2021-12-22,21.58333396911621
2021-12-23,21.63306427001953
2021-12-24,21.58333396911621
2021-12-27,21.63306427001953
2021-12-28,21.63306427001953
2021-12-29,21.88172149658203
2021-12-30,21.732526779174805
2022-01-03,21.58333396911621
2022-01-04,21.63306427001953
2022-01-05,21.58333396911621
2022-01-06,20.936826705932617
2022-01-07,20.68817138671875
2022-01-10,20.787633895874023
2022-01-11,21.483871459960938
2022-01-12,20.936826705932617
2022-01-13,20.887096405029297
2022-01-14,20.63844108581543
2022-01-17,20.787633895874023
2022-01-18,20.68817138671875
2022-01-19,20.489248275756836
2022-01-20,20.489248275756836
2022-01-21,20.190858840942383
2022-01-24,19.892473220825195
2022-01-25,19.7432804107666
2022-01-26,19.892473220825195
2022-02-07,20.091398239135742
2022-02-08,20.489248275756836
2022-02-09,20.68817138671875
2022-02-10,20.787633895874023
2022-02-11,20.58871078491211
2022-02-14,20.141128540039062
2022-02-15,20.091398239135742
2022-02-16,20.240591049194336
2022-02-17,20.29032325744629
2022-02-18,20.340055465698242
2022-02-21,20.240591049194336
2022-02-22,19.942203521728516
2022-02-23,20.04166603088379
2022-02-24,19.942203521728516
2022-02-25,20.439516067504883
2022-03-01,20.787633895874023
2022-03-02,21.533601760864258
2022-03-03,21.88172149658203
2022-03-04,21.434139251708984
2022-03-07,20.887096405029297
2022-03-08,21.483871459960938
2022-03-09,23.522850036621094
2022-03-10,22.826614379882812
2022-03-11,22.77688217163086
2022-03-14,22.329301834106445
2022-03-15,21.483871459960938
2022-03-16,22.627687454223633
2022-03-17,22.428762435913086
2022-03-18,22.379032135009766
2022-03-21,22.627687454223633
2022-03-22,22.876344680786133
2022-03-23,22.577957153320312
2022-03-24,22.677419662475586
2022-03-25,22.18010711669922
2022-03-28,22.428762435913086
2022-03-29,22.577957153320312
2022-03-30,22.627687454223633
2022-03-31,22.876344680786133
2022-04-01,22.826614379882812
2022-04-06,23.572582244873047
2022-04-07,22.577957153320312
2022-04-08,23.47311782836914
2022-04-11,23.77150535583496
2022-04-12,23.274192810058594
2022-04-13,23.125
2022-04-14,23.522850036621094
2022-04-15,23.572582244873047
2022-04-18,24.219085693359375
2022-04-19,23.821237564086914
2022-04-20,23.672042846679688
2022-04-21,23.125
2022-04-22,23.125
2022-04-25,22.379032135009766
2022-04-26,22.47849464416504
2022-04-27,21.483871459960938
2022-04-28,21.384408950805664
2022-04-29,21.384408950805664
2022-05-03,21.03628921508789
2022-05-04,20.98655891418457
2022-05-05,21.135753631591797
2022-05-06,20.68817138671875
2022-05-09,19.69354820251465
2022-05-10,19.594087600708008
2022-05-11,20.489248275756836
2022-05-12,19.7432804107666
2022-05-13,20.389785766601562
2022-05-16,20.190858840942383
2022-05-17,21.086021423339844
2022-05-18,21.086021423339844
2022-05-19,21.086021423339844
2022-05-20,20.936826705932617
2022-05-23,21.185483932495117
2022-05-24,20.63844108581543
2022-05-25,20.737903594970703
2022-05-26,20.837366104125977
2022-05-27,20.837366104125977
2022-05-30,21.086021423339844
2022-05-31,21.185483932495117
2022-06-01,21.28494644165039
2022-06-02,21.03628921508789
2022-06-06,21.58333396911621
2022-06-07,21.434139251708984
2022-06-08,21.28494644165039
2022-06-09,21.334678649902344
2022-06-10,21.086021423339844
2022-06-13,20.439516067504883
2022-06-14,20.141128540039062
2022-06-15,20.58871078491211
2022-06-16,20.04166603088379
2022-06-17,20.837366104125977
2022-06-20,20.58871078491211
2022-06-21,20.887096405029297
2022-06-22,21.384408950805664
2022-06-23,21.782257080078125
2022-06-24,22.876344680786133
2022-06-27,22.826614379882812
2022-06-28,22.627687454223633
2022-06-29,22.627687454223633
2022-06-30,22.47849464416504
2022-07-01,21.58333396911621
2022-07-04,21.981184005737305
2022-07-05,22.876344680786133
2022-07-06,21.981184005737305
2022-07-07,22.379032135009766
2022-07-08,22.577957153320312
2022-07-11,21.68279457092285
2022-07-12,20.340055465698242
2022-07-13,20.389785766601562
2022-07-14,20.340055465698242
2022-07-15,20.29032325744629
2022-07-18,20.29032325744629
2022-07-19,20.439516067504883
2022-07-20,20.68817138671875
2022-07-21,20.787633895874023
2022-07-22,20.58871078491211
2022-07-25,20.737903594970703
2022-07-26,20.538978576660156
2022-07-27,20.58871078491211
2022-07-28,20.787633895874023
2022-07-29,21.88172149658203
2022-08-01,21.533601760864258
2022-08-02,20.68817138671875
2022-08-03,20.538978576660156
2022-08-04,20.837366104125977
2022-08-05,21.086021423339844
2022-08-08,21.732526779174805
2022-08-09,21.533601760864258
2022-08-10,21.68279457092285
2022-08-11,21.88172149658203
2022-08-12,22.030914306640625
2022-08-15,22.47849464416504
2022-08-16,22.1303768157959
2022-08-17,22.18010711669922
2022-08-18,22.379032135009766
2022-08-19,22.379032135009766
2022-08-22,22.379032135009766
2022-08-23,22.229839324951172
2022-08-24,21.981184005737305
2022-08-25,22.47849464416504
2022-08-26,22.77688217163086
2022-08-29,22.677419662475586
2022-08-30,23.07526969909668
2022-08-31,22.926074981689453
2022-09-01,22.975807189941406
2022-09-02,22.876344680786133
2022-09-05,22.428762435913086
2022-09-06,21.68279457092285
2022-09-07,21.533601760864258
2022-09-08,22.229839324951172
2022-09-12,22.72715187072754
2022-09-13,22.627687454223633
2022-09-14,22.77688217163086
2022-09-15,22.826614379882812
2022-09-16,23.373655319213867
2022-09-19,22.52822494506836
2022-09-20,22.627687454223633
2022-09-21,22.080646514892578
2022-09-22,22.52822494506836
2022-09-23,22.030914306640625
2022-09-26,21.23521614074707
2022-09-27,21.483871459960938
2022-09-28,20.837366104125977
2022-09-29,21.135753631591797
2022-09-30,21.434139251708984
2022-10-03,21.135753631591797
2022-10-04,21.334678649902344
2022-10-05,21.483871459960938
2022-10-06,21.63306427001953
2022-10-07,21.58333396911621
2022-10-11,20.787633895874023
2022-10-12,21.135753631591797
2022-10-13,20.141128540039062
2022-10-14,20.489248275756836
2022-10-17,20.58871078491211
2022-10-18,21.135753631591797
2022-10-19,21.434139251708984
2022-10-20,21.135753631591797
2022-10-21,22.030914306640625
2022-10-24,21.831989288330078
2022-10-25,21.28494644165039
2022-10-26,21.185483932495117
2022-10-27,21.384408950805664
2022-10-28,20.787633895874023
2022-10-31,20.887096405029297
2022-11-01,21.03628921508789
2022-11-02,20.936826705932617
2022-11-03,20.936826705932617
2022-11-04,21.135753631591797
2022-11-07,21.23521614074707
2022-11-08,21.03628921508789
2022-11-09,20.98655891418457
2022-11-10,20.837366104125977
2022-11-11,21.23521614074707
2022-11-14,21.384408950805664
2022-11-15,21.831989288330078
2022-11-16,21.63306427001953
2022-11-17,21.68279457092285
2022-11-18,21.334678649902344
2022-11-21,21.334678649902344
2022-11-22,20.98655891418457
2022-11-23,20.936826705932617
2022-11-24,20.887096405029297
2022-11-25,20.787633895874023
2022-11-28,20.63844108581543
2022-11-29,20.98655891418457
2022-11-30,21.185483932495117
2022-12-01,21.28494644165039
2022-12-02,21.384408950805664
2022-12-05,21.23521614074707
2022-12-06,20.737903594970703
2022-12-07,20.489248275756836
2022-12-08,20.887096405029297
2022-12-09,21.981184005737305
2022-12-12,21.28494644165039
2022-12-13,20.887096405029297
2022-12-14,20.98655891418457
2022-12-15,20.98655891418457
2022-12-16,20.63844108581543
2022-12-19,20.538978576660156
2022-12-20,20.190858840942383
2022-12-21,20.190858840942383
2022-12-22,20.439516067504883
2022-12-23,20.29032325744629
2022-12-26,20.538978576660156
2022-12-27,20.389785766601562
2022-12-28,20.439516067504883
2022-12-29,20.29032325744629
2022-12-30,20.538978576660156
2023-01-03,20.489248275756836
2023-01-04,20.63844108581543
2023-01-05,20.389785766601562
2023-01-06,20.340055465698242
2023-01-09,20.489248275756836
2023-01-10,20.439516067504883
2023-01-11,20.489248275756836
2023-01-12,20.29032325744629
2023-01-13,20.141128540039062
2023-01-16,20.141128540039062
2023-01-17,20.538978576660156
2023-01-30,20.68817138671875
2023-01-31,20.98655891418457
2023-02-01,20.936826705932617
2023-02-02,21.03628921508789
2023-02-03,21.185483932495117
2023-02-06,20.98655891418457
2023-02-07,20.887096405029297
2023-02-08,20.737903594970703
2023-02-09,20.737903594970703
2023-02-10,20.58871078491211
2023-02-13,20.787633895874023
2023-02-14,20.737903594970703
2023-02-15,20.68817138671875
2023-02-16,20.837366104125977
2023-02-17,20.887096405029297
2023-02-20,20.98655891418457
2023-02-21,20.98655891418457
2023-02-22,20.837366104125977
2023-02-23,20.737903594970703
2023-02-24,20.63844108581543
2023-03-01,20.489248275756836
2023-03-02,20.68817138671875
2023-03-03,20.58871078491211
2023-03-06,20.936826705932617
2023-03-07,20.98655891418457
2023-03-08,21.086021423339844
2023-03-09,20.68817138671875
2023-03-10,20.29032325744629
2023-03-13,20.538978576660156
2023-03-14,20.489248275756836
2023-03-15,20.68817138671875
2023-03-16,20.240591049194336
2023-03-17,20.98655891418457
2023-03-20,21.23521614074707
2023-03-21,21.135753631591797
2023-03-22,20.936826705932617
2023-03-23,20.787633895874023
2023-03-24,20.787633895874023
2023-03-27,20.98655891418457
2023-03-28,20.787633895874023
2023-03-29,20.737903594970703
2023-03-30,20.936826705932617
2023-03-31,20.837366104125977
2023-04-06,20.837366104125977
2023-04-07,20.936826705932617
2023-04-10,20.787633895874023
2023-04-11,20.737903594970703
2023-04-12,21.03628921508789
2023-04-13,21.434139251708984
2023-04-14,21.135753631591797
2023-04-17,21.03628921508789
2023-04-18,21.23521614074707
2023-04-19,22.229839324951172
2023-04-20,21.334678649902344
2023-04-21,20.787633895874023
2023-04-24,20.737903594970703
2023-04-25,20.439516067504883
2023-04-26,20.58871078491211
2023-04-27,20.389785766601562
2023-04-28,20.63844108581543
2023-05-02,20.787633895874023
2023-05-03,20.63844108581543
2023-05-04,20.936826705932617
2023-05-05,20.63844108581543
2023-05-08,20.489248275756836
2023-05-09,20.240591049194336
2023-05-10,20.240591049194336
2023-05-11,20.04166603088379
2023-05-12,19.892473220825195
2023-05-15,20.091398239135742
2023-05-16,20.190858840942383
2023-05-17,20.190858840942383
2023-05-18,19.942203521728516
2023-05-19,19.892473220825195
2023-05-22,19.892473220825195
2023-05-23,20.190858840942383
2023-05-24,20.29032325744629
2023-05-25,19.99193572998047
2023-05-26,19.892473220825195
2023-05-29,20.190858840942383
2023-05-30,19.942203521728516
2023-05-31,20.04166603088379
2023-06-01,19.942203521728516
2023-06-02,19.99193572998047
2023-06-05,20.091398239135742
2023-06-06,20.091398239135742
2023-06-07,20.141128540039062
2023-06-08,20.04166603088379
2023-06-09,20.141128540039062
2023-06-12,19.295698165893555
2023-06-13,18.997312545776367
2023-06-14,18.947580337524414
2023-06-15,18.698925018310547
2023-06-16,19.44489097595215
2023-06-19,19.047042846679688
2023-06-20,19.19623565673828
2023-06-21,19.295698165893555
2023-06-26,19.09677505493164
2023-06-27,19.19623565673828
2023-06-28,19.14650535583496
2023-06-29,19.19623565673828
2023-06-30,19.4946231842041
2023-07-03,19.345430374145508
2023-07-04,19.14650535583496
2023-07-05,19.047042846679688
2023-07-06,18.897850036621094
2023-07-07,18.79838752746582
2023-07-10,18.15188217163086
2023-07-11,18.15188217163086
2023-07-12,18.15188217163086
2023-07-13,17.90322494506836
2023-07-14,17.85349464416504
2023-07-17,18.450267791748047
2023-07-18,18.450267791748047
2023-07-19,17.952957153320312
2023-07-20,18.052419662475586
2023-07-21,18.5
2023-07-24,18.100000381469727
2023-07-25,18.049999237060547
2023-07-26,17.950000762939453
2023-07-27,18.0
2023-07-28,17.899999618530273
2023-07-31,17.799999237060547
2023-08-01,17.75
2023-08-02,17.600000381469727
2023-08-04,17.299999237060547
2023-08-07,17.200000762939453
2023-08-08,17.0
2023-08-09,17.0
2023-08-10,16.549999237060547
2023-08-11,16.600000381469727
2023-08-14,16.100000381469727
2023-08-15,16.299999237060547
2023-08-16,16.100000381469727
2023-08-17,16.200000762939453
2023-08-18,16.200000762939453
2023-08-21,16.299999237060547
2023-08-22,15.899999618530273
2023-08-23,15.850000381469727
2023-08-24,15.800000190734863
2023-08-25,15.800000190734863
2023-08-28,15.75
2023-08-29,16.049999237060547
2023-08-30,16.25
2023-08-31,16.450000762939453
2023-09-01,16.200000762939453
2023-09-04,16.149999618530273
2023-09-05,16.149999618530273
2023-09-06,15.949999809265137
2023-09-07,15.850000381469727
2023-09-08,15.699999809265137
2023-09-11,15.300000190734863
2023-09-12,15.199999809265137
2023-09-13,15.25
2023-09-14,15.350000381469727
2023-09-15,15.300000190734863
2023-09-18,15.300000190734863
2023-09-19,15.100000381469727
2023-09-20,14.800000190734863
2023-09-21,14.600000381469727
2023-09-22,14.649999618530273
2023-09-25,14.850000381469727
2023-09-26,14.600000381469727
2023-09-27,14.600000381469727
2023-09-28,14.75
2023-10-02,14.850000381469727
2023-10-03,14.600000381469727
2023-10-04,14.25
2023-10-05,14.649999618530273
2023-10-06,14.550000190734863
2023-10-11,14.399999618530273
2023-10-12,14.350000381469727
2023-10-13,14.100000381469727
2023-10-16,14.0
2023-10-17,13.75
2023-10-18,14.100000381469727
2023-10-19,14.100000381469727
2023-10-20,13.800000190734863
2023-10-23,13.850000381469727
2023-10-24,13.949999809265137
2023-10-25,14.149999618530273
2023-10-26,13.949999809265137
2023-10-27,14.0
2023-10-30,15.399999618530273
2023-10-31,14.899999618530273
2023-11-01,14.699999809265137
2023-11-02,14.649999618530273
2023-11-03,14.600000381469727
2023-11-06,14.899999618530273
2023-11-07,14.649999618530273
2023-11-08,14.899999618530273
2023-11-09,14.550000190734863
2023-11-10,14.100000381469727
2023-11-13,13.800000190734863
2023-11-14,13.800000190734863
2023-11-15,14.300000190734863
2023-11-16,14.300000190734863
2023-11-17,14.300000190734863
2023-11-20,14.699999809265137
2023-11-21,14.800000190734863
2023-11-22,14.699999809265137
2023-11-23,14.75
2023-11-24,15.050000190734863
2023-11-27,14.850000381469727
2023-11-28,14.600000381469727
2023-11-29,14.699999809265137
2023-11-30,14.800000190734863
2023-12-01,14.850000381469727
2023-12-04,14.75
2023-12-05,15.199999809265137
2023-12-06,15.199999809265137
2023-12-07,14.850000381469727
2023-12-08,14.800000190734863
2023-12-11,14.550000190734863
2023-12-12,14.449999809265137
2023-12-13,14.399999618530273
2023-12-14,14.649999618530273
2023-12-15,14.699999809265137
2023-12-18,14.800000190734863
2023-12-19,14.300000190734863
2023-12-20,14.600000381469727
2023-12-21,14.5
2023-12-22,14.300000190734863
2023-12-25,14.149999618530273
2023-12-26,14.25
2023-12-27,14.649999618530273
2023-12-28,14.75
2023-12-29,14.699999809265137
2024-01-02,14.649999618530273
2024-01-03,14.350000381469727
2024-01-04,14.25
2024-01-05,14.199999809265137
2024-01-08,14.100000381469727
2024-01-09,13.850000381469727
2024-01-10,13.75
2024-01-11,13.75
2024-01-12,13.600000381469727
2024-01-15,14.399999618530273
2024-01-16,13.850000381469727
2024-01-17,13.449999809265137
2024-01-18,13.25
2024-01-19,13.0
2024-01-22,13.199999809265137
2024-01-23,13.25
2024-01-24,13.399999618530273
2024-01-25,13.199999809265137
2024-01-26,13.149999618530273
2024-01-29,13.100000381469727
2024-01-30,12.949999809265137
2024-01-31,12.949999809265137
2024-02-01,13.100000381469727
2024-02-02,12.850000381469727
2024-02-05,12.850000381469727
2024-02-15,12.600000381469727
2024-02-16,13.050000190734863
2024-02-19,12.949999809265137
2024-02-20,12.75
2024-02-21,12.800000190734863
2024-02-22,12.5
2024-02-23,12.25
2024-02-26,12.350000381469727
2024-02-27,12.050000190734863
2024-02-29,12.399999618530273
2024-03-01,12.350000381469727
2024-03-04,12.149999618530273
2024-03-05,12.050000190734863
2024-03-06,12.100000381469727
2024-03-07,11.800000190734863
2024-03-08,11.899999618530273
2024-03-11,12.300000190734863
2024-03-12,12.100000381469727
2024-03-13,11.800000190734863
2024-03-14,11.800000190734863
2024-03-15,11.649999618530273
2024-03-18,11.5
2024-03-19,11.25
2024-03-20,10.949999809265137
2024-03-21,11.449999809265137
2024-03-22,11.5
2024-03-25,11.550000190734863
2024-03-26,11.300000190734863
2024-03-27,11.25
2024-03-28,11.399999618530273
2024-03-29,11.550000190734863
2024-04-01,11.550000190734863
2024-04-02,11.399999618530273
2024-04-03,11.25
2024-04-08,11.399999618530273
2024-04-09,11.399999618530273
2024-04-10,12.5
2024-04-11,12.149999618530273
2024-04-12,11.850000381469727
2024-04-15,11.899999618530273
2024-04-16,11.800000190734863
2024-04-17,11.949999809265137
2024-04-18,12.25
2024-04-19,12.0
2024-04-22,12.199999809265137
2024-04-23,12.149999618530273
2024-04-24,12.050000190734863
2024-04-25,12.050000190734863
2024-04-26,12.0
2024-04-29,12.25
2024-04-30,12.100000381469727
2024-05-02,11.949999809265137
2024-05-03,11.75
2024-05-06,11.75
2024-05-07,11.5
2024-05-08,11.5
2024-05-09,11.399999618530273
2024-05-10,11.399999618530273
2024-05-13,11.350000381469727
2024-05-14,11.25
2024-05-15,11.600000381469727
2024-05-16,11.699999809265137
2024-05-17,12.399999618530273
2024-05-20,12.25
2024-05-21,12.149999618530273
2024-05-22,12.199999809265137
2024-05-23,11.949999809265137
2024-05-24,11.899999618530273
2024-05-27,11.949999809265137
2024-05-28,12.25
2024-05-29,12.149999618530273
2024-05-30,12.050000190734863
2024-05-31,12.149999618530273
2024-06-03,12.100000381469727
2024-06-04,12.0
2024-06-05,12.350000381469727
2024-06-06,12.050000190734863
2024-06-07,12.300000190734863
2024-06-11,11.949999809265137
2024-06-12,11.649999618530273
2024-06-13,11.649999618530273
2024-06-14,11.600000381469727
2024-06-17,11.75
2024-06-18,11.649999618530273
2024-06-19,11.550000190734863
2024-06-20,11.649999618530273
2024-06-21,12.100000381469727
2024-06-24,11.899999618530273
2024-06-25,11.949999809265137
2024-06-26,12.5
2024-06-27,13.75
2024-06-28,13.649999618530273
2024-07-01,13.25
2024-07-02,14.550000190734863
2024-07-03,15.199999809265137
2024-07-04,15.100000381469727
2024-07-05,14.850000381469727
2024-07-08,14.699999809265137
2024-07-09,14.350000381469727
2024-07-10,14.0
2024-07-11,13.899999618530273
2024-07-12,14.149999618530273
2024-07-15,14.0
2024-07-16,13.800000190734863
2024-07-17,13.800000190734863
2024-07-18,13.800000190734863
2024-07-19,13.75
2024-07-22,13.199999809265137
2024-07-23,13.149999618530273
2024-07-26,12.949999809265137
2024-07-29,12.649999618530273
2024-07-30,12.850000381469727
2024-07-31,12.699999809265137
2024-08-01,12.949999809265137
2024-08-02,12.550000190734863
2024-08-05,11.300000190734863
2024-08-06,10.899999618530273
2024-08-07,11.350000381469727
2024-08-08,11.199999809265137
2024-08-09,11.199999809265137
2024-08-12,11.300000190734863
2024-08-13,11.100000381469727
2024-08-14,11.399999618530273
2024-08-15,11.350000381469727
2024-08-16,11.300000190734863
2024-08-19,11.25
2024-08-20,11.399999618530273
2024-08-21,11.449999809265137
2024-08-22,11.600000381469727
2024-08-23,11.399999618530273
2024-08-26,11.550000190734863
2024-08-27,12.0
2024-08-28,11.949999809265137
2024-08-29,12.050000190734863
2024-08-30,12.0
2024-09-02,11.850000381469727
2024-09-03,11.649999618530273
2024-09-04,11.149999618530273
2024-09-05,11.149999618530273
2024-09-06,11.25
2024-09-09,11.350000381469727
2024-09-10,11.149999618530273
2024-09-11,11.100000381469727
2024-09-12,11.5
2024-09-13,11.649999618530273
2024-09-16,12.050000190734863
2024-09-18,12.100000381469727
2024-09-19,12.399999618530273
2024-09-20,12.550000190734863
2024-09-23,12.149999618530273
2024-09-24,12.050000190734863
2024-09-25,12.399999618530273
2024-09-26,12.199999809265137
2024-09-27,12.5
2024-09-30,12.600000381469727
2024-10-01,12.850000381469727
2024-10-04,12.800000190734863
2024-10-07,12.699999809265137
2024-10-08,12.25
2024-10-09,11.550000190734863
2024-10-11,11.25
2024-10-14,11.25
2024-10-15,11.199999809265137
2024-10-16,11.050000190734863
2024-10-17,11.199999809265137
2024-10-18,11.050000190734863
2024-10-21,11.050000190734863
2024-10-22,11.050000190734863
2024-10-23,11.050000190734863
2024-10-24,11.100000381469727
2024-10-25,11.199999809265137
2024-10-28,11.100000381469727
2024-10-29,11.300000190734863
2024-10-30,11.25
2024-11-01,11.800000190734863
2024-11-04,11.800000190734863
2024-11-05,11.699999809265137
2024-11-06,11.449999809265137
2024-11-07,11.25
2024-11-08,11.100000381469727
2024-11-11,10.800000190734863
2024-11-12,10.449999809265137
2024-11-13,10.300000190734863
2024-11-14,10.0
2024-11-15,10.300000190734863
2024-11-18,10.199999809265137
2024-11-19,10.199999809265137
2024-11-20,10.199999809265137
2024-11-21,10.25
2024-11-22,10.149999618530273
2024-11-25,10.399999618530273
2024-11-26,10.600000381469727
2024-11-27,10.699999809265137
2024-11-28,11.0
2024-11-29,10.75
2024-12-02,10.850000381469727
2024-12-03,10.899999618530273
2024-12-04,10.800000190734863
2024-12-05,10.649999618530273
2024-12-06,10.949999809265137
2024-12-09,10.550000190734863
2024-12-10,10.399999618530273
2024-12-11,10.350000381469727
2024-12-12,10.25
2024-12-13,10.100000381469727
2024-12-16,10.25
2024-12-17,10.100000381469727
2024-12-18,10.199999809265137
2024-12-19,10.050000190734863
2024-12-20,10.100000381469727
2024-12-23,10.199999809265137
2024-12-24,10.300000190734863
2024-12-25,10.199999809265137
2024-12-26,10.550000190734863
2024-12-27,10.25
2024-12-30,10.149999618530273
2024-12-31,10.100000381469727
2025-01-02,10.100000381469727
2025-01-03,10.0
2025-01-06,10.0
2025-01-07,9.369999885559082
2025-01-08,9.979999542236328
2025-01-09,9.4399995803833
2025-01-10,9.479999542236328
2025-01-13,9.050000190734863
2025-01-14,9.199999809265137
2025-01-15,9.479999542236328
2025-01-16,9.869999885559082
2025-01-17,9.8100004196167
2025-01-20,9.960000038146973
2025-01-21,10.050000190734863
2025-01-22,9.9399995803833
2025-02-03,9.550000190734863
2025-02-04,9.619999885559082
2025-02-05,9.670000076293945
2025-02-06,9.960000038146973
2025-02-07,9.90999984741211
2025-02-10,9.850000381469727
2025-02-11,9.789999961853027
2025-02-12,9.6899995803833
2025-02-13,9.899999618530273
2025-02-14,10.300000190734863
2025-02-17,10.300000190734863
2025-02-18,10.300000190734863
2025-02-19,10.449999809265137
2025-02-20,10.550000190734863
2025-02-21,10.399999618530273
2025-02-24,10.25
2025-02-25,10.300000190734863
2025-02-26,10.25
2025-02-27,10.25
2025-03-03,10.050000190734863
2025-03-04,10.100000381469727
2025-03-05,10.050000190734863
2025-03-06,10.0
2025-03-07,9.930000305175781
2025-03-10,9.899999618530273
2025-03-11,9.829999923706055
2025-03-12,9.789999961853027
2025-03-13,9.630000114440918
2025-03-14,10.149999618530273
2025-03-17,10.100000381469727
2025-03-18,9.979999542236328
2025-03-19,9.890000343322754
2025-03-20,9.920000076293945
2025-03-21,9.84000015258789
2025-03-24,9.960000038146973
2025-03-25,9.84000015258789
2025-03-26,9.920000076293945
2025-03-27,9.920000076293945
2025-03-28,9.710000038146973
2025-03-31,9.109999656677246
2025-04-01,9.279999732971191
2025-04-02,9.260000228881836
2025-04-07,8.34000015258789
2025-04-08,7.510000228881836
2025-04-09,6.760000228881836
2025-04-10,7.429999828338623
2025-04-11,7.519999980926514
2025-04-14,8.069999694824219
2025-04-15,8.5
2025-04-16,8.100000381469727
2025-04-17,8.199999809265137
2025-04-18,8.069999694824219
2025-04-21,7.869999885559082
2025-04-22,8.649999618530273
2025-04-23,9.039999961853027
2025-04-24,8.5
2025-04-25,8.449999809265137
2025-04-28,8.609999656677246
2025-04-29,8.720000267028809
2025-04-30,8.579999923706055
2025-05-02,8.8100004196167
2025-05-05,8.680000305175781
2025-05-06,8.569999694824219
2025-05-07,8.5600004196167
2025-05-08,8.569999694824219
2025-05-09,8.649999618530273
2025-05-12,8.59000015258789
2025-05-13,8.220000267028809
2025-05-14,8.229999542236328
2025-05-15,8.039999961853027
2025-05-16,8.399999618530273
2025-05-19,8.720000267028809
2025-05-20,8.25
2025-05-21,9.069999694824219
2025-05-22,8.770000457763672
2025-05-23,8.369999885559082
2025-05-26,8.050000190734863
2025-05-27,7.940000057220459
2025-05-28,7.869999885559082
2025-05-29,7.400000095367432
2025-06-02,7.25
2025-06-03,7.099999904632568
2025-06-04,6.840000152587891
2025-06-05,7.03000020980835
2025-06-06,6.960000038146973
2025-06-09,6.880000114440918
2025-06-10,6.849999904632568
2025-06-11,6.800000190734863
2025-06-12,6.730000019073486
2025-06-13,6.610000133514404
2025-06-16,6.710000038146973
2025-06-17,6.650000095367432
2025-06-18,6.739999771118164
2025-06-19,6.550000190734863
2025-06-20,6.849999904632568
2025-06-23,6.570000171661377
2025-06-24,6.699999809265137
2025-06-25,6.610000133514404
2025-06-26,6.599999904632568
2025-06-27,6.599999904632568
2025-06-30,6.510000228881836
2025-07-01,6.630000114440918
2025-07-02,6.679999828338623
2025-07-03,6.829999923706055
2025-07-04,6.789999961853027
2025-07-07,6.849999904632568
2025-07-08,6.730000019073486
2025-07-09,6.630000114440918
2025-07-10,6.599999904632568
2025-07-11,6.75
2025-07-14,6.880000114440918
2025-07-15,6.900000095367432
2025-07-16,6.829999923706055
2025-07-17,7.159999847412109
2025-07-18,7.039999961853027
2025-07-21,7.0
2025-07-22,6.889999866485596
2025-07-23,7.079999923706055
2025-07-24,6.989999771118164
2025-07-25,7.039999961853027
2025-07-28,6.980000019073486
2025-07-29,6.869999885559082
2025-07-30,7.0
2025-07-31,7.099999904632568
2025-08-04,7.039999961853027
2025-08-05,6.980000019073486
2025-08-06,6.96999979019165
2025-08-07,7.019999980926514
2025-08-08,6.880000114440918
2025-08-11,6.880000114440918
2025-08-12,6.880000114440918
2025-08-13,6.860000133514404
2025-08-14,6.929999828338623
2025-08-15,7.289999961853027
2025-08-18,7.199999809265137
2025-08-19,7.25
2025-08-20,7.059999942779541
2025-08-21,7.099999904632568
2025-08-22,6.800000190734863
2025-08-25,6.71999979019165
2025-08-26,6.550000190734863
2025-08-27,6.5
2025-08-28,6.460000038146973
2025-08-29,6.380000114440918
2025-09-01,6.239999771118164
2025-09-02,6.190000057220459
2025-09-03,6.139999866485596
2025-09-04,6.239999771118164
2025-09-05,6.21999979019165
2025-09-08,6.28000020980835
2025-09-09,6.21999979019165
2025-09-10,6.159999847412109
2025-09-11,6.0
2025-09-12,6.139999866485596
2025-09-15,6.099999904632568
2025-09-16,6.150000095367432
2025-09-17,6.420000076293945
2025-09-18,6.869999885559082
2025-09-19,7.0
2025-09-22,6.809999942779541
2025-09-23,6.78000020980835
2025-09-24,6.809999942779541
2025-09-25,6.929999828338623
2025-09-26,6.840000152587891
2025-09-30,6.880000114440918
2025-10-01,6.739999771118164
2025-10-02,6.630000114440918
2025-10-03,6.690000057220459
2025-10-07,6.610000133514404
2025-10-08,6.639999866485596
2025-10-09,6.559999942779541
2025-10-13,6.360000133514404
2025-10-14,6.260000228881836
2025-10-15,6.159999847412109
2025-10-16,6.239999771118164
2025-10-17,6.21999979019165
2025-10-20,6.239999771118164
2025-10-21,6.329999923706055
2025-10-22,6.349999904632568
2025-10-23,6.199999809265137
2025-10-27,6.820000171661377
2025-10-28,7.099999904632568
2025-10-29,6.989999771118164
2025-10-30,6.840000152587891
2025-10-31,6.840000152587891
2025-11-03,6.739999771118164
2025-11-04,6.739999771118164
2025-11-05,6.860000133514404
2025-11-06,7.099999904632568
2025-11-07,6.900000095367432
2025-11-10,6.679999828338623
2025-11-11,6.5
2025-11-12,6.579999923706055
2025-11-13,6.550000190734863
2025-11-14,6.489999771118164
2025-11-17,6.53000020980835
2025-11-18,6.349999904632568
2025-11-19,6.260000228881836
2025-11-20,6.5
2025-11-21,6.269999980926514
2025-11-24,6.179999828338623
2025-11-25,6.300000190734863
2025-11-26,6.260000228881836
2025-11-27,6.199999809265137
2025-11-28,6.28000020980835
2025-12-01,6.159999847412109
2025-12-02,6.170000076293945
2025-12-03,6.28000020980835
2025-12-04,6.369999885559082
2025-12-05,6.260000228881836
2025-12-08,6.239999771118164
2025-12-09,6.460000038146973
2025-12-10,6.570000171661377
2025-12-11,6.400000095367432
2025-12-12,7.039999961853027
2025-12-15,7.739999771118164
2025-12-16,8.510000228881836
2025-12-17,8.380000114440918
2025-12-18,7.559999942779541
2025-12-19,7.539999961853027
2025-12-22,8.289999961853027
2025-12-23,9.109999656677246
2025-12-24,9.350000381469727
2025-12-26,9.40999984741211
2025-12-29,8.960000038146973
2025-12-30,8.949999809265137
2025-12-31,8.609999656677246
2026-01-02,8.5
2026-01-05,8.170000076293945
2026-01-06,8.479999542236328
2026-01-07,9.319999694824219
2026-01-08,9.430000305175781
2026-01-09,9.069999694824219
2026-01-12,9.359999656677246
2026-01-13,9.779999732971191
2026-01-14,10.75
2026-01-15,11.100000381469727
2026-01-16,10.600000381469727
2026-01-19,11.300000190734863
2026-01-20,11.350000381469727
2026-01-21,10.75
2026-01-22,10.350000381469727
2026-01-23,10.350000381469727
2026-01-26,10.699999809265137
2026-01-27,11.100000381469727
2026-01-28,10.800000190734863
2026-01-29,10.800000190734863
2026-01-30,11.199999809265137
2026-02-02,11.199999809265137
2026-02-03,12.300000190734863
2026-02-04,13.5
2026-02-05,14.850000381469727
2026-02-06,15.899999618530273
2026-02-09,15.149999618530273
2026-02-10,14.449999809265137
2026-02-11,15.149999618530273
2026-02-23,16.649999618530273
2026-02-24,18.299999237060547
2026-02-25,20.100000381469727
2026-02-26,22.100000381469727
2026-03-02,24.299999237060547
2026-03-03,26.700000762939453
2026-03-04,24.049999237060547
2026-03-05,23.25
2026-03-06,22.549999237060547
2026-03-09,20.299999237060547
2026-03-10,19.799999237060547
2026-03-11,21.75
2026-03-12,23.600000381469727
2026-03-13,24.0
2026-03-16,25.75
2026-03-17,26.700000762939453
2026-03-18,25.600000381469727
2026-03-19,24.25
2026-03-20,23.100000381469727
2026-03-23,21.5
2026-03-24,20.700000762939453
2026-03-25,22.75
2026-03-26,25.0
2026-03-27,23.25
2026-03-30,22.0
2026-03-31,21.25
2026-04-01,21.299999237060547
2026-04-02,20.549999237060547
2026-04-07,20.049999237060547
2026-04-08,21.299999237060547
2026-04-09,20.200000762939453
2026-04-10,19.0
2026-04-13,17.100000381469727
2026-04-14,15.399999618530273
2026-04-15,16.899999618530273
2026-04-16,18.549999237060547
2026-04-17,18.299999237060547
2026-04-20,17.200000762939453
2026-04-21,16.850000381469727
2026-04-22,16.100000381469727
2026-04-23,15.649999618530273
2026-04-24,15.100000381469727
2026-04-27,15.25
2026-04-28,14.75
2026-04-29,15.149999618530273
2026-04-30,16.0
2026-05-04,15.399999618530273
2026-05-05,15.5
2026-05-06,15.649999618530273
2026-05-07,17.200000762939453
2026-05-08,17.450000762939453
2026-05-11,17.0
2026-05-12,17.299999237060547
2026-05-13,18.25
2026-05-14,17.700000762939453
2026-05-15,17.0
2026-05-18,17.5
2026-05-19,19.25
2026-05-20,17.549999237060547
2026-05-21,17.450000762939453
2026-05-22,18.25
2026-05-25,19.350000381469727
2026-05-26,18.899999618530273
2026-05-27,19.100000381469727
2026-05-28,18.25
2026-05-29,18.350000381469727
2026-06-01,18.5
2026-06-02,18.200000762939453
2026-06-03,18.600000381469727
2026-06-04,18.049999237060547
2026-06-05,17.149999618530273
2026-06-08,15.699999809265137
2026-06-09,17.25
2026-06-10,18.25
2026-06-11,18.0
2026-06-12,19.799999237060547
2026-06-15,21.0
2026-06-16,19.0
2026-06-17,19.149999618530273
2026-06-18,18.0
2026-06-22,18.049999237060547
2026-06-23,17.450000762939453
2026-06-24,17.799999237060547
2026-06-25,17.25
2026-06-26,16.5
2026-06-29,16.799999237060547
2026-06-30,17.399999618530273
2026-07-01,16.799999237060547
2026-07-02,17.049999237060547
2026-07-03,17.049999237060547
2026-07-06,16.850000381469727
2026-07-07,16.100000381469727
2026-07-08,16.049999237060547
2026-07-09,16.399999618530273
2026-07-10,16.399999618530273
2026-07-13,16.700000762939453
2026-07-14,17.5
2026-07-15,17.700000762939453
2026-07-16,17.700000762939453
2026-07-17,17.850000381469727
2026-07-20,18.450000762939453
2026-07-21,19.100000381469727
2026-07-22,19.450000762939453
2026-07-23,18.350000381469727
2026-07-24,18.299999237060547
2026-07-27,17.850000381469727
2026-07-28,16.850000381469727
2026-07-29,16.0
2026-07-30,15.649999618530273
2026-07-31,16.299999237060547
2026-08-03,16.649999618530273
2026-08-04,16.600000381469727
2026-08-05,18.25
2026-08-06,17.399999618530273
2026-08-07,16.950000762939453
2026-08-10,17.149999618530273
2026-08-11,17.299999237060547
2026-08-12,17.299999237060547
2026-08-13,17.899999618530273
2026-08-14,17.75
2026-08-17,17.850000381469727
2026-08-18,17.049999237060547
2026-08-19,16.75
2026-08-20,17.0
2026-08-21,17.299999237060547
2026-08-24,17.0
2026-08-25,17.100000381469727
2026-08-26,17.049999237060547
2026-08-27,17.049999237060547
2026-08-28,17.5
2026-08-31,18.200000762939453
2026-09-01,17.799999237060547
2026-09-02,17.450000762939453
