Price,AdjClose
Ticker,3653.TW
Date,
2009-11-18,60.86013412475586
2009-11-19,69.65101623535156
2009-11-20,68.07315826416016
2009-11-23,68.52397918701172
2009-11-24,67.84776306152344
2009-11-25,67.62236022949219
2009-11-26,72.35591125488281
2009-11-27,77.31488800048828
2009-11-30,82.72468566894531
2009-12-01,83.85172271728516
2009-12-02,85.65497589111328
2009-12-03,83.4009017944336
2009-12-04,86.10578918457031
2009-12-07,86.55663299560547
2009-12-08,87.45824432373047
2009-12-09,86.10578918457031
2009-12-10,85.20415496826172
2009-12-11,86.78203582763672
2009-12-14,82.95008850097656
2009-12-15,80.01978302001953
2009-12-16,78.89273834228516
2009-12-17,80.24519348144531
2009-12-18,81.14682006835938
2009-12-21,81.14682006835938
2009-12-22,84.75334930419922
2009-12-23,85.65497589111328
2009-12-24,85.42957305908203
2009-12-25,83.4009017944336
2009-12-28,82.72468566894531
2009-12-29,82.72468566894531
2009-12-30,83.4009017944336
2009-12-31,83.4009017944336
2010-01-04,81.5976333618164
2010-01-05,79.34356689453125
2010-01-06,79.79437255859375
2010-01-07,76.1878433227539
2010-01-08,75.51162719726562
2010-01-11,73.25755310058594
2010-01-12,75.0608139038086
2010-01-13,73.25755310058594
2010-01-14,78.21651458740234
2010-01-15,81.5976333618164
2010-01-18,80.69601440429688
2010-01-19,80.4705810546875
2010-01-20,81.14682006835938
2010-01-21,77.99111938476562
2010-01-22,76.1878433227539
2010-01-25,76.1878433227539
2010-01-26,68.52397918701172
2010-01-27,63.7904167175293
2010-01-28,66.49531555175781
2010-01-29,61.98716735839844
2010-02-01,62.21257781982422
2010-02-02,59.95848083496094
2010-02-03,59.95848083496094
2010-02-04,62.8887939453125
2010-02-05,59.05685806274414
2010-02-08,64.91744995117188
2010-02-09,65.14286804199219
2010-02-10,65.14286804199219
2010-02-22,64.01582336425781
2010-02-23,64.01582336425781
2010-02-24,62.21257781982422
2010-02-25,59.95848083496094
2010-02-26,59.05685806274414
2010-03-01,60.86013412475586
2010-03-02,64.91744995117188
2010-03-03,64.01582336425781
2010-03-04,66.72071838378906
2010-03-05,66.49531555175781
2010-03-08,66.72071838378906
2010-03-09,68.52397918701172
2010-03-10,68.52397918701172
2010-03-11,67.62236022949219
2010-03-12,68.07315826416016
2010-03-15,66.72071838378906
2010-03-16,67.1715316772461
2010-03-17,68.07315826416016
2010-03-18,70.10183715820312
2010-03-19,72.13050842285156
2010-03-22,72.35591125488281
2010-03-23,74.83541107177734
2010-03-24,74.83541107177734
2010-03-25,74.60999298095703
2010-03-26,73.70836639404297
2010-03-29,74.83541107177734
2010-03-30,74.83541107177734
2010-03-31,75.0608139038086
2010-04-01,73.70836639404297
2010-04-02,72.58132934570312
2010-04-06,72.8067398071289
2010-04-07,72.8067398071289
2010-04-08,72.13050842285156
2010-04-09,70.77806091308594
2010-04-12,72.35591125488281
2010-04-13,75.28622436523438
2010-04-14,78.4419174194336
2010-04-15,81.14682006835938
2010-04-16,79.79437255859375
2010-04-19,76.1878433227539
2010-04-20,80.4705810546875
2010-04-21,79.5689697265625
2010-04-22,78.4419174194336
2010-04-23,83.85172271728516
2010-04-26,88.81068420410156
2010-04-27,87.00743103027344
2010-04-28,88.13446044921875
2010-04-29,85.8803939819336
2010-04-30,84.75334930419922
2010-05-03,82.49925994873047
2010-05-04,82.95008850097656
2010-05-05,80.69601440429688
2010-05-06,83.4009017944336
2010-05-07,82.27387237548828
2010-05-10,87.90904998779297
2010-05-11,93.76964569091797
2010-05-12,91.96639251708984
2010-05-13,98.27782440185547
2010-05-14,105.04005432128906
2010-05-17,105.71627807617188
2010-05-18,100.0810546875
2010-05-19,103.23678588867188
2010-05-20,96.02373504638672
2010-05-21,94.67129516601562
2010-05-24,94.22047424316406
2010-05-25,87.68362426757812
2010-05-26,88.58528137207031
2010-05-27,94.67129516601562
2010-05-28,101.20809936523438
2010-05-31,101.88433074951172
2010-06-01,99.63026428222656
2010-06-02,98.27782440185547
2010-06-03,99.85567474365234
2010-06-04,96.92537689208984
2010-06-07,98.05242156982422
2010-06-08,99.17945861816406
2010-06-09,98.05242156982422
2010-06-10,96.69996643066406
2010-06-11,96.92537689208984
2010-06-14,100.75729370117188
2010-06-15,100.75729370117188
2010-06-17,107.74496459960938
2010-06-18,105.4908676147461
2010-06-21,110.22444152832031
2010-06-22,109.5481948852539
2010-06-23,109.9990005493164
2010-06-24,103.46218872070312
2010-06-25,101.65892791748047
2010-06-28,102.33516693115234
2010-06-29,99.17945861816406
2010-06-30,99.63026428222656
2010-07-01,97.82701110839844
2010-07-02,104.138427734375
2010-07-05,104.36381530761719
2010-07-06,104.81465148925781
2010-07-07,103.91300964355469
2010-07-08,104.81465148925781
2010-07-09,106.16709899902344
2010-07-12,104.138427734375
2010-07-13,106.39251708984375
2010-07-14,112.25309753417969
2010-07-15,111.80227661132812
2010-07-16,107.74496459960938
2010-07-19,106.84331512451172
2010-07-20,107.29413604736328
2010-07-21,111.12602996826172
2010-07-22,117.21207427978516
2010-07-23,115.63422393798828
2010-07-26,116.3104476928711
2010-07-27,114.05635833740234
2010-07-28,121.94564819335938
2010-07-29,118.26992797851562
2010-07-30,118.76895141601562
2010-08-02,119.7669906616211
2010-08-03,117.52137756347656
2010-08-04,117.52137756347656
2010-08-05,112.28154754638672
2010-08-06,108.28933715820312
2010-08-09,106.79222106933594
2010-08-10,109.78641510009766
2010-08-11,110.03594207763672
2010-08-12,108.78836059570312
2010-08-13,111.03397369384766
2010-08-16,110.53495788574219
2010-08-17,109.78641510009766
2010-08-18,107.29127502441406
2010-08-19,111.03397369384766
2010-08-20,109.28739929199219
2010-08-23,107.54078674316406
2010-08-24,105.79418182373047
2010-08-25,103.79806518554688
2010-08-26,104.79612731933594
2010-08-27,102.05146026611328
2010-08-30,97.80970764160156
2010-08-31,91.07282257080078
2010-09-01,90.32427978515625
2010-09-02,96.5621566772461
2010-09-03,94.81554412841797
2010-09-06,94.56602478027344
2010-09-07,98.0592269897461
2010-09-08,95.31456756591797
2010-09-09,92.0708999633789
2010-09-10,91.07282257080078
2010-09-13,92.81942749023438
2010-09-14,99.30679321289062
2010-09-15,98.55827331542969
2010-09-16,94.81554412841797
2010-09-17,96.5621566772461
2010-09-20,94.06700134277344
2010-09-21,93.56798553466797
2010-09-23,92.32040405273438
2010-09-24,91.82137298583984
2010-09-27,89.82525634765625
2010-09-28,90.32427978515625
2010-09-29,90.82331085205078
2010-09-30,91.32233428955078
2010-10-01,90.32427978515625
2010-10-04,84.83496856689453
2010-10-05,81.84077453613281
2010-10-06,81.09223937988281
2010-10-07,80.09417724609375
2010-10-08,78.84660339355469
2010-10-11,76.60096740722656
2010-10-12,78.09806060791016
2010-10-13,76.85049438476562
2010-10-14,75.35340881347656
2010-10-15,72.35922241210938
2010-10-18,75.35340881347656
2010-10-19,76.85049438476562
2010-10-20,82.09030151367188
2010-10-21,86.83106994628906
2010-10-22,85.83302307128906
2010-10-25,85.333984375
2010-10-26,85.83302307128906
2010-10-27,85.08446502685547
2010-10-28,85.333984375
2010-10-29,87.33012390136719
2010-11-01,86.08253479003906
2010-11-02,80.84272003173828
2010-11-03,77.34952545166016
2010-11-04,79.34564208984375
2010-11-05,84.83496856689453
2010-11-08,82.33982849121094
2010-11-09,81.84077453613281
2010-11-10,81.34174346923828
2010-11-11,82.58931732177734
2010-11-12,80.84272003173828
2010-11-15,81.84077453613281
2010-11-16,81.34174346923828
2010-11-17,86.83106994628906
2010-11-18,85.83302307128906
2010-11-19,88.82718658447266
2010-11-22,92.56991577148438
2010-11-23,91.32233428955078
2010-11-24,90.32427978515625
2010-11-25,92.32040405273438
2010-11-26,90.57379150390625
2010-11-29,91.07282257080078
2010-11-30,92.81942749023438
2010-12-01,93.81746673583984
2010-12-02,95.0650405883789
2010-12-03,95.31456756591797
2010-12-06,94.31651306152344
2010-12-07,92.56991577148438
2010-12-08,90.57379150390625
2010-12-09,90.82331085205078
2010-12-10,92.32040405273438
2010-12-13,92.32040405273438
2010-12-14,90.32427978515625
2010-12-15,85.5835189819336
2010-12-16,85.333984375
2010-12-17,86.5815658569336
2010-12-20,85.333984375
2010-12-21,85.333984375
2010-12-22,87.8291244506836
2010-12-23,86.5815658569336
2010-12-24,85.333984375
2010-12-27,82.83883666992188
2010-12-28,81.34174346923828
2010-12-29,76.3514633178711
2010-12-30,76.3514633178711
2010-12-31,78.84660339355469
2011-01-03,77.84854125976562
2011-01-04,78.34757995605469
2011-01-05,76.60096740722656
2011-01-06,77.84854125976562
2011-01-07,78.84660339355469
2011-01-10,80.59322357177734
2011-01-11,79.34564208984375
2011-01-12,79.34564208984375
2011-01-13,80.09417724609375
2011-01-14,79.09611511230469
2011-01-17,77.84854125976562
2011-01-18,77.34952545166016
2011-01-19,77.59902954101562
2011-01-20,78.09806060791016
2011-01-21,77.59902954101562
2011-01-24,82.83883666992188
2011-01-25,81.34174346923828
2011-01-26,80.84272003173828
2011-01-27,81.34174346923828
2011-01-28,79.09611511230469
2011-02-08,77.34952545166016
2011-02-09,75.85242462158203
2011-02-10,76.3514633178711
2011-02-11,75.85242462158203
2011-02-14,75.85242462158203
2011-02-15,76.1019515991211
2011-02-16,76.85049438476562
2011-02-17,76.1019515991211
2011-02-18,76.3514633178711
2011-02-21,75.60292053222656
2011-02-22,71.86021423339844
2011-02-23,68.36699676513672
2011-02-24,64.87380981445312
2011-02-25,65.62235260009766
2011-03-01,68.86602783203125
2011-03-02,67.61846160888672
2011-03-03,68.86602783203125
2011-03-04,68.36699676513672
2011-03-07,67.36894226074219
2011-03-08,67.61846160888672
2011-03-09,69.61457061767578
2011-03-10,67.86796569824219
2011-03-11,65.8718490600586
2011-03-14,63.12718963623047
2011-03-15,58.885433197021484
2011-03-16,56.39030456542969
2011-03-17,52.647579193115234
2011-03-18,55.39222717285156
2011-03-21,56.39030456542969
2011-03-22,60.133026123046875
2011-03-23,63.376708984375
2011-03-24,63.875728607177734
2011-03-25,62.62816619873047
2011-03-28,63.12718963623047
2011-03-29,60.38252258300781
2011-03-30,60.38252258300781
2011-03-31,61.63010787963867
2011-04-01,60.632057189941406
2011-04-06,60.881553649902344
2011-04-07,65.12330627441406
2011-04-08,66.62039947509766
2011-04-11,66.3708724975586
2011-04-12,64.125244140625
2011-04-13,64.87380981445312
2011-04-14,64.6242904663086
2011-04-15,63.875728607177734
2011-04-18,62.12913131713867
2011-04-19,58.885433197021484
2011-04-20,61.87961959838867
2011-04-21,62.3786506652832
2011-04-22,61.63010787963867
2011-04-25,60.881553649902344
2011-04-26,63.376708984375
2011-04-27,63.62621307373047
2011-04-28,62.3786506652832
2011-04-29,61.87961959838867
2011-05-03,57.63787841796875
2011-05-04,57.63787841796875
2011-05-05,58.885433197021484
2011-05-06,58.13689041137695
2011-05-09,62.12913131713867
2011-05-10,60.881553649902344
2011-05-11,59.38447570800781
2011-05-12,59.63398361206055
2011-05-13,62.3786506652832
2011-05-16,60.881553649902344
2011-05-17,59.63398361206055
2011-05-18,59.63398361206055
2011-05-19,61.63010787963867
2011-05-20,65.8718490600586
2011-05-23,68.86602783203125
2011-05-24,68.86602783203125
2011-05-25,68.11748504638672
2011-05-26,70.36312103271484
2011-05-27,69.11553192138672
2011-05-30,69.36506652832031
2011-05-31,69.86408233642578
2011-06-01,70.36312103271484
2011-06-02,69.36506652832031
2011-06-03,74.10582733154297
2011-06-07,73.85631561279297
2011-06-08,72.35922241210938
2011-06-09,70.36312103271484
2011-06-10,69.86408233642578
2011-06-13,65.37281799316406
2011-06-14,66.3708724975586
2011-06-15,66.86991119384766
2011-06-16,64.37476348876953
2011-06-17,62.3786506652832
2011-06-20,62.12913131713867
2011-06-21,63.376708984375
2011-06-22,66.1213607788086
2011-06-23,64.37476348876953
2011-06-24,64.37476348876953
2011-06-27,62.87767028808594
2011-06-28,63.12718963623047
2011-06-29,63.376708984375
2011-06-30,62.87767028808594
2011-07-01,67.11941528320312
2011-07-04,68.11748504638672
2011-07-05,66.62039947509766
2011-07-06,66.62039947509766
2011-07-07,67.61846160888672
2011-07-08,65.62235260009766
2011-07-11,63.376708984375
2011-07-12,61.131080627441406
2011-07-13,60.38252258300781
2011-07-14,57.13883590698242
2011-07-15,57.63787841796875
2011-07-18,57.388362884521484
2011-07-19,58.38642120361328
2011-07-20,59.88349533081055
2011-07-21,58.885433197021484
2011-07-22,59.38447570800781
2011-07-25,56.88932418823242
2011-07-26,58.38642120361328
2011-07-27,59.38447570800781
2011-07-28,59.63398361206055
2011-07-29,57.63787841796875
2011-08-01,57.63787841796875
2011-08-02,57.88737869262695
2011-08-03,56.63981628417969
2011-08-04,55.39222717285156
2011-08-05,51.64950942993164
2011-08-08,48.0565071105957
2011-08-09,44.713008880615234
2011-08-10,46.659217834472656
2011-08-11,46.50761795043945
2011-08-12,48.11330795288086
2011-08-15,47.59718704223633
2011-08-16,48.17064666748047
2011-08-17,47.1384162902832
2011-08-18,44.38582229614258
2011-08-19,41.289127349853516
2011-08-22,38.42182922363281
2011-08-23,41.05974578857422
2011-08-24,41.46116638183594
2011-08-25,39.28201675415039
2011-08-26,39.39670944213867
2011-08-29,41.00239944458008
2011-08-30,43.58296585083008
2011-08-31,43.12419891357422
2011-09-01,43.12419891357422
2011-09-02,44.38582229614258
2011-09-05,43.46828079223633
2011-09-06,41.57585525512695
2011-09-07,42.72278594970703
2011-09-08,42.837467193603516
2011-09-09,42.436058044433594
2011-09-13,40.77302169799805
2011-09-14,40.19955062866211
2011-09-15,41.11709213256836
2011-09-16,43.984397888183594
2011-09-19,47.02373504638672
2011-09-20,47.02373504638672
2011-09-21,47.59718704223633
2011-09-22,46.22088623046875
2011-09-23,44.156429290771484
2011-09-26,41.11709213256836
2011-09-27,42.89481735229492
2011-09-28,42.78012466430664
2011-09-29,42.72278594970703
2011-09-30,43.75501251220703
2011-10-03,42.03462600708008
2011-10-04,42.321353912353516
2011-10-05,41.633209228515625
2011-10-06,41.91994094848633
2011-10-07,42.14931869506836
2011-10-11,44.38582229614258
2011-10-12,44.156429290771484
2011-10-13,44.156429290771484
2011-10-14,44.615203857421875
2011-10-17,44.672542572021484
2011-10-18,44.213768005371094
2011-10-19,44.827842712402344
2011-10-20,43.96577835083008
2011-10-21,43.448524475097656
2011-10-24,44.42555236816406
2011-10-25,44.88532257080078
2011-10-26,47.98878860473633
2011-10-27,48.21866989135742
2011-10-28,47.12671661376953
2011-10-31,47.241661071777344
2011-11-01,47.75889587402344
2011-11-02,47.18418884277344
2011-11-03,45.402557373046875
2011-11-04,46.26463317871094
2011-11-07,47.816368103027344
2011-11-08,50.1727180480957
2011-11-09,53.67847442626953
2011-11-10,51.26467514038086
2011-11-11,50.63248062133789
2011-11-14,50.46007537841797
2011-11-15,50.862369537353516
2011-11-16,50.63248062133789
2011-11-17,49.483055114746094
2011-11-18,48.850868225097656
2011-11-21,45.46004104614258
2011-11-22,42.93128204345703
2011-11-23,40.80483627319336
2011-11-24,41.66691589355469
2011-11-25,41.49449157714844
2011-11-28,42.069217681884766
2011-11-29,43.10371017456055
2011-11-30,43.10371017456055
2011-12-01,44.310604095458984
2011-12-02,42.81634521484375
2011-12-05,41.7818603515625
2011-12-06,40.86231231689453
2011-12-07,40.46000671386719
2011-12-08,38.62091827392578
2011-12-09,37.643898010253906
2011-12-12,37.988731384277344
2011-12-13,37.12665939331055
2011-12-14,39.368045806884766
2011-12-15,38.103675842285156
2011-12-16,38.04620361328125
2011-12-19,35.40250778198242
2011-12-20,35.287567138671875
2011-12-21,37.70136642456055
2011-12-22,37.9312629699707
2011-12-23,39.655399322509766
2011-12-26,39.368045806884766
2011-12-27,39.0806884765625
2011-12-28,38.67839050292969
2011-12-29,38.793331146240234
2011-12-30,38.85080337524414
2012-01-02,38.85080337524414
2012-01-03,38.85080337524414
2012-01-04,38.85080337524414
2012-01-05,38.85080337524414
2012-01-06,39.42552185058594
2012-01-09,39.597930908203125
2012-01-10,39.368045806884766
2012-01-11,39.88529968261719
2012-01-12,39.0806884765625
2012-01-13,38.4484977722168
2012-01-16,38.50597381591797
2012-01-17,40.17265319824219
2012-01-18,42.93128204345703
2012-01-30,45.91980743408203
2012-01-31,48.16120910644531
2012-02-01,49.483055114746094
2012-02-02,51.83938980102539
2012-02-03,55.46010208129883
2012-02-06,55.7474479675293
2012-02-07,58.621036529541016
2012-02-08,62.64405059814453
2012-02-09,64.08084106445312
2012-02-10,62.06932067871094
2012-02-13,60.057823181152344
2012-02-14,60.9199104309082
2012-02-15,62.64405059814453
2012-02-16,58.90839385986328
2012-02-17,57.47160339355469
2012-02-20,61.4946174621582
2012-02-21,60.9199104309082
2012-02-22,62.06932067871094
2012-02-23,60.34518051147461
2012-02-24,58.90839385986328
2012-02-29,60.057823181152344
2012-03-01,61.4946174621582
2012-03-02,65.23028564453125
2012-03-05,64.65556335449219
2012-03-06,60.34518051147461
2012-03-07,60.34518051147461
2012-03-08,63.21875762939453
2012-03-09,67.52914428710938
2012-03-12,66.66705322265625
2012-03-13,64.94290924072266
2012-03-14,66.37970733642578
2012-03-15,68.39119720458984
2012-03-16,66.09234619140625
2012-03-19,64.08084106445312
2012-03-20,63.21875762939453
2012-03-21,62.356685638427734
2012-03-22,62.64405059814453
2012-03-23,62.64405059814453
2012-03-26,62.64405059814453
2012-03-27,58.90839385986328
2012-03-28,59.19575500488281
2012-03-29,55.40263366699219
2012-03-30,55.7474479675293
2012-04-02,51.8968620300293
2012-04-03,48.333614349365234
2012-04-05,48.96581268310547
2012-04-06,51.95433044433594
2012-04-09,49.42558670043945
2012-04-10,48.850868225097656
2012-04-11,49.54051971435547
2012-04-12,49.54051971435547
2012-04-13,51.494544982910156
2012-04-16,49.885353088378906
2012-04-17,47.586490631103516
2012-04-18,47.356605529785156
2012-04-19,46.55200958251953
2012-04-20,45.9772834777832
2012-04-23,43.39106369018555
2012-04-24,44.7129020690918
2012-04-25,47.586490631103516
2012-04-26,46.72441101074219
2012-04-27,44.540496826171875
2012-04-30,46.034751892089844
2012-05-02,49.253170013427734
2012-05-03,51.724449157714844
2012-05-04,52.01179504394531
2012-05-07,50.63248062133789
2012-05-08,50.68994140625
2012-05-09,50.40259552001953
2012-05-10,50.57501220703125
2012-05-11,47.98878860473633
2012-05-14,47.356605529785156
2012-05-15,48.73592758178711
2012-05-16,46.89682388305664
2012-05-17,48.56350326538086
2012-05-18,46.26463317871094
2012-05-21,46.43706512451172
2012-05-22,48.27614974975586
2012-05-23,47.12671661376953
2012-05-24,45.74739456176758
2012-05-25,44.88532257080078
2012-05-28,44.483028411865234
2012-05-29,47.4140739440918
2012-05-30,47.29912185668945
2012-05-31,47.64396286010742
2012-06-01,45.517513275146484
2012-06-04,42.3565788269043
2012-06-05,42.93128204345703
2012-06-06,44.36807632446289
2012-06-07,44.02324295043945
2012-06-08,43.448524475097656
2012-06-11,44.310604095458984
2012-06-12,43.90830993652344
2012-06-13,43.96577835083008
2012-06-14,43.96577835083008
2012-06-15,45.402557373046875
2012-06-18,46.494529724121094
2012-06-19,45.63246154785156
2012-06-20,46.66694641113281
2012-06-21,48.73592758178711
2012-06-22,49.770408630371094
2012-06-25,50.345123291015625
2012-06-26,49.54051971435547
2012-06-27,50.115238189697266
2012-06-28,49.42558670043945
2012-06-29,49.483055114746094
2012-07-02,51.32215118408203
2012-07-03,52.18421936035156
2012-07-04,52.58650207519531
2012-07-05,51.83938980102539
2012-07-06,51.37961196899414
2012-07-09,51.14973449707031
2012-07-10,49.770408630371094
2012-07-11,50.9773063659668
2012-07-12,49.54051971435547
2012-07-13,48.47401428222656
2012-07-16,47.6609001159668
2012-07-17,48.16128158569336
2012-07-18,47.848541259765625
2012-07-19,49.975154876708984
2012-07-20,49.09949493408203
2012-07-23,48.66165542602539
2012-07-24,48.7867431640625
2012-07-25,48.7867431640625
2012-07-26,48.7867431640625
2012-07-27,50.53806686401367
2012-07-30,50.66316604614258
2012-07-31,51.03845977783203
2012-08-01,51.91411590576172
2012-08-02,51.91411590576172
2012-08-03,51.851566314697266
2012-08-06,51.28863525390625
2012-08-07,51.476287841796875
2012-08-08,50.85080337524414
2012-08-09,52.35193634033203
2012-08-10,55.91712188720703
2012-08-13,57.918636322021484
2012-08-14,57.918636322021484
2012-08-15,58.731746673583984
2012-08-16,59.41976547241211
2012-08-17,58.54411315917969
2012-08-20,59.4822998046875
2012-08-21,61.04599380493164
2012-08-22,60.42051315307617
2012-08-23,59.41976547241211
2012-08-24,58.41899871826172
2012-08-27,58.23137283325195
2012-08-28,56.605140686035156
2012-08-29,55.35419845581055
2012-08-30,55.416748046875
2012-08-31,55.291656494140625
2012-09-03,55.85457229614258
2012-09-04,55.35419845581055
2012-09-05,54.603633880615234
2012-09-06,54.728729248046875
2012-09-07,54.85381317138672
2012-09-10,53.915618896484375
2012-09-11,54.603633880615234
2012-09-12,55.04146194458008
2012-09-13,54.22835922241211
2012-09-14,52.914859771728516
2012-09-17,52.72721862792969
2012-09-18,52.97740936279297
2012-09-19,54.728729248046875
2012-09-20,54.603633880615234
2012-09-21,54.91637420654297
2012-09-24,52.914859771728516
2012-09-25,52.97740936279297
2012-09-26,52.477027893066406
2012-09-27,52.16428756713867
2012-09-28,50.53806686401367
2012-10-01,49.66240692138672
2012-10-02,50.60061264038086
2012-10-03,49.4122314453125
2012-10-04,48.91184997558594
2012-10-05,49.66240692138672
2012-10-08,48.53657531738281
2012-10-09,48.03618621826172
2012-10-11,48.16128158569336
2012-10-12,47.848541259765625
2012-10-15,44.533546447753906
2012-10-16,43.78298568725586
2012-10-17,43.40769577026367
2012-10-18,43.40769577026367
2012-10-19,42.34439468383789
2012-10-22,41.969112396240234
2012-10-23,42.094215393066406
2012-10-24,42.15675354003906
2012-10-25,40.968360900878906
2012-10-26,38.46647262573242
2012-10-29,35.839500427246094
2012-10-30,37.52827453613281
2012-10-31,37.02789306640625
2012-11-01,36.84025955200195
2012-11-02,37.02789306640625
2012-11-05,35.96459197998047
2012-11-06,37.590816497802734
2012-11-07,38.403934478759766
2012-11-08,38.028648376464844
2012-11-09,39.77996826171875
2012-11-12,38.77921676635742
2012-11-13,37.77845764160156
2012-11-14,37.653358459472656
2012-11-15,37.21553421020508
2012-11-16,37.278076171875
2012-11-19,36.464969635009766
2012-11-20,36.2773323059082
2012-11-21,35.0263786315918
2012-11-22,34.71364974975586
2012-11-23,36.90279769897461
2012-11-26,38.716670989990234
2012-11-27,38.15373992919922
2012-11-28,38.96685791015625
2012-11-29,38.9043083190918
2012-11-30,38.96685791015625
2012-12-03,39.09195327758789
2012-12-04,39.467227935791016
2012-12-05,42.219303131103516
2012-12-06,42.532039642333984
2012-12-07,42.40693664550781
2012-12-10,42.594581604003906
2012-12-11,40.78071594238281
2012-12-12,41.40618896484375
2012-12-13,41.59383010864258
2012-12-14,41.4687385559082
2012-12-17,40.28034591674805
2012-12-18,40.342891693115234
2012-12-19,40.405433654785156
2012-12-20,39.77996826171875
2012-12-21,39.40467834472656
2012-12-24,40.030155181884766
2012-12-25,42.7822265625
2012-12-26,42.281856536865234
2012-12-27,42.03166580200195
2012-12-28,41.969112396240234
2013-01-02,41.969112396240234
2013-01-03,41.969112396240234
2013-01-04,41.3436393737793
2013-01-07,40.405433654785156
2013-01-08,39.52978515625
2013-01-09,40.968360900878906
2013-01-10,40.28034591674805
2013-01-11,39.905059814453125
2013-01-14,40.342891693115234
2013-01-15,39.654869079589844
2013-01-16,39.59233093261719
2013-01-17,38.403934478759766
2013-01-18,38.59157180786133
2013-01-21,38.77921676635742
2013-01-22,38.65412139892578
2013-01-23,38.65412139892578
2013-01-24,38.84175491333008
2013-01-25,38.9043083190918
2013-01-28,39.467227935791016
2013-01-29,39.467227935791016
2013-01-30,40.405433654785156
2013-01-31,39.842506408691406
2013-02-01,39.40467834472656
2013-02-04,39.40467834472656
2013-02-05,38.59157180786133
2013-02-06,38.9043083190918
2013-02-18,38.77921676635742
2013-02-19,39.34214401245117
2013-02-20,39.27958679199219
2013-02-21,38.77921676635742
2013-02-22,38.529022216796875
2013-02-25,39.71741485595703
2013-02-26,38.77921676635742
2013-02-27,38.529022216796875
2013-03-01,38.77921676635742
2013-03-04,37.9035530090332
2013-03-05,37.966102600097656
2013-03-06,37.966102600097656
2013-03-07,39.40467834472656
2013-03-08,38.716670989990234
2013-03-11,39.34214401245117
2013-03-12,38.96685791015625
2013-03-13,38.84175491333008
2013-03-14,38.65412139892578
2013-03-15,38.59157180786133
2013-03-18,37.71591567993164
2013-03-19,37.84100341796875
2013-03-20,37.77845764160156
2013-03-21,37.653358459472656
2013-03-22,37.71591567993164
2013-03-25,37.9035530090332
2013-03-26,38.21628952026367
2013-03-27,37.966102600097656
2013-03-28,38.028648376464844
2013-03-29,39.40467834472656
2013-04-01,38.77921676635742
2013-04-02,38.46647262573242
2013-04-03,38.15373992919922
2013-04-08,36.464969635009766
2013-04-09,36.65261459350586
2013-04-10,36.2773323059082
2013-04-11,36.2773323059082
2013-04-12,35.52676010131836
2013-04-15,35.1514778137207
2013-04-16,35.3391227722168
2013-04-17,35.52676010131836
2013-04-18,35.214027404785156
2013-04-19,35.651859283447266
2013-04-22,35.401668548583984
2013-04-23,35.58930969238281
2013-04-24,36.15223693847656
2013-04-25,35.839500427246094
2013-04-26,37.09043884277344
2013-04-29,37.09043884277344
2013-04-30,36.40242385864258
2013-05-02,36.777706146240234
2013-05-03,36.777706146240234
2013-05-06,36.65261459350586
2013-05-07,36.71516036987305
2013-05-08,36.90279769897461
2013-05-09,36.777706146240234
2013-05-10,37.152992248535156
2013-05-13,36.90279769897461
2013-05-14,36.2773323059082
2013-05-15,36.214786529541016
2013-05-16,36.52750778198242
2013-05-17,36.777706146240234
2013-05-20,36.2773323059082
2013-05-21,36.464969635009766
2013-05-22,38.96685791015625
2013-05-23,39.905059814453125
2013-05-24,39.27958679199219
2013-05-27,39.09195327758789
2013-05-28,39.40467834472656
2013-05-29,39.217041015625
2013-05-30,38.65412139892578
2013-05-31,38.9043083190918
2013-06-03,38.59157180786133
2013-06-04,39.905059814453125
2013-06-05,39.842506408691406
2013-06-06,39.40467834472656
2013-06-07,38.716670989990234
2013-06-10,38.96685791015625
2013-06-11,39.09195327758789
2013-06-13,38.529022216796875
2013-06-14,37.21553421020508
2013-06-17,36.90279769897461
2013-06-18,36.777706146240234
2013-06-19,36.777706146240234
2013-06-20,38.21628952026367
2013-06-21,39.967613220214844
2013-06-24,38.529022216796875
2013-06-25,37.465721130371094
2013-06-26,37.966102600097656
2013-06-27,37.71591567993164
2013-06-28,37.77845764160156
2013-07-01,37.9035530090332
2013-07-02,38.028648376464844
2013-07-03,37.77845764160156
2013-07-04,36.71516036987305
2013-07-05,36.84025955200195
2013-07-08,35.08893585205078
2013-07-09,35.67889404296875
2013-07-10,35.80864334106445
2013-07-11,36.327598571777344
2013-07-12,36.13300323486328
2013-07-15,36.00325012207031
2013-07-16,36.1978645324707
2013-07-17,36.00325012207031
2013-07-18,35.7437629699707
2013-07-19,35.80864334106445
2013-07-22,36.00325012207031
2013-07-23,36.00325012207031
2013-07-24,36.13300323486328
2013-07-25,36.26274108886719
2013-07-26,36.0681266784668
2013-07-29,35.7437629699707
2013-07-30,35.87350845336914
2013-07-31,35.54916763305664
2013-08-01,33.084075927734375
2013-08-02,31.462305068969727
2013-08-05,33.084075927734375
2013-08-06,32.56510543823242
2013-08-07,32.175880432128906
2013-08-08,32.5002326965332
2013-08-09,32.240745544433594
2013-08-12,32.07857131958008
2013-08-13,32.69484329223633
2013-08-14,32.175880432128906
2013-08-15,32.824588775634766
2013-08-16,32.240745544433594
2013-08-19,31.592042922973633
2013-08-20,31.65691566467285
2013-08-22,31.624481201171875
2013-08-23,32.30561828613281
2013-08-26,32.07857131958008
2013-08-27,32.07857131958008
2013-08-28,32.30561828613281
2013-08-29,32.14344024658203
2013-08-30,32.435367584228516
2013-09-02,32.402923583984375
2013-09-03,32.402923583984375
2013-09-04,34.640968322753906
2013-09-05,35.87350845336914
2013-09-06,35.67889404296875
2013-09-09,35.22480010986328
2013-09-10,34.1868782043457
2013-09-11,34.70583724975586
2013-09-12,34.31661605834961
2013-09-13,33.86251449584961
2013-09-16,34.05713653564453
2013-09-17,33.60303497314453
2013-09-18,33.60303497314453
2013-09-23,33.60303497314453
2013-09-24,34.511226654052734
2013-09-25,34.44635009765625
2013-09-26,33.927398681640625
2013-09-27,33.927398681640625
2013-09-30,34.251739501953125
2013-10-01,33.66790771484375
2013-10-02,33.34355163574219
2013-10-03,33.53816223144531
2013-10-04,33.60303497314453
2013-10-07,33.53816223144531
2013-10-08,35.41941833496094
2013-10-09,34.3814811706543
2013-10-11,33.797645568847656
2013-10-14,33.1489372253418
2013-10-15,34.3814811706543
2013-10-16,34.05713653564453
2013-10-17,33.66790771484375
2013-10-18,33.99226379394531
2013-10-21,35.03019332885742
2013-10-22,34.511226654052734
2013-10-23,34.1868782043457
2013-10-24,35.09505844116211
2013-10-25,37.49528121948242
2013-10-28,38.338600158691406
2013-10-29,40.28472137451172
2013-10-30,39.89549255371094
2013-10-31,40.09010696411133
2013-11-01,38.40346908569336
2013-11-04,39.24679183959961
2013-11-05,38.6629524230957
2013-11-06,40.21985626220703
2013-11-07,40.21985626220703
2013-11-08,39.571144104003906
2013-11-11,39.89549255371094
2013-11-12,38.01424789428711
2013-11-13,35.61402893066406
2013-11-14,36.781707763671875
2013-11-15,37.30066680908203
2013-11-18,38.27372741699219
2013-11-19,38.27372741699219
2013-11-20,39.83062744140625
2013-11-21,39.24679183959961
2013-11-22,38.987308502197266
2013-11-25,39.63601303100586
2013-11-26,40.80369186401367
2013-11-27,40.73881530761719
2013-11-28,41.647003173828125
2013-11-29,42.16596984863281
2013-12-02,45.08515548706055
2013-12-03,45.79873275756836
2013-12-04,45.279762268066406
2013-12-05,45.79873275756836
2013-12-06,46.70692825317383
2013-12-09,48.78279113769531
2013-12-10,48.00434112548828
2013-12-11,46.90153884887695
2013-12-12,46.70692825317383
2013-12-13,47.031272888183594
2013-12-16,45.9284782409668
2013-12-17,46.187957763671875
2013-12-18,46.05821228027344
2013-12-19,48.847652435302734
2013-12-20,48.97739791870117
2013-12-23,51.44248580932617
2013-12-24,51.89657974243164
2013-12-25,51.572227478027344
2013-12-26,51.76685333251953
2013-12-27,52.09119415283203
2013-12-30,52.80476760864258
2013-12-31,52.350685119628906
2014-01-02,52.15606689453125
2014-01-03,51.37760925292969
2014-01-06,51.89657974243164
2014-01-07,52.4155387878418
2014-01-08,55.52934265136719
2014-01-09,56.50240707397461
2014-01-10,55.788822174072266
2014-01-13,56.89162063598633
2014-01-14,56.76188659667969
2014-01-15,56.24292755126953
2014-01-16,55.594207763671875
2014-01-17,56.11317443847656
2014-01-20,56.50240707397461
2014-01-21,55.85369110107422
2014-01-22,55.788822174072266
2014-01-23,55.9185676574707
2014-01-24,55.14012908935547
2014-01-27,53.193992614746094
2014-02-05,52.350685119628906
2014-02-06,52.5452880859375
2014-02-07,53.972442626953125
2014-02-10,53.71297073364258
2014-02-11,55.010372161865234
2014-02-12,55.26987075805664
2014-02-13,54.815757751464844
2014-02-14,54.29679870605469
2014-02-17,53.648094177246094
2014-02-18,53.193992614746094
2014-02-19,53.12912368774414
2014-02-20,53.51834487915039
2014-02-21,53.12912368774414
2014-02-24,53.193992614746094
2014-02-25,53.193992614746094
2014-02-26,53.25886535644531
2014-02-27,53.193992614746094
2014-03-03,52.4155387878418
2014-03-04,52.350685119628906
2014-03-05,52.73990249633789
2014-03-06,52.48041534423828
2014-03-07,51.89657974243164
2014-03-10,51.24787902832031
2014-03-11,52.5452880859375
2014-03-12,52.350685119628906
2014-03-13,55.98343276977539
2014-03-14,59.875675201416016
2014-03-17,64.02739715576172
2014-03-18,66.16815185546875
2014-03-19,64.48149108886719
2014-03-20,61.173099517822266
2014-03-21,63.89767837524414
2014-03-24,68.11427307128906
2014-03-25,71.6821517944336
2014-03-26,75.57440185546875
2014-03-27,75.89874267578125
2014-03-28,77.19615936279297
2014-03-31,77.8448715209961
2014-04-01,79.79098510742188
2014-04-02,80.7640609741211
2014-04-03,81.41276550292969
2014-04-07,80.7640609741211
2014-04-08,80.43971252441406
2014-04-09,81.73711395263672
2014-04-10,79.79098510742188
2014-04-11,75.89874267578125
2014-04-14,76.54745483398438
2014-04-15,74.60133361816406
2014-04-16,74.60133361816406
2014-04-17,74.27698516845703
2014-04-18,72.33085632324219
2014-04-21,72.33085632324219
2014-04-22,77.19615936279297
2014-04-23,73.30391693115234
2014-04-24,73.30391693115234
2014-04-25,72.97956085205078
2014-04-28,69.73602294921875
2014-04-29,70.7090835571289
2014-04-30,65.84379577636719
2014-05-02,67.7899169921875
2014-05-05,67.4655532836914
2014-05-06,66.16815185546875
2014-05-07,66.16815185546875
2014-05-08,70.7090835571289
2014-05-09,68.11427307128906
2014-05-12,67.4655532836914
2014-05-13,66.16815185546875
2014-05-14,69.73602294921875
2014-05-15,69.08732604980469
2014-05-16,72.33085632324219
2014-05-19,73.95262145996094
2014-05-20,73.62828063964844
2014-05-21,72.97956085205078
2014-05-22,73.95262145996094
2014-05-23,72.97956085205078
2014-05-26,72.97956085205078
2014-05-27,73.62828063964844
2014-05-28,75.89874267578125
2014-05-29,74.60133361816406
2014-05-30,73.30391693115234
2014-06-03,73.30391693115234
2014-06-04,78.16922760009766
2014-06-05,82.38581848144531
2014-06-06,80.7640609741211
2014-06-09,82.71017456054688
2014-06-10,85.62935638427734
2014-06-11,84.33193969726562
2014-06-12,81.08841705322266
2014-06-13,82.71017456054688
2014-06-16,83.35887908935547
2014-06-17,83.35887908935547
2014-06-18,79.14228820800781
2014-06-19,81.41276550292969
2014-06-20,79.79098510742188
2014-06-23,74.9256820678711
2014-06-24,73.62828063964844
2014-06-25,75.89874267578125
2014-06-26,75.89874267578125
2014-06-27,75.89874267578125
2014-06-30,73.95262145996094
2014-07-01,73.30391693115234
2014-07-02,71.03345489501953
2014-07-03,69.83626556396484
2014-07-04,72.49667358398438
2014-07-07,71.83157348632812
2014-07-08,72.8292465209961
2014-07-09,73.16178131103516
2014-07-10,71.49901580810547
2014-07-11,67.8409423828125
2014-07-14,63.118656158447266
2014-07-15,63.71726608276367
2014-07-16,62.852622985839844
2014-07-17,58.52942657470703
2014-07-18,59.327571868896484
2014-07-21,58.19688034057617
2014-07-22,59.061519622802734
2014-07-23,59.061519622802734
2014-07-24,60.12569808959961
2014-07-25,58.9950065612793
2014-07-28,57.46526336669922
2014-07-29,55.8690071105957
2014-07-30,56.93317794799805
2014-07-31,59.59360122680664
2014-08-01,58.86198043823242
2014-08-04,59.19454574584961
2014-08-05,57.997344970703125
2014-08-06,56.33457946777344
2014-08-07,55.93551254272461
2014-08-08,54.60529708862305
2014-08-11,57.199214935302734
2014-08-12,58.92849349975586
2014-08-13,60.59125518798828
2014-08-14,59.59360122680664
2014-08-15,59.39406967163086
2014-08-18,58.79547882080078
2014-08-19,58.79547882080078
2014-08-20,58.9950065612793
2014-08-21,56.00202560424805
2014-08-22,57.199214935302734
2014-08-25,61.189849853515625
2014-08-26,61.921485900878906
2014-08-27,61.52241516113281
2014-08-28,61.85496139526367
2014-08-29,62.52008819580078
2014-09-01,62.387062072753906
2014-09-02,59.72661590576172
2014-09-03,59.061519622802734
2014-09-04,58.79547882080078
2014-09-05,58.595947265625
2014-09-09,58.26338577270508
2014-09-10,56.135047912597656
2014-09-11,54.9378547668457
2014-09-12,53.20857238769531
2014-09-15,51.94486999511719
2014-09-16,52.210914611816406
2014-09-17,52.210914611816406
2014-09-18,53.940185546875
2014-09-19,53.607635498046875
2014-09-22,52.476951599121094
2014-09-23,52.34392547607422
2014-09-24,52.74300003051758
2014-09-25,51.878353118896484
2014-09-26,51.21324920654297
2014-09-29,51.01371765136719
2014-09-30,49.61699295043945
2014-10-01,50.08256912231445
2014-10-02,50.348609924316406
2014-10-03,53.807167053222656
2014-10-06,54.53878402709961
2014-10-07,52.942535400390625
2014-10-08,51.21324920654297
2014-10-09,51.41279220581055
2014-10-13,47.82120895385742
2014-10-14,47.75469970703125
2014-10-15,46.224952697753906
2014-10-16,45.69286346435547
2014-10-17,43.16545486450195
2014-10-20,44.628684997558594
2014-10-21,45.293800354003906
2014-10-22,45.95890426635742
2014-10-23,45.49332809448242
2014-10-24,44.296138763427734
2014-10-27,41.23664855957031
2014-10-28,42.23430633544922
2014-10-29,45.16077423095703
2014-10-30,44.96125030517578
2014-10-31,45.227291107177734
2014-11-03,46.15843200683594
2014-11-04,45.559837341308594
2014-11-05,45.293800354003906
2014-11-06,43.963584899902344
2014-11-07,44.495670318603516
2014-11-10,44.6952018737793
2014-11-11,44.56218338012695
2014-11-12,44.030094146728516
2014-11-13,43.76405334472656
2014-11-14,43.69754409790039
2014-11-17,43.29847717285156
2014-11-18,42.16779327392578
2014-11-19,41.90175247192383
2014-11-20,43.36498260498047
2014-11-21,43.69754409790039
2014-11-24,43.69754409790039
2014-11-25,44.56218338012695
2014-11-26,47.023075103759766
2014-11-27,46.5575065612793
2014-11-28,45.825889587402344
2014-12-01,45.69286346435547
2014-12-02,45.227291107177734
2014-12-03,46.956565856933594
2014-12-04,50.21559143066406
2014-12-05,51.878353118896484
2014-12-08,51.01371765136719
2014-12-09,49.217933654785156
2014-12-10,49.217933654785156
2014-12-11,50.348609924316406
2014-12-12,50.88069534301758
2014-12-15,50.282100677490234
2014-12-16,49.48396682739258
2014-12-17,48.885379791259766
2014-12-18,48.4197998046875
2014-12-19,48.08725357055664
2014-12-22,48.61933898925781
2014-12-23,50.14908218383789
2014-12-24,50.282100677490234
2014-12-25,49.88304138183594
2014-12-26,50.21559143066406
2014-12-29,49.55048370361328
2014-12-30,50.415122985839844
2014-12-31,50.48163986206055
2015-01-05,50.282100677490234
2015-01-06,49.61699295043945
2015-01-07,49.61699295043945
2015-01-08,49.61699295043945
2015-01-09,50.88069534301758
2015-01-12,50.21559143066406
2015-01-13,50.21559143066406
2015-01-14,50.348609924316406
2015-01-15,52.609962463378906
2015-01-16,50.947200775146484
2015-01-19,49.217933654785156
2015-01-20,50.08256912231445
2015-01-21,50.81419372558594
2015-01-22,52.210914611816406
2015-01-23,51.878353118896484
2015-01-26,51.878353118896484
2015-01-27,51.745338439941406
2015-01-28,51.745338439941406
2015-01-29,51.01371765136719
2015-01-30,50.54814910888672
2015-02-02,50.415122985839844
2015-02-03,49.949546813964844
2015-02-04,50.01606369018555
2015-02-05,49.68350601196289
2015-02-06,49.217933654785156
2015-02-09,49.41746520996094
2015-02-10,48.353294372558594
2015-02-11,47.88772201538086
2015-02-12,47.023075103759766
2015-02-13,47.48865509033203
2015-02-24,47.55515670776367
2015-02-25,47.88772201538086
2015-02-26,48.22026443481445
2015-03-02,47.55515670776367
2015-03-03,47.68819046020508
2015-03-04,48.0207405090332
2015-03-05,48.0207405090332
2015-03-06,49.284446716308594
2015-03-09,48.81886291503906
2015-03-10,48.353294372558594
2015-03-11,48.22026443481445
2015-03-12,48.486305236816406
2015-03-13,48.15375518798828
2015-03-16,47.88772201538086
2015-03-17,49.55048370361328
2015-03-18,49.350955963134766
2015-03-19,50.48163986206055
2015-03-20,50.282100677490234
2015-03-23,49.55048370361328
2015-03-24,49.08491134643555
2015-03-25,48.486305236816406
2015-03-26,48.68584060668945
2015-03-27,47.82120895385742
2015-03-30,47.15608596801758
2015-03-31,47.68819046020508
2015-04-01,47.22260665893555
2015-04-02,47.0895881652832
2015-04-07,47.22260665893555
2015-04-08,47.15608596801758
2015-04-09,46.6240119934082
2015-04-10,45.559837341308594
2015-04-13,46.025413513183594
2015-04-14,46.6240119934082
2015-04-15,46.69052505493164
2015-04-16,46.49099349975586
2015-04-17,45.75937271118164
2015-04-20,45.09426498413086
2015-04-21,43.963584899902344
2015-04-22,44.89472961425781
2015-04-23,45.227291107177734
2015-04-24,45.02775192260742
2015-04-27,45.02775192260742
2015-04-28,44.495670318603516
2015-04-29,44.163116455078125
2015-04-30,44.76171112060547
2015-05-04,44.030094146728516
2015-05-05,43.76405334472656
2015-05-06,44.6952018737793
2015-05-07,44.296138763427734
2015-05-08,43.63103103637695
2015-05-11,40.63804626464844
2015-05-12,40.57154083251953
2015-05-13,40.63804626464844
2015-05-14,39.906429290771484
2015-05-15,39.97294235229492
2015-05-18,38.57622146606445
2015-05-19,38.7757453918457
2015-05-20,39.2413215637207
2015-05-21,39.04179382324219
2015-05-22,39.57387924194336
2015-05-25,39.440853118896484
2015-05-26,39.440853118896484
2015-05-27,39.97294235229492
2015-05-28,41.43617630004883
2015-05-29,41.037113189697266
2015-06-01,39.906429290771484
2015-06-02,39.906429290771484
2015-06-03,39.30783462524414
2015-06-04,38.04412841796875
2015-06-05,37.91110610961914
2015-06-08,36.71392059326172
2015-06-09,33.2553596496582
2015-06-10,34.38603591918945
2015-06-11,34.65208053588867
2015-06-12,35.782772064208984
2015-06-15,36.58089065551758
2015-06-16,35.58323287963867
2015-06-17,35.649742126464844
2015-06-18,36.38136672973633
2015-06-22,36.84693908691406
2015-06-23,36.447879791259766
2015-06-24,35.91578674316406
2015-06-25,36.314857482910156
2015-06-26,36.780426025390625
2015-06-29,35.91578674316406
2015-06-30,36.18183517456055
2015-07-01,36.58089065551758
2015-07-02,37.79549026489258
2015-07-03,37.29536437988281
2015-07-06,37.00957107543945
2015-07-07,37.08102035522461
2015-07-08,35.22340393066406
2015-07-09,35.61635971069336
2015-07-10,35.61635971069336
2015-07-13,37.08102035522461
2015-07-14,36.08076095581055
2015-07-15,36.93812561035156
2015-07-16,36.93812561035156
2015-07-17,36.93812561035156
2015-07-20,35.9378662109375
2015-07-21,35.61635971069336
2015-07-22,35.509185791015625
2015-07-23,34.86616516113281
2015-07-24,35.009056091308594
2015-07-27,31.54388427734375
2015-07-28,32.93708801269531
2015-07-29,32.72275924682617
2015-07-30,32.43696594238281
2015-07-31,31.436708450317383
2015-08-03,31.008018493652344
2015-08-04,30.365007400512695
2015-08-05,30.186382293701172
2015-08-06,29.3647403717041
2015-08-07,30.007761001586914
2015-08-10,30.865129470825195
2015-08-11,30.293550491333008
2015-08-12,29.936315536499023
2015-08-13,31.079469680786133
2015-08-14,30.722230911254883
2015-08-17,30.007761001586914
2015-08-18,30.222105026245117
2015-08-19,29.900590896606445
2015-08-20,30.007761001586914
2015-08-21,28.6502742767334
2015-08-24,26.435413360595703
2015-08-25,26.72119903564453
2015-08-26,27.435670852661133
2015-08-27,28.936058044433594
2015-08-28,29.721975326538086
2015-08-31,29.97203826904297
2015-09-01,29.97203826904297
2015-09-02,30.222105026245117
2015-09-03,31.079469680786133
2015-09-04,31.079469680786133
2015-09-07,30.793684005737305
2015-09-08,31.18663787841797
2015-09-09,32.00828552246094
2015-09-10,32.687034606933594
2015-09-11,33.008544921875
2015-09-14,32.25834655761719
2015-09-15,32.04400634765625
2015-09-16,32.222618103027344
2015-09-17,32.86564254760742
2015-09-18,33.008544921875
2015-09-21,31.936830520629883
2015-09-22,32.11545181274414
2015-09-23,31.722490310668945
2015-09-24,31.22236442565918
2015-09-25,31.436708450317383
2015-09-29,31.436708450317383
2015-09-30,31.936830520629883
2015-10-01,32.65130615234375
2015-10-02,32.544132232666016
2015-10-05,33.437225341796875
2015-10-06,32.93708801269531
2015-10-07,33.50867462158203
2015-10-08,32.829925537109375
2015-10-12,32.829925537109375
2015-10-13,32.79420471191406
2015-10-14,32.758480072021484
2015-10-15,32.86564254760742
2015-10-16,33.50867462158203
2015-10-19,33.58012008666992
2015-10-20,34.473209381103516
2015-10-21,34.115966796875
2015-10-22,33.865909576416016
2015-10-23,33.72301483154297
2015-10-26,34.22314453125
2015-10-27,33.937355041503906
2015-10-28,32.901371002197266
2015-10-29,32.901371002197266
2015-10-30,32.579864501953125
2015-11-02,32.43696594238281
2015-11-03,33.151432037353516
2015-11-04,33.22288513183594
2015-11-05,33.58012008666992
2015-11-06,32.5084114074707
2015-11-09,32.5084114074707
2015-11-10,32.829925537109375
2015-11-11,32.15117645263672
2015-11-12,31.7939395904541
2015-11-13,31.079469680786133
2015-11-16,30.722230911254883
2015-11-17,31.400981903076172
2015-11-18,31.115196228027344
2015-11-19,31.686771392822266
2015-11-20,31.329532623291016
2015-11-23,31.115196228027344
2015-11-24,30.615066528320312
2015-11-25,30.043487548828125
2015-11-26,30.079212188720703
2015-11-27,29.650531768798828
2015-11-30,29.114675521850586
2015-12-01,29.8648681640625
2015-12-02,29.8648681640625
2015-12-03,30.222105026245117
2015-12-04,29.8648681640625
2015-12-07,32.829925537109375
2015-12-08,34.18741989135742
2015-12-09,32.79420471191406
2015-12-10,33.865909576416016
2015-12-11,33.294334411621094
2015-12-14,33.079986572265625
2015-12-15,32.86564254760742
2015-12-16,32.65130615234375
2015-12-17,33.794456481933594
2015-12-18,33.294334411621094
2015-12-21,33.187156677246094
2015-12-22,32.61558532714844
2015-12-23,32.1869010925293
2015-12-24,31.686771392822266
2015-12-25,31.936830520629883
2015-12-28,32.15117645263672
2015-12-29,31.86539649963379
2015-12-30,31.651044845581055
2015-12-31,31.61532211303711
2016-01-04,30.47216796875
2016-01-05,30.186382293701172
2016-01-06,29.97203826904297
2016-01-07,28.257308959960938
2016-01-08,28.721717834472656
2016-01-11,28.364479064941406
2016-01-12,27.507118225097656
2016-01-13,27.72146224975586
2016-01-14,27.757183074951172
2016-01-15,27.93580436706543
2016-01-18,28.435930252075195
2016-01-19,29.078950881958008
2016-01-20,28.364479064941406
2016-01-21,28.435930252075195
2016-01-22,28.721717834472656
2016-01-25,29.221845626831055
2016-01-26,28.578824996948242
2016-01-27,28.435930252075195
2016-01-28,28.61454963684082
2016-01-29,29.114675521850586
2016-02-01,29.078950881958008
2016-02-02,29.007503509521484
2016-02-03,28.936058044433594
2016-02-15,29.114675521850586
2016-02-16,29.507638931274414
2016-02-17,29.614805221557617
2016-02-18,31.079469680786133
2016-02-19,32.2940788269043
2016-02-22,31.722490310668945
2016-02-23,31.936830520629883
2016-02-24,31.579607009887695
2016-02-25,31.61532211303711
2016-02-26,31.579607009887695
2016-03-01,34.723270416259766
2016-03-02,33.794456481933594
2016-03-03,33.615848541259766
2016-03-04,33.65155792236328
2016-03-07,33.937355041503906
2016-03-08,33.50867462158203
2016-03-09,33.365779876708984
2016-03-10,33.615848541259766
2016-03-11,34.08024978637695
2016-03-14,33.758731842041016
2016-03-15,32.544132232666016
2016-03-16,32.86564254760742
2016-03-17,32.86564254760742
2016-03-18,33.008544921875
2016-03-21,33.937355041503906
2016-03-22,33.58012008666992
2016-03-23,33.58012008666992
2016-03-24,33.58012008666992
2016-03-25,33.365779876708984
2016-03-28,32.579864501953125
2016-03-29,32.15117645263672
2016-03-30,32.43696594238281
2016-03-31,32.401241302490234
2016-04-01,32.93708801269531
2016-04-06,32.00828552246094
2016-04-07,32.00828552246094
2016-04-08,32.11545181274414
2016-04-11,31.829662322998047
2016-04-12,31.293813705444336
2016-04-13,31.579607009887695
2016-04-14,31.651044845581055
2016-04-15,31.901107788085938
2016-04-18,31.472427368164062
2016-04-19,31.61532211303711
2016-04-20,31.329532623291016
2016-04-21,31.22236442565918
2016-04-22,30.257831573486328
2016-04-25,30.365007400512695
2016-04-26,30.40072250366211
2016-04-27,30.15065574645996
2016-04-28,30.15065574645996
2016-04-29,29.721975326538086
2016-05-03,29.150402069091797
2016-05-04,29.221845626831055
2016-05-05,29.078950881958008
2016-05-06,28.721717834472656
2016-05-09,28.721717834472656
2016-05-10,28.721717834472656
2016-05-11,28.68599510192871
2016-05-12,28.435930252075195
2016-05-13,28.29303741455078
2016-05-16,28.86461067199707
2016-05-17,28.86461067199707
2016-05-18,28.721717834472656
2016-05-19,28.50737762451172
2016-05-20,28.86461067199707
2016-05-23,29.293291091918945
2016-05-24,29.293291091918945
2016-05-25,29.829147338867188
2016-05-26,29.221845626831055
2016-05-27,29.614805221557617
2016-05-30,29.650531768798828
2016-05-31,29.900590896606445
2016-06-01,31.936830520629883
2016-06-02,31.54388427734375
2016-06-03,31.579607009887695
2016-06-06,30.82940673828125
2016-06-07,30.722230911254883
2016-06-08,31.22236442565918
2016-06-13,30.15065574645996
2016-06-14,30.50789451599121
2016-06-15,30.079212188720703
2016-06-16,30.043487548828125
2016-06-17,30.079212188720703
2016-06-20,30.11493682861328
2016-06-21,30.11493682861328
2016-06-22,30.579334259033203
2016-06-23,30.365007400512695
2016-06-24,29.3647403717041
2016-06-27,29.329015731811523
2016-06-28,29.650531768798828
2016-06-29,29.614805221557617
2016-06-30,29.757707595825195
2016-07-01,29.757707595825195
2016-07-04,30.15065574645996
2016-07-05,30.15065574645996
2016-07-06,29.793420791625977
2016-07-07,30.079212188720703
2016-07-08,30.079212188720703
2016-07-11,30.293550491333008
2016-07-12,31.61532211303711
2016-07-13,31.365262985229492
2016-07-14,34.47147750854492
2016-07-15,35.03968811035156
2016-07-18,34.698768615722656
2016-07-19,36.592803955078125
2016-07-20,36.2139892578125
2016-07-21,37.84286880493164
2016-07-22,38.259552001953125
2016-07-25,37.35042190551758
2016-07-26,37.5019416809082
2016-07-27,36.592803955078125
2016-07-28,36.782203674316406
2016-07-29,36.441280364990234
2016-08-01,37.53982162475586
2016-08-02,41.29001235961914
2016-08-03,43.94166564941406
2016-08-04,47.426692962646484
2016-08-05,47.426692962646484
2016-08-08,48.71464157104492
2016-08-09,45.608421325683594
2016-08-10,45.53266143798828
2016-08-11,44.69927978515625
2016-08-12,44.92656326293945
2016-08-15,44.24470901489258
2016-08-16,43.032527923583984
2016-08-17,44.85080337524414
2016-08-18,44.85080337524414
2016-08-19,44.168949127197266
2016-08-22,44.547760009765625
2016-08-23,46.36603546142578
2016-08-24,45.75994110107422
2016-08-25,46.13874816894531
2016-08-26,46.744834899902344
2016-08-29,46.744834899902344
2016-08-30,45.987220764160156
2016-08-31,46.896366119384766
2016-09-01,46.2902717590332
2016-09-02,43.71438217163086
2016-09-05,44.69927978515625
2016-09-06,45.91146469116211
2016-09-07,45.987220764160156
2016-09-08,46.44179916381836
2016-09-09,45.987220764160156
2016-09-12,43.94166564941406
2016-09-13,43.56285858154297
2016-09-14,43.71438217163086
2016-09-19,44.320465087890625
2016-09-20,44.168949127197266
2016-09-21,43.94166564941406
2016-09-22,44.547760009765625
2016-09-23,43.94166564941406
2016-09-26,43.63862228393555
2016-09-27,43.63862228393555
2016-09-28,43.63862228393555
2016-09-29,43.18405532836914
2016-09-30,42.577964782714844
2016-10-03,42.805240631103516
2016-10-04,43.41133117675781
2016-10-05,43.86590576171875
2016-10-06,43.41133117675781
2016-10-07,42.65372085571289
2016-10-11,40.380882263183594
2016-10-12,40.229347229003906
2016-10-13,39.09292984008789
2016-10-14,39.09292984008789
2016-10-17,39.09292984008789
2016-10-18,38.941410064697266
2016-10-19,38.78988265991211
2016-10-20,39.62326431274414
2016-10-21,39.77478790283203
2016-10-24,38.78988265991211
2016-10-25,38.941410064697266
2016-10-26,38.78988265991211
2016-10-27,38.108028411865234
2016-10-28,38.108028411865234
2016-10-31,37.426177978515625
2016-11-01,37.426177978515625
2016-11-02,36.592803955078125
2016-11-03,35.41850662231445
2016-11-04,35.03968811035156
2016-11-07,35.645790100097656
2016-11-08,35.11545181274414
2016-11-09,33.183536529541016
2016-11-10,34.28207015991211
2016-11-11,33.638099670410156
2016-11-14,33.259300231933594
2016-11-15,34.13055419921875
2016-11-16,33.9411506652832
2016-11-17,33.86538314819336
2016-11-18,33.75174331665039
2016-11-21,33.448707580566406
2016-11-22,34.39571762084961
2016-11-23,36.74432373046875
2016-11-24,36.2139892578125
2016-11-25,36.1003532409668
2016-11-28,36.592803955078125
2016-11-29,36.2139892578125
2016-11-30,36.28976058959961
2016-12-01,36.40339660644531
2016-12-02,36.28976058959961
2016-12-05,36.479156494140625
2016-12-06,36.36552047729492
2016-12-07,36.857967376708984
2016-12-08,36.63068389892578
2016-12-09,36.74432373046875
2016-12-12,36.74432373046875
2016-12-13,36.40339660644531
2016-12-14,36.51704025268555
2016-12-15,36.857967376708984
2016-12-16,36.40339660644531
2016-12-19,36.63068389892578
2016-12-20,36.97161102294922
2016-12-21,36.89584732055664
2016-12-22,36.28976058959961
2016-12-23,36.25187683105469
2016-12-26,36.176109313964844
2016-12-27,35.835182189941406
2016-12-28,35.87306594848633
2016-12-29,35.98670959472656
2016-12-30,35.98670959472656
2017-01-03,36.32763671875
2017-01-04,36.74432373046875
2017-01-05,39.69902420043945
2017-01-06,38.941410064697266
2017-01-09,37.76710510253906
2017-01-10,37.8807487487793
2017-01-11,37.65346145629883
2017-01-12,37.956512451171875
2017-01-13,37.729217529296875
2017-01-16,37.8807487487793
2017-01-17,37.956512451171875
2017-01-18,37.8807487487793
2017-01-19,37.65346145629883
2017-01-20,37.69134521484375
2017-01-23,37.956512451171875
2017-01-24,37.38829040527344
2017-02-02,38.562599182128906
2017-02-03,38.638362884521484
2017-02-06,38.638362884521484
2017-02-07,41.138484954833984
2017-02-08,42.95677185058594
2017-02-09,42.65372085571289
2017-02-10,42.88100051879883
2017-02-13,43.48710250854492
2017-02-14,42.2749137878418
2017-02-15,42.805240631103516
2017-02-16,44.09318923950195
2017-02-17,44.47200012207031
2017-02-20,44.168949127197266
2017-02-21,43.48710250854492
2017-02-22,44.168949127197266
2017-02-23,43.94166564941406
2017-02-24,43.79014587402344
2017-03-01,42.95677185058594
2017-03-02,44.01742935180664
2017-03-03,44.01742935180664
2017-03-06,44.01742935180664
2017-03-07,43.94166564941406
2017-03-08,44.09318923950195
2017-03-09,43.25981140136719
2017-03-10,43.18405532836914
2017-03-13,43.18405532836914
2017-03-14,43.335567474365234
2017-03-15,47.65398406982422
2017-03-16,49.8510627746582
2017-03-17,49.47225570678711
2017-03-20,51.972389221191406
2017-03-21,55.15436553955078
2017-03-22,54.927085876464844
2017-03-23,52.80575942993164
2017-03-24,53.033050537109375
2017-03-27,50.608673095703125
2017-03-28,50.38138961791992
2017-03-29,49.69954299926758
2017-03-30,49.24496841430664
2017-03-31,48.26007080078125
2017-04-05,52.27543640136719
2017-04-06,51.21477508544922
2017-04-07,51.21477508544922
2017-04-10,53.56337356567383
2017-04-11,50.078346252441406
2017-04-12,49.54801559448242
2017-04-13,49.926822662353516
2017-04-14,46.062992095947266
2017-04-17,47.95702362060547
2017-04-18,49.77531051635742
2017-04-19,49.24496841430664
2017-04-20,48.108551025390625
2017-04-21,48.48735809326172
2017-04-24,47.04788589477539
2017-04-25,51.138999938964844
2017-04-26,52.9572868347168
2017-04-27,53.41184616088867
2017-04-28,53.033050537109375
2017-05-02,52.9572868347168
2017-05-03,54.927085876464844
2017-05-04,53.48761749267578
2017-05-05,52.123905181884766
2017-05-08,51.138999938964844
2017-05-09,51.138999938964844
2017-05-10,53.033050537109375
2017-05-11,52.123905181884766
2017-05-12,52.9572868347168
2017-05-15,52.88152313232422
2017-05-16,52.04814529418945
2017-05-17,51.66933822631836
2017-05-18,51.59357452392578
2017-05-19,51.290531158447266
2017-05-22,51.44205093383789
2017-05-23,50.684444427490234
2017-05-24,50.83595657348633
2017-05-25,52.80575942993164
2017-05-26,52.65423583984375
2017-05-31,52.351192474365234
2017-06-01,54.16946792602539
2017-06-02,58.63938903808594
2017-06-05,60.609195709228516
2017-06-06,60.07886505126953
2017-06-07,61.3668098449707
2017-06-08,62.12441635131836
2017-06-09,61.13953399658203
2017-06-12,62.351707458496094
2017-06-13,63.866943359375
2017-06-14,61.291046142578125
2017-06-15,62.88204574584961
2017-06-16,62.73051834106445
2017-06-19,61.44257354736328
2017-06-20,61.21528244018555
2017-06-21,61.291046142578125
2017-06-22,64.77607727050781
2017-06-23,63.41236114501953
2017-06-26,62.12441635131836
2017-06-27,61.594093322753906
2017-06-28,61.594093322753906
2017-06-29,59.54854202270508
2017-06-30,60.9122428894043
2017-07-03,60.23038864135742
2017-07-04,58.715152740478516
2017-07-05,57.42721176147461
2017-07-06,57.57874298095703
2017-07-07,57.03407287597656
2017-07-10,54.9332275390625
2017-07-11,55.01103591918945
2017-07-12,56.17817306518555
2017-07-13,57.423118591308594
2017-07-14,55.71131896972656
2017-07-17,52.98800277709961
2017-07-18,53.92170333862305
2017-07-19,54.69979476928711
2017-07-20,54.31075668334961
2017-07-21,54.3885612487793
2017-07-24,53.766082763671875
2017-07-25,59.134918212890625
2017-07-26,60.691097259521484
2017-07-27,59.990814208984375
2017-07-28,59.91300964355469
2017-07-31,59.67958450317383
2017-08-01,59.21272277832031
2017-08-02,58.823673248291016
2017-08-03,58.97930145263672
2017-08-04,59.29053497314453
2017-08-07,58.12340545654297
2017-08-08,55.08884048461914
2017-08-09,53.92170333862305
2017-08-10,52.443336486816406
2017-08-11,52.6767578125
2017-08-14,49.2531623840332
2017-08-15,48.94192886352539
2017-08-16,50.031253814697266
2017-08-17,51.19839859008789
2017-08-18,50.5759162902832
2017-08-21,51.120582580566406
2017-08-22,50.887149810791016
2017-08-23,50.887149810791016
2017-08-24,52.91018295288086
2017-08-25,51.820858001708984
2017-08-28,51.665245056152344
2017-08-29,51.04277420043945
2017-08-30,51.120582580566406
2017-08-31,50.887149810791016
2017-09-01,50.731536865234375
2017-09-04,49.564395904541016
2017-09-05,54.3885612487793
2017-09-06,53.454856872558594
2017-09-07,53.0658073425293
2017-09-08,56.02255630493164
2017-09-11,56.56721496582031
2017-09-12,56.17817306518555
2017-09-13,55.40007781982422
2017-09-14,58.43463897705078
2017-09-15,57.189697265625
2017-09-18,57.03407287597656
2017-09-19,58.279022216796875
2017-09-20,58.279022216796875
2017-09-21,59.21272277832031
2017-09-22,59.29053497314453
2017-09-25,59.990814208984375
2017-09-26,55.01103591918945
2017-09-27,56.72283172607422
2017-09-28,56.489410400390625
2017-09-29,55.40007781982422
2017-10-02,60.30205154418945
2017-10-03,60.7689094543457
2017-10-05,60.691097259521484
2017-10-06,59.523963928222656
2017-10-11,61.1579475402832
2017-10-12,62.24728775024414
2017-10-13,61.70262145996094
2017-10-16,61.080142974853516
2017-10-17,59.990814208984375
2017-10-18,62.32508850097656
2017-10-19,63.72564697265625
2017-10-20,63.570045471191406
2017-10-23,62.869747161865234
2017-10-24,62.40290069580078
2017-10-25,60.53548049926758
2017-10-26,61.62480545043945
2017-10-27,59.44615173339844
2017-10-30,58.74587631225586
2017-10-31,60.14643478393555
2017-11-01,59.990814208984375
2017-11-02,58.90149688720703
2017-11-03,58.90149688720703
2017-11-06,58.201210021972656
2017-11-07,57.50092315673828
2017-11-08,55.94474411010742
2017-11-09,56.100364685058594
2017-11-10,55.633514404296875
2017-11-13,54.077327728271484
2017-11-14,54.077327728271484
2017-11-15,54.232940673828125
2017-11-16,55.633514404296875
2017-11-17,55.71131896972656
2017-11-20,55.322265625
2017-11-21,55.47788619995117
2017-11-22,54.777610778808594
2017-11-23,55.08884048461914
2017-11-24,55.40007781982422
2017-11-27,56.17817306518555
2017-11-28,56.80065155029297
2017-11-29,55.86693572998047
2017-11-30,54.544185638427734
2017-12-01,53.766082763671875
2017-12-04,53.68827819824219
2017-12-05,53.92170333862305
2017-12-06,53.29924011230469
2017-12-07,52.28771209716797
2017-12-08,53.221431732177734
2017-12-11,54.466373443603516
2017-12-12,54.232940673828125
2017-12-13,53.68827819824219
2017-12-14,54.15513610839844
2017-12-15,53.68827819824219
2017-12-18,53.454856872558594
2017-12-19,52.91018295288086
2017-12-20,53.29924011230469
2017-12-21,53.68827819824219
2017-12-22,53.0658073425293
2017-12-25,51.58743667602539
2017-12-26,50.9649658203125
2017-12-27,51.665245056152344
2017-12-28,52.132102966308594
2017-12-29,51.89867401123047
2018-01-02,52.91018295288086
2018-01-03,53.221431732177734
2018-01-04,56.411598205566406
2018-01-05,55.633514404296875
2018-01-08,54.9332275390625
2018-01-09,54.544185638427734
2018-01-10,53.68827819824219
2018-01-11,53.84389877319336
2018-01-12,54.466373443603516
2018-01-15,54.077327728271484
2018-01-16,53.766082763671875
2018-01-17,54.15513610839844
2018-01-18,55.01103591918945
2018-01-19,54.15513610839844
2018-01-22,53.99951171875
2018-01-23,54.466373443603516
2018-01-24,54.544185638427734
2018-01-25,56.17817306518555
2018-01-26,55.47788619995117
2018-01-29,55.24446487426758
2018-01-30,53.454856872558594
2018-01-31,54.69979476928711
2018-02-01,55.08884048461914
2018-02-02,55.01103591918945
2018-02-05,54.62199020385742
2018-02-06,49.797828674316406
2018-02-07,51.74304962158203
2018-02-08,50.18687057495117
2018-02-09,48.63068771362305
2018-02-12,47.619163513183594
2018-02-21,48.241641998291016
2018-02-22,49.564395904541016
2018-02-23,50.887149810791016
2018-02-26,50.9649658203125
2018-02-27,51.354007720947266
2018-03-01,50.887149810791016
2018-03-02,50.9649658203125
2018-03-05,50.18687057495117
2018-03-06,50.10906219482422
2018-03-07,50.10906219482422
2018-03-08,52.443336486816406
2018-03-09,52.91018295288086
2018-03-12,52.83237838745117
2018-03-13,52.59895324707031
2018-03-14,52.91018295288086
2018-03-15,52.59895324707031
2018-03-16,52.91018295288086
2018-03-19,53.37704849243164
2018-03-20,52.98800277709961
2018-03-21,52.83237838745117
2018-03-22,52.83237838745117
2018-03-23,51.27619552612305
2018-03-26,51.27619552612305
2018-03-27,51.43181610107422
2018-03-28,51.5096321105957
2018-03-29,51.58743667602539
2018-03-30,52.132102966308594
2018-04-02,51.74304962158203
2018-04-03,50.731536865234375
2018-04-09,50.49810791015625
2018-04-10,51.5096321105957
2018-04-11,51.19839859008789
2018-04-12,51.5096321105957
2018-04-13,51.5096321105957
2018-04-16,51.97648620605469
2018-04-17,50.887149810791016
2018-04-18,50.80934143066406
2018-04-19,50.887149810791016
2018-04-20,51.04277420043945
2018-04-23,49.40877914428711
2018-04-24,47.85259246826172
2018-04-25,48.47507095336914
2018-04-26,47.77478790283203
2018-04-27,48.08602523803711
2018-04-30,48.08602523803711
2018-05-02,48.63068771362305
2018-05-03,48.3194465637207
2018-05-04,48.86412048339844
2018-05-07,49.6422004699707
2018-05-08,48.63068771362305
2018-05-09,47.46355438232422
2018-05-10,47.77478790283203
2018-05-11,48.08602523803711
2018-05-14,47.230125427246094
2018-05-15,46.8410758972168
2018-05-16,48.008216857910156
2018-05-17,48.3194465637207
2018-05-18,49.019737243652344
2018-05-21,52.98800277709961
2018-05-22,52.443336486816406
2018-05-23,52.28771209716797
2018-05-24,52.91018295288086
2018-05-25,52.521148681640625
2018-05-28,55.86693572998047
2018-05-29,56.02255630493164
2018-05-30,55.555702209472656
2018-05-31,58.279022216796875
2018-06-01,58.12340545654297
2018-06-04,58.66805648803711
2018-06-05,58.12340545654297
2018-06-06,57.189697265625
2018-06-07,56.489410400390625
2018-06-08,56.80065155029297
2018-06-11,55.633514404296875
2018-06-12,55.24446487426758
2018-06-13,55.40007781982422
2018-06-14,57.423118591308594
2018-06-15,57.111881256103516
2018-06-19,54.777610778808594
2018-06-20,53.53266143798828
2018-06-21,54.466373443603516
2018-06-22,53.0658073425293
2018-06-25,52.75457000732422
2018-06-26,52.132102966308594
2018-06-27,51.354007720947266
2018-06-28,50.65372848510742
2018-06-29,51.43181610107422
2018-07-02,52.209903717041016
2018-07-03,51.27619552612305
2018-07-04,51.58743667602539
2018-07-05,50.49810791015625
2018-07-06,49.797828674316406
2018-07-09,50.031253814697266
2018-07-10,52.521148681640625
2018-07-11,52.36552810668945
2018-07-12,53.0658073425293
2018-07-13,54.69979476928711
2018-07-16,54.69979476928711
2018-07-17,54.077327728271484
2018-07-18,53.68827819824219
2018-07-19,53.68827819824219
2018-07-20,53.143619537353516
2018-07-23,53.454856872558594
2018-07-24,54.62199020385742
2018-07-25,54.3885612487793
2018-07-26,55.86693572998047
2018-07-27,55.86693572998047
2018-07-30,55.94474411010742
2018-07-31,55.01103591918945
2018-08-01,55.08884048461914
2018-08-02,53.37704849243164
2018-08-03,54.077327728271484
2018-08-06,54.31075668334961
2018-08-07,53.910240173339844
2018-08-08,54.07044219970703
2018-08-09,54.07044219970703
2018-08-10,53.910240173339844
2018-08-13,51.26679229736328
2018-08-14,51.58720779418945
2018-08-15,51.346900939941406
2018-08-16,50.866268157958984
2018-08-17,51.66731262207031
2018-08-20,51.18668746948242
2018-08-21,51.58720779418945
2018-08-22,51.66731262207031
2018-08-23,51.987728118896484
2018-08-24,51.50709915161133
2018-08-27,51.50709915161133
2018-08-28,52.06782913208008
2018-08-29,52.548458099365234
2018-08-30,52.948978424072266
2018-08-31,52.548458099365234
2018-09-03,55.35211181640625
2018-09-04,56.07305145263672
2018-09-05,61.68036651611328
2018-09-06,67.84838104248047
2018-09-07,67.28765869140625
2018-09-10,64.56412506103516
2018-09-11,63.362545013427734
2018-09-12,63.6829719543457
2018-09-13,62.96201705932617
2018-09-14,66.00598907470703
2018-09-17,72.57453918457031
2018-09-18,68.48921966552734
2018-09-19,68.5693359375
2018-09-20,61.760459899902344
2018-09-21,65.12483978271484
2018-09-25,65.12483978271484
2018-09-26,65.92589569091797
2018-09-27,65.12483978271484
2018-09-28,64.88452911376953
2018-10-01,66.80703735351562
2018-10-02,63.6829719543457
2018-10-03,60.478790283203125
2018-10-04,58.31597900390625
2018-10-05,56.07305145263672
2018-10-08,54.7913818359375
2018-10-09,53.2693977355957
2018-10-11,47.982505798339844
2018-10-12,49.584598541259766
2018-10-15,48.8636589050293
2018-10-16,49.34428405761719
2018-10-17,52.1479377746582
2018-10-18,51.26679229736328
2018-10-19,50.54584884643555
2018-10-22,51.90761947631836
2018-10-23,50.46574783325195
2018-10-24,49.26417922973633
2018-10-25,45.17885971069336
2018-10-26,43.09614562988281
2018-10-29,42.295101165771484
2018-10-30,41.81447982788086
2018-10-31,45.97990417480469
2018-11-01,50.46574783325195
2018-11-02,52.06782913208008
2018-11-05,51.426998138427734
2018-11-06,50.54584884643555
2018-11-07,51.74741744995117
2018-11-08,54.31075668334961
2018-11-09,52.388248443603516
2018-11-12,52.948978424072266
2018-11-13,51.90761947631836
2018-11-14,52.548458099365234
2018-11-15,52.948978424072266
2018-11-16,53.58981704711914
2018-11-19,55.432212829589844
2018-11-20,54.07044219970703
2018-11-21,54.55107116699219
2018-11-22,53.029090881347656
2018-11-23,53.75001907348633
2018-11-26,54.87148666381836
2018-11-27,56.23325729370117
2018-11-28,61.84056854248047
2018-11-29,60.15837478637695
2018-11-30,59.75784683227539
2018-12-03,60.23849105834961
2018-12-04,60.87931442260742
2018-12-05,56.87409591674805
2018-12-06,54.4709587097168
2018-12-07,59.91806411743164
2018-12-10,58.876705169677734
2018-12-11,64.72431182861328
2018-12-12,64.72431182861328
2018-12-13,62.641605377197266
2018-12-14,62.08087158203125
2018-12-17,65.04473114013672
2018-12-18,62.88191223144531
2018-12-19,62.96201705932617
2018-12-20,61.44004821777344
2018-12-21,63.92328643798828
2018-12-24,65.12483978271484
2018-12-25,63.12222671508789
2018-12-26,60.07827377319336
2018-12-27,61.27983474731445
2018-12-28,62.641605377197266
2019-01-02,62.08087158203125
2019-01-03,60.55888748168945
2019-01-04,60.398681640625
2019-01-07,63.0421257019043
2019-01-08,65.36516571044922
2019-01-09,67.04735565185547
2019-01-10,67.4478759765625
2019-01-11,66.88713836669922
2019-01-14,65.84578704833984
2019-01-15,66.88713836669922
2019-01-16,66.56671905517578
2019-01-17,65.84578704833984
2019-01-18,65.2850570678711
2019-01-21,65.2850570678711
2019-01-22,65.04473114013672
2019-01-23,65.20494079589844
2019-01-24,64.88452911376953
2019-01-25,68.08869934082031
2019-01-28,68.08869934082031
2019-01-29,65.68557739257812
2019-01-30,67.12745666503906
2019-02-11,71.69340515136719
2019-02-12,71.77349090576172
2019-02-13,70.65205383300781
2019-02-14,77.70121765136719
2019-02-15,78.74258422851562
2019-02-18,81.7064437866211
2019-02-19,79.4635238647461
2019-02-20,79.22321319580078
2019-02-21,78.50227355957031
2019-02-22,81.7064437866211
2019-02-25,79.4635238647461
2019-02-26,77.30070495605469
2019-02-27,75.77873229980469
2019-03-04,78.02164459228516
2019-03-05,76.90019226074219
2019-03-06,80.10435485839844
2019-03-07,81.3059310913086
2019-03-08,81.7064437866211
2019-03-11,80.5048828125
2019-03-12,79.3033218383789
2019-03-13,78.18185424804688
2019-03-14,79.3033218383789
2019-03-15,86.91322326660156
2019-03-18,92.52053833007812
2019-03-19,92.1200180053711
2019-03-20,96.52574920654297
2019-03-21,96.92628479003906
2019-03-22,91.71949768066406
2019-03-25,92.52053833007812
2019-03-26,91.71949768066406
2019-03-27,90.91845703125
2019-03-28,92.52053833007812
2019-03-29,92.1200180053711
2019-04-01,94.52313995361328
2019-04-02,103.73513793945312
2019-04-03,104.93671417236328
2019-04-08,103.33462524414062
2019-04-09,98.52835845947266
2019-04-10,96.52574920654297
2019-04-11,94.52313995361328
2019-04-12,93.72209930419922
2019-04-15,100.13044738769531
2019-04-16,99.32939910888672
2019-04-17,100.53097534179688
2019-04-18,100.13044738769531
2019-04-19,102.53358459472656
2019-04-22,103.73513793945312
2019-04-23,98.52835845947266
2019-04-24,95.72470092773438
2019-04-25,90.11741638183594
2019-04-26,90.11741638183594
2019-04-29,90.91845703125
2019-04-30,93.72209930419922
2019-05-02,94.92366027832031
2019-05-03,94.52313995361328
2019-05-06,91.71949768066406
2019-05-07,92.1200180053711
2019-05-08,87.3137435913086
2019-05-09,81.7064437866211
2019-05-10,80.90540313720703
2019-05-13,79.70384216308594
2019-05-14,80.5048828125
2019-05-15,80.90540313720703
2019-05-16,79.783935546875
2019-05-17,78.10173797607422
2019-05-20,80.5048828125
2019-05-21,84.9106216430664
2019-05-22,81.7064437866211
2019-05-23,82.50748443603516
2019-05-24,80.90540313720703
2019-05-27,83.30854034423828
2019-05-28,84.10957336425781
2019-05-29,88.11479187011719
2019-05-30,86.11217498779297
2019-05-31,90.11741638183594
2019-06-03,92.52053833007812
2019-06-04,92.92105102539062
2019-06-05,90.91845703125
2019-06-06,88.11479187011719
2019-06-10,96.92628479003906
2019-06-11,98.52835845947266
2019-06-12,96.92628479003906
2019-06-13,94.52313995361328
2019-06-14,92.92105102539062
2019-06-17,94.52313995361328
2019-06-18,92.52053833007812
2019-06-19,96.12522888183594
2019-06-20,98.1278305053711
2019-06-21,96.12522888183594
2019-06-24,96.12522888183594
2019-06-25,93.32156372070312
2019-06-26,94.52313995361328
2019-06-27,96.12522888183594
2019-06-28,94.52313995361328
2019-07-01,100.13044738769531
2019-07-02,100.9314956665039
2019-07-03,95.72470092773438
2019-07-04,93.72209930419922
2019-07-05,93.32156372070312
2019-07-08,93.72209930419922
2019-07-09,91.71949768066406
2019-07-10,96.92628479003906
2019-07-11,96.92628479003906
2019-07-12,94.92366027832031
2019-07-15,102.133056640625
2019-07-16,102.53358459472656
2019-07-17,104.53618621826172
2019-07-18,107.33984375
2019-07-19,105.73774719238281
2019-07-22,112.9471435546875
2019-07-23,112.14610290527344
2019-07-24,109.74297332763672
2019-07-25,110.14350128173828
2019-07-26,108.5414047241211
2019-07-29,108.5414047241211
2019-07-30,103.73513793945312
2019-07-31,105.40476989746094
2019-08-01,107.46343231201172
2019-08-02,102.11085510253906
2019-08-05,102.52259063720703
2019-08-06,105.40476989746094
2019-08-07,108.69866180419922
2019-08-08,119.40382385253906
2019-08-12,117.34513092041016
2019-08-13,114.46298217773438
2019-08-14,119.40382385253906
2019-08-15,121.87423706054688
2019-08-16,126.4033432006836
2019-08-19,124.75639343261719
2019-08-20,122.28598022460938
2019-08-21,123.10945129394531
2019-08-22,123.93294525146484
2019-08-23,129.2855224609375
2019-08-26,118.9920883178711
2019-08-27,120.6390380859375
2019-08-28,119.40382385253906
2019-08-29,123.52120208740234
2019-08-30,121.05076599121094
2019-09-02,118.5803451538086
2019-09-03,115.69818115234375
2019-09-04,114.87471771240234
2019-09-05,116.52165985107422
2019-09-06,114.05123138427734
2019-09-10,111.99253845214844
2019-09-11,110.3456039428711
2019-09-12,114.46298217773438
2019-09-16,114.46298217773438
2019-09-17,107.46343231201172
2019-09-18,110.75733947753906
2019-09-19,116.93338012695312
2019-09-20,117.75688934326172
2019-09-23,116.93338012695312
2019-09-24,112.81602478027344
2019-09-25,109.11038208007812
2019-09-26,107.87518310546875
2019-09-27,104.99301147460938
2019-10-01,105.40476989746094
2019-10-02,105.81649017333984
2019-10-03,108.28691864013672
2019-10-04,113.22776794433594
2019-10-07,115.28644561767578
2019-10-08,115.69818115234375
2019-10-09,114.46298217773438
2019-10-14,118.5803451538086
2019-10-15,116.93338012695312
2019-10-16,114.46298217773438
2019-10-17,116.10992431640625
2019-10-18,113.63948822021484
2019-10-21,113.22776794433594
2019-10-22,113.63948822021484
2019-10-23,116.93338012695312
2019-10-24,123.52120208740234
2019-10-25,123.10945129394531
2019-10-28,135.04983520507812
2019-10-29,135.87332153320312
2019-10-30,137.1085205078125
2019-10-31,139.9906768798828
2019-11-01,139.9906768798828
2019-11-04,136.69679260253906
2019-11-05,150.28411865234375
2019-11-06,154.813232421875
2019-11-07,160.57754516601562
2019-11-08,156.46017456054688
2019-11-11,148.22543334960938
2019-11-12,149.8723907470703
2019-11-13,151.9310760498047
2019-11-14,147.8136749267578
2019-11-15,159.7540740966797
2019-11-18,152.34278869628906
2019-11-19,150.28411865234375
2019-11-20,151.5193328857422
2019-11-21,152.34278869628906
2019-11-22,151.5193328857422
2019-11-25,154.4014892578125
2019-11-26,164.28317260742188
2019-11-27,163.87144470214844
2019-11-28,162.63624572753906
2019-11-29,160.57754516601562
2019-12-02,159.7540740966797
2019-12-03,154.4014892578125
2019-12-04,155.63668823242188
2019-12-05,152.34278869628906
2019-12-06,153.98974609375
2019-12-09,155.22496032714844
2019-12-10,158.5188751220703
2019-12-11,158.1071319580078
2019-12-12,166.34188842773438
2019-12-13,163.459716796875
2019-12-16,165.93011474609375
2019-12-17,166.34188842773438
2019-12-18,165.10667419433594
2019-12-19,163.87144470214844
2019-12-20,168.8123016357422
2019-12-23,174.57659912109375
2019-12-24,176.22357177734375
2019-12-25,177.04702758789062
2019-12-26,188.9874267578125
2019-12-27,186.1052703857422
2019-12-30,188.57569885253906
2019-12-31,193.1048126220703
2020-01-02,193.9282989501953
2020-01-03,191.8695831298828
2020-01-06,195.1634979248047
2020-01-07,186.1052703857422
2020-01-08,190.22264099121094
2020-01-09,188.57569885253906
2020-01-10,186.9287567138672
2020-01-13,193.51654052734375
2020-01-14,191.04612731933594
2020-01-15,187.75222778320312
2020-01-16,181.98788452148438
2020-01-17,183.22311401367188
2020-01-20,186.1052703857422
2020-01-30,167.5770721435547
2020-01-31,172.10618591308594
2020-02-03,171.28271484375
2020-02-04,171.69447326660156
2020-02-05,168.4005584716797
2020-02-06,181.1644287109375
2020-02-07,175.81182861328125
2020-02-10,177.04702758789062
2020-02-11,186.9287567138672
2020-02-12,193.51654052734375
2020-02-13,189.81089782714844
2020-02-14,195.5752410888672
2020-02-17,191.8695831298828
2020-02-18,191.8695831298828
2020-02-19,197.63392639160156
2020-02-20,193.51654052734375
2020-02-21,190.22264099121094
2020-02-24,186.1052703857422
2020-02-25,186.51699829101562
2020-02-26,184.4583282470703
2020-02-27,172.10618591308594
2020-03-02,177.04702758789062
2020-03-03,173.34141540527344
2020-03-04,169.63577270507812
2020-03-05,177.04702758789062
2020-03-06,170.87098693847656
2020-03-09,163.0479736328125
2020-03-10,169.22401428222656
2020-03-11,156.04843139648438
2020-03-12,140.8141632080078
2020-03-13,132.1676788330078
2020-03-16,123.10945129394531
2020-03-17,117.34513092041016
2020-03-18,116.93338012695312
2020-03-19,105.40476989746094
2020-03-20,110.75733947753906
2020-03-23,102.934326171875
2020-03-24,113.22776794433594
2020-03-25,124.34467315673828
2020-03-26,133.4028778076172
2020-03-27,142.04937744140625
2020-03-30,145.34327697753906
2020-03-31,141.6376190185547
2020-04-01,142.8728485107422
2020-04-06,148.22543334960938
2020-04-07,157.6953887939453
2020-04-08,157.2836456298828
2020-04-09,152.34278869628906
2020-04-10,156.8719024658203
2020-04-13,154.813232421875
2020-04-14,163.459716796875
2020-04-15,162.63624572753906
2020-04-16,172.51792907714844
2020-04-17,174.9883575439453
2020-04-20,177.04702758789062
2020-04-21,171.69447326660156
2020-04-22,172.92967224121094
2020-04-23,172.51792907714844
2020-04-24,172.51792907714844
2020-04-27,176.22357177734375
2020-04-28,175.40008544921875
2020-04-29,179.105712890625
2020-04-30,179.51747131347656
2020-05-04,175.40008544921875
2020-05-05,178.69398498535156
2020-05-06,182.8113555908203
2020-05-07,179.92921447753906
2020-05-08,177.45877075195312
2020-05-11,178.69398498535156
2020-05-12,181.98788452148438
2020-05-13,179.51747131347656
2020-05-14,171.28271484375
2020-05-15,174.57659912109375
2020-05-18,169.22401428222656
2020-05-19,165.93011474609375
2020-05-20,170.45924377441406
2020-05-21,177.04702758789062
2020-05-22,169.22401428222656
2020-05-25,174.16488647460938
2020-05-26,191.45785522460938
2020-05-27,201.7512969970703
2020-05-28,196.8104248046875
2020-05-29,205.45692443847656
2020-06-01,207.515625
2020-06-02,207.515625
2020-06-03,210.80953979492188
2020-06-04,204.22171020507812
2020-06-05,207.1038818359375
2020-06-08,205.04518127441406
2020-06-09,210.3977508544922
2020-06-10,222.33816528320312
2020-06-11,228.1024627685547
2020-06-12,229.33767700195312
2020-06-15,229.33767700195312
2020-06-16,224.3968505859375
2020-06-17,229.33767700195312
2020-06-18,233.86676025390625
2020-06-19,230.1611785888672
2020-06-22,230.1611785888672
2020-06-23,235.51377868652344
2020-06-24,233.86676025390625
2020-06-29,232.63156127929688
2020-06-30,233.45506286621094
2020-07-01,235.10202026367188
2020-07-02,230.57289123535156
2020-07-03,253.6301727294922
2020-07-06,254.45367431640625
2020-07-07,247.0424041748047
2020-07-08,270.09967041015625
2020-07-09,262.2767028808594
2020-07-10,256.1005859375
2020-07-13,250.33627319335938
2020-07-14,242.92501831054688
2020-07-15,236.33721923828125
2020-07-16,237.57244873046875
2020-07-17,236.74896240234375
2020-07-20,231.3963623046875
2020-07-21,248.2776336669922
2020-07-22,247.8658905029297
2020-07-23,245.39547729492188
2020-07-24,238.39588928222656
2020-07-27,244.57196044921875
2020-07-28,247.0424041748047
2020-07-29,252.8067169189453
2020-07-30,260.21795654296875
2020-07-31,262.2767028808594
2020-08-03,252.8067169189453
2020-08-04,259.8062438964844
2020-08-05,260.62969970703125
2020-08-06,261.8649597167969
2020-08-07,275.8639831542969
2020-08-10,277.51092529296875
2020-08-11,258.571044921875
2020-08-12,250.33627319335938
2020-08-13,247.8658905029297
2020-08-14,271.74664306640625
2020-08-17,271.74664306640625
2020-08-18,265.1588134765625
2020-08-19,268.041015625
2020-08-20,249.6419219970703
2020-08-21,250.8964385986328
2020-08-24,255.0780029296875
2020-08-25,268.8773498535156
2020-08-26,263.8594055175781
2020-08-27,263.4412536621094
2020-08-28,257.58697509765625
2020-08-31,255.91433715820312
2020-09-01,260.0959167480469
2020-09-02,259.2596435546875
2020-09-03,255.91433715820312
2020-09-04,258.42333984375
2020-09-07,250.8964385986328
2020-09-08,247.55108642578125
2020-09-09,243.3695068359375
2020-09-10,238.76976013183594
2020-09-11,238.76976013183594
2020-09-14,242.533203125
2020-09-15,244.20584106445312
2020-09-16,249.6419219970703
2020-09-17,248.8056182861328
2020-09-18,254.24168395996094
2020-09-21,258.42333984375
2020-09-22,255.91433715820312
2020-09-23,262.60491943359375
2020-09-24,251.7327423095703
2020-09-25,240.02423095703125
2020-09-28,244.20584106445312
2020-09-29,241.69686889648438
2020-09-30,254.24168395996094
2020-10-05,252.56906127929688
2020-10-06,253.82351684570312
2020-10-07,259.67779541015625
2020-10-08,273.47705078125
2020-10-12,272.6407775878906
2020-10-13,280.16766357421875
2020-10-14,276.4041748046875
2020-10-15,271.804443359375
2020-10-16,263.4412536621094
2020-10-19,265.11383056640625
2020-10-20,266.7865295410156
2020-10-21,266.7865295410156
2020-10-22,263.0230712890625
2020-10-23,267.20465087890625
2020-10-26,261.7685852050781
2020-10-27,263.8594055175781
2020-10-28,262.1867370605469
2020-10-29,257.58697509765625
2020-10-30,249.2238006591797
2020-11-02,244.6239776611328
2020-11-03,246.71478271484375
2020-11-04,252.15089416503906
2020-11-05,245.04214477539062
2020-11-06,232.0791778564453
2020-11-09,234.1699676513672
2020-11-10,219.9525146484375
2020-11-11,214.09829711914062
2020-11-12,222.04331970214844
2020-11-13,224.13414001464844
2020-11-16,225.8067626953125
2020-11-17,228.31573486328125
2020-11-18,226.2249298095703
2020-11-19,235.8426055908203
2020-11-20,234.58815002441406
2020-11-23,229.98838806152344
2020-11-24,230.40652465820312
2020-11-25,227.89756774902344
2020-11-26,233.33367919921875
2020-11-27,232.49734497070312
2020-11-30,233.33367919921875
2020-12-01,235.00631713867188
2020-12-02,232.49734497070312
2020-12-03,230.40652465820312
2020-12-04,232.91551208496094
2020-12-07,232.91551208496094
2020-12-08,239.60610961914062
2020-12-09,240.44236755371094
2020-12-10,234.1699676513672
2020-12-11,224.13414001464844
2020-12-14,222.46148681640625
2020-12-15,217.86170959472656
2020-12-16,223.71597290039062
2020-12-17,219.9525146484375
2020-12-18,219.1162109375
2020-12-21,215.35276794433594
2020-12-22,212.42562866210938
2020-12-23,208.2440185546875
2020-12-24,212.42562866210938
2020-12-25,216.60723876953125
2020-12-28,209.08033752441406
2020-12-29,206.98953247070312
2020-12-30,211.17112731933594
2020-12-31,206.98953247070312
2021-01-04,211.58929443359375
2021-01-05,218.69805908203125
2021-01-06,220.7888641357422
2021-01-07,220.7888641357422
2021-01-08,239.60610961914062
2021-01-11,241.69686889648438
2021-01-12,243.7876739501953
2021-01-13,264.2775573730469
2021-01-14,261.3504638671875
2021-01-15,261.7685852050781
2021-01-18,263.4412536621094
2021-01-19,268.45916748046875
2021-01-20,259.2596435546875
2021-01-21,263.8594055175781
2021-01-22,267.20465087890625
2021-01-25,267.20465087890625
2021-01-26,260.0959167480469
2021-01-27,258.42333984375
2021-01-28,251.3145751953125
2021-01-29,245.4603271484375
2021-02-01,242.533203125
2021-02-02,246.29664611816406
2021-02-03,246.71478271484375
2021-02-04,251.3145751953125
2021-02-05,245.04214477539062
2021-02-17,259.67779541015625
2021-02-18,268.0410461425781
2021-02-19,278.4950256347656
2021-02-22,288.1127014160156
2021-02-23,278.0768737792969
2021-02-24,271.3862609863281
2021-02-25,269.2955017089844
2021-02-26,268.45916748046875
2021-03-02,261.7685852050781
2021-03-03,266.7865295410156
2021-03-04,254.24168395996094
2021-03-05,263.0230712890625
2021-03-08,250.47825622558594
2021-03-09,240.44236755371094
2021-03-10,250.06008911132812
2021-03-11,252.15089416503906
2021-03-12,254.6598663330078
2021-03-15,249.2238006591797
2021-03-16,249.2238006591797
2021-03-17,248.387451171875
2021-03-18,249.6419219970703
2021-03-19,245.4603271484375
2021-03-22,244.6239776611328
2021-03-23,244.20584106445312
2021-03-24,237.09710693359375
2021-03-25,229.1520538330078
2021-03-26,227.47940063476562
2021-03-29,230.82467651367188
2021-03-30,247.13291931152344
2021-03-31,240.02423095703125
2021-04-01,243.3695068359375
2021-04-07,262.60491943359375
2021-04-08,253.40538024902344
2021-04-09,259.67779541015625
2021-04-12,250.8964385986328
2021-04-13,241.69686889648438
2021-04-14,235.8426055908203
2021-04-15,237.93341064453125
2021-04-16,236.67893981933594
2021-04-19,234.1699676513672
2021-04-20,237.5152587890625
2021-04-21,233.33367919921875
2021-04-22,227.06124877929688
2021-04-23,231.6610107421875
2021-04-26,227.89756774902344
2021-04-27,224.13414001464844
2021-04-28,218.69805908203125
2021-04-29,214.5164337158203
2021-05-03,204.8987274169922
2021-05-04,184.4088592529297
2021-05-05,183.99070739746094
2021-05-06,182.31805419921875
2021-05-07,199.46266174316406
2021-05-10,199.88079833984375
2021-05-11,183.1543731689453
2021-05-12,188.17230224609375
2021-05-13,199.46266174316406
2021-05-14,219.1162109375
2021-05-17,210.7530059814453
2021-05-18,229.98838806152344
2021-05-19,222.46148681640625
2021-05-20,222.04331970214844
2021-05-21,220.7888641357422
2021-05-24,227.89756774902344
2021-05-25,238.35159301757812
2021-05-26,236.26077270507812
2021-05-27,228.73391723632812
2021-05-28,237.5152587890625
2021-05-31,238.76976013183594
2021-06-01,235.42446899414062
2021-06-02,232.49734497070312
2021-06-03,235.8426055908203
2021-06-04,238.76976013183594
2021-06-07,259.2596435546875
2021-06-08,256.3324890136719
2021-06-09,252.15089416503906
2021-06-10,253.40538024902344
2021-06-11,245.4603271484375
2021-06-15,242.533203125
2021-06-16,245.4603271484375
2021-06-17,247.55108642578125
2021-06-18,247.55108642578125
2021-06-21,242.95138549804688
2021-06-22,240.86056518554688
2021-06-23,257.58697509765625
2021-06-24,251.7327423095703
2021-06-25,249.6419219970703
2021-06-28,250.06008911132812
2021-06-29,256.3324890136719
2021-06-30,252.56906127929688
2021-07-01,250.8964385986328
2021-07-02,259.2596435546875
2021-07-05,266.7865295410156
2021-07-06,271.804443359375
2021-07-07,269.713623046875
2021-07-08,268.0410461425781
2021-07-09,262.1867370605469
2021-07-12,275.5679016113281
2021-07-13,273.8952331542969
2021-07-14,280.16766357421875
2021-07-15,281.84027099609375
2021-07-16,286.0219421386719
2021-07-19,279.33135986328125
2021-07-20,258.42333984375
2021-07-21,272.6407775878906
2021-07-22,268.45916748046875
2021-07-23,260.5140686035156
2021-07-26,264.2775573730469
2021-07-27,257.58697509765625
2021-07-28,258.005126953125
2021-07-29,266.36834716796875
2021-07-30,273.8952331542969
2021-08-02,274.3133850097656
2021-08-03,282.6766357421875
2021-08-04,264.2775573730469
2021-08-05,263.0230712890625
2021-08-06,260.0959167480469
2021-08-09,255.49615478515625
2021-08-10,258.005126953125
2021-08-11,250.8964385986328
2021-08-12,252.15089416503906
2021-08-13,239.18792724609375
2021-08-16,249.2238006591797
2021-08-17,237.09710693359375
2021-08-18,247.96932983398438
2021-08-19,245.4603271484375
2021-08-20,252.15089416503906
2021-08-23,265.9502258300781
2021-08-24,259.2596435546875
2021-08-25,259.67779541015625
2021-08-26,253.82351684570312
2021-08-27,258.005126953125
2021-08-30,263.4412536621094
2021-08-31,259.1791076660156
2021-09-01,263.44195556640625
2021-09-02,261.7367858886719
2021-09-03,261.7367858886719
2021-09-06,259.1791076660156
2021-09-07,252.3585968017578
2021-09-08,245.11181640625
2021-09-09,250.65347290039062
2021-09-10,260.8842468261719
2021-09-13,254.49005126953125
2021-09-14,261.7367858886719
2021-09-15,255.3426055908203
2021-09-16,254.91629028320312
2021-09-17,256.6214294433594
2021-09-22,254.91629028320312
2021-09-23,271.1150207519531
2021-09-24,271.54132080078125
2021-09-27,274.5252685546875
2021-09-28,280.4931945800781
2021-09-29,274.5252685546875
2021-09-30,298.82330322265625
2021-10-01,274.9515075683594
2021-10-04,279.640625
2021-10-05,288.1662902832031
2021-10-06,274.5252685546875
2021-10-07,281.3457946777344
2021-10-08,303.51239013671875
2021-10-12,289.87139892578125
2021-10-13,288.1662902832031
2021-10-14,285.1822814941406
2021-10-15,290.7239685058594
2021-10-18,291.5765075683594
2021-10-19,308.62774658203125
2021-10-20,321.41619873046875
2021-10-21,330.36810302734375
2021-10-22,329.5155944824219
2021-10-25,333.77838134765625
2021-10-26,320.98992919921875
2021-10-27,323.547607421875
2021-10-28,318.4322204589844
2021-10-29,314.595703125
2021-11-01,330.7944030761719
2021-11-02,346.5668029785156
2021-11-03,334.63092041015625
2021-11-04,329.0892639160156
2021-11-05,343.15655517578125
2021-11-08,323.547607421875
2021-11-09,331.220703125
2021-11-10,331.64697265625
2021-11-11,326.9578857421875
2021-11-12,330.7944030761719
2021-11-15,349.55078125
2021-11-16,340.5989074707031
2021-11-17,335.4834899902344
2021-11-18,337.61492919921875
2021-11-19,334.20465087890625
2021-11-22,341.8777160644531
2021-11-23,341.0251770019531
2021-11-24,345.2879943847656
2021-11-25,353.8135986328125
2021-11-26,343.15655517578125
2021-11-29,361.4866638183594
2021-11-30,374.2751159667969
2021-12-01,374.7013854980469
2021-12-02,375.9802551269531
2021-12-03,379.3904724121094
2021-12-06,366.6020202636719
2021-12-07,374.2751159667969
2021-12-08,364.8969421386719
2021-12-09,365.74951171875
2021-12-10,359.7815246582031
2021-12-13,357.6501159667969
2021-12-14,345.7142639160156
2021-12-15,350.8296203613281
2021-12-16,365.74951171875
2021-12-17,357.6501159667969
2021-12-20,344.00909423828125
2021-12-21,350.8296203613281
2021-12-22,345.2879943847656
2021-12-23,352.1084899902344
2021-12-24,343.15655517578125
2021-12-27,341.8777160644531
2021-12-28,343.58282470703125
2021-12-29,340.5989074707031
2021-12-30,347.8456726074219
2022-01-03,347.8456726074219
2022-01-04,347.8456726074219
2022-01-05,361.0603942871094
2022-01-06,350.8296203613281
2022-01-07,341.0251770019531
2022-01-10,337.1885986328125
2022-01-11,324.82647705078125
2022-01-12,323.547607421875
2022-01-13,329.5155944824219
2022-01-14,323.547607421875
2022-01-17,337.1885986328125
2022-01-18,329.94183349609375
2022-01-19,331.64697265625
2022-01-20,332.92578125
2022-01-21,327.3841552734375
2022-01-24,326.10528564453125
2022-01-25,330.7944030761719
2022-01-26,332.49951171875
2022-02-07,342.7302551269531
2022-02-08,341.0251770019531
2022-02-09,345.2879943847656
2022-02-10,345.2879943847656
2022-02-11,340.5989074707031
2022-02-14,331.64697265625
2022-02-15,335.0572509765625
2022-02-16,343.58282470703125
2022-02-17,337.1885986328125
2022-02-18,339.3200378417969
2022-02-21,338.46746826171875
2022-02-22,331.64697265625
2022-02-23,338.46746826171875
2022-02-24,325.6789855957031
2022-02-25,325.6789855957031
2022-03-01,323.9739074707031
2022-03-02,323.1213073730469
2022-03-03,320.5636901855469
2022-03-04,306.4963684082031
2022-03-07,288.592529296875
2022-03-08,269.8361511230469
2022-03-09,282.6246337890625
2022-03-10,304.364990234375
2022-03-11,316.3008117675781
2022-03-14,308.62774658203125
2022-03-15,298.3970642089844
2022-03-16,312.89056396484375
2022-03-17,321.41619873046875
2022-03-18,328.23675537109375
2022-03-21,321.41619873046875
2022-03-22,321.842529296875
2022-03-23,335.0572509765625
2022-03-24,340.5989074707031
2022-03-25,347.8456726074219
2022-03-28,349.55078125
2022-03-29,349.55078125
2022-03-30,354.66619873046875
2022-03-31,349.55078125
2022-04-01,357.2238464355469
2022-04-06,358.502685546875
2022-04-07,347.8456726074219
2022-04-08,336.7623596191406
2022-04-11,333.3520812988281
2022-04-12,337.61492919921875
2022-04-13,343.15655517578125
2022-04-14,341.0251770019531
2022-04-15,328.23675537109375
2022-04-18,330.36810302734375
2022-04-19,344.00909423828125
2022-04-20,335.4834899902344
2022-04-21,340.5989074707031
2022-04-22,340.1725769042969
2022-04-25,315.4482727050781
2022-04-26,289.018798828125
2022-04-27,306.9226379394531
2022-04-28,316.72711181640625
2022-04-29,323.547607421875
2022-05-03,321.842529296875
2022-05-04,325.6789855957031
2022-05-05,332.49951171875
2022-05-06,326.9578857421875
2022-05-09,314.595703125
2022-05-10,320.13739013671875
2022-05-11,319.2847900390625
2022-05-12,315.4482727050781
2022-05-13,322.6950378417969
2022-05-16,319.2847900390625
2022-05-17,320.13739013671875
2022-05-18,324.4001770019531
2022-05-19,313.3168640136719
2022-05-20,309.4803466796875
2022-05-23,304.364990234375
2022-05-24,298.3970642089844
2022-05-25,287.3136901855469
2022-05-26,274.9515075683594
2022-05-27,284.7560119628906
2022-05-30,297.54443359375
2022-05-31,302.2335205078125
2022-06-01,300.5284118652344
2022-06-02,301.8072814941406
2022-06-06,319.2847900390625
2022-06-07,326.5316162109375
2022-06-08,342.30401611328125
2022-06-09,328.66302490234375
2022-06-10,334.63092041015625
2022-06-13,330.7944030761719
2022-06-14,333.3520812988281
2022-06-15,334.20465087890625
2022-06-16,315.4482727050781
2022-06-17,300.9547119140625
2022-06-20,304.7912292480469
2022-06-21,320.98992919921875
2022-06-22,300.1021423339844
2022-06-23,307.348876953125
2022-06-24,308.62774658203125
2022-06-27,320.5636901855469
2022-06-28,315.0220031738281
2022-06-29,316.72711181640625
2022-06-30,285.1822814941406
2022-07-01,268.55731201171875
2022-07-04,267.7047424316406
2022-07-05,267.7047424316406
2022-07-06,241.2753143310547
2022-07-07,245.11181640625
2022-07-08,269.40985107421875
2022-07-11,254.0637664794922
2022-07-12,234.4547882080078
2022-07-13,250.22723388671875
2022-07-14,271.11309814453125
2022-07-15,284.6034240722656
2022-07-18,308.10284423828125
2022-07-19,305.4917907714844
2022-07-20,307.6676940917969
2022-07-21,328.99114990234375
2022-07-22,335.0836486816406
2022-07-25,335.9539489746094
2022-07-26,330.73187255859375
2022-07-27,330.73187255859375
2022-07-28,323.33392333984375
2022-07-29,339.00018310546875
2022-08-01,327.6856689453125
2022-08-02,315.50079345703125
2022-08-03,319.4173278808594
2022-08-04,324.20428466796875
2022-08-05,325.9449462890625
2022-08-08,330.29669189453125
2022-08-09,327.25048828125
2022-08-10,328.1208190917969
2022-08-11,325.0746154785156
2022-08-12,329.86151123046875
2022-08-15,355.9719543457031
2022-08-16,351.18499755859375
2022-08-17,354.6664123535156
2022-08-18,363.8050537109375
2022-08-19,362.9347229003906
2022-08-22,356.4070739746094
2022-08-23,355.5367431640625
2022-08-24,354.6664123535156
2022-08-25,366.4161071777344
2022-08-26,366.85125732421875
2022-08-29,352.92572021484375
2022-08-30,351.6202087402344
2022-08-31,348.1388244628906
2022-09-01,330.28558349609375
2022-09-02,362.3567810058594
2022-09-05,363.31414794921875
2022-09-06,359.4847412109375
2022-09-07,359.0060729980469
2022-09-08,368.57958984375
2022-09-12,375.2809753417969
2022-09-13,376.7170104980469
2022-09-14,378.153076171875
2022-09-15,387.2478942871094
2022-09-16,377.1957092285156
2022-09-19,371.4515686035156
2022-09-20,368.10089111328125
2022-09-21,361.87811279296875
2022-09-22,376.7170104980469
2022-09-23,368.10089111328125
2022-09-26,354.697998046875
2022-09-27,358.0487060546875
2022-09-28,346.08184814453125
2022-09-29,353.261962890625
2022-09-30,365.2288513183594
2022-10-03,369.0582580566406
2022-10-04,376.2383728027344
2022-10-05,385.8118591308594
2022-10-06,395.864013671875
2022-10-07,400.6507873535156
2022-10-11,385.8118591308594
2022-10-12,378.153076171875
2022-10-13,357.570068359375
2022-10-14,368.10089111328125
2022-10-17,355.65533447265625
2022-10-18,353.261962890625
2022-10-19,347.9965515136719
2022-10-20,313.5319519042969
2022-10-21,303.4798278808594
2022-10-24,311.6172790527344
2022-10-25,309.2239074707031
2022-10-26,300.60772705078125
2022-10-27,330.28558349609375
2022-10-28,329.8069152832031
2022-10-31,336.0296630859375
2022-11-01,340.3377685546875
2022-11-02,357.570068359375
2022-11-03,359.0060729980469
2022-11-04,361.87811279296875
2022-11-07,359.0060729980469
2022-11-08,358.0487060546875
2022-11-09,365.70751953125
2022-11-10,363.31414794921875
2022-11-11,367.6222229003906
2022-11-14,363.31414794921875
2022-11-15,363.7928466796875
2022-11-16,368.57958984375
2022-11-17,374.8023376464844
2022-11-18,364.271484375
2022-11-21,366.6648864746094
2022-11-22,365.70751953125
2022-11-23,362.3567810058594
2022-11-24,367.6222229003906
2022-11-25,359.96343994140625
2022-11-28,366.1861877441406
2022-11-29,359.96343994140625
2022-11-30,362.8354797363281
2022-12-01,380.0677490234375
2022-12-02,392.5133056640625
2022-12-05,393.4706726074219
2022-12-06,372.4089660644531
2022-12-07,372.4089660644531
2022-12-08,380.5464172363281
2022-12-09,370.9729309082031
2022-12-12,371.4515686035156
2022-12-13,367.6222229003906
2022-12-14,379.589111328125
2022-12-15,391.0773010253906
2022-12-16,381.5037841796875
2022-12-19,378.153076171875
2022-12-20,363.7928466796875
2022-12-21,360.44207763671875
2022-12-22,356.6126708984375
2022-12-23,353.74066162109375
2022-12-26,349.9112548828125
2022-12-27,370.0155944824219
2022-12-28,365.2288513183594
2022-12-29,365.70751953125
2022-12-30,360.44207763671875
2023-01-03,360.44207763671875
2023-01-04,358.0487060546875
2023-01-05,350.3899230957031
2023-01-06,350.86859130859375
2023-01-09,370.9729309082031
2023-01-10,367.1435546875
2023-01-11,364.75018310546875
2023-01-12,360.9207763671875
2023-01-13,363.7928466796875
2023-01-16,369.0582580566406
2023-01-17,370.0155944824219
2023-01-30,365.2288513183594
2023-01-31,359.0060729980469
2023-02-01,367.1435546875
2023-02-02,390.11993408203125
2023-02-03,392.0346374511719
2023-02-06,392.99200439453125
2023-02-07,392.99200439453125
2023-02-08,384.3758239746094
2023-02-09,381.5037841796875
2023-02-10,376.7170104980469
2023-02-13,389.16259765625
2023-02-14,395.3853454589844
2023-02-15,361.39947509765625
2023-02-16,369.0582580566406
2023-02-17,376.2383728027344
2023-02-20,380.5464172363281
2023-02-21,380.5464172363281
2023-02-22,381.0251159667969
2023-02-23,384.3758239746094
2023-02-24,406.87353515625
2023-03-01,387.7265625
2023-03-02,385.33319091796875
2023-03-03,384.8545227050781
2023-03-06,389.6412658691406
2023-03-07,386.7691955566406
2023-03-08,388.68389892578125
2023-03-09,391.55596923828125
2023-03-10,381.9824523925781
2023-03-13,385.33319091796875
2023-03-14,381.5037841796875
2023-03-15,383.41851806640625
2023-03-16,383.41851806640625
2023-03-17,386.7691955566406
2023-03-20,389.6412658691406
2023-03-21,390.5986328125
2023-03-22,399.69342041015625
2023-03-23,420.7550964355469
2023-03-24,431.7646179199219
2023-03-27,467.1865539550781
2023-03-28,453.78369140625
2023-03-29,449.4755859375
2023-03-30,459.049072265625
2023-03-31,456.17706298828125
2023-04-06,456.17706298828125
2023-04-07,465.7505187988281
2023-04-10,465.7505187988281
2023-04-11,468.1438903808594
2023-04-12,471.9732971191406
2023-04-13,459.5278015136719
2023-04-14,459.049072265625
2023-04-17,454.74102783203125
2023-04-18,454.74102783203125
2023-04-19,448.9969177246094
2023-04-20,443.73150634765625
2023-04-21,429.8499450683594
2023-04-24,432.2433166503906
2023-04-25,418.8404235839844
2023-04-26,417.4043884277344
2023-04-27,430.8072814941406
2023-04-28,435.5940246582031
2023-05-02,455.6983947753906
2023-05-03,450.91162109375
2023-05-04,449.95428466796875
2023-05-05,451.8689880371094
2023-05-08,459.5278015136719
2023-05-09,462.87847900390625
2023-05-10,459.5278015136719
2023-05-11,440.8594665527344
2023-05-12,444.6888427734375
2023-05-15,442.2954406738281
2023-05-16,449.4755859375
2023-05-17,465.2718811035156
2023-05-18,475.32403564453125
2023-05-19,509.3099060058594
2023-05-22,524.6275024414062
2023-05-23,523.670166015625
2023-05-24,522.7128295898438
2023-05-25,538.0304565429688
2023-05-26,572.4949951171875
2023-05-29,589.7273559570312
2023-05-30,595.4713745117188
2023-05-31,572.4949951171875
2023-06-01,577.2817993164062
2023-06-02,571.5376586914062
2023-06-05,578.2391357421875
2023-06-06,578.2391357421875
2023-06-07,588.77001953125
2023-06-08,569.6229858398438
2023-06-09,582.0685424804688
2023-06-12,592.599365234375
2023-06-13,606.002197265625
2023-06-14,589.7273559570312
2023-06-15,616.5330810546875
2023-06-16,607.9169311523438
2023-06-19,618.4478149414062
2023-06-20,637.5947875976562
2023-06-21,627.0639038085938
2023-06-26,587.8125610351562
2023-06-27,578.2391357421875
2023-06-28,576.3244018554688
2023-06-29,579.1964721679688
2023-06-30,617.4904174804688
2023-07-03,643.3388671875
2023-07-04,651.9550170898438
2023-07-05,648.1256103515625
2023-07-06,625.149169921875
2023-07-07,612.7036743164062
2023-07-10,606.9596557617188
2023-07-11,621.31982421875
2023-07-12,628.0213012695312
2023-07-13,636.6375122070312
2023-07-14,646.2109375
2023-07-17,621.31982421875
2023-07-18,615.5757446289062
2023-07-19,606.9596557617188
2023-07-20,601.2154541015625
2023-07-21,613.6610107421875
2023-07-24,628.9786376953125
2023-07-25,584.9406127929688
2023-07-26,552.3906860351562
2023-07-27,544.73193359375
2023-07-28,521.7554931640625
2023-07-31,508.35260009765625
2023-08-01,517.9261474609375
2023-08-02,530.3716430664062
2023-08-04,528.4569091796875
2023-08-07,543.7745361328125
2023-08-08,548.561279296875
2023-08-09,560.0494995117188
2023-08-10,541.85986328125
2023-08-11,566.7509155273438
2023-08-14,563.8788452148438
2023-08-15,580.15380859375
2023-08-16,583.0258178710938
2023-08-17,576.3244018554688
2023-08-18,576.3244018554688
2023-08-21,567.7083129882812
2023-08-22,568.6655883789062
2023-08-23,591.7703857421875
2023-08-24,618.1364135742188
2023-08-25,611.30078125
2023-08-28,612.27734375
2023-08-29,644.5023803710938
2023-08-30,661.103271484375
2023-08-31,631.8076782226562
2023-09-01,630.8311767578125
2023-09-04,623.9955444335938
2023-09-05,623.9955444335938
2023-09-06,619.1129760742188
2023-09-07,630.8311767578125
2023-09-08,644.5023803710938
2023-09-11,624.9720458984375
2023-09-12,622.04248046875
2023-09-13,621.0659790039062
2023-09-14,638.6433715820312
2023-09-15,605.441650390625
2023-09-18,615.2069091796875
2023-09-19,572.2400512695312
2023-09-20,576.1460571289062
2023-09-21,582.0052490234375
2023-09-22,586.8878173828125
2023-09-25,585.9113159179688
2023-09-26,587.8643188476562
2023-09-27,586.8878173828125
2023-09-28,608.3712768554688
2023-10-02,639.6198120117188
2023-10-03,636.6902465820312
2023-10-04,626.9251098632812
2023-10-05,627.901611328125
2023-10-06,615.2069091796875
2023-10-11,609.3477783203125
2023-10-12,617.159912109375
2023-10-13,617.159912109375
2023-10-16,605.441650390625
2023-10-17,614.2303466796875
2023-10-18,569.3104858398438
2023-10-19,597.6295776367188
2023-10-20,592.7469482421875
2023-10-23,573.2164916992188
2023-10-24,572.2400512695312
2023-10-25,584.934814453125
2023-10-26,549.7800903320312
2023-10-27,554.6627197265625
2023-10-30,567.357421875
2023-10-31,561.498291015625
2023-11-01,571.2635498046875
2023-11-02,608.3712768554688
2023-11-03,590.7938842773438
2023-11-06,575.1696166992188
2023-11-07,578.0991821289062
2023-11-08,580.0521850585938
2023-11-09,556.61572265625
2023-11-10,565.4043579101562
2023-11-13,566.3809814453125
2023-11-14,589.8173828125
2023-11-15,588.8408813476562
2023-11-16,590.7938842773438
2023-11-17,598.6060180664062
2023-11-20,608.3712768554688
2023-11-21,592.7469482421875
2023-11-22,582.9817504882812
2023-11-23,588.8408813476562
2023-11-24,581.0286865234375
2023-11-27,571.2635498046875
2023-11-28,582.9817504882812
2023-11-29,609.3477783203125
2023-11-30,632.7842407226562
2023-12-01,629.8546752929688
2023-12-04,634.7372436523438
2023-12-05,634.7372436523438
2023-12-06,618.1364135742188
2023-12-07,624.9720458984375
2023-12-08,653.2910766601562
2023-12-11,638.6433715820312
2023-12-12,651.3380737304688
2023-12-13,639.6198120117188
2023-12-14,648.4085083007812
2023-12-15,684.5397338867188
2023-12-18,703.0935668945312
2023-12-19,679.6571044921875
2023-12-20,677.7040405273438
2023-12-21,672.821533203125
2023-12-22,675.7510986328125
2023-12-25,667.9388427734375
2023-12-26,693.328369140625
2023-12-27,723.6004638671875
2023-12-28,763.6377563476562
2023-12-29,750.9429931640625
2024-01-02,716.7647705078125
2024-01-03,689.4223022460938
2024-01-04,685.5161743164062
2024-01-05,683.563232421875
2024-01-08,684.5397338867188
2024-01-09,685.5161743164062
2024-01-10,696.2579345703125
2024-01-11,690.3988037109375
2024-01-12,689.4223022460938
2024-01-15,683.563232421875
2024-01-16,700.1640014648438
2024-01-17,713.8352661132812
2024-01-18,689.4223022460938
2024-01-19,715.788330078125
2024-01-22,731.41259765625
2024-01-23,736.2952270507812
2024-01-24,707.9761352539062
2024-01-25,706.0231323242188
2024-01-26,711.8822021484375
2024-01-29,699.1875610351562
2024-01-30,734.3421630859375
2024-01-31,732.3890991210938
2024-02-01,738.2482299804688
2024-02-02,801.7219848632812
2024-02-05,808.5576171875
2024-02-15,829.064453125
2024-02-16,838.8297119140625
2024-02-19,812.4636840820312
2024-02-20,800.7454223632812
2024-02-21,786.09765625
2024-02-22,819.2992553710938
2024-02-23,834.923583984375
2024-02-26,893.5147094726562
2024-02-27,879.8434448242188
2024-02-29,897.4208374023438
2024-03-01,939.4110717773438
2024-03-04,956.9884643554688
2024-03-05,930.6224365234375
2024-03-06,972.61279296875
2024-03-07,958.9414672851562
2024-03-08,912.068603515625
2024-03-11,929.64599609375
2024-03-12,971.63623046875
2024-03-13,959.9180297851562
2024-03-14,889.608642578125
2024-03-15,885.7025756835938
2024-03-18,916.951171875
2024-03-19,883.7495727539062
2024-03-20,825.158447265625
2024-03-21,855.4304809570312
2024-03-22,868.125244140625
2024-03-25,877.8904418945312
2024-03-26,852.5009155273438
2024-03-27,879.8434448242188
2024-03-28,881.7965087890625
2024-03-29,900.3504028320312
2024-04-01,906.20947265625
2024-04-02,872.0313110351562
2024-04-03,908.1625366210938
2024-04-08,903.2799682617188
2024-04-09,890.5851440429688
2024-04-10,884.72607421875
2024-04-11,884.72607421875
2024-04-12,898.3972778320312
2024-04-15,874.9608764648438
2024-04-16,837.8530883789062
2024-04-17,888.6321411132812
2024-04-18,914.0216064453125
2024-04-19,885.7025756835938
2024-04-22,848.5948486328125
2024-04-23,845.665283203125
2024-04-24,920.8572387695312
2024-04-25,911.0921020507812
2024-04-26,935.5050659179688
2024-04-29,956.011962890625
2024-04-30,954.0588989257812
2024-05-02,910.115478515625
2024-05-03,903.2799682617188
2024-05-06,879.8434448242188
2024-05-07,878.866943359375
2024-05-08,917.927734375
2024-05-09,956.9884643554688
2024-05-10,919.8807373046875
2024-05-13,894.4912719726562
2024-05-14,896.4442749023438
2024-05-15,861.2896118164062
2024-05-16,898.3972778320312
2024-05-17,900.3504028320312
2024-05-20,901.3268432617188
2024-05-21,913.0450439453125
2024-05-22,909.1390380859375
2024-05-23,947.2232666015625
2024-05-24,967.7301635742188
2024-05-27,981.4014282226562
2024-05-28,1015.57958984375
2024-05-29,1059.52294921875
2024-05-30,1025.3447265625
2024-05-31,1010.697021484375
2024-06-03,991.1666259765625
2024-06-04,981.4014282226562
2024-06-05,986.2840576171875
2024-06-06,965.777099609375
2024-06-07,968.7066650390625
2024-06-11,991.1666259765625
2024-06-12,1005.8143920898438
2024-06-13,1025.3447265625
2024-06-14,1054.6402587890625
2024-06-17,1039.9925537109375
2024-06-18,991.1666259765625
2024-06-19,986.2840576171875
2024-06-20,981.4014282226562
2024-06-21,981.4014282226562
2024-06-24,976.518798828125
2024-06-25,966.753662109375
2024-06-26,1044.8751220703125
2024-06-27,1132.761962890625
2024-06-28,1171.8226318359375
2024-07-01,1142.527099609375
2024-07-02,1113.2314453125
2024-07-03,1142.527099609375
2024-07-04,1186.4703369140625
2024-07-05,1289.0047607421875
2024-07-08,1289.0047607421875
2024-07-09,1245.0615234375
2024-07-10,1244.9185791015625
2024-07-11,1264.60107421875
2024-07-12,1249.8392333984375
2024-07-15,1254.759765625
2024-07-16,1220.3153076171875
2024-07-17,1156.3472900390625
2024-07-18,1102.2203369140625
2024-07-19,1121.90283203125
2024-07-22,1048.0933837890625
2024-07-23,1112.0615234375
2024-07-26,1082.537841796875
2024-07-29,1033.33154296875
2024-07-30,1092.379150390625
2024-07-31,1141.5853271484375
2024-08-01,1116.982177734375
2024-08-02,1013.6490478515625
2024-08-05,1023.4902954101562
2024-08-06,1067.7760009765625
2024-08-07,1141.5853271484375
2024-08-08,1028.410888671875
2024-08-09,1062.8553466796875
2024-08-12,1057.934814453125
2024-08-13,1102.2203369140625
2024-08-14,1166.1884765625
2024-08-15,1195.7122802734375
2024-08-16,1313.8072509765625
2024-08-19,1363.0135498046875
2024-08-20,1318.7279052734375
2024-08-21,1333.4898681640625
2024-08-22,1338.4105224609375
2024-08-23,1358.0928955078125
2024-08-26,1318.7279052734375
2024-08-27,1308.8865966796875
2024-08-28,1284.2835693359375
2024-08-29,1279.3629150390625
2024-08-30,1333.4898681640625
2024-09-02,1264.60107421875
2024-09-03,1254.759765625
2024-09-04,1195.7122802734375
2024-09-05,1195.7122802734375
2024-09-06,1215.394775390625
2024-09-09,1205.553466796875
2024-09-10,1195.7122802734375
2024-09-11,1195.7122802734375
2024-09-12,1279.3629150390625
2024-09-13,1299.04541015625
2024-09-16,1323.6484375
2024-09-18,1353.17236328125
2024-09-19,1387.61669921875
2024-09-20,1397.4578857421875
2024-09-23,1338.4105224609375
2024-09-24,1313.8072509765625
2024-09-25,1343.3310546875
2024-09-26,1308.8865966796875
2024-09-27,1289.2041015625
2024-09-30,1274.4422607421875
2024-10-01,1328.5692138671875
2024-10-04,1358.0928955078125
2024-10-07,1387.61669921875
2024-10-08,1436.822998046875
2024-10-09,1431.90234375
2024-10-11,1481.1085205078125
2024-10-14,1466.3466796875
2024-10-15,1466.3466796875
2024-10-16,1422.0611572265625
2024-10-17,1466.3466796875
2024-10-18,1461.4261474609375
2024-10-21,1471.267333984375
2024-10-22,1505.711669921875
2024-10-23,1456.5054931640625
2024-10-24,1446.6641845703125
2024-10-25,1466.3466796875
2024-10-28,1441.74365234375
2024-10-29,1436.822998046875
2024-10-30,1451.5848388671875
2024-11-01,1397.4578857421875
2024-11-04,1436.822998046875
2024-11-05,1461.4261474609375
2024-11-06,1540.1561279296875
2024-11-07,1490.9498291015625
2024-11-08,1500.791015625
2024-11-11,1549.997314453125
2024-11-12,1490.9498291015625
2024-11-13,1471.267333984375
2024-11-14,1525.394287109375
2024-11-15,1466.3466796875
2024-11-18,1382.696044921875
2024-11-19,1441.74365234375
2024-11-20,1402.3785400390625
2024-11-21,1392.5372314453125
2024-11-22,1431.90234375
2024-11-25,1476.18798828125
2024-11-26,1382.696044921875
2024-11-27,1318.7279052734375
2024-11-28,1289.2041015625
2024-11-29,1363.0135498046875
2024-12-02,1407.2991943359375
2024-12-03,1456.5054931640625
2024-12-04,1515.552978515625
2024-12-05,1520.4736328125
2024-12-06,1486.0291748046875
2024-12-09,1500.791015625
2024-12-10,1486.0291748046875
2024-12-11,1486.0291748046875
2024-12-12,1436.822998046875
2024-12-13,1446.6641845703125
2024-12-16,1471.267333984375
2024-12-17,1490.9498291015625
2024-12-18,1456.5054931640625
2024-12-19,1412.2197265625
2024-12-20,1402.3785400390625
2024-12-23,1471.267333984375
2024-12-24,1441.74365234375
2024-12-25,1466.3466796875
2024-12-26,1471.267333984375
2024-12-27,1520.4736328125
2024-12-30,1510.63232421875
2024-12-31,1500.791015625
2025-01-02,1431.90234375
2025-01-03,1407.2991943359375
2025-01-06,1441.74365234375
2025-01-07,1545.0767822265625
2025-01-08,1451.5848388671875
2025-01-09,1431.90234375
2025-01-10,1367.9342041015625
2025-01-13,1328.5692138671875
2025-01-14,1353.17236328125
2025-01-15,1333.4898681640625
2025-01-16,1377.775390625
2025-01-17,1323.6484375
2025-01-20,1372.8548583984375
2025-01-21,1367.9342041015625
2025-01-22,1363.0135498046875
2025-02-03,1230.1566162109375
2025-02-04,1107.1409912109375
2025-02-05,1161.2679443359375
2025-02-06,1200.6328125
2025-02-07,1274.4422607421875
2025-02-10,1195.7122802734375
2025-02-11,1259.680419921875
2025-02-12,1264.60107421875
2025-02-13,1303.966064453125
2025-02-14,1333.4898681640625
2025-02-17,1392.5372314453125
2025-02-18,1367.9342041015625
2025-02-19,1397.4578857421875
2025-02-20,1338.4105224609375
2025-02-21,1343.3310546875
2025-02-24,1303.966064453125
2025-02-25,1244.9185791015625
2025-02-26,1323.6484375
2025-02-27,1318.7279052734375
2025-03-03,1249.8392333984375
2025-03-04,1244.9185791015625
2025-03-05,1279.3629150390625
2025-03-06,1259.680419921875
2025-03-07,1210.47412109375
2025-03-10,1205.553466796875
2025-03-11,1171.109130859375
2025-03-12,1195.7122802734375
2025-03-13,1195.7122802734375
2025-03-14,1166.1884765625
2025-03-17,1171.109130859375
2025-03-18,1200.6328125
2025-03-19,1116.982177734375
2025-03-20,1136.6646728515625
2025-03-21,1112.0615234375
2025-03-24,1087.45849609375
2025-03-25,1082.537841796875
2025-03-26,1121.90283203125
2025-03-27,1082.537841796875
2025-03-28,1043.1727294921875
2025-03-31,960.5062866210938
2025-04-01,1013.6490478515625
2025-04-02,1018.5697021484375
2025-04-07,917.2047729492188
2025-04-08,825.68115234375
2025-04-09,743.9987182617188
2025-04-10,817.8081665039062
2025-04-11,885.7127685546875
2025-04-14,886.6968994140625
2025-04-15,947.7127075195312
2025-04-16,893.5858154296875
2025-04-17,925.0777587890625
2025-04-18,919.1730346679688
2025-04-21,897.5222778320312
2025-04-22,845.3635864257812
2025-04-23,910.31591796875
2025-04-24,905.3953247070312
2025-04-25,993.966552734375
2025-04-28,1003.8078002929688
2025-04-29,1008.7284545898438
2025-04-30,984.1253051757812
2025-05-02,989.0459594726562
2025-05-05,989.0459594726562
2025-05-06,1043.1727294921875
2025-05-07,1048.0933837890625
2025-05-08,1072.6966552734375
2025-05-09,1097.2996826171875
2025-05-12,1161.2679443359375
2025-05-13,1161.2679443359375
2025-05-14,1249.8392333984375
2025-05-15,1279.3629150390625
2025-05-16,1358.0928955078125
2025-05-19,1279.3629150390625
2025-05-20,1259.680419921875
2025-05-21,1289.2041015625
2025-05-22,1274.4422607421875
2025-05-23,1269.5216064453125
2025-05-26,1279.3629150390625
2025-05-27,1264.60107421875
2025-05-28,1313.8072509765625
2025-05-29,1333.4898681640625
2025-06-02,1299.04541015625
2025-06-03,1363.0135498046875
2025-06-04,1338.4105224609375
2025-06-05,1338.4105224609375
2025-06-06,1338.4105224609375
2025-06-09,1372.8548583984375
2025-06-10,1397.4578857421875
2025-06-11,1451.5848388671875
2025-06-12,1471.267333984375
2025-06-13,1505.711669921875
2025-06-16,1471.267333984375
2025-06-17,1515.552978515625
2025-06-18,1525.394287109375
2025-06-19,1505.711669921875
2025-06-20,1456.5054931640625
2025-06-23,1426.981689453125
2025-06-24,1456.5054931640625
2025-06-25,1461.4261474609375
2025-06-26,1466.3466796875
2025-06-27,1476.18798828125
2025-06-30,1486.0291748046875
2025-07-01,1436.822998046875
2025-07-02,1446.6641845703125
2025-07-03,1500.791015625
2025-07-04,1461.4261474609375
2025-07-07,1431.90234375
2025-07-08,1446.6641845703125
2025-07-09,1441.74365234375
2025-07-10,1407.2991943359375
2025-07-11,1392.5372314453125
2025-07-14,1367.9342041015625
2025-07-15,1431.90234375
2025-07-16,1461.4261474609375
2025-07-17,1450.9908447265625
2025-07-18,1475.836669921875
2025-07-21,1411.2376708984375
2025-07-22,1356.5771484375
2025-07-23,1366.515380859375
2025-07-24,1441.0526123046875
2025-07-25,1431.1142578125
2025-07-28,1436.08349609375
2025-07-29,1371.4844970703125
2025-07-30,1376.4537353515625
2025-07-31,1431.1142578125
2025-08-04,1291.9781494140625
2025-08-05,1301.91650390625
2025-08-06,1316.823974609375
2025-08-07,1446.021728515625
2025-08-08,1500.682373046875
2025-08-11,1515.58984375
2025-08-12,1485.77490234375
2025-08-13,1436.08349609375
2025-08-14,1495.7132568359375
2025-08-15,1465.8983154296875
2025-08-18,1610.0035400390625
2025-08-19,1649.7567138671875
2025-08-20,1540.435546875
2025-08-21,1560.3121337890625
2025-08-22,1619.94189453125
2025-08-25,1778.95458984375
2025-08-26,1952.874755859375
2025-08-27,1923.059814453125
2025-08-28,1893.2449951171875
2025-08-29,2082.072509765625
2025-09-01,2191.393798828125
2025-09-02,2121.82568359375
2025-09-03,2201.33203125
2025-09-04,2419.974609375
2025-09-05,2395.128662109375
2025-09-08,2439.85107421875
2025-09-09,2439.85107421875
2025-09-10,2489.54248046875
2025-09-11,2439.85107421875
2025-09-12,2295.745849609375
2025-09-15,2290.776611328125
2025-09-16,2355.37548828125
2025-09-17,2320.591552734375
2025-09-18,2400.097900390625
2025-09-19,2290.776611328125
2025-09-22,2280.83837890625
2025-09-23,2340.46826171875
2025-09-24,2236.115966796875
2025-09-25,2186.424560546875
2025-09-26,2181.45556640625
2025-09-30,2395.128662109375
2025-10-01,2429.912841796875
2025-10-02,2454.758544921875
2025-10-03,2365.31396484375
2025-10-07,2305.68408203125
2025-10-08,2305.68408203125
2025-10-09,2285.8076171875
2025-10-13,2211.270263671875
2025-10-14,2181.45556640625
2025-10-15,2375.252197265625
2025-10-16,2325.560791015625
2025-10-17,2221.208740234375
2025-10-20,2251.0234375
2025-10-21,2226.177734375
2025-10-22,2221.208740234375
2025-10-23,2186.424560546875
2025-10-27,2121.82568359375
2025-10-28,2151.640625
2025-10-29,2101.94921875
2025-10-30,2131.763916015625
2025-10-31,2116.8564453125
2025-11-03,2131.763916015625
2025-11-04,2007.5352783203125
2025-11-05,2012.5045166015625
2025-11-06,2176.486328125
2025-11-07,2166.548095703125
2025-11-10,2216.239501953125
2025-11-11,2196.36279296875
2025-11-12,2251.0234375
2025-11-13,2459.727783203125
2025-11-14,2564.079833984375
2025-11-17,2539.234130859375
2025-11-18,2474.635009765625
2025-11-19,2434.8818359375
2025-11-20,2638.616943359375
2025-11-21,2529.295654296875
2025-11-24,2588.925537109375
2025-11-25,2578.9873046875
2025-11-26,2618.740478515625
2025-11-27,2698.246826171875
2025-11-28,2887.07421875
2025-12-01,2782.72216796875
2025-12-02,2782.72216796875
2025-12-03,2762.845703125
2025-12-04,2767.814697265625
2025-12-05,3041.117919921875
2025-12-08,3001.36474609375
2025-12-09,2931.796630859375
2025-12-10,2901.981689453125
2025-12-11,2911.920166015625
2025-12-12,2976.51904296875
2025-12-15,2897.0126953125
2025-12-16,2822.475341796875
2025-12-17,2688.308349609375
2025-12-18,2638.616943359375
2025-12-19,2613.771240234375
2025-12-22,2628.6787109375
2025-12-23,2698.246826171875
2025-12-24,2733.03076171875
2025-12-26,2723.092529296875
2025-12-29,2708.18505859375
2025-12-30,2742.968994140625
2025-12-31,2728.0615234375
2026-01-02,2574.01806640625
2026-01-05,2574.01806640625
2026-01-06,2623.70947265625
2026-01-07,2469.666015625
2026-01-08,2429.912841796875
2026-01-09,2549.17236328125
2026-01-12,2519.357421875
2026-01-13,2375.252197265625
2026-01-14,2434.8818359375
2026-01-15,2365.31396484375
2026-01-16,2395.128662109375
2026-01-19,2415.00537109375
2026-01-20,2444.8203125
2026-01-21,2315.622314453125
2026-01-22,2544.203125
2026-01-23,2777.753173828125
2026-01-26,2723.092529296875
2026-01-27,2777.753173828125
2026-01-28,2792.66064453125
2026-01-29,2877.135986328125
2026-01-30,2822.475341796875
2026-02-02,2936.765869140625
2026-02-03,3120.624267578125
2026-02-04,3090.809326171875
2026-02-05,2981.488037109375
2026-02-06,2951.67333984375
2026-02-09,3125.59326171875
2026-02-10,3329.328369140625
2026-02-11,3185.22314453125
2026-02-23,3060.994384765625
2026-02-24,2921.8583984375
2026-02-25,3110.68603515625
2026-02-26,3100.74755859375
2026-03-02,3026.21044921875
2026-03-03,3021.2412109375
2026-03-04,2862.228515625
2026-03-05,3120.624267578125
2026-03-06,3393.92724609375
2026-03-09,3160.37744140625
2026-03-10,3473.43359375
2026-03-11,3463.495361328125
2026-03-12,3418.77294921875
2026-03-13,3224.976318359375
2026-03-16,3369.08154296875
2026-03-17,3702.014404296875
2026-03-18,3955.44091796875
2026-03-19,3875.9345703125
2026-03-20,3826.2431640625
2026-03-23,3826.2431640625
2026-03-24,3925.6259765625
2026-03-25,3920.656982421875
2026-03-26,3915.687744140625
2026-03-27,4015.070556640625
2026-03-30,3865.996337890625
2026-03-31,3771.58251953125
2026-04-01,3925.6259765625
2026-04-02,3687.10693359375
2026-04-07,3736.79833984375
2026-04-08,3985.255859375
2026-04-09,4213.83642578125
2026-04-10,4099.54638671875
2026-04-13,4020.039794921875
2026-04-14,3975.3173828125
2026-04-15,4129.36083984375
2026-04-16,4352.97265625
2026-04-17,4536.8310546875
2026-04-20,4989.0234375
2026-04-21,5336.86376953125
2026-04-22,5376.61669921875
2026-04-23,5277.23388671875
2026-04-24,5336.86376953125
2026-04-27,4929.3935546875
2026-04-28,4919.45556640625
2026-04-29,5411.40087890625
2026-04-30,5346.80224609375
2026-05-04,5267.2958984375
2026-05-05,4750.50439453125
2026-05-06,4278.435546875
2026-05-07,3851.0888671875
2026-05-08,3627.477294921875
2026-05-11,3990.224853515625
2026-05-12,3895.81103515625
2026-05-13,3508.2177734375
2026-05-14,3344.23583984375
2026-05-15,3443.61865234375
2026-05-18,3249.822021484375
2026-05-19,3070.932861328125
2026-05-20,3011.302978515625
2026-05-21,3309.451904296875
2026-05-22,3637.41552734375
2026-05-25,3746.73681640625
2026-05-26,3647.353759765625
2026-05-27,3647.353759765625
2026-05-28,3478.40283203125
2026-05-29,3523.125
2026-06-01,3816.3046875
2026-06-02,3965.379150390625
2026-06-03,3880.90380859375
2026-06-04,3706.983642578125
2026-06-05,3597.662353515625
2026-06-08,3796.42822265625
2026-06-09,3910.718505859375
2026-06-10,3776.551513671875
2026-06-11,3597.662353515625
2026-06-12,3667.23046875
2026-06-15,3811.335693359375
2026-06-16,3761.64404296875
2026-06-17,3965.379150390625
2026-06-18,3940.533447265625
2026-06-22,3816.3046875
2026-06-23,3816.3046875
2026-06-24,3617.538818359375
2026-06-25,3369.08154296875
2026-06-26,3383.989013671875
2026-06-29,3299.513427734375
2026-06-30,3408.834716796875
2026-07-01,3379.019775390625
2026-07-02,3453.55712890625
2026-07-03,3398.896484375
2026-07-06,3299.513427734375
2026-07-07,3175.284912109375
2026-07-08,3180.25390625
2026-07-09,3185.22314453125
2026-07-10,3185.22314453125
2026-07-13,3175.284912109375
2026-07-14,3051.05615234375
2026-07-15,3259.76025390625
2026-07-16,3374.05078125
2026-07-17,3190.1923828125
2026-07-20,3180.25390625
2026-07-21,3498.279296875
2026-07-22,3500.0
2026-07-23,3710.0
2026-07-24,3430.0
2026-07-27,3525.0
2026-07-28,3370.0
2026-07-29,3310.0
2026-07-30,3135.0
2026-07-31,3445.0
2026-08-03,3770.0
2026-08-04,4145.0
2026-08-05,4340.0
2026-08-06,4450.0
2026-08-07,4380.0
2026-08-10,4135.0
2026-08-11,4065.0
2026-08-12,4470.0
2026-08-13,4635.0
2026-08-14,4855.0
2026-08-17,5340.0
2026-08-18,5150.0
2026-08-19,5460.0
2026-08-20,5600.0
2026-08-21,5395.0
2026-08-24,5155.0
2026-08-25,5205.0
2026-08-26,5725.0
2026-08-27,5645.0
2026-08-28,5785.0
2026-08-31,5990.0
2026-09-01,5885.0
2026-09-02,5770.0
2026-09-03,5615.0
2026-09-04,5875.0
2026-09-07,5655.0
2026-09-08,5550.0
2026-09-09,5760.0
2026-09-10,5790.0
2026-09-11,5765.0
2026-09-14,5820.0
2026-09-15,5310.0
2026-09-16,5240.0
2026-09-17,5355.0
