Price,AdjClose
Ticker,4958.TW
Date,
2011-12-26,26.01259994506836
2011-12-27,27.0531005859375
2011-12-28,27.001073837280273
2011-12-29,26.84499740600586
2011-12-30,27.157150268554688
2012-01-02,27.157150268554688
2012-01-03,27.157150268554688
2012-01-04,27.157150268554688
2012-01-05,27.157150268554688
2012-01-06,31.05903434753418
2012-01-09,32.25562286376953
2012-01-10,34.492706298828125
2012-01-11,34.492706298828125
2012-01-12,34.44068145751953
2012-01-13,33.29612350463867
2012-01-16,32.879920959472656
2012-01-17,35.169029235839844
2012-01-18,36.62574005126953
2012-01-30,37.6662483215332
2012-01-31,38.08243179321289
2012-02-01,37.041934967041016
2012-02-02,39.01889419555664
2012-02-03,39.38307571411133
2012-02-06,45.001792907714844
2012-02-07,46.92672348022461
2012-02-08,47.863182067871094
2012-02-09,47.863182067871094
2012-02-10,50.98469543457031
2012-02-13,54.106201171875
2012-02-14,51.50494384765625
2012-02-15,51.50494384765625
2012-02-16,47.91520309448242
2012-02-17,46.40647506713867
2012-02-20,48.27936553955078
2012-02-21,46.77064514160156
2012-02-22,48.12330627441406
2012-02-23,47.863182067871094
2012-02-24,47.0307731628418
2012-02-29,46.92672348022461
2012-03-01,47.49899673461914
2012-03-02,50.464439392089844
2012-03-05,48.79963684082031
2012-03-06,46.45849609375
2012-03-07,47.34291458129883
2012-03-08,47.863182067871094
2012-03-09,47.65508270263672
2012-03-12,46.562538146972656
2012-03-13,45.57405471801758
2012-03-14,46.562538146972656
2012-03-15,45.938236236572266
2012-03-16,47.34291458129883
2012-03-19,45.782169342041016
2012-03-20,44.74166488647461
2012-03-21,43.9612922668457
2012-03-22,45.15786361694336
2012-03-23,47.2908935546875
2012-03-26,48.22734832763672
2012-03-27,48.12330627441406
2012-03-28,50.204307556152344
2012-03-29,50.88063430786133
2012-03-30,50.98469543457031
2012-04-02,49.944183349609375
2012-04-03,48.383426666259766
2012-04-05,49.944183349609375
2012-04-06,49.944183349609375
2012-04-09,49.89215087890625
2012-04-10,49.05976486206055
2012-04-11,49.4239387512207
2012-04-12,52.80556869506836
2012-04-13,56.44734191894531
2012-04-16,56.18720626831055
2012-04-17,54.62645721435547
2012-04-18,58.00809860229492
2012-04-19,56.70745086669922
2012-04-20,54.62645721435547
2012-04-23,54.3663215637207
2012-04-24,54.3663215637207
2012-04-25,56.96757888793945
2012-04-26,56.18720626831055
2012-04-27,52.28532409667969
2012-04-30,50.72455978393555
2012-05-02,53.3258171081543
2012-05-03,52.02519989013672
2012-05-04,50.828617095947266
2012-05-07,48.383426666259766
2012-05-08,48.9036865234375
2012-05-09,49.16380310058594
2012-05-10,49.89215087890625
2012-05-11,48.12330627441406
2012-05-14,48.53949737548828
2012-05-15,51.0887336730957
2012-05-16,50.72455978393555
2012-05-17,50.828617095947266
2012-05-18,48.383426666259766
2012-05-21,45.001792907714844
2012-05-22,46.82266616821289
2012-05-23,45.782169342041016
2012-05-24,46.82266616821289
2012-05-25,47.186851501464844
2012-05-28,46.666603088378906
2012-05-29,49.16380310058594
2012-05-30,50.100257873535156
2012-05-31,48.53949737548828
2012-06-01,47.8111572265625
2012-06-04,44.481536865234375
2012-06-05,45.52204513549805
2012-06-06,45.83419418334961
2012-06-07,46.042293548583984
2012-06-08,46.042293548583984
2012-06-11,46.09431457519531
2012-06-12,45.57405471801758
2012-06-13,45.57405471801758
2012-06-14,45.57405471801758
2012-06-15,46.92672348022461
2012-06-18,48.74760055541992
2012-06-19,48.643558502197266
2012-06-20,50.464439392089844
2012-06-21,50.25632858276367
2012-06-22,50.25632858276367
2012-06-25,50.464439392089844
2012-06-26,49.944183349609375
2012-06-27,49.736083984375
2012-06-28,48.643558502197266
2012-06-29,48.69558334350586
2012-07-02,49.16380310058594
2012-07-03,48.69558334350586
2012-07-04,48.53949737548828
2012-07-05,48.643558502197266
2012-07-06,48.12330627441406
2012-07-09,47.49899673461914
2012-07-10,45.053810119628906
2012-07-11,45.6260986328125
2012-07-12,44.79368591308594
2012-07-13,45.67811965942383
2012-07-16,45.26192092895508
2012-07-17,43.02482986450195
2012-07-18,41.308006286621094
2012-07-19,44.16938400268555
2012-07-20,45.26192092895508
2012-07-23,44.481536865234375
2012-07-24,44.58559036254883
2012-07-25,45.105838775634766
2012-07-26,44.74166488647461
2012-07-27,47.34291458129883
2012-07-30,46.82266616821289
2012-07-31,47.0307731628418
2012-08-01,46.562538146972656
2012-08-02,46.562538146972656
2012-08-03,46.92672348022461
2012-08-06,46.82266616821289
2012-08-07,46.92672348022461
2012-08-08,46.82266616821289
2012-08-09,50.100257873535156
2012-08-10,52.80556869506836
2012-08-13,52.05582046508789
2012-08-14,54.261573791503906
2012-08-15,54.59242630004883
2012-08-16,54.151283264160156
2012-08-17,52.938114166259766
2012-08-20,53.93069839477539
2012-08-21,53.158687591552734
2012-08-22,52.88297653198242
2012-08-23,53.21384811401367
2012-08-24,52.938114166259766
2012-08-27,53.158687591552734
2012-08-28,51.28379821777344
2012-08-29,52.166107177734375
2012-08-30,52.60724639892578
2012-08-31,52.38667297363281
2012-09-03,54.59242630004883
2012-09-04,53.765262603759766
2012-09-05,54.70271682739258
2012-09-06,54.261573791503906
2012-09-07,53.765262603759766
2012-09-10,52.938114166259766
2012-09-11,53.10354232788086
2012-09-12,54.59242630004883
2012-09-13,53.04840087890625
2012-09-14,53.32412338256836
2012-09-17,54.04100036621094
2012-09-18,53.37926483154297
2012-09-19,53.59984588623047
2012-09-20,52.60724639892578
2012-09-21,53.48954772949219
2012-09-24,53.765262603759766
2012-09-25,52.166107177734375
2012-09-26,49.684635162353516
2012-09-27,49.96034240722656
2012-09-28,50.78750228881836
2012-10-01,50.01548385620117
2012-10-02,50.677207946777344
2012-10-03,50.842647552490234
2012-10-04,50.677207946777344
2012-10-05,50.952938079833984
2012-10-08,48.526615142822266
2012-10-09,48.74717712402344
2012-10-11,49.02290344238281
2012-10-12,48.471466064453125
2012-10-15,48.36117935180664
2012-10-16,48.0854606628418
2012-10-17,48.25088882446289
2012-10-18,45.824562072753906
2012-10-19,46.817142486572266
2012-10-22,47.14801025390625
2012-10-23,46.982582092285156
2012-10-24,46.817142486572266
2012-10-25,46.87228775024414
2012-10-26,45.879695892333984
2012-10-29,42.73649597167969
2012-10-30,43.28794479370117
2012-10-31,42.571075439453125
2012-11-01,44.17024612426758
2012-11-02,43.563663482666016
2012-11-05,43.2327880859375
2012-11-06,44.22538757324219
2012-11-07,45.65912628173828
2012-11-08,44.83197021484375
2012-11-09,44.445960998535156
2012-11-12,44.887115478515625
2012-11-13,43.12250900268555
2012-11-14,44.11510467529297
2012-11-15,43.67395782470703
2012-11-16,42.460777282714844
2012-11-19,39.703582763671875
2012-11-20,40.25503158569336
2012-11-21,39.372718811035156
2012-11-22,40.19987869262695
2012-11-23,43.0122184753418
2012-11-26,44.11510467529297
2012-11-27,44.33567428588867
2012-11-28,44.33567428588867
2012-11-29,43.78423309326172
2012-11-30,43.83938217163086
2012-12-03,44.445960998535156
2012-12-04,45.76941680908203
2012-12-05,45.76941680908203
2012-12-06,46.100276947021484
2012-12-07,46.32085418701172
2012-12-10,45.60398483276367
2012-12-11,44.39081954956055
2012-12-12,44.05995178222656
2012-12-13,43.39822769165039
2012-12-14,41.082176208496094
2012-12-17,39.04186248779297
2012-12-18,39.20729446411133
2012-12-19,41.357906341552734
2012-12-20,40.69617462158203
2012-12-21,39.483009338378906
2012-12-24,39.26243591308594
2012-12-25,39.648441314697266
2012-12-26,39.097007751464844
2012-12-27,39.26243591308594
2012-12-28,39.42787551879883
2013-01-02,39.483009338378906
2013-01-03,41.027042388916016
2013-01-04,41.192474365234375
2013-01-07,39.593299865722656
2013-01-08,38.600704193115234
2013-01-09,38.32499313354492
2013-01-10,36.94639587402344
2013-01-11,38.04926681518555
2013-01-14,37.27725601196289
2013-01-15,36.174381256103516
2013-01-16,36.67067337036133
2013-01-17,36.229522705078125
2013-01-18,36.89125061035156
2013-01-21,37.22211456298828
2013-01-22,38.655860900878906
2013-01-23,38.32499313354492
2013-01-24,37.773555755615234
2013-01-25,38.26984405517578
2013-01-28,38.04926681518555
2013-01-29,39.703582763671875
2013-01-30,39.758724212646484
2013-01-31,39.979305267333984
2013-02-01,39.42787551879883
2013-02-04,39.15214538574219
2013-02-05,38.87643051147461
2013-02-06,38.490421295166016
2013-02-18,38.21470260620117
2013-02-19,38.87643051147461
2013-02-20,39.20729446411133
2013-02-21,38.545562744140625
2013-02-22,37.828697204589844
2013-02-25,37.497833251953125
2013-02-26,36.7258186340332
2013-02-27,37.1118278503418
2013-03-01,36.83610534667969
2013-03-04,36.06409454345703
2013-03-05,35.953800201416016
2013-03-06,36.394954681396484
2013-03-07,35.8435173034668
2013-03-08,35.953800201416016
2013-03-11,35.67808151245117
2013-03-12,36.394954681396484
2013-03-13,36.94639587402344
2013-03-14,36.67067337036133
2013-03-15,36.83610534667969
2013-03-18,36.61553192138672
2013-03-19,37.1118278503418
2013-03-20,36.33980941772461
2013-03-21,36.008949279785156
2013-03-22,36.45009231567383
2013-03-25,36.7258186340332
2013-03-26,39.26243591308594
2013-03-27,38.766143798828125
2013-03-28,39.15214538574219
2013-03-29,39.372718811035156
2013-04-01,39.813873291015625
2013-04-02,40.03445053100586
2013-04-03,39.758724212646484
2013-04-08,39.31758499145508
2013-04-09,39.924163818359375
2013-04-10,39.42787551879883
2013-04-11,39.758724212646484
2013-04-12,38.821285247802734
2013-04-15,37.9941291809082
2013-04-16,38.98671340942383
2013-04-17,38.545562744140625
2013-04-18,38.15955352783203
2013-04-19,38.600704193115234
2013-04-22,38.10441207885742
2013-04-23,38.545562744140625
2013-04-24,39.04186248779297
2013-04-25,38.490421295166016
2013-04-26,38.87643051147461
2013-04-29,38.87643051147461
2013-04-30,39.758724212646484
2013-05-02,40.42045211791992
2013-05-03,40.089599609375
2013-05-06,40.97188949584961
2013-05-07,41.192474365234375
2013-05-08,41.413047790527344
2013-05-09,40.69617462158203
2013-05-10,40.58588790893555
2013-05-13,40.64103317260742
2013-05-14,40.19987869262695
2013-05-15,40.530738830566406
2013-05-16,41.247615814208984
2013-05-17,42.01962661743164
2013-05-20,41.909332275390625
2013-05-21,41.413047790527344
2013-05-22,41.52333450317383
2013-05-23,40.97188949584961
2013-05-24,41.082176208496094
2013-05-27,41.46818161010742
2013-05-28,41.909332275390625
2013-05-29,42.18505859375
2013-05-30,41.96448516845703
2013-05-31,42.73649597167969
2013-06-03,42.405635833740234
2013-06-04,41.74391174316406
2013-06-05,41.46818161010742
2013-06-06,39.703582763671875
2013-06-07,39.758724212646484
2013-06-10,41.192474365234375
2013-06-11,40.91675567626953
2013-06-13,40.19987869262695
2013-06-14,39.924163818359375
2013-06-17,39.593299865722656
2013-06-18,39.979305267333984
2013-06-19,39.979305267333984
2013-06-20,38.766143798828125
2013-06-21,38.545562744140625
2013-06-24,38.04926681518555
2013-06-25,36.7258186340332
2013-06-26,38.04926681518555
2013-06-27,37.60811996459961
2013-06-28,37.71841049194336
2013-07-01,38.26984405517578
2013-07-02,37.9941291809082
2013-07-03,37.497833251953125
2013-07-04,35.6229362487793
2013-07-05,36.94639587402344
2013-07-08,36.83610534667969
2013-07-09,36.94639587402344
2013-07-10,37.497833251953125
2013-07-11,38.821285247802734
2013-07-12,39.26243591308594
2013-07-15,39.593299865722656
2013-07-16,39.42787551879883
2013-07-17,38.26984405517578
2013-07-18,37.71841049194336
2013-07-19,37.22211456298828
2013-07-22,37.22211456298828
2013-07-23,38.98671340942383
2013-07-24,40.089599609375
2013-07-25,40.30790328979492
2013-07-26,40.36745071411133
2013-07-29,40.54606628417969
2013-07-30,40.78422164916992
2013-07-31,40.24835968017578
2013-08-01,40.24835968017578
2013-08-02,40.06975555419922
2013-08-05,41.67730712890625
2013-08-06,41.260528564453125
2013-08-07,40.96284103393555
2013-08-08,41.37960433959961
2013-08-09,41.43914031982422
2013-08-12,42.74900436401367
2013-08-13,44.65425109863281
2013-08-14,44.95195388793945
2013-08-15,44.41609573364258
2013-08-16,44.95195388793945
2013-08-19,44.118404388427734
2013-08-20,44.118404388427734
2013-08-22,46.797645568847656
2013-08-23,46.619041442871094
2013-08-26,47.03581619262695
2013-08-27,46.023651123046875
2013-08-28,46.44042205810547
2013-08-29,46.619041442871094
2013-08-30,47.27396774291992
2013-09-02,46.797645568847656
2013-09-03,46.97627258300781
2013-09-04,45.30917739868164
2013-09-05,45.368717193603516
2013-09-06,45.13057327270508
2013-09-09,44.59471893310547
2013-09-10,44.77333068847656
2013-09-11,42.98715591430664
2013-09-12,42.15361404418945
2013-09-13,42.33222961425781
2013-09-16,43.463470458984375
2013-09-17,42.868080139160156
2013-09-18,42.62993240356445
2013-09-23,42.57038879394531
2013-09-24,42.98715591430664
2013-09-25,42.80854797363281
2013-09-26,42.45130920410156
2013-09-27,42.27268981933594
2013-09-30,41.85592269897461
2013-10-01,41.79637908935547
2013-10-02,42.510841369628906
2013-10-03,43.225311279296875
2013-10-04,42.80854797363281
2013-10-07,41.915462493896484
2013-10-08,42.45130920410156
2013-10-09,42.45130920410156
2013-10-11,42.15361404418945
2013-10-14,39.7125129699707
2013-10-15,40.12928771972656
2013-10-16,40.54606628417969
2013-10-17,40.48652267456055
2013-10-18,41.200984954833984
2013-10-21,41.61776351928711
2013-10-22,42.15361404418945
2013-10-23,41.558223724365234
2013-10-24,41.736839294433594
2013-10-25,41.85592269897461
2013-10-28,41.915462493896484
2013-10-29,41.61776351928711
2013-10-30,41.67730712890625
2013-10-31,41.081912994384766
2013-11-01,40.01021194458008
2013-11-04,40.48652267456055
2013-11-05,40.6056022644043
2013-11-06,40.48652267456055
2013-11-07,40.48652267456055
2013-11-08,41.081912994384766
2013-11-11,41.260528564453125
2013-11-12,40.90329360961914
2013-11-13,40.30790328979492
2013-11-14,40.8437614440918
2013-11-15,40.72468185424805
2013-11-18,40.18882369995117
2013-11-19,40.6056022644043
2013-11-20,40.24835968017578
2013-11-21,39.65297317504883
2013-11-22,40.6056022644043
2013-11-25,40.665138244628906
2013-11-26,40.665138244628906
2013-11-27,40.90329360961914
2013-11-28,41.67730712890625
2013-11-29,42.45130920410156
2013-12-02,42.57038879394531
2013-12-03,42.6894645690918
2013-12-04,42.6894645690918
2013-12-05,42.33222961425781
2013-12-06,42.868080139160156
2013-12-09,42.39176940917969
2013-12-10,42.33222961425781
2013-12-11,42.094078063964844
2013-12-12,42.21315383911133
2013-12-13,42.39176940917969
2013-12-16,41.79637908935547
2013-12-17,41.85592269897461
2013-12-18,43.16577911376953
2013-12-19,43.16577911376953
2013-12-20,43.523006439208984
2013-12-23,43.939788818359375
2013-12-24,43.64208984375
2013-12-25,43.4039421081543
2013-12-26,43.284847259521484
2013-12-27,43.34439468383789
2013-12-30,42.868080139160156
2013-12-31,42.74900436401367
2014-01-02,43.701629638671875
2014-01-03,43.34439468383789
2014-01-06,42.98715591430664
2014-01-07,43.939788818359375
2014-01-08,45.19010925292969
2014-01-09,45.78548812866211
2014-01-10,46.2022705078125
2014-01-13,46.023651123046875
2014-01-14,46.26180648803711
2014-01-15,46.26180648803711
2014-01-16,45.606876373291016
2014-01-17,45.84503173828125
2014-01-20,46.91674041748047
2014-01-21,46.44042205810547
2014-01-22,46.32134246826172
2014-01-23,45.30917739868164
2014-01-24,45.78548812866211
2014-01-27,45.07101821899414
2014-02-05,43.701629638671875
2014-02-06,43.701629638671875
2014-02-07,43.939788818359375
2014-02-10,43.99931716918945
2014-02-11,43.76116943359375
2014-02-12,43.82070541381836
2014-02-13,44.17793655395508
2014-02-14,44.17793655395508
2014-02-17,43.82070541381836
2014-02-18,43.523006439208984
2014-02-19,44.35654830932617
2014-02-20,44.23748016357422
2014-02-21,44.83287048339844
2014-02-24,43.82070541381836
2014-02-25,43.82070541381836
2014-02-26,43.82070541381836
2014-02-27,44.29701614379883
2014-03-03,43.34439468383789
2014-03-04,42.6894645690918
2014-03-05,42.98715591430664
2014-03-06,42.868080139160156
2014-03-07,43.58254623413086
2014-03-10,43.523006439208984
2014-03-11,43.225311279296875
2014-03-12,42.868080139160156
2014-03-13,42.98715591430664
2014-03-14,42.868080139160156
2014-03-17,43.463470458984375
2014-03-18,43.4039421081543
2014-03-19,43.463470458984375
2014-03-20,43.88024139404297
2014-03-21,43.99931716918945
2014-03-24,43.939788818359375
2014-03-25,45.72595977783203
2014-03-26,46.2022705078125
2014-03-27,46.26180648803711
2014-03-28,45.72595977783203
2014-03-31,46.499961853027344
2014-04-01,46.2022705078125
2014-04-02,47.57167434692383
2014-04-03,47.631202697753906
2014-04-07,47.57167434692383
2014-04-08,50.19137954711914
2014-04-09,49.95322799682617
2014-04-10,49.41737365722656
2014-04-11,48.88152313232422
2014-04-14,50.012779235839844
2014-04-15,52.394325256347656
2014-04-16,51.79893493652344
2014-04-17,51.97755432128906
2014-04-18,52.394325256347656
2014-04-21,55.07356643676758
2014-04-22,54.299560546875
2014-04-23,53.76373291015625
2014-04-24,53.34693908691406
2014-04-25,52.69202423095703
2014-04-28,52.453857421875
2014-04-29,54.18049240112305
2014-04-30,52.096622467041016
2014-05-02,52.989707946777344
2014-05-05,55.07356643676758
2014-05-06,54.41864776611328
2014-05-07,53.585105895996094
2014-05-08,53.644630432128906
2014-05-09,52.989707946777344
2014-05-12,52.69202423095703
2014-05-13,50.96538162231445
2014-05-14,51.67985916137695
2014-05-15,51.79893493652344
2014-05-16,52.453857421875
2014-05-19,52.69202423095703
2014-05-20,52.751556396484375
2014-05-21,51.67985916137695
2014-05-22,53.82326889038086
2014-05-23,53.644630432128906
2014-05-26,54.00186538696289
2014-05-27,53.585105895996094
2014-05-28,54.359107971191406
2014-05-29,54.359107971191406
2014-05-30,56.20481872558594
2014-06-03,55.9666633605957
2014-06-04,55.78803634643555
2014-06-05,55.9666633605957
2014-06-06,57.693294525146484
2014-06-09,57.216983795166016
2014-06-10,57.0979118347168
2014-06-11,57.27651596069336
2014-06-12,56.97882080078125
2014-06-13,56.97882080078125
2014-06-16,57.812381744384766
2014-06-17,57.33606719970703
2014-06-18,55.90711975097656
2014-06-19,56.8597526550293
2014-06-20,56.6215934753418
2014-06-23,56.32389450073242
2014-06-24,56.56205368041992
2014-06-25,56.56205368041992
2014-06-26,56.8597526550293
2014-06-27,57.33606719970703
2014-06-30,58.526832580566406
2014-07-01,59.241302490234375
2014-07-02,58.64590835571289
2014-07-03,58.64590835571289
2014-07-04,58.05052947998047
2014-07-07,58.05052947998047
2014-07-08,57.812381744384766
2014-07-09,58.288692474365234
2014-07-10,59.53899383544922
2014-07-11,58.824527740478516
2014-07-14,58.94361877441406
2014-07-15,58.88407516479492
2014-07-16,58.110069274902344
2014-07-17,56.56205368041992
2014-07-18,56.56205368041992
2014-07-21,57.7528190612793
2014-07-22,57.7528190612793
2014-07-23,57.7528190612793
2014-07-24,57.157447814941406
2014-07-25,56.56205368041992
2014-07-28,55.549903869628906
2014-07-29,53.34693908691406
2014-07-30,54.00186538696289
2014-07-31,54.06141662597656
2014-08-01,54.775875091552734
2014-08-04,54.775875091552734
2014-08-05,53.585105895996094
2014-08-06,53.585105895996094
2014-08-07,53.585105895996094
2014-08-08,52.751556396484375
2014-08-11,54.53773498535156
2014-08-12,55.90711975097656
2014-08-13,56.08574295043945
2014-08-14,55.252193450927734
2014-08-15,55.37126922607422
2014-08-18,55.37126922607422
2014-08-19,56.56205368041992
2014-08-20,55.66896057128906
2014-08-21,55.192657470703125
2014-08-22,56.20481872558594
2014-08-25,56.8597526550293
2014-08-26,56.91929244995117
2014-08-27,56.56205368041992
2014-08-28,56.74066162109375
2014-08-29,58.824527740478516
2014-09-01,58.40776824951172
2014-09-02,56.50382995605469
2014-09-03,56.62666702270508
2014-09-04,56.19674301147461
2014-09-05,55.88965606689453
2014-09-09,57.11799621582031
2014-09-10,56.073909759521484
2014-09-11,56.3809928894043
2014-09-12,54.538482666015625
2014-09-15,55.52116012573242
2014-09-16,54.78414535522461
2014-09-17,54.90697479248047
2014-09-18,55.398319244384766
2014-09-19,55.029823303222656
2014-09-22,55.275489807128906
2014-09-23,54.538482666015625
2014-09-24,54.4156494140625
2014-09-25,52.81879425048828
2014-09-26,52.388877868652344
2014-09-29,53.248714447021484
2014-09-30,54.10855484008789
2014-10-01,54.4156494140625
2014-10-02,54.661319732666016
2014-10-03,54.90697479248047
2014-10-06,54.047149658203125
2014-10-07,53.494388580322266
2014-10-08,53.248714447021484
2014-10-09,52.388877868652344
2014-10-13,50.85344696044922
2014-10-14,50.97628402709961
2014-10-15,49.13376235961914
2014-10-16,48.765262603759766
2014-10-17,46.492828369140625
2014-10-20,48.94951629638672
2014-10-21,48.765262603759766
2014-10-22,49.50226593017578
2014-10-23,49.74794006347656
2014-10-24,48.33533477783203
2014-10-27,47.16842269897461
2014-10-28,48.64242172241211
2014-10-29,49.932193756103516
2014-10-30,49.809356689453125
2014-10-31,51.16053009033203
2014-11-03,52.02036666870117
2014-11-04,50.48493957519531
2014-11-05,50.177860260009766
2014-11-06,49.62510681152344
2014-11-07,50.79201889038086
2014-11-10,50.79201889038086
2014-11-11,51.40620040893555
2014-11-12,50.85344696044922
2014-11-13,51.59046173095703
2014-11-14,51.836124420166016
2014-11-17,50.85344696044922
2014-11-18,50.30069351196289
2014-11-19,51.099117279052734
2014-11-20,51.221946716308594
2014-11-21,50.85344696044922
2014-11-24,51.283363342285156
2014-11-25,50.91487121582031
2014-11-26,50.91487121582031
2014-11-27,51.34477996826172
2014-11-28,51.221946716308594
2014-12-01,50.85344696044922
2014-12-02,49.932193756103516
2014-12-03,51.221946716308594
2014-12-04,53.003047943115234
2014-12-05,52.941627502441406
2014-12-08,52.45029067993164
2014-12-09,52.81879425048828
2014-12-10,52.941627502441406
2014-12-11,52.880210876464844
2014-12-12,52.75737762451172
2014-12-15,52.02036666870117
2014-12-16,52.20463180541992
2014-12-17,51.037696838378906
2014-12-18,51.77471160888672
2014-12-19,51.099117279052734
2014-12-22,52.08179473876953
2014-12-23,51.89752960205078
2014-12-24,52.08179473876953
2014-12-25,51.77471160888672
2014-12-26,51.65187072753906
2014-12-29,51.65187072753906
2014-12-30,52.08179473876953
2014-12-31,52.20463180541992
2015-01-05,52.45029067993164
2015-01-06,51.16053009033203
2015-01-07,51.89752960205078
2015-01-08,52.57312774658203
2015-01-09,52.941627502441406
2015-01-12,53.92431640625
2015-01-13,54.4156494140625
2015-01-14,54.292808532714844
2015-01-15,54.47705841064453
2015-01-16,53.740055084228516
2015-01-19,53.248714447021484
2015-01-20,54.10855484008789
2015-01-21,54.90697479248047
2015-01-22,54.538482666015625
2015-01-23,55.3369026184082
2015-01-26,55.275489807128906
2015-01-27,55.398319244384766
2015-01-28,55.64398193359375
2015-01-29,55.58257293701172
2015-01-30,54.84557342529297
2015-02-02,54.78414535522461
2015-02-03,55.3369026184082
2015-02-04,56.19674301147461
2015-02-05,55.82823181152344
2015-02-06,55.152652740478516
2015-02-09,55.029823303222656
2015-02-10,55.029823303222656
2015-02-11,55.3369026184082
2015-02-12,56.74949264526367
2015-02-13,56.56524658203125
2015-02-24,57.42509841918945
2015-02-25,58.469173431396484
2015-02-26,60.127445220947266
2015-03-02,61.11011505126953
2015-03-03,62.64555358886719
2015-03-04,62.031375885009766
2015-03-05,63.56680679321289
2015-03-06,65.40933990478516
2015-03-09,65.10224914550781
2015-03-10,63.56680679321289
2015-03-11,63.25971984863281
2015-03-12,64.18098449707031
2015-03-13,64.48806762695312
2015-03-16,62.952640533447266
2015-03-17,62.33847427368164
2015-03-18,64.18098449707031
2015-03-19,64.18098449707031
2015-03-20,64.18098449707031
2015-03-23,63.25971984863281
2015-03-24,63.25971984863281
2015-03-25,62.031375885009766
2015-03-26,62.031375885009766
2015-03-27,61.23295211791992
2015-03-30,61.35578918457031
2015-03-31,62.64555358886719
2015-04-01,60.86444854736328
2015-04-02,65.10224914550781
2015-04-07,66.94476318359375
2015-04-08,63.873897552490234
2015-04-09,62.33847427368164
2015-04-10,64.79515838623047
2015-04-13,66.3305892944336
2015-04-14,65.40933990478516
2015-04-15,65.40933990478516
2015-04-16,64.79515838623047
2015-04-17,63.56680679321289
2015-04-20,62.33847427368164
2015-04-21,62.031375885009766
2015-04-22,63.873897552490234
2015-04-23,68.17310333251953
2015-04-24,70.32270812988281
2015-04-27,70.32270812988281
2015-04-28,70.6297836303711
2015-04-29,66.02349090576172
2015-04-30,65.71640014648438
2015-05-04,68.78727722167969
2015-05-05,68.48018646240234
2015-05-06,69.40145111083984
2015-05-07,66.02349090576172
2015-05-08,63.25971984863281
2015-05-11,65.40933990478516
2015-05-12,65.71640014648438
2015-05-13,64.79515838623047
2015-05-14,64.48806762695312
2015-05-15,63.25971984863281
2015-05-18,66.6376724243164
2015-05-19,66.94476318359375
2015-05-20,66.6376724243164
2015-05-21,67.55892181396484
2015-05-22,66.94476318359375
2015-05-25,68.78727722167969
2015-05-26,67.86601257324219
2015-05-27,66.94476318359375
2015-05-28,67.55892181396484
2015-05-29,66.94476318359375
2015-06-01,66.94476318359375
2015-06-02,67.25184631347656
2015-06-03,67.25184631347656
2015-06-04,66.94476318359375
2015-06-05,67.25184631347656
2015-06-08,67.86601257324219
2015-06-09,64.79515838623047
2015-06-10,64.18098449707031
2015-06-11,65.71640014648438
2015-06-12,66.3305892944336
2015-06-15,63.873897552490234
2015-06-16,62.952640533447266
2015-06-17,63.873897552490234
2015-06-18,64.18098449707031
2015-06-22,67.25184631347656
2015-06-23,66.94476318359375
2015-06-24,67.55892181396484
2015-06-25,70.01561737060547
2015-06-26,68.48018646240234
2015-06-29,64.48806762695312
2015-06-30,66.3305892944336
2015-07-01,68.78727722167969
2015-07-02,67.25184631347656
2015-07-03,66.94476318359375
2015-07-06,66.6376724243164
2015-07-07,64.48806762695312
2015-07-08,62.33847427368164
2015-07-09,62.952640533447266
2015-07-10,62.952640533447266
2015-07-13,64.79515838623047
2015-07-14,65.71640014648438
2015-07-15,65.10224914550781
2015-07-16,66.6376724243164
2015-07-17,66.3305892944336
2015-07-20,66.02349090576172
2015-07-21,65.71640014648438
2015-07-22,62.031375885009766
2015-07-23,61.72428894042969
2015-07-24,62.64555358886719
2015-07-27,56.50382995605469
2015-07-28,59.083351135253906
2015-07-29,60.557373046875
2015-07-30,59.75893783569336
2015-07-31,60.127445220947266
2015-08-03,58.653438568115234
2015-08-04,55.88965606689453
2015-08-05,58.77626419067383
2015-08-06,56.50382995605469
2015-08-07,56.62666702270508
2015-08-10,59.26760482788086
2015-08-11,60.004600524902344
2015-08-12,58.96052551269531
2015-08-13,60.80303192138672
2015-08-14,61.72428894042969
2015-08-17,61.72428894042969
2015-08-18,61.04871368408203
2015-08-19,60.18886947631836
2015-08-20,56.50382995605469
2015-08-21,53.740055084228516
2015-08-24,48.765262603759766
2015-08-25,53.12588882446289
2015-08-26,54.4156494140625
2015-08-27,57.609336853027344
2015-08-28,60.127445220947266
2015-08-31,58.89678955078125
2015-09-01,58.2586784362793
2015-09-02,58.2586784362793
2015-09-03,57.8120002746582
2015-09-04,55.642452239990234
2015-09-07,53.91958236694336
2015-09-08,56.98247528076172
2015-09-09,59.79011535644531
2015-09-10,59.85393524169922
2015-09-11,60.10917282104492
2015-09-14,60.492042541503906
2015-09-15,61.13013458251953
2015-09-16,60.236785888671875
2015-09-17,60.9387092590332
2015-09-18,60.619651794433594
2015-09-21,59.4710578918457
2015-09-22,60.30060577392578
2015-09-23,59.85393524169922
2015-09-24,59.72631072998047
2015-09-25,60.30060577392578
2015-09-29,60.30060577392578
2015-09-30,60.10917282104492
2015-10-01,61.89585876464844
2015-10-02,60.9387092590332
2015-10-05,62.15110397338867
2015-10-06,62.59777069091797
2015-10-07,63.427303314208984
2015-10-08,63.17205047607422
2015-10-12,63.04444885253906
2015-10-13,62.21491622924805
2015-10-14,61.57680892944336
2015-10-15,60.492042541503906
2015-10-16,60.55583953857422
2015-10-19,58.2586784362793
2015-10-20,57.42914581298828
2015-10-21,58.38630294799805
2015-10-22,59.53487777709961
2015-10-23,60.10917282104492
2015-10-26,60.74726867675781
2015-10-27,58.83296585083008
2015-10-28,58.83296585083008
2015-10-29,58.0672492980957
2015-10-30,59.21583557128906
2015-11-02,59.21583557128906
2015-11-03,59.53487777709961
2015-11-04,60.68346405029297
2015-11-05,60.9387092590332
2015-11-06,60.42822265625
2015-11-09,61.57680892944336
2015-11-10,60.9387092590332
2015-11-11,59.9815559387207
2015-11-12,59.21583557128906
2015-11-13,60.68346405029297
2015-11-16,59.917747497558594
2015-11-17,60.36440658569336
2015-11-18,61.704410552978516
2015-11-19,62.3425178527832
2015-11-20,61.704410552978516
2015-11-23,60.68346405029297
2015-11-24,60.10917282104492
2015-11-25,59.21583557128906
2015-11-26,59.662506103515625
2015-11-27,59.662506103515625
2015-11-30,59.152008056640625
2015-12-01,60.619651794433594
2015-12-02,60.30060577392578
2015-12-03,59.407249450683594
2015-12-04,59.08820724487305
2015-12-07,58.89678955078125
2015-12-08,58.641536712646484
2015-12-09,58.96058654785156
2015-12-10,58.322486877441406
2015-12-11,54.87673568725586
2015-12-14,54.11101531982422
2015-12-15,52.770999908447266
2015-12-16,51.55861282348633
2015-12-17,51.367183685302734
2015-12-18,50.09098434448242
2015-12-21,50.28240203857422
2015-12-22,50.09098434448242
2015-12-23,49.64431381225586
2015-12-24,49.83573532104492
2015-12-25,50.98431396484375
2015-12-28,49.77192306518555
2015-12-29,49.51667785644531
2015-12-30,48.17667007446289
2015-12-31,48.368106842041016
2016-01-04,48.942386627197266
2016-01-05,48.87858200073242
2016-01-06,44.667110443115234
2016-01-07,42.497562408447266
2016-01-08,44.53949737548828
2016-01-11,43.7099609375
2016-01-12,41.47660827636719
2016-01-13,42.56137466430664
2016-01-14,42.30613708496094
2016-01-15,41.47660827636719
2016-01-18,42.43376159667969
2016-01-19,43.582340240478516
2016-01-20,42.11470413208008
2016-01-21,40.8385009765625
2016-01-22,40.71088409423828
2016-01-25,42.17851257324219
2016-01-26,42.17851257324219
2016-01-27,41.92326736450195
2016-01-28,42.17851257324219
2016-01-29,44.667110443115234
2016-02-01,45.305213928222656
2016-02-02,44.09282302856445
2016-02-03,43.901397705078125
2016-02-15,44.348052978515625
2016-02-16,45.369022369384766
2016-02-17,44.348052978515625
2016-02-18,44.98616409301758
2016-02-19,45.1137809753418
2016-02-22,44.98616409301758
2016-02-23,45.688079833984375
2016-02-24,44.53949737548828
2016-02-25,45.87950897216797
2016-02-26,45.87950897216797
2016-03-01,48.368106842041016
2016-03-02,51.04813003540039
2016-03-03,50.410030364990234
2016-03-04,50.72908020019531
2016-03-07,50.473838806152344
2016-03-08,49.77192306518555
2016-03-09,49.64431381225586
2016-03-10,49.452877044677734
2016-03-11,50.66527557373047
2016-03-14,51.17574691772461
2016-03-15,49.83573532104492
2016-03-16,50.79288864135742
2016-03-17,52.132904052734375
2016-03-18,53.15385818481445
2016-03-21,52.64337921142578
2016-03-22,50.410030364990234
2016-03-23,49.83573532104492
2016-03-24,48.687156677246094
2016-03-25,47.538570404052734
2016-03-28,46.13474655151367
2016-03-29,45.624267578125
2016-03-30,46.836666107177734
2016-03-31,45.94331741333008
2016-04-01,45.87950897216797
2016-04-06,44.53949737548828
2016-04-07,44.730918884277344
2016-04-08,44.09282302856445
2016-04-11,44.02901840209961
2016-04-12,43.582340240478516
2016-04-13,44.47568130493164
2016-04-14,44.15663146972656
2016-04-15,44.47568130493164
2016-04-18,43.07185363769531
2016-04-19,42.944244384765625
2016-04-20,42.24232482910156
2016-04-21,42.88042449951172
2016-04-22,43.13566207885742
2016-04-25,43.773765563964844
2016-04-26,43.39091110229492
2016-04-27,42.688995361328125
2016-04-28,42.36994934082031
2016-04-29,43.32710266113281
2016-05-03,42.497562408447266
2016-05-04,42.36994934082031
2016-05-05,41.34899139404297
2016-05-06,41.47660827636719
2016-05-09,40.8385009765625
2016-05-10,40.58325958251953
2016-05-11,40.519447326660156
2016-05-12,38.924198150634766
2016-05-13,36.116554260253906
2016-05-16,35.86131286621094
2016-05-17,35.606075286865234
2016-05-18,35.03178024291992
2016-05-19,33.436527252197266
2016-05-20,34.84034729003906
2016-05-23,35.7974967956543
2016-05-24,36.05274200439453
2016-05-25,38.47752380371094
2016-05-26,38.413719177246094
2016-05-27,38.03085708618164
2016-05-30,38.222293853759766
2016-05-31,39.179439544677734
2016-06-01,38.66896057128906
2016-06-02,37.83942794799805
2016-06-03,37.77561569213867
2016-06-06,37.64800262451172
2016-06-07,37.64800262451172
2016-06-08,38.03085708618164
2016-06-13,36.62703323364258
2016-06-14,37.32894515991211
2016-06-15,36.81846237182617
2016-06-16,35.73369216918945
2016-06-17,36.180362701416016
2016-06-20,36.5632209777832
2016-06-21,36.946083068847656
2016-06-22,36.69084167480469
2016-06-23,36.180362701416016
2016-06-24,34.90415954589844
2016-06-27,35.7974967956543
2016-06-28,35.73369216918945
2016-06-29,36.88227462768555
2016-06-30,36.81846237182617
2016-07-01,37.58418273925781
2016-07-04,37.39274978637695
2016-07-05,37.77561569213867
2016-07-06,36.5632209777832
2016-07-07,36.88227462768555
2016-07-08,36.88227462768555
2016-07-11,38.73276901245117
2016-07-12,38.86039352416992
2016-07-13,38.79658126831055
2016-07-14,41.09375
2016-07-15,41.22136306762695
2016-07-18,41.54041290283203
2016-07-19,41.987083435058594
2016-07-20,41.987083435058594
2016-07-21,43.008052825927734
2016-07-22,42.11470413208008
2016-07-25,41.987083435058594
2016-07-26,42.752803802490234
2016-07-27,42.81661605834961
2016-07-28,41.987083435058594
2016-07-29,41.795658111572266
2016-08-01,41.795658111572266
2016-08-02,42.497562408447266
2016-08-03,42.43376159667969
2016-08-04,42.05089569091797
2016-08-05,42.24232482910156
2016-08-08,43.773765563964844
2016-08-09,42.88042449951172
2016-08-10,42.17851257324219
2016-08-11,41.85946273803711
2016-08-12,40.71088409423828
2016-08-15,41.54041290283203
2016-08-16,41.668033599853516
2016-08-17,41.604225158691406
2016-08-18,41.987083435058594
2016-08-19,41.54041290283203
2016-08-22,41.029937744140625
2016-08-23,41.41279983520508
2016-08-24,42.62519454956055
2016-08-25,43.96520233154297
2016-08-26,43.32710266113281
2016-08-29,44.02901840209961
2016-08-30,43.64616012573242
2016-08-31,43.50954055786133
2016-09-01,43.304630279541016
2016-09-02,43.236328125
2016-09-05,43.71445083618164
2016-09-06,44.60240173339844
2016-09-07,45.14883041381836
2016-09-08,44.67070388793945
2016-09-09,44.739009857177734
2016-09-12,43.57784652709961
2016-09-13,43.304630279541016
2016-09-14,43.44123458862305
2016-09-19,46.3783073425293
2016-09-20,46.44660949707031
2016-09-21,46.92473220825195
2016-09-22,47.19795608520508
2016-09-23,47.40285873413086
2016-09-26,46.17338562011719
2016-09-27,46.17338562011719
2016-09-28,46.17338562011719
2016-09-29,46.92473220825195
2016-09-30,47.19795608520508
2016-10-03,47.67607879638672
2016-10-04,47.334556579589844
2016-10-05,47.1296501159668
2016-10-06,47.744380950927734
2016-10-07,47.744380950927734
2016-10-11,46.85643005371094
2016-10-12,46.85643005371094
2016-10-13,46.17338562011719
2016-10-14,45.76356887817383
2016-10-17,46.651519775390625
2016-10-18,47.06134033203125
2016-10-19,46.78812789916992
2016-10-20,47.19795608520508
2016-10-21,47.8809814453125
2016-10-24,47.94928741455078
2016-10-25,50.74974822998047
2016-10-26,50.408226013183594
2016-10-27,49.9984016418457
2016-10-28,48.90555191040039
2016-10-31,49.11045837402344
2016-11-01,48.49571990966797
2016-11-02,47.1296501159668
2016-11-03,47.19795608520508
2016-11-04,46.44660949707031
2016-11-07,47.19795608520508
2016-11-08,47.53946304321289
2016-11-09,44.739009857177734
2016-11-10,46.17338562011719
2016-11-11,44.124271392822266
2016-11-14,42.75819778442383
2016-11-15,42.211769104003906
2016-11-16,42.82650375366211
2016-11-17,42.4849853515625
2016-11-18,42.75819778442383
2016-11-21,42.41667938232422
2016-11-22,42.41667938232422
2016-11-23,43.85106658935547
2016-11-24,43.50954055786133
2016-11-25,43.78275680541992
2016-11-28,43.919368743896484
2016-11-29,43.987674713134766
2016-11-30,43.78275680541992
2016-12-01,44.32918930053711
2016-12-02,42.963111877441406
2016-12-05,42.82650375366211
2016-12-06,43.236328125
2016-12-07,43.71445083618164
2016-12-08,44.055973052978516
2016-12-09,43.987674713134766
2016-12-12,43.44123458862305
2016-12-13,43.57784652709961
2016-12-14,43.71445083618164
2016-12-15,43.919368743896484
2016-12-16,44.32918930053711
2016-12-19,43.78275680541992
2016-12-20,44.19258117675781
2016-12-21,43.919368743896484
2016-12-22,43.37293243408203
2016-12-23,43.16802215576172
2016-12-26,42.963111877441406
2016-12-27,43.09971618652344
2016-12-28,43.71445083618164
2016-12-29,43.37293243408203
2016-12-30,43.57784652709961
2017-01-03,43.57784652709961
2017-01-04,43.57784652709961
2017-01-05,43.78275680541992
2017-01-06,44.055973052978516
2017-01-09,43.78275680541992
2017-01-10,44.055973052978516
2017-01-11,44.60240173339844
2017-01-12,45.558658599853516
2017-01-13,45.14883041381836
2017-01-16,44.26089096069336
2017-01-17,45.08052444458008
2017-01-18,44.8756103515625
2017-01-19,45.01222610473633
2017-01-20,44.534095764160156
2017-01-23,44.94392395019531
2017-01-24,44.67070388793945
2017-02-02,46.583213806152344
2017-02-03,46.3783073425293
2017-02-06,47.67607879638672
2017-02-07,47.67607879638672
2017-02-08,49.11045837402344
2017-02-09,48.70063781738281
2017-02-10,49.58857727050781
2017-02-13,51.43278884887695
2017-02-14,51.97921371459961
2017-02-15,52.11582565307617
2017-02-16,51.5010986328125
2017-02-17,51.227867126464844
2017-02-20,50.408226013183594
2017-02-21,50.613136291503906
2017-02-22,50.74974822998047
2017-02-23,52.32073211669922
2017-02-24,52.252437591552734
2017-03-01,51.5010986328125
2017-03-02,51.0229606628418
2017-03-03,51.227867126464844
2017-03-06,50.88636016845703
2017-03-07,51.0229606628418
2017-03-08,51.227867126464844
2017-03-09,50.613136291503906
2017-03-10,50.339927673339844
2017-03-13,51.0229606628418
2017-03-14,51.637699127197266
2017-03-15,51.77431106567383
2017-03-16,52.32073211669922
2017-03-17,52.593955993652344
2017-03-20,52.66225814819336
2017-03-21,52.86716079711914
2017-03-22,52.66225814819336
2017-03-23,49.86179733276367
2017-03-24,48.90555191040039
2017-03-27,48.56402587890625
2017-03-28,48.49571990966797
2017-03-29,48.49571990966797
2017-03-30,48.290809631347656
2017-03-31,48.70063781738281
2017-04-05,48.017601013183594
2017-04-06,47.67607879638672
2017-04-07,47.67607879638672
2017-04-10,47.60776901245117
2017-04-11,46.92473220825195
2017-04-12,46.2416877746582
2017-04-13,46.44660949707031
2017-04-14,45.217140197753906
2017-04-17,44.60240173339844
2017-04-18,45.6269645690918
2017-04-19,45.76356887817383
2017-04-20,45.08052444458008
2017-04-21,46.2416877746582
2017-04-24,46.51490783691406
2017-04-25,46.3783073425293
2017-04-26,47.53946304321289
2017-04-27,47.744380950927734
2017-04-28,48.22249984741211
2017-05-02,48.290809631347656
2017-05-03,48.22249984741211
2017-05-04,47.94928741455078
2017-05-05,48.15420150756836
2017-05-08,49.5202751159668
2017-05-09,48.49571990966797
2017-05-10,48.42742156982422
2017-05-11,48.632328033447266
2017-05-12,49.2470588684082
2017-05-15,51.97921371459961
2017-05-16,51.569393157958984
2017-05-17,51.43278884887695
2017-05-18,50.818050384521484
2017-05-19,51.0229606628418
2017-05-22,50.613136291503906
2017-05-23,50.68143844604492
2017-05-24,50.2716178894043
2017-05-25,50.818050384521484
2017-05-26,51.091270446777344
2017-05-31,50.544837951660156
2017-06-01,50.544837951660156
2017-06-02,50.88636016845703
2017-06-05,51.43278884887695
2017-06-06,51.91091537475586
2017-06-07,52.047523498535156
2017-06-08,51.637699127197266
2017-06-09,52.047523498535156
2017-06-12,50.88636016845703
2017-06-13,49.72520065307617
2017-06-14,49.9984016418457
2017-06-15,49.38367462158203
2017-06-16,49.315372467041016
2017-06-19,50.2716178894043
2017-06-20,50.88636016845703
2017-06-21,50.954654693603516
2017-06-22,50.408226013183594
2017-06-23,49.86179733276367
2017-06-26,49.17876052856445
2017-06-27,49.315372467041016
2017-06-28,48.837242126464844
2017-06-29,48.90555191040039
2017-06-30,49.2470588684082
2017-07-03,49.72520065307617
2017-07-04,48.837242126464844
2017-07-05,49.38367462158203
2017-07-06,48.90555191040039
2017-07-07,49.539772033691406
2017-07-10,49.61024475097656
2017-07-11,49.892112731933594
2017-07-12,49.75117111206055
2017-07-13,49.892112731933594
2017-07-14,49.75117111206055
2017-07-17,49.61024475097656
2017-07-18,48.976016998291016
2017-07-19,48.13038635253906
2017-07-20,48.76460647583008
2017-07-21,49.11695098876953
2017-07-24,49.46929168701172
2017-07-25,49.680702209472656
2017-07-26,49.39883041381836
2017-07-27,50.52633285522461
2017-07-28,49.75117111206055
2017-07-31,49.46929168701172
2017-08-01,50.17398452758789
2017-08-02,51.09008026123047
2017-08-03,51.794776916503906
2017-08-04,51.86524200439453
2017-08-07,52.21759033203125
2017-08-08,53.55650329589844
2017-08-09,53.62696838378906
2017-08-10,52.288055419921875
2017-08-11,52.640403747558594
2017-08-14,50.38539505004883
2017-08-15,49.892112731933594
2017-08-16,49.39883041381836
2017-08-17,50.03304672241211
2017-08-18,49.18742752075195
2017-08-21,48.34178924560547
2017-08-22,49.3283576965332
2017-08-23,48.76460647583008
2017-08-24,49.18742752075195
2017-08-25,49.11695098876953
2017-08-28,48.76460647583008
2017-08-29,48.905548095703125
2017-08-30,48.83507537841797
2017-08-31,49.25788879394531
2017-09-01,49.046478271484375
2017-09-04,48.34178924560547
2017-09-05,48.6236686706543
2017-09-06,48.34178924560547
2017-09-07,47.28475570678711
2017-09-08,48.48273468017578
2017-09-11,49.539772033691406
2017-09-12,48.83507537841797
2017-09-13,47.91897964477539
2017-09-14,47.778045654296875
2017-09-15,47.21428298950195
2017-09-18,47.355220794677734
2017-09-19,46.58006286621094
2017-09-20,45.73443603515625
2017-09-21,45.875370025634766
2017-09-22,44.81833267211914
2017-09-25,42.98613739013672
2017-09-26,42.14051055908203
2017-09-27,43.54989242553711
2017-09-28,43.33848571777344
2017-09-29,43.26802444458008
2017-10-02,44.536460876464844
2017-10-03,44.04317855834961
2017-10-05,43.690834045410156
2017-10-06,44.536460876464844
2017-10-11,45.73443603515625
2017-10-12,45.311622619628906
2017-10-13,45.241153717041016
2017-10-16,46.01631164550781
2017-10-17,45.52302551269531
2017-10-18,44.74786376953125
2017-10-19,45.100215911865234
2017-10-20,46.227718353271484
2017-10-23,48.34178924560547
2017-10-24,51.512901306152344
2017-10-25,51.44243240356445
2017-10-26,51.794776916503906
2017-10-27,50.03304672241211
2017-10-30,51.72431182861328
2017-10-31,53.274627685546875
2017-11-01,52.851806640625
2017-11-02,53.204158782958984
2017-11-03,53.345096588134766
2017-11-06,52.92228317260742
2017-11-07,53.48603439331055
2017-11-08,52.92228317260742
2017-11-09,51.160552978515625
2017-11-10,51.65385055541992
2017-11-13,50.73774337768555
2017-11-14,51.09008026123047
2017-11-15,51.512901306152344
2017-11-16,51.512901306152344
2017-11-17,52.21759033203125
2017-11-20,51.37196350097656
2017-11-21,51.44243240356445
2017-11-22,51.160552978515625
2017-11-23,51.37196350097656
2017-11-24,51.30149841308594
2017-11-27,50.87867736816406
2017-11-28,50.31493377685547
2017-11-29,50.52633285522461
2017-11-30,51.65385055541992
2017-12-01,49.680702209472656
2017-12-04,48.48273468017578
2017-12-05,46.93240737915039
2017-12-06,47.07335662841797
2017-12-07,47.49616622924805
2017-12-08,48.553199768066406
2017-12-11,49.61024475097656
2017-12-12,48.34178924560547
2017-12-13,48.553199768066406
2017-12-14,48.41225814819336
2017-12-15,47.8485107421875
2017-12-18,47.98944854736328
2017-12-19,48.20085906982422
2017-12-20,48.20085906982422
2017-12-21,47.56663131713867
2017-12-22,47.6370964050293
2017-12-25,46.439125061035156
2017-12-26,44.536460876464844
2017-12-27,44.95927429199219
2017-12-28,46.157249450683594
2017-12-29,46.157249450683594
2018-01-02,46.721004486083984
2018-01-03,46.58006286621094
2018-01-04,47.14381790161133
2018-01-05,47.355220794677734
2018-01-08,48.20085906982422
2018-01-09,48.76460647583008
2018-01-10,48.059913635253906
2018-01-11,47.98944854736328
2018-01-12,48.48273468017578
2018-01-15,48.41225814819336
2018-01-16,49.046478271484375
2018-01-17,48.905548095703125
2018-01-18,48.76460647583008
2018-01-19,48.553199768066406
2018-01-22,47.355220794677734
2018-01-23,47.21428298950195
2018-01-24,48.6236686706543
2018-01-25,47.70756530761719
2018-01-26,47.42569351196289
2018-01-29,47.778045654296875
2018-01-30,46.93240737915039
2018-01-31,47.07335662841797
2018-02-01,48.059913635253906
2018-02-02,47.21428298950195
2018-02-05,45.59349060058594
2018-02-06,42.70426559448242
2018-02-07,44.32505416870117
2018-02-08,43.54989242553711
2018-02-09,42.77473068237305
2018-02-12,43.26802444458008
2018-02-21,42.98613739013672
2018-02-22,43.47942352294922
2018-02-23,44.74786376953125
2018-02-26,44.81833267211914
2018-02-27,45.02974319458008
2018-03-01,45.241153717041016
2018-03-02,44.46598815917969
2018-03-05,43.90223693847656
2018-03-06,44.39552307128906
2018-03-07,45.02974319458008
2018-03-08,44.1136474609375
2018-03-09,44.18411636352539
2018-03-12,45.311622619628906
2018-03-13,49.39883041381836
2018-03-14,48.48273468017578
2018-03-15,49.39883041381836
2018-03-16,48.976016998291016
2018-03-19,49.046478271484375
2018-03-20,50.103519439697266
2018-03-21,49.539772033691406
2018-03-22,49.046478271484375
2018-03-23,47.56663131713867
2018-03-26,48.976016998291016
2018-03-27,49.680702209472656
2018-03-28,49.25788879394531
2018-03-29,49.18742752075195
2018-03-30,48.553199768066406
2018-04-02,48.76460647583008
2018-04-03,47.91897964477539
2018-04-09,47.42569351196289
2018-04-10,47.70756530761719
2018-04-11,46.861942291259766
2018-04-12,47.07335662841797
2018-04-13,47.07335662841797
2018-04-16,47.07335662841797
2018-04-17,45.663970947265625
2018-04-18,46.298187255859375
2018-04-19,46.79147720336914
2018-04-20,46.439125061035156
2018-04-23,45.73443603515625
2018-04-24,44.04317855834961
2018-04-25,44.536460876464844
2018-04-26,44.04317855834961
2018-04-27,44.1136474609375
2018-04-30,45.73443603515625
2018-05-02,45.02974319458008
2018-05-03,44.39552307128906
2018-05-04,44.18411636352539
2018-05-07,45.80490493774414
2018-05-08,46.157249450683594
2018-05-09,45.80490493774414
2018-05-10,46.227718353271484
2018-05-11,46.50959396362305
2018-05-14,47.56663131713867
2018-05-15,46.58006286621094
2018-05-16,46.298187255859375
2018-05-17,47.00287628173828
2018-05-18,46.79147720336914
2018-05-21,47.6370964050293
2018-05-22,47.49616622924805
2018-05-23,47.778045654296875
2018-05-24,47.91897964477539
2018-05-25,47.56663131713867
2018-05-28,48.13038635253906
2018-05-29,48.69413757324219
2018-05-30,47.70756530761719
2018-05-31,47.70756530761719
2018-06-01,48.34178924560547
2018-06-04,49.75117111206055
2018-06-05,49.25788879394531
2018-06-06,49.96258544921875
2018-06-07,50.667274475097656
2018-06-08,50.03304672241211
2018-06-11,49.892112731933594
2018-06-12,49.18742752075195
2018-06-13,49.96258544921875
2018-06-14,49.18742752075195
2018-06-15,49.18742752075195
2018-06-19,48.41225814819336
2018-06-20,47.6370964050293
2018-06-21,48.69413757324219
2018-06-22,47.8485107421875
2018-06-25,47.28475570678711
2018-06-26,46.650535583496094
2018-06-27,47.07335662841797
2018-06-28,47.00287628173828
2018-06-29,47.49616622924805
2018-07-02,46.93240737915039
2018-07-03,46.721004486083984
2018-07-04,46.79147720336914
2018-07-05,45.875370025634766
2018-07-06,46.50959396362305
2018-07-09,47.49616622924805
2018-07-10,47.49616622924805
2018-07-11,47.28475570678711
2018-07-12,47.70756530761719
2018-07-13,48.596527099609375
2018-07-16,48.744686126708984
2018-07-17,49.78181076049805
2018-07-18,52.22645568847656
2018-07-19,51.78197479248047
2018-07-20,51.78197479248047
2018-07-23,52.44868850708008
2018-07-24,53.70805358886719
2018-07-25,53.48581314086914
2018-07-26,52.44868850708008
2018-07-27,52.819095611572266
2018-07-30,53.18949890136719
2018-07-31,53.337650299072266
2018-08-01,54.07845687866211
2018-08-02,52.52277755737305
2018-08-03,52.52277755737305
2018-08-06,54.300697326660156
2018-08-07,53.930301666259766
2018-08-08,53.18949890136719
2018-08-09,53.18949890136719
2018-08-10,53.337650299072266
2018-08-13,54.44886016845703
2018-08-14,56.96758270263672
2018-08-15,55.48597717285156
2018-08-16,56.52309799194336
2018-08-17,56.226783752441406
2018-08-20,55.189659118652344
2018-08-21,55.930458068847656
2018-08-22,55.856388092041016
2018-08-23,55.56005096435547
2018-08-24,55.56005096435547
2018-08-27,56.89349365234375
2018-08-28,56.81941604614258
2018-08-29,58.44918441772461
2018-08-30,58.2269401550293
2018-08-31,58.2269401550293
2018-09-03,57.041656494140625
2018-09-04,57.33797836303711
2018-09-05,56.89349365234375
2018-09-06,56.44902038574219
2018-09-07,54.96741485595703
2018-09-10,56.30086135864258
2018-09-11,55.48597717285156
2018-09-12,56.67125701904297
2018-09-13,56.67125701904297
2018-09-14,57.41205978393555
2018-09-17,57.26390075683594
2018-09-18,51.55972671508789
2018-09-19,51.26341247558594
2018-09-20,49.707733154296875
2018-09-21,49.929969787597656
2018-09-25,49.929969787597656
2018-09-26,49.63364791870117
2018-09-27,50.30037307739258
2018-09-28,50.52260971069336
2018-10-01,50.74485397338867
2018-10-02,50.374454498291016
2018-10-03,50.670780181884766
2018-10-04,49.707733154296875
2018-10-05,48.15204620361328
2018-10-08,49.33732604980469
2018-10-09,50.374454498291016
2018-10-11,46.37412643432617
2018-10-12,48.52245330810547
2018-10-15,49.18917465209961
2018-10-16,50.74485397338867
2018-10-17,51.55972671508789
2018-10-18,51.856056213378906
2018-10-19,52.152374267578125
2018-10-22,52.96725845336914
2018-10-23,52.004207611083984
2018-10-24,52.152374267578125
2018-10-25,51.26341247558594
2018-10-26,50.226295471191406
2018-10-29,51.55972671508789
2018-10-30,51.48564529418945
2018-10-31,52.374610900878906
2018-11-01,54.00437545776367
2018-11-02,52.67093276977539
2018-11-05,50.670780181884766
2018-11-06,50.374454498291016
2018-11-07,50.004051208496094
2018-11-08,50.374454498291016
2018-11-09,51.26341247558594
2018-11-12,50.5966911315918
2018-11-13,53.782135009765625
2018-11-14,56.67125701904297
2018-11-15,57.41205978393555
2018-11-16,58.07878112792969
2018-11-19,57.856544494628906
2018-11-20,56.67125701904297
2018-11-21,57.33797836303711
2018-11-22,55.56005096435547
2018-11-23,55.78230285644531
2018-11-26,55.263729095458984
2018-11-27,56.745330810546875
2018-11-28,58.375099182128906
2018-11-29,58.671417236328125
2018-11-30,58.00469207763672
2018-12-03,60.67158126831055
2018-12-04,61.26422119140625
2018-12-05,59.338130950927734
2018-12-06,59.70854568481445
2018-12-07,59.189979553222656
2018-12-10,59.486305236816406
2018-12-11,58.59734344482422
2018-12-12,60.67158126831055
2018-12-13,62.597660064697266
2018-12-14,61.04197692871094
2018-12-17,60.37526321411133
2018-12-18,61.4864616394043
2018-12-19,61.116065979003906
2018-12-20,60.67158126831055
2018-12-21,61.19013595581055
2018-12-24,60.301177978515625
2018-12-25,58.00469207763672
2018-12-26,57.63430404663086
2018-12-27,59.486305236816406
2018-12-28,59.41222381591797
2019-01-02,58.44918441772461
2019-01-03,54.00437545776367
2019-01-04,54.52293395996094
2019-01-07,55.634132385253906
2019-01-08,55.04149627685547
2019-01-09,54.67110061645508
2019-01-10,54.89333724975586
2019-01-11,55.856388092041016
2019-01-14,53.41172790527344
2019-01-15,55.33781814575195
2019-01-16,55.930458068847656
2019-01-17,54.59701919555664
2019-01-18,56.81941604614258
2019-01-21,56.81941604614258
2019-01-22,57.63430404663086
2019-01-23,58.07878112792969
2019-01-24,56.5971794128418
2019-01-25,58.671417236328125
2019-01-28,58.30101776123047
2019-01-29,57.33797836303711
2019-01-30,58.523250579833984
2019-02-11,60.301177978515625
2019-02-12,61.116065979003906
2019-02-13,61.19013595581055
2019-02-14,61.4864616394043
2019-02-15,62.81990432739258
2019-02-18,62.6717414855957
2019-02-19,63.33847427368164
2019-02-20,65.338623046875
2019-02-21,64.15333557128906
2019-02-22,64.52374267578125
2019-02-25,66.30167388916016
2019-02-26,67.78326416015625
2019-02-27,66.22758483886719
2019-03-04,65.41270446777344
2019-03-05,64.52374267578125
2019-03-06,65.70902252197266
2019-03-07,65.04231262207031
2019-03-08,66.30167388916016
2019-03-11,65.2645492553711
2019-03-12,66.67205810546875
2019-03-13,67.78326416015625
2019-03-14,66.15349578857422
2019-03-15,66.22758483886719
2019-03-18,66.5239028930664
2019-03-19,68.82038879394531
2019-03-20,67.93142700195312
2019-03-21,67.93142700195312
2019-03-22,67.93142700195312
2019-03-25,66.96839904785156
2019-03-26,68.1536636352539
2019-03-27,68.96855163574219
2019-03-28,69.33894348144531
2019-03-29,70.89462280273438
2019-04-01,69.6352767944336
2019-04-02,71.11688232421875
2019-04-03,70.82056427001953
2019-04-08,76.30247497558594
2019-04-09,75.5616683959961
2019-04-10,75.93206787109375
2019-04-11,76.30247497558594
2019-04-12,80.37688446044922
2019-04-15,81.11768341064453
2019-04-16,80.74727630615234
2019-04-17,83.34008026123047
2019-04-18,81.11768341064453
2019-04-19,81.48808288574219
2019-04-22,84.45127868652344
2019-04-23,83.34008026123047
2019-04-24,80.74727630615234
2019-04-25,83.71047973632812
2019-04-26,81.48808288574219
2019-04-29,80.0064926147461
2019-04-30,81.85848999023438
2019-05-02,80.0064926147461
2019-05-03,82.22888946533203
2019-05-06,80.74727630615234
2019-05-07,82.96968078613281
2019-05-08,82.59928131103516
2019-05-09,80.0064926147461
2019-05-10,77.04328155517578
2019-05-13,74.45047760009766
2019-05-14,73.33927154541016
2019-05-15,72.8947982788086
2019-05-16,70.00566864013672
2019-05-17,65.04231262207031
2019-05-20,66.3757553100586
2019-05-21,67.56103515625
2019-05-22,67.63511657714844
2019-05-23,65.78311157226562
2019-05-24,66.67205810546875
2019-05-27,66.67205810546875
2019-05-28,66.44983673095703
2019-05-29,66.74614715576172
2019-05-30,66.67205810546875
2019-05-31,68.59815216064453
2019-06-03,67.26470947265625
2019-06-04,66.89431762695312
2019-06-05,70.96871185302734
2019-06-06,69.04261779785156
2019-06-10,69.48712158203125
2019-06-11,71.19094848632812
2019-06-12,71.70951843261719
2019-06-13,71.19094848632812
2019-06-14,70.07975006103516
2019-06-17,71.19094848632812
2019-06-18,71.11688232421875
2019-06-19,73.70967102050781
2019-06-20,74.080078125
2019-06-21,72.07991790771484
2019-06-24,72.96888732910156
2019-06-25,72.37623596191406
2019-06-26,72.52439880371094
2019-06-27,75.19127655029297
2019-06-28,73.6355972290039
2019-07-01,78.8952865600586
2019-07-02,78.15448760986328
2019-07-03,78.5248794555664
2019-07-04,76.67289733886719
2019-07-05,77.4136734008789
2019-07-08,76.84088134765625
2019-07-09,76.37657928466797
2019-07-10,77.76946258544922
2019-07-11,80.47786712646484
2019-07-12,80.8647689819336
2019-07-15,81.2516860961914
2019-07-16,83.18624114990234
2019-07-17,88.60302734375
2019-07-18,86.28153991699219
2019-07-19,88.60302734375
2019-07-22,89.7637710571289
2019-07-23,89.3768539428711
2019-07-24,88.98993682861328
2019-07-25,89.7637710571289
2019-07-26,87.82919311523438
2019-07-29,87.05536651611328
2019-07-30,86.66845703125
2019-07-31,88.21611022949219
2019-08-01,85.89463806152344
2019-08-02,78.9301986694336
2019-08-05,78.15637969970703
2019-08-06,78.9301986694336
2019-08-07,79.31710815429688
2019-08-08,82.0255126953125
2019-08-12,82.0255126953125
2019-08-13,84.34698486328125
2019-08-14,92.47215270996094
2019-08-15,90.92449188232422
2019-08-16,89.7637710571289
2019-08-19,92.08523559570312
2019-08-20,92.08523559570312
2019-08-21,92.08523559570312
2019-08-22,95.18053436279297
2019-08-23,94.40670776367188
2019-08-26,90.53759002685547
2019-08-27,91.31140899658203
2019-08-28,88.98993682861328
2019-08-29,88.98993682861328
2019-08-30,89.7637710571289
2019-09-02,91.69833374023438
2019-09-03,89.7637710571289
2019-09-04,90.92449188232422
2019-09-05,92.47215270996094
2019-09-06,90.15067291259766
2019-09-10,86.66845703125
2019-09-11,85.50772094726562
2019-09-12,86.28153991699219
2019-09-16,86.66845703125
2019-09-17,87.05536651611328
2019-09-18,88.98993682861328
2019-09-19,89.3768539428711
2019-09-20,88.98993682861328
2019-09-23,90.92449188232422
2019-09-24,89.7637710571289
2019-09-25,89.3768539428711
2019-09-26,88.98993682861328
2019-09-27,85.89463806152344
2019-10-01,90.92449188232422
2019-10-02,90.53759002685547
2019-10-03,88.21611022949219
2019-10-04,89.7637710571289
2019-10-07,92.47215270996094
2019-10-08,93.63289642333984
2019-10-09,92.08523559570312
2019-10-14,95.95436096191406
2019-10-15,95.95436096191406
2019-10-16,98.27584075927734
2019-10-17,101.37114715576172
2019-10-18,104.07952880859375
2019-10-21,104.85335540771484
2019-10-22,107.94866180419922
2019-10-23,106.78793334960938
2019-10-24,111.81778717041016
2019-10-25,112.2046890258789
2019-10-28,114.13927459716797
2019-10-29,111.43087005615234
2019-10-30,114.9130859375
2019-10-31,112.2046890258789
2019-11-01,113.36544036865234
2019-11-04,112.97853088378906
2019-11-05,114.13927459716797
2019-11-06,112.2046890258789
2019-11-07,114.52618408203125
2019-11-08,114.13927459716797
2019-11-11,111.43087005615234
2019-11-12,118.39530944824219
2019-11-13,107.56173706054688
2019-11-14,107.94866180419922
2019-11-15,106.78793334960938
2019-11-18,109.10940551757812
2019-11-19,108.33557891845703
2019-11-20,107.94866180419922
2019-11-21,107.56173706054688
2019-11-22,105.62718963623047
2019-11-25,106.01410675048828
2019-11-26,105.62718963623047
2019-11-27,107.17483520507812
2019-11-28,106.01410675048828
2019-11-29,104.07952880859375
2019-12-02,104.07952880859375
2019-12-03,102.91879272460938
2019-12-04,104.46644592285156
2019-12-05,102.91879272460938
2019-12-06,103.69261932373047
2019-12-09,105.62718963623047
2019-12-10,107.17483520507812
2019-12-11,105.62718963623047
2019-12-12,107.56173706054688
2019-12-13,105.24028015136719
2019-12-16,105.62718963623047
2019-12-17,109.10940551757812
2019-12-18,109.4963150024414
2019-12-19,106.01410675048828
2019-12-20,107.94866180419922
2019-12-23,107.17483520507812
2019-12-24,107.56173706054688
2019-12-25,108.72248840332031
2019-12-26,109.10940551757812
2019-12-27,109.88322448730469
2019-12-30,109.88322448730469
2019-12-31,110.65705871582031
2020-01-02,113.36544036865234
2020-01-03,113.75237274169922
2020-01-06,109.88322448730469
2020-01-07,101.758056640625
2020-01-08,100.5973129272461
2020-01-09,105.24028015136719
2020-01-10,104.46644592285156
2020-01-13,106.78793334960938
2020-01-14,105.24028015136719
2020-01-15,105.24028015136719
2020-01-16,106.01410675048828
2020-01-17,105.62718963623047
2020-01-20,104.07952880859375
2020-01-30,94.0197982788086
2020-01-31,92.47215270996094
2020-02-03,93.2459716796875
2020-02-04,96.34127807617188
2020-02-05,93.2459716796875
2020-02-06,94.79362487792969
2020-02-07,93.63289642333984
2020-02-10,94.40670776367188
2020-02-11,96.34127807617188
2020-02-12,98.27584075927734
2020-02-13,98.27584075927734
2020-02-14,99.43658447265625
2020-02-17,95.18053436279297
2020-02-18,94.40670776367188
2020-02-19,95.18053436279297
2020-02-20,95.18053436279297
2020-02-21,95.18053436279297
2020-02-24,92.47215270996094
2020-02-25,95.56745147705078
2020-02-26,92.08523559570312
2020-02-27,89.3768539428711
2020-03-02,91.31140899658203
2020-03-03,93.63289642333984
2020-03-04,93.63289642333984
2020-03-05,94.40670776367188
2020-03-06,91.69833374023438
2020-03-09,86.66845703125
2020-03-10,86.66845703125
2020-03-11,87.05536651611328
2020-03-12,78.54329681396484
2020-03-13,70.72765350341797
2020-03-16,67.94189453125
2020-03-17,61.28697967529297
2020-03-18,62.75724411010742
2020-03-19,56.48926544189453
2020-03-20,60.74530029296875
2020-03-23,58.423828125
2020-03-24,62.75724411010742
2020-03-25,67.16804504394531
2020-03-26,70.34074401855469
2020-03-27,71.96578216552734
2020-03-30,70.4955062866211
2020-03-31,71.96578216552734
2020-04-01,70.41812133789062
2020-04-06,69.87644958496094
2020-04-07,70.6502685546875
2020-04-08,77.30517578125
2020-04-09,75.83489990234375
2020-04-10,74.90631866455078
2020-04-13,73.6681900024414
2020-04-14,80.09095764160156
2020-04-15,78.9301986694336
2020-04-16,78.9301986694336
2020-04-17,79.31710815429688
2020-04-20,78.9301986694336
2020-04-21,77.38255310058594
2020-04-22,77.38255310058594
2020-04-23,78.15637969970703
2020-04-24,76.84088134765625
2020-04-27,78.9301986694336
2020-04-28,78.15637969970703
2020-04-29,80.47786712646484
2020-04-30,83.57315826416016
2020-05-04,82.0255126953125
2020-05-05,87.44227600097656
2020-05-06,92.08523559570312
2020-05-07,90.53759002685547
2020-05-08,90.53759002685547
2020-05-11,91.31140899658203
2020-05-12,90.53759002685547
2020-05-13,90.92449188232422
2020-05-14,87.82919311523438
2020-05-15,87.82919311523438
2020-05-18,83.96007537841797
2020-05-19,84.34698486328125
2020-05-20,87.44227600097656
2020-05-21,89.7637710571289
2020-05-22,86.66845703125
2020-05-25,90.53759002685547
2020-05-26,93.63289642333984
2020-05-27,92.08523559570312
2020-05-28,90.92449188232422
2020-05-29,92.47215270996094
2020-06-01,95.18053436279297
2020-06-02,96.72818756103516
2020-06-03,99.82349395751953
2020-06-04,101.758056640625
2020-06-05,100.21040344238281
2020-06-08,102.91879272460938
2020-06-09,106.78793334960938
2020-06-10,104.85335540771484
2020-06-11,101.758056640625
2020-06-12,103.30570983886719
2020-06-15,102.14497375488281
2020-06-16,103.69261932373047
2020-06-17,102.14497375488281
2020-06-18,104.07952880859375
2020-06-19,106.01410675048828
2020-06-22,103.69261932373047
2020-06-23,102.14497375488281
2020-06-24,103.30570983886719
2020-06-29,98.66275024414062
2020-06-30,99.43658447265625
2020-07-01,102.53187561035156
2020-07-02,103.30570983886719
2020-07-03,104.46644592285156
2020-07-06,106.78793334960938
2020-07-07,106.01410675048828
2020-07-08,109.21453094482422
2020-07-09,111.21477508544922
2020-07-10,106.01409912109375
2020-07-13,108.41441345214844
2020-07-14,108.01435089111328
2020-07-15,106.81420135498047
2020-07-16,105.21399688720703
2020-07-17,104.41387939453125
2020-07-20,104.81393432617188
2020-07-21,106.81420135498047
2020-07-22,105.21399688720703
2020-07-23,104.01382446289062
2020-07-24,102.01356506347656
2020-07-27,102.41362762451172
2020-07-28,106.01409912109375
2020-07-29,107.61430358886719
2020-07-30,108.41441345214844
2020-07-31,108.01435089111328
2020-08-03,104.01382446289062
2020-08-04,105.21399688720703
2020-08-05,112.01490020751953
2020-08-06,116.01541900634766
2020-08-07,117.21559143066406
2020-08-10,115.21531677246094
2020-08-11,111.21477508544922
2020-08-12,109.61457824707031
2020-08-13,107.61430358886719
2020-08-14,108.41441345214844
2020-08-17,108.8144760131836
2020-08-18,105.61404418945312
2020-08-19,106.01409912109375
2020-08-20,99.21319580078125
2020-08-21,103.61377716064453
2020-08-24,102.41362762451172
2020-08-25,101.6135025024414
2020-08-26,103.2137222290039
2020-08-27,100.41334533691406
2020-08-28,99.61324310302734
2020-08-31,98.4130859375
2020-09-01,98.81314086914062
2020-09-02,102.01356506347656
2020-09-03,100.81340789794922
2020-09-04,102.41362762451172
2020-09-07,98.81314086914062
2020-09-08,98.4130859375
2020-09-09,96.81287384033203
2020-09-10,96.81287384033203
2020-09-11,98.4130859375
2020-09-14,103.2137222290039
2020-09-15,103.2137222290039
2020-09-16,107.61430358886719
2020-09-17,105.61404418945312
2020-09-18,107.61430358886719
2020-09-21,106.81420135498047
2020-09-22,105.21399688720703
2020-09-23,105.21399688720703
2020-09-24,100.01329040527344
2020-09-25,98.4130859375
2020-09-28,100.01329040527344
2020-09-29,100.41334533691406
2020-09-30,100.81340789794922
2020-10-05,101.6135025024414
2020-10-06,106.01409912109375
2020-10-07,104.81393432617188
2020-10-08,105.21399688720703
2020-10-12,102.41362762451172
2020-10-13,103.2137222290039
2020-10-14,103.2137222290039
2020-10-15,100.81340789794922
2020-10-16,100.81340789794922
2020-10-19,110.01463317871094
2020-10-20,108.01435089111328
2020-10-21,106.81420135498047
2020-10-22,107.61430358886719
2020-10-23,106.01409912109375
2020-10-26,105.21399688720703
2020-10-27,104.01382446289062
2020-10-28,102.41362762451172
2020-10-29,101.6135025024414
2020-10-30,96.81287384033203
2020-11-02,95.61271667480469
2020-11-03,98.4130859375
2020-11-04,100.81340789794922
2020-11-05,101.21346282958984
2020-11-06,102.01356506347656
2020-11-09,101.6135025024414
2020-11-10,97.61296844482422
2020-11-11,98.4130859375
2020-11-12,99.21319580078125
2020-11-13,98.4130859375
2020-11-16,100.81340789794922
2020-11-17,99.21319580078125
2020-11-18,97.21292114257812
2020-11-19,95.21266174316406
2020-11-20,93.21239471435547
2020-11-23,94.41255187988281
2020-11-24,95.21266174316406
2020-11-25,93.61244201660156
2020-11-26,95.21266174316406
2020-11-27,97.61296844482422
2020-11-30,98.81314086914062
2020-12-01,99.61324310302734
2020-12-02,98.01303100585938
2020-12-03,98.4130859375
2020-12-04,96.81287384033203
2020-12-07,98.4130859375
2020-12-08,97.21292114257812
2020-12-09,98.01303100585938
2020-12-10,95.61271667480469
2020-12-11,94.41255187988281
2020-12-14,94.41255187988281
2020-12-15,90.41202545166016
2020-12-16,96.01276397705078
2020-12-17,95.61271667480469
2020-12-18,97.21292114257812
2020-12-21,94.8125991821289
2020-12-22,92.81234741210938
2020-12-23,94.41255187988281
2020-12-24,94.01249694824219
2020-12-25,93.61244201660156
2020-12-28,92.41229248046875
2020-12-29,92.41229248046875
2020-12-30,92.01222229003906
2020-12-31,91.21212768554688
2021-01-04,95.21266174316406
2021-01-05,95.21266174316406
2021-01-06,95.61271667480469
2021-01-07,96.01276397705078
2021-01-08,95.21266174316406
2021-01-11,94.41255187988281
2021-01-12,94.41255187988281
2021-01-13,96.81287384033203
2021-01-14,97.61296844482422
2021-01-15,94.01249694824219
2021-01-18,94.8125991821289
2021-01-19,93.61244201660156
2021-01-20,90.41202545166016
2021-01-21,92.01222229003906
2021-01-22,93.61244201660156
2021-01-25,96.81287384033203
2021-01-26,94.8125991821289
2021-01-27,96.4128189086914
2021-01-28,92.81234741210938
2021-01-29,91.21212768554688
2021-02-01,91.21212768554688
2021-02-02,90.81207275390625
2021-02-03,90.41202545166016
2021-02-04,92.81234741210938
2021-02-05,92.41229248046875
2021-02-17,92.81234741210938
2021-02-18,94.41255187988281
2021-02-19,96.4128189086914
2021-02-22,96.01276397705078
2021-02-23,94.01249694824219
2021-02-24,95.21266174316406
2021-02-25,97.61296844482422
2021-02-26,96.01276397705078
2021-03-02,96.81287384033203
2021-03-03,98.01303100585938
2021-03-04,95.61271667480469
2021-03-05,95.61271667480469
2021-03-08,95.21266174316406
2021-03-09,94.41255187988281
2021-03-10,95.61271667480469
2021-03-11,95.21266174316406
2021-03-12,96.4128189086914
2021-03-15,96.81287384033203
2021-03-16,98.01303100585938
2021-03-17,99.61324310302734
2021-03-18,102.01356506347656
2021-03-19,102.01356506347656
2021-03-22,101.6135025024414
2021-03-23,100.01329040527344
2021-03-24,100.81340789794922
2021-03-25,98.81314086914062
2021-03-26,99.61324310302734
2021-03-29,100.41334533691406
2021-03-30,100.01329040527344
2021-03-31,96.4128189086914
2021-04-01,94.41255187988281
2021-04-07,93.21239471435547
2021-04-08,92.41229248046875
2021-04-09,90.41202545166016
2021-04-12,91.61217498779297
2021-04-13,89.6119155883789
2021-04-14,86.8115463256836
2021-04-15,87.21160125732422
2021-04-16,89.21186065673828
2021-04-19,87.21160125732422
2021-04-20,85.61137390136719
2021-04-21,83.61111450195312
2021-04-22,82.8110122680664
2021-04-23,83.21106719970703
2021-04-26,83.21106719970703
2021-04-27,84.811279296875
2021-04-28,83.61111450195312
2021-04-29,84.811279296875
2021-05-03,79.4505615234375
2021-05-04,78.97049713134766
2021-05-05,78.73046875
2021-05-06,78.97049713134766
2021-05-07,79.85062408447266
2021-05-10,77.85035705566406
2021-05-11,74.00984191894531
2021-05-12,69.6092529296875
2021-05-13,73.44976806640625
2021-05-14,72.00956726074219
2021-05-17,71.04944610595703
2021-05-18,72.24961853027344
2021-05-19,73.28974914550781
2021-05-20,72.88969421386719
2021-05-21,73.44976806640625
2021-05-24,74.969970703125
2021-05-25,75.77007293701172
2021-05-26,75.77007293701172
2021-05-27,74.88995361328125
2021-05-28,77.61031341552734
2021-05-31,77.61031341552734
2021-06-01,78.73046875
2021-06-02,77.53031158447266
2021-06-03,77.85035705566406
2021-06-04,77.77033996582031
2021-06-07,77.1302490234375
2021-06-08,76.5701675415039
2021-06-09,76.81021881103516
2021-06-10,80.81074523925781
2021-06-11,81.21080017089844
2021-06-15,80.81074523925781
2021-06-16,81.21080017089844
2021-06-17,80.81074523925781
2021-06-18,82.01090240478516
2021-06-21,79.93062591552734
2021-06-22,79.93062591552734
2021-06-23,84.4112319946289
2021-06-24,84.811279296875
2021-06-25,84.4112319946289
2021-06-28,85.61137390136719
2021-06-29,86.8115463256836
2021-06-30,87.6462631225586
2021-07-01,86.39418029785156
2021-07-02,86.8115463256836
2021-07-05,88.48099517822266
2021-07-06,87.2289047241211
2021-07-07,88.48099517822266
2021-07-08,88.48099517822266
2021-07-09,87.6462631225586
2021-07-12,87.6462631225586
2021-07-13,87.2289047241211
2021-07-14,87.6462631225586
2021-07-15,89.73308563232422
2021-07-16,90.98517608642578
2021-07-19,89.31571197509766
2021-07-20,86.39418029785156
2021-07-21,85.14208221435547
2021-07-22,86.39418029785156
2021-07-23,86.39418029785156
2021-07-26,86.8115463256836
2021-07-27,87.6462631225586
2021-07-28,88.48099517822266
2021-07-29,89.31571197509766
2021-07-30,87.2289047241211
2021-08-02,87.2289047241211
2021-08-03,87.2289047241211
2021-08-04,86.39418029785156
2021-08-05,87.6462631225586
2021-08-06,86.8115463256836
2021-08-09,85.5594482421875
2021-08-10,83.88999938964844
2021-08-11,83.4726333618164
2021-08-12,83.88999938964844
2021-08-13,81.80318450927734
2021-08-16,80.46761322021484
2021-08-17,80.96845245361328
2021-08-18,81.88665771484375
2021-08-19,79.29899597167969
2021-08-20,79.29899597167969
2021-08-23,80.96845245361328
2021-08-24,80.55109405517578
2021-08-25,81.88665771484375
2021-08-26,80.7180404663086
2021-08-27,81.21887969970703
2021-08-30,80.801513671875
2021-08-31,82.8883285522461
2021-09-01,82.63790893554688
2021-09-02,81.88665771484375
2021-09-03,83.0552749633789
2021-09-06,82.13707733154297
2021-09-07,82.72138214111328
2021-09-08,81.46929168701172
2021-09-09,80.96845245361328
2021-09-10,82.55443572998047
2021-09-13,82.13707733154297
2021-09-14,82.30401611328125
2021-09-15,81.46929168701172
2021-09-16,81.21887969970703
2021-09-17,81.5527572631836
2021-09-22,79.29899597167969
2021-09-23,83.88999938964844
2021-09-24,85.14208221435547
2021-09-27,84.7247314453125
2021-09-28,83.4726333618164
2021-09-29,81.97012329101562
2021-09-30,82.55443572998047
2021-10-01,79.048583984375
2021-10-04,77.46260833740234
2021-10-05,76.7948226928711
2021-10-06,75.54273223876953
2021-10-07,78.96511840820312
2021-10-08,78.7146987915039
2021-10-12,77.62955474853516
2021-10-13,76.12704467773438
2021-10-14,76.4609375
2021-10-15,78.29733276367188
2021-10-18,76.8782958984375
2021-10-19,78.96511840820312
2021-10-20,78.96511840820312
2021-10-21,78.63121795654297
2021-10-22,78.79816436767578
2021-10-25,79.3824691772461
2021-10-26,79.3824691772461
2021-10-27,79.79983520507812
2021-10-28,81.38582611083984
2021-10-29,80.13373565673828
2021-11-01,81.97012329101562
2021-11-02,81.88665771484375
2021-11-03,83.22221374511719
2021-11-04,84.7247314453125
2021-11-05,84.7247314453125
2021-11-08,85.14208221435547
2021-11-09,85.97681427001953
2021-11-10,83.88999938964844
2021-11-11,83.88999938964844
2021-11-12,85.14208221435547
2021-11-15,85.5594482421875
2021-11-16,85.14208221435547
2021-11-17,83.4726333618164
2021-11-18,83.4726333618164
2021-11-19,83.4726333618164
2021-11-22,85.5594482421875
2021-11-23,84.7247314453125
2021-11-24,85.14208221435547
2021-11-25,84.7247314453125
2021-11-26,82.72138214111328
2021-11-29,82.13707733154297
2021-11-30,81.80318450927734
2021-12-01,83.0552749633789
2021-12-02,81.80318450927734
2021-12-03,81.97012329101562
2021-12-06,82.38748931884766
2021-12-07,81.97012329101562
2021-12-08,82.4709701538086
2021-12-09,82.72138214111328
2021-12-10,82.72138214111328
2021-12-13,82.63790893554688
2021-12-14,81.05192565917969
2021-12-15,80.21720123291016
2021-12-16,82.38748931884766
2021-12-17,82.22054290771484
2021-12-20,81.5527572631836
2021-12-21,81.71971130371094
2021-12-22,82.30401611328125
2021-12-23,83.88999938964844
2021-12-24,84.30736541748047
2021-12-27,84.7247314453125
2021-12-28,84.30736541748047
2021-12-29,85.14208221435547
2021-12-30,83.88999938964844
2022-01-03,85.14208221435547
2022-01-04,83.88999938964844
2022-01-05,84.30736541748047
2022-01-06,85.5594482421875
2022-01-07,84.7247314453125
2022-01-10,84.7247314453125
2022-01-11,84.30736541748047
2022-01-12,84.7247314453125
2022-01-13,84.30736541748047
2022-01-14,82.72138214111328
2022-01-17,83.4726333618164
2022-01-18,83.88999938964844
2022-01-19,84.30736541748047
2022-01-20,85.14208221435547
2022-01-21,81.80318450927734
2022-01-24,80.46761322021484
2022-01-25,79.54943084716797
2022-01-26,78.7146987915039
2022-02-07,80.46761322021484
2022-02-08,80.55109405517578
2022-02-09,79.54943084716797
2022-02-10,79.21553039550781
2022-02-11,78.96511840820312
2022-02-14,77.21218872070312
2022-02-15,77.21218872070312
2022-02-16,77.96344757080078
2022-02-17,78.79816436767578
2022-02-18,78.13038635253906
2022-02-21,78.79816436767578
2022-02-22,78.21385955810547
2022-02-23,78.7146987915039
2022-02-24,77.12871551513672
2022-02-25,76.7948226928711
2022-03-01,78.79816436767578
2022-03-02,78.7146987915039
2022-03-03,79.13206481933594
2022-03-04,78.38080596923828
2022-03-07,76.54440307617188
2022-03-08,75.96009826660156
2022-03-09,76.9617691040039
2022-03-10,79.29899597167969
2022-03-11,78.79816436767578
2022-03-14,79.54943084716797
2022-03-15,77.54608154296875
2022-03-16,80.13373565673828
2022-03-17,86.8115463256836
2022-03-18,89.73308563232422
2022-03-21,90.56781005859375
2022-03-22,90.98517608642578
2022-03-23,91.40254211425781
2022-03-24,91.81989288330078
2022-03-25,91.40254211425781
2022-03-28,93.48934936523438
2022-03-29,92.23725891113281
2022-03-30,91.40254211425781
2022-03-31,89.73308563232422
2022-04-01,90.56781005859375
2022-04-06,89.31571197509766
2022-04-07,89.73308563232422
2022-04-08,90.15045166015625
2022-04-11,88.48099517822266
2022-04-12,87.6462631225586
2022-04-13,90.15045166015625
2022-04-14,89.73308563232422
2022-04-15,87.6462631225586
2022-04-18,87.6462631225586
2022-04-19,88.89835357666016
2022-04-20,91.40254211425781
2022-04-21,93.07199096679688
2022-04-22,92.23725891113281
2022-04-25,87.2289047241211
2022-04-26,88.06363677978516
2022-04-27,87.6462631225586
2022-04-28,87.6462631225586
2022-04-29,88.48099517822266
2022-05-03,89.31571197509766
2022-05-04,90.56781005859375
2022-05-05,90.15045166015625
2022-05-06,90.15045166015625
2022-05-09,85.5594482421875
2022-05-10,86.39418029785156
2022-05-11,84.30736541748047
2022-05-12,85.14208221435547
2022-05-13,88.06363677978516
2022-05-16,87.6462631225586
2022-05-17,89.73308563232422
2022-05-18,89.73308563232422
2022-05-19,90.56781005859375
2022-05-20,90.56781005859375
2022-05-23,90.98517608642578
2022-05-24,92.65462493896484
2022-05-25,94.32408142089844
2022-05-26,96.41089630126953
2022-05-27,95.57616424560547
2022-05-30,98.91506958007812
2022-05-31,101.00189208984375
2022-06-01,99.33243560791016
2022-06-02,96.82826232910156
2022-06-06,98.49771118164062
2022-06-07,98.49771118164062
2022-06-08,98.49771118164062
2022-06-09,98.49771118164062
2022-06-10,97.24562072753906
2022-06-13,95.57616424560547
2022-06-14,96.82826232910156
2022-06-15,95.15880584716797
2022-06-16,92.65462493896484
2022-06-17,92.65462493896484
2022-06-20,89.1582260131836
2022-06-21,92.65462493896484
2022-06-22,89.1582260131836
2022-06-23,88.7211685180664
2022-06-24,89.1582260131836
2022-06-27,90.90642547607422
2022-06-28,91.34346771240234
2022-06-29,93.0916748046875
2022-06-30,90.03231811523438
2022-07-01,83.73880767822266
2022-07-04,85.31217956542969
2022-07-05,84.17584991455078
2022-07-06,80.67945098876953
2022-07-07,83.91362762451172
2022-07-08,83.91362762451172
2022-07-11,83.91362762451172
2022-07-12,82.2528305053711
2022-07-13,82.60247039794922
2022-07-14,84.17584991455078
2022-07-15,87.8470687866211
2022-07-18,90.90642547607422
2022-07-19,90.90642547607422
2022-07-20,95.27692413330078
2022-07-21,99.21037292480469
2022-07-22,98.33627319335938
2022-07-25,98.33627319335938
2022-07-26,97.02513122558594
2022-07-27,98.77332305908203
2022-07-28,97.46217346191406
2022-07-29,98.77332305908203
2022-08-01,99.21037292480469
2022-08-02,97.02513122558594
2022-08-03,98.77332305908203
2022-08-04,97.46217346191406
2022-08-05,99.21037292480469
2022-08-08,100.95857238769531
2022-08-09,100.95857238769531
2022-08-10,103.14382934570312
2022-08-11,103.14382934570312
2022-08-12,102.26972198486328
2022-08-15,102.70677185058594
2022-08-16,103.58087158203125
2022-08-17,102.70677185058594
2022-08-18,101.83267974853516
2022-08-19,101.39562225341797
2022-08-22,102.70677185058594
2022-08-23,100.52153015136719
2022-08-24,99.21037292480469
2022-08-25,99.64743041992188
2022-08-26,99.64743041992188
2022-08-29,97.02513122558594
2022-08-30,99.21037292480469
2022-08-31,99.64743041992188
2022-09-01,97.02513122558594
2022-09-02,95.27692413330078
2022-09-05,95.7139663696289
2022-09-06,99.21037292480469
2022-09-07,98.33627319335938
2022-09-08,99.64743041992188
2022-09-12,101.39562225341797
2022-09-13,101.39562225341797
2022-09-14,101.83267974853516
2022-09-15,102.26972198486328
2022-09-16,100.95857238769531
2022-09-19,99.64743041992188
2022-09-20,101.39562225341797
2022-09-21,100.08446502685547
2022-09-22,99.64743041992188
2022-09-23,99.21037292480469
2022-09-26,95.27692413330078
2022-09-27,96.1510238647461
2022-09-28,90.46937561035156
2022-09-29,91.78052520751953
2022-09-30,92.65462493896484
2022-10-03,89.59526824951172
2022-10-04,93.96576690673828
2022-10-05,94.40282440185547
2022-10-06,95.27692413330078
2022-10-07,95.27692413330078
2022-10-11,92.21756744384766
2022-10-12,93.0916748046875
2022-10-13,93.0916748046875
2022-10-14,97.02513122558594
2022-10-17,94.83987426757812
2022-10-18,96.1510238647461
2022-10-19,93.52871704101562
2022-10-20,91.78052520751953
2022-10-21,89.1582260131836
2022-10-24,93.0916748046875
2022-10-25,93.0916748046875
2022-10-26,90.46937561035156
2022-10-27,91.78052520751953
2022-10-28,92.21756744384766
2022-10-31,92.65462493896484
2022-11-01,94.40282440185547
2022-11-02,97.02513122558594
2022-11-03,97.46217346191406
2022-11-04,98.77332305908203
2022-11-07,98.33627319335938
2022-11-08,99.21037292480469
2022-11-09,99.64743041992188
2022-11-10,100.08446502685547
2022-11-11,101.39562225341797
2022-11-14,103.14382934570312
2022-11-15,104.01792907714844
2022-11-16,104.89202117919922
2022-11-17,104.4549789428711
2022-11-18,103.58087158203125
2022-11-21,104.01792907714844
2022-11-22,103.14382934570312
2022-11-23,104.4549789428711
2022-11-24,104.01792907714844
2022-11-25,102.70677185058594
2022-11-28,103.14382934570312
2022-11-29,104.01792907714844
2022-11-30,104.4549789428711
2022-12-01,105.76612854003906
2022-12-02,107.07727813720703
2022-12-05,109.6995849609375
2022-12-06,111.01072692871094
2022-12-07,107.07727813720703
2022-12-08,102.26972198486328
2022-12-09,101.39562225341797
2022-12-12,101.39562225341797
2022-12-13,98.33627319335938
2022-12-14,101.83267974853516
2022-12-15,100.95857238769531
2022-12-16,100.08446502685547
2022-12-19,98.77332305908203
2022-12-20,96.1510238647461
2022-12-21,95.27692413330078
2022-12-22,95.7139663696289
2022-12-23,94.40282440185547
2022-12-26,93.52871704101562
2022-12-27,93.52871704101562
2022-12-28,91.78052520751953
2022-12-29,91.78052520751953
2022-12-30,91.78052520751953
2023-01-03,93.52871704101562
2023-01-04,91.34346771240234
2023-01-05,90.46937561035156
2023-01-06,91.34346771240234
2023-01-09,93.96576690673828
2023-01-10,94.40282440185547
2023-01-11,93.96576690673828
2023-01-12,93.0916748046875
2023-01-13,93.0916748046875
2023-01-16,93.0916748046875
2023-01-17,93.52871704101562
2023-01-30,95.27692413330078
2023-01-31,96.1510238647461
2023-02-01,97.46217346191406
2023-02-02,98.77332305908203
2023-02-03,98.33627319335938
2023-02-06,98.33627319335938
2023-02-07,98.33627319335938
2023-02-08,98.33627319335938
2023-02-09,98.33627319335938
2023-02-10,97.46217346191406
2023-02-13,98.77332305908203
2023-02-14,99.21037292480469
2023-02-15,99.21037292480469
2023-02-16,99.64743041992188
2023-02-17,100.08446502685547
2023-02-20,100.08446502685547
2023-02-21,100.52153015136719
2023-02-22,100.08446502685547
2023-02-23,99.64743041992188
2023-02-24,97.89922332763672
2023-03-01,99.64743041992188
2023-03-02,99.21037292480469
2023-03-03,100.08446502685547
2023-03-06,100.52153015136719
2023-03-07,102.70677185058594
2023-03-08,101.83267974853516
2023-03-09,102.26972198486328
2023-03-10,99.64743041992188
2023-03-13,100.95857238769531
2023-03-14,94.83987426757812
2023-03-15,93.96576690673828
2023-03-16,93.96576690673828
2023-03-17,95.27692413330078
2023-03-20,93.96576690673828
2023-03-21,94.40282440185547
2023-03-22,96.1510238647461
2023-03-23,95.7139663696289
2023-03-24,96.58806610107422
2023-03-27,97.89922332763672
2023-03-28,97.02513122558594
2023-03-29,97.89922332763672
2023-03-30,99.64743041992188
2023-03-31,99.64743041992188
2023-04-06,100.95857238769531
2023-04-07,99.64743041992188
2023-04-10,97.46217346191406
2023-04-11,99.21037292480469
2023-04-12,99.21037292480469
2023-04-13,98.77332305908203
2023-04-14,98.77332305908203
2023-04-17,98.77332305908203
2023-04-18,99.21037292480469
2023-04-19,97.02513122558594
2023-04-20,97.46217346191406
2023-04-21,97.02513122558594
2023-04-24,96.58806610107422
2023-04-25,95.27692413330078
2023-04-26,94.83987426757812
2023-04-27,97.02513122558594
2023-04-28,97.46217346191406
2023-05-02,97.89922332763672
2023-05-03,98.33627319335938
2023-05-04,98.77332305908203
2023-05-05,99.21037292480469
2023-05-08,100.95857238769531
2023-05-09,100.52153015136719
2023-05-10,99.64743041992188
2023-05-11,92.65462493896484
2023-05-12,91.78052520751953
2023-05-15,91.78052520751953
2023-05-16,93.96576690673828
2023-05-17,93.96576690673828
2023-05-18,96.1510238647461
2023-05-19,98.77332305908203
2023-05-22,99.21037292480469
2023-05-23,97.89922332763672
2023-05-24,98.77332305908203
2023-05-25,99.21037292480469
2023-05-26,99.64743041992188
2023-05-29,100.08446502685547
2023-05-30,100.95857238769531
2023-05-31,101.39562225341797
2023-06-01,100.95857238769531
2023-06-02,100.08446502685547
2023-06-05,100.08446502685547
2023-06-06,100.08446502685547
2023-06-07,101.00690460205078
2023-06-08,99.16203308105469
2023-06-09,99.16203308105469
2023-06-12,99.16203308105469
2023-06-13,100.08446502685547
2023-06-14,99.62325286865234
2023-06-15,99.16203308105469
2023-06-16,98.70081329345703
2023-06-19,98.2396011352539
2023-06-20,97.3171615600586
2023-06-21,98.2396011352539
2023-06-26,100.54568481445312
2023-06-27,97.77838134765625
2023-06-28,97.3171615600586
2023-06-29,96.39472961425781
2023-06-30,96.85594177246094
2023-07-03,97.3171615600586
2023-07-04,97.77838134765625
2023-07-05,98.2396011352539
2023-07-06,96.85594177246094
2023-07-07,96.85594177246094
2023-07-10,96.85594177246094
2023-07-11,97.3171615600586
2023-07-12,97.3171615600586
2023-07-13,96.85594177246094
2023-07-14,97.77838134765625
2023-07-17,98.70081329345703
2023-07-18,98.70081329345703
2023-07-19,96.85594177246094
2023-07-20,97.3171615600586
2023-07-21,96.39472961425781
2023-07-24,96.85594177246094
2023-07-25,98.2396011352539
2023-07-26,97.3171615600586
2023-07-27,96.85594177246094
2023-07-28,97.3171615600586
2023-07-31,96.85594177246094
2023-08-01,98.2396011352539
2023-08-02,96.39472961425781
2023-08-04,96.39472961425781
2023-08-07,97.3171615600586
2023-08-08,97.3171615600586
2023-08-09,96.85594177246094
2023-08-10,90.86009979248047
2023-08-11,88.55400085449219
2023-08-14,88.09278106689453
2023-08-15,87.90829467773438
2023-08-16,88.83074188232422
2023-08-17,88.83074188232422
2023-08-18,87.72380828857422
2023-08-21,88.46175384521484
2023-08-22,88.27726745605469
2023-08-23,87.90829467773438
2023-08-24,88.27726745605469
2023-08-25,87.72380828857422
2023-08-28,88.46175384521484
2023-08-29,87.72380828857422
2023-08-30,89.29195404052734
2023-08-31,89.19970703125
2023-09-01,89.29195404052734
2023-09-04,89.47644805908203
2023-09-05,89.753173828125
2023-09-06,91.32131958007812
2023-09-07,90.21439361572266
2023-09-08,89.01522827148438
2023-09-11,89.01522827148438
2023-09-12,90.95233917236328
2023-09-13,91.13682556152344
2023-09-14,92.70497131347656
2023-09-15,94.54984283447266
2023-09-18,93.62740325927734
2023-09-19,94.54984283447266
2023-09-20,93.62740325927734
2023-09-21,90.12214660644531
2023-09-22,91.32131958007812
2023-09-25,91.78253173828125
2023-09-26,90.67561340332031
2023-09-27,90.0299072265625
2023-09-28,90.76786041259766
2023-10-02,92.05927276611328
2023-10-03,90.76786041259766
2023-10-04,89.84541320800781
2023-10-05,90.39888000488281
2023-10-06,90.86009979248047
2023-10-11,92.70497131347656
2023-10-12,93.16619110107422
2023-10-13,93.62740325927734
2023-10-16,94.088623046875
2023-10-17,92.70497131347656
2023-10-18,93.62740325927734
2023-10-19,90.86009979248047
2023-10-20,90.21439361572266
2023-10-23,87.81604766845703
2023-10-24,88.92298126220703
2023-10-25,91.32131958007812
2023-10-26,88.46175384521484
2023-10-27,90.39888000488281
2023-10-30,89.01522827148438
2023-10-31,89.93766021728516
2023-11-01,89.93766021728516
2023-11-02,93.16619110107422
2023-11-03,91.8747787475586
2023-11-06,94.54984283447266
2023-11-07,93.62740325927734
2023-11-08,95.01106262207031
2023-11-09,95.47228240966797
2023-11-10,94.088623046875
2023-11-13,95.01106262207031
2023-11-14,94.54984283447266
2023-11-15,95.47228240966797
2023-11-16,95.47228240966797
2023-11-17,96.39472961425781
2023-11-20,94.088623046875
2023-11-21,95.93350982666016
2023-11-22,95.01106262207031
2023-11-23,97.77838134765625
2023-11-24,96.85594177246094
2023-11-27,95.01106262207031
2023-11-28,96.39472961425781
2023-11-29,96.39472961425781
2023-11-30,95.47228240966797
2023-12-01,95.01106262207031
2023-12-04,95.01106262207031
2023-12-05,95.01106262207031
2023-12-06,94.54984283447266
2023-12-07,95.47228240966797
2023-12-08,95.01106262207031
2023-12-11,96.39472961425781
2023-12-12,98.2396011352539
2023-12-13,97.77838134765625
2023-12-14,98.70081329345703
2023-12-15,98.2396011352539
2023-12-18,98.70081329345703
2023-12-19,99.16203308105469
2023-12-20,98.70081329345703
2023-12-21,98.70081329345703
2023-12-22,99.16203308105469
2023-12-25,99.62325286865234
2023-12-26,99.62325286865234
2023-12-27,100.08446502685547
2023-12-28,101.00690460205078
2023-12-29,100.54568481445312
2024-01-02,100.08446502685547
2024-01-03,100.08446502685547
2024-01-04,101.46812438964844
2024-01-05,101.46812438964844
2024-01-08,100.54568481445312
2024-01-09,98.2396011352539
2024-01-10,95.01106262207031
2024-01-11,95.93350982666016
2024-01-12,94.088623046875
2024-01-15,94.088623046875
2024-01-16,95.01106262207031
2024-01-17,93.62740325927734
2024-01-18,92.05927276611328
2024-01-19,94.088623046875
2024-01-22,93.62740325927734
2024-01-23,94.54984283447266
2024-01-24,93.16619110107422
2024-01-25,93.62740325927734
2024-01-26,94.088623046875
2024-01-29,93.62740325927734
2024-01-30,93.62740325927734
2024-01-31,93.16619110107422
2024-02-01,93.16619110107422
2024-02-02,91.69029235839844
2024-02-05,90.86009979248047
2024-02-15,91.32131958007812
2024-02-16,90.39888000488281
2024-02-19,91.9670181274414
2024-02-20,92.2437515258789
2024-02-21,91.50579833984375
2024-02-22,91.22907257080078
2024-02-23,90.76786041259766
2024-02-26,91.69029235839844
2024-02-27,91.8747787475586
2024-02-29,92.70497131347656
2024-03-01,91.69029235839844
2024-03-04,92.70497131347656
2024-03-05,93.62740325927734
2024-03-06,92.70497131347656
2024-03-07,92.70497131347656
2024-03-08,91.50579833984375
2024-03-11,93.16619110107422
2024-03-12,95.93350982666016
2024-03-13,99.62325286865234
2024-03-14,97.77838134765625
2024-03-15,98.2396011352539
2024-03-18,98.2396011352539
2024-03-19,99.16203308105469
2024-03-20,102.39057159423828
2024-03-21,104.23544311523438
2024-03-22,106.08031463623047
2024-03-25,103.77422332763672
2024-03-26,102.39057159423828
2024-03-27,106.54153442382812
2024-03-28,115.3046875
2024-03-29,115.76591491699219
2024-04-01,116.6883544921875
2024-04-02,121.76174926757812
2024-04-03,119.4556655883789
2024-04-08,115.76591491699219
2024-04-09,113.92102813720703
2024-04-10,109.77007293701172
2024-04-11,108.38641357421875
2024-04-12,108.38641357421875
2024-04-15,106.54153442382812
2024-04-16,103.77422332763672
2024-04-17,104.69666290283203
2024-04-18,103.77422332763672
2024-04-19,103.3130111694336
2024-04-22,104.23544311523438
2024-04-23,104.69666290283203
2024-04-24,107.92518615722656
2024-04-25,105.61909484863281
2024-04-26,105.15787506103516
2024-04-29,107.4639663696289
2024-04-30,107.00274658203125
2024-05-02,106.08031463623047
2024-05-03,106.54153442382812
2024-05-06,107.4639663696289
2024-05-07,109.30885314941406
2024-05-08,110.6925048828125
2024-05-09,111.61494445800781
2024-05-10,110.6925048828125
2024-05-13,112.5373764038086
2024-05-14,111.15372467041016
2024-05-15,109.30885314941406
2024-05-16,109.77007293701172
2024-05-17,109.30885314941406
2024-05-20,110.23128509521484
2024-05-21,107.4639663696289
2024-05-22,107.00274658203125
2024-05-23,109.30885314941406
2024-05-24,110.6925048828125
2024-05-27,111.61494445800781
2024-05-28,111.15372467041016
2024-05-29,112.5373764038086
2024-05-30,114.84347534179688
2024-05-31,112.5373764038086
2024-06-03,112.07615661621094
2024-06-04,109.30885314941406
2024-06-05,109.30885314941406
2024-06-06,107.67241668701172
2024-06-07,110.51837921142578
2024-06-11,107.19808959960938
2024-06-12,112.89002227783203
2024-06-13,112.89002227783203
2024-06-14,114.7873306274414
2024-06-17,115.26165771484375
2024-06-18,123.32523345947266
2024-06-19,125.6968765258789
2024-06-20,125.22254180908203
2024-06-21,120.4792709350586
2024-06-24,119.5306167602539
2024-06-25,119.5306167602539
2024-06-26,120.00494384765625
2024-06-27,122.85091400146484
2024-06-28,122.85091400146484
2024-07-01,120.4792709350586
2024-07-02,122.37657928466797
2024-07-03,125.22254180908203
2024-07-04,131.86314392089844
2024-07-05,133.7604522705078
2024-07-08,133.28611755371094
2024-07-09,134.7091064453125
2024-07-10,140.8753662109375
2024-07-11,145.14431762695312
2024-07-12,142.77267456054688
2024-07-15,139.9267120361328
2024-07-16,141.3496856689453
2024-07-17,146.0929718017578
2024-07-18,137.55506896972656
2024-07-19,132.81179809570312
2024-07-22,129.0171661376953
2024-07-23,129.4915008544922
2024-07-26,130.91448974609375
2024-07-29,128.5428466796875
2024-07-30,130.44015502929688
2024-07-31,129.4915008544922
2024-08-01,131.86314392089844
2024-08-02,127.1198501586914
2024-08-05,117.15896606445312
2024-08-06,116.68463897705078
2024-08-07,121.90225219726562
2024-08-08,115.26165771484375
2024-08-09,120.4792709350586
2024-08-12,122.37657928466797
2024-08-13,120.95359802246094
2024-08-14,115.7359848022461
2024-08-15,112.89002227783203
2024-08-16,115.26165771484375
2024-08-19,117.15896606445312
2024-08-20,118.58195495605469
2024-08-21,116.68463897705078
2024-08-22,120.00494384765625
2024-08-23,122.85091400146484
2024-08-26,120.95359802246094
2024-08-27,120.00494384765625
2024-08-28,121.90225219726562
2024-08-29,130.44015502929688
2024-08-30,128.5428466796875
2024-09-02,126.6455307006836
2024-09-03,125.6968765258789
2024-09-04,119.5306167602539
2024-09-05,118.10762786865234
2024-09-06,119.05628204345703
2024-09-09,115.7359848022461
2024-09-10,110.51837921142578
2024-09-11,110.51837921142578
2024-09-12,111.94136810302734
2024-09-13,111.94136810302734
2024-09-16,112.89002227783203
2024-09-18,107.67241668701172
2024-09-19,110.04405212402344
2024-09-20,109.09539794921875
2024-09-23,109.5697250366211
2024-09-24,108.6210708618164
2024-09-25,109.5697250366211
2024-09-26,108.14674377441406
2024-09-27,108.6210708618164
2024-09-30,107.67241668701172
2024-10-01,107.19808959960938
2024-10-04,105.77510833740234
2024-10-07,107.67241668701172
2024-10-08,107.67241668701172
2024-10-09,108.14674377441406
2024-10-11,106.72376251220703
2024-10-14,108.14674377441406
2024-10-15,109.09539794921875
2024-10-16,107.67241668701172
2024-10-17,107.67241668701172
2024-10-18,106.24943542480469
2024-10-21,110.51837921142578
2024-10-22,110.51837921142578
2024-10-23,110.51837921142578
2024-10-24,109.5697250366211
2024-10-25,108.6210708618164
2024-10-28,107.67241668701172
2024-10-29,105.77510833740234
2024-10-30,106.72376251220703
2024-11-01,103.87779235839844
2024-11-04,104.35211944580078
2024-11-05,104.35211944580078
2024-11-06,102.92913818359375
2024-11-07,107.19808959960938
2024-11-08,111.467041015625
2024-11-11,114.31300354003906
2024-11-12,112.89002227783203
2024-11-13,113.83867645263672
2024-11-14,109.5697250366211
2024-11-15,111.94136810302734
2024-11-18,110.04405212402344
2024-11-19,111.467041015625
2024-11-20,110.99270629882812
2024-11-21,111.94136810302734
2024-11-22,112.41569519042969
2024-11-25,113.36434936523438
2024-11-26,112.41569519042969
2024-11-27,109.5697250366211
2024-11-28,109.5697250366211
2024-11-29,108.6210708618164
2024-12-02,109.5697250366211
2024-12-03,110.04405212402344
2024-12-04,110.04405212402344
2024-12-05,109.5697250366211
2024-12-06,110.51837921142578
2024-12-09,109.5697250366211
2024-12-10,110.04405212402344
2024-12-11,109.5697250366211
2024-12-12,111.467041015625
2024-12-13,110.99270629882812
2024-12-16,110.51837921142578
2024-12-17,110.51837921142578
2024-12-18,117.15896606445312
2024-12-19,118.10762786865234
2024-12-20,116.68463897705078
2024-12-23,117.15896606445312
2024-12-24,115.26165771484375
2024-12-25,117.63329315185547
2024-12-26,117.63329315185547
2024-12-27,116.68463897705078
2024-12-30,115.7359848022461
2024-12-31,113.83867645263672
2025-01-02,114.7873306274414
2025-01-03,114.31300354003906
2025-01-06,116.68463897705078
2025-01-07,115.7359848022461
2025-01-08,113.83867645263672
2025-01-09,111.467041015625
2025-01-10,111.94136810302734
2025-01-13,107.19808959960938
2025-01-14,110.51837921142578
2025-01-15,109.5697250366211
2025-01-16,109.5697250366211
2025-01-17,111.94136810302734
2025-01-20,110.99270629882812
2025-01-21,110.99270629882812
2025-01-22,113.36434936523438
2025-02-03,108.6210708618164
2025-02-04,107.19808959960938
2025-02-05,110.51837921142578
2025-02-06,111.467041015625
2025-02-07,112.41569519042969
2025-02-10,113.36434936523438
2025-02-11,113.36434936523438
2025-02-12,112.41569519042969
2025-02-13,114.31300354003906
2025-02-14,112.89002227783203
2025-02-17,113.83867645263672
2025-02-18,115.7359848022461
2025-02-19,115.26165771484375
2025-02-20,114.7873306274414
2025-02-21,114.7873306274414
2025-02-24,114.31300354003906
2025-02-25,114.7873306274414
2025-02-26,113.36434936523438
2025-02-27,111.467041015625
2025-03-03,108.6210708618164
2025-03-04,108.6210708618164
2025-03-05,110.04405212402344
2025-03-06,108.14674377441406
2025-03-07,108.14674377441406
2025-03-10,107.67241668701172
2025-03-11,107.67241668701172
2025-03-12,107.19808959960938
2025-03-13,104.35211944580078
2025-03-14,105.30078125
2025-03-17,105.30078125
2025-03-18,106.24943542480469
2025-03-19,104.82645416259766
2025-03-20,105.77510833740234
2025-03-21,106.24943542480469
2025-03-24,106.72376251220703
2025-03-25,107.19808959960938
2025-03-26,107.67241668701172
2025-03-27,106.72376251220703
2025-03-28,102.92913818359375
2025-03-31,98.18585968017578
2025-04-01,102.4548110961914
2025-04-02,102.4548110961914
2025-04-07,92.2093276977539
2025-04-08,88.50957489013672
2025-04-09,81.3946533203125
2025-04-10,89.4582290649414
2025-04-11,90.69147491455078
2025-04-14,91.54527282714844
2025-04-15,91.54527282714844
2025-04-16,89.55309295654297
2025-04-17,87.18145751953125
2025-04-18,88.7941665649414
2025-04-21,87.75064849853516
2025-04-22,86.51739501953125
2025-04-23,89.93255615234375
2025-04-24,89.93255615234375
2025-04-25,91.45040893554688
2025-04-28,92.01959991455078
2025-04-29,92.11446380615234
2025-04-30,92.68365478515625
2025-05-02,94.48609924316406
2025-05-05,91.82987213134766
2025-05-06,94.3912353515625
2025-05-07,94.86556243896484
2025-05-08,96.76287078857422
2025-05-09,97.7115249633789
2025-05-12,98.18585968017578
2025-05-13,99.13451385498047
2025-05-14,96.76287078857422
2025-05-15,97.7115249633789
2025-05-16,96.28854370117188
2025-05-19,95.81421661376953
2025-05-20,94.86556243896484
2025-05-21,97.23719787597656
2025-05-22,95.81421661376953
2025-05-23,97.23719787597656
2025-05-26,96.28854370117188
2025-05-27,97.23719787597656
2025-05-28,98.66018676757812
2025-05-29,97.7115249633789
2025-06-02,97.23719787597656
2025-06-03,98.18585968017578
2025-06-04,101.03182983398438
2025-06-05,100.5574951171875
2025-06-06,101.03182983398438
2025-06-09,101.50615692138672
2025-06-10,101.03182983398438
2025-06-11,101.50615692138672
2025-06-12,100.31430053710938
2025-06-13,99.81769561767578
2025-06-16,98.327880859375
2025-06-17,97.2353515625
2025-06-18,98.52651977539062
2025-06-19,97.03670501708984
2025-06-20,96.44078063964844
2025-06-23,96.24214172363281
2025-06-24,99.02312469482422
2025-06-25,99.32109069824219
2025-06-26,98.02991485595703
2025-06-27,99.81769561767578
2025-06-30,99.81769561767578
2025-07-01,99.32109069824219
2025-07-02,101.80411529541016
2025-07-03,103.29393768310547
2025-07-04,102.30072021484375
2025-07-07,106.77017211914062
2025-07-08,108.756591796875
2025-07-09,112.72943878173828
2025-07-10,112.23283386230469
2025-07-11,110.24641418457031
2025-07-14,107.76338195800781
2025-07-15,112.23283386230469
2025-07-16,111.2396240234375
2025-07-17,113.22604370117188
2025-07-18,113.72264862060547
2025-07-21,113.72264862060547
2025-07-22,111.7362289428711
2025-07-23,114.71585845947266
2025-07-24,116.70228576660156
2025-07-25,115.21246337890625
2025-07-28,116.20567321777344
2025-07-29,126.63439178466797
2025-07-30,123.15814971923828
2025-07-31,124.6479721069336
2025-08-04,121.1717300415039
2025-08-05,120.67512512207031
2025-08-06,121.1717300415039
2025-08-07,123.15814971923828
2025-08-08,128.12420654296875
2025-08-11,140.53933715820312
2025-08-12,146.0019989013672
2025-08-13,159.90695190429688
2025-08-14,153.45108032226562
2025-08-15,159.90695190429688
2025-08-18,168.84585571289062
2025-08-19,164.37640380859375
2025-08-20,160.403564453125
2025-08-21,166.85943603515625
2025-08-22,169.8390655517578
2025-08-25,179.27456665039062
2025-08-26,191.19309997558594
2025-08-27,190.69650268554688
2025-08-28,192.68292236328125
2025-08-29,195.1659393310547
2025-09-01,189.70327758789062
2025-09-02,183.24740600585938
2025-09-03,182.2541961669922
2025-09-04,172.81869506835938
2025-09-05,172.81869506835938
2025-09-08,166.85943603515625
2025-09-09,165.86622619628906
2025-09-10,167.3560333251953
2025-09-11,167.85264587402344
2025-09-12,167.85264587402344
2025-09-15,164.87301635742188
2025-09-16,171.32888793945312
2025-09-17,169.8390655517578
2025-09-18,168.3492431640625
2025-09-19,168.3492431640625
2025-09-22,173.81190490722656
2025-09-23,170.33567810058594
2025-09-24,167.85264587402344
2025-09-25,171.32888793945312
2025-09-26,163.8798065185547
2025-09-30,164.87301635742188
2025-10-01,160.90016174316406
2025-10-02,158.9137420654297
2025-10-03,162.8865966796875
2025-10-07,164.37640380859375
2025-10-08,165.86622619628906
2025-10-09,164.87301635742188
2025-10-13,158.41714477539062
2025-10-14,144.51219177246094
2025-10-15,145.0087890625
2025-10-16,150.47145080566406
2025-10-17,146.99520874023438
2025-10-20,148.9816436767578
2025-10-21,163.8798065185547
2025-10-22,160.90016174316406
2025-10-23,161.89337158203125
2025-10-27,169.3424530029297
2025-10-28,165.36961364746094
2025-10-29,167.85264587402344
2025-10-30,164.87301635742188
2025-10-31,161.89337158203125
2025-11-03,163.8798065185547
2025-11-04,159.4103546142578
2025-11-05,156.43072509765625
2025-11-06,155.93411254882812
2025-11-07,153.45108032226562
2025-11-10,154.4442901611328
2025-11-11,153.94769287109375
2025-11-12,143.51898193359375
2025-11-13,149.974853515625
2025-11-14,140.53933715820312
2025-11-17,141.03594970703125
2025-11-18,137.55970764160156
2025-11-19,135.07669067382812
2025-11-20,140.04273986816406
2025-11-21,140.04273986816406
2025-11-24,139.54612731933594
2025-11-25,137.55970764160156
2025-11-26,139.04953002929688
2025-11-27,142.02915954589844
2025-11-28,144.51219177246094
2025-12-01,146.4986114501953
2025-12-02,145.0087890625
2025-12-03,143.51898193359375
2025-12-04,144.51219177246094
2025-12-05,146.4986114501953
2025-12-08,146.0019989013672
2025-12-09,146.4986114501953
2025-12-10,145.50540161132812
2025-12-11,145.0087890625
2025-12-12,142.02915954589844
2025-12-15,140.04273986816406
2025-12-16,136.56649780273438
2025-12-17,139.04953002929688
2025-12-18,137.55970764160156
2025-12-19,138.0563201904297
2025-12-22,143.02236938476562
2025-12-23,143.02236938476562
2025-12-24,144.51219177246094
2025-12-26,143.51898193359375
2025-12-29,142.02915954589844
2025-12-30,140.04273986816406
2025-12-31,141.03594970703125
2026-01-02,139.54612731933594
2026-01-05,139.54612731933594
2026-01-06,144.51219177246094
2026-01-07,147.4918212890625
2026-01-08,142.02915954589844
2026-01-09,143.51898193359375
2026-01-12,157.42393493652344
2026-01-13,162.8865966796875
2026-01-14,167.3560333251953
2026-01-15,166.36282348632812
2026-01-16,172.81869506835938
2026-01-19,169.3424530029297
2026-01-20,163.38319396972656
2026-01-21,158.41714477539062
2026-01-22,163.38319396972656
2026-01-23,169.3424530029297
2026-01-26,163.38319396972656
2026-01-27,163.8798065185547
2026-01-28,175.30172729492188
2026-01-29,176.7915496826172
2026-01-30,194.1727294921875
2026-02-02,182.2541961669922
2026-02-03,179.77117919921875
2026-02-04,197.6489715576172
2026-02-05,188.71006774902344
2026-02-06,180.76438903808594
2026-02-09,180.76438903808594
2026-02-10,178.77796936035156
2026-02-11,176.7915496826172
2026-02-23,194.1727294921875
2026-02-24,210.06410217285156
2026-02-25,204.10484313964844
2026-02-26,207.58108520507812
2026-03-02,196.15914916992188
2026-03-03,191.68971252441406
2026-03-04,177.78475952148438
2026-03-05,176.29493713378906
2026-03-06,173.81190490722656
2026-03-09,161.3967742919922
2026-03-10,166.85943603515625
2026-03-11,173.3153076171875
2026-03-12,170.33567810058594
2026-03-13,187.2202606201172
2026-03-16,195.1659393310547
2026-03-17,196.65576171875
2026-03-18,205.59466552734375
2026-03-19,208.0776824951172
2026-03-20,208.0776824951172
2026-03-23,199.63539123535156
2026-03-24,195.6625518798828
2026-03-25,206.0912628173828
2026-03-26,217.01658630371094
2026-03-27,228.43850708007812
2026-03-30,224.96226501464844
2026-03-31,205.09805297851562
2026-04-01,218.00979614257812
2026-04-02,212.050537109375
2026-04-07,223.4724578857422
2026-04-08,245.8197021484375
2026-04-09,261.7110900878906
2026-04-10,263.2008972167969
2026-04-13,255.75181579589844
2026-04-14,249.79254150390625
2026-04-15,249.79254150390625
2026-04-16,254.75860595703125
2026-04-17,280.0854797363281
2026-04-20,307.8953857421875
2026-04-21,312.8614501953125
2026-04-22,312.8614501953125
2026-04-23,322.7935485839844
2026-04-24,345.1407775878906
2026-04-27,356.06610107421875
2026-04-28,391.3251037597656
2026-04-29,380.3997802734375
2026-04-30,418.14178466796875
2026-05-04,429.563720703125
2026-05-05,423.6044616699219
2026-05-06,409.202880859375
2026-05-07,424.10107421875
2026-05-08,398.277587890625
2026-05-11,409.202880859375
2026-05-12,404.2368469238281
2026-05-13,439.4958190917969
2026-05-14,433.53656005859375
2026-05-15,398.277587890625
2026-05-18,385.8624267578125
2026-05-19,405.7266540527344
2026-05-20,436.01959228515625
2026-05-21,466.3125305175781
2026-05-22,512.496826171875
2026-05-25,525.4085693359375
2026-05-26,536.3338623046875
2026-05-27,528.38818359375
2026-05-28,482.70050048828125
2026-05-29,511.5036315917969
2026-06-01,544.2796020507812
2026-06-02,516.4696655273438
2026-06-03,506.5375671386719
2026-06-04,489.1563720703125
2026-06-05,500.57830810546875
2026-06-08,512.0
2026-06-09,545.0
2026-06-10,502.0
2026-06-11,529.0
2026-06-12,552.0
2026-06-15,590.0
2026-06-16,624.0
2026-06-17,639.0
2026-06-18,642.0
2026-06-22,622.0
2026-06-23,587.0
2026-06-24,587.0
2026-06-25,602.0
2026-06-26,580.0
2026-06-29,573.0
2026-06-30,630.0
2026-07-01,603.0
2026-07-02,598.0
2026-07-03,613.0
2026-07-06,579.0
2026-07-07,548.0
2026-07-08,565.0
2026-07-09,588.0
2026-07-10,588.0
2026-07-13,646.0
2026-07-14,629.0
2026-07-15,618.0
2026-07-16,578.0
2026-07-17,521.0
2026-07-20,478.5
2026-07-21,509.0
2026-07-22,559.0
2026-07-23,506.0
2026-07-24,482.0
2026-07-27,470.5
2026-07-28,427.5
2026-07-29,404.5
2026-07-30,376.0
2026-07-31,413.5
2026-08-03,421.5
2026-08-04,444.0
2026-08-05,488.0
2026-08-06,482.0
2026-08-07,473.0
2026-08-10,470.5
2026-08-11,490.0
2026-08-12,471.5
2026-08-13,477.5
2026-08-14,489.5
2026-08-17,503.0
2026-08-18,474.0
2026-08-19,457.0
2026-08-20,463.0
2026-08-21,441.0
2026-08-24,435.5
2026-08-25,444.0
2026-08-26,453.0
2026-08-27,477.0
2026-08-28,480.5
2026-08-31,500.0
2026-09-01,535.0
2026-09-02,507.0
2026-09-03,464.0
2026-09-04,463.0
2026-09-07,501.0
2026-09-08,505.0
2026-09-09,502.0
2026-09-10,494.5
2026-09-11,495.0
2026-09-14,489.5
2026-09-15,477.5
2026-09-16,493.5
2026-09-17,476.0
2026-09-18,473.0
2026-09-21,470.0
2026-09-22,489.0
2026-09-23,473.0
2026-09-24,475.5
