Price,AdjClose
Ticker,SPY
Date,
1993-01-29,24.113256454467773
1993-02-01,24.28477668762207
1993-02-02,24.336206436157227
1993-02-03,24.593463897705078
1993-02-04,24.696378707885742
1993-02-05,24.67921257019043
1993-02-08,24.67921257019043
1993-02-09,24.507720947265625
1993-02-10,24.542011260986328
1993-02-11,24.66207504272461
1993-02-12,24.473424911499023
1993-02-16,23.856006622314453
1993-02-17,23.83885383605957
1993-02-18,23.821706771850586
1993-02-19,23.907472610473633
1993-02-22,23.993207931518555
1993-02-23,23.976049423217773
1993-02-24,24.28477668762207
1993-02-25,24.336206436157227
1993-02-26,24.370519638061523
1993-03-01,24.30191993713379
1993-03-02,24.66207504272461
1993-03-03,24.764984130859375
1993-03-04,24.627756118774414
1993-03-05,24.55917739868164
1993-03-08,25.107988357543945
1993-03-09,25.02223014831543
1993-03-10,25.073671340942383
1993-03-11,25.005084991455078
1993-03-12,24.747814178466797
1993-03-15,24.86787223815918
1993-03-16,24.86787223815918
1993-03-17,24.713518142700195
1993-03-18,24.86787223815918
1993-03-19,24.830245971679688
1993-03-22,24.6923885345459
1993-03-23,24.744068145751953
1993-03-24,24.744068145751953
1993-03-25,24.89916229248047
1993-03-26,24.761314392089844
1993-03-29,24.864700317382812
1993-03-30,24.933618545532227
1993-03-31,24.916410446166992
1993-04-01,24.830245971679688
1993-04-02,24.313312530517578
1993-04-05,24.43391990661621
1993-04-06,24.365007400512695
1993-04-07,24.451148986816406
1993-04-08,24.41668701171875
1993-04-12,24.761314392089844
1993-04-13,24.81299591064453
1993-04-14,24.778549194335938
1993-04-15,24.778549194335938
1993-04-16,24.778549194335938
1993-04-19,24.6751708984375
1993-04-20,24.554527282714844
1993-04-21,24.53730583190918
1993-04-22,24.227134704589844
1993-04-23,24.123750686645508
1993-04-26,23.934215545654297
1993-04-27,24.192686080932617
1993-04-28,24.140987396240234
1993-04-29,24.2443790435791
1993-04-30,24.278831481933594
1993-05-03,24.43391990661621
1993-05-04,24.52007293701172
1993-05-05,24.589008331298828
1993-05-06,24.502843856811523
1993-05-07,24.451148986816406
1993-05-10,24.502843856811523
1993-05-11,24.60624122619629
1993-05-12,24.571767807006836
1993-05-13,24.278831481933594
1993-05-14,24.261592864990234
1993-05-17,24.347755432128906
1993-05-18,24.330535888671875
1993-05-19,24.830245971679688
1993-05-20,24.89916229248047
1993-05-21,24.6751708984375
1993-05-24,24.778549194335938
1993-05-25,24.830245971679688
1993-05-26,25.140398025512695
1993-05-27,25.054231643676758
1993-05-28,24.933618545532227
1993-06-01,25.174856185913086
1993-06-02,25.140398025512695
1993-06-03,25.054231643676758
1993-06-04,24.968088150024414
1993-06-07,24.881940841674805
1993-06-08,24.65792465209961
1993-06-09,24.744068145751953
1993-06-10,24.761314392089844
1993-06-11,24.864700317382812
1993-06-14,24.830245971679688
1993-06-15,24.778549194335938
1993-06-16,24.830245971679688
1993-06-17,24.916410446166992
1993-06-18,24.71120834350586
1993-06-21,24.76327896118164
1993-06-22,24.78062629699707
1993-06-23,24.555038452148438
1993-06-24,24.884742736816406
1993-06-25,24.867385864257812
1993-06-28,25.145036697387695
1993-06-29,25.023561477661133
1993-06-30,25.023561477661133
1993-07-01,24.95415496826172
1993-07-02,24.815319061279297
1993-07-06,24.555038452148438
1993-07-07,24.624439239501953
1993-07-08,24.9021053314209
1993-07-09,24.971500396728516
1993-07-12,24.95415496826172
1993-07-13,24.936803817749023
1993-07-14,25.023561477661133
1993-07-15,24.919443130493164
1993-07-16,24.85004997253418
1993-07-19,24.83268165588379
1993-07-20,24.9021053314209
1993-07-21,24.884742736816406
1993-07-22,24.71120834350586
1993-07-23,24.83268165588379
1993-07-26,24.971500396728516
1993-07-27,24.95415496826172
1993-07-28,24.9021053314209
1993-07-29,25.040918350219727
1993-07-30,24.9021053314209
1993-08-02,24.971500396728516
1993-08-03,24.98885154724121
1993-08-04,24.98885154724121
1993-08-05,24.936803817749023
1993-08-06,24.971500396728516
1993-08-09,25.110332489013672
1993-08-10,25.092998504638672
1993-08-11,25.092998504638672
1993-08-12,25.023561477661133
1993-08-13,25.058279037475586
1993-08-16,25.19710350036621
1993-08-17,25.283864974975586
1993-08-18,25.422697067260742
1993-08-19,25.422697067260742
1993-08-20,25.440044403076172
1993-08-23,25.38799285888672
1993-08-24,25.665647506713867
1993-08-25,25.6829833984375
1993-08-26,25.700361251831055
1993-08-27,25.6829833984375
1993-08-30,25.78712272644043
1993-08-31,25.85652732849121
1993-09-01,25.821836471557617
1993-09-02,25.735044479370117
1993-09-03,25.752416610717773
1993-09-07,25.578882217407227
1993-09-08,25.492115020751953
1993-09-09,25.54418182373047
1993-09-10,25.769756317138672
1993-09-13,25.78712272644043
1993-09-14,25.6829833984375
1993-09-15,25.752416610717773
1993-09-16,25.648298263549805
1993-09-17,25.59856605529785
1993-09-20,25.389015197753906
1993-09-21,25.301715850830078
1993-09-22,25.51125717163086
1993-09-23,25.650949478149414
1993-09-24,25.58110237121582
1993-09-27,25.860490798950195
1993-09-28,25.80810546875
1993-09-29,25.72079086303711
1993-09-30,25.668418884277344
1993-10-01,25.790639877319336
1993-10-04,25.8255615234375
1993-10-05,25.790639877319336
1993-10-06,25.773168563842773
1993-10-07,25.703325271606445
1993-10-08,25.73824691772461
1993-10-11,25.790639877319336
1993-10-12,25.8255615234375
1993-10-13,25.8255615234375
1993-10-14,26.15732765197754
1993-10-15,26.297021865844727
1993-10-18,26.227176666259766
1993-10-19,26.03510093688965
1993-10-20,26.070030212402344
1993-10-21,26.03510093688965
1993-10-22,25.912864685058594
1993-10-25,25.98272132873535
1993-10-26,25.965261459350586
1993-10-27,25.98272132873535
1993-10-28,26.17479133605957
1993-10-29,26.17479133605957
1993-11-01,26.244646072387695
1993-11-02,26.227176666259766
1993-11-03,25.895397186279297
1993-11-04,25.616018295288086
1993-11-05,25.73824691772461
1993-11-08,25.773168563842773
1993-11-09,25.790639877319336
1993-11-10,25.98272132873535
1993-11-11,25.912864685058594
1993-11-12,26.03510093688965
1993-11-15,26.017637252807617
1993-11-16,26.139863967895508
1993-11-17,26.000171661376953
1993-11-18,25.930328369140625
1993-11-19,25.87793731689453
1993-11-22,25.72079086303711
1993-11-23,25.860490798950195
1993-11-24,25.965261459350586
1993-11-26,25.98272132873535
1993-11-29,25.87793731689453
1993-11-30,25.895397186279297
1993-12-01,25.930328369140625
1993-12-02,26.000171661376953
1993-12-03,26.10492706298828
1993-12-06,26.192241668701172
1993-12-07,26.17479133605957
1993-12-08,26.17479133605957
1993-12-09,26.087482452392578
1993-12-10,26.03510093688965
1993-12-13,26.192241668701172
1993-12-14,26.000171661376953
1993-12-15,25.965261459350586
1993-12-16,26.05255889892578
1993-12-17,26.19574737548828
1993-12-20,26.230911254882812
1993-12-21,26.142988204956055
1993-12-22,26.318803787231445
1993-12-23,26.301210403442383
1993-12-27,26.44187355041504
1993-12-28,26.494625091552734
1993-12-29,26.459455490112305
1993-12-30,26.35397720336914
1993-12-31,26.213327407836914
1994-01-03,26.142988204956055
1994-01-04,26.24847412109375
1994-01-05,26.301210403442383
1994-01-06,26.301210403442383
1994-01-07,26.459455490112305
1994-01-10,26.775909423828125
1994-01-11,26.723188400268555
1994-01-12,26.63525390625
1994-01-13,26.5649356842041
1994-01-14,26.67043113708496
1994-01-17,26.67043113708496
1994-01-18,26.70558738708496
1994-01-19,26.63525390625
1994-01-20,26.70558738708496
1994-01-21,26.652841567993164
1994-01-24,26.547365188598633
1994-01-25,26.547365188598633
1994-01-26,26.617673873901367
1994-01-27,26.863811492919922
1994-01-28,26.93413734436035
1994-01-31,27.12752914428711
1994-02-01,26.986886978149414
1994-02-02,27.16270637512207
1994-02-03,27.039628982543945
1994-02-04,26.42429542541504
1994-02-07,26.547365188598633
1994-02-08,26.5649356842041
1994-02-09,26.67043113708496
1994-02-10,26.44187355041504
1994-02-11,26.529775619506836
1994-02-14,26.5649356842041
1994-02-15,26.70558738708496
1994-02-16,26.688003540039062
1994-02-17,26.529775619506836
1994-02-18,26.371551513671875
1994-02-22,26.63525390625
1994-02-23,26.5649356842041
1994-02-24,26.213327407836914
1994-02-25,26.33639144897461
1994-02-28,26.33639144897461
1994-03-01,26.230911254882812
1994-03-02,26.266063690185547
1994-03-03,26.19574737548828
1994-03-04,26.266063690185547
1994-03-07,26.406713485717773
1994-03-08,26.301210403442383
1994-03-09,26.42429542541504
1994-03-10,26.213327407836914
1994-03-11,26.35397720336914
1994-03-14,26.389141082763672
1994-03-15,26.371551513671875
1994-03-16,26.582521438598633
1994-03-17,26.582521438598633
1994-03-18,26.57672119140625
1994-03-21,26.505990982055664
1994-03-22,26.57672119140625
1994-03-23,26.559045791625977
1994-03-24,26.24076271057129
1994-03-25,25.993196487426758
1994-03-28,26.02855110168457
1994-03-29,25.515775680541992
1994-03-30,25.16210174560547
1994-03-31,25.23285675048828
1994-04-04,24.84383773803711
1994-04-05,25.356630325317383
1994-04-06,25.356630325317383
1994-04-07,25.48041534423828
1994-04-08,25.285905838012695
1994-04-11,25.39198875427246
1994-04-12,25.356630325317383
1994-04-13,25.224029541015625
1994-04-14,25.23285675048828
1994-04-15,25.23285675048828
1994-04-18,25.06488037109375
1994-04-19,25.1002254486084
1994-04-20,25.073728561401367
1994-04-21,25.4096736907959
1994-04-22,25.383155822753906
1994-04-25,25.64841079711914
1994-04-26,25.621868133544922
1994-04-28,25.43621063232422
1994-04-29,25.515775680541992
1994-05-02,25.6749210357666
1994-05-03,25.64841079711914
1994-05-04,25.60420036315918
1994-05-05,25.568819046020508
1994-05-06,25.32127571105957
1994-05-09,25.1002254486084
1994-05-10,25.29474639892578
1994-05-11,25.06488037109375
1994-05-12,25.188644409179688
1994-05-13,25.188644409179688
1994-05-16,25.197500228881836
1994-05-17,25.568819046020508
1994-05-18,25.75448226928711
1994-05-19,25.878267288208008
1994-05-20,25.781007766723633
1994-05-23,25.73681640625
1994-05-24,25.842905044555664
1994-05-25,25.91363525390625
1994-05-26,25.93130111694336
1994-05-27,25.957836151123047
1994-05-31,25.92245864868164
1994-06-01,26.037403106689453
1994-06-02,26.01089096069336
1994-06-03,26.161182403564453
1994-06-06,26.152341842651367
1994-06-07,26.11698341369629
1994-06-08,25.9047908782959
1994-06-09,26.046234130859375
1994-06-10,26.0904598236084
1994-06-13,26.125829696655273
1994-06-14,26.32915496826172
1994-06-15,26.22308349609375
1994-06-16,26.2761287689209
1994-06-17,26.129453659057617
1994-06-20,25.906972885131836
1994-06-21,25.684471130371094
1994-06-22,25.782363891601562
1994-06-23,25.631072998046875
1994-06-24,25.097097396850586
1994-06-27,25.533172607421875
1994-06-28,25.4085750579834
1994-06-29,25.488683700561523
1994-06-30,25.328458786010742
1994-07-01,25.38187026977539
1994-07-05,25.515392303466797
1994-07-06,25.479761123657227
1994-07-07,25.586565017700195
1994-07-08,25.577665328979492
1994-07-11,25.488683700561523
1994-07-12,25.524274826049805
1994-07-13,25.568777084350586
1994-07-14,25.844667434692383
1994-07-15,25.853557586669922
1994-07-18,25.89805793762207
1994-07-19,25.844667434692383
1994-07-20,25.728961944580078
1994-07-21,25.782363891601562
1994-07-22,25.82686424255371
1994-07-25,25.862468719482422
1994-07-26,25.835756301879883
1994-07-27,25.835756301879883
1994-07-28,25.889163970947266
1994-07-29,26.147249221801758
1994-08-01,26.271846771240234
1994-08-02,26.307451248168945
1994-08-03,26.316341400146484
1994-08-04,26.16504669189453
1994-08-05,26.0760555267334
1994-08-08,26.138357162475586
1994-08-09,26.182859420776367
1994-08-10,26.28075408935547
1994-08-11,26.182859420776367
1994-08-12,26.387542724609375
1994-08-15,26.37862777709961
1994-08-16,26.565542221069336
1994-08-17,26.547733306884766
1994-08-18,26.4587345123291
1994-08-19,26.440956115722656
1994-08-22,26.41425132751465
1994-08-23,26.565542221069336
1994-08-24,26.850318908691406
1994-08-25,26.779138565063477
1994-08-26,27.161815643310547
1994-08-29,27.144010543823242
1994-08-30,27.2152156829834
1994-08-31,27.144010543823242
1994-09-01,27.055036544799805
1994-09-02,26.9393253326416
1994-09-06,26.948213577270508
1994-09-07,26.921525955200195
1994-09-08,27.055036544799805
1994-09-09,26.770240783691406
1994-09-12,26.690134048461914
1994-09-13,26.770240783691406
1994-09-14,26.79693603515625
1994-09-15,27.135114669799805
1994-09-16,26.9420108795166
1994-09-19,26.968854904174805
1994-09-20,26.458492279052734
1994-09-21,26.458492279052734
1994-09-22,26.395809173583984
1994-09-23,26.30628204345703
1994-09-26,26.44057273864746
1994-09-27,26.422672271728516
1994-09-28,26.628616333007812
1994-09-29,26.494304656982422
1994-09-30,26.458492279052734
1994-10-03,26.395809173583984
1994-10-04,26.001846313476562
1994-10-05,26.01080894470215
1994-10-06,25.93022918701172
1994-10-07,26.046628952026367
1994-10-10,26.324195861816406
1994-10-11,26.718158721923828
1994-10-12,26.753976821899414
1994-10-13,26.843505859375
1994-10-14,26.959917068481445
1994-10-17,26.906173706054688
1994-10-18,26.843505859375
1994-10-19,26.968854904174805
1994-10-20,26.789775848388672
1994-10-21,26.682327270507812
1994-10-24,26.458492279052734
1994-10-25,26.48535919189453
1994-10-26,26.583843231201172
1994-10-27,26.745027542114258
1994-10-28,27.30910873413086
1994-10-31,27.210622787475586
1994-11-01,26.906173706054688
1994-11-02,26.753976821899414
1994-11-03,26.8972225189209
1994-11-04,26.548030853271484
1994-11-07,26.628616333007812
1994-11-08,26.83456039428711
1994-11-09,26.879331588745117
1994-11-10,26.691286087036133
1994-11-11,26.592796325683594
1994-11-14,26.843505859375
1994-11-15,26.753976821899414
1994-11-16,26.843505859375
1994-11-17,26.66442108154297
1994-11-18,26.628616333007812
1994-11-21,26.360000610351562
1994-11-22,25.786956787109375
1994-11-23,25.93022918701172
1994-11-25,26.05557632446289
1994-11-28,26.171974182128906
1994-11-29,26.16301155090332
1994-11-30,26.12721061706543
1994-12-01,25.867544174194336
1994-12-02,26.109289169311523
1994-12-05,26.136167526245117
1994-12-06,26.1540584564209
1994-12-07,25.966028213500977
1994-12-08,25.715330123901367
1994-12-09,25.81382179260254
1994-12-12,25.98394203186035
1994-12-13,26.082441329956055
1994-12-14,26.216739654541016
1994-12-15,26.29733657836914
1994-12-16,26.42576789855957
1994-12-19,26.461881637573242
1994-12-20,26.38065528869629
1994-12-21,26.66043472290039
1994-12-22,26.579208374023438
1994-12-23,26.60626792907715
1994-12-27,26.750673294067383
1994-12-28,26.61529541015625
1994-12-29,26.633352279663086
1994-12-30,26.317462921142578
1995-01-03,26.443822860717773
1995-01-04,26.57017707824707
1995-01-05,26.57017707824707
1995-01-06,26.597257614135742
1995-01-09,26.624324798583984
1995-01-10,26.651403427124023
1995-01-11,26.669450759887695
1995-01-12,26.67847442626953
1995-01-13,26.99437141418457
1995-01-16,27.156824111938477
1995-01-17,27.16585350036621
1995-01-18,27.138763427734375
1995-01-19,26.985336303710938
1995-01-20,26.88606834411621
1995-01-23,26.967275619506836
1995-01-24,27.003389358520508
1995-01-25,27.075586318969727
1995-01-26,27.1026554107666
1995-01-27,27.210975646972656
1995-01-30,27.0936336517334
1995-01-31,27.201955795288086
1995-02-01,27.192920684814453
1995-02-02,27.355377197265625
1995-02-03,27.743465423583984
1995-02-06,27.860782623291016
1995-02-07,27.896867752075195
1995-02-08,27.896867752075195
1995-02-09,27.896867752075195
1995-02-10,27.932968139648438
1995-02-13,27.942020416259766
1995-02-14,27.97811508178711
1995-02-15,28.131547927856445
1995-02-16,28.095430374145508
1995-02-17,27.987133026123047
1995-02-21,27.97811508178711
1995-02-22,28.18568229675293
1995-02-23,28.23081398010254
1995-02-24,28.303014755249023
1995-02-27,28.077377319335938
1995-02-28,28.312026977539062
1995-03-01,28.131547927856445
1995-03-02,28.167640686035156
1995-03-03,28.176660537719727
1995-03-06,28.194705963134766
1995-03-07,27.97811508178711
1995-03-08,28.05031967163086
1995-03-09,28.04128646850586
1995-03-10,28.456443786621094
1995-03-13,28.429359436035156
1995-03-14,28.636959075927734
1995-03-15,28.582792282104492
1995-03-16,28.754283905029297
1995-03-17,28.782894134521484
1995-03-20,28.782894134521484
1995-03-21,28.71028709411621
1995-03-22,28.73752212524414
1995-03-23,28.755651473999023
1995-03-24,29.163984298706055
1995-03-27,29.281949996948242
1995-03-28,29.281949996948242
1995-03-29,29.272876739501953
1995-03-30,29.218427658081055
1995-03-31,29.100465774536133
1995-04-03,29.17305564880371
1995-04-04,29.363615036010742
1995-04-05,29.363615036010742
1995-04-06,29.472505569458008
1995-04-07,29.44528579711914
1995-04-10,29.499740600585938
1995-04-11,29.399917602539062
1995-04-12,29.499740600585938
1995-04-13,29.66307830810547
1995-04-17,29.490659713745117
1995-04-18,29.390850067138672
1995-04-19,29.363615036010742
1995-04-20,29.408977508544922
1995-04-21,29.554161071777344
1995-04-24,29.89898109436035
1995-04-25,29.817323684692383
1995-04-26,29.84453582763672
1995-04-27,29.91714096069336
1995-04-28,29.962499618530273
1995-05-01,29.880855560302734
1995-05-02,29.944364547729492
1995-05-03,30.361757278442383
1995-05-04,30.343616485595703
1995-05-05,30.307331085205078
1995-05-08,30.525104522705078
1995-05-09,30.497875213623047
1995-05-10,30.534170150756836
1995-05-11,30.61582374572754
1995-05-12,30.63397979736328
1995-05-15,30.779155731201172
1995-05-16,30.79731559753418
1995-05-17,30.679353713989258
1995-05-18,30.234725952148438
1995-05-19,30.25287437438965
1995-05-22,30.588613510131836
1995-05-23,30.86989974975586
1995-05-24,30.851768493652344
1995-05-25,30.878992080688477
1995-05-26,30.525104522705078
1995-05-30,30.516016006469727
1995-05-31,31.151195526123047
1995-06-01,31.069534301757812
1995-06-02,31.096763610839844
1995-06-05,31.287307739257812
1995-06-06,31.232866287231445
1995-06-07,31.069534301757812
1995-06-08,30.996952056884766
1995-06-09,30.815458297729492
1995-06-12,30.987876892089844
1995-06-13,31.323610305786133
1995-06-14,31.29640007019043
1995-06-15,31.432498931884766
1995-06-16,31.52580451965332
1995-06-19,31.881792068481445
1995-06-20,31.799644470214844
1995-06-21,31.7813777923584
1995-06-22,32.201236724853516
1995-06-23,32.137332916259766
1995-06-26,31.75399398803711
1995-06-27,31.69010353088379
1995-06-28,31.85439109802246
1995-06-29,31.799644470214844
1995-06-30,31.7813777923584
1995-07-03,31.900028228759766
1995-07-05,32.018680572509766
1995-07-06,32.42942428588867
1995-07-07,32.57545471191406
1995-07-10,32.59370422363281
1995-07-11,32.43853759765625
1995-07-12,32.84015655517578
1995-07-13,32.76713180541992
1995-07-14,32.73973846435547
1995-07-17,32.92227554321289
1995-07-18,32.63935089111328
1995-07-19,32.283382415771484
1995-07-20,32.40202713012695
1995-07-21,32.365543365478516
1995-07-24,32.60282516479492
1995-07-25,32.849300384521484
1995-07-26,32.82189178466797
1995-07-27,33.0957145690918
1995-07-28,32.885780334472656
1995-07-31,32.80363082885742
1995-08-01,32.748870849609375
1995-08-02,32.675872802734375
1995-08-03,32.66672134399414
1995-08-04,32.703250885009766
1995-08-07,32.77626037597656
1995-08-08,32.77626037597656
1995-08-09,32.76713180541992
1995-08-10,32.69410705566406
1995-08-11,32.511566162109375
1995-08-14,32.80363082885742
1995-08-15,32.73973846435547
1995-08-16,32.83102798461914
1995-08-17,32.77626037597656
1995-08-18,32.81276321411133
1995-08-21,32.721492767333984
1995-08-22,32.7853889465332
1995-08-23,32.66672134399414
1995-08-24,32.703250885009766
1995-08-25,32.885780334472656
1995-08-28,32.76713180541992
1995-08-29,32.849300384521484
1995-08-30,32.92227554321289
1995-08-31,32.94966506958008
1995-09-01,33.0957145690918
1995-09-05,33.40605163574219
1995-09-06,33.46993637084961
1995-09-07,33.488182067871094
1995-09-08,33.61599349975586
1995-09-11,33.70724868774414
1995-09-12,33.862396240234375
1995-09-13,34.0175895690918
1995-09-14,34.327903747558594
1995-09-15,34.318443298339844
1995-09-18,34.189964294433594
1995-09-19,34.355140686035156
1995-09-20,34.52030563354492
1995-09-21,34.235877990722656
1995-09-22,34.24502182006836
1995-09-25,34.189964294433594
1995-09-26,34.180789947509766
1995-09-27,34.153255462646484
1995-09-28,34.41020584106445
1995-09-29,34.34596633911133
1995-10-02,34.17161560058594
1995-10-03,34.208316802978516
1995-10-04,34.17161560058594
1995-10-05,34.27255630493164
1995-10-06,34.300086975097656
1995-10-09,34.01560592651367
1995-10-10,33.99728775024414
1995-10-11,34.107398986816406
1995-10-12,34.318443298339844
1995-10-13,34.428558349609375
1995-10-16,34.26338195800781
1995-10-17,34.492767333984375
1995-10-18,34.59373474121094
1995-10-19,34.75889587402344
1995-10-20,34.5478630065918
1995-10-23,34.47444152832031
1995-10-24,34.511138916015625
1995-10-25,34.22666931152344
1995-10-26,33.91469192504883
1995-10-27,34.17161560058594
1995-10-30,34.39183807373047
1995-10-31,34.24502182006836
1995-11-01,34.52030563354492
1995-11-02,34.74053955078125
1995-11-03,34.78641128540039
1995-11-06,34.66712951660156
1995-11-07,34.538673400878906
1995-11-08,34.85064697265625
1995-11-09,34.979129791259766
1995-11-10,34.960792541503906
1995-11-13,34.92405319213867
1995-11-14,34.69464874267578
1995-11-15,35.04335403442383
1995-11-16,35.23603439331055
1995-11-17,35.34616470336914
1995-11-20,35.162635803222656
1995-11-21,35.44709777832031
1995-11-22,35.33697509765625
1995-11-24,35.42873001098633
1995-11-27,35.43791961669922
1995-11-28,35.81413269042969
1995-11-29,35.8508415222168
1995-11-30,35.768253326416016
1995-12-01,35.81413269042969
1995-12-04,36.254600524902344
1995-12-05,36.4931640625
1995-12-06,36.575740814208984
1995-12-07,36.38303756713867
1995-12-08,36.50233840942383
1995-12-11,36.65831756591797
1995-12-12,36.548221588134766
1995-12-13,36.777645111083984
1995-12-14,36.51150894165039
1995-12-15,36.524898529052734
1995-12-18,35.82320022583008
1995-12-19,36.20172882080078
1995-12-20,35.85089874267578
1995-12-21,36.03556823730469
1995-12-22,36.16481018066406
1995-12-26,36.340240478515625
1995-12-27,36.3217658996582
1995-12-28,36.28483581542969
1995-12-29,36.33100128173828
1996-01-02,36.71878433227539
1996-01-03,36.820350646972656
1996-01-04,36.469482421875
1996-01-05,36.395633697509766
1996-01-08,36.534114837646484
1996-01-09,35.90629577636719
1996-01-10,35.4354248046875
1996-01-11,35.64777374267578
1996-01-12,35.59236145019531
1996-01-15,35.51851272583008
1996-01-16,35.95244598388672
1996-01-17,35.84166717529297
1996-01-18,35.961673736572266
1996-01-19,36.20172882080078
1996-01-22,36.21097183227539
1996-01-23,36.2940559387207
1996-01-24,36.589515686035156
1996-01-25,36.460262298583984
1996-01-26,36.77416229248047
1996-01-29,36.92189025878906
1996-01-30,37.23580551147461
1996-01-31,37.62356948852539
1996-02-01,37.76209259033203
1996-02-02,37.605125427246094
1996-02-05,37.90981674194336
1996-02-06,38.2698860168457
1996-02-07,38.49147033691406
1996-02-08,38.90694046020508
1996-02-09,38.897705078125
1996-02-12,39.19314956665039
1996-02-13,39.11005783081055
1996-02-14,38.768436431884766
1996-02-15,38.528411865234375
1996-02-16,38.37143325805664
1996-02-20,37.99291229248047
1996-02-21,38.46376419067383
1996-02-22,39.0731315612793
1996-02-23,38.96235275268555
1996-02-26,38.40836715698242
1996-02-27,38.2883415222168
1996-02-28,38.112918853759766
1996-02-29,37.74361038208008
1996-03-01,38.34373474121094
1996-03-04,38.56533432006836
1996-03-05,38.925411224365234
1996-03-06,38.58380126953125
1996-03-07,38.777687072753906
1996-03-08,37.52202606201172
1996-03-11,37.955970764160156
1996-03-12,37.660526275634766
1996-03-13,37.91905212402344
1996-03-14,38.085227966308594
1996-03-15,38.05962371826172
1996-03-18,38.79225158691406
1996-03-19,38.708797454833984
1996-03-20,38.66242980957031
1996-03-21,38.569698333740234
1996-03-22,38.67168426513672
1996-03-25,38.59749221801758
1996-03-26,38.782989501953125
1996-03-27,38.43059158325195
1996-03-28,38.578948974609375
1996-03-29,38.39346694946289
1996-04-01,38.838626861572266
1996-04-02,38.91282653808594
1996-04-03,38.91282653808594
1996-04-04,38.8849983215332
1996-04-08,38.21728515625
1996-04-09,38.06890106201172
1996-04-10,37.39192199707031
1996-04-11,37.34553909301758
1996-04-12,37.818504333496094
1996-04-15,38.13383102416992
1996-04-16,38.245121002197266
1996-04-17,38.15235137939453
1996-04-18,38.20801544189453
1996-04-19,38.30074691772461
1996-04-22,38.59749221801758
1996-04-23,38.71806716918945
1996-04-24,38.578948974609375
1996-04-25,38.755157470703125
1996-04-26,38.838626861572266
1996-04-29,38.838626861572266
1996-04-30,38.810821533203125
1996-05-01,38.894264221191406
1996-05-02,38.22654724121094
1996-05-03,38.17090606689453
1996-05-06,38.13383102416992
1996-05-07,37.976173400878906
1996-05-08,38.449127197265625
1996-05-09,38.42129898071289
1996-05-10,38.801536560058594
1996-05-13,39.38578414916992
1996-05-14,39.62690353393555
1996-05-15,39.580528259277344
1996-05-16,39.66400146484375
1996-05-17,39.877296447753906
1996-05-20,40.146236419677734
1996-05-21,40.09059143066406
1996-05-22,40.47084045410156
1996-05-23,40.303890228271484
1996-05-24,40.461544036865234
1996-05-28,40.053489685058594
1996-05-29,39.78456115722656
1996-05-30,39.988582611083984
1996-05-31,39.69181823730469
1996-06-03,39.8030891418457
1996-06-04,40.0813102722168
1996-06-05,40.433719635009766
1996-06-06,40.1369514465332
1996-06-07,40.1369514465332
1996-06-10,40.00712203979492
1996-06-11,39.97004318237305
1996-06-12,39.89583969116211
1996-06-13,39.89583969116211
1996-06-14,39.72891616821289
1996-06-17,39.70109939575195
1996-06-18,39.37651443481445
1996-06-19,39.5527229309082
1996-06-20,39.52487564086914
1996-06-21,39.86483383178711
1996-06-24,39.939422607421875
1996-06-25,39.892826080322266
1996-06-26,39.62245559692383
1996-06-27,39.90211868286133
1996-06-28,40.041969299316406
1996-07-01,40.38692855834961
1996-07-02,40.23775863647461
1996-07-03,40.153839111328125
1996-07-05,39.1283073425293
1996-07-08,38.9698486328125
1996-07-09,39.1283073425293
1996-07-10,39.28682327270508
1996-07-11,38.49436950683594
1996-07-12,38.5223388671875
1996-07-15,37.38494873046875
1996-07-16,37.478179931640625
1996-07-17,37.925682067871094
1996-07-18,38.44776153564453
1996-07-19,38.16808319091797
1996-07-22,37.88837814331055
1996-07-23,37.40359115600586
1996-07-24,37.478179931640625
1996-07-25,37.81379699707031
1996-07-26,38.018890380859375
1996-07-29,37.59934997558594
1996-07-30,37.96294021606445
1996-07-31,38.24266052246094
1996-08-01,38.876617431640625
1996-08-02,39.715667724609375
1996-08-05,39.48262023925781
1996-08-06,39.60380554199219
1996-08-07,39.70634460449219
1996-08-08,39.641082763671875
1996-08-09,39.51057434082031
1996-08-12,39.79958724975586
1996-08-13,39.48262023925781
1996-08-14,39.62245559692383
1996-08-15,39.54784393310547
1996-08-16,39.88349151611328
1996-08-19,39.90211868286133
1996-08-20,39.87416076660156
1996-08-21,39.73432159423828
1996-08-22,40.107242584228516
1996-08-23,39.892826080322266
1996-08-26,39.69702911376953
1996-08-27,39.84619140625
1996-08-28,39.78093338012695
1996-08-29,39.38937759399414
1996-08-30,38.97916030883789
1996-09-03,39.23088836669922
1996-09-04,39.26818084716797
1996-09-05,38.792686462402344
1996-09-06,39.342769622802734
1996-09-09,39.80891036987305
1996-09-10,39.790260314941406
1996-09-11,40.01398849487305
1996-09-12,40.293678283691406
1996-09-13,40.90900421142578
1996-09-16,41.05817413330078
1996-09-17,40.96495056152344
1996-09-18,40.862369537353516
1996-09-19,41.020877838134766
1996-09-20,41.166385650634766
1996-09-23,41.15703582763672
1996-09-24,41.14766311645508
1996-09-25,41.17574691772461
1996-09-26,41.15703582763672
1996-09-27,41.19450759887695
1996-09-30,41.15703582763672
1996-10-01,41.38191223144531
1996-10-02,41.66305160522461
1996-10-03,41.62557601928711
1996-10-04,42.18783187866211
1996-10-07,42.234657287597656
1996-10-08,42.06598663330078
1996-10-09,41.738006591796875
1996-10-10,41.65367889404297
1996-10-11,42.1690673828125
1996-10-14,42.22529983520508
1996-10-15,42.1690673828125
1996-10-16,42.375240325927734
1996-10-17,42.487701416015625
1996-10-18,42.71259307861328
1996-10-21,42.65635681152344
1996-10-22,42.356510162353516
1996-10-23,42.49705505371094
1996-10-24,42.1315803527832
1996-10-25,42.1690673828125
1996-10-28,41.88795852661133
1996-10-29,42.22529983520508
1996-10-30,42.08473587036133
1996-10-31,42.487701416015625
1996-11-01,42.33776092529297
1996-11-04,42.618873596191406
1996-11-05,42.862510681152344
1996-11-06,43.68714904785156
1996-11-07,43.79024887084961
1996-11-08,44.03388977050781
1996-11-11,43.987037658691406
1996-11-12,43.85586166381836
1996-11-13,44.05264663696289
1996-11-14,44.343109130859375
1996-11-15,44.39936065673828
1996-11-18,44.40871810913086
1996-11-19,44.727352142333984
1996-11-20,44.80229949951172
1996-11-21,44.73671340942383
1996-11-22,45.08341979980469
1996-11-25,45.65505599975586
1996-11-26,45.50511932373047
1996-11-27,45.420806884765625
1996-11-29,45.58946228027344
1996-12-02,45.60820388793945
1996-12-03,44.83040237426758
1996-12-04,44.95225143432617
1996-12-05,44.83040237426758
1996-12-06,44.56803512573242
1996-12-09,45.224002838134766
1996-12-10,45.00845718383789
1996-12-11,44.59614944458008
1996-12-12,43.85586166381836
1996-12-13,43.968284606933594
1996-12-16,43.40604782104492
1996-12-17,43.75276184082031
1996-12-18,44.0994873046875
1996-12-19,45.00845718383789
1996-12-20,45.10723876953125
1996-12-23,44.99422073364258
1996-12-24,45.323814392089844
1996-12-26,45.67223358154297
1996-12-27,45.72874450683594
1996-12-30,45.33323287963867
1996-12-31,44.504547119140625
1997-01-02,44.617549896240234
1997-01-03,45.25790023803711
1997-01-06,44.86238479614258
1997-01-07,45.408573150634766
1997-01-08,45.0130615234375
1997-01-09,45.38972473144531
1997-01-10,45.879417419433594
1997-01-13,45.813507080078125
1997-01-14,46.38793182373047
1997-01-15,46.274932861328125
1997-01-16,46.4632568359375
1997-01-17,46.74577331542969
1997-01-20,46.802268981933594
1997-01-21,47.17897033691406
1997-01-22,47.517982482910156
1997-01-23,46.858760833740234
1997-01-24,46.25611877441406
1997-01-27,46.124271392822266
1997-01-28,46.25611877441406
1997-01-29,46.70812225341797
1997-01-30,47.3107795715332
1997-01-31,47.254295349121094
1997-02-03,47.395538330078125
1997-02-04,47.687496185302734
1997-02-05,46.792877197265625
1997-02-06,47.10363006591797
1997-02-07,47.74399185180664
1997-02-10,47.29196548461914
1997-02-11,47.83815383911133
1997-02-12,48.516178131103516
1997-02-13,49.04352951049805
1997-02-14,48.93051528930664
1997-02-18,49.3448600769043
1997-02-19,49.01525115966797
1997-02-20,48.4220085144043
1997-02-21,48.440826416015625
1997-02-24,49.01525115966797
1997-02-25,49.052921295166016
1997-02-26,48.57266616821289
1997-02-27,47.84757614135742
1997-02-28,47.70635223388672
1997-03-03,48.02648162841797
1997-03-04,47.76283645629883
1997-03-05,48.57266616821289
1997-03-06,48.2901611328125
1997-03-07,48.72336196899414
1997-03-10,49.231868743896484
1997-03-11,48.96818542480469
1997-03-12,48.53499221801758
1997-03-13,47.781646728515625
1997-03-14,48.02648162841797
1997-03-17,48.158321380615234
1997-03-18,47.6403694152832
1997-03-19,47.48030471801758
1997-03-20,47.23545455932617
1997-03-21,47.45414733886719
1997-03-24,48.115875244140625
1997-03-25,47.643226623535156
1997-03-26,47.851192474365234
1997-03-27,46.58448791503906
1997-03-31,45.601375579833984
1997-04-01,45.8943977355957
1997-04-02,45.07200241088867
1997-04-03,45.317787170410156
1997-04-04,45.88497543334961
1997-04-07,46.0645751953125
1997-04-08,46.39545440673828
1997-04-09,46.01731491088867
1997-04-10,45.84714889526367
1997-04-11,44.391387939453125
1997-04-14,44.986934661865234
1997-04-15,45.75262451171875
1997-04-16,46.2819938659668
1997-04-17,46.09294128417969
1997-04-18,46.31981658935547
1997-04-21,46.01731491088867
1997-04-22,47.02878189086914
1997-04-23,47.076053619384766
1997-04-24,46.8397102355957
1997-04-25,46.30091094970703
1997-04-28,46.75462341308594
1997-04-29,48.22932815551758
1997-04-30,48.45620346069336
1997-05-01,48.399471282958984
1997-05-02,49.269161224365234
1997-05-05,50.44131851196289
1997-05-06,50.40349578857422
1997-05-07,49.30695724487305
1997-05-08,49.64725875854492
1997-05-09,49.9875602722168
1997-05-12,50.8194580078125
1997-05-13,50.61148452758789
1997-05-14,50.70601272583008
1997-05-15,51.04629135131836
1997-05-16,50.34678649902344
1997-05-19,50.498043060302734
1997-05-20,51.10301971435547
1997-05-21,50.98959732055664
1997-05-22,50.8194580078125
1997-05-23,51.292091369628906
1997-05-27,51.500057220458984
1997-05-28,51.49060821533203
1997-05-29,51.1881217956543
1997-05-30,51.518959045410156
1997-06-02,51.292091369628906
1997-06-03,51.1219482421875
1997-06-04,51.06523513793945
1997-06-05,51.254268646240234
1997-06-06,52.25628662109375
1997-06-09,52.52101135253906
1997-06-10,52.681705474853516
1997-06-11,52.804588317871094
1997-06-12,53.82551574707031
1997-06-13,54.279232025146484
1997-06-16,54.298187255859375
1997-06-17,54.222537994384766
1997-06-18,54.033477783203125
1997-06-19,54.591190338134766
1997-06-20,54.405181884765625
1997-06-23,53.08612060546875
1997-06-24,54.433677673339844
1997-06-25,54.05406951904297
1997-06-26,53.788368225097656
1997-06-27,53.99711608886719
1997-06-30,53.636512756347656
1997-07-01,54.26286315917969
1997-07-02,55.1548957824707
1997-07-03,55.914085388183594
1997-07-07,55.34471893310547
1997-07-08,55.923580169677734
1997-07-09,55.306739807128906
1997-07-10,55.553436279296875
1997-07-11,55.74326705932617
1997-07-14,55.914085388183594
1997-07-15,56.198768615722656
1997-07-16,56.93901443481445
1997-07-17,56.6542854309082
1997-07-18,55.4490966796875
1997-07-21,55.458587646484375
1997-07-22,56.929466247558594
1997-07-23,56.88203430175781
1997-07-24,57.14775466918945
1997-07-25,57.10980224609375
1997-07-28,57.07185363769531
1997-07-29,57.26163101196289
1997-07-30,57.94492721557617
1997-07-31,57.88797378540039
1997-08-01,57.660179138183594
1997-08-04,57.81207275390625
1997-08-05,57.85002136230469
1997-08-06,58.32453918457031
1997-08-07,57.88797378540039
1997-08-08,56.71123504638672
1997-08-11,57.12880325317383
1997-08-12,56.2177619934082
1997-08-13,56.04695129394531
1997-08-14,56.25570297241211
1997-08-15,54.528602600097656
1997-08-18,55.74326705932617
1997-08-19,56.38859939575195
1997-08-20,57.242652893066406
1997-08-21,56.23674392700195
1997-08-22,56.2177619934082
1997-08-25,56.009010314941406
1997-08-26,55.183380126953125
1997-08-27,55.515541076660156
1997-08-28,54.67088317871094
1997-08-29,54.8891716003418
1997-09-02,56.67327880859375
1997-09-03,56.36960983276367
1997-09-04,56.730224609375
1997-09-05,56.56889343261719
1997-09-08,56.81560134887695
1997-09-09,56.844085693359375
1997-09-10,55.66733932495117
1997-09-11,55.38263702392578
1997-09-12,56.274696350097656
1997-09-15,56.17979431152344
1997-09-16,57.58430862426758
1997-09-17,57.58430862426758
1997-09-18,57.83104705810547
1997-09-19,57.92888259887695
1997-09-22,58.252689361572266
1997-09-23,57.98600387573242
1997-09-24,57.50978469848633
1997-09-25,57.109745025634766
1997-09-26,57.58597946166992
1997-09-29,58.1384162902832
1997-09-30,57.52881622314453
1997-10-01,58.29077911376953
1997-10-02,58.614620208740234
1997-10-03,58.909915924072266
1997-10-06,59.3004035949707
1997-10-07,59.85282897949219
1997-10-08,59.43375015258789
1997-10-09,59.2242317199707
1997-10-10,59.05278015136719
1997-10-13,59.109893798828125
1997-10-14,59.12895965576172
1997-10-15,58.995609283447266
1997-10-16,58.06222152709961
1997-10-17,57.471675872802734
1997-10-20,58.29077911376953
1997-10-21,59.42423629760742
1997-10-22,59.033687591552734
1997-10-23,57.871681213378906
1997-10-24,57.30024337768555
1997-10-27,53.147499084472656
1997-10-28,56.21445846557617
1997-10-29,56.06202697753906
1997-10-30,54.823814392089844
1997-10-31,56.11918640136719
1997-11-03,57.30024337768555
1997-11-04,57.30024337768555
1997-11-05,57.49073791503906
1997-11-06,57.271671295166016
1997-11-07,56.65258026123047
1997-11-10,56.30968475341797
1997-11-11,56.328704833984375
1997-11-12,55.166709899902344
1997-11-13,55.966793060302734
1997-11-14,56.72875213623047
1997-11-17,57.7764778137207
1997-11-18,57.414546966552734
1997-11-19,57.70028305053711
1997-11-20,58.576534271240234
1997-11-21,58.97655487060547
1997-11-24,57.90980529785156
1997-11-25,58.06222152709961
1997-11-26,58.2336311340332
1997-11-28,58.29077911376953
1997-12-01,59.79570007324219
1997-12-02,59.43375015258789
1997-12-03,59.6052131652832
1997-12-04,59.548057556152344
1997-12-05,60.31003189086914
1997-12-08,60.138587951660156
1997-12-09,59.77664566040039
1997-12-10,59.26232147216797
1997-12-11,58.252689361572266
1997-12-12,58.367000579833984
1997-12-15,58.95752716064453
1997-12-16,59.31947326660156
1997-12-17,59.01469421386719
1997-12-18,58.44319534301758
1997-12-19,58.006351470947266
1997-12-22,58.379302978515625
1997-12-23,57.33700180053711
1997-12-24,57.164878845214844
1997-12-26,57.39437484741211
1997-12-29,58.52272415161133
1997-12-30,59.440765380859375
1997-12-31,59.40250778198242
1998-01-02,59.70849609375
1998-01-05,59.8423957824707
1998-01-06,58.88611602783203
1998-01-07,59.03911209106445
1998-01-08,58.52272415161133
1998-01-09,56.495506286621094
1998-01-12,57.52826690673828
1998-01-13,58.331520080566406
1998-01-14,58.599246978759766
1998-01-15,58.11157989501953
1998-01-16,58.9434814453125
1998-01-20,59.89977264404297
1998-01-21,59.32598114013672
1998-01-22,58.80007553100586
1998-01-23,58.71398162841797
1998-01-26,58.67575454711914
1998-01-27,59.26860427856445
1998-01-28,59.80414581298828
1998-01-29,60.12925720214844
1998-01-30,60.16753387451172
1998-02-02,61.16199493408203
1998-02-03,61.62101745605469
1998-02-04,61.54450607299805
1998-02-05,61.50626754760742
1998-02-06,62.194759368896484
1998-02-09,61.98439025878906
1998-02-10,62.577239990234375
1998-02-11,62.51991271972656
1998-02-12,62.787635803222656
1998-02-13,62.42422103881836
1998-02-17,62.73025894165039
1998-02-18,63.304012298583984
1998-02-19,62.96937942504883
1998-02-20,63.43790054321289
1998-02-23,63.68653106689453
1998-02-24,63.18927001953125
1998-02-25,63.97339630126953
1998-02-26,64.33676147460938
1998-02-27,64.33676147460938
1998-03-02,64.20288848876953
1998-03-03,64.5662612915039
1998-03-04,64.1455307006836
1998-03-05,63.552616119384766
1998-03-06,64.83403015136719
1998-03-09,64.60452270507812
1998-03-10,65.216552734375
1998-03-11,65.52252960205078
1998-03-12,65.7903060913086
1998-03-13,65.5416488647461
1998-03-16,66.249267578125
1998-03-17,66.4405288696289
1998-03-18,66.68915557861328
1998-03-19,66.86126708984375
1998-03-20,67.43697357177734
1998-03-23,67.2835464477539
1998-03-24,67.85897827148438
1998-03-25,67.60961151123047
1998-03-26,67.57125091552734
1998-03-27,67.2835464477539
1998-03-30,67.24517059326172
1998-03-31,67.47537231445312
1998-04-01,68.0219955444336
1998-04-02,68.7603988647461
1998-04-03,69.10562133789062
1998-04-06,68.5494613647461
1998-04-07,68.089111328125
1998-04-08,67.70549774169922
1998-04-09,68.2425765991211
1998-04-13,68.05074310302734
1998-04-14,68.62609100341797
1998-04-15,68.8179702758789
1998-04-16,68.01239013671875
1998-04-17,68.91390228271484
1998-04-20,68.89468383789062
1998-04-21,69.22071838378906
1998-04-22,69.41255187988281
1998-04-23,68.74122619628906
1998-04-24,68.01239013671875
1998-04-27,66.72732543945312
1998-04-28,66.63143157958984
1998-04-29,67.09174346923828
1998-04-30,68.3384780883789
1998-05-01,69.10562133789062
1998-05-04,68.93306732177734
1998-05-05,68.45353698730469
1998-05-06,67.64800262451172
1998-05-07,67.11092376708984
1998-05-08,68.20420837402344
1998-05-11,67.97403717041016
1998-05-12,68.7028579711914
1998-05-13,68.87549591064453
1998-05-14,68.5302734375
1998-05-15,68.1466293334961
1998-05-18,67.87812042236328
1998-05-19,68.3384780883789
1998-05-20,68.99059295654297
1998-05-21,68.5494613647461
1998-05-22,68.28092956542969
1998-05-26,67.1876449584961
1998-05-27,67.2835464477539
1998-05-28,67.5904312133789
1998-05-29,66.91914367675781
1998-06-01,67.22600555419922
1998-06-02,67.2835464477539
1998-06-03,66.20947265625
1998-06-04,67.43697357177734
1998-06-05,68.74122619628906
1998-06-08,68.66454315185547
1998-06-09,68.87549591064453
1998-06-10,68.43433380126953
1998-06-11,67.1493148803711
1998-06-12,67.78223419189453
1998-06-15,65.9985122680664
1998-06-16,67.01506042480469
1998-06-17,68.41517639160156
1998-06-18,68.1082992553711
1998-06-19,67.76704406738281
1998-06-22,68.09412384033203
1998-06-23,68.90225219726562
1998-06-24,69.82585144042969
1998-06-25,69.71039581298828
1998-06-26,69.99898529052734
1998-06-29,70.2491226196289
1998-06-30,69.76811218261719
1998-07-01,70.57623291015625
1998-07-02,70.7109146118164
1998-07-06,71.4228515625
1998-07-07,71.28812408447266
1998-07-08,71.80766296386719
1998-07-09,71.32666015625
1998-07-10,71.71143341064453
1998-07-13,71.73070526123047
1998-07-14,72.53882598876953
1998-07-15,72.40415954589844
1998-07-16,72.90438842773438
1998-07-17,73.00057983398438
1998-07-20,73.00057983398438
1998-07-21,71.73070526123047
1998-07-22,71.73070526123047
1998-07-23,70.30690002441406
1998-07-24,70.2491226196289
1998-07-27,70.74938201904297
1998-07-28,69.55644226074219
1998-07-29,69.28706359863281
1998-07-30,70.32608032226562
1998-07-31,68.82532501220703
1998-08-03,68.53667449951172
1998-08-04,65.88143920898438
1998-08-05,66.78575134277344
1998-08-06,67.07434844970703
1998-08-07,67.1898193359375
1998-08-10,66.80500030517578
1998-08-11,65.80445098876953
1998-08-12,66.92046356201172
1998-08-13,66.1123046875
1998-08-14,65.3426284790039
1998-08-17,66.72799682617188
1998-08-18,67.95944213867188
1998-08-19,67.78628540039062
1998-08-20,67.38221740722656
1998-08-21,66.84346008300781
1998-08-24,67.26676940917969
1998-08-25,67.42073059082031
1998-08-26,67.03585815429688
1998-08-27,63.88033676147461
1998-08-28,63.649471282958984
1998-08-31,59.108577728271484
1998-09-01,61.60990524291992
1998-09-02,61.16735076904297
1998-09-03,60.68632125854492
1998-09-04,60.1860466003418
1998-09-08,63.418556213378906
1998-09-09,61.879268646240234
1998-09-10,60.647857666015625
1998-09-11,62.61044692993164
1998-09-14,63.687904357910156
1998-09-15,64.0727767944336
1998-09-16,64.65000915527344
1998-09-17,62.802833557128906
1998-09-18,63.08258056640625
1998-09-21,63.043941497802734
1998-09-22,63.56535339355469
1998-09-23,66.11414337158203
1998-09-24,64.49214935302734
1998-09-25,64.4148941040039
1998-09-28,64.99414825439453
1998-09-29,64.83970642089844
1998-09-30,62.87017059326172
1998-10-01,61.05514144897461
1998-10-02,62.2330207824707
1998-10-05,60.977901458740234
1998-10-06,60.920005798339844
1998-10-07,60.012474060058594
1998-10-08,59.68423080444336
1998-10-09,60.881378173828125
1998-10-12,61.76955032348633
1998-10-13,61.55718231201172
1998-10-14,62.13645553588867
1998-10-15,65.47693634033203
1998-10-16,65.49618530273438
1998-10-19,65.72795104980469
1998-10-20,66.11414337158203
1998-10-21,65.88238525390625
1998-10-22,66.86719512939453
1998-10-23,66.01753997802734
1998-10-26,66.50028228759766
1998-10-27,66.11414337158203
1998-10-28,65.99825286865234
1998-10-29,67.60090637207031
1998-10-30,67.9677505493164
1998-11-02,69.1263198852539
1998-11-03,68.62425231933594
1998-11-04,69.35801696777344
1998-11-05,70.3041763305664
1998-11-06,70.51655578613281
1998-11-09,70.01449584960938
1998-11-10,69.82142639160156
1998-11-11,69.35801696777344
1998-11-12,69.28081512451172
1998-11-13,69.95661163330078
1998-11-16,70.47795104980469
1998-11-17,70.47795104980469
1998-11-18,70.90271759033203
1998-11-19,71.52062225341797
1998-11-20,72.061279296875
1998-11-23,73.7604751586914
1998-11-24,73.29707336425781
1998-11-25,73.29707336425781
1998-11-27,73.83775329589844
1998-11-30,71.75232696533203
1998-12-01,72.67915344238281
1998-12-02,72.46675872802734
1998-12-03,71.26960754394531
1998-12-04,73.14259338378906
1998-12-07,73.49014282226562
1998-12-08,73.16191101074219
1998-12-09,73.29707336425781
1998-12-10,72.22542572021484
1998-12-11,72.37023162841797
1998-12-14,70.28485107421875
1998-12-15,72.09990692138672
1998-12-16,72.00334930419922
1998-12-17,73.1522445678711
1998-12-18,73.46310424804688
1998-12-21,74.48983001708984
1998-12-22,74.8191909790039
1998-12-23,76.38843536376953
1998-12-24,76.05909729003906
1998-12-28,75.86534881591797
1998-12-29,77.06645965576172
1998-12-30,76.4465560913086
1998-12-31,76.4465560913086
1999-01-04,76.27220916748047
1999-01-05,77.1439437866211
1999-01-06,79.00379180908203
1999-01-07,78.61632537841797
1999-01-08,79.19752502441406
1999-01-11,78.44197082519531
1999-01-12,77.0277328491211
1999-01-13,76.48529052734375
1999-01-14,75.14851379394531
1999-01-15,77.10523223876953
1999-01-19,77.60892486572266
1999-01-20,78.22884368896484
1999-01-21,76.15594482421875
1999-01-22,75.98157501220703
1999-01-25,76.75653839111328
1999-01-26,78.15138244628906
1999-01-27,77.2408447265625
1999-01-28,78.53885650634766
1999-01-29,79.139404296875
1999-02-01,78.67448425292969
1999-02-02,78.19013214111328
1999-02-03,78.98444366455078
1999-02-04,77.80266571044922
1999-02-05,76.91150665283203
1999-02-08,77.06645965576172
1999-02-09,75.34230041503906
1999-02-10,75.82662200927734
1999-02-11,77.5701904296875
1999-02-12,76.6402587890625
1999-02-16,76.1753158569336
1999-02-17,76.0978012084961
1999-02-18,76.69842529296875
1999-02-19,77.0277328491211
1999-02-22,79.081298828125
1999-02-23,79.04259490966797
1999-02-24,77.6476821899414
1999-02-25,76.91150665283203
1999-02-26,76.60150909423828
1999-03-01,76.81460571289062
1999-03-02,76.13655853271484
1999-03-03,76.54340362548828
1999-03-04,77.51206970214844
1999-03-05,79.07162475585938
1999-03-08,79.58499145507812
1999-03-09,79.39126586914062
1999-03-10,80.08872985839844
1999-03-11,80.9798583984375
1999-03-12,80.20492553710938
1999-03-15,81.34796905517578
1999-03-16,81.03801727294922
1999-03-17,80.68926239013672
1999-03-18,81.98729705810547
1999-03-19,80.59363555908203
1999-03-22,80.74903106689453
1999-03-23,78.41863250732422
1999-03-24,78.86530303955078
1999-03-25,80.47712707519531
1999-03-26,79.89454650878906
1999-03-29,81.50641632080078
1999-03-30,81.07917022705078
1999-03-31,79.77800750732422
1999-04-01,80.38005065917969
1999-04-05,82.28321838378906
1999-04-06,82.08902740478516
1999-04-07,82.7492904663086
1999-04-08,83.79801940917969
1999-04-09,83.81743621826172
1999-04-12,84.71078491210938
1999-04-13,84.16700744628906
1999-04-14,82.7492904663086
1999-04-15,82.4385757446289
1999-04-16,81.73945617675781
1999-04-19,80.47712707519531
1999-04-20,81.48699188232422
1999-04-21,83.81743621826172
1999-04-22,84.6136245727539
1999-04-23,84.4000473022461
1999-04-26,84.88552856445312
1999-04-27,85.29339599609375
1999-04-28,84.12816619873047
1999-04-29,83.48731231689453
1999-04-30,82.80756378173828
1999-05-03,84.32233428955078
1999-05-04,83.11827087402344
1999-05-05,83.77857208251953
1999-05-06,83.26392364501953
1999-05-07,83.89513397216797
1999-05-10,83.47753143310547
1999-05-11,84.32233428955078
1999-05-12,84.98262023925781
1999-05-13,85.35160827636719
1999-05-14,83.1377182006836
1999-05-17,83.39012145996094
1999-05-18,83.2348403930664
1999-05-19,83.83683776855469
1999-05-20,83.3319091796875
1999-05-21,82.8658447265625
1999-05-24,81.48699188232422
1999-05-25,80.16644287109375
1999-05-26,81.05976104736328
1999-05-27,79.89454650878906
1999-05-28,80.91411590576172
1999-06-01,80.63251495361328
1999-06-02,80.7102279663086
1999-06-03,81.15686798095703
1999-06-04,82.78816223144531
1999-06-07,83.00175476074219
1999-06-08,82.18614196777344
1999-06-09,82.10844421386719
1999-06-10,81.35104370117188
1999-06-11,80.67137908935547
1999-06-14,80.74903106689453
1999-06-15,81.29280853271484
1999-06-16,82.8464126586914
1999-06-17,83.62326049804688
1999-06-18,83.7198257446289
1999-06-21,83.91458129882812
1999-06-22,83.33023834228516
1999-06-23,82.92121887207031
1999-06-24,82.2978744506836
1999-06-25,82.0933609008789
1999-06-28,83.09651947021484
1999-06-29,83.87570190429688
1999-06-30,85.39498138427734
1999-07-01,86.03781127929688
1999-07-02,86.89485931396484
1999-07-06,86.87541961669922
1999-07-07,86.99224090576172
1999-07-08,87.06046295166016
1999-07-09,87.57662200927734
1999-07-12,87.18708038330078
1999-07-13,86.87541961669922
1999-07-14,87.36235046386719
1999-07-15,87.91747283935547
1999-07-16,88.39478302001953
1999-07-19,87.8104019165039
1999-07-20,86.00859832763672
1999-07-21,85.91120147705078
1999-07-22,84.78141784667969
1999-07-23,84.61583709716797
1999-07-26,83.99256134033203
1999-07-27,84.69379425048828
1999-07-28,84.96650695800781
1999-07-29,83.7782211303711
1999-07-30,82.74591064453125
1999-08-02,82.94066619873047
1999-08-03,82.5511245727539
1999-08-04,81.42134857177734
1999-08-05,82.16155242919922
1999-08-06,81.2655029296875
1999-08-09,81.0901870727539
1999-08-10,80.19416809082031
1999-08-11,81.16809844970703
1999-08-12,81.11939239501953
1999-08-13,82.99909973144531
1999-08-16,83.36918640136719
1999-08-17,83.91458129882812
1999-08-18,83.3108139038086
1999-08-19,82.62904357910156
1999-08-20,83.46659851074219
1999-08-23,85.06385803222656
1999-08-24,85.37552642822266
1999-08-25,86.25208282470703
1999-08-26,85.21971893310547
1999-08-27,84.18729400634766
1999-08-30,82.62904357910156
1999-08-31,82.3173599243164
1999-09-01,83.33023834228516
1999-09-02,82.34654998779297
1999-09-03,84.75220489501953
1999-09-07,84.44055938720703
1999-09-08,84.03150177001953
1999-09-09,83.99256134033203
1999-09-10,84.69379425048828
1999-09-13,84.11910247802734
1999-09-14,83.56401062011719
1999-09-15,82.23941802978516
1999-09-16,82.56083679199219
1999-09-17,83.60401153564453
1999-09-20,83.48680877685547
1999-09-21,81.72879791259766
1999-09-22,81.64088439941406
1999-09-23,79.93167877197266
1999-09-24,79.85358428955078
1999-09-27,80.3809814453125
1999-09-28,80.2247543334961
1999-09-29,79.2675552368164
1999-09-30,80.4786605834961
1999-10-01,80.30282592773438
1999-10-04,81.72879791259766
1999-10-05,81.65066528320312
1999-10-06,82.90076446533203
1999-10-07,82.43201446533203
1999-10-08,83.68216705322266
1999-10-11,83.54544830322266
1999-10-12,82.25621032714844
1999-10-13,80.12701416015625
1999-10-14,80.10749053955078
1999-10-15,78.05644989013672
1999-10-18,78.62291717529297
1999-10-19,79.38478088378906
1999-10-20,80.16609191894531
1999-10-21,80.6349105834961
1999-10-22,81.31857299804688
1999-10-25,80.9083480834961
1999-10-26,79.89264678955078
1999-10-27,81.33809661865234
1999-10-28,84.11193084716797
1999-10-29,85.63554382324219
1999-11-01,84.73699951171875
1999-11-02,84.1314468383789
1999-11-03,84.69790649414062
1999-11-04,85.34253692626953
1999-11-05,86.18245697021484
1999-11-08,86.26061248779297
1999-11-09,85.4499282836914
1999-11-10,86.08474731445312
1999-11-11,86.5730972290039
1999-11-12,87.3544692993164
1999-11-15,87.55961608886719
1999-11-16,88.2921142578125
1999-11-17,88.52649688720703
1999-11-18,89.15156555175781
1999-11-19,89.07341003417969
1999-11-22,89.05390930175781
1999-11-23,88.27253723144531
1999-11-24,88.74139404296875
1999-11-26,88.4093017578125
1999-11-29,88.09674072265625
1999-11-30,87.06145477294922
1999-12-01,87.76464080810547
1999-12-02,88.2921142578125
1999-12-03,89.91339874267578
1999-12-06,89.24923706054688
1999-12-07,88.52649688720703
1999-12-08,87.95999145507812
1999-12-09,88.38972473144531
1999-12-10,88.6827392578125
1999-12-13,88.83906555175781
1999-12-14,87.97958374023438
1999-12-15,88.4483413696289
1999-12-16,88.83906555175781
1999-12-17,89.40957641601562
1999-12-20,88.76337432861328
1999-12-21,90.11448669433594
1999-12-22,90.3494873046875
1999-12-23,91.78872680664062
1999-12-27,91.66146850585938
1999-12-28,91.6026611328125
1999-12-29,91.99433898925781
1999-12-30,91.88663482666016
1999-12-31,92.0335464477539
2000-01-03,91.13269805908203
2000-01-04,87.56887817382812
2000-01-05,87.72552490234375
2000-01-06,86.31566619873047
2000-01-07,91.32855224609375
2000-01-10,91.64187622070312
2000-01-11,90.54530334472656
2000-01-12,89.64457702636719
2000-01-13,90.85858154296875
2000-01-14,92.09223937988281
2000-01-18,91.36775207519531
2000-01-19,92.11180877685547
2000-01-20,90.70194244384766
2000-01-21,90.50614929199219
2000-01-24,87.9409408569336
2000-01-25,88.93961334228516
2000-01-26,88.23468780517578
2000-01-27,87.8822021484375
2000-01-28,85.1407699584961
2000-01-31,87.45140075683594
2000-02-01,88.31301879882812
2000-02-02,88.39128875732422
2000-02-03,89.72289276123047
2000-02-04,89.3508529663086
2000-02-07,89.21376037597656
2000-02-08,90.42781829833984
2000-02-09,88.52843475341797
2000-02-10,88.70463562011719
2000-02-11,86.90314483642578
2000-02-14,87.4122543334961
2000-02-15,88.40110778808594
2000-02-16,87.09893035888672
2000-02-17,86.64859008789062
2000-02-18,84.78832244873047
2000-02-22,84.57294464111328
2000-02-23,85.57156372070312
2000-02-24,83.84837341308594
2000-02-25,83.54485321044922
2000-02-28,85.29742431640625
2000-02-29,86.11990356445312
2000-03-01,86.74645233154297
2000-03-02,86.80520629882812
2000-03-03,88.43046569824219
2000-03-06,87.56887817382812
2000-03-07,85.87506866455078
2000-03-08,85.76739501953125
2000-03-09,88.27384948730469
2000-03-10,87.80390167236328
2000-03-13,86.84439849853516
2000-03-14,85.6107406616211
2000-03-15,87.60810089111328
2000-03-16,91.70065307617188
2000-03-17,92.3066635131836
2000-03-20,91.83549499511719
2000-03-21,93.72013854980469
2000-03-22,94.28946685791016
2000-03-23,95.89921569824219
2000-03-24,96.4685287475586
2000-03-27,95.44767761230469
2000-03-28,94.89804077148438
2000-03-29,94.99617004394531
2000-03-30,93.40605163574219
2000-03-31,94.46614837646484
2000-04-03,95.01577758789062
2000-04-04,94.30909729003906
2000-04-05,93.72013854980469
2000-04-06,94.53484344482422
2000-04-07,95.1336441040039
2000-04-10,94.76058197021484
2000-04-11,94.48573303222656
2000-04-12,91.8944320678711
2000-04-13,90.61837768554688
2000-04-14,85.43570709228516
2000-04-17,88.419677734375
2000-04-18,90.75580596923828
2000-04-19,89.91162872314453
2000-04-20,90.34353637695312
2000-04-24,89.36199951171875
2000-04-25,93.07231140136719
2000-04-26,92.02201080322266
2000-04-27,91.71773529052734
2000-04-28,91.14842224121094
2000-05-01,92.38522338867188
2000-05-02,90.53987884521484
2000-05-03,88.419677734375
2000-05-04,89.0871810913086
2000-05-05,90.1668472290039
2000-05-08,89.48957061767578
2000-05-09,88.77301025390625
2000-05-10,86.77061462402344
2000-05-11,88.75342559814453
2000-05-12,89.71529388427734
2000-05-15,91.26619720458984
2000-05-16,92.14961242675781
2000-05-17,91.18769836425781
2000-05-18,90.06867218017578
2000-05-19,88.65521240234375
2000-05-22,87.98776245117188
2000-05-23,86.69205474853516
2000-05-24,88.1055908203125
2000-05-25,86.59391784667969
2000-05-26,86.69205474853516
2000-05-30,89.51898193359375
2000-05-31,89.71529388427734
2000-06-01,91.28582763671875
2000-06-02,92.87601470947266
2000-06-05,92.42447662353516
2000-06-06,92.01219177246094
2000-06-07,92.65025329589844
2000-06-08,92.28701782226562
2000-06-09,92.09073638916016
2000-06-12,91.010986328125
2000-06-13,92.71893310546875
2000-06-14,92.87601470947266
2000-06-15,93.07231140136719
2000-06-16,92.30757904052734
2000-06-19,93.48822021484375
2000-06-20,93.1536636352539
2000-06-21,93.11432647705078
2000-06-22,91.69754791259766
2000-06-23,90.91041564941406
2000-06-26,92.08123779296875
2000-06-27,91.40235900878906
2000-06-28,91.6582260131836
2000-06-29,90.79236602783203
2000-06-30,91.48108673095703
2000-07-03,92.74040985107422
2000-07-05,91.0678482055664
2000-07-06,91.7762451171875
2000-07-07,93.25205993652344
2000-07-10,93.09468078613281
2000-07-11,93.29138946533203
2000-07-12,93.90145111083984
2000-07-13,94.31465148925781
2000-07-14,95.2394790649414
2000-07-17,95.08209228515625
2000-07-18,94.30481719970703
2000-07-19,93.54724884033203
2000-07-20,94.8459243774414
2000-07-21,92.99629974365234
2000-07-24,92.4649658203125
2000-07-25,92.76010131835938
2000-07-26,91.8549575805664
2000-07-27,91.54013061523438
2000-07-28,89.47396087646484
2000-07-31,90.04460906982422
2000-08-01,90.5955810546875
2000-08-02,91.0481948852539
2000-08-03,91.67786407470703
2000-08-04,92.16985321044922
2000-08-07,93.27177429199219
2000-08-08,93.62593841552734
2000-08-09,92.83882904052734
2000-08-10,92.38623809814453
2000-08-11,92.81914520263672
2000-08-14,93.99983978271484
2000-08-15,93.92108917236328
2000-08-16,93.58658599853516
2000-08-17,94.57044219970703
2000-08-18,94.25564575195312
2000-08-21,94.76725769042969
2000-08-22,94.60981750488281
2000-08-23,94.98368835449219
2000-08-24,95.27884674072266
2000-08-25,95.2394790649414
2000-08-28,95.56419372558594
2000-08-29,95.58385467529297
2000-08-30,94.66885375976562
2000-08-31,95.92821502685547
2000-09-01,96.02662658691406
2000-09-05,95.25920104980469
2000-09-06,94.17695617675781
2000-09-07,94.98368835449219
2000-09-08,94.33431243896484
2000-09-11,94.19659423828125
2000-09-12,93.50789642333984
2000-09-13,93.75382995605469
2000-09-14,94.2260971069336
2000-09-15,92.16466522216797
2000-09-18,91.31639099121094
2000-09-19,92.1448974609375
2000-09-20,91.46434020996094
2000-09-21,90.0735855102539
2000-09-22,91.71089172363281
2000-09-25,91.05992889404297
2000-09-26,89.89599609375
2000-09-27,90.36949157714844
2000-09-28,91.53340148925781
2000-09-29,90.66539001464844
2000-10-02,90.80342102050781
2000-10-03,89.95516967773438
2000-10-04,90.70482635498047
2000-10-05,91.02046966552734
2000-10-06,89.04779052734375
2000-10-09,88.37703704833984
2000-10-10,86.91726684570312
2000-10-11,86.1873550415039
2000-10-12,84.03711700439453
2000-10-13,86.83831024169922
2000-10-16,87.2328872680664
2000-10-17,85.06290435791016
2000-10-18,84.74729919433594
2000-10-19,87.94307708740234
2000-10-20,88.3178482055664
2000-10-23,88.7124252319336
2000-10-24,88.12060546875
2000-10-25,86.04925537109375
2000-10-26,86.28600311279297
2000-10-27,87.92332458496094
2000-10-30,88.7124252319336
2000-10-31,90.2412338256836
2000-11-01,89.93549346923828
2000-11-02,90.08345031738281
2000-11-03,90.13275146484375
2000-11-06,90.76399230957031
2000-11-07,90.7442626953125
2000-11-08,88.73213195800781
2000-11-09,88.39677429199219
2000-11-10,86.24654388427734
2000-11-13,85.57583618164062
2000-11-14,87.82469177246094
2000-11-15,88.10089111328125
2000-11-16,86.719970703125
2000-11-17,86.25640106201172
2000-11-20,85.02344512939453
2000-11-21,85.45747375488281
2000-11-22,83.4156723022461
2000-11-24,85.1220932006836
2000-11-27,85.8717269897461
2000-11-28,84.3922119140625
2000-11-29,84.23438262939453
2000-11-30,83.50447845458984
2000-12-01,83.46502685546875
2000-12-04,84.17521667480469
2000-12-05,86.93696594238281
2000-12-06,85.5462417602539
2000-12-07,84.37248229980469
2000-12-08,84.56974792480469
2000-12-11,87.50906372070312
2000-12-12,87.13423156738281
2000-12-13,85.9407730102539
2000-12-14,84.84589385986328
2000-12-15,82.92952728271484
2000-12-18,84.03761291503906
2000-12-19,82.3260269165039
2000-12-20,79.94161987304688
2000-12-21,80.49566650390625
2000-12-22,82.90973663330078
2000-12-26,83.80020141601562
2000-12-27,84.41357421875
2000-12-28,84.67080688476562
2000-12-29,83.06803894042969
2001-01-02,81.56420135498047
2001-01-03,85.48213958740234
2001-01-04,84.5619888305664
2001-01-05,81.80162811279297
2001-01-08,82.4348373413086
2001-01-09,82.21717071533203
2001-01-10,83.66165924072266
2001-01-11,83.74080657958984
2001-01-12,83.58252716064453
2001-01-16,84.11678314208984
2001-01-17,84.50260925292969
2001-01-18,85.34364318847656
2001-01-19,84.85879516601562
2001-01-22,85.42274475097656
2001-01-23,86.0954818725586
2001-01-24,86.35277557373047
2001-01-25,86.1351089477539
2001-01-26,86.0361557006836
2001-01-29,86.49520874023438
2001-01-30,87.25507354736328
2001-01-31,86.76119232177734
2001-02-01,87.3374252319336
2001-02-02,85.35549926757812
2001-02-05,85.98236083984375
2001-02-06,85.72909545898438
2001-02-07,85.28581237792969
2001-02-08,84.29170989990234
2001-02-09,83.48118591308594
2001-02-12,84.43733978271484
2001-02-13,83.74715423583984
2001-02-14,83.62051391601562
2001-02-15,84.43102264404297
2001-02-16,82.56940460205078
2001-02-20,81.29667663574219
2001-02-21,79.54267883300781
2001-02-22,79.66299438476562
2001-02-23,79.1247787475586
2001-02-26,80.80911254882812
2001-02-27,80.06194305419922
2001-02-28,78.48528289794922
2001-03-01,78.8968505859375
2001-03-02,78.26994323730469
2001-03-05,78.98544311523438
2001-03-06,79.83399200439453
2001-03-07,80.40390014648438
2001-03-08,80.49249267578125
2001-03-09,78.11166381835938
2001-03-12,74.76838684082031
2001-03-13,75.99677276611328
2001-03-14,74.49609375
2001-03-15,74.5151138305664
2001-03-16,73.02052307128906
2001-03-19,74.50621032714844
2001-03-20,72.50621032714844
2001-03-21,71.2745361328125
2001-03-22,70.55075073242188
2001-03-23,72.68399810791016
2001-03-26,73.61099243164062
2001-03-27,75.1157455444336
2001-03-28,73.03956604003906
2001-03-29,73.31892395019531
2001-03-30,74.08715057373047
2001-04-02,72.50621032714844
2001-04-03,70.08722686767578
2001-04-04,70.37931060791016
2001-04-05,73.04592895507812
2001-04-06,71.93482208251953
2001-04-09,72.73481750488281
2001-04-10,74.06177520751953
2001-04-11,74.11256408691406
2001-04-12,75.45852661132812
2001-04-16,74.66488647460938
2001-04-17,75.71888732910156
2001-04-18,78.72834777832031
2001-04-19,79.7759017944336
2001-04-20,79.04574584960938
2001-04-23,77.61089324951172
2001-04-24,77.19186401367188
2001-04-25,78.20134735107422
2001-04-26,78.55054473876953
2001-04-27,79.85845184326172
2001-04-30,80.41716003417969
2001-05-01,80.664794921875
2001-05-02,80.51876831054688
2001-05-03,79.49655151367188
2001-05-04,80.84889221191406
2001-05-07,80.1504898071289
2001-05-08,80.1124267578125
2001-05-09,79.7759017944336
2001-05-10,80.0108642578125
2001-05-11,79.45848083496094
2001-05-14,79.61717224121094
2001-05-15,79.98543548583984
2001-05-16,81.87108612060547
2001-05-17,81.99807739257812
2001-05-18,82.37268829345703
2001-05-21,83.58531951904297
2001-05-22,83.47740173339844
2001-05-23,82.06156158447266
2001-05-24,82.3028564453125
2001-05-25,81.3314208984375
2001-05-29,80.683837890625
2001-05-30,79.5537109375
2001-05-31,79.96640014648438
2001-06-01,80.46159362792969
2001-06-04,80.84889221191406
2001-06-05,81.77586364746094
2001-06-06,81.09649658203125
2001-06-07,81.38858032226562
2001-06-08,80.6330337524414
2001-06-11,80.06163787841797
2001-06-12,79.92191314697266
2001-06-13,79.23624420166016
2001-06-14,77.45848083496094
2001-06-15,77.58329010009766
2001-06-18,77.20764923095703
2001-06-19,77.54507446289062
2001-06-20,77.95258331298828
2001-06-21,78.83763885498047
2001-06-22,78.21998596191406
2001-06-25,77.50052642822266
2001-06-26,77.39228820800781
2001-06-27,77.34770965576172
2001-06-28,77.7743148803711
2001-06-29,78.06082916259766
2001-07-02,79.03499603271484
2001-07-03,79.01590728759766
2001-07-05,77.47508239746094
2001-07-06,75.80050659179688
2001-07-09,76.21438598632812
2001-07-10,75.29753875732422
2001-07-11,75.3739013671875
2001-07-12,77.16307067871094
2001-07-13,77.83161163330078
2001-07-16,76.85746765136719
2001-07-17,77.57694244384766
2001-07-18,77.0484848022461
2001-07-19,77.72335052490234
2001-07-20,77.25859069824219
2001-07-23,75.73680877685547
2001-07-24,75.0046157836914
2001-07-25,75.83236694335938
2001-07-26,76.62823486328125
2001-07-27,76.92115020751953
2001-07-30,76.94659423828125
2001-07-31,77.26494598388672
2001-08-01,77.74884033203125
2001-08-02,78.06724548339844
2001-08-03,77.64061737060547
2001-08-06,76.59637451171875
2001-08-07,76.89566040039062
2001-08-08,75.46941375732422
2001-08-09,75.6922836303711
2001-08-10,75.95329284667969
2001-08-13,75.972412109375
2001-08-14,75.94061279296875
2001-08-15,75.28475189208984
2001-08-16,75.54582977294922
2001-08-17,74.33607482910156
2001-08-20,75.02371978759766
2001-08-21,73.74395751953125
2001-08-22,74.50801086425781
2001-08-23,74.2405776977539
2001-08-24,75.78138732910156
2001-08-27,75.32936096191406
2001-08-28,74.22782135009766
2001-08-29,73.56563568115234
2001-08-30,72.15216064453125
2001-08-31,72.68060302734375
2001-09-04,72.2157974243164
2001-09-05,72.39410400390625
2001-09-06,70.52853393554688
2001-09-07,69.22328186035156
2001-09-10,70.07008361816406
2001-09-17,66.4090347290039
2001-09-18,66.24983215332031
2001-09-19,64.9127426147461
2001-09-20,62.84979248046875
2001-09-21,62.171688079833984
2001-09-24,64.3574447631836
2001-09-25,65.02849578857422
2001-09-26,64.79840087890625
2001-09-27,65.36083984375
2001-09-28,66.74768829345703
2001-10-01,66.6390151977539
2001-10-02,67.47624969482422
2001-10-03,68.60743713378906
2001-10-04,68.66497039794922
2001-10-05,68.53076171875
2001-10-08,68.08336639404297
2001-10-09,67.71908569335938
2001-10-10,69.22737884521484
2001-10-11,70.30105590820312
2001-10-12,69.98153686523438
2001-10-15,69.85369873046875
2001-10-16,70.29468536376953
2001-10-17,68.79922485351562
2001-10-18,68.65218353271484
2001-10-19,68.60743713378906
2001-10-22,69.96237182617188
2001-10-23,69.60445404052734
2001-10-24,69.41912841796875
2001-10-25,70.6653823852539
2001-10-26,70.50557708740234
2001-10-29,68.67138671875
2001-10-30,67.84693145751953
2001-10-31,67.6168441772461
2001-11-01,69.34882354736328
2001-11-02,69.82173919677734
2001-11-05,70.73564147949219
2001-11-06,71.83491516113281
2001-11-07,71.73905181884766
2001-11-08,71.96273040771484
2001-11-09,72.03943634033203
2001-11-12,71.5984878540039
2001-11-13,73.208984375
2001-11-14,73.27925109863281
2001-11-15,73.41346740722656
2001-11-16,73.08760070800781
2001-11-19,73.98863983154297
2001-11-20,73.36873626708984
2001-11-21,72.8830337524414
2001-11-23,73.93115234375
2001-11-26,74.0909423828125
2001-11-27,73.77141571044922
2001-11-28,72.4356689453125
2001-11-29,73.41346740722656
2001-11-30,72.88943481445312
2001-12-03,72.45481872558594
2001-12-04,73.68189239501953
2001-12-05,75.03040313720703
2001-12-06,74.99207305908203
2001-12-07,74.49360656738281
2001-12-10,73.10034942626953
2001-12-11,72.95333099365234
2001-12-12,73.0363998413086
2001-12-13,71.61762237548828
2001-12-14,72.30146789550781
2001-12-17,73.0491943359375
2001-12-18,73.48381805419922
2001-12-19,74.00148010253906
2001-12-20,73.27287292480469
2001-12-21,73.71729278564453
2001-12-24,73.57622528076172
2001-12-26,73.98023223876953
2001-12-27,74.42913055419922
2001-12-28,74.39068603515625
2001-12-31,73.30048370361328
2002-01-02,74.08926391601562
2002-01-03,74.92938232421875
2002-01-04,75.42959594726562
2002-01-07,74.8973159790039
2002-01-08,74.72415161132812
2002-01-09,74.11491394042969
2002-01-10,74.44197082519531
2002-01-11,73.7109146118164
2002-01-14,73.24916076660156
2002-01-15,73.84557342529297
2002-01-16,72.35132598876953
2002-01-17,72.89643859863281
2002-01-18,72.56297302246094
2002-01-22,72.06273651123047
2002-01-23,72.6142578125
2002-01-24,72.8387451171875
2002-01-25,72.81948852539062
2002-01-28,73.01830291748047
2002-01-29,70.72242736816406
2002-01-30,71.7420883178711
2002-01-31,72.58220672607422
2002-02-01,72.24230194091797
2002-02-04,70.4466781616211
2002-02-05,70.01061248779297
2002-02-06,69.70917510986328
2002-02-07,69.27311706542969
2002-02-08,70.60057830810547
2002-02-11,71.46633911132812
2002-02-12,71.24190521240234
2002-02-13,71.9986343383789
2002-02-14,71.86396026611328
2002-02-15,71.1136245727539
2002-02-19,69.7476806640625
2002-02-20,70.92124938964844
2002-02-21,69.45267486572266
2002-02-22,70.31201934814453
2002-02-25,71.47278594970703
2002-02-26,71.32527923583984
2002-02-27,71.60099029541016
2002-02-28,71.28040313720703
2002-03-01,72.94132995605469
2002-03-04,74.23033142089844
2002-03-05,73.99308776855469
2002-03-06,74.87163543701172
2002-03-07,74.71131896972656
2002-03-08,75.02554321289062
2002-03-11,75.1858901977539
2002-03-12,75.14100646972656
2002-03-13,74.41633605957031
2002-03-14,74.31371307373047
2002-03-15,75.02179718017578
2002-03-18,75.03467559814453
2002-03-19,75.53633117675781
2002-03-20,74.114990234375
2002-03-21,74.1471176147461
2002-03-22,73.98638153076172
2002-03-25,73.06668090820312
2002-03-26,73.49111938476562
2002-03-27,73.6840591430664
2002-03-28,73.6519546508789
2002-04-01,73.6840591430664
2002-04-02,73.27892303466797
2002-04-03,72.76439666748047
2002-04-04,72.46214294433594
2002-04-05,72.47498321533203
2002-04-08,72.62933349609375
2002-04-09,72.12129211425781
2002-04-10,72.93804931640625
2002-04-11,71.1243896484375
2002-04-12,71.65821838378906
2002-04-15,71.11152648925781
2002-04-16,72.80297088623047
2002-04-17,72.64862823486328
2002-04-18,72.33351135253906
2002-04-19,72.59722137451172
2002-04-22,71.38809204101562
2002-04-23,71.07939147949219
2002-04-24,70.36552429199219
2002-04-25,70.40412139892578
2002-04-26,69.06635284423828
2002-04-29,68.72549438476562
2002-04-30,69.36865997314453
2002-05-01,70.21757507324219
2002-05-02,69.9474868774414
2002-05-03,69.1885757446289
2002-05-06,67.83154296875
2002-05-07,67.5936050415039
2002-05-08,70.10828399658203
2002-05-09,69.29791259765625
2002-05-10,67.9923324584961
2002-05-13,69.37507629394531
2002-05-14,70.88646697998047
2002-05-15,70.60990905761719
2002-05-16,70.97644805908203
2002-05-17,71.32376861572266
2002-05-20,70.5520248413086
2002-05-21,69.90886688232422
2002-05-22,70.063232421875
2002-05-23,70.8092269897461
2002-05-24,69.9024658203125
2002-05-28,69.52299499511719
2002-05-29,69.0085220336914
2002-05-30,68.81554412841797
2002-05-31,68.9570541381836
2002-06-03,67.12415313720703
2002-06-04,67.29129028320312
2002-06-05,67.9216079711914
2002-06-06,66.53887939453125
2002-06-07,66.46165466308594
2002-06-10,66.71893310546875
2002-06-11,65.57410430908203
2002-06-12,65.9728775024414
2002-06-13,65.31045532226562
2002-06-14,65.21399688720703
2002-06-17,66.96332550048828
2002-06-18,67.5099868774414
2002-06-19,65.93427276611328
2002-06-20,65.091796875
2002-06-21,64.07402038574219
2002-06-24,64.40963745117188
2002-06-25,62.963924407958984
2002-06-26,63.06719970703125
2002-06-27,64.1707992553711
2002-06-28,63.86749267578125
2002-07-01,62.62189483642578
2002-07-02,61.292388916015625
2002-07-03,61.64092254638672
2002-07-05,64.09339141845703
2002-07-08,63.293094635009766
2002-07-09,61.69896697998047
2002-07-10,59.45302963256836
2002-07-11,59.93709945678711
2002-07-12,59.27878952026367
2002-07-15,59.59504699707031
2002-07-16,58.44623947143555
2002-07-17,58.56242752075195
2002-07-18,56.664981842041016
2002-07-19,54.67074203491211
2002-07-22,53.050811767578125
2002-07-23,51.598697662353516
2002-07-24,54.67718505859375
2002-07-25,54.212501525878906
2002-07-26,55.24513626098633
2002-07-29,57.936370849609375
2002-07-30,58.69148635864258
2002-07-31,58.833492279052734
2002-08-01,57.29743576049805
2002-08-02,56.01317596435547
2002-08-05,54.06407165527344
2002-08-06,55.884037017822266
2002-08-07,56.85860061645508
2002-08-08,58.69793701171875
2002-08-09,58.91737365722656
2002-08-12,58.4849739074707
2002-08-13,57.42008972167969
2002-08-14,59.51758575439453
2002-08-15,60.34366226196289
2002-08-16,60.1629638671875
2002-08-19,61.56990051269531
2002-08-20,60.91807556152344
2002-08-21,61.79581069946289
2002-08-22,62.39599609375
2002-08-23,61.0535774230957
2002-08-26,61.47956085205078
2002-08-27,60.769630432128906
2002-08-28,59.44013977050781
2002-08-29,59.465965270996094
2002-08-30,59.23361587524414
2002-09-03,56.97475814819336
2002-09-04,57.7879524230957
2002-09-05,57.29743576049805
2002-09-06,58.0848388671875
2002-09-09,58.51079559326172
2002-09-10,59.18195724487305
2002-09-11,58.814109802246094
2002-09-12,57.729854583740234
2002-09-13,57.87184524536133
2002-09-16,58.013816833496094
2002-09-17,56.684326171875
2002-09-18,56.11637496948242
2002-09-19,54.664283752441406
2002-09-20,54.68242263793945
2002-09-23,54.235103607177734
2002-09-24,53.359901428222656
2002-09-25,54.68242263793945
2002-09-26,55.577022552490234
2002-09-27,53.64517593383789
2002-09-30,53.02284240722656
2002-10-01,55.570556640625
2002-10-02,53.90447998046875
2002-10-03,53.359901428222656
2002-10-04,52.38102340698242
2002-10-07,51.298404693603516
2002-10-08,52.102264404296875
2002-10-09,50.63067626953125
2002-10-10,52.270809173583984
2002-10-11,54.55926513671875
2002-10-14,54.86392593383789
2002-10-15,57.502437591552734
2002-10-16,56.108642578125
2002-10-17,57.22369384765625
2002-10-18,57.463531494140625
2002-10-21,58.455406188964844
2002-10-22,58.03406524658203
2002-10-23,58.474853515625
2002-10-24,57.28204345703125
2002-10-25,58.474853515625
2002-10-28,58.0924072265625
2002-10-29,57.41817855834961
2002-10-30,57.97570037841797
2002-10-31,57.38575744628906
2002-11-01,58.52022171020508
2002-11-04,59.077762603759766
2002-11-05,59.54452133178711
2002-11-06,60.3160285949707
2002-11-07,58.83790588378906
2002-11-08,58.11830139160156
2002-11-11,57.21720504760742
2002-11-12,57.67100524902344
2002-11-13,57.729339599609375
2002-11-14,58.818458557128906
2002-11-15,59.2528076171875
2002-11-18,58.656394958496094
2002-11-19,58.57855987548828
2002-11-20,59.88162612915039
2002-11-21,60.99665451049805
2002-11-22,60.562313079833984
2002-11-25,60.60122299194336
2002-11-26,59.44729232788086
2002-11-27,61.11985778808594
2002-11-29,60.925350189208984
2002-12-02,61.02261734008789
2002-12-03,60.20579528808594
2002-12-04,59.933509826660156
2002-12-05,59.272274017333984
2002-12-06,59.661231994628906
2002-12-09,58.02106475830078
2002-12-10,58.79901123046875
2002-12-11,58.850894927978516
2002-12-12,58.844390869140625
2002-12-13,57.91734313964844
2002-12-16,59.41487503051758
2002-12-17,58.89627456665039
2002-12-18,58.215579986572266
2002-12-19,57.80066680908203
2002-12-20,58.62541198730469
2002-12-23,58.64498519897461
2002-12-24,58.208473205566406
2002-12-26,58.23452377319336
2002-12-27,56.925086975097656
2002-12-30,57.400657653808594
2002-12-31,57.47883224487305
2003-01-02,59.3289909362793
2003-01-03,59.511409759521484
2003-01-06,60.560237884521484
2003-01-07,60.41043472290039
2003-01-08,59.53746032714844
2003-01-09,60.46256637573242
2003-01-10,60.62540817260742
2003-01-13,60.605838775634766
2003-01-14,60.801300048828125
2003-01-15,60.195438385009766
2003-01-16,59.947898864746094
2003-01-17,59.061885833740234
2003-01-21,58.1433219909668
2003-01-22,57.43971252441406
2003-01-23,57.79154586791992
2003-01-24,56.27360916137695
2003-01-27,55.504878997802734
2003-01-28,55.915306091308594
2003-01-29,56.33877182006836
2003-01-30,55.003273010253906
2003-01-31,56.06517028808594
2003-02-03,56.1758918762207
2003-02-04,55.622154235839844
2003-02-05,55.2768669128418
2003-02-06,55.01628875732422
2003-02-07,54.34529113769531
2003-02-10,54.729637145996094
2003-02-11,54.351829528808594
2003-02-12,53.485355377197266
2003-02-13,53.6482048034668
2003-02-14,54.820831298828125
2003-02-18,55.78501892089844
2003-02-19,55.491844177246094
2003-02-20,54.93812561035156
2003-02-21,55.491844177246094
2003-02-24,54.592857360839844
2003-02-25,55.029293060302734
2003-02-26,54.22801208496094
2003-02-27,54.94460678100586
2003-02-28,55.30946350097656
2003-03-03,54.78172302246094
2003-03-04,53.90879821777344
2003-03-05,54.364810943603516
2003-03-06,53.90879821777344
2003-03-07,54.28013610839844
2003-03-10,52.97718811035156
2003-03-11,52.45600891113281
2003-03-12,52.80781555175781
2003-03-13,54.631935119628906
2003-03-14,54.80781555175781
2003-03-17,56.53419876098633
2003-03-18,56.86647033691406
2003-03-19,57.30294418334961
2003-03-20,57.42671585083008
2003-03-21,58.65249252319336
2003-03-24,56.70328903198242
2003-03-25,57.24617385864258
2003-03-26,56.958404541015625
2003-03-27,57.004173278808594
2003-03-28,56.71635818481445
2003-03-31,55.42780303955078
2003-04-01,56.278114318847656
2003-04-02,57.638633728027344
2003-04-03,57.36389923095703
2003-04-04,57.70405578613281
2003-04-07,57.59285354614258
2003-04-08,57.684417724609375
2003-04-09,56.92567443847656
2003-04-10,57.23965072631836
2003-04-11,57.004173278808594
2003-04-14,58.18155288696289
2003-04-15,58.72441482543945
2003-04-16,57.72365188598633
2003-04-17,58.58055114746094
2003-04-21,58.63939666748047
2003-04-22,59.74483871459961
2003-04-23,60.29425811767578
2003-04-24,59.75788497924805
2003-04-25,59.01874923706055
2003-04-28,60.03916931152344
2003-04-29,60.248477935791016
2003-04-30,60.11766052246094
2003-05-01,60.111141204833984
2003-05-02,60.96797561645508
2003-05-05,60.85022735595703
2003-05-06,61.42583465576172
2003-05-07,61.085693359375
2003-05-08,60.470863342285156
2003-05-09,61.30812072753906
2003-05-12,62.0602912902832
2003-05-13,61.9491081237793
2003-05-14,61.818302154541016
2003-05-15,62.2107048034668
2003-05-16,62.05374526977539
2003-05-19,60.601661682128906
2003-05-20,60.4774169921875
2003-05-21,60.601661682128906
2003-05-22,61.20344543457031
2003-05-23,61.32772445678711
2003-05-27,62.40046310424805
2003-05-28,62.57704544067383
2003-05-29,62.41351318359375
2003-05-30,63.414302825927734
2003-06-02,63.675941467285156
2003-06-03,63.93756103515625
2003-06-04,64.85983276367188
2003-06-05,65.18032836914062
2003-06-06,64.92524719238281
2003-06-09,64.26461791992188
2003-06-10,64.9186782836914
2003-06-11,65.60548400878906
2003-06-12,65.80824279785156
2003-06-13,65.1214599609375
2003-06-16,66.49505615234375
2003-06-17,66.49505615234375
2003-06-18,66.4361801147461
2003-06-19,65.42233276367188
2003-06-20,65.27792358398438
2003-06-23,64.60836029052734
2003-06-24,64.67394256591797
2003-06-25,64.02409362792969
2003-06-26,64.85779571533203
2003-06-27,64.10945129394531
2003-06-30,64.0897445678711
2003-07-01,64.6805648803711
2003-07-02,65.49453735351562
2003-07-03,64.81840515136719
2003-07-07,66.1050796508789
2003-07-08,66.40048217773438
2003-07-09,66.02627563476562
2003-07-10,65.18601989746094
2003-07-11,65.8031005859375
2003-07-14,66.1247787475586
2003-07-15,65.98027801513672
2003-07-16,65.59300994873047
2003-07-17,64.66085052490234
2003-07-18,65.32386016845703
2003-07-21,64.51643371582031
2003-07-22,65.10065460205078
2003-07-23,65.1466293334961
2003-07-24,64.65428161621094
2003-07-25,65.7965087890625
2003-07-28,65.55362701416016
2003-07-29,65.25167083740234
2003-07-30,65.0941162109375
2003-07-31,65.2450942993164
2003-08-01,64.6673812866211
2003-08-04,64.6673812866211
2003-08-05,63.2954216003418
2003-08-06,63.6630744934082
2003-08-07,64.3326187133789
2003-08-08,64.51643371582031
2003-08-11,64.7593002319336
2003-08-12,65.35011291503906
2003-08-13,65.01531219482422
2003-08-14,65.1926040649414
2003-08-15,65.39608001708984
2003-08-18,65.96062469482422
2003-08-19,66.2100601196289
2003-08-20,65.94094848632812
2003-08-21,66.15099334716797
2003-08-22,65.49453735351562
2003-08-25,65.59957885742188
2003-08-26,65.71775817871094
2003-08-27,65.73744201660156
2003-08-28,66.14446258544922
2003-08-29,66.59081268310547
2003-09-02,67.48361206054688
2003-09-03,67.85120391845703
2003-09-04,67.88404083251953
2003-09-05,67.50332641601562
2003-09-08,68.06128692626953
2003-09-09,67.61491394042969
2003-09-10,66.93218994140625
2003-09-11,67.12915802001953
2003-09-12,67.25384521484375
2003-09-15,67.01751708984375
2003-09-16,67.99563598632812
2003-09-17,67.86434173583984
2003-09-18,68.66521453857422
2003-09-19,68.31596374511719
2003-09-22,67.57791137695312
2003-09-23,67.8349380493164
2003-09-24,66.6290054321289
2003-09-25,66.08206939697266
2003-09-26,65.86456298828125
2003-09-29,66.51036071777344
2003-09-30,65.86456298828125
2003-10-01,67.26822662353516
2003-10-02,67.51201629638672
2003-10-03,68.13143157958984
2003-10-06,68.4411849975586
2003-10-07,68.70478820800781
2003-10-08,68.53343200683594
2003-10-09,68.71795654296875
2003-10-10,68.90904998779297
2003-10-13,69.12653350830078
2003-10-14,69.37032318115234
2003-10-15,69.18585205078125
2003-10-16,69.46258544921875
2003-10-17,68.70478820800781
2003-10-20,69.21876525878906
2003-10-21,69.10015106201172
2003-10-22,68.2303237915039
2003-10-23,68.10511016845703
2003-10-24,68.25667572021484
2003-10-27,68.28958129882812
2003-10-28,69.21876525878906
2003-10-29,69.3110122680664
2003-10-30,69.45600891113281
2003-10-31,69.39008331298828
2003-11-03,69.84479522705078
2003-11-04,69.69328308105469
2003-11-05,69.74591827392578
2003-11-06,70.11502075195312
2003-11-07,69.59440612792969
2003-11-10,69.3110122680664
2003-11-11,69.291259765625
2003-11-12,70.06884002685547
2003-11-13,70.0886001586914
2003-11-14,69.49555206298828
2003-11-17,69.14628601074219
2003-11-18,68.4280014038086
2003-11-19,69.00789642333984
2003-11-20,68.3884506225586
2003-11-21,68.67178344726562
2003-11-24,69.58120727539062
2003-11-25,69.84479522705078
2003-11-26,70.09517669677734
2003-11-28,70.14794921875
2003-12-01,70.90577697753906
2003-12-02,70.72783660888672
2003-12-03,70.6158218383789
2003-12-04,70.90577697753906
2003-12-05,70.4114990234375
2003-12-08,70.88599395751953
2003-12-09,70.3390121459961
2003-12-10,70.33244323730469
2003-12-11,71.12321472167969
2003-12-12,71.26160430908203
2003-12-15,70.90577697753906
2003-12-16,71.27481842041016
2003-12-17,71.49883270263672
2003-12-18,72.30279541015625
2003-12-19,72.10147857666016
2003-12-22,72.60469818115234
2003-12-23,72.65101623535156
2003-12-24,72.57820129394531
2003-12-26,72.63114166259766
2003-12-29,73.59780883789062
2003-12-30,73.61104583740234
2003-12-31,73.67723083496094
2004-01-02,73.64415740966797
2004-01-05,74.44530487060547
2004-01-06,74.51811981201172
2004-01-07,74.76974487304688
2004-01-08,75.06763458251953
2004-01-09,74.41219329833984
2004-01-12,74.96172332763672
2004-01-13,74.52474212646484
2004-01-14,75.14710998535156
2004-01-15,75.33251190185547
2004-01-16,75.63045501708984
2004-01-20,75.61056518554688
2004-01-21,76.20645904541016
2004-01-22,76.00782775878906
2004-01-23,75.76288604736328
2004-01-26,76.71625518798828
2004-01-27,75.92835998535156
2004-01-28,75.06103515625
2004-01-29,75.13388061523438
2004-01-30,75.13388061523438
2004-02-02,75.45826721191406
2004-02-03,75.33251190185547
2004-02-04,74.71678161621094
2004-02-05,74.93524932861328
2004-02-06,75.77608489990234
2004-02-09,75.79595947265625
2004-02-10,76.0409164428711
2004-02-11,76.84867858886719
2004-02-12,76.57059478759766
2004-02-13,76.2262954711914
2004-02-17,76.9149169921875
2004-02-18,76.57723236083984
2004-02-19,76.29248046875
2004-02-20,76.06079864501953
2004-02-23,75.8687744140625
2004-02-24,75.73635864257812
2004-02-25,76.05415344238281
2004-02-26,76.10052490234375
2004-02-27,76.15348052978516
2004-03-01,76.90827941894531
2004-03-02,76.4580307006836
2004-03-03,76.59709930419922
2004-03-04,76.79570007324219
2004-03-05,77.05392456054688
2004-03-08,76.1137466430664
2004-03-09,75.80921936035156
2004-03-10,74.5379638671875
2004-03-11,73.57136535644531
2004-03-12,74.5379638671875
2004-03-15,73.62428283691406
2004-03-16,74.01492309570312
2004-03-17,74.84257507324219
2004-03-18,74.86241149902344
2004-03-19,73.78938293457031
2004-03-22,72.85257720947266
2004-03-23,72.7263412475586
2004-03-24,72.78611755371094
2004-03-25,73.74951934814453
2004-03-26,73.76945495605469
2004-03-29,74.80596160888672
2004-03-30,75.05841064453125
2004-03-31,75.1447982788086
2004-04-01,75.59660339355469
2004-04-02,76.16798400878906
2004-04-05,76.5865707397461
2004-04-06,76.34073638916016
2004-04-07,76.16133880615234
2004-04-08,75.98857116699219
2004-04-12,76.28754425048828
2004-04-13,75.2178726196289
2004-04-14,75.33745574951172
2004-04-15,75.05176544189453
2004-04-16,75.62979888916016
2004-04-19,75.62979888916016
2004-04-20,74.36079406738281
2004-04-21,74.85909271240234
2004-04-22,75.90885162353516
2004-04-23,75.98192596435547
2004-04-26,75.87564849853516
2004-04-27,75.94208526611328
2004-04-28,74.9587631225586
2004-04-29,74.30097961425781
2004-04-30,73.72295379638672
2004-05-03,74.51361083984375
2004-05-04,74.45381164550781
2004-05-05,74.93218231201172
2004-05-06,74.2876968383789
2004-05-07,73.05853271484375
2004-05-10,72.30777740478516
2004-05-11,72.91900634765625
2004-05-12,73.38410186767578
2004-05-13,73.0784912109375
2004-05-14,73.11167907714844
2004-05-17,72.4871597290039
2004-05-18,72.85257720947266
2004-05-19,72.60009002685547
2004-05-20,72.8326644897461
2004-05-21,72.9588851928711
2004-05-24,73.2645034790039
2004-05-25,74.31429290771484
2004-05-26,74.5733871459961
2004-05-27,74.99195861816406
2004-05-28,74.98530578613281
2004-06-01,74.88563537597656
2004-06-02,75.16474914550781
2004-06-03,74.4737548828125
2004-06-04,75.0650863647461
2004-06-07,76.20783233642578
2004-06-08,76.31415557861328
2004-06-09,75.60323333740234
2004-06-10,75.9753189086914
2004-06-14,75.22451782226562
2004-06-15,75.75603485107422
2004-06-16,75.74275970458984
2004-06-17,75.62979888916016
2004-06-18,75.77249908447266
2004-06-21,75.48578643798828
2004-06-22,75.86582946777344
2004-06-23,76.51937866210938
2004-06-24,76.2793197631836
2004-06-25,75.91252899169922
2004-06-28,75.65248107910156
2004-06-29,75.96586608886719
2004-06-30,76.37263488769531
2004-07-01,75.3124008178711
2004-07-02,75.27237701416016
2004-07-06,74.6122055053711
2004-07-07,74.83226776123047
2004-07-08,74.3121109008789
2004-07-09,74.50552368164062
2004-07-12,74.53887176513672
2004-07-13,74.59224700927734
2004-07-14,74.36548614501953
2004-07-15,73.8853530883789
2004-07-16,73.82535552978516
2004-07-19,73.51194763183594
2004-07-20,74.44549560546875
2004-07-21,73.07182312011719
2004-07-22,73.27188873291016
2004-07-23,72.65840911865234
2004-07-26,72.51837921142578
2004-07-27,73.1985092163086
2004-07-28,73.41860961914062
2004-07-29,73.73199462890625
2004-07-30,73.91202545166016
2004-08-02,74.06541442871094
2004-08-03,73.49190521240234
2004-08-04,73.4852523803711
2004-08-05,72.28496551513672
2004-08-06,71.25138092041016
2004-08-09,71.35137939453125
2004-08-10,72.27164459228516
2004-08-11,72.12494659423828
2004-08-12,71.33805847167969
2004-08-13,71.47808837890625
2004-08-16,72.21826934814453
2004-08-17,72.6250228881836
2004-08-18,73.37188720703125
2004-08-19,73.15849304199219
2004-08-20,73.67198944091797
2004-08-23,73.4852523803711
2004-08-24,73.58528137207031
2004-08-25,74.08540344238281
2004-08-26,74.08540344238281
2004-08-27,74.31880187988281
2004-08-30,73.705322265625
2004-08-31,74.09208679199219
2004-09-01,74.23210144042969
2004-09-02,75.07232666015625
2004-09-03,74.7656021118164
2004-09-07,75.25900268554688
2004-09-08,75.07232666015625
2004-09-09,75.0056381225586
2004-09-10,75.39241027832031
2004-09-13,75.63911437988281
2004-09-14,75.79247283935547
2004-09-15,75.21903991699219
2004-09-16,75.44577026367188
2004-09-17,75.76651763916016
2004-09-20,75.31118774414062
2004-09-21,75.63925170898438
2004-09-22,74.69512176513672
2004-09-23,74.29335021972656
2004-09-24,74.63485717773438
2004-09-27,74.15941619873047
2004-09-28,74.51431274414062
2004-09-29,74.88934326171875
2004-09-30,74.83576965332031
2004-10-01,76.10130310058594
2004-10-04,76.228515625
2004-10-05,76.2686996459961
2004-10-06,76.791015625
2004-10-07,75.96739196777344
2004-10-08,75.33798217773438
2004-10-11,75.6459732055664
2004-10-12,75.35133361816406
2004-10-13,74.68842315673828
2004-10-14,74.08577728271484
2004-10-15,74.50093841552734
2004-10-18,74.78221130371094
2004-10-19,74.15272521972656
2004-10-20,74.0053939819336
2004-10-21,74.48756408691406
2004-10-22,73.65055084228516
2004-10-25,73.56348419189453
2004-10-26,74.68842315673828
2004-10-27,75.5857162475586
2004-10-28,75.81336975097656
2004-10-29,75.79998779296875
2004-11-01,76.00756072998047
2004-11-02,76.03434753417969
2004-11-03,76.9919204711914
2004-11-04,78.0431900024414
2004-11-05,78.53199768066406
2004-11-08,78.41817474365234
2004-11-09,78.26415252685547
2004-11-10,78.32440185546875
2004-11-11,78.9204330444336
2004-11-12,79.5431137084961
2004-11-15,79.73856353759766
2004-11-16,79.16770935058594
2004-11-17,79.63780975341797
2004-11-18,79.74524688720703
2004-11-19,78.85877990722656
2004-11-22,79.2348403930664
2004-11-23,79.35570526123047
2004-11-24,79.5438003540039
2004-11-26,79.48334503173828
2004-11-29,79.12068939208984
2004-11-30,79.17440032958984
2004-12-01,80.07432556152344
2004-12-02,80.14151000976562
2004-12-03,80.08778381347656
2004-12-06,80.06089782714844
2004-12-07,79.3154296875
2004-12-08,79.77883911132812
2004-12-09,80.06089782714844
2004-12-10,80.14151000976562
2004-12-13,80.8399658203125
2004-12-14,81.12203216552734
2004-12-15,81.1824722290039
2004-12-16,81.13548278808594
2004-12-17,80.59429931640625
2004-12-20,80.61456298828125
2004-12-21,81.2353286743164
2004-12-22,81.4310302734375
2004-12-23,81.49174499511719
2004-12-27,81.32305908203125
2004-12-28,81.76837921142578
2004-12-29,81.8898696899414
2004-12-30,81.73464965820312
2004-12-31,81.55921936035156
2005-01-03,81.17459869384766
2005-01-04,80.18267059326172
2005-01-05,79.62938690185547
2005-01-06,80.0342025756836
2005-01-07,79.91956329345703
2005-01-10,80.29740142822266
2005-01-11,79.74408721923828
2005-01-12,80.00724792480469
2005-01-13,79.36625671386719
2005-01-14,79.7845230102539
2005-01-18,80.61456298828125
2005-01-19,79.77110290527344
2005-01-20,79.2852783203125
2005-01-21,78.79940795898438
2005-01-24,78.64421081542969
2005-01-25,78.86689758300781
2005-01-26,79.10308074951172
2005-01-27,79.23804473876953
2005-01-28,79.23804473876953
2005-01-31,79.73058319091797
2005-02-01,80.23668670654297
2005-02-02,80.47956848144531
2005-02-03,80.27040100097656
2005-02-04,81.12739562988281
2005-02-07,81.01937866210938
2005-02-08,81.11388397216797
2005-02-09,80.50657653808594
2005-02-10,80.7967300415039
2005-02-11,81.49174499511719
2005-02-14,81.4310302734375
2005-02-15,81.73464965820312
2005-02-16,81.78861999511719
2005-02-17,81.12739562988281
2005-02-18,81.2353286743164
2005-02-22,80.0274887084961
2005-02-23,80.6010513305664
2005-02-24,81.13412475585938
2005-02-25,81.93706512451172
2005-02-28,81.39728546142578
2005-03-01,81.80211639404297
2005-03-02,81.76162719726562
2005-03-03,81.79539489746094
2005-03-04,82.81431579589844
2005-03-07,82.85478210449219
2005-03-08,82.54438018798828
2005-03-09,81.62667846679688
2005-03-10,81.80886840820312
2005-03-11,81.2353286743164
2005-03-14,81.74142456054688
2005-03-15,81.0666275024414
2005-03-16,80.37838745117188
2005-03-17,80.5403060913086
2005-03-18,80.30119323730469
2005-03-21,80.00314331054688
2005-03-22,79.19022369384766
2005-03-23,79.25794219970703
2005-03-24,79.3528060913086
2005-03-28,79.46800231933594
2005-03-29,78.93959045410156
2005-03-30,80.05729675292969
2005-03-31,79.90827941894531
2005-04-01,79.54927825927734
2005-04-04,79.68470764160156
2005-04-05,80.06412506103516
2005-04-06,80.34181213378906
2005-04-07,80.77537536621094
2005-04-08,79.93539428710938
2005-04-11,79.99634552001953
2005-04-12,80.4095687866211
2005-04-13,79.4612045288086
2005-04-14,78.42473602294922
2005-04-15,77.32732391357422
2005-04-18,77.56441497802734
2005-04-19,78.18087005615234
2005-04-20,77.09024047851562
2005-04-21,78.58733367919922
2005-04-22,78.28926086425781
2005-04-25,78.8040771484375
2005-04-26,78.03862762451172
2005-04-27,78.34342956542969
2005-04-28,77.3612060546875
2005-04-29,78.41117095947266
2005-05-02,78.85153198242188
2005-05-03,78.98697662353516
2005-05-04,79.59669494628906
2005-05-05,79.56957244873047
2005-05-06,79.31893157958984
2005-05-09,79.8134765625
2005-05-10,78.98697662353516
2005-05-11,79.42053985595703
2005-05-12,78.54667663574219
2005-05-13,78.3908462524414
2005-05-16,79.12247467041016
2005-05-17,79.65086364746094
2005-05-18,80.47053527832031
2005-05-19,80.8092269897461
2005-05-20,80.69407653808594
2005-05-23,81.14118194580078
2005-05-24,80.95150756835938
2005-05-25,80.89057159423828
2005-05-26,81.32412719726562
2005-05-27,81.45956420898438
2005-05-31,80.93798828125
2005-06-01,81.6289291381836
2005-06-02,81.8050765991211
2005-06-03,81.391845703125
2005-06-06,81.3173599243164
2005-06-07,81.3782958984375
2005-06-08,81.2292709350586
2005-06-09,81.61538696289062
2005-06-10,81.42569732666016
2005-06-13,81.68313598632812
2005-06-14,81.87281036376953
2005-06-15,82.02861022949219
2005-06-16,82.23860931396484
2005-06-17,82.54334259033203
2005-06-20,82.57054138183594
2005-06-21,82.6181640625
2005-06-22,82.68611907958984
2005-06-23,81.52307891845703
2005-06-24,80.92455291748047
2005-06-27,81.0401611328125
2005-06-28,81.7203369140625
2005-06-29,81.50271606445312
2005-06-30,81.06057739257812
2005-07-01,81.29865264892578
2005-07-05,81.95161437988281
2005-07-06,81.26463317871094
2005-07-07,81.58435821533203
2005-07-08,82.51611328125
2005-07-11,82.93782043457031
2005-07-12,83.15544891357422
2005-07-13,83.27107238769531
2005-07-14,83.59752655029297
2005-07-15,83.5499267578125
2005-07-18,83.2166519165039
2005-07-19,83.67237091064453
2005-07-20,83.95803833007812
2005-07-21,83.46832275390625
2005-07-22,84.02606964111328
2005-07-25,83.78799438476562
2005-07-26,83.89004516601562
2005-07-27,84.19609069824219
2005-07-28,84.72660064697266
2005-07-29,84.1620864868164
2005-08-01,84.10086822509766
2005-08-02,84.60417938232422
2005-08-03,84.82861328125
2005-08-04,84.1484603881836
2005-08-05,83.57713317871094
2005-08-08,83.42070770263672
2005-08-09,83.92402648925781
2005-08-10,83.88323974609375
2005-08-11,84.21649932861328
2005-08-12,83.69959259033203
2005-08-15,84.21649932861328
2005-08-16,83.12145233154297
2005-08-17,83.11466979980469
2005-08-18,83.10785675048828
2005-08-19,83.29828643798828
2005-08-22,83.29828643798828
2005-08-23,83.1418228149414
2005-08-24,82.40047454833984
2005-08-25,82.69974517822266
2005-08-26,82.13520050048828
2005-08-29,82.76777648925781
2005-08-30,82.33246612548828
2005-08-31,83.37311553955078
2005-09-01,83.31189727783203
2005-09-02,83.16226959228516
2005-09-06,84.13490295410156
2005-09-07,84.27771759033203
2005-09-08,83.99883270263672
2005-09-09,84.74701690673828
2005-09-12,84.57695770263672
2005-09-13,84.10768127441406
2005-09-14,83.80162048339844
2005-09-15,83.76078033447266
2005-09-16,84.35639190673828
2005-09-19,84.07637023925781
2005-09-20,83.36599731445312
2005-09-21,82.58733367919922
2005-09-22,82.88099670410156
2005-09-23,82.94931030273438
2005-09-26,83.04495239257812
2005-09-27,83.02446746826172
2005-09-28,83.1064224243164
2005-09-29,83.78265380859375
2005-09-30,84.04219818115234
2005-10-03,83.7416763305664
2005-10-04,82.79906463623047
2005-10-05,81.71300506591797
2005-10-06,81.4192886352539
2005-10-07,81.69938659667969
2005-10-10,81.00946807861328
2005-10-11,80.89336395263672
2005-10-12,80.25810241699219
2005-10-13,80.21028900146484
2005-10-14,81.05728149414062
2005-10-17,81.35782623291016
2005-10-18,80.47672271728516
2005-10-19,81.81546020507812
2005-10-20,80.37422943115234
2005-10-21,80.6884536743164
2005-10-24,81.93843078613281
2005-10-25,81.77448272705078
2005-10-26,81.53539276123047
2005-10-27,80.66793823242188
2005-10-28,81.82915496826172
2005-10-31,82.05452728271484
2005-11-01,82.30045318603516
2005-11-02,83.16108703613281
2005-11-03,83.51628112792969
2005-11-04,83.40694427490234
2005-11-07,83.48894500732422
2005-11-08,83.48894500732422
2005-11-09,83.59821319580078
2005-11-10,84.24714660644531
2005-11-11,84.53397369384766
2005-11-14,84.48617553710938
2005-11-15,84.1788101196289
2005-11-16,84.34959411621094
2005-11-17,85.13507843017578
2005-11-18,85.46980285644531
2005-11-21,85.90010833740234
2005-11-22,86.26893615722656
2005-11-23,86.76756286621094
2005-11-25,86.83587646484375
2005-11-28,86.22113800048828
2005-11-29,86.1255111694336
2005-11-30,85.66100311279297
2005-12-01,86.53531646728516
2005-12-02,86.64462280273438
2005-12-05,86.460205078125
2005-12-06,86.62410736083984
2005-12-07,86.1186752319336
2005-12-08,86.06402587890625
2005-12-09,86.2894515991211
2005-12-12,86.37141418457031
2005-12-13,86.95882415771484
2005-12-14,87.30033111572266
2005-12-15,87.04761505126953
2005-12-16,86.76746368408203
2005-12-19,86.32112121582031
2005-12-20,86.40351867675781
2005-12-21,86.54086303710938
2005-12-22,86.99406433105469
2005-12-23,87.0421142578125
2005-12-27,86.15631866455078
2005-12-28,86.34859466552734
2005-12-29,85.9640884399414
2005-12-30,85.49711608886719
2006-01-03,87.00089263916016
2006-01-04,87.41293334960938
2006-01-05,87.46782684326172
2006-01-06,88.19572448730469
2006-01-09,88.42234802246094
2006-01-10,88.5115737915039
2006-01-11,88.79312133789062
2006-01-12,88.44293975830078
2006-01-13,88.36051940917969
2006-01-17,88.12020111083984
2006-01-18,87.76997375488281
2006-01-19,88.10647583007812
2006-01-20,86.49966430664062
2006-01-23,86.80864715576172
2006-01-24,86.8979263305664
2006-01-25,86.97342681884766
2006-01-26,87.45410919189453
2006-01-27,88.26438903808594
2006-01-30,88.19572448730469
2006-01-31,87.55026245117188
2006-02-01,88.16141510009766
2006-02-02,87.13825225830078
2006-02-03,86.7056655883789
2006-02-06,86.93226623535156
2006-02-07,86.1632080078125
2006-02-08,86.94599151611328
2006-02-09,86.80177307128906
2006-02-10,86.95972442626953
2006-02-13,86.80177307128906
2006-02-14,87.72191619873047
2006-02-15,88.03092193603516
2006-02-16,88.6901626586914
2006-02-17,88.44979095458984
2006-02-21,88.23004150390625
2006-02-22,88.76567077636719
2006-02-23,88.63522338867188
2006-02-24,88.86180114746094
2006-02-27,88.89612579345703
2006-02-28,88.0514907836914
2006-03-01,88.83432006835938
2006-03-02,88.82747650146484
2006-03-03,88.41543579101562
2006-03-06,88.01029205322266
2006-03-07,87.87299346923828
2006-03-08,88.05839538574219
2006-03-09,87.46782684326172
2006-03-10,88.2987060546875
2006-03-13,88.4635238647461
2006-03-14,89.39048767089844
2006-03-15,89.78881072998047
2006-03-16,89.9742202758789
2006-03-17,90.04930877685547
2006-03-20,89.90460968017578
2006-03-21,89.33929443359375
2006-03-22,89.88390350341797
2006-03-23,89.69773864746094
2006-03-24,89.76669311523438
2006-03-27,89.63569641113281
2006-03-28,89.08419799804688
2006-03-29,89.64258575439453
2006-03-30,89.48403930664062
2006-03-31,89.50473022460938
2006-04-03,89.43577575683594
2006-04-04,90.00796508789062
2006-04-05,90.31820678710938
2006-04-06,90.22169494628906
2006-04-07,89.30479431152344
2006-04-10,89.44269561767578
2006-04-11,88.684326171875
2006-04-12,88.84980773925781
2006-04-13,88.73259735107422
2006-04-17,88.6980972290039
2006-04-18,90.1045150756836
2006-04-19,90.27687072753906
2006-04-20,90.40094757080078
2006-04-21,90.41472625732422
2006-04-24,90.2492446899414
2006-04-25,89.8769760131836
2006-04-26,89.89766693115234
2006-04-27,90.33200073242188
2006-04-28,90.63533020019531
2006-05-01,89.89766693115234
2006-05-02,90.57327270507812
2006-05-03,90.23546600341797
2006-05-04,90.55950164794922
2006-05-05,91.35919952392578
2006-05-08,91.24887084960938
2006-05-09,91.4281234741211
2006-05-10,91.37985229492188
2006-05-11,90.27687072753906
2006-05-12,89.09796142578125
2006-05-15,89.27720642089844
2006-05-16,89.14622497558594
2006-05-17,87.45030212402344
2006-05-18,87.00911712646484
2006-05-19,87.62264251708984
2006-05-22,86.95392608642578
2006-05-23,86.29209899902344
2006-05-24,86.98149108886719
2006-05-25,88.05699157714844
2006-05-26,88.50509643554688
2006-05-30,86.93325805664062
2006-05-31,87.90528869628906
2006-06-01,88.74634552001953
2006-06-02,88.9324951171875
2006-06-05,87.63645935058594
2006-06-06,87.4227066040039
2006-06-07,86.76781463623047
2006-06-08,86.69197082519531
2006-06-09,86.41619873046875
2006-06-12,85.47862243652344
2006-06-13,84.48592376708984
2006-06-14,85.14080810546875
2006-06-15,86.9470443725586
2006-06-16,86.3134536743164
2006-06-19,85.6348648071289
2006-06-20,85.92568969726562
2006-06-21,86.5627212524414
2006-06-22,86.181884765625
2006-06-23,86.16802978515625
2006-06-26,86.54888916015625
2006-06-27,85.801025390625
2006-06-28,86.3827133178711
2006-06-29,88.12765502929688
2006-06-30,88.13458251953125
2006-07-03,88.49468231201172
2006-07-05,87.98917388916016
2006-07-06,88.24539184570312
2006-07-07,87.6706314086914
2006-07-10,87.83683776855469
2006-07-11,88.224609375
2006-07-12,87.28288269042969
2006-07-13,85.86334228515625
2006-07-14,85.53097534179688
2006-07-17,85.40635681152344
2006-07-18,85.84255981445312
2006-07-19,87.03356170654297
2006-07-20,86.43807220458984
2006-07-21,85.82875061035156
2006-07-24,87.39368438720703
2006-07-25,87.70524597167969
2006-07-26,87.82296752929688
2006-07-27,87.73989868164062
2006-07-28,88.61930847167969
2006-07-31,88.52930450439453
2006-08-01,88.0930404663086
2006-08-02,88.68856048583984
2006-08-03,88.9239501953125
2006-08-04,88.7716293334961
2006-08-07,88.56388854980469
2006-08-08,88.224609375
2006-08-09,87.92682647705078
2006-08-10,88.19691467285156
2006-08-11,87.9476547241211
2006-08-14,88.01688385009766
2006-08-15,89.06940460205078
2006-08-16,89.81031036376953
2006-08-17,90.038818359375
2006-08-18,90.49584197998047
2006-08-21,90.10807800292969
2006-08-22,90.10108947753906
2006-08-23,89.85184478759766
2006-08-24,89.77567291259766
2006-08-25,89.88643646240234
2006-08-28,90.31578063964844
2006-08-29,90.419677734375
2006-08-30,90.47503662109375
2006-08-31,90.46123504638672
2006-09-01,91.00127410888672
2006-09-05,91.1744155883789
2006-09-06,90.37120819091797
2006-09-07,89.95571899414062
2006-09-08,90.21195220947266
2006-09-11,90.30197143554688
2006-09-12,91.1882553100586
2006-09-13,91.55525207519531
2006-09-14,91.56219482421875
2006-09-15,91.77713775634766
2006-09-18,91.90229034423828
2006-09-19,91.67276763916016
2006-09-20,92.15962219238281
2006-09-21,91.7144775390625
2006-09-22,91.436279296875
2006-09-25,92.13877868652344
2006-09-26,92.90380096435547
2006-09-27,93.01508331298828
2006-09-28,92.98030853271484
2006-09-29,92.90380096435547
2006-10-02,92.55606079101562
2006-10-03,92.75079345703125
2006-10-04,93.83576965332031
2006-10-05,94.0166015625
2006-10-06,93.89836883544922
2006-10-09,93.95394897460938
2006-10-10,94.07918548583984
2006-10-11,93.96786499023438
2006-10-12,94.78166198730469
2006-10-13,95.02503967285156
2006-10-16,95.1711196899414
2006-10-17,94.87205505371094
2006-10-18,94.99722290039062
2006-10-19,95.15022277832031
2006-10-20,95.1711196899414
2006-10-23,95.60926818847656
2006-10-24,95.89440155029297
2006-10-25,96.22129821777344
2006-10-26,96.52034759521484
2006-10-27,95.91529846191406
2006-10-30,95.84574127197266
2006-10-31,95.83182525634766
2006-11-01,95.18498992919922
2006-11-02,95.12935638427734
2006-11-03,94.96247100830078
2006-11-06,96.03349304199219
2006-11-07,96.40213012695312
2006-11-08,96.61077117919922
2006-11-09,96.1030502319336
2006-11-10,96.14478302001953
2006-11-13,96.38128662109375
2006-11-14,97.10456848144531
2006-11-15,97.38279724121094
2006-11-16,97.63314819335938
2006-11-17,97.66096496582031
2006-11-20,97.71659851074219
2006-11-21,97.81399536132812
2006-11-22,98.00870513916016
2006-11-24,97.61228942871094
2006-11-27,96.26997375488281
2006-11-28,96.68727111816406
2006-11-29,97.69573974609375
2006-11-30,97.73749542236328
2006-12-01,97.5218505859375
2006-12-04,98.26602172851562
2006-12-05,98.69029235839844
2006-12-06,98.60682678222656
2006-12-07,98.1756591796875
2006-12-08,98.3564224243164
2006-12-11,98.64158630371094
2006-12-12,98.56510925292969
2006-12-13,98.6694564819336
2006-12-14,99.53880310058594
2006-12-15,99.54790496826172
2006-12-18,99.2751235961914
2006-12-19,99.46395874023438
2006-12-20,99.40801239013672
2006-12-21,99.04434967041016
2006-12-22,98.43586730957031
2006-12-26,99.016357421875
2006-12-27,99.666748046875
2006-12-28,99.45696258544922
2006-12-29,99.04434967041016
2007-01-03,98.8695297241211
2007-01-04,99.07931518554688
2007-01-05,98.28905487060547
2007-01-08,98.74357604980469
2007-01-09,98.65971374511719
2007-01-10,98.98841094970703
2007-01-11,99.42198944091797
2007-01-12,100.17735290527344
2007-01-16,99.98148345947266
2007-01-17,100.02344512939453
2007-01-18,99.68775177001953
2007-01-19,99.88357543945312
2007-01-22,99.57585906982422
2007-01-23,99.86956787109375
2007-01-24,100.67389678955078
2007-01-25,99.4919204711914
2007-01-26,99.40105438232422
2007-01-29,99.34505462646484
2007-01-30,99.86259460449219
2007-01-31,100.53396606445312
2007-02-01,101.13542938232422
2007-02-02,101.27526092529297
2007-02-05,101.30328369140625
2007-02-06,101.331298828125
2007-02-07,101.55504608154297
2007-02-08,101.42220306396484
2007-02-09,100.66690063476562
2007-02-12,100.32418823242188
2007-02-13,101.17041778564453
2007-02-14,101.83480834960938
2007-02-15,101.96768188476562
2007-02-16,101.91873168945312
2007-02-20,102.13551330566406
2007-02-21,102.09356689453125
2007-02-22,102.01663970947266
2007-02-23,101.6180191040039
2007-02-26,101.52708435058594
2007-02-27,97.56171417236328
2007-02-28,98.56177520751953
2007-03-01,98.26803588867188
2007-03-02,96.9811782836914
2007-03-05,96.05804443359375
2007-03-06,97.70155334472656
2007-03-07,97.60365295410156
2007-03-08,98.42890930175781
2007-03-09,98.45686340332031
2007-03-12,98.6037826538086
2007-03-13,96.68742370605469
2007-03-14,97.4078598022461
2007-03-15,97.54071807861328
2007-03-16,97.26754760742188
2007-03-19,98.44017028808594
2007-03-20,98.98078155517578
2007-03-21,100.60972595214844
2007-03-22,100.53250885009766
2007-03-23,100.67998504638672
2007-03-26,100.54654693603516
2007-03-27,100.30782318115234
2007-03-28,99.57759094238281
2007-03-29,99.68292236328125
2007-03-30,99.70397186279297
2007-04-02,99.81632232666016
2007-04-03,100.89063262939453
2007-04-04,101.00296783447266
2007-04-05,101.27674865722656
2007-04-09,101.41722106933594
2007-04-10,101.53656768798828
2007-04-11,101.122314453125
2007-04-12,101.57168579101562
2007-04-13,102.03507995605469
2007-04-16,103.00403594970703
2007-04-17,103.27790069580078
2007-04-18,103.40425872802734
2007-04-19,103.376220703125
2007-04-20,104.35215759277344
2007-04-23,103.95903015136719
2007-04-24,104.00106048583984
2007-04-25,104.95597839355469
2007-04-26,105.07534790039062
2007-04-27,104.99113464355469
2007-04-30,104.12045288085938
2007-05-01,104.38728332519531
2007-05-02,104.99812316894531
2007-05-03,105.56687927246094
2007-05-04,105.96705627441406
2007-05-07,105.98812103271484
2007-05-08,105.84772491455078
2007-05-09,106.13560485839844
2007-05-10,105.02626037597656
2007-05-11,105.92497253417969
2007-05-14,105.69319915771484
2007-05-15,105.72134399414062
2007-05-16,106.44452667236328
2007-05-17,106.23389434814453
2007-05-18,107.16072082519531
2007-05-21,107.10458374023438
2007-05-22,107.02027893066406
2007-05-23,107.03435516357422
2007-05-24,106.06537628173828
2007-05-25,106.50777435302734
2007-05-29,106.8939437866211
2007-05-30,107.76457214355469
2007-05-31,107.65225219726562
2007-06-01,108.18582153320312
2007-06-04,108.19990539550781
2007-06-05,107.7716064453125
2007-06-06,106.61302947998047
2007-06-07,104.689208984375
2007-06-08,106.05130767822266
2007-06-11,106.23389434814453
2007-06-12,105.07534790039062
2007-06-13,106.64814758300781
2007-06-14,107.3292236328125
2007-06-15,107.9399185180664
2007-06-18,107.81298828125
2007-06-19,108.08096313476562
2007-06-20,106.57891845703125
2007-06-21,107.17129516601562
2007-06-22,106.16291046142578
2007-06-25,105.65522003173828
2007-06-26,104.56920623779297
2007-06-27,106.05712127685547
2007-06-28,106.04302978515625
2007-06-29,106.07826232910156
2007-07-02,107.03724670410156
2007-07-03,107.42513275146484
2007-07-05,107.31229400634766
2007-07-06,107.87646484375
2007-07-09,107.96109008789062
2007-07-10,106.42375946044922
2007-07-11,107.17831420898438
2007-07-12,108.87074279785156
2007-07-13,109.19512176513672
2007-07-16,109.1810073852539
2007-07-17,109.12462615966797
2007-07-18,108.92718505859375
2007-07-19,109.3502426147461
2007-07-20,108.24314880371094
2007-07-23,108.57457733154297
2007-07-24,106.6917495727539
2007-07-25,106.910400390625
2007-07-26,104.37884521484375
2007-07-27,102.3268051147461
2007-07-30,103.92748260498047
2007-07-31,102.7569580078125
2007-08-01,103.25764465332031
2007-08-02,104.08268737792969
2007-08-03,101.40299224853516
2007-08-06,103.10247802734375
2007-08-07,104.2025146484375
2007-08-08,105.65522003173828
2007-08-09,102.52422332763672
2007-08-10,102.04470825195312
2007-08-13,102.41142272949219
2007-08-14,100.84587860107422
2007-08-15,99.45675659179688
2007-08-16,100.20426940917969
2007-08-17,102.04470825195312
2007-08-20,101.99537658691406
2007-08-21,102.1998519897461
2007-08-22,103.41277313232422
2007-08-23,103.32106018066406
2007-08-24,104.59742736816406
2007-08-27,103.62431335449219
2007-08-28,101.34661865234375
2007-08-29,103.33516693115234
2007-08-30,103.06013488769531
2007-08-31,104.07559204101562
2007-09-04,105.12632751464844
2007-09-05,104.21659851074219
2007-09-06,104.45637512207031
2007-09-07,103.00376892089844
2007-09-10,102.80624389648438
2007-09-11,104.00508880615234
2007-09-12,104.27307891845703
2007-09-13,105.00640869140625
2007-09-14,104.99935150146484
2007-09-17,104.43525695800781
2007-09-18,107.509765625
2007-09-19,108.1444091796875
2007-09-20,107.38288879394531
2007-09-21,107.67259216308594
2007-09-24,107.47422790527344
2007-09-25,107.26165008544922
2007-09-26,107.82847595214844
2007-09-27,108.46615600585938
2007-09-28,108.10481262207031
2007-10-01,109.32344055175781
2007-10-02,109.17467498779297
2007-10-03,108.95503234863281
2007-10-04,109.12503051757812
2007-10-05,110.42168426513672
2007-10-08,109.83358001708984
2007-10-09,110.86800384521484
2007-10-10,110.68380737304688
2007-10-11,110.15242767333984
2007-10-12,110.76171875
2007-10-15,109.8265151977539
2007-10-16,108.95503234863281
2007-10-17,109.28807830810547
2007-10-18,108.89127349853516
2007-10-19,106.04304504394531
2007-10-22,106.65943145751953
2007-10-23,107.52381896972656
2007-10-24,107.325439453125
2007-10-25,107.58050537109375
2007-10-26,108.8416976928711
2007-10-29,109.20304870605469
2007-10-30,108.44490051269531
2007-10-31,109.57145690917969
2007-11-01,107.00660705566406
2007-11-02,107.12704467773438
2007-11-05,106.31230926513672
2007-11-06,107.74348449707031
2007-11-07,104.79605102539062
2007-11-08,104.2646255493164
2007-11-09,102.83349609375
2007-11-12,101.813232421875
2007-11-13,104.91654205322266
2007-11-14,104.62600708007812
2007-11-15,103.11688995361328
2007-11-16,103.29395294189453
2007-11-19,101.85572814941406
2007-11-20,102.47924041748047
2007-11-21,100.38199615478516
2007-11-23,102.11785888671875
2007-11-26,99.86479187011719
2007-11-27,101.01261138916016
2007-11-28,104.24337768554688
2007-11-29,104.27886199951172
2007-11-30,105.32744598388672
2007-12-03,104.63310241699219
2007-12-04,103.69786071777344
2007-12-05,105.4336929321289
2007-12-06,106.94281005859375
2007-12-07,106.92162322998047
2007-12-10,107.75060272216797
2007-12-11,104.79605102539062
2007-12-12,105.83051300048828
2007-12-13,105.61087036132812
2007-12-14,104.27176666259766
2007-12-17,102.78385162353516
2007-12-18,103.3577880859375
2007-12-19,103.3577880859375
2007-12-20,104.00963592529297
2007-12-21,105.50894165039062
2007-12-24,106.29240417480469
2007-12-26,106.5203857421875
2007-12-27,105.18131256103516
2007-12-28,104.91777801513672
2007-12-31,104.14138793945312
2008-01-02,103.2297134399414
2008-01-03,103.1797866821289
2008-01-04,100.6512451171875
2008-01-07,100.5657730102539
2008-01-08,98.94178009033203
2008-01-09,99.98174285888672
2008-01-10,100.63699340820312
2008-01-11,99.82503509521484
2008-01-14,100.6298828125
2008-01-15,98.41468811035156
2008-01-16,97.56710052490234
2008-01-17,95.03853607177734
2008-01-18,94.06269073486328
2008-01-22,93.10830688476562
2008-01-23,95.34481811523438
2008-01-24,96.14971160888672
2008-01-25,94.7607421875
2008-01-28,96.32776641845703
2008-01-29,96.80496215820312
2008-01-30,96.09274291992188
2008-01-31,97.84490966796875
2008-02-01,99.41899871826172
2008-02-04,98.16541290283203
2008-02-05,95.53714752197266
2008-02-06,94.76786041259766
2008-02-07,95.3946533203125
2008-02-08,94.78213500976562
2008-02-11,95.2664794921875
2008-02-12,96.14971160888672
2008-02-13,97.13262939453125
2008-02-14,96.27788543701172
2008-02-15,96.25653839111328
2008-02-19,96.52720642089844
2008-02-20,96.81209564208984
2008-02-21,96.00721740722656
2008-02-22,96.59840393066406
2008-02-25,97.81639862060547
2008-02-26,98.5500259399414
2008-02-27,98.4503173828125
2008-02-28,97.4887466430664
2008-02-29,95.31636047363281
2008-03-03,95.08840942382812
2008-03-04,94.72514343261719
2008-03-05,95.32344055175781
2008-03-06,93.35045623779297
2008-03-07,92.38890838623047
2008-03-10,91.17088317871094
2008-03-11,94.44734191894531
2008-03-12,93.56414031982422
2008-03-13,93.77069091796875
2008-03-14,92.31764221191406
2008-03-17,91.38460540771484
2008-03-18,95.18099212646484
2008-03-19,92.82340240478516
2008-03-20,94.54275512695312
2008-03-24,96.43243408203125
2008-03-25,96.52545928955078
2008-03-26,95.34441375732422
2008-03-27,95.04378509521484
2008-03-28,94.13471221923828
2008-03-31,94.46398162841797
2008-04-01,97.78531646728516
2008-04-02,97.84971618652344
2008-04-03,98.09309387207031
2008-04-04,97.9857177734375
2008-04-07,98.03580474853516
2008-04-08,97.93560028076172
2008-04-09,97.22697448730469
2008-04-10,97.36296844482422
2008-04-11,95.47328186035156
2008-04-14,95.15110778808594
2008-04-15,95.37305450439453
2008-04-16,97.95708465576172
2008-04-17,98.10025024414062
2008-04-18,99.12383270263672
2008-04-21,99.17394256591797
2008-04-22,98.7372817993164
2008-04-23,98.57981872558594
2008-04-24,99.00927734375
2008-04-25,99.92552947998047
2008-04-28,99.94700622558594
2008-04-29,99.55330657958984
2008-04-30,98.96637725830078
2008-05-01,101.01351928710938
2008-05-02,101.29273223876953
2008-05-05,100.80593872070312
2008-05-06,101.67922973632812
2008-05-07,99.8682861328125
2008-05-08,99.6105728149414
2008-05-09,99.42446899414062
2008-05-12,100.54114532470703
2008-05-13,100.55540466308594
2008-05-14,100.76303100585938
2008-05-15,102.0228500366211
2008-05-16,102.11587524414062
2008-05-19,102.39502716064453
2008-05-20,101.5647201538086
2008-05-21,99.84678649902344
2008-05-22,99.8611068725586
2008-05-23,98.5225830078125
2008-05-27,99.25267791748047
2008-05-28,99.71080780029297
2008-05-29,100.21182250976562
2008-05-30,100.46237182617188
2008-06-02,99.42446899414062
2008-06-03,98.84469604492188
2008-06-04,98.7945785522461
2008-06-05,100.77015686035156
2008-06-06,97.55619812011719
2008-06-09,97.7924575805664
2008-06-10,97.30570220947266
2008-06-11,95.87413024902344
2008-06-12,96.23914337158203
2008-06-13,97.45603942871094
2008-06-16,97.51326751708984
2008-06-17,97.04088592529297
2008-06-18,96.09601593017578
2008-06-19,96.21768188476562
2008-06-20,94.65591430664062
2008-06-23,94.56239318847656
2008-06-24,94.37537384033203
2008-06-25,94.82135009765625
2008-06-26,92.2459945678711
2008-06-27,91.74244689941406
2008-06-30,92.066162109375
2008-07-01,92.35391235351562
2008-07-02,90.77127838134766
2008-07-03,90.86478424072266
2008-07-07,89.93677520751953
2008-07-08,91.53380584716797
2008-07-09,89.77133178710938
2008-07-10,90.13822937011719
2008-07-11,89.08792114257812
2008-07-14,88.28221893310547
2008-07-15,87.03770446777344
2008-07-16,89.17423248291016
2008-07-17,90.06632232666016
2008-07-18,90.62739562988281
2008-07-21,90.6777572631836
2008-07-22,91.70646667480469
2008-07-23,92.20284271240234
2008-07-24,90.28929138183594
2008-07-25,90.26771545410156
2008-07-28,88.94406127929688
2008-07-29,90.84320831298828
2008-07-30,92.4618148803711
2008-07-31,91.23888397216797
2008-08-01,90.75687408447266
2008-08-04,89.91522216796875
2008-08-05,92.33953857421875
2008-08-06,92.74958038330078
2008-08-07,91.36836242675781
2008-08-08,93.06608581542969
2008-08-11,94.0300521850586
2008-08-12,93.05171966552734
2008-08-13,92.4905776977539
2008-08-14,93.1883773803711
2008-08-15,93.64159393310547
2008-08-18,92.36109924316406
2008-08-19,91.35397338867188
2008-08-20,91.77839660644531
2008-08-21,91.9366455078125
2008-08-22,93.26750946044922
2008-08-25,91.37555694580078
2008-08-26,91.6417236328125
2008-08-27,92.53373718261719
2008-08-28,93.65599060058594
2008-08-29,92.64884185791016
2008-09-02,92.07335662841797
2008-09-03,91.99421691894531
2008-09-04,89.2246322631836
2008-09-05,89.50516510009766
2008-09-08,91.35397338867188
2008-09-09,88.64190673828125
2008-09-10,89.0015869140625
2008-09-11,90.28929138183594
2008-09-12,90.70652770996094
2008-09-15,86.39022827148438
2008-09-16,87.836181640625
2008-09-17,83.88682556152344
2008-09-18,86.3758773803711
2008-09-19,89.80615997314453
2008-09-22,87.77301788330078
2008-09-23,85.77603149414062
2008-09-24,86.05094146728516
2008-09-25,87.39680480957031
2008-09-26,87.44019317626953
2008-09-29,80.58824920654297
2008-09-30,83.92378234863281
2008-10-01,83.97442626953125
2008-10-02,80.92835998535156
2008-10-03,79.83575439453125
2008-10-06,75.76945495605469
2008-10-07,72.37600708007812
2008-10-08,70.55265045166016
2008-10-09,65.62535858154297
2008-10-10,64.03355407714844
2008-10-13,73.3310775756836
2008-10-14,72.24579620361328
2008-10-15,65.13334655761719
2008-10-16,67.84663391113281
2008-10-17,67.44144439697266
2008-10-20,71.49327850341797
2008-10-21,69.35882568359375
2008-10-22,65.58194732666016
2008-10-23,66.3416748046875
2008-10-24,62.97718811035156
2008-10-27,60.741451263427734
2008-10-28,67.83938598632812
2008-10-29,67.347412109375
2008-10-30,69.67717742919922
2008-10-31,70.06068420410156
2008-11-03,70.2632827758789
2008-11-04,72.65095520019531
2008-11-05,69.59764099121094
2008-11-06,65.74111938476562
2008-11-07,67.91172790527344
2008-11-10,67.02179718017578
2008-11-11,64.95247650146484
2008-11-12,62.094482421875
2008-11-13,65.9654312133789
2008-11-14,62.67331314086914
2008-11-17,61.84125518798828
2008-11-18,63.00617980957031
2008-11-19,58.968753814697266
2008-11-20,54.5913200378418
2008-11-21,57.5361328125
2008-11-24,61.52287292480469
2008-11-25,61.97868347167969
2008-11-26,64.3736343383789
2008-11-28,65.18399810791016
2008-12-01,59.410133361816406
2008-12-02,61.696533203125
2008-12-03,63.1797981262207
2008-12-04,61.71821212768555
2008-12-05,63.62116241455078
2008-12-08,65.8424301147461
2008-12-09,64.75711822509766
2008-12-10,65.1984634399414
2008-12-11,63.62841796875
2008-12-12,64.38809204101562
2008-12-15,63.49092102050781
2008-12-16,66.47914123535156
2008-12-17,65.8351821899414
2008-12-18,64.60518646240234
2008-12-19,64.3272933959961
2008-12-22,63.50301742553711
2008-12-23,62.846519470214844
2008-12-24,63.21125411987305
2008-12-26,63.57594299316406
2008-12-29,63.393619537353516
2008-12-30,64.89623260498047
2008-12-31,65.82257080078125
2009-01-02,67.80659484863281
2009-01-05,67.7263412475586
2009-01-06,68.17858123779297
2009-01-07,66.13622283935547
2009-01-08,66.40611267089844
2009-01-09,64.98373413085938
2009-01-12,63.422794342041016
2009-01-13,63.53947448730469
2009-01-14,61.5408935546875
2009-01-15,61.562782287597656
2009-01-16,62.04417037963867
2009-01-20,58.76910400390625
2009-01-21,61.307456970214844
2009-01-22,60.35921096801758
2009-01-23,60.621803283691406
2009-01-26,61.03759002685547
2009-01-27,61.6576042175293
2009-01-28,63.74372863769531
2009-01-29,61.67219543457031
2009-01-30,60.417598724365234
2009-02-02,60.23524856567383
2009-02-03,61.081356048583984
2009-02-04,60.78230285644531
2009-02-05,61.68678665161133
2009-02-06,63.444671630859375
2009-02-09,63.53220748901367
2009-02-10,60.621803283691406
2009-02-11,60.97922897338867
2009-02-12,61.02299880981445
2009-02-13,60.36653137207031
2009-02-17,57.78438949584961
2009-02-18,57.645816802978516
2009-02-19,57.02580261230469
2009-02-20,56.471439361572266
2009-02-23,54.450950622558594
2009-02-24,56.51521301269531
2009-02-25,56.07026290893555
2009-02-26,55.15849685668945
2009-02-27,53.92578125
2009-03-02,51.49681854248047
2009-03-03,51.1102294921875
2009-03-04,52.321075439453125
2009-03-05,50.18387985229492
2009-03-06,50.271385192871094
2009-03-09,49.680580139160156
2009-03-10,52.64200973510742
2009-03-11,52.9848518371582
2009-03-12,55.07096481323242
2009-03-13,55.501319885253906
2009-03-16,55.33357620239258
2009-03-17,57.02580261230469
2009-03-18,58.302268981933594
2009-03-19,57.58015060424805
2009-03-20,56.35404968261719
2009-03-23,60.40188217163086
2009-03-24,59.21176528930664
2009-03-25,59.83624267578125
2009-03-26,61.055702209472656
2009-03-27,59.95376205444336
2009-03-30,57.882083892822266
2009-03-31,58.41836929321289
2009-04-01,59.54972457885742
2009-04-02,61.290802001953125
2009-04-03,61.90056228637695
2009-04-06,61.415687561035156
2009-04-07,59.983154296875
2009-04-08,60.629642486572266
2009-04-09,63.039241790771484
2009-04-13,63.053951263427734
2009-04-14,61.966670989990234
2009-04-15,62.62784194946289
2009-04-16,63.546138763427734
2009-04-17,63.97224807739258
2009-04-20,61.290802001953125
2009-04-21,62.488258361816406
2009-04-22,62.10624313354492
2009-04-23,62.716007232666016
2009-04-24,63.6636848449707
2009-04-27,63.061302185058594
2009-04-28,62.862937927246094
2009-04-29,64.1999740600586
2009-04-30,64.22199249267578
2009-05-01,64.56729125976562
2009-05-04,66.76385498046875
2009-05-05,66.53609466552734
2009-05-06,67.68951416015625
2009-05-07,66.74913787841797
2009-05-08,68.30661010742188
2009-05-11,67.02833557128906
2009-05-12,66.82996368408203
2009-05-13,65.14766693115234
2009-05-14,65.70599365234375
2009-05-15,65.16970825195312
2009-05-18,67.02098083496094
2009-05-19,66.94017791748047
2009-05-20,66.4920425415039
2009-05-21,65.53699493408203
2009-05-22,65.39743041992188
2009-05-26,67.07243347167969
2009-05-27,65.87492370605469
2009-05-28,66.79324340820312
2009-05-29,67.97599792480469
2009-06-01,69.62158966064453
2009-06-02,69.68038177490234
2009-06-03,68.798828125
2009-06-04,69.4452896118164
2009-06-05,69.45996856689453
2009-06-08,69.17346954345703
2009-06-09,69.52610778808594
2009-06-10,69.34978485107422
2009-06-11,69.65833282470703
2009-06-12,69.84930419921875
2009-06-15,68.24785614013672
2009-06-16,67.32219696044922
2009-06-17,67.25607299804688
2009-06-18,67.74825286865234
2009-06-19,67.99797058105469
2009-06-22,65.95892333984375
2009-06-23,66.01066589355469
2009-06-24,66.57952117919922
2009-06-25,68.0275650024414
2009-06-26,67.8502197265625
2009-06-29,68.48560333251953
2009-06-30,67.93151092529297
2009-07-01,68.21223449707031
2009-07-02,66.35050964355469
2009-07-06,66.34307098388672
2009-07-07,65.05760192871094
2009-07-08,65.01325225830078
2009-07-09,65.1388931274414
2009-07-10,64.98370361328125
2009-07-13,66.56471252441406
2009-07-14,66.94152069091797
2009-07-15,68.89930725097656
2009-07-16,68.78849029541016
2009-07-17,69.54207611083984
2009-07-20,70.28079986572266
2009-07-21,70.60591125488281
2009-07-22,70.59117126464844
2009-07-23,72.14997863769531
2009-07-24,72.44547271728516
2009-07-27,72.65972137451172
2009-07-28,72.31987762451172
2009-07-29,72.142578125
2009-07-30,72.89611053466797
2009-07-31,72.99957275390625
2009-08-03,74.20381164550781
2009-08-04,74.39588928222656
2009-08-05,74.18162536621094
2009-08-06,73.7974624633789
2009-08-07,74.76526641845703
2009-08-10,74.61012268066406
2009-08-11,73.67924499511719
2009-08-12,74.46981048583984
2009-08-13,75.03861236572266
2009-08-14,74.4623794555664
2009-08-17,72.63018035888672
2009-08-18,73.2064437866211
2009-08-19,73.84917449951172
2009-08-20,74.61012268066406
2009-08-21,76.07291412353516
2009-08-24,76.0655517578125
2009-08-25,76.21332550048828
2009-08-26,76.220703125
2009-08-27,76.39061737060547
2009-08-28,76.37583923339844
2009-08-31,75.69612884521484
2009-09-01,74.02648162841797
2009-09-02,73.7457504272461
2009-09-03,74.35894775390625
2009-09-04,75.40062713623047
2009-09-08,76.0507583618164
2009-09-09,76.63439178466797
2009-09-10,77.41752624511719
2009-09-11,77.40272521972656
2009-09-14,77.77953338623047
2009-09-15,78.10459899902344
2009-09-16,79.28665161132812
2009-09-17,79.1684341430664
2009-09-18,79.21891021728516
2009-09-21,79.01850128173828
2009-09-22,79.47872924804688
2009-09-23,78.81807708740234
2009-09-24,77.94960021972656
2009-09-25,77.53389739990234
2009-09-28,78.9220199584961
2009-09-29,78.6844711303711
2009-09-30,78.380126953125
2009-10-01,76.4352798461914
2009-10-02,76.07898712158203
2009-10-05,77.21470642089844
2009-10-06,78.32074737548828
2009-10-07,78.53599548339844
2009-10-08,79.13729095458984
2009-10-09,79.61978149414062
2009-10-12,79.9315414428711
2009-10-13,79.76823425292969
2009-10-14,81.14149475097656
2009-10-15,81.43841552734375
2009-10-16,80.8297348022461
2009-10-19,81.49784088134766
2009-10-20,81.06726837158203
2009-10-21,80.3398208618164
2009-10-22,81.1563491821289
2009-10-23,80.22846221923828
2009-10-26,79.36001586914062
2009-10-27,78.99624633789062
2009-10-28,77.50421142578125
2009-10-29,79.16696166992188
2009-10-30,76.87324523925781
2009-11-02,77.4373779296875
2009-11-03,77.68232727050781
2009-11-04,77.88276672363281
2009-11-05,79.3154067993164
2009-11-06,79.52326965332031
2009-11-09,81.33448028564453
2009-11-10,81.34935760498047
2009-11-11,81.76502990722656
2009-11-12,80.93363952636719
2009-11-13,81.37161254882812
2009-11-16,82.55187225341797
2009-11-17,82.64837646484375
2009-11-18,82.59642028808594
2009-11-19,81.52010345458984
2009-11-20,81.23057556152344
2009-11-23,82.26238250732422
2009-11-24,82.38856506347656
2009-11-25,82.67808532714844
2009-11-27,81.33448028564453
2009-11-30,81.60914611816406
2009-12-01,82.61869812011719
2009-12-02,82.58157348632812
2009-12-03,81.93576049804688
2009-12-04,82.40341186523438
2009-12-07,82.27722930908203
2009-12-08,81.36418151855469
2009-12-09,81.66856384277344
2009-12-10,82.12874603271484
2009-12-11,82.47764587402344
2009-12-14,83.04182434082031
2009-12-15,82.65582275390625
2009-12-16,82.78197479248047
2009-12-17,81.78732299804688
2009-12-18,82.25001525878906
2009-12-21,83.08588409423828
2009-12-22,83.38440704345703
2009-12-23,83.54854583740234
2009-12-24,83.94413757324219
2009-12-28,84.12323760986328
2009-12-29,84.00382232666016
2009-12-30,83.97398376464844
2009-12-31,83.1679916381836
2010-01-04,84.57847595214844
2010-01-05,84.80235290527344
2010-01-06,84.86209869384766
2010-01-07,85.22027587890625
2010-01-08,85.50389099121094
2010-01-11,85.62328338623047
2010-01-12,84.82476043701172
2010-01-13,85.54122924804688
2010-01-14,85.77257537841797
2010-01-15,84.8098373413086
2010-01-19,85.86962127685547
2010-01-20,84.99640655517578
2010-01-21,83.36199951171875
2010-01-22,81.50373077392578
2010-01-25,81.92161560058594
2010-01-26,81.57831573486328
2010-01-27,81.96643829345703
2010-01-28,81.02607727050781
2010-01-29,80.14543151855469
2010-02-01,81.39176940917969
2010-02-02,82.37688446044922
2010-02-03,81.96643829345703
2010-02-04,79.43649291992188
2010-02-05,79.60063934326172
2010-02-08,79.02601623535156
2010-02-09,80.01856994628906
2010-02-10,79.86184692382812
2010-02-11,80.69770050048828
2010-02-12,80.63056182861328
2010-02-16,81.89923858642578
2010-02-17,82.28733825683594
2010-02-18,82.77242279052734
2010-02-19,82.944091796875
2010-02-22,82.95899963378906
2010-02-23,81.95149230957031
2010-02-24,82.70526123046875
2010-02-25,82.59332275390625
2010-02-26,82.64553833007812
2010-03-01,83.50381469726562
2010-03-02,83.73517608642578
2010-03-03,83.80976867675781
2010-03-04,84.06352233886719
2010-03-05,85.26506042480469
2010-03-08,85.2800064086914
2010-03-09,85.42178344726562
2010-03-10,85.80242156982422
2010-03-11,86.16064453125
2010-03-12,86.16810607910156
2010-03-15,86.19050598144531
2010-03-16,86.87708282470703
2010-03-17,87.39203643798828
2010-03-18,87.34727478027344
2010-03-19,86.90513610839844
2010-03-22,87.36973571777344
2010-03-23,87.9842300415039
2010-03-24,87.55709075927734
2010-03-25,87.41471099853516
2010-03-26,87.36224365234375
2010-03-29,87.9167709350586
2010-03-30,87.9767074584961
2010-03-31,87.67698669433594
2010-04-01,88.2764892578125
2010-04-05,88.99591827392578
2010-04-06,89.2057113647461
2010-04-07,88.6961669921875
2010-04-08,89.00336456298828
2010-04-09,89.58789825439453
2010-04-12,89.73027801513672
2010-04-13,89.7977294921875
2010-04-14,90.81686401367188
2010-04-15,90.8918228149414
2010-04-16,89.44552612304688
2010-04-19,89.78271484375
2010-04-20,90.58456420898438
2010-04-21,90.4197006225586
2010-04-22,90.6894760131836
2010-04-23,91.28145599365234
2010-04-26,90.93673706054688
2010-04-27,88.78611755371094
2010-04-28,89.46049499511719
2010-04-29,90.56957244873047
2010-04-30,89.03335571289062
2010-05-03,90.18738555908203
2010-05-04,88.066650390625
2010-05-05,87.54210662841797
2010-05-06,84.63452911376953
2010-05-07,83.37557983398438
2010-05-10,87.04749298095703
2010-05-11,86.80023193359375
2010-05-12,88.0141830444336
2010-05-13,86.92012786865234
2010-05-14,85.34642028808594
2010-05-17,85.39139556884766
2010-05-18,84.22982788085938
2010-05-19,83.75028991699219
2010-05-20,80.58785247802734
2010-05-21,81.7644271850586
2010-05-24,80.71527862548828
2010-05-25,80.7977066040039
2010-05-26,80.31059265136719
2010-05-27,83.00089263916016
2010-05-28,81.95925903320312
2010-06-01,80.58040618896484
2010-06-02,82.67863464355469
2010-06-03,82.96342468261719
2010-06-04,80.04837036132812
2010-06-07,79.05164337158203
2010-06-08,79.89848327636719
2010-06-09,79.47130584716797
2010-06-10,81.79440307617188
2010-06-11,82.19158935546875
2010-06-14,82.06417846679688
2010-06-15,83.93013763427734
2010-06-16,83.90010833740234
2010-06-17,84.0350341796875
2010-06-18,84.12612915039062
2010-06-21,83.88517761230469
2010-06-22,82.49978637695312
2010-06-23,82.2437744140625
2010-06-24,80.88093566894531
2010-06-25,81.21977233886719
2010-06-28,80.96379089355469
2010-06-29,78.4639892578125
2010-06-30,77.71858215332031
2010-07-01,77.37225341796875
2010-07-02,76.95059967041016
2010-07-06,77.45504760742188
2010-07-07,79.89459991455078
2010-07-08,80.6851806640625
2010-07-09,81.28754425048828
2010-07-12,81.34021759033203
2010-07-13,82.56754302978516
2010-07-14,82.55998229980469
2010-07-15,82.58261108398438
2010-07-16,80.30870056152344
2010-07-19,80.78306579589844
2010-07-20,81.6790542602539
2010-07-21,80.61737823486328
2010-07-22,82.4169692993164
2010-07-23,83.13227844238281
2010-07-26,83.99810791015625
2010-07-27,83.99060821533203
2010-07-28,83.448486328125
2010-07-29,83.04188537597656
2010-07-30,83.0268325805664
2010-08-02,84.90164947509766
2010-08-03,84.49507141113281
2010-08-04,85.05978393554688
2010-08-05,84.96944427490234
2010-08-06,84.62309265136719
2010-08-09,85.07483673095703
2010-08-10,84.61554718017578
2010-08-11,82.2964859008789
2010-08-12,81.7919921875
2010-08-13,81.55106353759766
2010-08-16,81.51344299316406
2010-08-17,82.51481628417969
2010-08-18,82.66542053222656
2010-08-19,81.2272720336914
2010-08-20,80.96379089355469
2010-08-23,80.65503692626953
2010-08-24,79.4578857421875
2010-08-25,79.7666015625
2010-08-26,79.23200225830078
2010-08-27,80.45928955078125
2010-08-30,79.29224395751953
2010-08-31,79.29224395751953
2010-09-01,81.6640396118164
2010-09-02,82.42447662353516
2010-09-03,83.49365997314453
2010-09-07,82.55247497558594
2010-09-08,83.13227844238281
2010-09-09,83.5162582397461
2010-09-10,83.93790435791016
2010-09-13,84.87151336669922
2010-09-14,84.81880950927734
2010-09-15,85.14258575439453
2010-09-16,85.1199951171875
2010-09-17,85.15179443359375
2010-09-20,86.45379638671875
2010-09-21,86.27970123291016
2010-09-22,85.85581970214844
2010-09-23,85.15937042236328
2010-09-24,86.9155502319336
2010-09-27,86.49923706054688
2010-09-28,86.80199432373047
2010-09-29,86.65060424804688
2010-09-30,86.39326477050781
2010-10-01,86.75657653808594
2010-10-04,86.10559844970703
2010-10-05,87.83906555175781
2010-10-06,87.83147430419922
2010-10-07,87.72551727294922
2010-10-08,88.2175521850586
2010-10-11,88.30081176757812
2010-10-12,88.57331848144531
2010-10-13,89.26216125488281
2010-10-14,88.91394805908203
2010-10-15,89.09563446044922
2010-10-18,89.53465270996094
2010-10-19,88.36136627197266
2010-10-20,89.22432708740234
2010-10-21,89.42110443115234
2010-10-22,89.58765411376953
2010-10-25,89.85260772705078
2010-10-26,89.86774444580078
2010-10-27,89.61038970947266
2010-10-28,89.62550354003906
2010-10-29,89.6936264038086
2010-11-01,89.72392272949219
2010-11-02,90.43543243408203
2010-11-03,90.79881286621094
2010-11-04,92.54741668701172
2010-11-05,92.89561462402344
2010-11-08,92.72152709960938
2010-11-09,92.05537414550781
2010-11-10,92.42631530761719
2010-11-11,92.07807159423828
2010-11-12,90.9880599975586
2010-11-15,90.85936737060547
2010-11-16,89.4438247680664
2010-11-17,89.48927307128906
2010-11-18,90.80636596679688
2010-11-19,91.05619049072266
2010-11-22,90.98045349121094
2010-11-23,89.66336822509766
2010-11-24,90.9880599975586
2010-11-26,89.92831420898438
2010-11-29,90.20081329345703
2010-11-30,89.6936264038086
2010-12-01,91.60120391845703
2010-12-02,92.77447509765625
2010-12-03,93.0243148803711
2010-12-06,92.9259262084961
2010-12-07,92.9788818359375
2010-12-08,93.31958770751953
2010-12-09,93.68289184570312
2010-12-10,94.22791290283203
2010-12-13,94.28846740722656
2010-12-14,94.37174224853516
2010-12-15,93.94023895263672
2010-12-16,94.48526763916016
2010-12-17,94.58649444580078
2010-12-20,94.81475067138672
2010-12-21,95.41590881347656
2010-12-22,95.71268463134766
2010-12-23,95.5757064819336
2010-12-27,95.61373901367188
2010-12-28,95.75074005126953
2010-12-29,95.81924438476562
2010-12-30,95.66704559326172
2010-12-31,95.68985748291016
2011-01-03,96.67912292480469
2011-01-04,96.6258544921875
2011-01-05,97.1280288696289
2011-01-06,96.93782043457031
2011-01-07,96.74760437011719
2011-01-10,96.6258544921875
2011-01-11,96.96826171875
2011-01-12,97.84337615966797
2011-01-13,97.68356323242188
2011-01-14,98.39122009277344
2011-01-18,98.55863952636719
2011-01-19,97.59225463867188
2011-01-20,97.46288299560547
2011-01-21,97.68356323242188
2011-01-24,98.23904418945312
2011-01-25,98.29232788085938
2011-01-26,98.67282104492188
2011-01-27,98.91629791259766
2011-01-28,97.18892669677734
2011-01-31,97.91943359375
2011-02-01,99.48703002929688
2011-02-02,99.29678344726562
2011-02-03,99.51744079589844
2011-02-04,99.7989730834961
2011-02-07,100.42298889160156
2011-02-08,100.87957000732422
2011-02-09,100.65128326416016
2011-02-10,100.6893310546875
2011-02-11,101.29048919677734
2011-02-14,101.533935546875
2011-02-15,101.2143783569336
2011-02-16,101.85358428955078
2011-02-17,102.1579818725586
2011-02-18,102.37098693847656
2011-02-22,100.31645202636719
2011-02-23,99.7000961303711
2011-02-24,99.63162994384766
2011-02-25,100.69693756103516
2011-02-28,101.3209228515625
2011-03-01,99.63162994384766
2011-03-02,99.84466552734375
2011-03-03,101.56440734863281
2011-03-04,100.803466796875
2011-03-07,100.0120849609375
2011-03-08,100.88716125488281
2011-03-09,100.74259948730469
2011-03-10,98.87824249267578
2011-03-11,99.56311798095703
2011-03-14,98.9619369506836
2011-03-15,97.82817077636719
2011-03-16,96.01707458496094
2011-03-17,97.28784942626953
2011-03-18,97.64171600341797
2011-03-21,99.15494537353516
2011-03-22,98.81101989746094
2011-03-23,99.09378814697266
2011-03-24,100.04148864746094
2011-03-25,100.34719848632812
2011-03-28,100.10263061523438
2011-03-29,100.77518463134766
2011-03-30,101.47063446044922
2011-03-31,101.33306121826172
2011-04-01,101.7610855102539
2011-04-04,101.84513092041016
2011-04-05,101.82984161376953
2011-04-06,102.15082550048828
2011-04-07,101.89102935791016
2011-04-08,101.53945922851562
2011-04-11,101.23375701904297
2011-04-12,100.47711181640625
2011-04-13,100.4694595336914
2011-04-14,100.54588317871094
2011-04-15,100.91276550292969
2011-04-18,99.78164672851562
2011-04-19,100.35481262207031
2011-04-20,101.72285461425781
2011-04-21,102.24256896972656
2011-04-25,102.13555908203125
2011-04-26,103.01441192626953
2011-04-27,103.68697357177734
2011-04-28,104.02328491210938
2011-04-29,104.26785278320312
2011-05-02,104.10736846923828
2011-05-03,103.73284912109375
2011-05-04,103.04505157470703
2011-05-05,102.11264038085938
2011-05-06,102.56354522705078
2011-05-09,102.96095275878906
2011-05-10,103.83984375
2011-05-11,102.7469253540039
2011-05-12,103.23609924316406
2011-05-13,102.4412612915039
2011-05-16,101.7916030883789
2011-05-17,101.7763671875
2011-05-18,102.68580627441406
2011-05-19,102.93038177490234
2011-05-20,102.11264038085938
2011-05-23,100.92805480957031
2011-05-24,100.84392547607422
2011-05-25,101.18025207519531
2011-05-26,101.64644622802734
2011-05-27,102.0362319946289
2011-05-31,103.0985336303711
2011-06-01,100.78279876708984
2011-06-02,100.67581176757812
2011-06-03,99.67462921142578
2011-06-06,98.61995697021484
2011-06-07,98.55882263183594
2011-06-08,98.14612579345703
2011-06-09,98.89510345458984
2011-06-10,97.51943969726562
2011-06-13,97.59586334228516
2011-06-14,98.83396911621094
2011-06-15,97.076171875
2011-06-16,97.29014587402344
2011-06-17,97.58052062988281
2011-06-20,98.07971954345703
2011-06-21,99.42378234863281
2011-06-22,98.8247299194336
2011-06-23,98.54055786132812
2011-06-24,97.39614868164062
2011-06-27,98.26404571533203
2011-06-28,99.54667663574219
2011-06-29,100.3991928100586
2011-06-30,101.35926055908203
2011-07-01,102.85697174072266
2011-07-05,102.7724609375
2011-07-06,102.89537048339844
2011-07-07,103.96294403076172
2011-07-08,103.22562408447266
2011-07-11,101.35926055908203
2011-07-12,100.92150115966797
2011-07-13,101.25940704345703
2011-07-14,100.56048583984375
2011-07-15,101.14421844482422
2011-07-18,100.31472778320312
2011-07-19,101.9429931640625
2011-07-20,101.88153839111328
2011-07-21,103.2947998046875
2011-07-22,103.3638687133789
2011-07-25,102.78784942626953
2011-07-26,102.40381622314453
2011-07-27,100.30702209472656
2011-07-28,100.01519775390625
2011-07-29,99.33162689208984
2011-08-01,98.90921020507812
2011-08-02,96.38231658935547
2011-08-03,96.90458679199219
2011-08-04,92.36544799804688
2011-08-05,92.22720336914062
2011-08-08,86.22103881835938
2011-08-09,90.23027801513672
2011-08-10,86.24409484863281
2011-08-11,90.11508178710938
2011-08-12,90.72181701660156
2011-08-15,92.64193725585938
2011-08-16,91.85086059570312
2011-08-17,91.91227722167969
2011-08-18,87.94918060302734
2011-08-19,86.51292419433594
2011-08-22,86.58203887939453
2011-08-23,89.43148040771484
2011-08-24,90.69110107421875
2011-08-25,89.30856323242188
2011-08-26,90.60662078857422
2011-08-29,93.21027374267578
2011-08-30,93.45606231689453
2011-08-31,93.87084197998047
2011-09-01,92.88768768310547
2011-09-02,90.51446533203125
2011-09-06,89.85394287109375
2011-09-07,92.38845825195312
2011-09-08,91.4284439086914
2011-09-09,89.03211975097656
2011-09-12,89.60813903808594
2011-09-13,90.42992401123047
2011-09-14,91.68189239501953
2011-09-15,93.26404571533203
2011-09-16,93.81605529785156
2011-09-19,92.88188171386719
2011-09-20,92.77383422851562
2011-09-21,90.04084777832031
2011-09-22,87.1303482055664
2011-09-23,87.65531158447266
2011-09-26,89.73980712890625
2011-09-27,90.74337005615234
2011-09-28,88.89055633544922
2011-09-29,89.59307861328125
2011-09-30,87.3542251586914
2011-10-03,84.86832427978516
2011-10-04,86.7288818359375
2011-10-05,88.33470153808594
2011-10-06,89.93277740478516
2011-10-07,89.33059692382812
2011-10-10,92.3183364868164
2011-10-11,92.41098022460938
2011-10-12,93.22157287597656
2011-10-13,93.03628540039062
2011-10-14,94.62666320800781
2011-10-17,92.82014465332031
2011-10-18,94.6343765258789
2011-10-19,93.51493835449219
2011-10-20,93.92412567138672
2011-10-21,95.70751953125
2011-10-24,96.88096618652344
2011-10-25,94.99725341796875
2011-10-26,95.96226501464844
2011-10-27,99.30512237548828
2011-10-28,99.2819595336914
2011-10-31,96.88868713378906
2011-11-01,94.18660736083984
2011-11-02,95.72293090820312
2011-11-03,97.46772766113281
2011-11-04,96.8732681274414
2011-11-07,97.4754409790039
2011-11-08,98.72610473632812
2011-11-09,95.08216857910156
2011-11-10,95.9776840209961
2011-11-11,97.78424072265625
2011-11-14,96.85781860351562
2011-11-15,97.33647155761719
2011-11-16,95.79241943359375
2011-11-17,94.27154541015625
2011-11-18,94.17118835449219
2011-11-21,92.38008880615234
2011-11-22,92.0172348022461
2011-11-23,89.98680877685547
2011-11-25,89.81698608398438
2011-11-28,92.41870880126953
2011-11-29,92.68119049072266
2011-11-30,96.49496459960938
2011-12-01,96.47952270507812
2011-12-02,96.39462280273438
2011-12-05,97.44452667236328
2011-12-06,97.4754409790039
2011-12-07,97.8382797241211
2011-12-08,95.69207000732422
2011-12-09,97.31330108642578
2011-12-12,95.89279174804688
2011-12-13,94.99725341796875
2011-12-14,93.98588562011719
2011-12-15,94.3255615234375
2011-12-16,94.46539306640625
2011-12-19,93.45542907714844
2011-12-20,96.2834243774414
2011-12-21,96.46987915039062
2011-12-22,97.3244857788086
2011-12-23,98.19463348388672
2011-12-27,98.2723388671875
2011-12-28,96.98262023925781
2011-12-29,97.98486328125
2011-12-30,97.5031967163086
2012-01-03,99.05702209472656
2012-01-04,99.21237182617188
2012-01-05,99.4765396118164
2012-01-06,99.22017669677734
2012-01-09,99.46104431152344
2012-01-10,100.32340240478516
2012-01-11,100.37777709960938
2012-01-12,100.61860656738281
2012-01-13,100.09807586669922
2012-01-17,100.48654174804688
2012-01-18,101.59754180908203
2012-01-19,102.13361358642578
2012-01-20,102.5143051147461
2012-01-23,102.2501449584961
2012-01-24,102.13361358642578
2012-01-25,102.98821258544922
2012-01-26,102.45989990234375
2012-01-27,102.41331481933594
2012-01-30,102.06368255615234
2012-01-31,102.02484893798828
2012-02-01,102.91829681396484
2012-02-02,103.08140563964844
2012-02-03,104.5265121459961
2012-02-06,104.45658874511719
2012-02-07,104.72074127197266
2012-02-08,105.03150939941406
2012-02-09,105.1635513305664
2012-02-10,104.38670349121094
2012-02-13,105.1635513305664
2012-02-14,105.03150939941406
2012-02-15,104.54204559326172
2012-02-16,105.6996078491211
2012-02-17,105.9793701171875
2012-02-21,106.02595520019531
2012-02-22,105.68409729003906
2012-02-23,106.15027618408203
2012-02-24,106.38333129882812
2012-02-27,106.56208038330078
2012-02-28,106.87275695800781
2012-02-29,106.45323944091797
2012-03-01,107.00484466552734
2012-03-02,106.67858123779297
2012-03-05,106.24347686767578
2012-03-06,104.6896743774414
2012-03-07,105.4199447631836
2012-03-08,106.46881103515625
2012-03-09,106.88058471679688
2012-03-12,106.88829803466797
2012-03-13,108.81507873535156
2012-03-14,108.69857788085938
2012-03-15,109.3278579711914
2012-03-16,109.47926330566406
2012-03-19,109.9084243774414
2012-03-20,109.5884780883789
2012-03-21,109.40902709960938
2012-03-22,108.62090301513672
2012-03-23,108.9720230102539
2012-03-26,110.50146484375
2012-03-27,110.15812683105469
2012-03-28,109.61188507080078
2012-03-29,109.42462158203125
2012-03-30,109.87724304199219
2012-04-02,110.68093872070312
2012-04-03,110.2283706665039
2012-04-04,109.13587188720703
2012-04-05,109.081298828125
2012-04-09,107.8561782836914
2012-04-10,106.04583740234375
2012-04-11,106.9041976928711
2012-04-12,108.30095672607422
2012-04-13,107.013427734375
2012-04-16,106.94319915771484
2012-04-17,108.52725219726562
2012-04-18,108.16049194335938
2012-04-19,107.46605682373047
2012-04-20,107.64550018310547
2012-04-23,106.74032592773438
2012-04-24,107.14611053466797
2012-04-25,108.61309814453125
2012-04-26,109.36998748779297
2012-04-27,109.54947662353516
2012-04-30,109.14369201660156
2012-05-01,109.82261657714844
2012-05-02,109.49485778808594
2012-05-03,108.65990447998047
2012-05-04,106.9041976928711
2012-05-07,106.98220825195312
2012-05-08,106.55303955078125
2012-05-09,105.9209976196289
2012-05-10,106.13947296142578
2012-05-11,105.81952667236328
2012-05-14,104.64903259277344
2012-05-15,104.0482177734375
2012-05-16,103.65025329589844
2012-05-17,102.11302947998047
2012-05-18,101.23904418945312
2012-05-21,102.97917938232422
2012-05-22,103.15863037109375
2012-05-23,103.21326446533203
2012-05-24,103.41614532470703
2012-05-25,103.08061981201172
2012-05-29,104.32909393310547
2012-05-30,102.81529998779297
2012-05-31,102.5890121459961
2012-06-01,100.0061264038086
2012-06-04,99.95933532714844
2012-06-05,100.71623229980469
2012-06-06,102.97917938232422
2012-06-07,103.04159545898438
2012-06-08,103.86094665527344
2012-06-11,102.54218292236328
2012-06-12,103.72044372558594
2012-06-13,103.05721282958984
2012-06-14,104.14965057373047
2012-06-15,105.2148208618164
2012-06-18,105.41873168945312
2012-06-19,106.43846893310547
2012-06-20,106.26583862304688
2012-06-21,103.88139343261719
2012-06-22,104.6814193725586
2012-06-25,103.0029296875
2012-06-26,103.52056884765625
2012-06-27,104.45398712158203
2012-06-28,104.15587615966797
2012-06-29,106.75215911865234
2012-07-02,107.07376098632812
2012-07-03,107.77969360351562
2012-07-05,107.29338073730469
2012-07-06,106.27371215820312
2012-07-09,106.14036560058594
2012-07-10,105.2148208618164
2012-07-11,105.23050689697266
2012-07-12,104.72068786621094
2012-07-13,106.4776382446289
2012-07-16,106.22664642333984
2012-07-17,106.9560775756836
2012-07-18,107.74828338623047
2012-07-19,108.03064727783203
2012-07-20,107.04235076904297
2012-07-23,105.95992279052734
2012-07-24,105.05008697509766
2012-07-25,105.07366943359375
2012-07-26,106.80708312988281
2012-07-27,108.77584838867188
2012-07-30,108.77584838867188
2012-07-31,108.0150146484375
2012-08-01,107.92085266113281
2012-08-02,107.17574310302734
2012-08-03,109.30139923095703
2012-08-06,109.51310729980469
2012-08-07,110.06218719482422
2012-08-08,110.19552612304688
2012-08-09,110.2896728515625
2012-08-10,110.47006225585938
2012-08-13,110.4151840209961
2012-08-14,110.43086242675781
2012-08-15,110.5563735961914
2012-08-16,111.37210845947266
2012-08-17,111.52110290527344
2012-08-20,111.52896118164062
2012-08-21,111.19168090820312
2012-08-22,111.23876190185547
2012-08-23,110.3288803100586
2012-08-24,110.99557495117188
2012-08-27,111.01912689208984
2012-08-28,110.90929412841797
2012-08-29,110.99557495117188
2012-08-30,110.19552612304688
2012-08-31,110.72107696533203
2012-09-04,110.61908721923828
2012-09-05,110.52497863769531
2012-09-06,112.76828002929688
2012-09-07,113.20751953125
2012-09-10,112.56429290771484
2012-09-11,112.87804412841797
2012-09-12,113.25459289550781
2012-09-13,114.98015594482422
2012-09-14,115.48999786376953
2012-09-17,115.09780883789062
2012-09-18,115.0036849975586
2012-09-19,115.06642150878906
2012-09-20,115.07430267333984
2012-09-21,115.02616882324219
2012-09-24,114.85269927978516
2012-09-25,113.63043975830078
2012-09-26,112.9917221069336
2012-09-27,114.05623626708984
2012-09-28,113.5279541015625
2012-10-01,113.82758331298828
2012-10-02,113.94586944580078
2012-10-03,114.41114807128906
2012-10-04,115.2312240600586
2012-10-05,115.23912048339844
2012-10-08,114.84480285644531
2012-10-09,113.7093276977539
2012-10-10,112.98381042480469
2012-10-11,113.04691314697266
2012-10-12,112.67628479003906
2012-10-15,113.61468505859375
2012-10-16,114.76595306396484
2012-10-17,115.28636169433594
2012-10-18,114.98676300048828
2012-10-19,113.070556640625
2012-10-22,113.08636474609375
2012-10-23,111.51716613769531
2012-10-24,111.20172119140625
2012-10-25,111.52497863769531
2012-10-26,111.46194458007812
2012-10-31,111.46194458007812
2012-11-01,112.6290283203125
2012-11-02,111.6275405883789
2012-11-05,111.85620880126953
2012-11-06,112.73152923583984
2012-11-07,110.1766128540039
2012-11-08,108.85183715820312
2012-11-09,108.94644165039062
2012-11-12,109.0331802368164
2012-11-13,108.65467071533203
2012-11-14,107.18794250488281
2012-11-15,107.00662231445312
2012-11-16,107.53495788574219
2012-11-19,109.7113037109375
2012-11-20,109.75861358642578
2012-11-21,109.96365356445312
2012-11-23,111.46194458007812
2012-11-26,111.225341796875
2012-11-27,110.65760040283203
2012-11-28,111.54869079589844
2012-11-29,112.06912994384766
2012-11-30,112.0927963256836
2012-12-03,111.54077911376953
2012-12-04,111.3830795288086
2012-12-05,111.58020782470703
2012-12-06,111.95872497558594
2012-12-07,112.29779815673828
2012-12-10,112.3451156616211
2012-12-11,113.1100082397461
2012-12-12,113.16519927978516
2012-12-13,112.47122192382812
2012-12-14,112.0533676147461
2012-12-17,113.3702392578125
2012-12-18,114.63191223144531
2012-12-19,113.78028106689453
2012-12-20,114.43473815917969
2012-12-21,113.39605712890625
2012-12-24,113.04659271240234
2012-12-26,112.57008361816406
2012-12-27,112.4192123413086
2012-12-28,111.20420837402344
2012-12-31,113.09432983398438
2013-01-02,115.99288940429688
2013-01-03,115.73082733154297
2013-01-04,116.23905944824219
2013-01-07,115.92138671875
2013-01-08,115.58789825439453
2013-01-09,115.88168334960938
2013-01-10,116.80291748046875
2013-01-11,116.79500579833984
2013-01-14,116.715576171875
2013-01-15,116.79500579833984
2013-01-16,116.77906799316406
2013-01-17,117.53353118896484
2013-01-18,117.79559326171875
2013-01-22,118.43087768554688
2013-01-23,118.62157440185547
2013-01-24,118.65325164794922
2013-01-25,119.3203353881836
2013-01-28,119.17745971679688
2013-01-29,119.64593505859375
2013-01-30,119.17745971679688
2013-01-31,118.88355255126953
2013-02-01,120.10655975341797
2013-02-04,118.7564926147461
2013-02-05,119.95563507080078
2013-02-06,120.0430679321289
2013-02-07,119.88426208496094
2013-02-08,120.55126953125
2013-02-11,120.5274658203125
2013-02-12,120.7259750366211
2013-02-13,120.82925415039062
2013-02-14,120.94039154052734
2013-02-15,120.79747009277344
2013-02-19,121.70283508300781
2013-02-20,120.1860122680664
2013-02-21,119.4553451538086
2013-02-22,120.62278747558594
2013-02-25,118.32771301269531
2013-02-26,119.1376724243164
2013-02-27,120.63865661621094
2013-02-28,120.40040588378906
2013-03-01,120.79747009277344
2013-03-04,121.44078063964844
2013-03-05,122.52871704101562
2013-03-06,122.6954574584961
2013-03-07,122.91789245605469
2013-03-08,123.4419937133789
2013-03-11,123.91051483154297
2013-03-12,123.63258361816406
2013-03-13,123.80730438232422
2013-03-14,124.4664535522461
2013-03-15,124.30207061767578
2013-03-18,123.61610412597656
2013-03-19,123.3289794921875
2013-03-20,124.19044494628906
2013-03-21,123.1295166015625
2013-03-22,124.11865997314453
2013-03-25,123.60012817382812
2013-03-26,124.58930206298828
2013-03-27,124.58930206298828
2013-03-28,124.97213745117188
2013-04-01,124.47762298583984
2013-04-02,125.09180450439453
2013-04-03,123.82349395751953
2013-04-04,124.32603454589844
2013-04-05,123.76766204833984
2013-04-08,124.6052474975586
2013-04-09,125.03596496582031
2013-04-10,126.5675048828125
2013-04-11,126.98228454589844
2013-04-12,126.67121887207031
2013-04-15,123.73579406738281
2013-04-16,125.56244659423828
2013-04-17,123.7278060913086
2013-04-18,122.95402526855469
2013-04-19,124.0229263305664
2013-04-22,124.57332611083984
2013-04-23,125.85758972167969
2013-04-24,125.9373550415039
2013-04-25,126.4478530883789
2013-04-26,126.22445678710938
2013-04-29,127.07007598876953
2013-04-30,127.37315368652344
2013-05-01,126.25638580322266
2013-05-02,127.42900085449219
2013-05-03,128.7212371826172
2013-05-06,129.0482940673828
2013-05-07,129.70242309570312
2013-05-08,130.2926483154297
2013-05-09,129.9257049560547
2013-05-10,130.3484649658203
2013-05-13,130.45220947265625
2013-05-14,131.80026245117188
2013-05-15,132.5102081298828
2013-05-16,131.8880157470703
2013-05-17,133.16427612304688
2013-05-20,133.15634155273438
2013-05-21,133.34776306152344
2013-05-22,132.35867309570312
2013-05-23,131.97572326660156
2013-05-24,131.86407470703125
2013-05-28,132.65380859375
2013-05-29,131.79229736328125
2013-05-30,132.2788543701172
2013-05-31,130.38043212890625
2013-06-03,131.09829711914062
2013-06-04,130.46812438964844
2013-06-05,128.64154052734375
2013-06-06,129.80606079101562
2013-06-07,131.45730590820312
2013-06-10,131.45730590820312
2013-06-11,130.10118103027344
2013-06-12,129.02432250976562
2013-06-13,130.9866180419922
2013-06-14,130.16500854492188
2013-06-17,131.17010498046875
2013-06-18,132.20709228515625
2013-06-19,130.38043212890625
2013-06-20,127.14988708496094
2013-06-21,127.55801391601562
2013-06-24,125.94618225097656
2013-06-25,127.1570816040039
2013-06-26,128.41600036621094
2013-06-27,129.1697998046875
2013-06-28,128.64047241210938
2013-07-01,129.3943328857422
2013-07-02,129.27401733398438
2013-07-03,129.33021545410156
2013-07-05,130.72547912597656
2013-07-08,131.47122192382812
2013-07-09,132.41744995117188
2013-07-10,132.46559143066406
2013-07-11,134.26986694335938
2013-07-12,134.32598876953125
2013-07-15,134.83917236328125
2013-07-16,134.33401489257812
2013-07-17,134.6788787841797
2013-07-18,135.41656494140625
2013-07-19,135.6571807861328
2013-07-22,135.92173767089844
2013-07-23,135.63308715820312
2013-07-24,135.13587951660156
2013-07-25,135.46469116210938
2013-07-26,135.6090545654297
2013-07-29,135.1920623779297
2013-07-30,135.1920623779297
2013-07-31,135.28831481933594
2013-08-01,136.85198974609375
2013-08-02,137.08453369140625
2013-08-05,136.88401794433594
2013-08-06,136.10623168945312
2013-08-07,135.66513061523438
2013-08-08,136.16232299804688
2013-08-09,135.76943969726562
2013-08-12,135.6090545654297
2013-08-13,136.01002502441406
2013-08-14,135.31231689453125
2013-08-15,133.41989135742188
2013-08-16,132.97879028320312
2013-08-19,132.12879943847656
2013-08-20,132.7783660888672
2013-08-21,131.9604034423828
2013-08-22,133.1632843017578
2013-08-23,133.61236572265625
2013-08-26,133.1151580810547
2013-08-27,130.9740447998047
2013-08-28,131.43917846679688
2013-08-29,131.6476287841797
2013-08-30,131.23068237304688
2013-09-03,131.82406616210938
2013-09-04,132.91464233398438
2013-09-05,133.08306884765625
2013-09-06,133.14720153808594
2013-09-09,134.42225646972656
2013-09-10,135.41656494140625
2013-09-11,135.84164428710938
2013-09-12,135.48074340820312
2013-09-13,135.785400390625
2013-09-16,136.57135009765625
2013-09-17,137.18077087402344
2013-09-18,138.7685089111328
2013-09-19,138.53594970703125
2013-09-20,137.5674285888672
2013-09-23,136.93075561523438
2013-09-24,136.60842895507812
2013-09-25,136.21363830566406
2013-09-26,136.73741149902344
2013-09-27,136.10890197753906
2013-09-30,135.3836212158203
2013-10-01,136.4553985595703
2013-10-02,136.32643127441406
2013-10-03,135.0693817138672
2013-10-04,136.0927734375
2013-10-07,134.916259765625
2013-10-08,133.3449249267578
2013-10-09,133.44166564941406
2013-10-10,136.3184051513672
2013-10-11,137.1967315673828
2013-10-14,137.7446746826172
2013-10-15,136.74545288085938
2013-10-16,138.6552276611328
2013-10-17,139.5818634033203
2013-10-18,140.5247039794922
2013-10-21,140.53274536132812
2013-10-22,141.34657287597656
2013-10-23,140.66976928710938
2013-10-24,141.13710021972656
2013-10-25,141.78173828125
2013-10-28,142.00738525390625
2013-10-29,142.7648468017578
2013-10-30,142.0557098388672
2013-10-31,141.65274047851562
2013-11-01,141.9912872314453
2013-11-04,142.49090576171875
2013-11-05,142.03961181640625
2013-11-06,142.7648468017578
2013-11-07,140.95982360839844
2013-11-08,142.86158752441406
2013-11-11,142.8857421875
2013-11-12,142.59564208984375
2013-11-13,143.73985290527344
2013-11-14,144.45704650878906
2013-11-15,145.08554077148438
2013-11-18,144.5779266357422
2013-11-19,144.26365661621094
2013-11-20,143.81234741210938
2013-11-21,144.9727325439453
2013-11-22,145.69798278808594
2013-11-25,145.55294799804688
2013-11-26,145.59323120117188
2013-11-27,145.94772338867188
2013-11-29,145.85116577148438
2013-12-02,145.4723358154297
2013-12-03,144.8438720703125
2013-12-04,144.8277130126953
2013-12-05,144.1911163330078
2013-12-06,145.80276489257812
2013-12-09,146.17344665527344
2013-12-10,145.64964294433594
2013-12-11,144.0138397216797
2013-12-12,143.53842163085938
2013-12-13,143.5222930908203
2013-12-16,144.416748046875
2013-12-17,143.9574432373047
2013-12-18,146.4151611328125
2013-12-19,146.24594116210938
2013-12-20,147.09664916992188
2013-12-23,147.8824920654297
2013-12-24,148.20655822753906
2013-12-26,148.96011352539062
2013-12-27,148.95191955566406
2013-12-30,148.92758178710938
2013-12-31,149.63247680664062
2014-01-02,148.198486328125
2014-01-03,148.17410278320312
2014-01-06,147.74478149414062
2014-01-07,148.65216064453125
2014-01-08,148.68460083007812
2014-01-09,148.78182983398438
2014-01-10,149.1868896484375
2014-01-13,147.2019805908203
2014-01-14,148.80612182617188
2014-01-15,149.60816955566406
2014-01-16,149.41380310058594
2014-01-17,148.78182983398438
2014-01-21,149.21929931640625
2014-01-22,149.3165283203125
2014-01-23,148.0931396484375
2014-01-24,144.93348693847656
2014-01-27,144.2205047607422
2014-01-28,145.07925415039062
2014-01-29,143.68572998046875
2014-01-30,145.20892333984375
2014-01-31,144.3582000732422
2014-02-03,141.10940551757812
2014-02-04,142.09774780273438
2014-02-05,141.91961669921875
2014-02-06,143.7910919189453
2014-02-07,145.57350158691406
2014-02-10,145.84083557128906
2014-02-11,147.43692016601562
2014-02-12,147.50985717773438
2014-02-13,148.27134704589844
2014-02-14,149.0896759033203
2014-02-18,149.2679443359375
2014-02-19,148.27947998046875
2014-02-20,149.15447998046875
2014-02-21,148.98434448242188
2014-02-24,149.810791015625
2014-02-25,149.7540283203125
2014-02-26,149.7620849609375
2014-02-27,150.5479736328125
2014-02-28,150.92877197265625
2014-03-03,149.867431640625
2014-03-04,151.97393798828125
2014-03-05,152.1116180419922
2014-03-06,152.4600372314453
2014-03-07,152.5248565673828
2014-03-10,152.44384765625
2014-03-11,151.69036865234375
2014-03-12,151.73089599609375
2014-03-13,150.0294952392578
2014-03-14,149.60816955566406
2014-03-17,150.96119689941406
2014-03-18,152.0387725830078
2014-03-19,151.22854614257812
2014-03-20,152.1116180419922
2014-03-21,151.52163696289062
2014-03-24,150.89512634277344
2014-03-25,151.6112060546875
2014-03-26,150.520751953125
2014-03-27,150.20333862304688
2014-03-28,150.94390869140625
2014-03-31,152.18081665039062
2014-04-01,153.18983459472656
2014-04-02,153.7025604248047
2014-04-03,153.49913024902344
2014-04-04,151.68441772460938
2014-04-07,150.00802612304688
2014-04-08,150.6265411376953
2014-04-09,152.24594116210938
2014-04-10,149.0478515625
2014-04-11,147.7051544189453
2014-04-14,148.86880493164062
2014-04-15,149.89410400390625
2014-04-16,151.46473693847656
2014-04-17,151.67628479003906
2014-04-21,152.20521545410156
2014-04-22,152.89694213867188
2014-04-23,152.53887939453125
2014-04-24,152.8480987548828
2014-04-25,151.59494018554688
2014-04-28,152.07504272460938
2014-04-29,152.7830047607422
2014-04-30,153.23870849609375
2014-05-01,153.2550048828125
2014-05-02,153.0352783203125
2014-05-05,153.32826232910156
2014-05-06,151.9936065673828
2014-05-07,152.88880920410156
2014-05-08,152.7260284423828
2014-05-09,152.9539031982422
2014-05-12,154.44309997558594
2014-05-13,154.5814208984375
2014-05-14,153.8490447998047
2014-05-15,152.4982147216797
2014-05-16,153.02711486816406
2014-05-19,153.58860778808594
2014-05-20,152.62030029296875
2014-05-21,153.9059600830078
2014-05-22,154.28030395507812
2014-05-23,154.89878845214844
2014-05-27,155.85086059570312
2014-05-28,155.7369384765625
2014-05-29,156.54258728027344
2014-05-30,156.7948455810547
2014-06-02,156.97384643554688
2014-06-03,156.89244079589844
2014-06-04,157.20986938476562
2014-06-05,158.23516845703125
2014-06-06,158.99195861816406
2014-06-09,159.1547393798828
2014-06-10,159.17103576660156
2014-06-11,158.61764526367188
2014-06-12,157.49459838867188
2014-06-13,157.9748077392578
2014-06-16,158.10498046875
2014-06-17,158.5443878173828
2014-06-18,159.70806884765625
2014-06-19,159.88711547851562
2014-06-20,160.21170043945312
2014-06-23,160.1626434326172
2014-06-24,159.1977996826172
2014-06-25,159.9173583984375
2014-06-26,159.80288696289062
2014-06-27,160.1136474609375
2014-06-30,160.0317840576172
2014-07-01,161.1029052734375
2014-07-02,161.26638793945312
2014-07-03,162.05963134765625
2014-07-07,161.49546813964844
2014-07-08,160.45701599121094
2014-07-09,161.17649841308594
2014-07-10,160.53878784179688
2014-07-11,160.75949096679688
2014-07-14,161.56907653808594
2014-07-15,161.26638793945312
2014-07-16,161.8634490966797
2014-07-17,160.02366638183594
2014-07-18,161.6590118408203
2014-07-21,161.35643005371094
2014-07-22,162.05963134765625
2014-07-23,162.4193878173828
2014-07-24,162.4275665283203
2014-07-25,161.66709899902344
2014-07-28,161.7325439453125
2014-07-29,161.03749084472656
2014-07-30,161.06204223632812
2014-07-31,157.88136291503906
2014-08-01,157.3990020751953
2014-08-04,158.5354766845703
2014-08-05,156.998291015625
2014-08-06,157.04736328125
2014-08-07,156.1969757080078
2014-08-08,158.00408935546875
2014-08-11,158.4619598388672
2014-08-12,158.24114990234375
2014-08-13,159.31228637695312
2014-08-14,160.0644989013672
2014-08-15,160.0317840576172
2014-08-18,161.37277221679688
2014-08-19,162.21495056152344
2014-08-20,162.6483612060547
2014-08-21,163.12258911132812
2014-08-22,162.8690948486328
2014-08-25,163.69491577148438
2014-08-26,163.80128479003906
2014-08-27,163.73583984375
2014-08-28,163.64585876464844
2014-08-29,164.11195373535156
2014-09-02,164.0301971435547
2014-09-03,163.9402313232422
2014-09-04,163.70310974121094
2014-09-05,164.4390106201172
2014-09-08,164.01382446289062
2014-09-09,162.97543334960938
2014-09-10,163.58863830566406
2014-09-11,163.7766876220703
2014-09-12,162.82005310058594
2014-09-15,162.69737243652344
2014-09-16,163.92391967773438
2014-09-17,164.14459228515625
2014-09-18,165.0194854736328
2014-09-19,164.8708038330078
2014-09-22,163.5975341796875
2014-09-23,162.6610565185547
2014-09-24,163.93435668945312
2014-09-25,161.28915405273438
2014-09-26,162.57069396972656
2014-09-29,162.27496337890625
2014-09-30,161.84776306152344
2014-10-01,159.65444946289062
2014-10-02,159.67913818359375
2014-10-03,161.43707275390625
2014-10-06,161.2481231689453
2014-10-07,158.759033203125
2014-10-08,161.5355987548828
2014-10-09,158.33187866210938
2014-10-10,156.52464294433594
2014-10-13,153.95338439941406
2014-10-14,154.19161987304688
2014-10-15,153.14828491210938
2014-10-16,153.0168914794922
2014-10-17,154.82412719726562
2014-10-20,156.32749938964844
2014-10-21,159.42445373535156
2014-10-22,158.29080200195312
2014-10-23,160.13092041015625
2014-10-24,161.36314392089844
2014-10-27,161.14134216308594
2014-10-28,162.98963928222656
2014-10-29,162.7432403564453
2014-10-30,163.78652954101562
2014-10-31,165.6595001220703
2014-11-03,165.7498016357422
2014-11-04,165.17481994628906
2014-11-05,166.2180633544922
2014-11-06,166.88345336914062
2014-11-07,167.03955078125
2014-11-10,167.56529235839844
2014-11-11,167.72964477539062
2014-11-12,167.54891967773438
2014-11-13,167.73782348632812
2014-11-14,167.77886962890625
2014-11-17,167.8856964111328
2014-11-18,168.85498046875
2014-11-19,168.58395385742188
2014-11-20,168.87966918945312
2014-11-21,169.7832794189453
2014-11-24,170.259765625
2014-11-25,170.13653564453125
2014-11-26,170.57192993164062
2014-11-28,170.21046447753906
2014-12-01,169.02757263183594
2014-12-02,170.12010192871094
2014-12-03,170.77731323242188
2014-12-04,170.5883331298828
2014-12-05,170.86766052246094
2014-12-08,169.72576904296875
2014-12-09,169.6107940673828
2014-12-10,166.8916473388672
2014-12-11,167.73782348632812
2014-12-12,165.02694702148438
2014-12-15,163.89329528808594
2014-12-16,162.57887268066406
2014-12-17,165.76625061035156
2014-12-18,169.86546325683594
2014-12-19,170.58822631835938
2014-12-22,171.37289428710938
2014-12-23,171.60421752929688
2014-12-24,171.62074279785156
2014-12-26,172.17416381835938
2014-12-29,172.40541076660156
2014-12-30,171.48028564453125
2014-12-31,169.77867126464844
2015-01-02,169.68785095214844
2015-01-05,166.62335205078125
2015-01-06,165.05393981933594
2015-01-07,167.1107177734375
2015-01-08,170.07611083984375
2015-01-09,168.71311950683594
2015-01-12,167.39151000976562
2015-01-13,166.920654296875
2015-01-14,165.9129638671875
2015-01-15,164.3931121826172
2015-01-16,166.54896545410156
2015-01-20,166.90415954589844
2015-01-21,167.7467041015625
2015-01-22,170.24127197265625
2015-01-23,169.307861328125
2015-01-26,169.70437622070312
2015-01-27,167.46585083007812
2015-01-28,165.31825256347656
2015-01-29,166.8463592529297
2015-01-30,164.74826049804688
2015-02-02,166.78857421875
2015-02-03,169.20053100585938
2015-02-04,168.5562286376953
2015-02-05,170.2577667236328
2015-02-06,169.7869415283203
2015-02-09,169.0270538330078
2015-02-10,170.82772827148438
2015-02-11,170.9268798828125
2015-02-12,172.57061767578125
2015-02-13,173.28097534179688
2015-02-17,173.55360412597656
2015-02-18,173.5701141357422
2015-02-19,173.4461669921875
2015-02-20,174.48696899414062
2015-02-23,174.46218872070312
2015-02-24,174.95779418945312
2015-02-25,174.80914306640625
2015-02-26,174.60260009765625
2015-02-27,174.00791931152344
2015-03-02,175.1064910888672
2015-03-03,174.3878936767578
2015-03-04,173.65272521972656
2015-03-05,173.84263610839844
2015-03-06,171.39773559570312
2015-03-09,172.10806274414062
2015-03-10,169.3162078857422
2015-03-11,168.91964721679688
2015-03-12,171.06732177734375
2015-03-13,170.01824951171875
2015-03-16,172.28977966308594
2015-03-17,171.77767944335938
2015-03-18,173.84263610839844
2015-03-19,173.04971313476562
2015-03-20,174.57723999023438
2015-03-23,174.23704528808594
2015-03-24,173.25799560546875
2015-03-25,170.7191162109375
2015-03-26,170.31253051757812
2015-03-27,170.70248413085938
2015-03-30,172.78504943847656
2015-03-31,171.2749786376953
2015-04-01,170.66929626464844
2015-04-02,171.2833251953125
2015-04-06,172.43658447265625
2015-04-07,171.98020935058594
2015-04-08,172.56103515625
2015-04-09,173.3243865966797
2015-04-10,174.27024841308594
2015-04-13,173.4819793701172
2015-04-14,173.8138885498047
2015-04-15,174.59381103515625
2015-04-16,174.54400634765625
2015-04-17,172.53611755371094
2015-04-20,174.11257934570312
2015-04-21,173.9051971435547
2015-04-22,174.759765625
2015-04-23,175.19944763183594
2015-04-24,175.60604858398438
2015-04-27,174.87588500976562
2015-04-28,175.43179321289062
2015-04-29,174.70994567871094
2015-04-30,172.9592742919922
2015-05-01,174.8343963623047
2015-05-04,175.33221435546875
2015-05-05,173.3243865966797
2015-05-06,172.61083984375
2015-05-07,173.29940795898438
2015-05-08,175.58111572265625
2015-05-11,174.7431182861328
2015-05-12,174.22042846679688
2015-05-13,174.25367736816406
2015-05-14,176.07066345214844
2015-05-15,176.26153564453125
2015-05-18,176.80909729003906
2015-05-19,176.7510223388672
2015-05-20,176.6265411376953
2015-05-21,177.14096069335938
2015-05-22,176.7177734375
2015-05-26,174.81781005859375
2015-05-27,176.4772491455078
2015-05-28,176.27809143066406
2015-05-29,175.18289184570312
2015-06-01,175.53965759277344
2015-06-02,175.3654022216797
2015-06-03,175.8300323486328
2015-06-04,174.34487915039062
2015-06-05,174.0461883544922
2015-06-08,172.9758758544922
2015-06-09,172.95101928710938
2015-06-10,175.02525329589844
2015-06-11,175.5894317626953
2015-06-12,174.2453155517578
2015-06-15,173.49862670898438
2015-06-16,174.44442749023438
2015-06-17,174.72659301757812
2015-06-18,176.54360961914062
2015-06-19,175.75990295410156
2015-06-22,176.6603546142578
2015-06-23,176.78538513183594
2015-06-24,175.50143432617188
2015-06-25,174.96780395507812
2015-06-26,174.93447875976562
2015-06-29,171.2660369873047
2015-06-30,171.62454223632812
2015-07-01,173.0001983642578
2015-07-02,172.84181213378906
2015-07-06,172.3499298095703
2015-07-07,173.4337921142578
2015-07-08,170.52395629882812
2015-07-09,170.83248901367188
2015-07-10,172.98355102539062
2015-07-13,174.89280700683594
2015-07-14,175.65147399902344
2015-07-15,175.59310913085938
2015-07-16,177.00213623046875
2015-07-17,177.1522216796875
2015-07-20,177.24395751953125
2015-07-21,176.54359436035156
2015-07-22,176.22677612304688
2015-07-23,175.23463439941406
2015-07-24,173.4171142578125
2015-07-27,172.40826416015625
2015-07-28,174.52593994140625
2015-07-29,175.72653198242188
2015-07-30,175.76824951171875
2015-07-31,175.50143432617188
2015-08-03,174.9094696044922
2015-08-04,174.56768798828125
2015-08-05,175.14300537109375
2015-08-06,173.70887756347656
2015-08-07,173.37538146972656
2015-08-10,175.5597686767578
2015-08-11,173.97564697265625
2015-08-12,174.18411254882812
2015-08-13,173.96734619140625
2015-08-14,174.6010284423828
2015-08-17,175.5764923095703
2015-08-18,175.06787109375
2015-08-19,173.68385314941406
2015-08-20,170.05712890625
2015-08-21,164.93798828125
2015-08-24,157.99295043945312
2015-08-25,156.13375854492188
2015-08-26,162.12831115722656
2015-08-27,166.1385955810547
2015-08-28,166.14686584472656
2015-08-31,164.80458068847656
2015-09-01,159.88555908203125
2015-09-02,162.9203338623047
2015-09-03,163.0370635986328
2015-09-04,160.5691680908203
2015-09-08,164.60450744628906
2015-09-09,162.40338134765625
2015-09-10,163.2871551513672
2015-09-11,164.02920532226562
2015-09-14,163.4206085205078
2015-09-15,165.46324157714844
2015-09-16,166.89724731445312
2015-09-17,166.52212524414062
2015-09-18,163.80088806152344
2015-09-21,164.64736938476562
2015-09-22,162.51026916503906
2015-09-23,162.25045776367188
2015-09-24,161.66378784179688
2015-09-25,161.62188720703125
2015-09-28,157.56564331054688
2015-09-29,157.65777587890625
2015-09-30,160.59942626953125
2015-10-01,161.01852416992188
2015-10-02,163.42373657226562
2015-10-05,166.33187866210938
2015-10-06,165.761962890625
2015-10-07,167.11961364746094
2015-10-08,168.628173828125
2015-10-09,168.7287139892578
2015-10-12,168.88796997070312
2015-10-13,167.8236083984375
2015-10-14,167.01907348632812
2015-10-15,169.5835418701172
2015-10-16,170.35459899902344
2015-10-19,170.4384002685547
2015-10-20,170.2205047607422
2015-10-21,169.16452026367188
2015-10-22,172.02230834960938
2015-10-23,173.9080352783203
2015-10-26,173.4805450439453
2015-10-27,173.14537048339844
2015-10-28,175.1148681640625
2015-10-29,175.01425170898438
2015-10-30,174.2599334716797
2015-11-02,176.3216552734375
2015-11-03,176.8328857421875
2015-11-04,176.29644775390625
2015-11-05,176.1204833984375
2015-11-06,176.02825927734375
2015-11-09,174.38568115234375
2015-11-10,174.78794860839844
2015-11-11,174.10073852539062
2015-11-12,171.6703643798828
2015-11-13,169.7427520751953
2015-11-16,172.32406616210938
2015-11-17,172.1983642578125
2015-11-18,174.93038940429688
2015-11-19,174.7796173095703
2015-11-20,175.41647338867188
2015-11-23,175.2154083251953
2015-11-24,175.45005798339844
2015-11-25,175.42489624023438
2015-11-27,175.6260223388672
2015-11-30,174.89688110351562
2015-12-01,176.56463623046875
2015-12-02,174.76280212402344
2015-12-03,172.31570434570312
2015-12-04,175.6763153076172
2015-12-07,174.61196899414062
2015-12-08,173.43865966796875
2015-12-09,172.08932495117188
2015-12-10,172.53363037109375
2015-12-11,169.1896209716797
2015-12-14,170.04446411132812
2015-12-15,171.82955932617188
2015-12-16,174.3437957763672
2015-12-17,171.68711853027344
2015-12-18,168.62852478027344
2015-12-21,170.01956176757812
2015-12-22,171.5623779296875
2015-12-23,173.6868438720703
2015-12-24,173.400146484375
2015-12-28,173.00396728515625
2015-12-29,174.8502655029297
2015-12-30,173.6110382080078
2015-12-31,171.87420654296875
2016-01-04,169.47152709960938
2016-01-05,169.75820922851562
2016-01-06,167.61688232421875
2016-01-07,163.5955047607422
2016-01-08,161.7997283935547
2016-01-11,161.9599151611328
2016-01-12,163.2666778564453
2016-01-13,159.1946563720703
2016-01-14,161.80816650390625
2016-01-15,158.33473205566406
2016-01-19,158.5455322265625
2016-01-20,156.51373291015625
2016-01-21,157.39048767089844
2016-01-22,160.6194305419922
2016-01-25,158.19142150878906
2016-01-26,160.34962463378906
2016-01-27,158.6045684814453
2016-01-28,159.4307098388672
2016-01-29,163.31719970703125
2016-02-01,163.2581787109375
2016-02-02,160.31590270996094
2016-02-03,161.27699279785156
2016-02-04,161.5299835205078
2016-02-05,158.4527587890625
2016-02-08,156.31980895996094
2016-02-09,156.32827758789062
2016-02-10,156.19337463378906
2016-02-11,154.16162109375
2016-02-12,157.33990478515625
2016-02-16,159.99554443359375
2016-02-17,162.6090545654297
2016-02-18,161.94302368164062
2016-02-19,161.86720275878906
2016-02-22,164.2108917236328
2016-02-23,162.13699340820312
2016-02-24,162.87884521484375
2016-02-25,164.85162353515625
2016-02-26,164.47222900390625
2016-02-29,163.18235778808594
2016-03-01,167.01829528808594
2016-03-02,167.76861572265625
2016-03-03,168.4261932373047
2016-03-04,168.97412109375
2016-03-07,169.1090087890625
2016-03-08,167.26271057128906
2016-03-09,168.08892822265625
2016-03-10,168.2238006591797
2016-03-11,170.93844604492188
2016-03-14,170.7192840576172
2016-03-15,170.44105529785156
2016-03-16,171.42739868164062
2016-03-17,172.51498413085938
2016-03-18,173.19290161132812
2016-03-21,173.43865966796875
2016-03-22,173.34542846679688
2016-03-23,172.20144653320312
2016-03-24,172.12522888183594
2016-03-28,172.2268829345703
2016-03-29,173.81997680664062
2016-03-30,174.58267211914062
2016-03-31,174.1589813232422
2016-04-01,175.34532165527344
2016-04-04,174.7775421142578
2016-04-05,173.03189086914062
2016-04-06,174.92164611816406
2016-04-07,172.82852172851562
2016-04-08,173.29466247558594
2016-04-11,172.88780212402344
2016-04-12,174.49790954589844
2016-04-13,176.26052856445312
2016-04-14,176.26898193359375
2016-04-15,176.07408142089844
2016-04-18,177.31134033203125
2016-04-19,177.87059020996094
2016-04-20,178.04006958007812
2016-04-21,177.08248901367188
2016-04-22,177.08248901367188
2016-04-25,176.77743530273438
2016-04-26,177.0401611328125
2016-04-27,177.404541015625
2016-04-28,175.79444885253906
2016-04-29,174.8453369140625
2016-05-02,176.23507690429688
2016-05-03,174.7013397216797
2016-05-04,173.72683715820312
2016-05-05,173.69285583496094
2016-05-06,174.32846069335938
2016-05-09,174.47247314453125
2016-05-10,176.641845703125
2016-05-11,174.98941040039062
2016-05-12,175.0402374267578
2016-05-13,173.51492309570312
2016-05-16,175.2266845703125
2016-05-17,173.59120178222656
2016-05-18,173.64207458496094
2016-05-19,173.0403594970703
2016-05-20,174.13352966308594
2016-05-23,173.89627075195312
2016-05-24,176.15032958984375
2016-05-25,177.34519958496094
2016-05-26,177.39608764648438
2016-05-27,178.15872192382812
2016-05-31,177.81976318359375
2016-06-01,178.18414306640625
2016-06-02,178.72647094726562
2016-06-03,178.19259643554688
2016-06-06,179.09933471679688
2016-06-07,179.37896728515625
2016-06-08,179.9636688232422
2016-06-09,179.71795654296875
2016-06-10,178.0146484375
2016-06-13,176.641845703125
2016-06-14,176.29440307617188
2016-06-15,176.04867553710938
2016-06-16,176.57406616210938
2016-06-17,175.91651916503906
2016-06-20,177.04934692382812
2016-06-21,177.55194091796875
2016-06-22,177.2623291015625
2016-06-23,179.57078552246094
2016-06-24,173.12252807617188
2016-06-27,170.02194213867188
2016-06-28,173.08837890625
2016-06-29,176.0357208251953
2016-06-30,178.43785095214844
2016-07-01,178.81260681152344
2016-07-05,177.52639770507812
2016-07-06,178.5911407470703
2016-07-07,178.4804229736328
2016-07-08,181.13807678222656
2016-07-11,181.77699279785156
2016-07-12,183.0972137451172
2016-07-13,183.07167053222656
2016-07-14,184.0938720703125
2016-07-15,183.84678649902344
2016-07-18,184.3408966064453
2016-07-19,184.15354919433594
2016-07-20,184.9201202392578
2016-07-21,184.22161865234375
2016-07-22,185.04788208007812
2016-07-25,184.54534912109375
2016-07-26,184.63050842285156
2016-07-27,184.4346160888672
2016-07-28,184.64756774902344
2016-07-29,184.94564819335938
2016-08-01,184.79237365722656
2016-08-02,183.60833740234375
2016-08-03,184.14495849609375
2016-08-04,184.3408966064453
2016-08-05,185.84860229492188
2016-08-08,185.73788452148438
2016-08-09,185.84860229492188
2016-08-10,185.38864135742188
2016-08-11,186.24899291992188
2016-08-12,186.08709716796875
2016-08-15,186.62374877929688
2016-08-16,185.6612091064453
2016-08-17,186.0104522705078
2016-08-18,186.42787170410156
2016-08-19,186.15524291992188
2016-08-22,186.14675903320312
2016-08-23,186.52154541015625
2016-08-24,185.56752014160156
2016-08-25,185.4397735595703
2016-08-26,185.09051513671875
2016-08-29,186.00193786621094
2016-08-30,185.6952667236328
2016-08-31,185.16714477539062
2016-09-01,185.17568969726562
2016-09-02,186.0104522705078
2016-09-06,186.57264709472656
2016-09-07,186.5556182861328
2016-09-08,186.1297149658203
2016-09-09,181.6747283935547
2016-09-12,184.28128051757812
2016-09-13,181.6321258544922
2016-09-14,181.56398010253906
2016-09-15,183.3783416748047
2016-09-16,182.66946411132812
2016-09-19,182.70375061035156
2016-09-20,182.7122802734375
2016-09-21,184.7669677734375
2016-09-22,185.93125915527344
2016-09-23,184.9125213623047
2016-09-26,183.41429138183594
2016-09-27,184.55291748046875
2016-09-28,185.468994140625
2016-09-29,183.79100036621094
2016-09-30,185.1779022216797
2016-10-03,184.73268127441406
2016-10-04,183.79100036621094
2016-10-05,184.6043243408203
2016-10-06,184.73268127441406
2016-10-07,184.09921264648438
2016-10-10,185.05807495117188
2016-10-11,182.7209014892578
2016-10-12,182.96055603027344
2016-10-13,182.3612823486328
2016-10-14,182.45542907714844
2016-10-17,181.82191467285156
2016-10-18,182.96055603027344
2016-10-19,183.4485626220703
2016-10-20,183.1060791015625
2016-10-21,183.19168090820312
2016-10-24,183.9707489013672
2016-10-25,183.35435485839844
2016-10-26,182.98626708984375
2016-10-27,182.49822998046875
2016-10-28,181.95889282226562
2016-10-31,181.96746826171875
2016-11-01,180.64906311035156
2016-11-02,179.56182861328125
2016-11-03,178.73988342285156
2016-11-04,178.5430450439453
2016-11-07,182.4811248779297
2016-11-08,183.302978515625
2016-11-09,185.2464141845703
2016-11-10,185.70867919921875
2016-11-11,185.2806396484375
2016-11-14,185.42616271972656
2016-11-15,186.8730010986328
2016-11-16,186.5220184326172
2016-11-17,187.4808349609375
2016-11-18,187.06134033203125
2016-11-21,188.47398376464844
2016-11-22,188.84210205078125
2016-11-23,188.94479370117188
2016-11-25,189.64678955078125
2016-11-28,188.75648498535156
2016-11-29,189.12461853027344
2016-11-30,188.67083740234375
2016-12-01,187.97744750976562
2016-12-02,188.07156372070312
2016-12-05,189.20162963867188
2016-12-06,189.80091857910156
2016-12-07,192.28367614746094
2016-12-08,192.75450134277344
2016-12-09,193.91885375976562
2016-12-12,193.6962890625
2016-12-13,194.98904418945312
2016-12-14,193.3794708251953
2016-12-15,194.1757049560547
2016-12-16,193.79592895507812
2016-12-19,194.21788024902344
2016-12-20,194.96710205078125
2016-12-21,194.424560546875
2016-12-22,194.0886993408203
2016-12-23,194.37290954589844
2016-12-27,194.85513305664062
2016-12-28,193.2447967529297
2016-12-29,193.20167541503906
2016-12-30,192.49560546875
2017-01-03,193.9681854248047
2017-01-04,195.12208557128906
2017-01-05,194.96710205078125
2017-01-06,195.6646270751953
2017-01-09,195.018798828125
2017-01-10,195.018798828125
2017-01-11,195.5699005126953
2017-01-12,195.0790557861328
2017-01-13,195.52679443359375
2017-01-17,194.8379364013672
2017-01-18,195.26844787597656
2017-01-19,194.5451202392578
2017-01-20,195.25987243652344
2017-01-23,194.7517852783203
2017-01-24,196.00048828125
2017-01-25,197.69699096679688
2017-01-26,197.4902801513672
2017-01-27,197.18028259277344
2017-01-30,195.95745849609375
2017-01-31,195.940185546875
2017-02-01,196.0177459716797
2017-02-02,196.14691162109375
2017-02-03,197.4989013671875
2017-02-06,197.14584350585938
2017-02-07,197.15443420410156
2017-02-08,197.41281127929688
2017-02-09,198.583984375
2017-02-10,199.36764526367188
2017-02-13,200.45269775390625
2017-02-14,201.25355529785156
2017-02-15,202.30421447753906
2017-02-16,202.13194274902344
2017-02-17,202.45054626464844
2017-02-21,203.65625
2017-02-22,203.47537231445312
2017-02-23,203.61314392089844
2017-02-24,203.87152099609375
2017-02-27,204.19012451171875
2017-02-28,203.6389923095703
2017-03-01,206.48944091796875
2017-03-02,205.1890869140625
2017-03-03,205.31829833984375
2017-03-06,204.70684814453125
2017-03-07,204.0954132080078
2017-03-08,203.7165069580078
2017-03-09,203.974853515625
2017-03-10,204.68959045410156
2017-03-13,204.79295349121094
2017-03-14,204.00933837890625
2017-03-15,205.774658203125
2017-03-16,205.3699493408203
2017-03-17,205.00926208496094
2017-03-20,204.78439331054688
2017-03-21,202.15505981445312
2017-03-22,202.63075256347656
2017-03-23,202.41452026367188
2017-03-24,202.26751708984375
2017-03-27,202.05992126464844
2017-03-28,203.53028869628906
2017-03-29,203.7205352783203
2017-03-30,204.36923217773438
2017-03-31,203.89352416992188
2017-04-03,203.53892517089844
2017-04-04,203.66867065429688
2017-04-05,203.06320190429688
2017-04-06,203.63406372070312
2017-04-07,203.4264678955078
2017-04-10,203.5475616455078
2017-04-11,203.30540466308594
2017-04-12,202.41452026367188
2017-04-13,201.09986877441406
2017-04-17,202.88157653808594
2017-04-18,202.276123046875
2017-04-19,201.90428161621094
2017-04-20,203.5475616455078
2017-04-21,202.89889526367188
2017-04-24,205.13034057617188
2017-04-25,206.32395935058594
2017-04-26,206.19415283203125
2017-04-27,206.3671417236328
2017-04-28,205.9174346923828
2017-05-01,206.4364013671875
2017-05-02,206.51422119140625
2017-05-03,206.26339721679688
2017-05-04,206.50555419921875
2017-05-05,207.318603515625
2017-05-08,207.283935546875
2017-05-09,207.09371948242188
2017-05-10,207.4656219482422
2017-05-11,207.04176330566406
2017-05-12,206.69578552246094
2017-05-15,207.8375244140625
2017-05-16,207.6472625732422
2017-05-17,203.96275329589844
2017-05-18,204.78439331054688
2017-05-19,206.1163787841797
2017-05-22,207.16287231445312
2017-05-23,207.62127685546875
2017-05-24,208.10560607910156
2017-05-25,209.10025024414062
2017-05-26,209.05702209472656
2017-05-30,208.87539672851562
2017-05-31,208.8235321044922
2017-06-01,210.484130859375
2017-06-02,211.18472290039062
2017-06-05,211.02902221679688
2017-06-06,210.35446166992188
2017-06-07,210.74362182617188
2017-06-08,210.84738159179688
2017-06-09,210.52737426757812
2017-06-12,210.484130859375
2017-06-13,211.51341247558594
2017-06-14,211.24530029296875
2017-06-15,210.83871459960938
2017-06-16,210.8848419189453
2017-06-19,212.6404266357422
2017-06-20,211.2063446044922
2017-06-21,211.15428161621094
2017-06-22,211.0586700439453
2017-06-23,211.3107147216797
2017-06-26,211.44972229003906
2017-06-27,209.74627685546875
2017-06-28,211.62355041503906
2017-06-29,209.7636260986328
2017-06-30,210.15475463867188
2017-07-03,210.5111083984375
2017-07-05,210.997802734375
2017-07-06,209.06838989257812
2017-07-07,210.4241943359375
2017-07-10,210.65013122558594
2017-07-11,210.49374389648438
2017-07-12,212.0755157470703
2017-07-13,212.43185424804688
2017-07-14,213.42269897460938
2017-07-17,213.39657592773438
2017-07-18,213.509521484375
2017-07-19,214.66551208496094
2017-07-20,214.76107788085938
2017-07-21,214.56993103027344
2017-07-24,214.5177459716797
2017-07-25,215.03924560546875
2017-07-26,215.04791259765625
2017-07-27,214.84799194335938
2017-07-28,214.5960235595703
2017-07-31,214.4742889404297
2017-08-01,214.9523468017578
2017-08-02,215.0565948486328
2017-08-03,214.6394500732422
2017-08-04,215.03053283691406
2017-08-07,215.43032836914062
2017-08-08,214.9001922607422
2017-08-09,214.89154052734375
2017-08-10,211.8582305908203
2017-08-11,212.17111206054688
2017-08-14,214.27438354492188
2017-08-15,214.24835205078125
2017-08-16,214.6220703125
2017-08-17,211.27587890625
2017-08-18,210.94570922851562
2017-08-21,211.11074829101562
2017-08-22,213.31834411621094
2017-08-23,212.55352783203125
2017-08-24,212.05816650390625
2017-08-25,212.55352783203125
2017-08-28,212.56222534179688
2017-08-29,212.80557250976562
2017-08-30,213.8137969970703
2017-08-31,215.10006713867188
2017-09-01,215.4042510986328
2017-09-05,213.8572540283203
2017-09-06,214.5872802734375
2017-09-07,214.5612335205078
2017-09-08,214.30914306640625
2017-09-11,216.594970703125
2017-09-12,217.32504272460938
2017-09-13,217.42933654785156
2017-09-14,217.35980224609375
2017-09-15,217.65237426757812
2017-09-18,218.1153106689453
2017-09-19,218.33370971679688
2017-09-20,218.41232299804688
2017-09-21,217.82708740234375
2017-09-22,217.87078857421875
2017-09-25,217.42532348632812
2017-09-26,217.55636596679688
2017-09-27,218.403564453125
2017-09-28,218.66561889648438
2017-09-29,219.4342498779297
2017-10-02,220.3863067626953
2017-10-03,220.85794067382812
2017-10-04,221.11996459960938
2017-10-05,222.4300994873047
2017-10-06,222.1768341064453
2017-10-09,221.8099822998047
2017-10-10,222.3951873779297
2017-10-11,222.74452209472656
2017-10-12,222.4126739501953
2017-10-13,222.68344116210938
2017-10-16,222.98037719726562
2017-10-17,223.13760375976562
2017-10-18,223.35595703125
2017-10-19,223.41712951660156
2017-10-20,224.57003784179688
2017-10-23,223.69656372070312
2017-10-24,224.08969116210938
2017-10-25,222.98037719726562
2017-10-26,223.26864624023438
2017-10-27,225.09410095214844
2017-10-30,224.25564575195312
2017-10-31,224.6050262451172
2017-11-01,224.90194702148438
2017-11-02,224.98931884765625
2017-11-03,225.74044799804688
2017-11-06,226.08982849121094
2017-11-07,225.9326171875
2017-11-08,226.31687927246094
2017-11-09,225.49591064453125
2017-11-10,225.426025390625
2017-11-13,225.6356964111328
2017-11-14,225.111572265625
2017-11-15,223.98483276367188
2017-11-16,225.88888549804688
2017-11-17,225.22512817382812
2017-11-20,225.60946655273438
2017-11-21,227.08554077148438
2017-11-22,226.88465881347656
2017-11-24,227.4087677001953
2017-11-27,227.29515075683594
2017-11-28,229.60101318359375
2017-11-29,229.46128845214844
2017-11-30,231.47030639648438
2017-12-01,230.98980712890625
2017-12-04,230.71038818359375
2017-12-05,229.88064575195312
2017-12-06,229.92420959472656
2017-12-07,230.64920043945312
2017-12-08,231.90692138671875
2017-12-11,232.6056365966797
2017-12-12,233.0162353515625
2017-12-13,232.9900665283203
2017-12-14,232.03802490234375
2017-12-15,233.97024536132812
2017-12-18,235.4539337158203
2017-12-19,234.54971313476562
2017-12-20,234.4266815185547
2017-12-21,234.9095458984375
2017-12-22,234.84814453125
2017-12-26,234.567138671875
2017-12-27,234.68136596679688
2017-12-28,235.1642608642578
2017-12-29,234.27748107910156
2018-01-02,235.9542999267578
2018-01-03,237.44676208496094
2018-01-04,238.44752502441406
2018-01-05,240.03656005859375
2018-01-08,240.47547912597656
2018-01-09,241.01974487304688
2018-01-10,240.65109252929688
2018-01-11,242.4068603515625
2018-01-12,243.9871063232422
2018-01-16,243.15313720703125
2018-01-17,245.47071838378906
2018-01-18,245.05813598632812
2018-01-19,246.1731719970703
2018-01-22,248.1746826171875
2018-01-23,248.7014923095703
2018-01-24,248.6049041748047
2018-01-25,248.7101287841797
2018-01-26,251.58981323242188
2018-01-29,249.9217071533203
2018-01-30,247.35826110839844
2018-01-31,247.48110961914062
2018-02-01,247.20030212402344
2018-02-02,241.81869506835938
2018-02-05,231.70523071289062
2018-02-06,236.27035522460938
2018-02-07,234.98866271972656
2018-02-08,226.17445373535156
2018-02-09,229.5719451904297
2018-02-12,232.943115234375
2018-02-13,233.5224609375
2018-02-14,236.6741180419922
2018-02-15,239.69419860839844
2018-02-16,239.76434326171875
2018-02-20,238.26316833496094
2018-02-21,237.0780029296875
2018-02-22,237.38522338867188
2018-02-23,241.16903686523438
2018-02-26,243.9695281982422
2018-02-27,240.9232177734375
2018-02-28,238.4826202392578
2018-03-01,235.0149688720703
2018-03-02,236.2264404296875
2018-03-05,238.95672607421875
2018-03-06,239.5625457763672
2018-03-07,239.47470092773438
2018-03-08,240.633544921875
2018-03-09,244.8211669921875
2018-03-12,244.513916015625
2018-03-13,242.93357849121094
2018-03-14,241.68701171875
2018-03-15,241.42367553710938
2018-03-16,241.68548583984375
2018-03-19,238.4153594970703
2018-03-20,238.8208465576172
2018-03-21,238.36248779296875
2018-03-22,232.40406799316406
2018-03-23,227.45050048828125
2018-03-26,233.67333984375
2018-03-27,229.6981201171875
2018-03-28,229.01939392089844
2018-03-29,231.9457244873047
2018-04-02,226.93922424316406
2018-04-03,229.84791564941406
2018-04-04,232.30711364746094
2018-04-05,234.1405029296875
2018-04-06,228.9224853515625
2018-04-09,230.05068969726562
2018-04-10,233.7085723876953
2018-04-11,232.48336791992188
2018-04-12,234.39608764648438
2018-04-13,233.7085723876953
2018-04-16,235.6300506591797
2018-04-17,238.15089416503906
2018-04-18,238.3272247314453
2018-04-19,237.0050811767578
2018-04-20,234.9954071044922
2018-04-23,234.96018981933594
2018-04-24,231.7958984375
2018-04-25,232.36878967285156
2018-04-26,234.7310333251953
2018-04-27,234.95135498046875
2018-04-30,233.1444854736328
2018-05-01,233.558837890625
2018-05-02,231.9898223876953
2018-05-03,231.47857666015625
2018-05-04,234.47537231445312
2018-05-07,235.2686767578125
2018-05-08,235.2686767578125
2018-05-09,237.542724609375
2018-05-10,239.76397705078125
2018-05-11,240.4955291748047
2018-05-14,240.61013793945312
2018-05-15,238.9530487060547
2018-05-16,239.95787048339844
2018-05-17,239.75511169433594
2018-05-18,239.15574645996094
2018-05-21,240.953857421875
2018-05-22,240.28399658203125
2018-05-23,240.94503784179688
2018-05-24,240.45147705078125
2018-05-25,239.87844848632812
2018-05-29,237.11961364746094
2018-05-30,240.28399658203125
2018-05-31,238.8120880126953
2018-06-01,241.15664672851562
2018-06-04,242.30250549316406
2018-06-05,242.47872924804688
2018-06-06,244.50587463378906
2018-06-07,244.47950744628906
2018-06-08,245.2023162841797
2018-06-11,245.52842712402344
2018-06-12,245.84573364257812
2018-06-13,245.06118774414062
2018-06-14,245.67825317382812
2018-06-15,245.36471557617188
2018-06-18,244.8602294921875
2018-06-19,243.9217071533203
2018-06-20,244.3378143310547
2018-06-21,242.80606079101562
2018-06-22,243.24874877929688
2018-06-25,239.93743896484375
2018-06-26,240.46859741210938
2018-06-27,238.4766387939453
2018-06-28,239.84011840820312
2018-06-29,240.18536376953125
2018-07-02,240.69886779785156
2018-07-03,239.84896850585938
2018-07-05,241.80555725097656
2018-07-06,243.850830078125
2018-07-09,246.04653930664062
2018-07-10,246.93202209472656
2018-07-11,245.12583923339844
2018-07-12,247.34805297851562
2018-07-13,247.54278564453125
2018-07-16,247.32156372070312
2018-07-17,248.3220672607422
2018-07-18,248.84434509277344
2018-07-19,247.90586853027344
2018-07-20,247.6225128173828
2018-07-23,248.08302307128906
2018-07-24,249.33128356933594
2018-07-25,251.4562225341797
2018-07-26,250.86302185058594
2018-07-27,249.16310119628906
2018-07-30,247.8616943359375
2018-07-31,249.0834503173828
2018-08-01,248.66734313964844
2018-08-02,250.0218963623047
2018-08-03,251.0931854248047
2018-08-06,252.01400756835938
2018-08-07,252.84629821777344
2018-08-08,252.74000549316406
2018-08-09,252.39474487304688
2018-08-10,250.70370483398438
2018-08-13,249.76516723632812
2018-08-14,251.35877990722656
2018-08-15,249.4818572998047
2018-08-16,251.5005645751953
2018-08-17,252.38587951660156
2018-08-20,252.9259490966797
2018-08-21,253.51919555664062
2018-08-22,253.36863708496094
2018-08-23,253.03221130371094
2018-08-24,254.55508422851562
2018-08-27,256.5648193359375
2018-08-28,256.6887512207031
2018-08-29,258.0700378417969
2018-08-30,257.0252380371094
2018-08-31,257.0341796875
2018-09-04,256.5914001464844
2018-09-05,255.90084838867188
2018-09-06,255.13055419921875
2018-09-07,254.63478088378906
2018-09-10,255.07740783691406
2018-09-11,255.9185791015625
2018-09-12,255.98052978515625
2018-09-13,257.4945373535156
2018-09-14,257.5388488769531
2018-09-17,256.17535400390625
2018-09-18,257.5653991699219
2018-09-19,257.8398132324219
2018-09-20,259.9293212890625
2018-09-21,259.6918640136719
2018-09-24,258.8291015625
2018-09-25,258.5890197753906
2018-09-26,257.8152160644531
2018-09-27,258.5356140136719
2018-09-28,258.5622863769531
2018-10-01,259.4605712890625
2018-10-02,259.30938720703125
2018-10-03,259.4517517089844
2018-10-04,257.423828125
2018-10-05,255.98309326171875
2018-10-08,255.98309326171875
2018-10-09,255.60955810546875
2018-10-10,247.5161590576172
2018-10-11,242.06417846679688
2018-10-12,245.4261016845703
2018-10-15,244.0475311279297
2018-10-16,249.38389587402344
2018-10-17,249.42832946777344
2018-10-18,245.82632446289062
2018-10-19,245.69285583496094
2018-10-22,244.59007263183594
2018-10-23,243.34486389160156
2018-10-24,235.97190856933594
2018-10-25,240.2053680419922
2018-10-26,235.9808349609375
2018-10-29,234.6733856201172
2018-10-30,238.15087890625
2018-10-31,240.69451904296875
2018-11-01,243.2560272216797
2018-11-02,241.81520080566406
2018-11-05,243.14926147460938
2018-11-06,244.6878662109375
2018-11-07,249.92636108398438
2018-11-08,249.4727783203125
2018-11-09,247.03590393066406
2018-11-12,242.41995239257812
2018-11-13,241.96636962890625
2018-11-14,240.31211853027344
2018-11-15,242.82015991210938
2018-11-16,243.45169067382812
2018-11-19,239.3337860107422
2018-11-20,234.90464782714844
2018-11-21,235.7051239013672
2018-11-23,234.1309051513672
2018-11-26,237.91082763671875
2018-11-27,238.71119689941406
2018-11-28,244.20751953125
2018-11-29,243.67398071289062
2018-11-30,245.1593475341797
2018-12-03,248.405517578125
2018-12-04,240.35655212402344
2018-12-06,239.99191284179688
2018-12-07,234.4154815673828
2018-12-10,234.86021423339844
2018-12-11,234.91354370117188
2018-12-12,236.09642028808594
2018-12-13,236.01638793945312
2018-12-14,231.6583709716797
2018-12-17,227.11361694335938
2018-12-18,226.86460876464844
2018-12-19,223.4670867919922
2018-12-20,219.82952880859375
2018-12-21,215.32533264160156
2018-12-24,209.63575744628906
2018-12-26,220.22764587402344
2018-12-27,221.91839599609375
2018-12-28,221.63214111328125
2018-12-31,223.5734100341797
2019-01-02,223.80596923828125
2019-01-03,218.46530151367188
2019-01-04,225.782958984375
2019-01-07,227.56320190429688
2019-01-08,229.70123291015625
2019-01-09,230.77474975585938
2019-01-10,231.5888214111328
2019-01-11,231.6782989501953
2019-01-14,230.2648162841797
2019-01-15,232.9038543701172
2019-01-16,233.46743774414062
2019-01-17,235.2386474609375
2019-01-18,238.3697052001953
2019-01-22,235.1492156982422
2019-01-23,235.64122009277344
2019-01-24,235.7664337158203
2019-01-25,237.7614288330078
2019-01-28,235.95431518554688
2019-01-29,235.64122009277344
2019-01-30,239.37161254882812
2019-01-31,241.4739227294922
2019-02-01,241.59017944335938
2019-02-04,243.2898406982422
2019-02-05,244.3097381591797
2019-02-06,243.98765563964844
2019-02-07,241.6617889404297
2019-02-08,241.95700073242188
2019-02-11,242.09109497070312
2019-02-12,245.204345703125
2019-02-13,246.00048828125
2019-02-14,245.4547882080078
2019-02-15,248.12957763671875
2019-02-19,248.55902099609375
2019-02-20,249.0599822998047
2019-02-21,248.1741943359375
2019-02-22,249.7129669189453
2019-02-25,250.05288696289062
2019-02-26,249.8740997314453
2019-02-27,249.7666015625
2019-02-28,249.3014373779297
2019-03-01,250.85813903808594
2019-03-04,249.9456329345703
2019-03-05,249.6056671142578
2019-03-06,248.09384155273438
2019-03-07,246.0183868408203
2019-03-08,245.5263671875
2019-03-11,249.08680725097656
2019-03-12,250.02610778808594
2019-03-13,251.68106079101562
2019-03-14,251.51998901367188
2019-03-15,252.76258850097656
2019-03-18,253.67919921875
2019-03-19,253.74209594726562
2019-03-20,252.97833251953125
2019-03-21,255.83567810058594
2019-03-22,250.91171264648438
2019-03-25,250.72312927246094
2019-03-26,252.59194946289062
2019-03-27,251.27110290527344
2019-03-28,252.2235870361328
2019-03-29,253.81398010253906
2019-04-01,256.82403564453125
2019-04-02,256.94970703125
2019-04-03,257.35418701171875
2019-04-04,258.03692626953125
2019-04-05,259.2859802246094
2019-04-08,259.4836730957031
2019-04-09,258.15374755859375
2019-04-10,259.0343933105469
2019-04-11,258.96246337890625
2019-04-12,260.7146301269531
2019-04-15,260.54388427734375
2019-04-16,260.7146301269531
2019-04-17,260.07666015625
2019-04-18,260.58880615234375
2019-04-22,260.8134460449219
2019-04-23,263.15850830078125
2019-04-24,262.57452392578125
2019-04-25,262.4128723144531
2019-04-26,263.6347351074219
2019-04-29,264.04815673828125
2019-04-30,264.18292236328125
2019-05-01,262.1971740722656
2019-05-02,261.6311340332031
2019-05-03,264.19189453125
2019-05-06,263.1047058105469
2019-05-07,258.7108154296875
2019-05-08,258.35150146484375
2019-05-09,257.56982421875
2019-05-10,258.8636169433594
2019-05-13,252.35842895507812
2019-05-14,254.6405792236328
2019-05-15,256.1321716308594
2019-05-16,258.50421142578125
2019-05-17,256.8330383300781
2019-05-20,255.1348114013672
2019-05-21,257.4350280761719
2019-05-22,256.644287109375
2019-05-23,253.5084228515625
2019-05-24,254.08348083496094
2019-05-28,251.72039794921875
2019-05-29,250.03125
2019-05-30,250.71412658691406
2019-05-31,247.33563232421875
2019-06-03,246.7067108154297
2019-06-04,252.06190490722656
2019-06-05,254.24525451660156
2019-06-06,255.89857482910156
2019-06-07,258.4593811035156
2019-06-10,259.6453857421875
2019-06-11,259.58245849609375
2019-06-12,259.12420654296875
2019-06-13,260.1934814453125
2019-06-14,259.9059143066406
2019-06-17,260.0047912597656
2019-06-18,262.72723388671875
2019-06-19,263.3203430175781
2019-06-20,265.8361511230469
2019-06-21,265.4497375488281
2019-06-24,265.1246643066406
2019-06-25,262.5244140625
2019-06-26,262.26251220703125
2019-06-27,263.1925048828125
2019-06-28,264.5468444824219
2019-07-01,266.9485778808594
2019-07-02,267.6436462402344
2019-07-03,269.7835693359375
2019-07-05,269.4765625
2019-07-08,267.995849609375
2019-07-09,268.3299560546875
2019-07-10,269.6120910644531
2019-07-11,270.2439880371094
2019-07-12,271.4539489746094
2019-07-15,271.5442199707031
2019-07-16,270.66851806640625
2019-07-17,268.8265075683594
2019-07-18,269.8106689453125
2019-07-19,268.3118896484375
2019-07-22,268.9709777832031
2019-07-23,270.89410400390625
2019-07-24,272.167236328125
2019-07-25,270.8670959472656
2019-07-26,272.6819763183594
2019-07-29,272.18524169921875
2019-07-30,271.5171203613281
2019-07-31,268.5466613769531
2019-08-01,266.2081604003906
2019-08-02,264.2037658691406
2019-08-05,256.2583312988281
2019-08-06,259.8517761230469
2019-08-07,260.0053405761719
2019-08-08,265.10662841796875
2019-08-09,263.3008728027344
2019-08-12,260.0955810546875
2019-08-13,264.1405029296875
2019-08-14,256.3305358886719
2019-08-15,257.00762939453125
2019-08-16,260.7997741699219
2019-08-19,263.9418640136719
2019-08-20,261.91949462890625
2019-08-21,264.05029296875
2019-08-22,263.9689636230469
2019-08-23,257.188232421875
2019-08-26,260.0323486328125
2019-08-27,259.01214599609375
2019-08-28,260.8359680175781
2019-08-29,264.1676330566406
2019-08-30,264.05029296875
2019-09-03,262.5063171386719
2019-09-04,265.4858703613281
2019-09-05,268.89874267578125
2019-09-06,269.1064147949219
2019-09-09,269.2418518066406
2019-09-10,269.1787414550781
2019-09-11,271.0927734375
2019-09-12,272.0318908691406
2019-09-13,271.8511657714844
2019-09-16,271.01153564453125
2019-09-17,271.69775390625
2019-09-18,271.8601989746094
2019-09-19,271.8421325683594
2019-09-20,270.5577697753906
2019-09-23,270.4943542480469
2019-09-24,268.371826171875
2019-09-25,269.9591064453125
2019-09-26,269.3967590332031
2019-09-27,267.94549560546875
2019-09-30,269.18817138671875
2019-10-01,265.98614501953125
2019-10-02,261.28759765625
2019-10-03,263.42828369140625
2019-10-04,266.9930114746094
2019-10-07,265.84100341796875
2019-10-08,261.71392822265625
2019-10-09,264.1991882324219
2019-10-10,265.98614501953125
2019-10-11,268.74371337890625
2019-10-14,268.4443054199219
2019-10-15,271.10205078125
2019-10-16,270.6666564941406
2019-10-17,271.4648742675781
2019-10-18,270.27655029296875
2019-10-21,272.10888671875
2019-10-22,271.219970703125
2019-10-23,272.00909423828125
2019-10-24,272.45355224609375
2019-10-25,273.56927490234375
2019-10-28,275.1112365722656
2019-10-29,275.0295715332031
2019-10-30,275.8731994628906
2019-10-31,275.1383972167969
2019-11-01,277.6872863769531
2019-11-04,278.8029479980469
2019-11-05,278.49456787109375
2019-11-06,278.55804443359375
2019-11-07,279.53759765625
2019-11-08,280.22711181640625
2019-11-11,279.6918640136719
2019-11-12,280.28143310546875
2019-11-13,280.3721618652344
2019-11-14,280.78033447265625
2019-11-15,282.8121032714844
2019-11-18,283.0207824707031
2019-11-19,282.939208984375
2019-11-20,281.886962890625
2019-11-21,281.43341064453125
2019-11-22,282.0592956542969
2019-11-25,284.245361328125
2019-11-26,284.8893127441406
2019-11-27,286.1592102050781
2019-11-29,285.0978698730469
2019-12-02,282.6761779785156
2019-12-03,280.78033447265625
2019-12-04,282.5128479003906
2019-12-05,283.0207824707031
2019-12-06,285.6059875488281
2019-12-09,284.7078857421875
2019-12-10,284.3903503417969
2019-12-11,285.1977844238281
2019-12-12,287.6559143066406
2019-12-13,287.82818603515625
2019-12-16,289.8055725097656
2019-12-17,289.8690490722656
2019-12-18,289.8871765136719
2019-12-19,291.0754699707031
2019-12-20,292.35162353515625
2019-12-23,292.7982177734375
2019-12-24,292.807373046875
2019-12-26,294.3660583496094
2019-12-27,294.2931213378906
2019-12-30,292.6706237792969
2019-12-31,293.38153076171875
2020-01-02,296.1253356933594
2020-01-03,293.8830261230469
2020-01-06,295.0041198730469
2020-01-07,294.1746826171875
2020-01-08,295.7425537109375
2020-01-09,297.74774169921875
2020-01-10,296.8910217285156
2020-01-13,298.9328308105469
2020-01-14,298.47698974609375
2020-01-15,299.1516418457031
2020-01-16,301.6401062011719
2020-01-17,302.578857421875
2020-01-21,301.986328125
2020-01-22,302.0227966308594
2020-01-23,302.3692626953125
2020-01-24,299.6801452636719
2020-01-27,294.8764343261719
2020-01-28,297.966552734375
2020-01-29,297.720458984375
2020-01-30,298.6866149902344
2020-01-31,293.2630310058594
2020-02-03,295.441650390625
2020-02-04,299.944580078125
2020-02-05,303.4083251953125
2020-02-06,304.42919921875
2020-02-07,302.8067321777344
2020-02-10,305.06732177734375
2020-02-11,305.5959777832031
2020-02-12,307.5649108886719
2020-02-13,307.2366638183594
2020-02-14,307.7290344238281
2020-02-18,306.9359130859375
2020-02-19,308.4034729003906
2020-02-20,307.13641357421875
2020-02-21,303.9734802246094
2020-02-24,293.89208984375
2020-02-25,284.9865417480469
2020-02-26,283.9382629394531
2020-02-27,271.1861572265625
2020-02-28,270.04669189453125
2020-03-02,281.74151611328125
2020-03-03,273.674560546875
2020-03-04,285.1778869628906
2020-03-05,275.6980895996094
2020-03-06,271.1405029296875
2020-03-09,249.96600341796875
2020-03-10,262.9004211425781
2020-03-11,250.0844268798828
2020-03-12,226.15707397460938
2020-03-13,245.49038696289062
2020-03-16,218.62789916992188
2020-03-17,230.43206787109375
2020-03-18,218.76466369628906
2020-03-19,219.22950744628906
2020-03-20,209.78201293945312
2020-03-23,204.41824340820312
2020-03-24,222.93922424316406
2020-03-25,226.27664184570312
2020-03-26,239.48892211914062
2020-03-27,232.35557556152344
2020-03-30,239.90147399902344
2020-03-31,236.32568359375
2020-04-01,225.68988037109375
2020-04-02,230.897705078125
2020-04-03,227.560302734375
2020-04-06,242.84461975097656
2020-04-07,243.09217834472656
2020-04-08,251.25244140625
2020-04-09,255.07586669921875
2020-04-13,252.7469482421875
2020-04-14,260.20123291015625
2020-04-15,254.67245483398438
2020-04-16,255.9010009765625
2020-04-17,262.8143615722656
2020-04-20,258.18402099609375
2020-04-21,250.34481811523438
2020-04-22,255.9010009765625
2020-04-23,255.88267517089844
2020-04-24,259.4493103027344
2020-04-27,263.19024658203125
2020-04-28,261.9798583984375
2020-04-29,268.8381652832031
2020-04-30,266.3351135253906
2020-05-01,259.2843017578125
2020-05-04,259.99951171875
2020-05-05,262.4017639160156
2020-05-06,260.62286376953125
2020-05-07,263.7677917480469
2020-05-08,268.1321716308594
2020-05-11,268.1872253417969
2020-05-12,262.84185791015625
2020-05-13,258.19317626953125
2020-05-14,261.2831726074219
2020-05-15,262.4841613769531
2020-05-18,270.4794006347656
2020-05-19,267.7012939453125
2020-05-20,272.2489929199219
2020-05-21,270.369384765625
2020-05-22,270.8828125
2020-05-26,274.22027587890625
2020-05-27,278.3003845214844
2020-05-28,277.7868957519531
2020-05-29,279.0247802734375
2020-06-01,280.1524353027344
2020-06-02,282.47222900390625
2020-06-03,286.2314147949219
2020-06-04,285.4794921875
2020-06-05,292.79620361328125
2020-06-08,296.3354187011719
2020-06-09,294.125732421875
2020-06-10,292.4845886230469
2020-06-11,275.6231384277344
2020-06-12,278.9238586425781
2020-06-15,281.52777099609375
2020-06-16,286.94647216796875
2020-06-17,285.7546081542969
2020-06-18,285.8645935058594
2020-06-19,284.2310485839844
2020-06-22,286.0543518066406
2020-06-23,287.3712158203125
2020-06-24,280.04083251953125
2020-06-25,283.0429992675781
2020-06-26,276.3202819824219
2020-06-29,280.3815002441406
2020-06-30,283.97308349609375
2020-07-01,285.9622802734375
2020-07-02,287.5370178222656
2020-07-06,291.97576904296875
2020-07-07,288.9644775390625
2020-07-08,291.1745910644531
2020-07-09,289.5169677734375
2020-07-10,292.4730529785156
2020-07-13,289.940673828125
2020-07-14,293.6979064941406
2020-07-15,296.396240234375
2020-07-16,295.4200744628906
2020-07-17,296.2764892578125
2020-07-20,298.6708679199219
2020-07-21,299.3063659667969
2020-07-22,301.010009765625
2020-07-23,297.4184265136719
2020-07-24,295.5029296875
2020-07-27,297.6578674316406
2020-07-28,295.7699890136719
2020-07-29,299.40753173828125
2020-07-30,298.3393249511719
2020-07-31,300.69683837890625
2020-08-03,302.7873229980469
2020-08-04,303.9569396972656
2020-08-05,305.8448486328125
2020-08-06,307.88916015625
2020-08-07,308.1102600097656
2020-08-10,309.03118896484375
2020-08-11,306.480224609375
2020-08-12,310.7532958984375
2020-08-13,310.1914978027344
2020-08-14,310.2007141113281
2020-08-17,311.1861267089844
2020-08-18,311.8583679199219
2020-08-19,310.55987548828125
2020-08-20,311.5268249511719
2020-08-21,312.6319580078125
2020-08-24,315.7999572753906
2020-08-25,316.9049072265625
2020-08-26,320.0821838378906
2020-08-27,320.78204345703125
2020-08-28,322.8540344238281
2020-08-31,321.6845397949219
2020-09-01,324.71435546875
2020-09-02,329.4110412597656
2020-09-03,318.0746154785156
2020-09-04,315.4775085449219
2020-09-08,306.8577880859375
2020-09-09,312.91741943359375
2020-09-10,307.4841003417969
2020-09-11,307.6405334472656
2020-09-14,311.6925964355469
2020-09-15,313.26739501953125
2020-09-16,312.0241394042969
2020-09-17,309.2798156738281
2020-09-18,305.71917724609375
2020-09-21,302.31658935546875
2020-09-22,305.3955383300781
2020-09-23,298.313232421875
2020-09-24,299.1082763671875
2020-09-25,303.9439392089844
2020-09-28,308.9922790527344
2020-09-29,307.3094482421875
2020-09-30,309.63946533203125
2020-10-01,311.62738037109375
2020-10-02,308.668701171875
2020-10-05,314.1423645019531
2020-10-06,309.6763916015625
2020-10-07,315.0668640136719
2020-10-08,317.85919189453125
2020-10-09,320.69769287109375
2020-10-12,325.8569641113281
2020-10-13,323.73040771484375
2020-10-14,321.6962890625
2020-10-15,321.29876708984375
2020-10-16,321.10455322265625
2020-10-19,316.2226867675781
2020-10-20,317.4893493652344
2020-10-21,316.8883056640625
2020-10-22,318.6265869140625
2020-10-23,319.7084655761719
2020-10-26,313.80023193359375
2020-10-27,312.7183837890625
2020-10-28,302.02996826171875
2020-10-29,305.0997009277344
2020-10-30,301.91912841796875
2020-11-02,305.30303955078125
2020-11-03,310.6934509277344
2020-11-04,317.63726806640625
2020-11-05,323.8321228027344
2020-11-06,323.7580261230469
2020-11-09,327.826416015625
2020-11-10,327.3455810546875
2020-11-11,329.7773132324219
2020-11-12,326.57818603515625
2020-11-13,331.09942626953125
2020-11-16,335.23248291015625
2020-11-17,333.429443359375
2020-11-18,329.4166564941406
2020-11-19,330.8034973144531
2020-11-20,328.5382995605469
2020-11-23,330.5076904296875
2020-11-24,335.8334045410156
2020-11-25,335.31561279296875
2020-11-27,336.24951171875
2020-11-30,334.7608947753906
2020-12-01,338.42230224609375
2020-12-02,339.1341857910156
2020-12-03,339.0417785644531
2020-12-04,341.9635314941406
2020-12-07,341.2607421875
2020-12-08,342.2593994140625
2020-12-09,339.1897277832031
2020-12-10,339.0787353515625
2020-12-11,338.6812438964844
2020-12-14,337.164794921875
2020-12-15,341.7231750488281
2020-12-16,342.2593994140625
2020-12-17,344.17333984375
2020-12-18,342.7990417480469
2020-12-21,341.5733642578125
2020-12-22,340.9977111816406
2020-12-23,341.3041076660156
2020-12-24,342.63189697265625
2020-12-28,345.5754699707031
2020-12-29,344.9161071777344
2020-12-30,345.40826416015625
2020-12-31,347.1632080078125
2021-01-04,342.4369201660156
2021-01-05,344.79541015625
2021-01-06,346.85675048828125
2021-01-07,352.0101623535156
2021-01-08,354.0158996582031
2021-01-11,351.6294860839844
2021-01-12,351.7038269042969
2021-01-13,352.65087890625
2021-01-14,351.4158630371094
2021-01-15,348.8531494140625
2021-01-19,351.5923156738281
2021-01-20,356.45794677734375
2021-01-21,356.7829284667969
2021-01-22,355.52008056640625
2021-01-25,356.9220886230469
2021-01-26,356.3651123046875
2021-01-27,347.6553649902344
2021-01-28,350.645263671875
2021-01-29,343.62542724609375
2021-02-01,349.3453063964844
2021-02-02,354.28509521484375
2021-02-03,354.56365966796875
2021-02-04,358.5935363769531
2021-02-05,360.0049133300781
2021-02-08,362.6048583984375
2021-02-09,362.3634338378906
2021-02-10,362.2055358886719
2021-02-11,362.7906188964844
2021-02-12,364.5826416015625
2021-02-16,364.2669372558594
2021-02-17,364.35052490234375
2021-02-18,362.79986572265625
2021-02-19,362.1591796875
2021-02-22,359.3735656738281
2021-02-23,359.8099365234375
2021-02-24,363.7748107910156
2021-02-25,355.0093688964844
2021-02-26,353.18017578125
2021-03-01,361.7413330078125
2021-03-02,358.9186706542969
2021-03-03,354.1644592285156
2021-03-04,349.7817077636719
2021-03-05,356.21649169921875
2021-03-08,354.4429931640625
2021-03-09,359.5035095214844
2021-03-10,361.7413330078125
2021-03-11,365.4090576171875
2021-03-12,365.9012145996094
2021-03-15,368.083251953125
2021-03-16,367.6190185546875
2021-03-17,368.8725280761719
2021-03-18,363.5055847167969
2021-03-19,362.8330383300781
2021-03-22,365.7301330566406
2021-03-23,362.8515930175781
2021-03-24,361.007080078125
2021-03-25,363.037841796875
2021-03-26,368.88824462890625
2021-03-29,368.701904296875
2021-03-30,367.72369384765625
2021-03-31,369.21429443359375
2021-04-01,373.2013854980469
2021-04-05,378.5580139160156
2021-04-06,378.3344421386719
2021-04-07,378.7723083496094
2021-04-08,380.5703125
2021-04-09,383.33709716796875
2021-04-12,383.4767761230469
2021-04-13,384.6134033203125
2021-04-14,383.2998046875
2021-04-15,387.4174499511719
2021-04-16,388.7123107910156
2021-04-19,386.8025207519531
2021-04-20,383.9705810546875
2021-04-21,387.6037292480469
2021-04-22,384.06378173828125
2021-04-23,388.2279052734375
2021-04-26,389.038330078125
2021-04-27,388.9544982910156
2021-04-28,388.8426818847656
2021-04-29,391.3207092285156
2021-04-30,388.7495422363281
2021-05-03,389.5880432128906
2021-05-04,387.1846008300781
2021-05-05,387.30572509765625
2021-05-06,390.3985290527344
2021-05-07,393.23980712890625
2021-05-10,389.3458251953125
2021-05-11,385.8710021972656
2021-05-12,377.6731262207031
2021-05-13,382.20989990234375
2021-05-14,388.0788269042969
2021-05-17,387.09136962890625
2021-05-18,383.7563171386719
2021-05-19,382.7501525878906
2021-05-20,386.8677978515625
2021-05-21,386.5510559082031
2021-05-24,390.49163818359375
2021-05-25,389.6252136230469
2021-05-26,390.3985290527344
2021-05-27,390.60345458984375
2021-05-28,391.3021240234375
2021-06-01,390.9574279785156
2021-06-02,391.5722961425781
2021-06-03,390.1190185546875
2021-06-04,393.6869812011719
2021-06-07,393.3050537109375
2021-06-08,393.3888854980469
2021-06-09,392.80194091796875
2021-06-10,394.6278076171875
2021-06-11,395.2799987792969
2021-06-14,396.16497802734375
2021-06-15,395.4383239746094
2021-06-16,393.23046875
2021-06-17,393.1001281738281
2021-06-18,387.7969665527344
2021-06-21,393.3486328125
2021-06-22,395.45166015625
2021-06-23,394.9749755859375
2021-06-24,397.3115234375
2021-06-25,398.7227783203125
2021-06-28,399.5266418457031
2021-06-29,399.7416076660156
2021-06-30,400.07794189453125
2021-07-01,402.29302978515625
2021-07-02,405.3680725097656
2021-07-06,404.629638671875
2021-07-07,406.0596923828125
2021-07-08,402.7511291503906
2021-07-09,407.05035400390625
2021-07-12,408.5083923339844
2021-07-13,407.1157531738281
2021-07-14,407.72332763671875
2021-07-15,406.3306884765625
2021-07-16,403.14361572265625
2021-07-19,397.1900329589844
2021-07-20,402.8819580078125
2021-07-21,406.143798828125
2021-07-22,406.9942932128906
2021-07-23,411.18145751953125
2021-07-26,412.19085693359375
2021-07-27,410.3122253417969
2021-07-28,410.1439514160156
2021-07-29,411.84503173828125
2021-07-30,409.844970703125
2021-08-02,408.9850769042969
2021-08-03,412.3123779296875
2021-08-04,410.2841491699219
2021-08-05,412.8824157714844
2021-08-06,413.5647277832031
2021-08-09,413.2282409667969
2021-08-10,413.7423400878906
2021-08-11,414.7704772949219
2021-08-12,416.0134582519531
2021-08-13,416.77056884765625
2021-08-16,417.7519226074219
2021-08-17,415.01348876953125
2021-08-18,410.47113037109375
2021-08-19,411.1067199707031
2021-08-20,414.3779602050781
2021-08-23,418.0229797363281
2021-08-24,418.6864929199219
2021-08-25,419.5650939941406
2021-08-26,417.08831787109375
2021-08-27,420.8175048828125
2021-08-30,422.6681213378906
2021-08-31,422.0418395996094
2021-09-01,422.26611328125
2021-09-02,423.56524658203125
2021-09-03,423.46246337890625
2021-09-07,421.9484558105469
2021-09-08,421.4343566894531
2021-09-09,419.6305236816406
2021-09-10,416.3218994140625
2021-09-13,417.38739013671875
2021-09-14,415.1349182128906
2021-09-15,418.6024169921875
2021-09-16,417.9388427734375
2021-09-17,413.86761474609375
2021-09-20,406.9667663574219
2021-09-21,406.582275390625
2021-09-22,410.5484313964844
2021-09-23,415.5366516113281
2021-09-24,416.2211608886719
2021-09-27,415.0303649902344
2021-09-28,406.6667785644531
2021-09-29,407.3511962890625
2021-09-30,402.372314453125
2021-10-01,407.1542663574219
2021-10-04,401.90350341796875
2021-10-05,406.0854187011719
2021-10-06,407.7730712890625
2021-10-07,411.298583984375
2021-10-08,410.5484313964844
2021-10-11,407.57623291015625
2021-10-12,406.57293701171875
2021-10-13,408.0356750488281
2021-10-14,414.8990173339844
2021-10-15,418.0588684082031
2021-10-18,419.2965393066406
2021-10-19,422.5313415527344
2021-10-20,424.1909484863281
2021-10-21,425.29730224609375
2021-10-22,424.85662841796875
2021-10-25,427.135009765625
2021-10-26,427.5195007324219
2021-10-27,425.62548828125
2021-10-28,429.7322692871094
2021-10-29,430.604248046875
2021-11-01,431.3450012207031
2021-11-02,433.08892822265625
2021-11-03,435.7331237792969
2021-11-04,437.78643798828125
2021-11-05,439.305419921875
2021-11-08,439.68048095703125
2021-11-09,438.2271423339844
2021-11-10,434.7016906738281
2021-11-11,434.84234619140625
2021-11-12,438.12396240234375
2021-11-15,438.2740783691406
2021-11-16,440.0086364746094
2021-11-17,438.93975830078125
2021-11-18,440.43060302734375
2021-11-19,439.6430358886719
2021-11-22,438.4053649902344
2021-11-23,438.98663330078125
2021-11-24,440.15863037109375
2021-11-26,430.3417663574219
2021-11-29,435.62054443359375
2021-11-30,427.1444396972656
2021-12-01,422.40008544921875
2021-12-02,428.8697204589844
2021-12-03,425.137939453125
2021-12-06,430.1729736328125
2021-12-07,439.071044921875
2021-12-08,440.23370361328125
2021-12-09,437.261474609375
2021-12-10,441.3775939941406
2021-12-13,437.46771240234375
2021-12-14,434.4578857421875
2021-12-15,441.24639892578125
2021-12-16,437.3551330566406
2021-12-17,432.700439453125
2021-12-20,428.09930419921875
2021-12-21,435.7019958496094
2021-12-22,440.05841064453125
2021-12-23,442.7966003417969
2021-12-27,449.06298828125
2021-12-28,448.69610595703125
2021-12-29,449.2700500488281
2021-12-30,448.0280456542969
2021-12-31,446.89886474609375
2022-01-03,449.4864501953125
2022-01-04,449.3359069824219
2022-01-05,440.707763671875
2022-01-06,440.29364013671875
2022-01-07,438.55291748046875
2022-01-10,438.0072326660156
2022-01-11,441.9967956542969
2022-01-12,443.19171142578125
2022-01-13,437.0851135253906
2022-01-14,437.2639465332031
2022-01-18,429.5201416015625
2022-01-19,425.0602111816406
2022-01-20,420.35552978515625
2022-01-21,412.1037292480469
2022-01-24,413.85394287109375
2022-01-25,408.8011169433594
2022-01-26,407.7755432128906
2022-01-27,405.761962890625
2022-01-28,415.8392333984375
2022-01-31,423.32891845703125
2022-02-01,426.18927001953125
2022-02-02,430.3293151855469
2022-02-03,420.2145080566406
2022-02-04,422.1903991699219
2022-02-07,420.8355407714844
2022-02-08,424.2980651855469
2022-02-09,430.50811767578125
2022-02-10,422.77374267578125
2022-02-11,414.43719482421875
2022-02-14,413.0823059082031
2022-02-15,419.7440490722656
2022-02-16,420.2145080566406
2022-02-17,411.2381286621094
2022-02-18,408.57525634765625
2022-02-22,404.1906433105469
2022-02-23,397.02081298828125
2022-02-24,402.9955749511719
2022-02-25,411.8873596191406
2022-02-28,410.83349609375
2022-03-01,404.57635498046875
2022-03-02,412.0190734863281
2022-03-03,409.9678649902344
2022-03-04,406.636962890625
2022-03-07,394.649658203125
2022-03-08,391.6575927734375
2022-03-09,402.1581726074219
2022-03-10,400.3422546386719
2022-03-11,395.2518615722656
2022-03-14,392.3633117675781
2022-03-15,400.99151611328125
2022-03-16,409.88311767578125
2022-03-17,415.0112609863281
2022-03-18,419.5567321777344
2022-03-21,419.43402099609375
2022-03-22,424.3420104980469
2022-03-23,418.8771667480469
2022-03-24,425.1913757324219
2022-03-25,427.2679138183594
2022-03-28,430.3070983886719
2022-03-29,435.63037109375
2022-03-30,432.94036865234375
2022-03-31,426.27685546875
2022-04-01,427.4850158691406
2022-04-04,431.1470642089844
2022-04-05,425.701171875
2022-04-06,421.4444274902344
2022-04-07,423.5679931640625
2022-04-08,422.4354248046875
2022-04-11,415.215087890625
2022-04-12,413.67657470703125
2022-04-13,418.4146728515625
2022-04-14,413.2047424316406
2022-04-18,413.37457275390625
2022-04-19,420.0474548339844
2022-04-20,419.736083984375
2022-04-21,413.45947265625
2022-04-22,402.114501953125
2022-04-25,404.44586181640625
2022-04-26,392.73272705078125
2022-04-27,393.8370056152344
2022-04-28,403.7851257324219
2022-04-29,388.8629455566406
2022-05-02,391.2037048339844
2022-05-03,392.9970397949219
2022-05-04,404.96490478515625
2022-05-05,390.57135009765625
2022-05-06,388.24005126953125
2022-05-09,375.80963134765625
2022-05-10,376.6779479980469
2022-05-11,370.69403076171875
2022-05-12,370.3070373535156
2022-05-13,379.1602783203125
2022-05-16,377.6217956542969
2022-05-17,385.38958740234375
2022-05-18,369.8539733886719
2022-05-19,367.5887451171875
2022-05-20,367.749267578125
2022-05-23,374.62982177734375
2022-05-24,371.7700500488281
2022-05-25,375.0545959472656
2022-05-26,382.54864501953125
2022-05-27,391.9398498535156
2022-05-31,389.74078369140625
2022-06-01,386.58831787109375
2022-06-02,393.9502868652344
2022-06-03,387.4849548339844
2022-06-06,388.6647033691406
2022-06-07,392.3929138183594
2022-06-08,388.12677001953125
2022-06-09,378.89599609375
2022-06-10,367.90966796875
2022-06-13,353.9407653808594
2022-06-14,352.87420654296875
2022-06-15,357.9049987792969
2022-06-16,346.0596923828125
2022-06-17,346.80572509765625
2022-06-21,355.5361328125
2022-06-22,354.8915710449219
2022-06-23,358.37042236328125
2022-06-24,369.7642822265625
2022-06-27,368.3519592285156
2022-06-28,360.8254699707031
2022-06-29,360.53167724609375
2022-06-30,357.6025390625
2022-07-01,361.3847961425781
2022-07-05,362.0672302246094
2022-07-06,363.2900390625
2022-07-07,368.7310791015625
2022-07-08,368.4277648925781
2022-07-11,364.2190856933594
2022-07-12,360.99609375
2022-07-13,359.1002197265625
2022-07-14,358.2281494140625
2022-07-15,365.07208251953125
2022-07-18,362.0577392578125
2022-07-19,371.8402404785156
2022-07-20,374.2100830078125
2022-07-21,378.02069091796875
2022-07-22,374.513427734375
2022-07-25,374.96844482421875
2022-07-26,370.5321350097656
2022-07-27,380.1535339355469
2022-07-28,384.92156982421875
2022-07-29,390.53326416015625
2022-08-01,389.37677001953125
2022-08-02,386.80792236328125
2022-08-03,392.8651123046875
2022-08-04,392.5997619628906
2022-08-05,391.9362487792969
2022-08-08,391.481201171875
2022-08-09,389.9266052246094
2022-08-10,398.1166076660156
2022-08-11,398.1166076660156
2022-08-12,404.8563232421875
2022-08-15,406.5246887207031
2022-08-16,407.32098388671875
2022-08-17,404.42974853515625
2022-08-18,405.605224609375
2022-08-19,400.15460205078125
2022-08-22,391.8224182128906
2022-08-23,390.8746032714844
2022-08-24,392.1257629394531
2022-08-25,397.6615905761719
2022-08-26,384.201171875
2022-08-29,381.6607360839844
2022-08-30,377.470947265625
2022-08-31,374.5987243652344
2022-09-01,375.774169921875
2022-09-02,371.81182861328125
2022-09-06,370.408935546875
2022-09-07,377.06329345703125
2022-09-08,379.5279235839844
2022-09-09,385.4239807128906
2022-09-12,389.5663757324219
2022-09-13,372.6271057128906
2022-09-14,374.0489196777344
2022-09-15,369.8023376464844
2022-09-16,366.9810791015625
2022-09-19,369.82696533203125
2022-09-20,365.5819396972656
2022-09-21,359.2047119140625
2022-09-22,356.18756103515625
2022-09-23,350.2196044921875
2022-09-26,346.7550964355469
2022-09-27,345.869873046875
2022-09-28,352.6753234863281
2022-09-29,345.3083190917969
2022-09-30,339.9686279296875
2022-10-03,348.9442443847656
2022-10-04,359.7568359375
2022-10-05,358.9191589355469
2022-10-06,355.21673583984375
2022-10-07,345.3083190917969
2022-10-10,342.6717834472656
2022-10-11,340.5016174316406
2022-10-12,339.37847900390625
2022-10-13,348.33502197265625
2022-10-14,340.3970031738281
2022-10-17,349.14410400390625
2022-10-18,353.2464294433594
2022-10-19,350.7431640625
2022-10-20,347.8021240234375
2022-10-21,356.25421142578125
2022-10-24,360.61346435546875
2022-10-25,366.3719482421875
2022-10-26,363.61163330078125
2022-10-27,361.6699523925781
2022-10-28,370.2743225097656
2022-10-31,367.59979248046875
2022-11-01,365.9912109375
2022-11-02,356.80621337890625
2022-11-03,353.13226318359375
2022-11-04,358.2148742675781
2022-11-07,361.6414489746094
2022-11-08,363.5926818847656
2022-11-09,356.1018371582031
2022-11-10,375.671142578125
2022-11-11,379.3070983886719
2022-11-14,376.0804443359375
2022-11-15,379.28802490234375
2022-11-16,376.39447021484375
2022-11-17,375.2427978515625
2022-11-18,376.9465637207031
2022-11-21,375.575927734375
2022-11-22,380.63006591796875
2022-11-23,383.0287170410156
2022-11-25,382.9429931640625
2022-11-28,376.8323974609375
2022-11-29,376.18511962890625
2022-11-30,388.03521728515625
2022-12-01,387.7496643066406
2022-12-02,387.3023681640625
2022-12-05,380.3349914550781
2022-12-06,374.8525695800781
2022-12-07,374.2148742675781
2022-12-08,377.1464538574219
2022-12-09,374.3291320800781
2022-12-12,379.72589111328125
2022-12-13,382.6003723144531
2022-12-14,380.1541748046875
2022-12-15,370.8550109863281
2022-12-16,366.4765930175781
2022-12-19,363.3689880371094
2022-12-20,363.8662414550781
2022-12-21,369.3069152832031
2022-12-22,364.0382995605469
2022-12-23,366.1323547363281
2022-12-27,364.68853759765625
2022-12-28,360.1562194824219
2022-12-29,366.6391906738281
2022-12-30,365.67340087890625
2023-01-03,364.13397216796875
2023-01-04,366.94512939453125
2023-01-05,362.7569885253906
2023-01-06,371.0758056640625
2023-01-09,370.865478515625
2023-01-10,373.4662780761719
2023-01-11,378.18988037109375
2023-01-12,379.5667419433594
2023-01-13,381.039306640625
2023-01-17,380.3412170410156
2023-01-18,374.3364562988281
2023-01-19,371.6113586425781
2023-01-20,378.5340881347656
2023-01-23,383.07598876953125
2023-01-24,382.664794921875
2023-01-25,382.8082275390625
2023-01-26,387.015380859375
2023-01-27,387.9046325683594
2023-01-30,383.0377502441406
2023-01-31,388.66961669921875
2023-02-01,392.80029296875
2023-02-02,398.5183410644531
2023-02-03,394.282470703125
2023-02-06,391.872802734375
2023-02-07,396.99798583984375
2023-02-08,392.65692138671875
2023-02-09,389.25286865234375
2023-02-10,390.1612548828125
2023-02-13,394.7414245605469
2023-02-14,394.55975341796875
2023-02-15,395.84100341796875
2023-02-16,390.3907775878906
2023-02-17,389.41546630859375
2023-02-21,381.60345458984375
2023-02-22,381.0775451660156
2023-02-23,383.10467529296875
2023-02-24,379.01220703125
2023-02-27,380.3030090332031
2023-02-28,378.8974914550781
2023-03-01,377.4440612792969
2023-03-02,380.3795166015625
2023-03-03,386.47998046875
2023-03-06,386.7476806640625
2023-03-07,380.81939697265625
2023-03-08,381.44085693359375
2023-03-09,374.40338134765625
2023-03-10,369.0009460449219
2023-03-13,368.4749755859375
2023-03-14,374.56597900390625
2023-03-15,372.2232666015625
2023-03-16,378.75396728515625
2023-03-17,374.3253479003906
2023-03-20,377.9247131347656
2023-03-21,382.8870849609375
2023-03-22,376.3601379394531
2023-03-23,377.3776550292969
2023-03-24,379.85400390625
2023-03-27,380.56427001953125
2023-03-28,379.71002197265625
2023-03-29,385.2290344238281
2023-03-30,387.484619140625
2023-03-31,392.94610595703125
2023-04-03,394.4434814453125
2023-04-04,392.25506591796875
2023-04-05,391.2280578613281
2023-04-06,392.7541198730469
2023-04-10,393.1572265625
2023-04-11,393.2628479003906
2023-04-12,391.659912109375
2023-04-13,396.8623046875
2023-04-14,395.892822265625
2023-04-17,397.3133239746094
2023-04-18,397.5724792480469
2023-04-19,397.5053405761719
2023-04-20,395.3360900878906
2023-04-21,395.6432189941406
2023-04-24,396.05596923828125
2023-04-25,389.7690734863281
2023-04-26,388.1181640625
2023-04-27,395.8448486328125
2023-04-28,399.2234191894531
2023-05-01,398.8203430175781
2023-05-02,394.3378601074219
2023-05-03,391.631103515625
2023-05-04,388.857177734375
2023-05-05,396.05596923828125
2023-05-08,396.16156005859375
2023-05-09,394.4242858886719
2023-05-10,396.26715087890625
2023-05-11,395.5760803222656
2023-05-12,395.0577392578125
2023-05-15,396.4207458496094
2023-05-16,393.7716064453125
2023-05-17,398.55157470703125
2023-05-18,402.3908996582031
2023-05-19,401.80535888671875
2023-05-22,401.9685363769531
2023-05-23,397.4573059082031
2023-05-24,394.5777893066406
2023-05-25,397.9948425292969
2023-05-26,403.14910888671875
2023-05-30,403.3027038574219
2023-05-31,401.0663146972656
2023-06-01,404.8768310546875
2023-06-02,410.73187255859375
2023-06-05,409.9447937011719
2023-06-06,410.83740234375
2023-06-07,409.4168395996094
2023-06-08,411.8932189941406
2023-06-09,412.6322937011719
2023-06-12,416.3756103515625
2023-06-13,419.1208190917969
2023-06-14,419.6199035644531
2023-06-15,424.8221740722656
2023-06-16,423.3751220703125
2023-06-20,421.1786193847656
2023-06-21,419.0205383300781
2023-06-22,420.53314208984375
2023-06-23,417.3538818359375
2023-06-26,415.64874267578125
2023-06-27,420.20556640625
2023-06-28,420.41754150390625
2023-06-29,422.0745849609375
2023-06-30,427.0552978515625
2023-07-03,427.5466613769531
2023-07-05,426.910888671875
2023-07-06,423.5678405761719
2023-07-07,422.49847412109375
2023-07-10,423.5678405761719
2023-07-11,426.2653503417969
2023-07-12,429.6950378417969
2023-07-13,433.10546875
2023-07-14,432.83575439453125
2023-07-17,434.3385925292969
2023-07-18,437.5660400390625
2023-07-19,438.53900146484375
2023-07-20,435.6296081542969
2023-07-21,435.6296081542969
2023-07-24,437.5756530761719
2023-07-25,438.7702941894531
2023-07-26,438.8376770019531
2023-07-27,435.92822265625
2023-07-28,440.1961364746094
2023-07-31,441.03424072265625
2023-08-01,439.772216796875
2023-08-02,433.6546325683594
2023-08-03,432.4118347167969
2023-08-04,430.4560852050781
2023-08-07,434.21337890625
2023-08-08,432.3250732421875
2023-08-09,429.4349365234375
2023-08-10,429.589111328125
2023-08-11,429.3385925292969
2023-08-14,431.70849609375
2023-08-15,426.67962646484375
2023-08-16,423.548583984375
2023-08-17,420.32122802734375
2023-08-18,420.5234680175781
2023-08-21,423.25958251953125
2023-08-22,422.11309814453125
2023-08-23,426.814453125
2023-08-24,420.8992004394531
2023-08-25,423.866455078125
2023-08-28,426.5544128417969
2023-08-29,432.7201232910156
2023-08-30,434.5024108886719
2023-08-31,433.8665771484375
2023-09-01,434.67584228515625
2023-09-05,432.79718017578125
2023-09-06,429.8876953125
2023-09-07,428.5678405761719
2023-09-08,429.21337890625
2023-09-11,432.0361022949219
2023-09-12,429.66607666015625
2023-09-13,430.1670837402344
2023-09-14,433.8761901855469
2023-09-15,428.6487121582031
2023-09-18,428.90008544921875
2023-09-19,428.0105895996094
2023-09-20,424.0758056640625
2023-09-21,417.0665283203125
2023-09-22,416.1286926269531
2023-09-25,417.8786315917969
2023-09-26,411.739501953125
2023-09-27,411.90380859375
2023-09-28,414.2918395996094
2023-09-29,413.28631591796875
2023-10-02,413.1219787597656
2023-10-03,407.5918884277344
2023-10-04,410.5599670410156
2023-10-05,410.4052429199219
2023-10-06,415.2778625488281
2023-10-09,417.9366455078125
2023-10-10,420.11187744140625
2023-10-11,421.83282470703125
2023-10-12,419.26116943359375
2023-10-13,417.1728210449219
2023-10-16,421.5621337890625
2023-10-17,421.54278564453125
2023-10-18,415.9256286621094
2023-10-19,412.2711486816406
2023-10-20,407.2051696777344
2023-10-23,406.4993591308594
2023-10-24,409.5641174316406
2023-10-25,403.6860046386719
2023-10-26,398.85198974609375
2023-10-27,397.04412841796875
2023-10-30,401.7911376953125
2023-10-31,404.314453125
2023-11-01,408.6263427734375
2023-11-02,416.4573974609375
2023-11-03,420.2568664550781
2023-11-06,421.22369384765625
2023-11-07,422.42254638671875
2023-11-08,422.73193359375
2023-11-09,419.43511962890625
2023-11-10,425.9803161621094
2023-11-13,425.5743103027344
2023-11-14,433.83074951171875
2023-11-15,434.7491455078125
2023-11-16,435.281005859375
2023-11-17,435.82232666015625
2023-11-20,439.1771545410156
2023-11-21,438.2200012207031
2023-11-22,439.91180419921875
2023-11-24,440.18255615234375
2023-11-27,439.38983154296875
2023-11-28,439.82489013671875
2023-11-29,439.5155334472656
2023-11-30,441.24603271484375
2023-12-01,443.8564147949219
2023-12-04,441.5264587402344
2023-12-05,441.439453125
2023-12-06,439.6605529785156
2023-12-07,443.01531982421875
2023-12-08,444.9198913574219
2023-12-11,446.65045166015625
2023-12-12,448.6904296875
2023-12-13,454.8779296875
2023-12-14,456.3377685546875
2023-12-15,455.5863952636719
2023-12-18,458.14910888671875
2023-12-19,460.9350280761719
2023-12-20,454.54779052734375
2023-12-21,458.8577575683594
2023-12-22,459.7799072265625
2023-12-26,461.7213439941406
2023-12-27,462.55621337890625
2023-12-28,462.73089599609375
2023-12-29,461.391357421875
2024-01-02,458.8092041015625
2024-01-03,455.062255859375
2024-01-04,453.5964660644531
2024-01-05,454.2177429199219
2024-01-08,460.7021179199219
2024-01-09,460.0032043457031
2024-01-10,462.6047058105469
2024-01-11,462.40087890625
2024-01-12,462.72119140625
2024-01-16,461.0224304199219
2024-01-17,458.4597473144531
2024-01-18,462.5368347167969
2024-01-19,468.3028564453125
2024-01-22,469.29302978515625
2024-01-23,470.66162109375
2024-01-24,471.17620849609375
2024-01-25,473.73883056640625
2024-01-26,473.1369934082031
2024-01-29,476.8839416503906
2024-01-30,476.5151672363281
2024-01-31,468.73968505859375
2024-02-01,474.8746032714844
2024-02-02,479.8737487792969
2024-02-05,478.12646484375
2024-02-06,479.5145568847656
2024-02-07,483.51397705078125
2024-02-08,483.72747802734375
2024-02-09,486.52313232421875
2024-02-12,486.30963134765625
2024-02-13,479.6116638183594
2024-02-14,483.97021484375
2024-02-15,487.3094787597656
2024-02-16,484.88262939453125
2024-02-20,482.21319580078125
2024-02-21,482.6500549316406
2024-02-22,492.63873291015625
2024-02-23,492.9784240722656
2024-02-26,491.17291259765625
2024-02-27,492.0853576660156
2024-02-28,491.4350280761719
2024-02-29,493.20166015625
2024-03-01,497.8320007324219
2024-03-04,497.2981872558594
2024-03-05,492.3280334472656
2024-03-06,494.82281494140625
2024-03-07,499.734619140625
2024-03-08,496.735107421875
2024-03-11,496.3079833984375
2024-03-12,501.64697265625
2024-03-13,500.860595703125
2024-03-14,499.8705749511719
2024-03-15,496.4381408691406
2024-03-18,499.3885498046875
2024-03-19,502.1636962890625
2024-03-20,506.808349609375
2024-03-21,508.4831237792969
2024-03-22,507.5191955566406
2024-03-25,506.1170654296875
2024-03-26,505.1821594238281
2024-03-27,509.4277038574219
2024-03-28,509.330322265625
2024-04-01,508.44415283203125
2024-04-02,505.2115173339844
2024-04-03,505.7665100097656
2024-04-04,499.59307861328125
2024-04-05,504.8121643066406
2024-04-08,505.094482421875
2024-04-09,505.6788024902344
2024-04-10,500.615478515625
2024-04-11,504.3935546875
2024-04-12,497.431396484375
2024-04-15,491.1994934082031
2024-04-16,490.3036193847656
2024-04-17,487.4018859863281
2024-04-18,486.3989562988281
2024-04-19,482.1534729003906
2024-04-22,486.59368896484375
2024-04-23,492.3678894042969
2024-04-24,492.1342468261719
2024-04-25,490.2646484375
2024-04-26,494.9093933105469
2024-04-29,496.66204833984375
2024-04-30,488.79437255859375
2024-05-01,487.2071533203125
2024-05-02,491.76422119140625
2024-05-03,497.8598327636719
2024-05-06,503.0010986328125
2024-05-07,503.5561828613281
2024-05-08,503.6047668457031
2024-05-09,506.50653076171875
2024-05-10,507.1589660644531
2024-05-13,507.2270812988281
2024-05-14,509.5542297363281
2024-05-15,515.8641357421875
2024-05-16,514.8026733398438
2024-05-17,515.5426635742188
2024-05-20,516.1366577148438
2024-05-21,517.4025268554688
2024-05-22,515.912841796875
2024-05-23,512.1445922851562
2024-05-24,515.5330810546875
2024-05-28,515.893310546875
2024-05-29,512.2807006835938
2024-05-30,508.8824768066406
2024-05-31,513.5174560546875
2024-06-03,513.9360961914062
2024-06-04,514.5106201171875
2024-06-05,520.625732421875
2024-06-06,520.6159057617188
2024-06-07,519.9829711914062
2024-06-10,521.5896606445312
2024-06-11,522.8457641601562
2024-06-12,527.139892578125
2024-06-13,528.2012939453125
2024-06-14,528.522705078125
2024-06-17,532.7291870117188
2024-06-18,534.0827026367188
2024-06-20,532.6317749023438
2024-06-21,531.917724609375
2024-06-24,530.1885986328125
2024-06-25,532.2303466796875
2024-06-26,532.8946533203125
2024-06-27,533.734619140625
2024-06-28,531.6343994140625
2024-07-01,532.7285766601562
2024-07-02,536.3136596679688
2024-07-03,538.7069702148438
2024-07-05,541.8134765625
2024-07-08,542.4386596679688
2024-07-09,542.9661254882812
2024-07-10,548.3389892578125
2024-07-11,543.61083984375
2024-07-12,547.0396728515625
2024-07-15,548.5441284179688
2024-07-16,551.797119140625
2024-07-17,544.0601806640625
2024-07-18,539.8790893554688
2024-07-19,536.2941284179688
2024-07-22,541.8231811523438
2024-07-23,540.973388671875
2024-07-24,528.7135620117188
2024-07-25,525.958740234375
2024-07-26,531.8492431640625
2024-07-29,532.1619262695312
2024-07-30,529.4658203125
2024-07-31,538.0718994140625
2024-08-01,530.4524536132812
2024-08-02,520.576171875
2024-08-05,505.4150695800781
2024-08-06,510.0748291015625
2024-08-07,506.66546630859375
2024-08-08,518.3782348632812
2024-08-09,520.6640625
2024-08-12,520.9376831054688
2024-08-13,529.5047607421875
2024-08-14,531.17529296875
2024-08-15,540.27978515625
2024-08-16,541.4910888671875
2024-08-19,546.6685180664062
2024-08-20,545.779541015625
2024-08-21,547.6551513671875
2024-08-22,543.3568725585938
2024-08-23,549.1301879882812
2024-08-26,547.8211669921875
2024-08-27,548.5733642578125
2024-08-28,545.3888549804688
2024-08-29,545.4376220703125
2024-08-30,550.644287109375
2024-09-03,539.3126831054688
2024-09-04,538.2088012695312
2024-09-05,536.899658203125
2024-09-06,527.8636474609375
2024-09-09,533.7736206054688
2024-09-10,536.0986328125
2024-09-11,541.5985107421875
2024-09-12,546.1604614257812
2024-09-13,549.012939453125
2024-09-16,549.8239135742188
2024-09-17,550.0484619140625
2024-09-18,548.4171142578125
2024-09-19,557.7755737304688
2024-09-20,556.8114013671875
2024-09-23,558.2026977539062
2024-09-24,559.7999267578125
2024-09-25,558.5652465820312
2024-09-26,560.7798461914062
2024-09-27,559.9664916992188
2024-09-30,562.21044921875
2024-10-01,557.173828125
2024-10-02,557.4090576171875
2024-10-03,556.3899536132812
2024-10-04,561.4461059570312
2024-10-07,556.370361328125
2024-10-08,561.6322021484375
2024-10-09,565.5224609375
2024-10-10,564.5327758789062
2024-10-11,567.9132690429688
2024-10-14,572.557861328125
2024-10-15,568.1092529296875
2024-10-16,570.5785522460938
2024-10-17,570.6275634765625
2024-10-18,572.8224487304688
2024-10-21,571.8817138671875
2024-10-22,571.5780029296875
2024-10-23,566.355224609375
2024-10-24,567.5802001953125
2024-10-25,567.384033203125
2024-10-28,569.1381225585938
2024-10-29,570.0592041015625
2024-10-30,568.3346557617188
2024-10-31,557.1934204101562
2024-11-01,559.545166015625
2024-11-04,558.3399658203125
2024-11-05,565.0911865234375
2024-11-06,579.142578125
2024-11-07,583.6205444335938
2024-11-08,586.1487426757812
2024-11-11,586.7072143554688
2024-11-12,584.8845825195312
2024-11-13,585.1688232421875
2024-11-14,581.406005859375
2024-11-15,573.9591064453125
2024-11-18,576.310791015625
2024-11-19,578.4175415039062
2024-11-20,578.6134643554688
2024-11-21,581.7196655273438
2024-11-22,583.5225830078125
2024-11-25,585.5020141601562
2024-11-26,588.5592651367188
2024-11-27,586.7757568359375
2024-11-29,590.4208374023438
2024-12-02,591.4791870117188
2024-12-03,591.7534790039062
2024-12-04,595.427978515625
2024-12-05,594.4481201171875
2024-12-06,595.5750732421875
2024-12-09,592.5079956054688
2024-12-10,590.6658325195312
2024-12-11,595.2320556640625
2024-12-12,592.1651000976562
2024-12-13,592.0474853515625
2024-12-16,594.5755004882812
2024-12-17,592.1258544921875
2024-12-18,574.4784545898438
2024-12-19,574.3019409179688
2024-12-20,581.199951171875
2024-12-23,584.680419921875
2024-12-24,591.1790771484375
2024-12-26,591.218505859375
2024-12-27,584.994873046875
2024-12-30,578.3192138671875
2024-12-31,576.2152099609375
2025-01-02,574.799560546875
2025-01-03,581.9864501953125
2025-01-06,585.3389892578125
2025-01-07,578.7222900390625
2025-01-08,579.56787109375
2025-01-10,570.7193603515625
2025-01-13,571.604248046875
2025-01-14,572.3906860351562
2025-01-15,582.8025512695312
2025-01-16,581.6817626953125
2025-01-17,587.521728515625
2025-01-21,592.899658203125
2025-01-22,596.2326049804688
2025-01-23,599.48681640625
2025-01-24,597.7366943359375
2025-01-27,589.2816162109375
2025-01-28,594.344970703125
2025-01-29,591.6805419921875
2025-01-30,594.8560791015625
2025-01-31,591.6903076171875
2025-02-03,587.7085571289062
2025-02-04,591.6510620117188
2025-02-05,594.0498657226562
2025-02-06,596.1146240234375
2025-02-07,590.6580810546875
2025-02-10,594.6693725585938
2025-02-11,595.1216430664062
2025-02-12,593.2044067382812
2025-02-13,599.4671630859375
2025-02-14,599.4376831054688
2025-02-18,601.1975708007812
2025-02-19,602.6133422851562
2025-02-20,600.1062622070312
2025-02-21,589.8419799804688
2025-02-24,587.157958984375
2025-02-25,584.2379150390625
2025-02-26,584.5328369140625
2025-02-27,575.20263671875
2025-02-28,584.1788940429688
2025-03-03,573.9441528320312
2025-03-04,567.1505126953125
2025-03-05,573.24609375
2025-03-06,563.0702514648438
2025-03-07,566.2262573242188
2025-03-10,551.1444702148438
2025-03-11,546.5629272460938
2025-03-12,549.4632568359375
2025-03-13,542.1386108398438
2025-03-14,553.3369140625
2025-03-17,557.60400390625
2025-03-18,551.5771484375
2025-03-19,557.5842895507812
2025-03-20,555.9718017578125
2025-03-21,556.1552734375
2025-03-24,566.1151733398438
2025-03-25,567.4759521484375
2025-03-26,560.7013549804688
2025-03-27,559.2122802734375
2025-03-28,547.95068359375
2025-03-31,551.6289672851562
2025-04-01,553.1870727539062
2025-04-02,556.6878662109375
2025-04-03,529.2538452148438
2025-04-04,498.2696838378906
2025-04-07,497.38214111328125
2025-04-08,489.5918273925781
2025-04-09,541.0084228515625
2025-04-10,517.3018798828125
2025-04-11,526.531982421875
2025-04-14,531.6401977539062
2025-04-15,530.151123046875
2025-04-16,518.3668823242188
2025-04-17,519.1065063476562
2025-04-21,506.7503662109375
2025-04-22,519.9348754882812
2025-04-23,527.991455078125
2025-04-24,539.105224609375
2025-04-25,543.0003662109375
2025-04-28,543.2074584960938
2025-04-29,546.6292724609375
2025-04-30,546.84619140625
2025-05-01,550.7216796875
2025-05-02,558.8966674804688
2025-05-05,555.6917724609375
2025-05-06,551.047119140625
2025-05-07,553.3645629882812
2025-05-08,557.2203369140625
2025-05-09,556.51025390625
2025-05-12,574.9015502929688
2025-05-13,578.6981201171875
2025-05-14,579.437744140625
2025-05-15,582.2678833007812
2025-05-16,585.9559326171875
2025-05-19,586.5969848632812
2025-05-20,584.6246948242188
2025-05-21,574.7733154296875
2025-05-22,575.000244140625
2025-05-23,571.0753173828125
2025-05-27,582.9483642578125
2025-05-28,579.5758056640625
2025-05-29,581.8635864257812
2025-05-30,581.2128295898438
2025-06-02,584.4866943359375
2025-06-03,587.8197631835938
2025-06-04,587.6620483398438
2025-06-05,584.8219604492188
2025-06-06,590.8274536132812
2025-06-09,591.3599853515625
2025-06-10,594.7128295898438
2025-06-11,593.0167236328125
2025-06-12,595.3734741210938
2025-06-13,588.7171020507812
2025-06-16,594.318359375
2025-06-17,589.2398681640625
2025-06-18,589.1510620117188
2025-06-20,587.7673950195312
2025-06-23,593.5730590820312
2025-06-24,600.13037109375
2025-06-25,600.4666748046875
2025-06-26,605.1646118164062
2025-06-27,608.1712646484375
2025-06-30,611.0789794921875
2025-07-01,610.8812866210938
2025-07-02,613.650634765625
2025-07-03,618.487060546875
2025-07-07,613.8779907226562
2025-07-08,613.5418090820312
2025-07-09,617.2210083007812
2025-07-10,618.9617309570312
2025-07-11,616.785888671875
2025-07-14,617.9627685546875
2025-07-15,615.322021484375
2025-07-16,617.3792114257812
2025-07-17,621.1573486328125
2025-07-18,620.7024536132812
2025-07-21,621.87939453125
2025-07-22,621.9684448242188
2025-07-23,627.259765625
2025-07-24,627.4674682617188
2025-07-25,630.1181030273438
2025-07-28,629.9598999023438
2025-07-29,628.29833984375
2025-07-30,627.5070190429688
2025-07-31,625.1531372070312
2025-08-01,614.9065551757812
2025-08-04,624.2531127929688
2025-08-05,621.088134765625
2025-08-06,625.8455200195312
2025-08-07,625.3212890625
2025-08-08,630.1972045898438
2025-08-11,628.9510498046875
2025-08-12,635.6468505859375
2025-08-13,637.8228149414062
2025-08-14,637.882080078125
2025-08-15,636.3886108398438
2025-08-18,636.2501831054688
2025-08-19,632.79833984375
2025-08-20,631.1170043945312
2025-08-21,628.5851440429688
2025-08-22,638.2381591796875
2025-08-25,635.4292602539062
2025-08-26,638.0897827148438
2025-08-27,639.543701171875
2025-08-28,641.8085327148438
2025-08-29,637.9810180664062
2025-09-02,633.25341796875
2025-09-03,636.6853637695312
2025-09-04,642.0064086914062
2025-09-05,640.14697265625
2025-09-08,641.7196044921875
2025-09-09,643.203125
2025-09-10,645.0625
2025-09-11,650.4231567382812
2025-09-12,650.2054443359375
2025-09-15,653.6671752929688
2025-09-16,652.7671508789062
2025-09-17,651.9561157226562
2025-09-18,655.0023193359375
2025-09-19,658.2465209960938
2025-09-22,661.3606567382812
2025-09-23,657.7606201171875
2025-09-24,655.6677856445312
2025-09-25,652.6429443359375
2025-09-26,656.3819580078125
2025-09-29,658.2266845703125
2025-09-30,660.7061157226562
2025-10-01,662.95751953125
2025-10-02,663.7210693359375
2025-10-03,663.7112426757812
2025-10-06,666.0914916992188
2025-10-07,663.6219482421875
2025-10-08,667.5791625976562
2025-10-09,665.6452026367188
2025-10-10,647.6542358398438
2025-10-13,657.5919189453125
2025-10-14,656.78857421875
2025-10-15,659.7044067382812
2025-10-16,655.2117309570312
2025-10-17,658.9308471679688
2025-10-20,665.7840576171875
2025-10-21,665.7741088867188
2025-10-22,662.3128051757812
2025-10-23,666.2402954101562
2025-10-24,671.6851806640625
2025-10-27,679.6094970703125
2025-10-28,681.41455078125
2025-10-29,681.7418823242188
2025-10-30,674.2439575195312
2025-10-31,676.4556274414062
2025-11-03,677.7251586914062
2025-11-04,669.6917114257812
2025-11-05,672.0125122070312
2025-11-06,664.8021850585938
2025-11-07,665.4567260742188
2025-11-10,675.8407592773438
2025-11-11,677.3878784179688
2025-11-12,677.7647705078125
2025-11-13,666.5179443359375
2025-11-14,666.408935546875
2025-11-17,660.2002563476562
2025-11-18,654.65625
2025-11-19,657.185302734375
2025-11-20,647.1683349609375
2025-11-21,653.6148681640625
2025-11-24,663.2351684570312
2025-11-25,669.4734497070312
2025-11-26,674.09521484375
2025-11-28,677.7747192382812
2025-12-01,674.6803588867188
2025-12-02,675.9300537109375
2025-12-03,678.2706298828125
2025-12-04,678.7665405273438
2025-12-05,680.0557861328125
2025-12-08,678.0127563476562
2025-12-09,677.4275512695312
2025-12-10,681.92041015625
2025-12-11,683.5072021484375
2025-12-12,676.1580810546875
2025-12-15,675.1365356445312
2025-12-16,673.2918701171875
2025-12-17,665.8832397460938
2025-12-18,670.9114990234375
2025-12-19,676.9923095703125
2025-12-22,681.2098388671875
2025-12-23,684.3233032226562
2025-12-24,686.7305297851562
2025-12-26,686.660888671875
2025-12-29,684.2138671875
2025-12-30,683.3782958984375
2025-12-31,678.3152465820312
2026-01-02,679.55859375
2026-01-05,684.0845947265625
2026-01-06,688.1529541015625
2026-01-07,685.9347534179688
2026-01-08,685.8651123046875
2026-01-09,690.4010009765625
2026-01-12,691.4852294921875
2026-01-13,690.1026000976562
2026-01-14,686.7105712890625
2026-01-15,688.5806884765625
2026-01-16,688.0037231445312
2026-01-20,673.9981689453125
2026-01-21,681.77685546875
2026-01-22,685.3379516601562
2026-01-23,685.5865478515625
2026-01-26,689.068115234375
2026-01-27,691.8134765625
2026-01-28,691.7438354492188
2026-01-29,690.3711547851562
2026-01-30,688.3121337890625
2026-02-02,691.73388671875
2026-02-03,685.885009765625
2026-02-04,682.5626831054688
2026-02-05,674.0379638671875
2026-02-06,686.96923828125
2026-02-09,690.2816162109375
2026-02-10,688.4613037109375
2026-02-11,688.3021850585938
2026-02-12,677.668701171875
2026-02-13,678.1461181640625
2026-02-17,679.2402954101562
2026-02-18,682.662109375
2026-02-19,680.8616943359375
2026-02-20,685.7855834960938
2026-02-23,678.7827758789062
2026-02-24,683.7164916992188
2026-02-25,689.4859008789062
2026-02-26,685.6561889648438
2026-02-27,682.3637084960938
2026-03-02,682.7516479492188
2026-03-03,676.7337036132812
2026-03-04,681.50830078125
2026-03-05,677.7084350585938
2026-03-06,668.8256225585938
2026-03-09,674.6845092773438
2026-03-10,673.6002807617188
2026-03-11,672.7548217773438
2026-03-12,662.5390625
2026-03-13,658.7890014648438
2026-03-16,665.493408203125
2026-03-17,667.2440185546875
2026-03-18,657.9335327148438
2026-03-19,656.3121337890625
2026-03-20,646.9034423828125
2026-03-23,653.6959228515625
2026-03-24,651.5015869140625
2026-03-25,655.1322021484375
2026-03-26,643.432373046875
2026-03-27,632.4606323242188
2026-03-30,630.3460693359375
2026-03-31,648.6688842773438
2026-04-01,653.5562744140625
2026-04-02,654.144775390625
2026-04-06,657.23681640625
2026-04-07,657.5260009765625
2026-04-08,674.27294921875
2026-04-09,678.162841796875
2026-04-10,677.7140502929688
2026-04-13,684.3369750976562
2026-04-14,692.675537109375
2026-04-15,698.1414184570312
2026-04-16,699.8569946289062
2026-04-17,708.3152465820312
2026-04-20,706.8988037109375
2026-04-21,702.2708129882812
2026-04-22,709.3825073242188
2026-04-23,706.6295776367188
2026-04-24,712.10546875
2026-04-27,713.332275390625
2026-04-28,709.8612060546875
2026-04-29,709.7515258789062
2026-04-30,716.8132934570312
2026-05-01,718.7982177734375
2026-05-04,716.1649780273438
2026-05-05,721.9102172851562
2026-05-06,731.9443359375
2026-05-07,729.7001342773438
2026-05-08,735.724609375
2026-05-11,737.4002685546875
2026-05-12,736.2831420898438
2026-05-13,740.4025268554688
2026-05-14,746.2474975585938
2026-05-15,737.2706298828125
2026-05-18,736.751953125
2026-05-19,731.8446044921875
2026-05-20,739.3452758789062
2026-05-21,740.8114624023438
2026-05-22,743.7239990234375
2026-05-26,748.6613159179688
2026-05-27,748.5316162109375
2026-05-28,752.6609497070312
2026-05-29,754.5361328125
2026-06-01,756.5908203125
2026-06-02,757.6182250976562
2026-06-03,752.3018798828125
2026-06-04,755.1445922851562
2026-06-05,735.65478515625
2026-06-08,737.3204345703125
2026-06-09,735.1560668945312
2026-06-10,723.56591796875
2026-06-11,735.8642578125
2026-06-12,739.843994140625
2026-06-15,752.890380859375
2026-06-16,748.4019775390625
2026-06-17,739.0560302734375
2026-06-18,746.739990234375
2026-06-22,744.3900146484375
2026-06-23,733.5800170898438
2026-06-24,733.239990234375
2026-06-25,734.2999877929688
2026-06-26,728.989990234375
2026-06-29,741.0
2026-06-30,746.77001953125
2026-07-01,745.760009765625
2026-07-02,744.780029296875
