Price,AdjClose
Ticker,XLI
Date,
1998-12-22,14.396677017211914
1998-12-23,14.64788818359375
1998-12-24,14.841145515441895
1998-12-28,14.918438911437988
1998-12-29,15.131007194519043
1998-12-30,15.063372611999512
1998-12-31,15.18897819519043
1999-01-04,14.976404190063477
1999-01-05,15.285595893859863
1999-01-06,15.614102363586426
1999-01-07,15.478842735290527
1999-01-08,15.594793319702148
1999-01-11,15.449858665466309
1999-01-12,15.266280174255371
1999-01-13,14.879796028137207
1999-01-14,14.812152862548828
1999-01-15,15.063372611999512
1999-01-19,15.034384727478027
1999-01-20,14.966747283935547
1999-01-21,14.841145515441895
1999-01-22,14.551278114318848
1999-01-25,14.792820930480957
1999-01-26,14.792820930480957
1999-01-27,14.908771514892578
1999-01-28,14.928096771240234
1999-01-29,15.024718284606934
1999-02-01,15.044045448303223
1999-02-02,14.928096771240234
1999-02-03,15.073040008544922
1999-02-04,15.09235668182373
1999-02-05,15.044045448303223
1999-02-08,15.09235668182373
1999-02-09,14.889446258544922
1999-02-10,14.947427749633789
1999-02-11,15.150336265563965
1999-02-12,15.063372611999512
1999-02-16,15.140664100646973
1999-02-17,15.140664100646973
1999-02-18,15.140664100646973
1999-02-19,15.237283706665039
1999-02-22,15.469186782836914
1999-02-23,15.45952320098877
1999-02-24,15.42086410522461
1999-02-25,15.111679077148438
1999-02-26,15.159996032714844
1999-03-01,15.150336265563965
1999-03-02,15.024718284606934
1999-03-03,14.937763214111328
1999-03-04,15.227629661560059
1999-03-05,15.565804481506348
1999-03-08,15.652765274047852
1999-03-09,15.730067253112793
1999-03-10,15.70107364654541
1999-03-11,15.720398902893066
1999-03-12,15.768705368041992
1999-03-15,15.730067253112793
1999-03-16,15.62377643585205
1999-03-17,15.594793319702148
1999-03-18,15.633438110351562
1999-03-19,15.730576515197754
1999-03-22,15.6141996383667
1999-03-23,15.245672225952148
1999-03-24,15.206873893737793
1999-03-25,15.371743202209473
1999-03-26,15.410531044006348
1999-03-29,15.662686347961426
1999-03-30,15.65299129486084
1999-03-31,15.478416442871094
1999-04-01,15.643294334411621
1999-04-05,15.982733726501465
1999-04-06,15.895450592041016
1999-04-07,15.924532890319824
1999-04-08,16.011825561523438
1999-04-09,16.021528244018555
1999-04-12,16.409454345703125
1999-04-13,16.535541534423828
1999-04-14,16.894371032714844
1999-04-15,17.330799102783203
1999-04-16,17.427780151367188
1999-04-19,17.5732421875
1999-04-20,17.456867218017578
1999-04-21,17.515056610107422
1999-04-22,17.524765014648438
1999-04-23,17.66053009033203
1999-04-26,17.641138076782227
1999-04-27,17.72842025756836
1999-04-28,17.95147705078125
1999-04-29,18.019367218017578
1999-04-30,17.806001663208008
1999-05-03,18.15514373779297
1999-05-04,18.232730865478516
1999-05-05,18.232730865478516
1999-05-06,18.271520614624023
1999-05-07,18.62065887451172
1999-05-10,18.36850357055664
1999-05-11,18.678844451904297
1999-05-12,18.49458122253418
1999-05-13,18.31031608581543
1999-05-14,18.077556610107422
1999-05-17,18.03876304626465
1999-05-18,17.806001663208008
1999-05-19,18.077556610107422
1999-05-20,18.12604522705078
1999-05-21,17.912677764892578
1999-05-24,17.75752067565918
1999-05-25,17.699325561523438
1999-05-26,17.5732421875
1999-05-27,17.28230094909668
1999-05-28,17.456867218017578
1999-06-01,17.466564178466797
1999-06-02,17.699325561523438
1999-06-03,17.883586883544922
1999-06-04,18.067852020263672
1999-06-07,18.2424259185791
1999-06-08,18.077556610107422
1999-06-09,18.096954345703125
1999-06-10,17.883586883544922
1999-06-11,17.8544979095459
1999-06-14,18.067852020263672
1999-06-15,18.12604522705078
1999-06-16,18.37820816040039
1999-06-17,18.52367401123047
1999-06-18,18.663820266723633
1999-06-21,18.411338806152344
1999-06-22,18.323949813842773
1999-06-23,18.382205963134766
1999-06-24,18.188003540039062
1999-06-25,18.081186294555664
1999-06-28,18.110313415527344
1999-06-29,18.20741844177246
1999-06-30,18.52786636352539
1999-07-01,18.537588119506836
1999-07-02,18.624977111816406
1999-07-06,18.644397735595703
1999-07-07,18.508447647094727
1999-07-08,18.576419830322266
1999-07-09,18.595844268798828
1999-07-12,18.43075942993164
1999-07-13,18.36279296875
1999-07-14,18.459890365600586
1999-07-15,18.586137771606445
1999-07-16,18.615266799926758
1999-07-19,18.63468360900879
1999-07-20,18.615266799926758
1999-07-21,18.595844268798828
1999-07-22,18.52786636352539
1999-07-23,18.43075942993164
1999-07-26,18.294809341430664
1999-07-27,18.537588119506836
1999-07-28,18.43075942993164
1999-07-29,18.061758041381836
1999-07-30,17.848127365112305
1999-08-02,17.89667510986328
1999-08-03,17.906394958496094
1999-08-04,17.770435333251953
1999-08-05,17.867549896240234
1999-08-06,17.702470779418945
1999-08-09,17.64419937133789
1999-08-10,17.479116439819336
1999-08-11,17.789857864379883
1999-08-12,17.72188377380371
1999-08-13,18.032623291015625
1999-08-16,18.100597381591797
1999-08-17,18.35307502746582
1999-08-18,18.178285598754883
1999-08-19,17.945226669311523
1999-08-20,18.12973403930664
1999-08-23,18.518163681030273
1999-08-24,18.52786636352539
1999-08-25,18.731794357299805
1999-08-26,18.63468360900879
1999-08-27,18.42105484008789
1999-08-30,17.954925537109375
1999-08-31,17.993785858154297
1999-09-01,18.04234504699707
1999-09-02,17.886972427368164
1999-09-03,18.323949813842773
1999-09-07,18.52786636352539
1999-09-08,18.586137771606445
1999-09-09,18.450185775756836
1999-09-10,18.40163803100586
1999-09-13,18.26568031311035
1999-09-14,18.100597381591797
1999-09-15,18.12973403930664
1999-09-16,17.964649200439453
1999-09-17,18.26095962524414
1999-09-20,18.280414581298828
1999-09-21,18.046920776367188
1999-09-22,17.9885311126709
1999-09-23,17.842618942260742
1999-09-24,17.463191986083984
1999-09-27,17.686954498291016
1999-09-28,17.472925186157227
1999-09-29,17.57021141052246
1999-09-30,17.900991439819336
1999-10-01,17.657773971557617
1999-10-04,17.96909523010254
1999-10-05,17.78424644470215
1999-10-06,18.037187576293945
1999-10-07,18.056642532348633
1999-10-08,18.299867630004883
1999-10-11,18.329051971435547
1999-10-12,17.949630737304688
1999-10-13,17.443740844726562
1999-10-14,17.26861572265625
1999-10-15,17.025402069091797
1999-10-18,16.694616317749023
1999-10-19,16.7043514251709
1999-10-20,16.850276947021484
1999-10-21,16.665435791015625
1999-10-22,17.112960815429688
1999-10-25,17.083765029907227
1999-10-26,16.97675132751465
1999-10-27,17.035123825073242
1999-10-28,17.424280166625977
1999-10-29,17.51183319091797
1999-11-01,17.064315795898438
1999-11-02,17.278339385986328
1999-11-03,17.16160774230957
1999-11-04,17.112960815429688
1999-11-05,17.20050811767578
1999-11-08,17.229698181152344
1999-11-09,17.239431381225586
1999-11-10,17.171329498291016
1999-11-11,17.239431381225586
1999-11-12,17.356172561645508
1999-11-15,17.45347023010254
1999-11-16,17.862070083618164
1999-11-17,17.978816986083984
1999-11-18,18.037187576293945
1999-11-19,17.823158264160156
1999-11-22,17.745328903198242
1999-11-23,17.57021141052246
1999-11-24,17.579940795898438
1999-11-26,17.492382049560547
1999-11-29,17.20050811767578
1999-11-30,17.12268829345703
1999-12-01,17.258888244628906
1999-12-02,17.219970703125
1999-12-03,17.502107620239258
1999-12-06,17.45347023010254
1999-12-07,17.12268829345703
1999-12-08,17.424280166625977
1999-12-09,16.957294464111328
1999-12-10,17.26861572265625
1999-12-13,17.365901947021484
1999-12-14,17.365901947021484
1999-12-15,17.20050811767578
1999-12-16,17.356172561645508
1999-12-17,17.835166931152344
1999-12-20,17.297962188720703
1999-12-21,17.54214096069336
1999-12-22,17.464008331298828
1999-12-23,17.698415756225586
1999-12-27,17.87423324584961
1999-12-28,18.059810638427734
1999-12-29,18.196557998657227
1999-12-30,18.23563003540039
1999-12-31,18.50911521911621
2000-01-03,18.03050422668457
2000-01-04,17.532377243041992
2000-01-05,17.454240798950195
2000-01-06,17.68865966796875
2000-01-07,18.362600326538086
2000-01-10,18.362600326538086
2000-01-11,18.12818717956543
2000-01-12,17.91330909729004
2000-01-13,18.25516700744629
2000-01-14,18.12818717956543
2000-01-18,18.108646392822266
2000-01-19,18.050046920776367
2000-01-20,17.932846069335938
2000-01-21,17.70819091796875
2000-01-24,17.200286865234375
2000-01-25,17.102619171142578
2000-01-26,17.239355087280273
2000-01-27,17.33702850341797
2000-01-28,16.877973556518555
2000-01-31,16.99517250061035
2000-02-01,16.877973556518555
2000-02-02,16.887739181518555
2000-02-03,16.877973556518555
2000-02-04,16.946325302124023
2000-02-07,16.653322219848633
2000-02-08,16.72169303894043
2000-02-09,16.545873641967773
2000-02-10,16.26263427734375
2000-02-11,15.92076587677002
2000-02-14,16.174711227416992
2000-02-15,16.457977294921875
2000-02-16,16.418899536132812
2000-02-17,16.487276077270508
2000-02-18,16.12587547302246
2000-02-22,16.389602661132812
2000-02-23,16.26263427734375
2000-02-24,16.11611557006836
2000-02-25,15.832864761352539
2000-02-28,15.881698608398438
2000-02-29,16.057512283325195
2000-03-01,15.969605445861816
2000-03-02,16.0282039642334
2000-03-03,16.467741012573242
2000-03-06,16.399368286132812
2000-03-07,15.744954109191895
2000-03-08,15.910998344421387
2000-03-09,16.077045440673828
2000-03-10,16.11611557006836
2000-03-13,15.871927261352539
2000-03-14,15.784022331237793
2000-03-15,16.418899536132812
2000-03-16,17.3077335357666
2000-03-17,17.284706115722656
2000-03-20,17.38258171081543
2000-03-21,17.7545108795166
2000-03-22,17.67620849609375
2000-03-23,18.087282180786133
2000-03-24,18.1949462890625
2000-03-27,17.96984100341797
2000-03-28,17.920896530151367
2000-03-29,18.14600372314453
2000-03-30,18.263463973999023
2000-03-31,18.29282569885254
2000-04-03,18.371122360229492
2000-04-04,18.165584564208984
2000-04-05,18.09706687927246
2000-04-06,18.25366973876953
2000-04-07,18.527721405029297
2000-04-10,18.55708122253418
2000-04-11,18.782197952270508
2000-04-12,18.449420928955078
2000-04-13,18.49835968017578
2000-04-14,17.284706115722656
2000-04-17,17.70557403564453
2000-04-18,17.77408790588379
2000-04-19,17.842594146728516
2000-04-20,17.989410400390625
2000-04-24,18.00898551940918
2000-04-25,18.948583602905273
2000-04-26,18.664745330810547
2000-04-27,18.684322357177734
2000-04-28,18.55708122253418
2000-05-01,18.987741470336914
2000-05-02,18.79198455810547
2000-05-03,18.165584564208984
2000-05-04,18.1949462890625
2000-05-05,18.517929077148438
2000-05-08,18.508146286010742
2000-05-09,18.36133575439453
2000-05-10,18.175373077392578
2000-05-11,18.625595092773438
2000-05-12,18.850698471069336
2000-05-15,19.16391372680664
2000-05-16,19.340084075927734
2000-05-17,19.212848663330078
2000-05-18,19.124759674072266
2000-05-19,18.596240997314453
2000-05-22,18.27324867248535
2000-05-23,18.1949462890625
2000-05-24,18.45920753479004
2000-05-25,18.126432418823242
2000-05-26,18.0285587310791
2000-05-30,18.351539611816406
2000-05-31,18.478796005249023
2000-06-01,18.625595092773438
2000-06-02,18.762622833251953
2000-06-05,18.73325538635254
2000-06-06,18.596240997314453
2000-06-07,18.508146286010742
2000-06-08,18.21451187133789
2000-06-09,18.283035278320312
2000-06-12,18.3026065826416
2000-06-13,18.380910873413086
2000-06-14,18.341760635375977
2000-06-15,18.517929077148438
2000-06-16,18.193342208862305
2000-06-19,18.006994247436523
2000-06-20,17.447954177856445
2000-06-21,17.516605377197266
2000-06-22,17.134109497070312
2000-06-23,17.320446014404297
2000-06-26,17.732379913330078
2000-06-27,17.810840606689453
2000-06-28,18.03641700744629
2000-06-29,17.722570419311523
2000-06-30,17.751991271972656
2000-07-03,17.98737907409668
2000-07-05,17.830453872680664
2000-07-06,17.78141212463379
2000-07-07,17.869680404663086
2000-07-10,17.889301300048828
2000-07-11,18.232568740844727
2000-07-12,18.301223754882812
2000-07-13,18.44834327697754
2000-07-14,18.634695053100586
2000-07-17,18.742568969726562
2000-07-18,18.791610717773438
2000-07-19,18.634695053100586
2000-07-20,18.860267639160156
2000-07-21,18.830841064453125
2000-07-24,18.693531036376953
2000-07-25,18.732765197753906
2000-07-26,18.497379302978516
2000-07-27,18.36988067626953
2000-07-28,17.751991271972656
2000-07-31,18.02660369873047
2000-08-01,18.16391372680664
2000-08-02,18.085451126098633
2000-08-03,18.114883422851562
2000-08-04,18.340450286865234
2000-08-07,18.879878997802734
2000-08-08,19.046611785888672
2000-08-09,19.213342666625977
2000-08-10,19.164304733276367
2000-08-11,19.38007926940918
2000-08-14,19.576229095458984
2000-08-15,19.331037521362305
2000-08-16,19.242755889892578
2000-08-17,19.34084701538086
2000-08-18,19.28200340270996
2000-08-21,19.55660629272461
2000-08-22,19.517385482788086
2000-08-23,19.41930389404297
2000-08-24,19.62527084350586
2000-08-25,19.713539123535156
2000-08-28,19.978342056274414
2000-08-29,19.85084342956543
2000-08-30,19.66449737548828
2000-08-31,19.81160545349121
2000-09-01,19.988157272338867
2000-09-05,19.988157272338867
2000-09-06,20.086233139038086
2000-09-07,19.968536376953125
2000-09-08,19.733156204223633
2000-09-11,19.635068893432617
2000-09-12,19.576229095458984
2000-09-13,19.635068893432617
2000-09-14,19.61545753479004
2000-09-15,19.118227005004883
2000-09-18,18.901866912841797
2000-09-19,18.68550682067871
2000-09-20,18.78385353088379
2000-09-21,18.842859268188477
2000-09-22,18.705183029174805
2000-09-25,19.255916595458984
2000-09-26,19.275577545166016
2000-09-27,19.118227005004883
2000-09-28,19.37392234802246
2000-09-29,19.236242294311523
2000-10-02,19.039552688598633
2000-10-03,19.41326332092285
2000-10-04,19.550954818725586
2000-10-05,19.570615768432617
2000-10-06,19.039552688598633
2000-10-09,19.157556533813477
2000-10-10,18.901866912841797
2000-10-11,18.567487716674805
2000-10-12,18.144611358642578
2000-10-13,18.705183029174805
2000-10-16,18.96087646484375
2000-10-17,18.44948387145996
2000-10-18,18.115108489990234
2000-10-19,18.429821014404297
2000-10-20,18.528152465820312
2000-10-23,18.744516372680664
2000-10-24,19.039552688598633
2000-10-25,18.68550682067871
2000-10-26,18.78385353088379
2000-10-27,18.774015426635742
2000-10-30,18.980552673339844
2000-10-31,19.6689510345459
2000-11-01,19.688631057739258
2000-11-02,19.649295806884766
2000-11-03,19.491926193237305
2000-11-06,19.6689510345459
2000-11-07,19.747636795043945
2000-11-08,19.619789123535156
2000-11-09,19.747636795043945
2000-11-10,19.295246124267578
2000-11-13,18.941205978393555
2000-11-14,19.314918518066406
2000-11-15,19.3542537689209
2000-11-16,19.452598571777344
2000-11-17,19.37392234802246
2000-11-20,19.098560333251953
2000-11-21,19.33458709716797
2000-11-22,19.019886016845703
2000-11-24,19.33458709716797
2000-11-27,19.37392234802246
2000-11-28,19.128067016601562
2000-11-29,19.28541374206543
2000-11-30,19.000215530395508
2000-12-01,19.167396545410156
2000-12-04,19.688631057739258
2000-12-05,20.406543731689453
2000-12-06,20.003324508666992
2000-12-07,19.94432258605957
2000-12-08,20.288530349731445
2000-12-11,20.51473045349121
2000-12-12,20.209848403930664
2000-12-13,19.85580825805664
2000-12-14,19.432931900024414
2000-12-15,19.118810653686523
2000-12-18,19.474328994750977
2000-12-19,19.138566970825195
2000-12-20,18.506528854370117
2000-12-21,18.615169525146484
2000-12-22,19.05956268310547
2000-12-26,19.276817321777344
2000-12-27,19.59283447265625
2000-12-28,19.87922477722168
2000-12-29,19.75084686279297
2001-01-02,18.871932983398438
2001-01-03,19.69158935546875
2001-01-04,19.8496036529541
2001-01-05,19.276817321777344
2001-01-08,19.118810653686523
2001-01-09,19.178068161010742
2001-01-10,19.355831146240234
2001-01-11,19.59283447265625
2001-01-12,19.533586502075195
2001-01-16,19.721216201782227
2001-01-17,19.69158935546875
2001-01-18,19.819961547851562
2001-01-19,19.612579345703125
2001-01-22,19.573083877563477
2001-01-23,19.829843521118164
2001-01-24,19.721216201782227
2001-01-25,19.711339950561523
2001-01-26,19.385456085205078
2001-01-29,19.466428756713867
2001-01-30,19.782438278198242
2001-01-31,19.826690673828125
2001-02-01,19.567550659179688
2001-02-02,19.504350662231445
2001-02-05,19.59914779663086
2001-02-06,19.693954467773438
2001-02-07,19.523313522338867
2001-02-08,19.49802589416504
2001-02-09,19.036649703979492
2001-02-12,19.257854461669922
2001-02-13,19.460105895996094
2001-02-14,19.257854461669922
2001-02-15,19.586517333984375
2001-02-16,19.01136589050293
2001-02-20,19.08089828491211
2001-02-21,18.847043991088867
2001-02-22,18.670068740844727
2001-02-23,18.64479637145996
2001-02-26,19.017688751220703
2001-02-27,18.973445892333984
2001-02-28,18.63848304748535
2001-03-01,18.50574493408203
2001-03-02,18.613191604614258
2001-03-05,18.847043991088867
2001-03-06,19.118810653686523
2001-03-07,19.346351623535156
2001-03-08,19.466428756713867
2001-03-09,19.055614471435547
2001-03-12,18.01276969909668
2001-03-13,18.038049697875977
2001-03-14,17.658830642700195
2001-03-15,17.57667350769043
2001-03-16,17.11968231201172
2001-03-19,17.461950302124023
2001-03-20,17.10700225830078
2001-03-21,16.663320541381836
2001-03-22,16.213298797607422
2001-03-23,16.536558151245117
2001-03-26,16.834455490112305
2001-03-27,17.10700225830078
2001-03-28,16.796419143676758
2001-03-29,16.796419143676758
2001-03-30,16.853477478027344
2001-04-02,16.733047485351562
2001-04-03,16.035831451416016
2001-04-04,16.11189079284668
2001-04-05,17.049962997436523
2001-04-06,16.707685470581055
2001-04-09,17.005590438842773
2001-04-10,17.506315231323242
2001-04-11,17.309825897216797
2001-04-12,17.652090072631836
2001-04-16,17.620403289794922
2001-04-17,17.842241287231445
2001-04-18,18.609180450439453
2001-04-19,18.67255401611328
2001-04-20,18.621845245361328
2001-04-23,18.33662986755371
2001-04-24,18.152814865112305
2001-04-25,18.577489852905273
2001-04-26,18.837343215942383
2001-04-27,18.976791381835938
2001-04-30,18.78030014038086
2001-05-01,18.951435089111328
2001-05-02,18.95777130126953
2001-05-03,18.678890228271484
2001-05-04,18.9641170501709
2001-05-07,19.033836364746094
2001-05-08,19.065526962280273
2001-05-09,18.95777130126953
2001-05-10,19.16693878173828
2001-05-11,19.071868896484375
2001-05-14,19.160612106323242
2001-05-15,19.236661911010742
2001-05-16,19.857816696166992
2001-05-17,20.187402725219727
2001-05-18,20.25078582763672
2001-05-21,20.447261810302734
2001-05-22,20.383886337280273
2001-05-23,20.07331657409668
2001-05-24,20.0479679107666
2001-05-25,19.750059127807617
2001-05-29,19.699371337890625
2001-05-30,19.30005645751953
2001-05-31,19.566259384155273
2001-06-01,19.509206771850586
2001-06-04,19.63597297668457
2001-06-05,19.845134735107422
2001-06-06,19.616960525512695
2001-06-07,19.705690383911133
2001-06-08,19.46484375
2001-06-11,19.128925323486328
2001-06-12,19.25567626953125
2001-06-13,19.185949325561523
2001-06-14,19.059192657470703
2001-06-15,18.96073341369629
2001-06-18,18.935317993164062
2001-06-19,18.73841667175293
2001-06-20,18.820987701416016
2001-06-21,18.903562545776367
2001-06-22,18.73841667175293
2001-06-25,18.490690231323242
2001-06-26,18.541501998901367
2001-06-27,18.503387451171875
2001-06-28,18.56690788269043
2001-06-29,18.357301712036133
2001-07-02,18.62407684326172
2001-07-03,18.73841667175293
2001-07-05,18.592315673828125
2001-07-06,18.249305725097656
2001-07-09,18.306482315063477
2001-07-10,18.0269832611084
2001-07-11,17.8427791595459
2001-07-12,18.27472496032715
2001-07-13,18.42080307006836
2001-07-16,18.109561920166016
2001-07-17,18.47797966003418
2001-07-18,18.535152435302734
2001-07-19,18.48432731628418
2001-07-20,18.57961082458496
2001-07-23,18.376359939575195
2001-07-24,17.887248992919922
2001-07-25,18.007930755615234
2001-07-26,18.1857852935791
2001-07-27,18.357301712036133
2001-07-30,18.319177627563477
2001-07-31,18.319177627563477
2001-08-01,18.42080307006836
2001-08-02,18.446218490600586
2001-08-03,18.535152435302734
2001-08-06,18.134979248046875
2001-08-07,18.268362045288086
2001-08-08,18.103212356567383
2001-08-09,18.109561920166016
2001-08-10,18.446218490600586
2001-08-13,18.27472496032715
2001-08-14,18.287433624267578
2001-08-15,18.249305725097656
2001-08-16,18.24295425415039
2001-08-17,18.02063751220703
2001-08-20,18.007930755615234
2001-08-21,17.982526779174805
2001-08-22,17.950761795043945
2001-08-23,18.007930755615234
2001-08-24,18.338237762451172
2001-08-27,18.331884384155273
2001-08-28,17.982526779174805
2001-08-29,17.861835479736328
2001-08-30,17.531524658203125
2001-08-31,17.690330505371094
2001-09-04,17.52518081665039
2001-09-05,17.569650650024414
2001-09-06,17.264739990234375
2001-09-07,16.832813262939453
2001-09-10,16.801048278808594
2001-09-17,15.24481201171875
2001-09-18,15.028848648071289
2001-09-19,14.65407657623291
2001-09-20,13.815617561340332
2001-09-21,13.829002380371094
2001-09-24,14.753922462463379
2001-09-25,14.849600791931152
2001-09-26,14.588067054748535
2001-09-27,14.747538566589355
2001-09-28,15.098369598388672
2001-10-01,14.964417457580566
2001-10-02,15.257832527160645
2001-10-03,15.627801895141602
2001-10-04,15.646942138671875
2001-10-05,15.634170532226562
2001-10-08,15.449193954467773
2001-10-09,15.391793251037598
2001-10-10,15.672444343566895
2001-10-11,16.13808822631836
2001-10-12,15.985007286071777
2001-10-15,16.09344482421875
2001-10-16,16.055166244506836
2001-10-17,15.67882251739502
2001-10-18,15.615046501159668
2001-10-19,15.525741577148438
2001-10-22,15.851056098937988
2001-10-23,15.768122673034668
2001-10-24,15.844674110412598
2001-10-25,16.09344482421875
2001-10-26,16.393251419067383
2001-10-29,15.787263870239258
2001-10-30,15.442811965942383
2001-10-31,15.366264343261719
2001-11-01,15.68520450592041
2001-11-02,15.927592277526855
2001-11-05,16.163606643676758
2001-11-06,16.393251419067383
2001-11-07,16.354961395263672
2001-11-08,16.52719497680664
2001-11-09,16.46978187561035
2001-11-12,16.27842140197754
2001-11-13,16.680282592773438
2001-11-14,16.763198852539062
2001-11-15,16.84613037109375
2001-11-16,16.980085372924805
2001-11-19,17.133167266845703
2001-11-20,16.90353012084961
2001-11-21,16.935426712036133
2001-11-23,17.139549255371094
2001-11-26,17.22247314453125
2001-11-27,17.107656478881836
2001-11-28,16.839750289916992
2001-11-29,16.935426712036133
2001-11-30,16.90353012084961
2001-12-03,16.756832122802734
2001-12-04,16.96094512939453
2001-12-05,17.324535369873047
2001-12-06,17.5350284576416
2001-12-07,17.343666076660156
2001-12-10,17.075761795043945
2001-12-11,16.999217987060547
2001-12-12,17.082141876220703
2001-12-13,16.96094512939453
2001-12-14,16.788713455200195
2001-12-17,17.043861389160156
2001-12-18,17.452102661132812
2001-12-19,17.617950439453125
2001-12-20,17.515892028808594
2001-12-21,17.713638305664062
2001-12-24,17.732770919799805
2001-12-26,17.79654884338379
2001-12-27,17.790178298950195
2001-12-28,17.892227172851562
2001-12-31,17.668973922729492
2002-01-02,17.668973922729492
2002-01-03,17.662599563598633
2002-01-04,17.668973922729492
2002-01-07,17.547779083251953
2002-01-08,17.496749877929688
2002-01-09,17.40106773376465
2002-01-10,17.22247314453125
2002-01-11,16.941801071166992
2002-01-14,16.750444412231445
2002-01-15,16.76958465576172
2002-01-16,16.201868057250977
2002-01-17,16.265663146972656
2002-01-18,16.38048553466797
2002-01-22,16.476163864135742
2002-01-23,16.393251419067383
2002-01-24,16.539949417114258
2002-01-25,16.76958465576172
2002-01-28,16.756832122802734
2002-01-29,16.118953704833984
2002-01-30,16.29755210876465
2002-01-31,16.55270767211914
2002-02-01,16.425128936767578
2002-02-04,15.69796085357666
2002-02-05,15.481086730957031
2002-02-06,15.595901489257812
2002-02-07,15.780881881713867
2002-02-08,15.876564979553223
2002-02-11,16.22102165222168
2002-02-12,16.080686569213867
2002-02-13,16.25290870666504
2002-02-14,16.31031608581543
2002-02-15,16.19549560546875
2002-02-19,16.150850296020508
2002-02-20,16.38686180114746
2002-02-21,16.323076248168945
2002-02-22,16.482534408569336
2002-02-25,16.916290283203125
2002-02-26,16.980085372924805
2002-02-27,17.1842041015625
2002-02-28,16.967321395874023
2002-03-01,17.36280059814453
2002-03-04,17.95602798461914
2002-03-05,17.732770919799805
2002-03-06,18.268577575683594
2002-03-07,18.051700592041016
2002-03-08,18.172897338867188
2002-03-11,18.211177825927734
2002-03-12,18.172897338867188
2002-03-13,17.924123764038086
2002-03-14,17.943265914916992
2002-03-15,17.957334518432617
2002-03-18,17.886962890625
2002-03-19,18.078880310058594
2002-03-20,17.880569458007812
2002-03-21,17.52231788635254
2002-03-22,17.419960021972656
2002-03-25,17.144872665405273
2002-03-26,17.253633499145508
2002-03-27,17.368776321411133
2002-03-28,17.426345825195312
2002-04-01,17.419960021972656
2002-04-02,17.253633499145508
2002-04-03,17.016923904418945
2002-04-04,17.151268005371094
2002-04-05,17.228042602539062
2002-04-08,17.36237907409668
2002-04-09,17.349590301513672
2002-04-10,17.752620697021484
2002-04-11,17.183259963989258
2002-04-12,17.157669067382812
2002-04-15,16.978548049926758
2002-04-16,17.279216766357422
2002-04-17,17.157669067382812
2002-04-18,17.02972412109375
2002-04-19,16.93376350402832
2002-04-22,16.66507339477539
2002-04-23,16.633087158203125
2002-04-24,16.492341995239258
2002-04-25,16.29403305053711
2002-04-26,16.12769317626953
2002-04-29,15.77584171295166
2002-04-30,16.223649978637695
2002-05-01,16.274839401245117
2002-05-02,16.33240509033203
2002-05-03,16.33881187438965
2002-05-06,15.87819766998291
2002-05-07,15.890996932983398
2002-05-08,16.549917221069336
2002-05-09,16.268447875976562
2002-05-10,16.025344848632812
2002-05-13,16.12769317626953
2002-05-14,16.485944747924805
2002-05-15,16.549917221069336
2002-05-16,16.652278900146484
2002-05-17,16.799413681030273
2002-05-20,16.66507339477539
2002-05-21,16.40918731689453
2002-05-22,16.479543685913086
2002-05-23,16.786624908447266
2002-05-24,16.60110092163086
2002-05-28,16.41558265686035
2002-05-29,16.230056762695312
2002-05-30,16.15967559814453
2002-05-31,16.29403305053711
2002-06-03,15.679882049560547
2002-06-04,15.55193042755127
2002-06-05,15.814227104187012
2002-06-06,15.436784744262695
2002-06-07,15.436784744262695
2002-06-10,15.558334350585938
2002-06-11,15.372808456420898
2002-06-12,15.366414070129395
2002-06-13,15.328027725219727
2002-06-14,15.251256942749023
2002-06-17,15.679882049560547
2002-06-18,15.827016830444336
2002-06-19,15.705469131469727
2002-06-20,15.583928108215332
2002-06-21,15.192095756530762
2002-06-24,15.403721809387207
2002-06-25,15.076666831970215
2002-06-26,15.070247650146484
2002-06-27,15.307528495788574
2002-06-28,15.29471206665039
2002-07-01,14.954825401306152
2002-07-02,14.723958015441895
2002-07-03,14.743196487426758
2002-07-05,15.35241985321045
2002-07-08,15.095902442932129
2002-07-09,14.717541694641113
2002-07-10,14.35842514038086
2002-07-11,14.377659797668457
2002-07-12,14.332767486572266
2002-07-15,14.22375202178955
2002-07-16,13.928751945495605
2002-07-17,14.095490455627441
2002-07-18,13.685070037841797
2002-07-19,13.261817932128906
2002-07-22,12.838565826416016
2002-07-23,12.54998779296875
2002-07-24,13.223346710205078
2002-07-25,13.236173629760742
2002-07-26,13.447792053222656
2002-07-29,14.287882804870605
2002-07-30,14.454618453979492
2002-07-31,14.428969383239746
2002-08-01,14.10832691192627
2002-08-02,13.595293045043945
2002-08-05,13.146381378173828
2002-08-06,13.595293045043945
2002-08-07,13.935165405273438
2002-08-08,14.339178085327148
2002-08-09,14.448202133178711
2002-08-12,14.281471252441406
2002-08-13,13.94799518585205
2002-08-14,14.249402046203613
2002-08-15,14.364832878112793
2002-08-16,14.352010726928711
2002-08-19,14.691890716552734
2002-08-20,14.62135124206543
2002-08-21,14.666244506835938
2002-08-22,14.877864837646484
2002-08-23,14.531567573547363
2002-08-26,14.711129188537598
2002-08-27,14.582871437072754
2002-08-28,14.300703048706055
2002-08-29,14.191689491271973
2002-08-30,14.20451545715332
2002-09-03,13.710724830627441
2002-09-04,13.845396041870117
2002-09-05,13.601704597473145
2002-09-06,13.774847030639648
2002-09-09,13.890284538269043
2002-09-10,14.044191360473633
2002-09-11,14.044191360473633
2002-09-12,13.851807594299316
2002-09-13,13.518336296081543
2002-09-16,13.653003692626953
2002-09-17,13.370841979980469
2002-09-18,13.351601600646973
2002-09-19,13.088674545288086
2002-09-20,13.138235092163086
2002-09-23,12.970869064331055
2002-09-24,12.694076538085938
2002-09-25,12.938692092895508
2002-09-26,13.189738273620605
2002-09-27,12.68763542175293
2002-09-30,12.565330505371094
2002-10-01,13.1124906539917
2002-10-02,12.661888122558594
2002-10-03,12.558895111083984
2002-10-04,12.230600357055664
2002-10-07,11.902305603027344
2002-10-08,11.992429733276367
2002-10-09,11.586886405944824
2002-10-10,11.985994338989258
2002-10-11,12.539586067199707
2002-10-14,12.468779563903809
2002-10-15,13.073867797851562
2002-10-16,12.752006530761719
2002-10-17,13.151114463806152
2002-10-18,13.131796836853027
2002-10-21,13.530902862548828
2002-10-22,13.34422779083252
2002-10-23,13.479408264160156
2002-10-24,13.196171760559082
2002-10-25,13.363543510437012
2002-10-28,13.176859855651855
2002-10-29,13.067425727844238
2002-10-30,13.080306053161621
2002-10-31,13.183298110961914
2002-11-01,13.357107162475586
2002-11-04,13.369980812072754
2002-11-05,13.49872875213623
2002-11-06,13.74976634979248
2002-11-07,13.453658103942871
2002-11-08,13.254109382629395
2002-11-11,13.003063201904297
2002-11-12,13.009496688842773
2002-11-13,12.983747482299805
2002-11-14,13.163987159729004
2002-11-15,13.163987159729004
2002-11-18,13.067425727844238
2002-11-19,13.086743354797363
2002-11-20,13.279850006103516
2002-11-21,13.827017784118652
2002-11-22,13.762643814086914
2002-11-25,13.736888885498047
2002-11-26,13.543785095214844
2002-11-27,13.904266357421875
2002-11-29,13.8720703125
2002-12-02,13.962198257446289
2002-12-03,13.730457305908203
2002-12-04,13.685401916503906
2002-12-05,13.543785095214844
2002-12-06,13.537345886230469
2002-12-09,13.324921607971191
2002-12-10,13.434344291687012
2002-12-11,13.505157470703125
2002-12-12,13.453658103942871
2002-12-13,13.221925735473633
2002-12-16,13.550212860107422
2002-12-17,13.382852554321289
2002-12-18,13.363543510437012
2002-12-19,13.26698112487793
2002-12-20,13.476051330566406
2002-12-23,13.411325454711914
2002-12-24,13.346599578857422
2002-12-26,13.391904830932617
2002-12-27,13.133001327514648
2002-12-30,13.204195022583008
2002-12-31,13.327180862426758
2003-01-02,13.670228004455566
2003-01-03,13.715538024902344
2003-01-06,13.838518142700195
2003-01-07,13.760848045349121
2003-01-08,13.592564582824707
2003-01-09,13.767319679260254
2003-01-10,13.741430282592773
2003-01-13,13.715538024902344
2003-01-14,13.741430282592773
2003-01-15,13.54724407196045
2003-01-16,13.46957778930664
2003-01-17,13.372485160827637
2003-01-21,13.042373657226562
2003-01-22,12.796422958374023
2003-01-23,13.029434204101562
2003-01-24,12.628127098083496
2003-01-27,12.531041145324707
2003-01-28,12.608716011047363
2003-01-29,12.621662139892578
2003-01-30,12.40158748626709
2003-01-31,12.608716011047363
2003-02-03,12.718748092651367
2003-02-04,12.608716011047363
2003-02-05,12.621662139892578
2003-02-06,12.51810073852539
2003-02-07,12.395121574401855
2003-02-10,12.408061981201172
2003-02-11,12.278611183166504
2003-02-12,12.175050735473633
2003-02-13,12.019705772399902
2003-02-14,12.298028945922852
2003-02-18,12.433955192565918
2003-02-19,12.492201805114746
2003-02-20,12.427477836608887
2003-02-21,12.621662139892578
2003-02-24,12.200934410095215
2003-02-25,12.395121574401855
2003-02-26,12.298028945922852
2003-02-27,12.382174491882324
2003-02-28,12.414530754089355
2003-03-03,12.362746238708496
2003-03-04,12.136218070983887
2003-03-05,12.23330020904541
2003-03-06,12.142685890197754
2003-03-07,12.187993049621582
2003-03-10,11.877312660217285
2003-03-11,11.657240867614746
2003-03-12,11.793160438537598
2003-03-13,12.136218070983887
2003-03-14,12.330389022827148
2003-03-17,12.679912567138672
2003-03-18,12.84820556640625
2003-03-19,12.925872802734375
2003-03-20,12.919402122497559
2003-03-21,13.371623992919922
2003-03-24,12.89731216430664
2003-03-25,12.923303604125977
2003-03-26,12.923303604125977
2003-03-27,12.890813827514648
2003-03-28,12.747868537902832
2003-03-31,12.546452522277832
2003-04-01,12.721879005432129
2003-04-02,13.007773399353027
2003-04-03,12.994772911071777
2003-04-04,13.027260780334473
2003-04-07,13.124723434448242
2003-04-08,13.072742462158203
2003-04-09,12.916801452636719
2003-04-10,12.936294555664062
2003-04-11,12.955785751342773
2003-04-14,13.176697731018066
2003-04-15,13.287149429321289
2003-04-16,13.105224609375
2003-04-17,13.3196439743042
2003-04-21,13.202686309814453
2003-04-22,13.599027633666992
2003-04-23,13.70948314666748
2003-04-24,13.579535484313965
2003-04-25,13.475577354431152
2003-04-28,13.71597671508789
2003-04-29,13.75497055053711
2003-04-30,13.904402732849121
2003-05-01,13.696483612060547
2003-05-02,13.884912490844727
2003-05-05,13.839431762695312
2003-05-06,13.87840747833252
2003-05-07,13.858927726745605
2003-05-08,13.728970527648926
2003-05-09,13.93690013885498
2003-05-12,14.040847778320312
2003-05-13,13.995372772216797
2003-05-14,13.949882507324219
2003-05-15,14.099318504333496
2003-05-16,14.034355163574219
2003-05-19,13.670502662658691
2003-05-20,13.748467445373535
2003-05-21,13.670502662658691
2003-05-22,13.774455070495605
2003-05-23,13.826436042785645
2003-05-27,14.164300918579102
2003-05-28,14.112324714660645
2003-05-29,13.956385612487793
2003-05-30,14.281248092651367
2003-06-02,14.424195289611816
2003-06-03,14.44369125366211
2003-06-04,14.632109642028809
2003-06-05,14.671102523803711
2003-06-06,14.794548034667969
2003-06-09,14.59962272644043
2003-06-10,14.677589416503906
2003-06-11,14.969980239868164
2003-06-12,15.008959770202637
2003-06-13,14.846529960632324
2003-06-16,15.20388126373291
2003-06-17,15.210373878479004
2003-06-18,15.132413864135742
2003-06-19,14.853026390075684
2003-06-20,14.924647331237793
2003-06-23,14.742331504821777
2003-06-24,14.748847007751465
2003-06-25,14.52092456817627
2003-06-26,14.696755409240723
2003-06-27,14.553483009338379
2003-06-30,14.579535484313965
2003-07-01,14.612091064453125
2003-07-02,14.651164054870605
2003-07-03,14.638136863708496
2003-07-07,14.833494186401367
2003-07-08,14.944182395935059
2003-07-09,14.781404495239258
2003-07-10,14.58604621887207
2003-07-11,14.735816955566406
2003-07-14,14.683714866638184
2003-07-15,14.592562675476074
2003-07-16,14.560002326965332
2003-07-17,14.52092456817627
2003-07-18,14.716283798217773
2003-07-21,14.651164054870605
2003-07-22,14.833494186401367
2003-07-23,14.787901878356934
2003-07-24,14.787901878356934
2003-07-25,15.119999885559082
2003-07-28,15.133030891418457
2003-07-29,14.924647331237793
2003-07-30,14.924647331237793
2003-07-31,15.061399459838867
2003-08-01,14.944182395935059
2003-08-04,14.9767427444458
2003-08-05,14.722790718078613
2003-08-06,14.696755409240723
2003-08-07,14.787901878356934
2003-08-08,14.807440757751465
2003-08-11,14.924647331237793
2003-08-12,15.06790828704834
2003-08-13,15.015813827514648
2003-08-14,15.191630363464355
2003-08-15,15.334883689880371
2003-08-18,15.562785148620605
2003-08-19,15.653949737548828
2003-08-20,15.562785148620605
2003-08-21,15.7451171875
2003-08-22,15.595349311828613
2003-08-25,15.452095031738281
2003-08-26,15.54326343536377
2003-08-27,15.530235290527344
2003-08-28,15.653949737548828
2003-08-29,15.647441864013672
2003-09-02,15.875349998474121
2003-09-03,16.005584716796875
2003-09-04,15.992557525634766
2003-09-05,15.816749572753906
2003-09-08,15.894885063171387
2003-09-09,15.725584030151367
2003-09-10,15.54326343536377
2003-09-11,15.67348575592041
2003-09-12,15.666969299316406
2003-09-15,15.68651294708252
2003-09-16,15.888375282287598
2003-09-17,15.823261260986328
2003-09-18,16.01209831237793
2003-09-19,15.94478988647461
2003-09-22,15.73568344116211
2003-09-23,15.794486999511719
2003-09-24,15.487356185913086
2003-09-25,15.369721412658691
2003-09-26,15.20635986328125
2003-09-29,15.363189697265625
2003-09-30,15.219432830810547
2003-10-01,15.520030975341797
2003-10-02,15.591912269592285
2003-10-03,15.74874210357666
2003-10-06,15.755278587341309
2003-10-07,15.833691596984863
2003-10-08,15.761816024780273
2003-10-09,15.86636734008789
2003-10-10,15.774880409240723
2003-10-13,15.840229988098145
2003-10-14,15.91865062713623
2003-10-15,15.94478988647461
2003-10-16,15.951321601867676
2003-10-17,15.840229988098145
2003-10-20,15.879446029663086
2003-10-21,15.853303909301758
2003-10-22,15.670321464538574
2003-10-23,15.709528923034668
2003-10-24,15.716062545776367
2003-10-27,15.72259521484375
2003-10-28,15.905577659606934
2003-10-29,16.01013946533203
2003-10-30,16.134294509887695
2003-10-31,16.16043472290039
2003-11-03,16.23885726928711
2003-11-04,16.284591674804688
2003-11-05,16.271526336669922
2003-11-06,16.356481552124023
2003-11-07,16.297657012939453
2003-11-10,16.14736557006836
2003-11-11,16.088542938232422
2003-11-12,16.349939346313477
2003-11-13,16.343414306640625
2003-11-14,16.219240188598633
2003-11-17,16.173503875732422
2003-11-18,16.095090866088867
2003-11-19,16.23885726928711
2003-11-20,16.121227264404297
2003-11-21,16.134294509887695
2003-11-24,16.330341339111328
2003-11-25,16.461029052734375
2003-11-26,16.461029052734375
2003-11-28,16.48063087463379
2003-12-01,16.72242546081543
2003-12-02,16.689746856689453
2003-12-03,16.70281410217285
2003-12-04,16.755090713500977
2003-12-05,16.630935668945312
2003-12-08,16.781232833862305
2003-12-09,16.781232833862305
2003-12-10,16.748552322387695
2003-12-11,17.009950637817383
2003-12-12,17.036090850830078
2003-12-15,17.055696487426758
2003-12-16,17.160249710083008
2003-12-17,17.179851531982422
2003-12-18,17.37589454650879
2003-12-19,17.389036178588867
2003-12-22,17.49409294128418
2003-12-23,17.533504486083984
2003-12-24,17.467824935913086
2003-12-26,17.434995651245117
2003-12-29,17.658275604248047
2003-12-30,17.553199768066406
2003-12-31,17.57289695739746
2004-01-02,17.559770584106445
2004-01-05,17.73050880432129
2004-01-06,17.704242706298828
2004-01-07,17.73050880432129
2004-01-08,17.842147827148438
2004-01-09,17.664836883544922
2004-01-12,17.723949432373047
2004-01-13,17.651704788208008
2004-01-14,17.894678115844727
2004-01-15,17.92094612121582
2004-01-16,18.255847930908203
2004-01-20,18.032588958740234
2004-01-21,18.157352447509766
2004-01-22,18.071979522705078
2004-01-23,18.00631332397461
2004-01-26,18.23614501953125
2004-01-27,18.05884552001953
2004-01-28,17.776470184326172
2004-01-29,17.783035278320312
2004-01-30,17.750200271606445
2004-02-02,17.71737289428711
2004-02-03,17.651704788208008
2004-02-04,17.566333770751953
2004-02-05,17.73050880432129
2004-02-06,17.809307098388672
2004-02-09,17.763338088989258
2004-02-10,17.750200271606445
2004-02-11,17.94721031188965
2004-02-12,17.934080123901367
2004-02-13,17.848711013793945
2004-02-17,17.986608505249023
2004-02-18,17.894678115844727
2004-02-19,17.756778717041016
2004-02-20,17.723949432373047
2004-02-23,17.658275604248047
2004-02-24,17.658275604248047
2004-02-25,17.612302780151367
2004-02-26,17.625442504882812
2004-02-27,17.618871688842773
2004-03-01,17.71080207824707
2004-03-02,17.651704788208008
2004-03-03,17.645143508911133
2004-03-04,17.71080207824707
2004-03-05,17.750200271606445
2004-03-08,17.448131561279297
2004-03-09,17.32992935180664
2004-03-10,17.008153915405273
2004-03-11,16.75204849243164
2004-03-12,17.040990829467773
2004-03-15,16.830841064453125
2004-03-16,17.021291732788086
2004-03-17,17.231426239013672
2004-03-18,17.251136779785156
2004-03-19,17.034326553344727
2004-03-22,16.803691864013672
2004-03-23,16.757556915283203
2004-03-24,16.757556915283203
2004-03-25,17.034326553344727
2004-03-26,17.126577377319336
2004-03-29,17.33085823059082
2004-03-30,17.436298370361328
2004-03-31,17.403352737426758
2004-04-01,17.502193450927734
2004-04-02,17.699888229370117
2004-04-05,17.910749435424805
2004-04-06,17.897571563720703
2004-04-07,17.8580379486084
2004-04-08,17.759201049804688
2004-04-12,17.93710708618164
2004-04-13,17.660335540771484
2004-04-14,17.64716339111328
2004-04-15,17.699888229370117
2004-04-16,17.8580379486084
2004-04-19,17.759201049804688
2004-04-20,17.58127212524414
2004-04-21,17.693300247192383
2004-04-22,18.08207893371582
2004-04-23,18.00300407409668
2004-04-26,17.910749435424805
2004-04-27,17.923934936523438
2004-04-28,17.686710357666016
2004-04-29,17.528549194335938
2004-04-30,17.396759033203125
2004-05-03,17.594453811645508
2004-05-04,17.666933059692383
2004-05-05,17.680116653442383
2004-05-06,17.587860107421875
2004-05-07,17.278152465820312
2004-05-10,17.027738571166992
2004-05-11,17.133169174194336
2004-05-12,17.278152465820312
2004-05-13,17.278152465820312
2004-05-14,17.245193481445312
2004-05-17,17.054096221923828
2004-05-18,17.225427627563477
2004-05-19,17.199068069458008
2004-05-20,17.159526824951172
2004-05-21,17.278152465820312
2004-05-24,17.409940719604492
2004-05-25,17.660335540771484
2004-05-26,17.699888229370117
2004-05-27,17.825082778930664
2004-05-28,17.825082778930664
2004-06-01,17.825082778930664
2004-06-02,17.989830017089844
2004-06-03,17.8580379486084
2004-06-04,17.956886291503906
2004-06-07,18.2665958404541
2004-06-08,18.30613899230957
2004-06-09,18.147977828979492
2004-06-10,18.273183822631836
2004-06-14,18.174348831176758
2004-06-15,18.339082717895508
2004-06-16,18.38521385192871
2004-06-17,18.398393630981445
2004-06-18,18.50272560119629
2004-06-21,18.430084228515625
2004-06-22,18.601768493652344
2004-06-23,18.865909576416016
2004-06-24,18.826295852661133
2004-06-25,18.799880981445312
2004-06-28,18.661209106445312
2004-06-29,18.80647850036621
2004-06-30,18.925342559814453
2004-07-01,18.641395568847656
2004-07-02,18.4829044342041
2004-07-06,18.443296432495117
2004-07-07,18.476303100585938
2004-07-08,18.370655059814453
2004-07-09,18.522531509399414
2004-07-12,18.5489501953125
2004-07-13,18.58857536315918
2004-07-14,18.555551528930664
2004-07-15,18.64800453186035
2004-07-16,18.575361251831055
2004-07-19,18.496122360229492
2004-07-20,18.608381271362305
2004-07-21,18.36404800415039
2004-07-22,18.25179672241211
2004-07-23,18.16595458984375
2004-07-26,18.106517791748047
2004-07-27,18.291404724121094
2004-07-28,18.403669357299805
2004-07-29,18.423479080200195
2004-07-30,18.397069931030273
2004-08-02,18.4829044342041
2004-08-03,18.383867263793945
2004-08-04,18.383867263793945
2004-08-05,18.007471084594727
2004-08-06,17.637676239013672
2004-08-09,17.67729949951172
2004-08-10,17.974451065063477
2004-08-11,17.954641342163086
2004-08-12,17.690509796142578
2004-08-13,17.657482147216797
2004-08-16,17.98765754699707
2004-08-17,17.974451065063477
2004-08-18,18.258398056030273
2004-08-19,18.04047966003418
2004-08-20,18.21877670288086
2004-08-23,18.212175369262695
2004-08-24,18.225378036499023
2004-08-25,18.423479080200195
2004-08-26,18.430084228515625
2004-08-27,18.423479080200195
2004-08-30,18.32443618774414
2004-08-31,18.41027069091797
2004-09-01,18.416872024536133
2004-09-02,18.667802810668945
2004-09-03,18.6149845123291
2004-09-07,18.7536563873291
2004-09-08,18.720626831054688
2004-09-09,18.67441749572754
2004-09-10,18.727224349975586
2004-09-13,18.747051239013672
2004-09-14,18.79328155517578
2004-09-15,18.621583938598633
2004-09-16,18.740442276000977
2004-09-17,18.945205688476562
2004-09-20,18.84580421447754
2004-09-21,18.918697357177734
2004-09-22,18.65363883972168
2004-09-23,18.474716186523438
2004-09-24,18.540992736816406
2004-09-27,18.395206451416016
2004-09-28,18.580747604370117
2004-09-29,18.647014617919922
2004-09-30,18.806049346923828
2004-10-01,19.071107864379883
2004-10-04,19.051225662231445
2004-10-05,18.97170639038086
2004-10-06,19.170509338378906
2004-10-07,18.951831817626953
2004-10-08,18.799419403076172
2004-10-11,18.819307327270508
2004-10-12,18.812673568725586
2004-10-13,18.593996047973633
2004-10-14,18.514480590820312
2004-10-15,18.647014617919922
2004-10-18,18.700023651123047
2004-10-19,18.53435516357422
2004-10-20,18.481340408325195
2004-10-21,18.57411766052246
2004-10-22,18.408458709716797
2004-10-25,18.408458709716797
2004-10-26,18.686769485473633
2004-10-27,18.951831817626953
2004-10-28,18.912084579467773
2004-10-29,18.99821662902832
2004-11-01,19.05785369873047
2004-11-02,19.077733993530273
2004-11-03,19.289783477783203
2004-11-04,19.607858657836914
2004-11-05,19.760269165039062
2004-11-08,19.813283920288086
2004-11-09,19.88616371154785
2004-11-10,19.94582176208496
2004-11-11,20.1777400970459
2004-11-12,20.250629425048828
2004-11-15,20.23737335205078
2004-11-16,20.10484504699707
2004-11-17,20.250629425048828
2004-11-18,20.363271713256836
2004-11-19,20.118093490600586
2004-11-22,20.164478302001953
2004-11-23,20.1313533782959
2004-11-24,20.2241268157959
2004-11-26,20.2241268157959
2004-11-29,20.144601821899414
2004-11-30,20.190982818603516
2004-12-01,20.528947830200195
2004-12-02,20.462675094604492
2004-12-03,20.469295501708984
2004-12-06,20.356658935546875
2004-12-07,20.190982818603516
2004-12-08,20.244001388549805
2004-12-09,20.36989974975586
2004-12-10,20.44280433654785
2004-12-13,20.668094635009766
2004-12-14,20.707862854003906
2004-12-15,20.734363555908203
2004-12-16,20.615081787109375
2004-12-17,20.592443466186523
2004-12-20,20.60575294494629
2004-12-21,20.718982696533203
2004-12-22,20.785581588745117
2004-12-23,20.812227249145508
2004-12-27,20.692344665527344
2004-12-28,20.805561065673828
2004-12-29,20.75227928161621
2004-12-30,20.765602111816406
2004-12-31,20.692344665527344
2005-01-03,20.51251983642578
2005-01-04,20.25945281982422
2005-01-05,20.119585037231445
2005-01-06,20.186185836791992
2005-01-07,20.092939376831055
2005-01-10,20.16620635986328
2005-01-11,20.072975158691406
2005-01-12,20.09960174560547
2005-01-13,19.906471252441406
2005-01-14,20.0396671295166
2005-01-18,20.119585037231445
2005-01-19,19.959753036499023
2005-01-20,19.779937744140625
2005-01-21,19.65339469909668
2005-01-24,19.59345245361328
2005-01-25,19.779937744140625
2005-01-26,19.819889068603516
2005-01-27,19.873165130615234
2005-01-28,19.853191375732422
2005-01-31,20.11292839050293
2005-02-01,20.172870635986328
2005-02-02,20.172870635986328
2005-02-03,20.11292839050293
2005-02-04,20.27942657470703
2005-02-07,20.266103744506836
2005-02-08,20.379322052001953
2005-02-09,20.16620635986328
2005-02-10,20.25945281982422
2005-02-11,20.392650604248047
2005-02-14,20.37266731262207
2005-02-15,20.439266204833984
2005-02-16,20.49921226501465
2005-02-17,20.312719345092773
2005-02-18,20.312719345092773
2005-02-22,19.986379623413086
2005-02-23,20.013032913208008
2005-02-24,20.299400329589844
2005-02-25,20.465898513793945
2005-02-28,20.346027374267578
2005-03-01,20.412620544433594
2005-03-02,20.47255516052246
2005-03-03,20.519180297851562
2005-03-04,20.805561065673828
2005-03-07,20.90545654296875
2005-03-08,20.892141342163086
2005-03-09,20.665693283081055
2005-03-10,20.712316513061523
2005-03-11,20.65904426574707
2005-03-14,20.77225685119629
2005-03-15,20.65904426574707
2005-03-16,20.419279098510742
2005-03-17,20.412620544433594
2005-03-18,20.43735122680664
2005-03-21,20.504186630249023
2005-03-22,20.39056396484375
2005-03-23,20.263595581054688
2005-03-24,20.363845825195312
2005-03-28,20.343788146972656
2005-03-29,20.009628295898438
2005-03-30,20.39056396484375
2005-03-31,20.33710289001465
2005-04-01,20.143293380737305
2005-04-04,20.12323760986328
2005-04-05,20.223487854003906
2005-04-06,20.230175018310547
2005-04-07,20.397253036499023
2005-04-08,20.19007682800293
2005-04-11,20.230175018310547
2005-04-12,20.39056396484375
2005-04-13,20.036359786987305
2005-04-14,19.735612869262695
2005-04-15,19.34798812866211
2005-04-18,19.408130645751953
2005-04-19,19.495014190673828
2005-04-20,19.294519424438477
2005-04-21,19.809123992919922
2005-04-22,19.575214385986328
2005-04-25,19.809123992919922
2005-04-26,19.55516242980957
2005-04-27,19.581899642944336
2005-04-28,19.368040084838867
2005-04-29,19.59526824951172
2005-05-02,19.702192306518555
2005-05-03,19.561851501464844
2005-05-04,19.789077758789062
2005-05-05,19.688827514648438
2005-05-06,19.76902198791504
2005-05-09,19.902692794799805
2005-05-10,19.66878318786621
2005-05-11,19.809123992919922
2005-05-12,19.59526824951172
2005-05-13,19.495014190673828
2005-05-16,19.76902198791504
2005-05-17,19.902692794799805
2005-05-18,20.203445434570312
2005-05-19,20.230175018310547
2005-05-20,20.223487854003906
2005-05-23,20.363845825195312
2005-05-24,20.31037139892578
2005-05-25,20.13661766052246
2005-05-26,20.28363609313965
2005-05-27,20.270275115966797
2005-05-31,20.216812133789062
2005-06-01,20.29032325744629
2005-06-02,20.29032325744629
2005-06-03,20.196758270263672
2005-06-06,20.210126876831055
2005-06-07,20.297014236450195
2005-06-08,20.170024871826172
2005-06-09,20.17671012878418
2005-06-10,20.14997673034668
2005-06-13,20.183391571044922
2005-06-14,20.13661766052246
2005-06-15,20.156654357910156
2005-06-16,20.17671012878418
2005-06-17,20.340850830078125
2005-06-20,20.26715660095215
2005-06-21,20.26045799255371
2005-06-22,20.159955978393555
2005-06-23,19.751258850097656
2005-06-24,19.623964309692383
2005-06-27,19.597171783447266
2005-06-28,19.93885612487793
2005-06-29,19.811553955078125
2005-06-30,19.684261322021484
2005-07-01,19.751258850097656
2005-07-05,19.811553955078125
2005-07-06,19.59046173095703
2005-07-07,19.637365341186523
2005-07-08,19.97906494140625
2005-07-11,20.012563705444336
2005-07-12,19.905357360839844
2005-07-13,19.965662002563477
2005-07-14,20.14656639099121
2005-07-15,20.1197566986084
2005-07-18,20.079559326171875
2005-07-19,20.24706268310547
2005-07-20,20.481552124023438
2005-07-21,20.37435531616211
2005-07-22,20.434650421142578
2005-07-25,20.287254333496094
2005-07-26,20.38775062561035
2005-07-27,20.468151092529297
2005-07-28,20.58205223083496
2005-07-29,20.434650421142578
2005-08-01,20.421255111694336
2005-08-02,20.394454956054688
2005-08-03,20.354259490966797
2005-08-04,20.22025489807129
2005-08-05,20.113056182861328
2005-08-08,20.0661563873291
2005-08-09,20.21355628967285
2005-08-10,20.200159072875977
2005-08-11,20.367650985717773
2005-08-12,20.28055763244629
2005-08-15,20.32075309753418
2005-08-16,20.086259841918945
2005-08-17,20.139854431152344
2005-08-18,20.052759170532227
2005-08-19,20.133163452148438
2005-08-22,20.17335319519043
2005-08-23,20.079559326171875
2005-08-24,19.918760299682617
2005-08-25,19.952259063720703
2005-08-26,19.845054626464844
2005-08-29,19.965662002563477
2005-08-30,19.804859161376953
2005-08-31,19.952259063720703
2005-09-01,19.871856689453125
2005-09-02,19.93885612487793
2005-09-06,20.17335319519043
2005-09-07,20.253765106201172
2005-09-08,20.139854431152344
2005-09-09,20.253765106201172
2005-09-12,20.381057739257812
2005-09-13,20.293956756591797
2005-09-14,20.139854431152344
2005-09-15,20.113056182861328
2005-09-16,20.252960205078125
2005-09-19,19.983911514282227
2005-09-20,19.849390029907227
2005-09-21,19.782119750976562
2005-09-22,19.862836837768555
2005-09-23,20.010818481445312
2005-09-26,19.983911514282227
2005-09-27,20.091527938842773
2005-09-28,20.098255157470703
2005-09-29,20.192428588867188
2005-09-30,20.286596298217773
2005-10-03,20.1655216217041
2005-10-04,19.983911514282227
2005-10-05,19.735034942626953
2005-10-06,19.86956024169922
2005-10-07,20.04444694519043
2005-10-10,19.889741897583008
2005-10-11,19.782119750976562
2005-10-12,19.782119750976562
2005-10-13,19.755224227905273
2005-10-14,19.930103302001953
2005-10-17,19.970458984375
2005-10-18,19.829208374023438
2005-10-19,20.091527938842773
2005-10-20,19.835927963256836
2005-10-21,19.70140266418457
2005-10-24,20.00408935546875
2005-10-25,19.977191925048828
2005-10-26,19.80229377746582
2005-10-27,19.62742805480957
2005-10-28,19.943559646606445
2005-10-31,19.99736213684082
2005-11-01,19.936832427978516
2005-11-02,20.138612747192383
2005-11-03,20.226057052612305
2005-11-04,20.239500045776367
2005-11-07,20.313499450683594
2005-11-08,20.185699462890625
2005-11-09,20.232791900634766
2005-11-10,20.49510955810547
2005-11-11,20.53546905517578
2005-11-14,20.575820922851562
2005-11-15,20.56910514831543
2005-11-16,20.643089294433594
2005-11-17,20.838151931762695
2005-11-18,21.053396224975586
2005-11-21,21.17447280883789
2005-11-22,21.228288650512695
2005-11-23,21.255189895629883
2005-11-25,21.26191520690918
2005-11-28,21.147565841674805
2005-11-29,21.194652557373047
2005-11-30,21.161022186279297
2005-12-01,21.39643669128418
2005-12-02,21.315725326538086
2005-12-05,21.201379776000977
2005-12-06,21.288816452026367
2005-12-07,21.134111404418945
2005-12-08,21.039949417114258
2005-12-09,21.154285430908203
2005-12-12,21.161022186279297
2005-12-13,21.181198120117188
2005-12-14,21.362815856933594
2005-12-15,21.39643669128418
2005-12-16,21.430267333984375
2005-12-19,21.22050666809082
2005-12-20,21.234039306640625
2005-12-21,21.342309951782227
2005-12-22,21.504709243774414
2005-12-23,21.545318603515625
2005-12-27,21.355844497680664
2005-12-28,21.389677047729492
2005-12-29,21.382892608642578
2005-12-30,21.261096954345703
2006-01-03,21.403207778930664
2006-01-04,21.45733642578125
2006-01-05,21.423513412475586
2006-01-06,21.504709243774414
2006-01-09,21.680646896362305
2006-01-10,21.619747161865234
2006-01-11,21.633275985717773
2006-01-12,21.47088050842285
2006-01-13,21.396440505981445
2006-01-17,21.288169860839844
2006-01-18,21.315242767333984
2006-01-19,21.416751861572266
2006-01-20,20.949838638305664
2006-01-23,20.96336555480957
2006-01-24,21.118999481201172
2006-01-25,21.11223602294922
2006-01-26,21.34907341003418
2006-01-27,21.396440505981445
2006-01-30,21.44380760192871
2006-01-31,21.32200813293457
2006-02-01,21.504709243774414
2006-02-02,21.32200813293457
2006-02-03,21.27463722229004
2006-02-06,21.34907341003418
2006-02-07,21.193439483642578
2006-02-08,21.29494285583496
2006-02-09,21.416751861572266
2006-02-10,21.558847427368164
2006-02-13,21.58590316772461
2006-02-14,21.84303855895996
2006-02-15,21.903945922851562
2006-02-16,21.964845657348633
2006-02-17,22.01898765563965
2006-02-21,21.931007385253906
2006-02-22,22.161083221435547
2006-02-23,22.08665657043457
2006-02-24,22.100177764892578
2006-02-27,22.242286682128906
2006-02-28,21.985149383544922
2006-03-01,22.161083221435547
2006-03-02,22.100177764892578
2006-03-03,22.154314041137695
2006-03-06,22.03927230834961
2006-03-07,22.052814483642578
2006-03-08,22.025747299194336
2006-03-09,21.998680114746094
2006-03-10,22.228757858276367
2006-03-13,22.2152156829834
2006-03-14,22.42498779296875
2006-03-15,22.763324737548828
2006-03-16,22.776859283447266
2006-03-17,22.950735092163086
2006-03-20,22.90997886657715
2006-03-21,22.821683883666992
2006-03-22,22.991485595703125
2006-03-23,22.896394729614258
2006-03-24,22.876026153564453
2006-03-27,22.896394729614258
2006-03-28,22.7333984375
2006-03-29,22.964326858520508
2006-03-30,22.964326858520508
2006-03-31,22.9575252532959
2006-04-03,23.039030075073242
2006-04-04,23.19525146484375
2006-04-05,23.208839416503906
2006-04-06,23.17487907409668
2006-04-07,23.059410095214844
2006-04-10,22.977903366088867
2006-04-11,22.93715476989746
2006-04-12,23.093372344970703
2006-04-13,22.998279571533203
2006-04-17,22.8828125
2006-04-18,23.43297576904297
2006-04-19,23.582406997680664
2006-04-20,23.670703887939453
2006-04-21,23.697874069213867
2006-04-24,23.779380798339844
2006-04-25,23.500905990600586
2006-04-26,23.62994956970215
2006-04-27,23.500905990600586
2006-04-28,23.453350067138672
2006-05-01,23.51447868347168
2006-05-02,23.70466423034668
2006-05-03,23.711454391479492
2006-05-04,23.99673080444336
2006-05-05,24.234458923339844
2006-05-08,24.214075088500977
2006-05-09,24.214075088500977
2006-05-10,24.227659225463867
2006-05-11,24.105403900146484
2006-05-12,23.72504234313965
2006-05-15,23.73183822631836
2006-05-16,23.72504234313965
2006-05-17,23.236007690429688
2006-05-18,23.04581642150879
2006-05-19,23.120532989501953
2006-05-22,23.072994232177734
2006-05-23,22.964326858520508
2006-05-24,22.9031925201416
2006-05-25,23.059410095214844
2006-05-26,23.18846321105957
2006-05-30,22.889606475830078
2006-05-31,23.052614212036133
2006-06-01,23.290340423583984
2006-06-02,23.32430076599121
2006-06-05,22.821683883666992
2006-06-06,22.7333984375
2006-06-07,22.48208236694336
2006-06-08,22.49566078186035
2006-06-09,22.305477142333984
2006-06-12,22.027002334594727
2006-06-13,21.959081649780273
2006-06-14,22.149259567260742
2006-06-15,22.651872634887695
2006-06-16,22.648469924926758
2006-06-19,22.471426010131836
2006-06-20,22.444190979003906
2006-06-21,22.70975685119629
2006-06-22,22.573572158813477
2006-06-23,22.634851455688477
2006-06-26,22.69614601135254
2006-06-27,22.485044479370117
2006-06-28,22.553142547607422
2006-06-29,23.02980613708496
2006-06-30,23.023000717163086
2006-07-03,23.10470962524414
2006-07-05,22.93447494506836
2006-07-06,22.995769500732422
2006-07-07,22.65528106689453
2006-07-10,22.716567993164062
2006-07-11,22.77785873413086
2006-07-12,22.54633140563965
2006-07-13,22.103717803955078
2006-07-14,21.790475845336914
2006-07-17,21.715572357177734
2006-07-18,21.817712783813477
2006-07-19,22.260332107543945
2006-07-20,21.804092407226562
2006-07-21,21.58619499206543
2006-07-24,21.940288543701172
2006-07-25,21.87900161743164
2006-07-26,21.59980583190918
2006-07-27,21.5589542388916
2006-07-28,21.804092407226562
2006-07-31,21.715572357177734
2006-08-01,21.57938003540039
2006-08-02,21.715572357177734
2006-08-03,21.89261817932129
2006-08-04,21.83133316040039
2006-08-07,21.7428035736084
2006-08-08,21.552146911621094
2006-08-09,21.218469619750977
2006-08-10,21.388710021972656
2006-08-11,21.26614761352539
2006-08-14,21.30699348449707
2006-08-15,21.695146560668945
2006-08-16,22.178611755371094
2006-08-17,22.205852508544922
2006-08-18,22.15138053894043
2006-08-21,21.953901290893555
2006-08-22,22.02199935913086
2006-08-23,21.85857391357422
2006-08-24,21.7428035736084
2006-08-25,21.749616622924805
2006-08-28,21.838144302368164
2006-08-29,21.89261817932129
2006-08-30,21.913047790527344
2006-08-31,21.96071434020996
2006-09-01,22.117338180541992
2006-09-05,22.164995193481445
2006-09-06,21.9334716796875
2006-09-07,21.87900161743164
2006-09-08,21.91985511779785
2006-09-11,21.940288543701172
2006-09-12,22.144569396972656
2006-09-13,22.36928367614746
2006-09-14,22.267148971557617
2006-09-15,22.382028579711914
2006-09-18,22.43673324584961
2006-09-19,22.34783363342285
2006-09-20,22.470928192138672
2006-09-21,22.258939743041992
2006-09-22,22.149526596069336
2006-09-25,22.416213989257812
2006-09-26,22.69659423828125
2006-09-27,22.751300811767578
2006-09-28,22.908584594726562
2006-09-29,22.79917335510254
2006-10-02,22.8675479888916
2006-10-03,23.011159896850586
2006-10-04,23.35308837890625
2006-10-05,23.46932601928711
2006-10-06,23.421459197998047
2006-10-09,23.448816299438477
2006-10-10,23.48300552368164
2006-10-11,23.48984146118164
2006-10-12,23.68815803527832
2006-10-13,23.633455276489258
2006-10-16,23.790733337402344
2006-10-17,23.660808563232422
2006-10-18,23.599254608154297
2006-10-19,23.544551849365234
2006-10-20,23.44198226928711
2006-10-23,23.5650577545166
2006-10-24,23.5787410736084
2006-10-25,23.599254608154297
2006-10-26,23.592422485351562
2006-10-27,23.421459197998047
2006-10-30,23.496685028076172
2006-10-31,23.44198226928711
2006-11-01,23.325716018676758
2006-11-02,23.243661880493164
2006-11-03,23.195791244506836
2006-11-06,23.400955200195312
2006-11-07,23.66764259338379
2006-11-08,23.70183563232422
2006-11-09,23.5582275390625
2006-11-10,23.592422485351562
2006-11-13,23.77705192565918
2006-11-14,23.852275848388672
2006-11-15,24.084779739379883
2006-11-16,24.194196701049805
2006-11-17,24.20787811279297
2006-11-20,24.125816345214844
2006-11-21,24.20787811279297
2006-11-22,24.30360984802246
2006-11-24,24.25574493408203
2006-11-27,23.86595344543457
2006-11-28,23.838594436645508
2006-11-29,24.030075073242188
2006-11-30,24.016401290893555
2006-12-01,23.879627227783203
2006-12-04,24.18735694885254
2006-12-05,24.24205780029297
2006-12-06,24.160009384155273
2006-12-07,24.118976593017578
2006-12-08,24.146326065063477
2006-12-11,24.036914825439453
2006-12-12,24.077953338623047
2006-12-13,23.99589729309082
2006-12-14,24.132658004760742
2006-12-15,24.265695571899414
2006-12-18,24.29327392578125
2006-12-19,24.3001766204834
2006-12-20,24.33463478088379
2006-12-21,24.286375045776367
2006-12-22,24.13471221923828
2006-12-26,24.251920700073242
2006-12-27,24.375999450683594
2006-12-28,24.29327392578125
2006-12-29,24.13471221923828
2007-01-03,24.286375045776367
2007-01-04,24.182979583740234
2007-01-05,24.100252151489258
2007-01-08,24.189884185791016
2007-01-09,24.176088333129883
2007-01-10,24.258804321289062
2007-01-11,24.458721160888672
2007-01-12,24.527664184570312
2007-01-16,24.658639907836914
2007-01-17,24.679317474365234
2007-01-18,24.569021224975586
2007-01-19,24.555233001708984
2007-01-22,24.286375045776367
2007-01-23,24.569021224975586
2007-01-24,24.500083923339844
2007-01-25,24.369102478027344
2007-01-26,24.272605895996094
2007-01-29,24.327747344970703
2007-01-30,24.313955307006836
2007-01-31,24.63796043395996
2007-02-01,24.851661682128906
2007-02-02,24.948163986206055
2007-02-05,24.996423721313477
2007-02-06,25.00331687927246
2007-02-07,24.982635498046875
2007-02-08,24.810293197631836
2007-02-09,24.713788986206055
2007-02-12,24.755159378051758
2007-02-13,24.955068588256836
2007-02-14,25.3204345703125
2007-02-15,25.37558364868164
2007-02-16,25.272174835205078
2007-02-20,25.31353759765625
2007-02-21,25.382471084594727
2007-02-22,25.299758911132812
2007-02-23,25.23081398010254
2007-02-26,25.0860595703125
2007-02-27,24.33463478088379
2007-02-28,24.362211227416992
2007-03-01,24.32085418701172
2007-03-02,24.01753807067871
2007-03-05,23.955480575561523
2007-03-06,24.231233596801758
2007-03-07,24.13471221923828
2007-03-08,24.313955307006836
2007-03-09,24.438032150268555
2007-03-12,24.555233001708984
2007-03-13,24.141620635986328
2007-03-14,24.238122940063477
2007-03-15,24.265695571899414
2007-03-16,24.352750778198242
2007-03-19,24.525468826293945
2007-03-20,24.587646484375
2007-03-21,24.92617416381836
2007-03-22,24.97452163696289
2007-03-23,25.119604110717773
2007-03-26,24.912351608276367
2007-03-27,24.794898986816406
2007-03-28,24.59454917907715
2007-03-29,24.587646484375
2007-03-30,24.56000328063965
2007-04-02,24.601463317871094
2007-04-03,24.77418327331543
2007-04-04,24.677446365356445
2007-04-05,24.753456115722656
2007-04-09,24.725811004638672
2007-04-10,24.718908309936523
2007-04-11,24.622190475463867
2007-04-12,24.919254302978516
2007-04-13,24.912351608276367
2007-04-16,25.11269187927246
2007-04-17,25.11269187927246
2007-04-18,25.181785583496094
2007-04-19,25.264680862426758
2007-04-20,25.437406539916992
2007-04-23,25.534122467041016
2007-04-24,25.458126068115234
2007-04-25,25.720653533935547
2007-04-26,25.706829071044922
2007-04-27,26.003894805908203
2007-04-30,25.699914932250977
2007-05-01,25.858810424804688
2007-05-02,26.024627685546875
2007-05-03,26.211151123046875
2007-05-04,26.238792419433594
2007-05-07,26.307870864868164
2007-05-08,26.294069290161133
2007-05-09,26.36315155029297
2007-05-10,26.183528900146484
2007-05-11,26.383861541748047
2007-05-14,26.266420364379883
2007-05-15,26.33551025390625
2007-05-16,26.466773986816406
2007-05-17,26.51512908935547
2007-05-18,26.425325393676758
2007-05-21,26.577316284179688
2007-05-22,26.522043228149414
2007-05-23,26.653308868408203
2007-05-24,26.43914794921875
2007-05-25,26.598045349121094
2007-05-29,26.770761489868164
2007-05-30,26.88819694519043
2007-05-31,27.033279418945312
2007-06-01,27.136905670166016
2007-06-04,27.14381217956543
2007-06-05,27.060914993286133
2007-06-06,26.770761489868164
2007-06-07,26.33551025390625
2007-06-08,26.701663970947266
2007-06-11,26.736223220825195
2007-06-12,26.39078712463379
2007-06-13,27.019466400146484
2007-06-14,27.157621383666992
2007-06-15,27.303773880004883
2007-06-18,27.28992462158203
2007-06-19,27.373037338256836
2007-06-20,27.220666885375977
2007-06-21,27.27607536315918
2007-06-22,27.11676788330078
2007-06-25,27.047504425048828
2007-06-26,26.818931579589844
2007-06-27,27.082141876220703
2007-06-28,26.943607330322266
2007-06-29,27.04058265686035
2007-07-02,27.23451042175293
2007-07-03,27.428455352783203
2007-07-05,27.400747299194336
2007-07-06,27.566987991333008
2007-07-09,27.77477264404297
2007-07-10,27.310705184936523
2007-07-11,27.601606369018555
2007-07-12,28.010278701782227
2007-07-13,28.20419692993164
2007-07-16,28.384288787841797
2007-07-17,28.550521850585938
2007-07-18,28.488195419311523
2007-07-19,28.744468688964844
2007-07-20,28.328882217407227
2007-07-23,28.515886306762695
2007-07-24,28.12109375
2007-07-25,28.190349578857422
2007-07-26,27.601606369018555
2007-07-27,27.089067459106445
2007-07-30,27.67088508605957
2007-07-31,27.29684829711914
2007-08-01,27.497716903686523
2007-08-02,27.684749603271484
2007-08-03,27.11676788330078
2007-08-06,27.525426864624023
2007-08-07,27.525426864624023
2007-08-08,27.740142822265625
2007-08-09,26.999021530151367
2007-08-10,26.68732452392578
2007-08-13,27.047504425048828
2007-08-14,26.3548641204834
2007-08-15,26.043180465698242
2007-08-16,26.057035446166992
2007-08-17,26.320241928100586
2007-08-20,26.7011775970459
2007-08-21,26.597293853759766
2007-08-22,27.07520866394043
2007-08-23,26.929752349853516
2007-08-24,27.15141487121582
2007-08-27,27.089067459106445
2007-08-28,26.437976837158203
2007-08-29,27.061355590820312
2007-08-30,26.895132064819336
2007-08-31,27.303773880004883
2007-09-04,27.428455352783203
2007-09-05,27.15141487121582
2007-09-06,27.373037338256836
2007-09-07,26.812009811401367
2007-09-10,26.832799911499023
2007-09-11,27.07520866394043
2007-09-12,27.0544376373291
2007-09-13,27.338424682617188
2007-09-14,27.38690185546875
2007-09-17,27.15141487121582
2007-09-18,28.03105926513672
2007-09-19,28.328882217407227
2007-09-20,28.09339141845703
2007-09-21,28.28413200378418
2007-09-24,28.012630462646484
2007-09-25,28.124025344848633
2007-09-26,28.318937301635742
2007-09-27,28.444232940673828
2007-09-28,28.597393035888672
2007-10-01,28.966344833374023
2007-10-02,28.72965431213379
2007-10-03,28.534748077392578
2007-10-04,28.63220977783203
2007-10-05,28.945459365844727
2007-10-08,28.8967342376709
2007-10-09,29.16823387145996
2007-10-10,28.84801483154297
2007-10-11,28.6391544342041
2007-10-12,28.764448165893555
2007-10-15,28.54170036315918
2007-10-16,28.41638946533203
2007-10-17,28.492977142333984
2007-10-18,28.569534301757812
2007-10-19,27.77593994140625
2007-10-22,27.88037872314453
2007-10-23,28.068328857421875
2007-10-24,27.98478126525879
2007-10-25,28.033519744873047
2007-10-26,28.054401397705078
2007-10-29,28.23540687561035
2007-10-30,27.98478126525879
2007-10-31,28.228445053100586
2007-11-01,27.74810218811035
2007-11-02,27.998703002929688
2007-11-05,27.88037872314453
2007-11-06,28.318937301635742
2007-11-07,27.636728286743164
2007-11-08,27.643686294555664
2007-11-09,27.093727111816406
2007-11-12,26.801355361938477
2007-11-13,27.483572006225586
2007-11-14,27.3930721282959
2007-11-15,27.010189056396484
2007-11-16,27.017162322998047
2007-11-19,26.6273193359375
2007-11-20,26.669086456298828
2007-11-21,26.22356414794922
2007-11-23,26.571624755859375
2007-11-26,26.15393829345703
2007-11-27,26.676050186157227
2007-11-28,27.32345199584961
2007-11-29,27.32345199584961
2007-11-30,27.427873611450195
2007-12-03,27.1494140625
2007-12-04,27.086767196655273
2007-12-05,27.53230094909668
2007-12-06,27.845565795898438
2007-12-07,28.054401397705078
2007-12-10,28.186674118041992
2007-12-11,27.28865623474121
2007-12-12,27.636728286743164
2007-12-13,27.77593994140625
2007-12-14,27.469636917114258
2007-12-17,26.97539520263672
2007-12-18,27.051971435546875
2007-12-19,26.96146011352539
2007-12-20,27.18423080444336
2007-12-21,27.664064407348633
2007-12-24,27.97183609008789
2007-12-26,27.866897583007812
2007-12-27,27.545146942138672
2007-12-28,27.51717758178711
2007-12-31,27.391281127929688
2008-01-02,26.936613082885742
2008-01-03,26.95759391784668
2008-01-04,26.40502166748047
2008-01-07,26.07626724243164
2008-01-08,25.495704650878906
2008-01-09,25.57265281677246
2008-01-10,25.929378509521484
2008-01-11,25.48870849609375
2008-01-14,25.80348014831543
2008-01-15,25.2648868560791
2008-01-16,24.97110939025879
2008-01-17,24.30660629272461
2008-01-18,24.257644653320312
2008-01-22,24.341577529907227
2008-01-23,25.006071090698242
2008-01-24,25.152963638305664
2008-01-25,25.04104995727539
2008-01-28,25.41177749633789
2008-01-29,25.63561248779297
2008-01-30,25.740522384643555
2008-01-31,25.880422592163086
2008-02-01,26.47496223449707
2008-02-04,26.188173294067383
2008-02-05,25.523679733276367
2008-02-06,25.481706619262695
2008-02-07,25.48870849609375
2008-02-08,25.29985809326172
2008-02-11,25.551664352416992
2008-02-12,25.810462951660156
2008-02-13,26.272109985351562
2008-02-14,25.880422592163086
2008-02-15,25.71954345703125
2008-02-19,25.845441818237305
2008-02-20,25.929378509521484
2008-02-21,25.72654151916504
2008-02-22,25.985340118408203
2008-02-25,26.188173294067383
2008-02-26,26.20916748046875
2008-02-27,26.258132934570312
2008-02-28,26.06926727294922
2008-02-29,25.355815887451172
2008-03-03,25.72654151916504
2008-03-04,25.425764083862305
2008-03-05,25.761505126953125
2008-03-06,25.271879196166992
2008-03-07,24.908157348632812
2008-03-10,24.509450912475586
2008-03-11,25.34181785583496
2008-03-12,25.292856216430664
2008-03-13,25.642602920532227
2008-03-14,25.236894607543945
2008-03-17,25.11098861694336
2008-03-18,26.433002471923828
2008-03-19,25.467731475830078
2008-03-20,25.73542022705078
2008-03-24,26.31855010986328
2008-03-25,26.480140686035156
2008-03-26,26.26935577392578
2008-03-27,25.981311798095703
2008-03-28,25.8829402923584
2008-03-31,26.276391983032227
2008-04-01,26.873592376708984
2008-04-02,26.993026733398438
2008-04-03,26.873592376708984
2008-04-04,26.97897720336914
2008-04-07,26.810352325439453
2008-04-08,26.789281845092773
2008-04-09,26.529319763183594
2008-04-10,26.641746520996094
2008-04-11,25.59490203857422
2008-04-14,25.608945846557617
2008-04-15,25.72838592529297
2008-04-16,26.44501304626465
2008-04-17,26.135887145996094
2008-04-18,26.92276954650879
2008-04-21,26.831422805786133
2008-04-22,26.402864456176758
2008-04-23,26.416913986206055
2008-04-24,26.585527420043945
2008-04-25,26.95790672302246
2008-04-28,27.112459182739258
2008-04-29,26.859535217285156
2008-04-30,27.049224853515625
2008-05-01,27.224885940551758
2008-05-02,27.330265045166016
2008-05-05,27.2600040435791
2008-05-06,27.365392684936523
2008-05-07,26.943830490112305
2008-05-08,27.03518295288086
2008-05-09,26.86655616760254
2008-05-12,27.295124053955078
2008-05-13,27.477815628051758
2008-05-14,27.505908966064453
2008-05-15,27.667505264282227
2008-05-16,27.59723663330078
2008-05-19,27.906381607055664
2008-05-20,27.463748931884766
2008-05-21,27.000043869018555
2008-05-22,26.93682289123535
2008-05-23,26.550403594970703
2008-05-27,26.831422805786133
2008-05-28,27.014110565185547
2008-05-29,27.119495391845703
2008-05-30,27.288105010986328
2008-06-02,27.056245803833008
2008-06-03,26.964921951293945
2008-06-04,26.859535217285156
2008-06-05,27.056245803833008
2008-06-06,26.00239372253418
2008-06-09,26.26935577392578
2008-06-10,26.114788055419922
2008-06-11,25.62299156188965
2008-06-12,25.71432876586914
2008-06-13,26.009418487548828
2008-06-16,25.86890411376953
2008-06-17,25.812698364257812
2008-06-18,25.440317153930664
2008-06-19,25.770545959472656
2008-06-20,25.34066390991211
2008-06-23,25.390087127685547
2008-06-24,25.0865535736084
2008-06-25,24.90303611755371
2008-06-26,24.493623733520508
2008-06-27,23.78774642944336
2008-06-30,24.006574630737305
2008-07-01,23.992467880249023
2008-07-02,23.258350372314453
2008-07-03,23.583053588867188
2008-07-07,23.554821014404297
2008-07-08,24.09834098815918
2008-07-09,23.427766799926758
2008-07-10,23.78774642944336
2008-07-11,23.357179641723633
2008-07-14,23.463058471679688
2008-07-15,22.99717903137207
2008-07-16,23.526582717895508
2008-07-17,24.17597770690918
2008-07-18,24.211271286010742
2008-07-21,24.232454299926758
2008-07-22,24.5289249420166
2008-07-23,24.71950340270996
2008-07-24,24.10540199279785
2008-07-25,24.331281661987305
2008-07-28,23.773630142211914
2008-07-29,24.67009735107422
2008-07-30,24.959495544433594
2008-07-31,24.197158813476562
2008-08-01,24.17597770690918
2008-08-04,24.070104598999023
2008-08-05,24.740680694580078
2008-08-06,25.213607788085938
2008-08-07,24.366567611694336
2008-08-08,25.206541061401367
2008-08-11,25.270090103149414
2008-08-12,25.02302360534668
2008-08-13,24.931251525878906
2008-08-14,25.02302360534668
2008-08-15,25.164199829101562
2008-08-18,24.881837844848633
2008-08-19,24.57126808166504
2008-08-20,24.373620986938477
2008-08-21,24.43010139465332
2008-08-22,24.910091400146484
2008-08-25,24.52185821533203
2008-08-26,24.514801025390625
2008-08-27,24.585390090942383
2008-08-28,25.135957717895508
2008-08-29,24.860679626464844
2008-09-02,24.867733001708984
2008-09-03,24.684213638305664
2008-09-04,23.837162017822266
2008-09-05,23.830102920532227
2008-09-08,24.211271286010742
2008-09-09,23.498355865478516
2008-09-10,23.597169876098633
2008-09-11,24.14069366455078
2008-09-12,24.077159881591797
2008-09-15,23.110118865966797
2008-09-16,23.180707931518555
2008-09-17,22.397193908691406
2008-09-18,22.85601234436035
2008-09-19,23.499019622802734
2008-09-22,22.874467849731445
2008-09-23,22.370553970336914
2008-09-24,22.320880889892578
2008-09-25,22.49829864501953
2008-09-26,22.406036376953125
2008-09-29,21.646638870239258
2008-09-30,21.85955810546875
2008-10-01,21.341447830200195
2008-10-02,20.063940048217773
2008-10-03,19.74456024169922
2008-10-06,19.22646713256836
2008-10-07,18.58771514892578
2008-10-08,18.303821563720703
2008-10-09,17.260526657104492
2008-10-10,16.706945419311523
2008-10-13,18.49545669555664
2008-10-14,18.488351821899414
2008-10-15,16.749521255493164
2008-10-16,17.090194702148438
2008-10-17,16.721147537231445
2008-10-20,17.551515579223633
2008-10-21,17.3953800201416
2008-10-22,16.593395233154297
2008-10-23,16.63597297668457
2008-10-24,15.677851676940918
2008-10-27,15.074575424194336
2008-10-28,16.62178611755371
2008-10-29,16.692750930786133
2008-10-30,17.2960147857666
2008-10-31,17.870887756347656
2008-11-03,17.565710067749023
2008-11-04,18.33222007751465
2008-11-05,17.565710067749023
2008-11-06,16.742431640625
2008-11-07,16.912763595581055
2008-11-10,16.919862747192383
2008-11-11,16.543703079223633
2008-11-12,15.755915641784668
2008-11-13,16.600488662719727
2008-11-14,15.897854804992676
2008-11-17,15.57848072052002
2008-11-18,15.592679023742676
2008-11-19,14.584864616394043
2008-11-20,14.194515228271484
2008-11-21,14.613255500793457
2008-11-24,15.344271659851074
2008-11-25,15.564284324645996
2008-11-26,16.05400276184082
2008-11-28,16.401758193969727
2008-12-01,15.053284645080566
2008-12-02,15.748818397521973
2008-12-03,16.018508911132812
2008-12-04,15.699132919311523
2008-12-05,16.082382202148438
2008-12-08,16.501127243041992
2008-12-09,16.210134506225586
2008-12-10,16.472734451293945
2008-12-11,15.763006210327148
2008-12-12,15.80558967590332
2008-12-15,15.798494338989258
2008-12-16,16.57920265197754
2008-12-17,16.586299896240234
2008-12-18,16.004322052001953
2008-12-19,16.18132972717285
2008-12-22,15.930500030517578
2008-12-23,15.880338668823242
2008-12-24,15.980669021606445
2008-12-26,16.102497100830078
2008-12-29,15.801514625549316
2008-12-30,16.389141082763672
2008-12-31,16.783287048339844
2009-01-02,17.39957618713379
2009-01-05,17.263425827026367
2009-01-06,17.64322853088379
2009-01-07,16.854948043823242
2009-01-08,17.019771575927734
2009-01-09,16.647123336791992
2009-01-12,16.28165054321289
2009-01-13,16.00216293334961
2009-01-14,15.407368659973145
2009-01-15,15.55069351196289
2009-01-16,15.636695861816406
2009-01-20,14.912906646728516
2009-01-21,15.292705535888672
2009-01-22,15.242544174194336
2009-01-23,14.783907890319824
2009-01-26,14.955892562866211
2009-01-27,15.228216171264648
2009-01-28,15.66535758972168
2009-01-29,15.09205150604248
2009-01-30,14.769574165344238
2009-02-02,14.43276309967041
2009-02-03,14.697915077209473
2009-02-04,14.619088172912598
2009-02-05,14.791069984436035
2009-02-06,15.149381637573242
2009-02-09,15.436038970947266
2009-02-10,14.62625789642334
2009-02-11,14.740906715393066
2009-02-12,14.576083183288574
2009-02-13,14.576083183288574
2009-02-17,13.837966918945312
2009-02-18,13.859472274780273
2009-02-19,13.551316261291504
2009-02-20,13.343496322631836
2009-02-23,12.827534675598145
2009-02-24,13.107017517089844
2009-02-25,12.791701316833496
2009-02-26,12.569543838500977
2009-02-27,12.25423526763916
2009-03-02,11.451616287231445
2009-03-03,11.365626335144043
2009-03-04,11.680933952331543
2009-03-05,11.22946548461914
2009-03-06,11.107635498046875
2009-03-09,11.00731086730957
2009-03-10,11.838592529296875
2009-03-11,11.953253746032715
2009-03-12,12.340229988098145
2009-03-13,12.361724853515625
2009-03-16,12.49789047241211
2009-03-17,12.863363265991211
2009-03-18,13.107017517089844
2009-03-19,12.978020668029785
2009-03-20,12.58225154876709
2009-03-23,13.493903160095215
2009-03-24,13.385366439819336
2009-03-25,13.493903160095215
2009-03-26,14.217443466186523
2009-03-27,13.949729919433594
2009-03-30,13.255135536193848
2009-03-31,13.334726333618164
2009-04-01,13.63137149810791
2009-04-02,14.362141609191895
2009-04-03,14.376612663269043
2009-04-06,14.4127836227417
2009-04-07,14.000380516052246
2009-04-08,14.123374938964844
2009-04-09,14.817970275878906
2009-04-13,14.861380577087402
2009-04-14,14.644320487976074
2009-04-15,14.781798362731934
2009-04-16,15.281023025512695
2009-04-17,15.273788452148438
2009-04-20,14.600913047790527
2009-04-21,14.95544147491455
2009-04-22,15.186969757080078
2009-04-23,15.353384017944336
2009-04-24,15.671740531921387
2009-04-27,15.360615730285645
2009-04-28,15.17973804473877
2009-04-29,15.686211585998535
2009-04-30,15.74409008026123
2009-05-01,15.91773509979248
2009-05-04,16.438684463500977
2009-05-05,16.48933219909668
2009-05-06,16.74979591369629
2009-05-07,16.40973663330078
2009-05-08,17.010282516479492
2009-05-11,16.503801345825195
2009-05-12,16.322919845581055
2009-05-13,15.650025367736816
2009-05-14,15.765796661376953
2009-05-15,15.773032188415527
2009-05-18,16.351858139038086
2009-05-19,16.228853225708008
2009-05-20,16.243328094482422
2009-05-21,15.751327514648438
2009-05-22,15.693448066711426
2009-05-26,16.26503562927246
2009-05-27,15.736861228942871
2009-05-28,15.888800621032715
2009-05-29,16.272268295288086
2009-06-01,17.024751663208008
2009-06-02,17.053678512573242
2009-06-03,16.720861434936523
2009-06-04,17.024751663208008
2009-06-05,17.16946029663086
2009-06-08,17.212862014770508
2009-06-09,17.176685333251953
2009-06-10,17.068151473999023
2009-06-11,17.039220809936523
2009-06-12,17.068151473999023
2009-06-15,16.547218322753906
2009-06-16,16.243328094482422
2009-06-17,16.120325088500977
2009-06-18,16.134801864624023
2009-06-19,16.169763565063477
2009-06-22,15.630765914916992
2009-06-23,15.48509693145752
2009-06-24,15.587066650390625
2009-06-25,16.067785263061523
2009-06-26,16.00223159790039
2009-06-29,16.1624755859375
2009-06-30,15.994950294494629
2009-07-01,16.06050682067871
2009-07-02,15.557927131652832
2009-07-06,15.56521224975586
2009-07-07,15.0335054397583
2009-07-08,14.97524356842041
2009-07-09,15.113628387451172
2009-07-10,15.091775894165039
2009-07-13,15.477813720703125
2009-07-14,15.703600883483887
2009-07-15,16.19161033630371
2009-07-16,16.49024200439453
2009-07-17,16.30086326599121
2009-07-20,16.628631591796875
2009-07-21,16.635910034179688
2009-07-22,16.686906814575195
2009-07-23,17.036518096923828
2009-07-24,17.051090240478516
2009-07-27,17.14577865600586
2009-07-28,17.131214141845703
2009-07-29,17.051090240478516
2009-07-30,17.327865600585938
2009-07-31,17.393423080444336
2009-08-03,17.77216911315918
2009-08-04,17.903276443481445
2009-08-05,17.75760841369629
2009-08-06,17.8522891998291
2009-08-07,18.29659080505371
2009-08-10,18.12178611755371
2009-08-11,17.88141632080078
2009-08-12,18.194625854492188
2009-08-13,18.274742126464844
2009-08-14,18.01253318786621
2009-08-17,17.48082733154297
2009-08-18,17.692047119140625
2009-08-19,17.743038177490234
2009-08-20,17.96154022216797
2009-08-21,18.427696228027344
2009-08-24,18.4641170501709
2009-08-25,18.56609535217285
2009-08-26,18.37672233581543
2009-08-27,18.544235229492188
2009-08-28,18.4422664642334
2009-08-31,18.223766326904297
2009-09-01,17.9178466796875
2009-09-02,17.845003128051758
2009-09-03,18.078086853027344
2009-09-04,18.43498420715332
2009-09-08,18.59522819519043
2009-09-09,18.908418655395508
2009-09-10,19.06866455078125
2009-09-11,19.192489624023438
2009-09-14,19.37457847595215
2009-09-15,19.607648849487305
2009-09-16,19.855300903320312
2009-09-17,19.891721725463867
2009-09-18,19.777490615844727
2009-09-21,19.660335540771484
2009-09-22,19.89464569091797
2009-09-23,19.726232528686523
2009-09-24,19.404064178466797
2009-09-25,19.13313102722168
2009-09-28,19.528535842895508
2009-09-29,19.484600067138672
2009-09-30,19.286897659301758
2009-10-01,18.803632736206055
2009-10-02,18.561996459960938
2009-10-05,18.9427433013916
2009-10-06,19.125812530517578
2009-10-07,19.05259132385254
2009-10-08,19.389408111572266
2009-10-09,19.4406681060791
2009-10-12,19.404064178466797
2009-10-13,19.418699264526367
2009-10-14,19.982519149780273
2009-10-15,19.953224182128906
2009-10-16,19.814104080200195
2009-10-19,20.026453018188477
2009-10-20,19.887325286865234
2009-10-21,19.74820327758789
2009-10-22,19.887325286865234
2009-10-23,19.535860061645508
2009-10-26,19.382091522216797
2009-10-27,19.118486404418945
2009-10-28,18.723087310791016
2009-10-29,19.169742584228516
2009-10-30,18.518062591552734
2009-11-02,18.730419158935547
2009-11-03,19.05259132385254
2009-11-04,19.01597023010254
2009-11-05,19.506567001342773
2009-11-06,19.682308197021484
2009-11-09,20.18021583557129
2009-11-10,20.063058853149414
2009-11-11,20.21682357788086
2009-11-12,19.982519149780273
2009-11-13,20.13628387451172
2009-11-16,20.597583770751953
2009-11-17,20.560976028442383
2009-11-18,20.451143264770508
2009-11-19,20.143606185913086
2009-11-20,20.106990814208984
2009-11-23,20.473115921020508
2009-11-24,20.304698944091797
2009-11-25,20.473115921020508
2009-11-27,20.07771110534668
2009-11-30,20.143606185913086
2009-12-01,20.473115921020508
2009-12-02,20.414527893066406
2009-12-03,20.319337844848633
2009-12-04,20.626880645751953
2009-12-07,20.553659439086914
2009-12-08,20.238801956176758
2009-12-09,20.333980560302734
2009-12-10,20.421855926513672
2009-12-11,20.626880645751953
2009-12-14,20.905122756958008
2009-12-15,20.846546173095703
2009-12-16,20.75868797302246
2009-12-17,20.53169059753418
2009-12-18,20.525056838989258
2009-12-21,20.679828643798828
2009-12-22,20.701929092407227
2009-12-23,20.73878288269043
2009-12-24,20.819854736328125
2009-12-28,20.783000946044922
2009-12-29,20.84195899963379
2009-12-30,20.73878288269043
2009-12-31,20.48084259033203
2010-01-04,20.871442794799805
2010-01-05,20.94514274597168
2010-01-06,20.98935317993164
2010-01-07,21.217819213867188
2010-01-08,21.55683135986328
2010-01-11,21.792675018310547
2010-01-12,21.615800857543945
2010-01-13,21.704233169555664
2010-01-14,21.704233169555664
2010-01-15,21.424169540405273
2010-01-19,21.66001319885254
2010-01-20,21.328372955322266
2010-01-21,20.834592819213867
2010-01-22,20.517684936523438
2010-01-25,20.65033721923828
2010-01-26,20.561906814575195
2010-01-27,20.620861053466797
2010-01-28,20.385028839111328
2010-01-29,20.17867088317871
2010-02-01,20.48084259033203
2010-02-02,20.871442794799805
2010-02-03,20.746152877807617
2010-02-04,20.13445281982422
2010-02-05,20.046009063720703
2010-02-08,19.824914932250977
2010-02-09,20.208158493041992
2010-02-10,20.17867088317871
2010-02-11,20.48084259033203
2010-02-12,20.318695068359375
2010-02-16,20.79773712158203
2010-02-17,20.97461700439453
2010-02-18,21.16623306274414
2010-02-19,21.2694091796875
2010-02-22,21.284147262573242
2010-02-23,21.01146697998047
2010-02-24,21.225189208984375
2010-02-25,21.173601150512695
2010-02-26,21.25467300415039
2010-03-01,21.534725189208984
2010-03-02,21.571575164794922
2010-03-03,21.601055145263672
2010-03-04,21.704233169555664
2010-03-05,22.035884857177734
2010-03-08,21.932703018188477
2010-03-09,22.109567642211914
2010-03-10,22.153793334960938
2010-03-11,22.234867095947266
2010-03-12,22.38226890563965
2010-03-15,22.38226890563965
2010-03-16,22.684423446655273
2010-03-17,22.72127342224121
2010-03-18,22.876035690307617
2010-03-19,22.78434181213379
2010-03-22,22.85089683532715
2010-03-23,23.109722137451172
2010-03-24,22.947036743164062
2010-03-25,22.932241439819336
2010-03-26,22.991405487060547
2010-03-29,23.198461532592773
2010-03-30,23.235445022583008
2010-03-31,23.10233497619629
2010-04-01,23.250232696533203
2010-04-05,23.42031478881836
2010-04-06,23.427711486816406
2010-04-07,23.294601440429688
2010-04-08,23.368555068969727
2010-04-09,23.50167465209961
2010-04-12,23.553428649902344
2010-04-13,23.590402603149414
2010-04-14,23.89361572265625
2010-04-15,24.122859954833984
2010-04-16,23.730913162231445
2010-04-19,23.686548233032227
2010-04-20,23.960159301757812
2010-04-21,24.122859954833984
2010-04-22,24.34471321105957
2010-04-23,24.492605209350586
2010-04-26,24.544370651245117
2010-04-27,23.95276641845703
2010-04-28,24.122859954833984
2010-04-29,24.670095443725586
2010-04-30,24.08587074279785
2010-05-03,24.566572189331055
2010-05-04,23.79007339477539
2010-05-05,23.486875534057617
2010-05-06,22.710390090942383
2010-05-07,22.20752716064453
2010-05-10,23.47948455810547
2010-05-11,23.412931442260742
2010-05-12,23.930583953857422
2010-05-13,23.560832977294922
2010-05-14,23.065357208251953
2010-05-17,23.006193161010742
2010-05-18,22.717788696289062
2010-05-19,22.429372787475586
2010-05-20,21.453216552734375
2010-05-21,21.75642204284668
2010-05-24,21.4310302734375
2010-05-25,21.416248321533203
2010-05-26,21.460617065429688
2010-05-27,22.185331344604492
2010-05-28,21.88953399658203
2010-06-01,21.401453018188477
2010-06-02,21.956090927124023
2010-06-03,22.059616088867188
2010-06-04,21.024303436279297
2010-06-07,20.484455108642578
2010-06-08,20.69892120361328
2010-06-09,20.69892120361328
2010-06-10,21.497594833374023
2010-06-11,21.5715389251709
2010-06-14,21.54935646057129
2010-06-15,22.200130462646484
2010-06-16,22.140954971313477
2010-06-17,22.20752716064453
2010-06-18,22.294464111328125
2010-06-21,22.331626892089844
2010-06-22,21.78913116455078
2010-06-23,21.707382202148438
2010-06-24,21.32837677001953
2010-06-25,21.491872787475586
2010-06-28,21.343231201171875
2010-06-29,20.51834487915039
2010-06-30,20.38457679748535
2010-07-01,20.32512855529785
2010-07-02,20.072450637817383
2010-07-06,20.109607696533203
2010-07-07,20.80817413330078
2010-07-08,21.075708389282227
2010-07-09,21.283782958984375
2010-07-12,21.17230987548828
2010-07-13,21.54389190673828
2010-07-14,21.588481903076172
2010-07-15,21.581039428710938
2010-07-16,20.860185623168945
2010-07-19,20.979097366333008
2010-07-20,21.30608558654785
2010-07-21,21.254058837890625
2010-07-22,21.90803337097168
2010-07-23,22.346492767333984
2010-07-26,22.710630416870117
2010-07-27,22.554569244384766
2010-07-28,22.49512481689453
2010-07-29,22.420801162719727
2010-07-30,22.50998878479004
2010-08-02,22.955873489379883
2010-08-03,22.83696937561035
2010-08-04,23.037620544433594
2010-08-05,23.052488327026367
2010-08-06,22.926151275634766
2010-08-09,23.0450439453125
2010-08-10,22.88898468017578
2010-08-11,22.034358978271484
2010-08-12,21.87830924987793
2010-08-13,21.84857749938965
2010-08-16,21.803997039794922
2010-08-17,22.18299674987793
2010-08-18,22.264745712280273
2010-08-19,21.78913116455078
2010-08-20,21.677654266357422
2010-08-23,21.43985366821289
2010-08-24,21.001388549804688
2010-08-25,20.964235305786133
2010-08-26,20.93450927734375
2010-08-27,21.35810661315918
2010-08-30,21.031116485595703
2010-08-31,20.949377059936523
2010-09-01,21.781694412231445
2010-09-02,22.05666160583496
2010-09-03,22.39107894897461
2010-09-07,22.18299674987793
2010-09-08,22.413368225097656
2010-09-09,22.39107894897461
2010-09-10,22.591724395751953
2010-09-13,22.81467056274414
2010-09-14,22.747791290283203
2010-09-15,22.747791290283203
2010-09-16,22.718063354492188
2010-09-17,22.930938720703125
2010-09-20,23.274532318115234
2010-09-21,23.319351196289062
2010-09-22,23.1998348236084
2010-09-23,22.856246948242188
2010-09-24,23.483675003051758
2010-09-27,23.334291458129883
2010-09-28,23.46126365661621
2010-09-29,23.453800201416016
2010-09-30,23.36417007446289
2010-10-01,23.386571884155273
2010-10-04,23.140085220336914
2010-10-05,23.760032653808594
2010-10-06,23.901954650878906
2010-10-07,23.84967041015625
2010-10-08,24.051347732543945
2010-10-11,23.98412322998047
2010-10-12,23.969179153442383
2010-10-13,24.365062713623047
2010-10-14,24.223134994506836
2010-10-15,24.073755264282227
2010-10-18,24.058809280395508
2010-10-19,23.737632751464844
2010-10-20,24.073755264282227
2010-10-21,24.267955780029297
2010-10-22,24.26048469543457
2010-10-25,24.342653274536133
2010-10-26,24.230606079101562
2010-10-27,24.051347732543945
2010-10-28,23.999059677124023
2010-10-29,24.03641128540039
2010-11-01,24.03641128540039
2010-11-02,24.267955780029297
2010-11-03,24.30530548095703
2010-11-04,24.820693969726562
2010-11-05,24.970075607299805
2010-11-08,24.865509033203125
2010-11-09,24.64142608642578
2010-11-10,24.633953094482422
2010-11-11,24.49203872680664
2010-11-12,24.208206176757812
2010-11-15,24.282894134521484
2010-11-16,23.89449119567871
2010-11-17,23.9094295501709
2010-11-18,24.39493179321289
2010-11-19,24.46962547302246
2010-11-22,24.417341232299805
2010-11-23,24.081226348876953
2010-11-24,24.626487731933594
2010-11-26,24.424821853637695
2010-11-29,24.417341232299805
2010-11-30,24.357595443725586
2010-12-01,24.985015869140625
2010-12-02,25.373422622680664
2010-12-03,25.425708770751953
2010-12-06,25.410764694213867
2010-12-07,25.477989196777344
2010-12-08,25.388362884521484
2010-12-09,25.463058471679688
2010-12-10,25.694604873657227
2010-12-13,25.709543228149414
2010-12-14,25.829059600830078
2010-12-15,25.724475860595703
2010-12-16,26.0083065032959
2010-12-17,25.930994033813477
2010-12-20,25.923479080200195
2010-12-21,26.13368797302246
2010-12-22,26.193754196166992
2010-12-23,26.141191482543945
2010-12-27,26.186246871948242
2010-12-28,26.171236038208008
2010-12-29,26.193754196166992
2010-12-30,26.148712158203125
2010-12-31,26.178739547729492
2011-01-03,26.366430282592773
2011-01-04,26.328889846801758
2011-01-05,26.464017868041992
2011-01-06,26.418973922729492
2011-01-07,26.471532821655273
2011-01-10,26.509078979492188
2011-01-11,26.606664657592773
2011-01-12,26.824382781982422
2011-01-13,26.854413986206055
2011-01-14,26.959516525268555
2011-01-18,27.154706954956055
2011-01-19,26.869428634643555
2011-01-20,26.734294891357422
2011-01-21,26.952014923095703
2011-01-24,27.207273483276367
2011-01-25,27.17723846435547
2011-01-26,27.33489990234375
2011-01-27,27.43250274658203
2011-01-28,26.89946174621582
2011-01-31,27.207273483276367
2011-02-01,27.590158462524414
2011-02-02,27.50006675720215
2011-02-03,27.515085220336914
2011-02-04,27.6126708984375
2011-02-07,27.875436782836914
2011-02-08,28.063119888305664
2011-02-09,28.055622100830078
2011-02-10,28.205774307250977
2011-02-11,28.415966033935547
2011-02-14,28.385957717895508
2011-02-15,28.280845642089844
2011-02-16,28.415966033935547
2011-02-17,28.483556747436523
2011-02-18,28.55862045288086
2011-02-22,27.732797622680664
2011-02-23,27.24480628967285
2011-02-24,27.402462005615234
2011-02-25,27.650222778320312
2011-02-28,27.78534507751465
2011-03-01,27.192256927490234
2011-03-02,27.327390670776367
2011-03-03,27.988059997558594
2011-03-04,27.657724380493164
2011-03-07,27.402462005615234
2011-03-08,27.83039665222168
2011-03-09,27.77033042907715
2011-03-10,27.207273483276367
2011-03-11,27.53009605407715
2011-03-14,27.29735565185547
2011-03-15,27.042104721069336
2011-03-16,26.539094924926758
2011-03-17,26.952014923095703
2011-03-18,27.123178482055664
2011-03-21,27.7188777923584
2011-03-22,27.50020980834961
2011-03-23,27.5906925201416
2011-03-24,27.877239227294922
2011-03-25,27.97525405883789
2011-03-28,27.952638626098633
2011-03-29,28.17885971069336
2011-03-30,28.291961669921875
2011-03-31,28.40506362915039
2011-04-01,28.63882827758789
2011-04-04,28.6765193939209
2011-04-05,28.570955276489258
2011-04-06,28.601137161254883
2011-04-07,28.46538734436035
2011-04-08,28.2165470123291
2011-04-11,28.193931579589844
2011-04-12,27.982791900634766
2011-04-13,27.899856567382812
2011-04-14,27.899856567382812
2011-04-15,27.997880935668945
2011-04-18,27.59823226928711
2011-04-19,27.839529037475586
2011-04-20,28.291961669921875
2011-04-21,28.374906539916992
2011-04-25,28.291961669921875
2011-04-26,28.834871292114258
2011-04-27,28.963062286376953
2011-04-28,29.06108856201172
2011-04-29,29.18173599243164
2011-05-02,29.136493682861328
2011-05-03,29.015850067138672
2011-05-04,28.59358024597168
2011-05-05,28.457855224609375
2011-05-06,28.706693649291992
2011-05-09,28.827341079711914
2011-05-10,29.09124183654785
2011-05-11,28.699138641357422
2011-05-12,28.759464263916016
2011-05-13,28.412601470947266
2011-05-16,28.307037353515625
2011-05-17,27.922473907470703
2011-05-18,28.29949951171875
2011-05-19,28.4804744720459
2011-05-20,28.17885971069336
2011-05-23,27.779211044311523
2011-05-24,27.635944366455078
2011-05-25,27.869699478149414
2011-05-26,27.982791900634766
2011-05-27,28.1185359954834
2011-05-31,28.374906539916992
2011-06-01,27.44742774963379
2011-06-02,27.5906925201416
2011-06-03,27.221214294433594
2011-06-06,27.025146484375
2011-06-07,27.010074615478516
2011-06-08,26.776315689086914
2011-06-09,26.97991943359375
2011-06-10,26.550098419189453
2011-06-13,26.557645797729492
2011-06-14,27.062850952148438
2011-06-15,26.655664443969727
2011-06-16,26.74616050720215
2011-06-17,26.863611221313477
2011-06-20,27.09852409362793
2011-06-21,27.522897720336914
2011-06-22,27.371326446533203
2011-06-23,27.31071662902832
2011-06-24,27.000022888183594
2011-06-27,27.212200164794922
2011-06-28,27.636564254760742
2011-06-29,27.780540466308594
2011-06-30,28.220056533813477
2011-07-01,28.727781295776367
2011-07-05,28.568639755249023
2011-07-06,28.720203399658203
2011-07-07,29.0233097076416
2011-07-08,28.659576416015625
2011-07-11,28.129127502441406
2011-07-12,27.8563175201416
2011-07-13,27.96998405456543
2011-07-14,27.666879653930664
2011-07-15,27.689607620239258
2011-07-18,27.378908157348633
2011-07-19,27.73507308959961
2011-07-20,27.788124084472656
2011-07-21,28.204893112182617
2011-07-22,27.909372329711914
2011-07-25,27.89420509338379
2011-07-26,27.378908157348633
2011-07-27,26.636274337768555
2011-07-28,26.4089412689209
2011-07-29,26.280126571655273
2011-08-01,26.1133975982666
2011-08-02,25.204057693481445
2011-08-03,25.4314022064209
2011-08-04,24.06736946105957
2011-08-05,24.06736946105957
2011-08-08,22.36992835998535
2011-08-09,23.476299285888672
2011-08-10,22.27899169921875
2011-08-11,23.339889526367188
2011-08-12,23.794574737548828
2011-08-15,24.150726318359375
2011-08-16,23.809730529785156
2011-08-17,23.733949661254883
2011-08-18,22.422975540161133
2011-08-19,22.074390411376953
2011-08-22,22.15774917602539
2011-08-23,22.93826675415039
2011-08-24,23.400522232055664
2011-08-25,22.961002349853516
2011-08-26,23.438413619995117
2011-08-29,24.181049346923828
2011-08-30,24.385648727416992
2011-08-31,24.552358627319336
2011-09-01,24.150726318359375
2011-09-02,23.377790451049805
2011-09-06,23.135297775268555
2011-09-07,23.85519027709961
2011-09-08,23.49903106689453
2011-09-09,22.87006378173828
2011-09-12,22.915525436401367
2011-09-13,23.339889526367188
2011-09-14,23.74910545349121
2011-09-15,24.23407745361328
2011-09-16,24.362110137939453
2011-09-19,24.133502960205078
2011-09-20,23.958236694335938
2011-09-21,22.967594146728516
2011-09-22,22.106502532958984
2011-09-23,22.33510971069336
2011-09-26,22.899009704589844
2011-09-27,23.302888870239258
2011-09-28,22.70850372314453
2011-09-29,23.036170959472656
2011-09-30,22.266530990600586
2011-10-03,21.641660690307617
2011-10-04,22.243667602539062
2011-10-05,22.716121673583984
2011-10-06,23.173341751098633
2011-10-07,23.119998931884766
2011-10-10,23.92774772644043
2011-10-11,23.996341705322266
2011-10-12,24.301145553588867
2011-10-13,24.09540367126465
2011-10-14,24.52975845336914
2011-10-17,23.828697204589844
2011-10-18,24.5145206451416
2011-10-19,24.21732521057129
2011-10-20,24.42306900024414
2011-10-21,24.895532608032227
2011-10-24,25.360366821289062
2011-10-25,24.842191696166992
2011-10-26,25.017457962036133
2011-10-27,26.10715675354004
2011-10-28,26.10715675354004
2011-10-31,25.467056274414062
2011-11-01,24.697404861450195
2011-11-02,25.185110092163086
2011-11-03,25.802350997924805
2011-11-04,25.60422134399414
2011-11-07,25.665180206298828
2011-11-08,25.95475196838379
2011-11-09,24.948883056640625
2011-11-10,25.253686904907227
2011-11-11,25.85568618774414
2011-11-14,25.6956729888916
2011-11-15,25.84807014465332
2011-11-16,25.467056274414062
2011-11-17,25.025075912475586
2011-11-18,25.08603858947754
2011-11-21,24.50688934326172
2011-11-22,24.34687042236328
2011-11-23,23.7829647064209
2011-11-25,23.7448673248291
2011-11-28,24.544998168945312
2011-11-29,24.567859649658203
2011-11-30,25.825206756591797
2011-12-01,25.74138069152832
2011-12-02,25.688039779663086
2011-12-05,25.962377548217773
2011-12-06,25.95475196838379
2011-12-07,25.94713020324707
2011-12-08,25.30702781677246
2011-12-09,25.886165618896484
2011-12-12,25.413721084594727
2011-12-13,25.07842445373535
2011-12-14,24.781227111816406
2011-12-15,24.95649528503418
2011-12-16,25.06236457824707
2011-12-19,24.801525115966797
2011-12-20,25.653051376342773
2011-12-21,25.66071891784668
2011-12-22,25.906213760375977
2011-12-23,26.151697158813477
2011-12-27,26.144018173217773
2011-12-28,25.729774475097656
2011-12-29,26.051979064941406
2011-12-30,25.89086151123047
2012-01-03,26.45854377746582
2012-01-04,26.5812931060791
2012-01-05,26.588951110839844
2012-01-06,26.535266876220703
2012-01-09,26.734716415405273
2012-01-10,27.118289947509766
2012-01-11,27.202667236328125
2012-01-12,27.440473556518555
2012-01-13,27.225685119628906
2012-01-17,27.3637638092041
2012-01-18,27.609251022338867
2012-01-19,27.9007568359375
2012-01-20,27.73966407775879
2012-01-23,27.7089786529541
2012-01-24,27.73966407775879
2012-01-25,28.046525955200195
2012-01-26,27.992828369140625
2012-01-27,27.969812393188477
2012-01-30,27.870080947875977
2012-01-31,27.785701751708984
2012-02-01,28.084863662719727
2012-02-02,28.100217819213867
2012-02-03,28.583511352539062
2012-02-06,28.514476776123047
2012-02-07,28.483793258666992
2012-02-08,28.54515266418457
2012-02-09,28.621875762939453
2012-02-10,28.361053466796875
2012-02-13,28.706253051757812
2012-02-14,28.606534957885742
2012-02-15,28.230640411376953
2012-02-16,28.491453170776367
2012-02-17,28.598859786987305
2012-02-21,28.698589324951172
2012-02-22,28.667892456054688
2012-02-23,28.75995445251465
2012-02-24,28.752283096313477
2012-02-27,28.77528953552246
2012-02-28,28.73694610595703
2012-02-29,28.560504913330078
2012-03-01,28.66024398803711
2012-03-02,28.491453170776367
2012-03-05,28.29199981689453
2012-03-06,27.6552791595459
2012-03-07,27.939125061035156
2012-03-08,28.33803367614746
2012-03-09,28.399410247802734
2012-03-12,28.39173126220703
2012-03-13,28.982433319091797
2012-03-14,28.91337776184082
2012-03-15,29.25859832763672
2012-03-16,29.27168846130371
2012-03-19,29.27168846130371
2012-03-20,28.93257713317871
2012-03-21,28.917165756225586
2012-03-22,28.593467712402344
2012-03-23,28.639720916748047
2012-03-26,29.063600540161133
2012-03-27,28.97112274169922
2012-03-28,28.69367027282715
2012-03-29,28.709070205688477
2012-03-30,28.840097427368164
2012-04-02,29.025074005126953
2012-04-03,28.81696891784668
2012-04-04,28.608888626098633
2012-04-05,28.493288040161133
2012-04-09,28.03084373474121
2012-04-10,27.460521697998047
2012-04-11,27.768808364868164
2012-04-12,28.362262725830078
2012-04-13,28.00002098083496
2012-04-16,28.07709312438965
2012-04-17,28.539506912231445
2012-04-18,28.41620445251465
2012-04-19,28.100217819213867
2012-04-20,28.33913230895996
2012-04-23,28.023141860961914
2012-04-24,28.39307975769043
2012-04-25,28.44702911376953
2012-04-26,28.61659812927246
2012-04-27,28.79387855529785
2012-04-30,28.524106979370117
2012-05-01,28.608888626098633
2012-05-02,28.61659812927246
2012-05-03,28.38538360595703
2012-05-04,27.97690200805664
2012-05-07,27.89982795715332
2012-05-08,27.830459594726562
2012-05-09,27.506763458251953
2012-05-10,27.54530143737793
2012-05-11,27.49134635925293
2012-05-14,27.175357818603516
2012-05-15,27.036623001098633
2012-05-16,27.005807876586914
2012-05-17,26.427766799926758
2012-05-18,26.296741485595703
2012-05-21,26.882492065429688
2012-05-22,26.98267936706543
2012-05-23,27.12910270690918
2012-05-24,27.098289489746094
2012-05-25,26.913311004638672
2012-05-29,27.275554656982422
2012-05-30,26.82082748413086
2012-05-31,26.720632553100586
2012-06-01,25.980754852294922
2012-06-04,25.711008071899414
2012-06-05,25.788076400756836
2012-06-06,26.47400665283203
2012-06-07,26.620445251464844
2012-06-08,26.82082748413086
2012-06-11,26.47400665283203
2012-06-12,26.897899627685547
2012-06-13,26.628154754638672
2012-06-14,26.836244583129883
2012-06-15,27.071651458740234
2012-06-18,27.13360595703125
2012-06-19,27.497549057006836
2012-06-20,27.350425720214844
2012-06-21,26.81611442565918
2012-06-22,26.90904426574707
2012-06-25,26.41343879699707
2012-06-26,26.459903717041016
2012-06-27,26.715444564819336
2012-06-28,26.692224502563477
2012-06-29,27.621442794799805
2012-07-02,27.381397247314453
2012-07-03,27.667905807495117
2012-07-05,27.636930465698242
2012-07-06,27.26523208618164
2012-07-09,27.249744415283203
2012-07-10,26.808361053466797
2012-07-11,26.591543197631836
2012-07-12,26.490880966186523
2012-07-13,27.0019588470459
2012-07-16,26.81611442565918
2012-07-17,26.932254791259766
2012-07-18,27.435604095458984
2012-07-19,27.567230224609375
2012-07-20,27.226530075073242
2012-07-23,27.087133407592773
2012-07-24,26.785140991210938
2012-07-25,26.878063201904297
2012-07-26,27.288475036621094
2012-07-27,27.884723663330078
2012-07-30,27.80730628967285
2012-07-31,27.729860305786133
2012-08-01,27.54400634765625
2012-08-02,27.404624938964844
2012-08-03,28.000886917114258
2012-08-06,28.000886917114258
2012-08-07,28.287391662597656
2012-08-08,28.248672485351562
2012-08-09,28.27190399169922
2012-08-10,28.403553009033203
2012-08-13,28.341602325439453
2012-08-14,28.30288314819336
2012-08-15,28.364830017089844
2012-08-16,28.65135383605957
2012-08-17,28.790733337402344
2012-08-20,28.72878074645996
2012-08-21,28.66684341430664
2012-08-22,28.527441024780273
2012-08-23,28.295141220092773
2012-08-24,28.426773071289062
2012-08-27,28.341602325439453
2012-08-28,28.233192443847656
2012-08-29,28.225444793701172
2012-08-30,27.985389709472656
2012-08-31,28.1557559967041
2012-09-04,27.861495971679688
2012-09-05,27.7840633392334
2012-09-06,28.41130256652832
2012-09-07,28.65135383605957
2012-09-10,28.465497970581055
2012-09-11,28.620378494262695
2012-09-12,28.73652458190918
2012-09-13,29.061748504638672
2012-09-14,29.239852905273438
2012-09-17,29.100473403930664
2012-09-18,29.108217239379883
2012-09-19,29.17790412902832
2012-09-20,28.899137496948242
2012-09-21,28.81341552734375
2012-09-24,28.81341552734375
2012-09-25,28.43151092529297
2012-09-26,28.322404861450195
2012-09-27,28.5873966217041
2012-09-28,28.470481872558594
2012-10-01,28.60299301147461
2012-10-02,28.55621337890625
2012-10-03,28.704301834106445
2012-10-04,28.867969512939453
2012-10-05,28.961496353149414
2012-10-08,28.89134407043457
2012-10-09,28.55621337890625
2012-10-10,28.291229248046875
2012-10-11,28.376964569091797
2012-10-12,28.408140182495117
2012-10-15,28.60299301147461
2012-10-16,28.906938552856445
2012-10-17,29.078393936157227
2012-10-18,29.164127349853516
2012-10-19,28.673133850097656
2012-10-22,28.595190048217773
2012-10-23,28.30681037902832
2012-10-24,28.1275634765625
2012-10-25,28.28343963623047
2012-10-26,28.30681037902832
2012-10-31,28.43930435180664
2012-11-01,28.945899963378906
2012-11-02,28.704301834106445
2012-11-05,28.86016082763672
2012-11-06,29.171926498413086
2012-11-07,28.4860782623291
2012-11-08,28.189908981323242
2012-11-09,28.267841339111328
2012-11-12,28.345788955688477
2012-11-13,28.267841339111328
2012-11-14,27.605382919311523
2012-11-15,27.605382919311523
2012-11-16,27.68332290649414
2012-11-19,28.205501556396484
2012-11-20,28.228878021240234
2012-11-21,28.267841339111328
2012-11-23,28.6341609954834
2012-11-26,28.657533645629883
2012-11-27,28.595190048217773
2012-11-28,28.836782455444336
2012-11-29,29.000450134277344
2012-11-30,28.9381160736084
2012-12-03,28.626367568969727
2012-12-04,28.735469818115234
2012-12-05,29.039424896240234
2012-12-06,29.03162384033203
2012-12-07,29.218698501586914
2012-12-10,29.36676597595215
2012-12-11,29.42911148071289
2012-12-12,29.475879669189453
2012-12-13,29.38235092163086
2012-12-14,29.31998634338379
2012-12-17,29.592792510986328
2012-12-18,29.97466278076172
2012-12-19,29.811004638671875
2012-12-20,29.966888427734375
2012-12-21,29.778470993041992
2012-12-24,29.692100524902344
2012-12-26,29.590038299560547
2012-12-27,29.542938232421875
2012-12-28,29.221054077148438
2012-12-31,29.754911422729492
2013-01-02,30.469341278076172
2013-01-03,30.485048294067383
2013-01-04,30.71270751953125
2013-01-07,30.579265594482422
2013-01-08,30.343725204467773
2013-01-09,30.64990997314453
2013-01-10,30.79907989501953
2013-01-11,30.68915367126465
2013-01-14,30.806930541992188
2013-01-15,30.89328384399414
2013-01-16,30.767677307128906
2013-01-17,31.097427368164062
2013-01-18,31.3486385345459
2013-01-22,31.474267959594727
2013-01-23,31.48210906982422
2013-01-24,31.670528411865234
2013-01-25,31.77259063720703
2013-01-28,31.796133041381836
2013-01-29,31.866809844970703
2013-01-30,31.57633399963379
2013-01-31,31.46640396118164
2013-02-01,31.77259063720703
2013-02-04,31.497821807861328
2013-02-05,31.78829002380371
2013-02-06,31.796133041381836
2013-02-07,31.75688362121582
2013-02-08,31.88250160217285
2013-02-11,31.858945846557617
2013-02-12,32.00027084350586
2013-02-13,32.17298889160156
2013-02-14,32.2200813293457
2013-02-15,32.23578643798828
2013-02-19,32.47132110595703
2013-02-20,32.047359466552734
2013-02-21,31.811853408813477
2013-02-22,32.06307601928711
2013-02-25,31.403579711914062
2013-02-26,31.592023849487305
2013-02-27,32.188690185546875
2013-02-28,32.16514205932617
2013-03-01,32.11016845703125
2013-03-04,32.047359466552734
2013-03-05,32.50273132324219
2013-03-06,32.50273132324219
2013-03-07,32.52627944946289
2013-03-08,32.832462310791016
2013-03-11,32.94236755371094
2013-03-12,32.753963470458984
2013-03-13,32.91096496582031
2013-03-14,33.06797409057617
2013-03-15,33.093223571777344
2013-03-18,32.888214111328125
2013-03-19,32.856666564941406
2013-03-20,32.89609909057617
2013-03-21,32.564937591552734
2013-03-22,32.817237854003906
2013-03-25,32.5255126953125
2013-03-26,32.69108581542969
2013-03-27,32.69108581542969
2013-03-28,32.927642822265625
2013-04-01,32.5255126953125
2013-04-02,32.42299270629883
2013-04-03,32.22587203979492
2013-04-04,32.367801666259766
2013-04-05,32.304725646972656
2013-04-08,32.493953704833984
2013-04-09,32.596473693847656
2013-04-10,33.03013229370117
2013-04-11,33.11688232421875
2013-04-12,32.927642822265625
2013-04-15,31.926246643066406
2013-04-16,32.359920501708984
2013-04-17,31.823749542236328
2013-04-18,31.681814193725586
2013-04-19,31.839494705200195
2013-04-22,31.87892723083496
2013-04-23,32.10761260986328
2013-04-24,32.43876266479492
2013-04-25,32.604347229003906
2013-04-26,32.509727478027344
2013-04-29,32.67530822753906
2013-04-30,32.683204650878906
2013-05-01,32.257423400878906
2013-05-02,32.659549713134766
2013-05-03,33.21937561035156
2013-05-06,33.432281494140625
2013-05-07,33.73978805541992
2013-05-08,33.95267868041992
2013-05-09,33.95267868041992
2013-05-10,34.05518341064453
2013-05-13,33.921142578125
2013-05-14,34.33903884887695
2013-05-15,34.48098373413086
2013-05-16,34.307498931884766
2013-05-17,34.827903747558594
2013-05-20,34.9304084777832
2013-05-21,34.97772979736328
2013-05-22,34.67021560668945
2013-05-23,34.575584411621094
2013-05-24,34.46519470214844
2013-05-28,34.64655685424805
2013-05-29,34.449432373046875
2013-05-30,34.65444564819336
2013-05-31,34.32327651977539
2013-06-03,34.48886489868164
2013-06-04,34.29962158203125
2013-06-05,33.676692962646484
2013-06-06,33.88959884643555
2013-06-07,34.52828598022461
2013-06-10,34.425777435302734
2013-06-11,34.11037826538086
2013-06-12,33.87382888793945
2013-06-13,34.37058639526367
2013-06-14,34.141910552978516
2013-06-17,34.409996032714844
2013-06-18,34.81214141845703
2013-06-19,34.28385543823242
2013-06-20,33.503238677978516
2013-06-21,33.52384948730469
2013-06-24,32.96113586425781
2013-06-25,33.333641052246094
2013-06-26,33.65858459472656
2013-06-27,33.99142837524414
2013-06-28,33.793312072753906
2013-07-01,34.13408279418945
2013-07-02,33.7695198059082
2013-07-03,33.78537368774414
2013-07-05,34.31636428833008
2013-07-08,34.411468505859375
2013-07-09,34.89491653442383
2013-07-10,34.88701248168945
2013-07-11,35.441749572753906
2013-07-12,35.227760314941406
2013-07-15,35.35457992553711
2013-07-16,35.16437911987305
2013-07-17,35.267391204833984
2013-07-18,35.624046325683594
2013-07-19,35.98859405517578
2013-07-22,36.01237869262695
2013-07-23,35.98859405517578
2013-07-24,35.71121597290039
2013-07-25,35.72706985473633
2013-07-26,35.60817337036133
2013-07-29,35.513099670410156
2013-07-30,35.66366195678711
2013-07-31,35.79047775268555
2013-08-01,36.40070724487305
2013-08-02,36.47205352783203
2013-08-05,36.32939529418945
2013-08-06,36.0599250793457
2013-08-07,36.00444412231445
2013-08-08,36.170875549316406
2013-08-09,36.052005767822266
2013-08-12,36.099552154541016
2013-08-13,36.2580451965332
2013-08-14,36.00444412231445
2013-08-15,35.60026931762695
2013-08-16,35.64781951904297
2013-08-19,35.45761489868164
2013-08-20,35.52101516723633
2013-08-21,35.27534484863281
2013-08-22,35.75876235961914
2013-08-23,35.76668930053711
2013-08-26,35.68743896484375
2013-08-27,34.96623992919922
2013-08-28,34.99794006347656
2013-08-29,35.100955963134766
2013-08-30,34.90283203125
2013-09-03,35.12473678588867
2013-09-04,35.48139190673828
2013-09-05,35.56856918334961
2013-09-06,35.55271911621094
2013-09-09,35.996524810791016
2013-09-10,36.51958465576172
2013-09-11,36.670166015625
2013-09-12,36.51958465576172
2013-09-13,36.62263107299805
2013-09-16,37.09813690185547
2013-09-17,37.25663757324219
2013-09-18,37.72423553466797
2013-09-19,37.851036071777344
2013-09-20,37.38847351074219
2013-09-23,37.269039154052734
2013-09-24,37.40438461303711
2013-09-25,37.23719024658203
2013-09-26,37.40438461303711
2013-09-27,37.16553497314453
2013-09-30,36.9505615234375
2013-10-01,37.18144989013672
2013-10-02,37.006290435791016
2013-10-03,36.60023880004883
2013-10-04,36.83909606933594
2013-10-07,36.584312438964844
2013-10-08,36.17030334472656
2013-10-09,36.154380798339844
2013-10-10,37.085914611816406
2013-10-11,37.26106643676758
2013-10-14,37.40438461303711
2013-10-15,37.03019332885742
2013-10-16,37.27699279785156
2013-10-17,37.563621520996094
2013-10-18,37.96965408325195
2013-10-21,38.06521224975586
2013-10-22,38.31999206542969
2013-10-23,38.33591079711914
2013-10-24,38.622535705566406
2013-10-25,38.82157516479492
2013-10-28,38.765846252441406
2013-10-29,38.87731170654297
2013-10-30,38.702144622802734
2013-10-31,38.71010971069336
2013-11-01,38.98878479003906
2013-11-04,39.132080078125
2013-11-05,39.092281341552734
2013-11-06,39.20375442504883
2013-11-07,38.78970718383789
2013-11-08,39.31520462036133
2013-11-11,39.283363342285156
2013-11-12,39.29928207397461
2013-11-13,39.530174255371094
2013-11-14,39.681434631347656
2013-11-15,39.816802978515625
2013-11-18,39.880489349365234
2013-11-19,39.593875885009766
2013-11-20,39.418697357177734
2013-11-21,39.737178802490234
2013-11-22,40.08749771118164
2013-11-25,39.999916076660156
2013-11-26,40.079532623291016
2013-11-27,40.2387580871582
2013-11-29,40.12730407714844
2013-12-02,39.96010208129883
2013-12-03,39.61775207519531
2013-12-04,39.4585075378418
2013-12-05,39.47444534301758
2013-12-06,40.079532623291016
2013-12-09,40.183040618896484
2013-12-10,40.095462799072266
2013-12-11,39.46647644042969
2013-12-12,39.50627517700195
2013-12-13,39.62570571899414
2013-12-16,39.999916076660156
2013-12-17,39.9839973449707
2013-12-18,40.65278625488281
2013-12-19,40.692604064941406
2013-12-20,41.0198974609375
2013-12-23,41.179931640625
2013-12-24,41.37199020385742
2013-12-26,41.660072326660156
2013-12-27,41.61205291748047
2013-12-30,41.572044372558594
2013-12-31,41.820106506347656
2014-01-02,41.23594665527344
2014-01-03,41.34798049926758
2014-01-06,41.107906341552734
2014-01-07,41.363983154296875
2014-01-08,41.29196548461914
2014-01-09,41.49202346801758
2014-01-10,41.55604553222656
2014-01-13,41.05189895629883
2014-01-14,41.48401641845703
2014-01-15,41.780094146728516
2014-01-16,41.676082611083984
2014-01-17,41.468017578125
2014-01-21,41.50802993774414
2014-01-22,41.63606262207031
2014-01-23,41.139923095703125
2014-01-24,39.859561920166016
2014-01-27,39.89956283569336
2014-01-28,40.27566909790039
2014-01-29,39.84355163574219
2014-01-30,40.23565673828125
2014-01-31,40.035606384277344
2014-02-03,38.92328643798828
2014-02-04,39.17133712768555
2014-02-05,39.155330657958984
2014-02-06,39.69950866699219
2014-02-07,40.38770294189453
2014-02-10,40.13163757324219
2014-02-11,40.57975769042969
2014-02-12,40.81182098388672
2014-02-13,40.84383773803711
2014-02-14,41.107906341552734
2014-02-18,41.075904846191406
2014-02-19,40.69178771972656
2014-02-20,41.075904846191406
2014-02-21,41.12392807006836
2014-02-24,41.436012268066406
2014-02-25,41.29997253417969
2014-02-26,41.339988708496094
2014-02-27,41.58005905151367
2014-02-28,41.660072326660156
2014-03-03,41.37998962402344
2014-03-04,41.98017120361328
2014-03-05,42.03618621826172
2014-03-06,42.276248931884766
2014-03-07,42.41229248046875
2014-03-10,42.228233337402344
2014-03-11,41.92414093017578
2014-03-12,41.8441276550293
2014-03-13,41.251953125
2014-03-14,41.09190368652344
2014-03-17,41.59605026245117
2014-03-18,41.820106506347656
2014-03-19,41.38800048828125
2014-03-20,41.50802993774414
2014-03-21,41.512046813964844
2014-03-24,41.37541198730469
2014-03-25,41.7531623840332
2014-03-26,41.32719421386719
2014-03-27,41.270931243896484
2014-03-28,41.576332092285156
2014-03-31,42.05856704711914
2014-04-01,42.35594940185547
2014-04-02,42.65332794189453
2014-04-03,42.71761703491211
2014-04-04,42.227359771728516
2014-04-07,41.624568939208984
2014-04-08,41.624568939208984
2014-04-09,42.15501022338867
2014-04-10,41.31916046142578
2014-04-11,40.909263610839844
2014-04-14,41.142337799072266
2014-04-15,41.431678771972656
2014-04-16,42.06660842895508
2014-04-17,42.3961296081543
2014-04-21,42.516693115234375
2014-04-22,42.54081726074219
2014-04-23,42.70155334472656
2014-04-24,42.62118911743164
2014-04-25,42.20323944091797
2014-04-28,42.227359771728516
2014-04-29,42.33988571166992
2014-04-30,42.62118911743164
2014-05-01,42.516693115234375
2014-05-02,42.45240020751953
2014-05-05,42.54081726074219
2014-05-06,42.21932601928711
2014-05-07,42.58097839355469
2014-05-08,42.57295227050781
2014-05-09,42.6051139831543
2014-05-12,43.24004364013672
2014-05-13,43.31236267089844
2014-05-14,42.99089813232422
2014-05-15,42.6131477355957
2014-05-16,42.669395446777344
2014-05-19,42.83818054199219
2014-05-20,42.26754379272461
2014-05-21,42.68547439575195
2014-05-22,42.765838623046875
2014-05-23,43.03912353515625
2014-05-27,43.2641487121582
2014-05-28,43.29629898071289
2014-05-29,43.473114013671875
2014-05-30,43.44097137451172
2014-06-02,43.625831604003906
2014-06-03,43.577598571777344
2014-06-04,43.56956100463867
2014-06-05,44.011600494384766
2014-06-06,44.45367431640625
2014-06-09,44.67869186401367
2014-06-10,44.57421112060547
2014-06-11,44.24468231201172
2014-06-12,43.649940490722656
2014-06-13,43.80264663696289
2014-06-16,43.754417419433594
2014-06-17,43.87497329711914
2014-06-18,44.1241455078125
2014-06-19,44.236663818359375
2014-06-20,44.422359466552734
2014-06-23,44.16399002075195
2014-06-24,43.71992874145508
2014-06-25,43.760292053222656
2014-06-26,43.727989196777344
2014-06-27,43.83295822143555
2014-06-30,43.64726638793945
2014-07-01,43.91371154785156
2014-07-02,43.841033935546875
2014-07-03,44.20435333251953
2014-07-07,43.889488220214844
2014-07-08,43.59074783325195
2014-07-09,43.66341018676758
2014-07-10,43.40505599975586
2014-07-11,43.655338287353516
2014-07-14,43.905616760253906
2014-07-15,43.929832458496094
2014-07-16,44.11553955078125
2014-07-17,43.429264068603516
2014-07-18,43.792598724365234
2014-07-21,43.768367767333984
2014-07-22,43.929832458496094
2014-07-23,43.752220153808594
2014-07-24,43.542301177978516
2014-07-25,43.429264068603516
2014-07-28,43.21127700805664
2014-07-29,42.67033386230469
2014-07-30,42.7106819152832
2014-07-31,41.84679412841797
2014-08-01,41.80642318725586
2014-08-04,41.951744079589844
2014-08-05,41.701473236083984
2014-08-06,41.49155044555664
2014-08-07,41.53192138671875
2014-08-08,42.12129211425781
2014-08-11,42.29085922241211
2014-08-12,42.19396209716797
2014-08-13,42.60573196411133
2014-08-14,42.791439056396484
2014-08-15,42.702613830566406
2014-08-18,43.3485221862793
2014-08-19,43.4534912109375
2014-08-20,43.91371154785156
2014-08-21,43.873329162597656
2014-08-22,43.71992874145508
2014-08-25,43.889488220214844
2014-08-26,43.7441520690918
2014-08-27,43.71992874145508
2014-08-28,43.655338287353516
2014-08-29,43.614967346191406
2014-09-02,43.760292053222656
2014-09-03,43.70378875732422
2014-09-04,43.71992874145508
2014-09-05,43.86526107788086
2014-09-08,43.82489013671875
2014-09-09,43.68763732910156
2014-09-10,43.71992874145508
2014-09-11,43.73605728149414
2014-09-12,43.59074783325195
2014-09-15,43.574588775634766
2014-09-16,43.81681442260742
2014-09-17,43.986366271972656
2014-09-18,44.19629669189453
2014-09-19,44.15328598022461
2014-09-22,43.65846252441406
2014-09-23,43.301536560058594
2014-09-24,43.5286750793457
2014-09-25,42.84726333618164
2014-09-26,43.244754791259766
2014-09-29,43.17985916137695
2014-09-30,43.11495590209961
2014-10-01,42.30377197265625
2014-10-02,42.255096435546875
2014-10-03,42.8310432434082
2014-10-06,42.70124816894531
2014-10-07,41.66292953491211
2014-10-08,42.40922546386719
2014-10-09,41.42768096923828
2014-10-10,40.81928253173828
2014-10-13,40.186561584472656
2014-10-14,40.74629211425781
2014-10-15,40.64894485473633
2014-10-16,40.94906997680664
2014-10-17,41.76026153564453
2014-10-20,41.8819465637207
2014-10-21,42.814823150634766
2014-10-22,42.255096435546875
2014-10-23,43.1879768371582
2014-10-24,43.56923294067383
2014-10-27,43.55300521850586
2014-10-28,44.32364273071289
2014-10-29,44.16950988769531
2014-10-30,44.347984313964844
2014-10-31,44.786006927490234
2014-11-03,44.72923278808594
2014-11-04,44.704898834228516
2014-11-05,44.980712890625
2014-11-06,45.451202392578125
2014-11-07,45.51609802246094
2014-11-10,45.74323654174805
2014-11-11,45.68645095825195
2014-11-12,45.751346588134766
2014-11-13,45.621559143066406
2014-11-14,45.67835235595703
2014-11-17,45.613441467285156
2014-11-18,45.95414733886719
2014-11-19,45.81624221801758
2014-11-20,45.93791198730469
2014-11-21,46.38406753540039
2014-11-24,46.50575256347656
2014-11-25,46.643653869628906
2014-11-26,46.55440902709961
2014-11-28,46.165061950683594
2014-12-01,45.57289123535156
2014-12-02,45.96224594116211
2014-12-03,46.578758239746094
2014-12-04,46.343505859375
2014-12-05,46.44895553588867
2014-12-08,45.93791198730469
2014-12-09,45.94602966308594
2014-12-10,45.0699348449707
2014-12-11,45.288970947265625
2014-12-12,44.46965408325195
2014-12-15,44.32364273071289
2014-12-16,44.364200592041016
2014-12-17,44.77790451049805
2014-12-18,45.90547180175781
2014-12-19,46.16324996948242
2014-12-22,46.60375213623047
2014-12-23,46.77505874633789
2014-12-24,46.824005126953125
2014-12-26,46.824005126953125
2014-12-29,46.89741897583008
2014-12-30,46.62006378173828
2014-12-31,46.15509033203125
2015-01-02,46.097984313964844
2015-01-05,45.02119064331055
2015-01-06,44.46648406982422
2015-01-07,44.80095672607422
2015-01-08,45.698272705078125
2015-01-09,45.208824157714844
2015-01-12,44.89883041381836
2015-01-13,44.809104919433594
2015-01-14,44.56437683105469
2015-01-15,44.352291107177734
2015-01-16,44.64594650268555
2015-01-20,44.96409225463867
2015-01-21,45.33118438720703
2015-01-22,46.05719757080078
2015-01-23,45.67379379272461
2015-01-26,45.730899810791016
2015-01-27,45.12723922729492
2015-01-28,44.73569107055664
2015-01-29,45.24961471557617
2015-01-30,44.515438079833984
2015-02-02,45.17619323730469
2015-02-03,45.91035842895508
2015-02-04,45.559593200683594
2015-02-05,45.951141357421875
2015-02-06,45.84511184692383
2015-02-09,45.72275161743164
2015-02-10,45.97563171386719
2015-02-11,45.99193572998047
2015-02-12,46.424293518066406
2015-02-13,46.63637924194336
2015-02-17,46.701637268066406
2015-02-18,46.962677001953125
2015-02-19,47.04425048828125
2015-02-20,47.44396209716797
2015-02-23,47.240028381347656
2015-02-24,47.427650451660156
2015-02-25,47.329769134521484
2015-02-26,47.11768341064453
2015-02-27,46.89741897583008
2015-03-02,47.329769134521484
2015-03-03,47.02793884277344
2015-03-04,46.660850524902344
2015-03-05,46.6934928894043
2015-03-06,46.05719757080078
2015-03-09,46.48954772949219
2015-03-10,45.63301086425781
2015-03-11,45.58406066894531
2015-03-12,46.17140197753906
2015-03-13,45.747222900390625
2015-03-16,46.505863189697266
2015-03-17,46.318233489990234
2015-03-18,46.86479568481445
2015-03-19,46.546653747558594
2015-03-20,46.8097038269043
2015-03-23,46.416343688964844
2015-03-24,46.260650634765625
2015-03-25,45.47392654418945
2015-03-26,45.35099792480469
2015-03-27,45.52309799194336
2015-03-30,46.162296295166016
2015-03-31,45.703392028808594
2015-04-01,45.4001579284668
2015-04-02,45.42475509643555
2015-04-06,45.768943786621094
2015-04-07,45.662410736083984
2015-04-08,45.818115234375
2015-04-09,46.03937530517578
2015-04-10,46.68678283691406
2015-04-13,46.2442512512207
2015-04-14,46.30162048339844
2015-04-15,46.383567810058594
2015-04-16,46.285221099853516
2015-04-17,45.72797775268555
2015-04-20,46.260650634765625
2015-04-21,46.203277587890625
2015-04-22,46.39996337890625
2015-04-23,46.350807189941406
2015-04-24,46.15410614013672
2015-04-27,46.137718200683594
2015-04-28,46.219669342041016
2015-04-29,45.990211486816406
2015-04-30,45.588653564453125
2015-05-01,46.162296295166016
2015-05-04,46.23604965209961
2015-05-05,45.61324691772461
2015-05-06,45.588653564453125
2015-05-07,45.82630920410156
2015-05-08,46.367183685302734
2015-05-11,46.326210021972656
2015-05-12,46.27702331542969
2015-05-13,46.37537384033203
2015-05-14,46.84248733520508
2015-05-15,46.80152130126953
2015-05-18,46.89164733886719
2015-05-19,46.76054382324219
2015-05-20,46.58843994140625
2015-05-21,46.84248733520508
2015-05-22,46.629417419433594
2015-05-26,46.12132263183594
2015-05-27,46.416343688964844
2015-05-28,46.19508361816406
2015-05-29,45.73616027832031
2015-06-01,45.9410400390625
2015-06-02,46.03117752075195
2015-06-03,46.260650634765625
2015-06-04,45.74435806274414
2015-06-05,45.77712631225586
2015-06-08,45.441123962402344
2015-06-09,45.432952880859375
2015-06-10,45.88367462158203
2015-06-11,46.14592742919922
2015-06-12,45.875484466552734
2015-06-15,45.49031066894531
2015-06-16,45.53129577636719
2015-06-17,45.65421676635742
2015-06-18,46.11313247680664
2015-06-19,45.88913345336914
2015-06-22,46.16914367675781
2015-06-23,46.053836822509766
2015-06-24,45.62557601928711
2015-06-25,45.27143478393555
2015-06-26,45.353790283203125
2015-06-29,44.497283935546875
2015-06-30,44.52201461791992
2015-07-01,44.74436569213867
2015-07-02,44.66200256347656
2015-07-06,44.48906326293945
2015-07-07,44.85143280029297
2015-07-08,44.04433059692383
2015-07-09,44.15140151977539
2015-07-10,44.61259841918945
2015-07-13,45.10673904418945
2015-07-14,45.23027038574219
2015-07-15,45.04084014892578
2015-07-16,45.24673843383789
2015-07-17,45.23027038574219
2015-07-20,45.23849868774414
2015-07-21,44.75260925292969
2015-07-22,44.55493927001953
2015-07-23,44.143165588378906
2015-07-24,43.566673278808594
2015-07-27,43.352535247802734
2015-07-28,44.192569732666016
2015-07-29,44.736148834228516
2015-07-30,44.69496154785156
2015-07-31,44.65376663208008
2015-08-03,44.439640045166016
2015-08-04,44.414947509765625
2015-08-05,44.66200256347656
2015-08-06,44.43141555786133
2015-08-07,44.217281341552734
2015-08-10,45.082027435302734
2015-08-11,44.53023147583008
2015-08-12,44.53847885131836
2015-08-13,44.50552749633789
2015-08-14,44.785545349121094
2015-08-17,45.007911682128906
2015-08-18,44.9255485534668
2015-08-19,44.50552749633789
2015-08-20,43.58313751220703
2015-08-21,42.38072967529297
2015-08-24,40.873592376708984
2015-08-25,40.338279724121094
2015-08-26,41.598350524902344
2015-08-27,42.603092193603516
2015-08-28,42.61955642700195
2015-08-31,42.24072265625
2015-09-01,41.12066650390625
2015-09-02,42.03483200073242
2015-09-03,42.059547424316406
2015-09-04,41.47480392456055
2015-09-08,42.61955642700195
2015-09-09,42.166595458984375
2015-09-10,42.191314697265625
2015-09-11,42.421905517578125
2015-09-14,42.20779037475586
2015-09-15,42.940765380859375
2015-09-16,43.253700256347656
2015-09-17,43.064292907714844
2015-09-18,42.11289596557617
2015-09-21,42.319915771484375
2015-09-22,41.707176208496094
2015-09-23,41.4173698425293
2015-09-24,41.16067886352539
2015-09-25,41.243492126464844
2015-09-28,40.43202590942383
2015-09-29,40.696998596191406
2015-09-30,41.30972671508789
2015-10-01,41.2186393737793
2015-10-02,41.74028396606445
2015-10-05,42.924354553222656
2015-10-06,42.882965087890625
2015-10-07,43.44601058959961
2015-10-08,44.050453186035156
2015-10-09,44.199501037597656
2015-10-12,44.20777130126953
2015-10-13,43.73581314086914
2015-10-14,43.26384353637695
2015-10-15,43.73581314086914
2015-10-16,43.51224136352539
2015-10-19,43.5702018737793
2015-10-20,43.86000442504883
2015-10-21,43.8682861328125
2015-10-22,45.0937614440918
2015-10-23,45.259361267089844
2015-10-26,45.15998840332031
2015-10-27,44.66318130493164
2015-10-28,45.019229888916016
2015-10-29,44.99439239501953
2015-10-30,44.93643569946289
2015-11-02,45.45808792114258
2015-11-03,45.49120330810547
2015-11-04,45.367000579833984
2015-11-05,45.42496871948242
2015-11-06,45.42496871948242
2015-11-09,45.07719421386719
2015-11-10,45.06891632080078
2015-11-11,45.126888275146484
2015-11-12,44.51414108276367
2015-11-13,44.31541442871094
2015-11-16,44.88674545288086
2015-11-17,44.79566955566406
2015-11-18,45.41667938232422
2015-11-19,45.61540222167969
2015-11-20,45.847251892089844
2015-11-23,45.61540222167969
2015-11-24,45.54088592529297
2015-11-25,45.54088592529297
2015-11-27,45.62368392944336
2015-11-30,45.32559585571289
2015-12-01,45.54088592529297
2015-12-02,45.07719421386719
2015-12-03,44.51414108276367
2015-12-04,45.17656326293945
2015-12-07,44.95299530029297
2015-12-08,44.23262405395508
2015-12-09,44.10014343261719
2015-12-10,44.30714416503906
2015-12-11,43.561920166015625
2015-12-14,43.7192497253418
2015-12-15,43.72753143310547
2015-12-16,44.505863189697266
2015-12-17,43.76893997192383
2015-12-18,43.10165786743164
2015-12-21,43.43488693237305
2015-12-22,44.034671783447266
2015-12-23,44.551151275634766
2015-12-24,44.534488677978516
2015-12-28,44.43452453613281
2015-12-29,44.8593864440918
2015-12-30,44.48452377319336
2015-12-31,44.15963363647461
2016-01-04,43.568172454833984
2016-01-05,43.684783935546875
2016-01-06,43.0100212097168
2016-01-07,41.84376525878906
2016-01-08,41.41891860961914
2016-01-11,41.44390106201172
2016-01-12,41.777137756347656
2016-01-13,40.769142150878906
2016-01-14,41.25230026245117
2016-01-15,40.52757263183594
2016-01-19,40.51922607421875
2016-01-20,39.99441146850586
2016-01-21,40.16936492919922
2016-01-22,40.51922607421875
2016-01-25,40.0194206237793
2016-01-26,40.77748489379883
2016-01-27,40.319297790527344
2016-01-28,40.552547454833984
2016-01-29,41.64383316040039
2016-02-01,41.54386520385742
2016-02-02,40.71083068847656
2016-02-03,41.36893844604492
2016-02-04,42.08534622192383
2016-02-05,41.685489654541016
2016-02-08,41.335609436035156
2016-02-09,41.58552932739258
2016-02-10,41.36893844604492
2016-02-11,40.56087112426758
2016-02-12,41.37726593017578
2016-02-16,42.21030044555664
2016-02-17,42.860076904296875
2016-02-18,42.835086822509766
2016-02-19,42.75178146362305
2016-02-22,43.47652053833008
2016-02-23,43.043338775634766
2016-02-24,43.06835174560547
2016-02-25,43.63481903076172
2016-02-26,43.69313049316406
2016-02-29,43.4182243347168
2016-03-01,44.26791000366211
2016-03-02,44.30124282836914
2016-03-03,44.617801666259766
2016-03-04,44.80107879638672
2016-03-07,44.934356689453125
2016-03-08,44.30124282836914
2016-03-09,44.442874908447266
2016-03-10,44.376220703125
2016-03-11,45.017662048339844
2016-03-14,45.059329986572266
2016-03-15,45.034324645996094
2016-03-16,45.19260025024414
2016-03-17,46.18393325805664
2016-03-18,46.5799674987793
2016-03-21,46.85628890991211
2016-03-22,46.588340759277344
2016-03-23,46.28690719604492
2016-03-24,46.15294647216797
2016-03-28,46.16969299316406
2016-03-29,46.47112274169922
2016-03-30,46.55485153198242
2016-03-31,46.446022033691406
2016-04-01,46.6637077331543
2016-04-04,46.13618850708008
2016-04-05,45.85150146484375
2016-04-06,46.077579498291016
2016-04-07,45.63380813598633
2016-04-08,45.80963897705078
2016-04-11,45.826385498046875
2016-04-12,46.094337463378906
2016-04-13,46.78092956542969
2016-04-14,46.86466979980469
2016-04-15,46.9316520690918
2016-04-18,46.97351837158203
2016-04-19,47.30844497680664
2016-04-20,47.23308181762695
2016-04-21,47.11586380004883
2016-04-22,47.23308181762695
2016-04-25,47.00701904296875
2016-04-26,47.4256706237793
2016-04-27,47.76059341430664
2016-04-28,47.30006790161133
2016-04-29,47.023746490478516
2016-05-02,47.26658248901367
2016-05-03,46.881404876708984
2016-05-04,46.30366516113281
2016-05-05,46.27854537963867
2016-05-06,46.588340759277344
2016-05-09,46.37902069091797
2016-05-10,47.174476623535156
2016-05-11,46.78092956542969
2016-05-12,46.68043518066406
2016-05-13,46.094337463378906
2016-05-16,46.6637077331543
2016-05-17,46.437625885009766
2016-05-18,46.27854537963867
2016-05-19,45.843135833740234
2016-05-20,46.077579498291016
2016-05-23,45.99384689331055
2016-05-24,46.47112274169922
2016-05-25,46.7892951965332
2016-05-26,46.65532302856445
2016-05-27,46.8311767578125
2016-05-31,46.82279586791992
2016-06-01,46.86466979980469
2016-06-02,46.92327880859375
2016-06-03,46.881404876708984
2016-06-06,47.32518768310547
2016-06-07,47.55125427246094
2016-06-08,47.85268020629883
2016-06-09,47.84432601928711
2016-06-10,47.283321380615234
2016-06-13,46.77255630493164
2016-06-14,46.78092956542969
2016-06-15,46.79766082763672
2016-06-16,46.881404876708984
2016-06-17,46.92097473144531
2016-06-20,47.35036087036133
2016-06-21,47.31669235229492
2016-06-22,47.181983947753906
2016-06-23,47.72923278808594
2016-06-24,45.78436279296875
2016-06-27,44.706703186035156
2016-06-28,45.464439392089844
2016-06-29,46.27269744873047
2016-06-30,47.15673828125
2016-07-01,47.30827331542969
2016-07-05,46.8788948059082
2016-07-06,47.1146125793457
2016-07-07,47.24091339111328
2016-07-08,48.18388366699219
2016-07-11,48.486976623535156
2016-07-12,48.93320083618164
2016-07-13,49.051063537597656
2016-07-14,49.42152786254883
2016-07-15,49.41311264038086
2016-07-18,49.37099838256836
2016-07-19,49.396263122558594
2016-07-20,49.48887252807617
2016-07-21,48.98373031616211
2016-07-22,49.07633590698242
2016-07-25,48.815330505371094
2016-07-26,49.219444274902344
2016-07-27,49.02580642700195
2016-07-28,49.00897979736328
2016-07-29,48.8658447265625
2016-08-01,48.80691909790039
2016-08-02,48.35227584838867
2016-08-03,48.5880126953125
2016-08-04,48.604854583740234
2016-08-05,49.09318161010742
2016-08-08,49.1605224609375
2016-08-09,49.14369201660156
2016-08-10,49.11842727661133
2016-08-11,49.43837356567383
2016-08-12,49.30365753173828
2016-08-15,49.63200378417969
2016-08-16,49.41311264038086
2016-08-17,49.55624008178711
2016-08-18,49.70779037475586
2016-08-19,49.69094467163086
2016-08-22,49.64885330200195
2016-08-23,49.69094467163086
2016-08-24,49.53939437866211
2016-08-25,49.530982971191406
2016-08-26,49.387847900390625
2016-08-29,49.7414665222168
2016-08-30,49.606746673583984
2016-08-31,49.32892608642578
2016-09-01,49.37099838256836
2016-09-02,49.61517333984375
2016-09-06,49.4720344543457
2016-09-07,49.530982971191406
2016-09-08,49.48887252807617
2016-09-09,48.091270446777344
2016-09-12,48.70588684082031
2016-09-13,47.99024200439453
2016-09-14,47.94813537597656
2016-09-15,48.32700729370117
2016-09-16,47.92237854003906
2016-09-19,48.13399887084961
2016-09-20,48.176334381103516
2016-09-21,48.80275344848633
2016-09-22,49.14984893798828
2016-09-23,48.86202621459961
2016-09-26,48.650386810302734
2016-09-27,48.988990783691406
2016-09-28,49.36994934082031
2016-09-29,48.98052978515625
2016-09-30,49.42074203491211
2016-10-03,49.46306610107422
2016-10-04,49.04825210571289
2016-10-05,49.361488342285156
2016-10-06,49.361488342285156
2016-10-07,48.72657012939453
2016-10-10,48.77735900878906
2016-10-11,48.26945114135742
2016-10-12,48.36256408691406
2016-10-13,48.345638275146484
2016-10-14,48.44722366333008
2016-10-17,48.32023620605469
2016-10-18,48.42182159423828
2016-10-19,48.574195861816406
2016-10-20,48.31178665161133
2016-10-21,48.24405288696289
2016-10-24,48.33717727661133
2016-10-25,48.21017837524414
2016-10-26,48.37948989868164
2016-10-27,48.04935073852539
2016-10-28,48.33717727661133
2016-10-31,48.43027877807617
2016-11-01,48.01548385620117
2016-11-02,47.83772277832031
2016-11-03,47.76152038574219
2016-11-04,47.80384826660156
2016-11-07,48.98052978515625
2016-11-08,49.276824951171875
2016-11-09,50.51275634765625
2016-11-10,51.58786392211914
2016-11-11,51.680973052978516
2016-11-14,51.90108871459961
2016-11-15,52.09577941894531
2016-11-16,51.79949951171875
2016-11-17,51.90953826904297
2016-11-18,51.892616271972656
2016-11-21,52.171966552734375
2016-11-22,52.40901184082031
2016-11-23,52.79841613769531
2016-11-25,53.08623504638672
2016-11-28,52.72221755981445
2016-11-29,52.76454544067383
2016-11-30,52.83228302001953
2016-12-01,53.179351806640625
2016-12-02,53.17089080810547
2016-12-05,53.12854766845703
2016-12-06,53.230140686035156
2016-12-07,54.22059631347656
2016-12-08,53.91583251953125
2016-12-09,54.16132354736328
2016-12-12,53.96662902832031
2016-12-13,53.890438079833984
2016-12-14,53.34864807128906
2016-12-15,53.407920837402344
2016-12-16,53.30059814453125
2016-12-19,53.59870147705078
2016-12-20,53.90532302856445
2016-12-21,53.700897216796875
2016-12-22,53.59870147705078
2016-12-23,53.64979553222656
2016-12-27,53.76053237915039
2016-12-28,53.19839096069336
2016-12-29,53.18134307861328
2016-12-30,52.99396896362305
2017-01-03,53.30911636352539
2017-01-04,53.62424850463867
2017-01-05,53.4709358215332
2017-01-06,53.777565002441406
2017-01-09,53.3602180480957
2017-01-10,53.5816650390625
2017-01-11,53.86274337768555
2017-01-12,53.64128112792969
2017-01-13,53.845699310302734
2017-01-17,53.42835235595703
2017-01-18,53.63277053833008
2017-01-19,54.0245475769043
2017-01-20,54.03307342529297
2017-01-23,53.73497772216797
2017-01-24,54.271549224853516
2017-01-25,54.84220886230469
2017-01-26,54.96997833251953
2017-01-27,54.92737579345703
2017-01-30,54.458946228027344
2017-01-31,53.98196792602539
2017-02-01,53.888275146484375
2017-02-02,53.78609085083008
2017-02-03,54.18638229370117
2017-02-06,54.26304244995117
2017-02-07,54.35673904418945
2017-02-08,54.28007125854492
2017-02-09,54.697418212890625
2017-02-10,55.131797790527344
2017-02-13,55.68539810180664
2017-02-14,55.71096420288086
2017-02-15,56.00906753540039
2017-02-16,56.02609634399414
2017-02-17,56.11978530883789
2017-02-21,56.40085983276367
2017-02-22,56.24755096435547
2017-02-23,55.88130569458008
2017-02-24,56.11978530883789
2017-02-27,56.32419967651367
2017-02-28,56.09423828125
2017-03-01,57.039649963378906
2017-03-02,56.426414489746094
2017-03-03,56.486019134521484
2017-03-06,56.349761962890625
2017-03-07,56.18794250488281
2017-03-08,55.992027282714844
2017-03-09,55.736534118652344
2017-03-10,56.077205657958984
2017-03-13,56.043148040771484
2017-03-14,55.51506042480469
2017-03-15,56.14533233642578
2017-03-16,55.88981628417969
2017-03-17,56.19527816772461
2017-03-20,56.09260177612305
2017-03-21,55.23700714111328
2017-03-22,55.43379211425781
2017-03-23,55.356788635253906
2017-03-24,55.21134567260742
2017-03-27,55.014556884765625
2017-03-28,55.596343994140625
2017-03-29,55.587806701660156
2017-03-30,55.895816802978516
2017-03-31,55.66480255126953
2017-04-03,55.54502868652344
2017-04-04,55.69047546386719
2017-04-05,55.51078414916992
2017-04-06,55.66480255126953
2017-04-07,55.724700927734375
2017-04-10,55.86159896850586
2017-04-11,55.93859100341797
2017-04-12,55.16856384277344
2017-04-13,54.77497863769531
2017-04-17,55.373905181884766
2017-04-18,55.19424057006836
2017-04-19,55.24556350708008
2017-04-20,55.91293716430664
2017-04-21,55.96427536010742
2017-04-24,56.75995635986328
2017-04-25,57.03373718261719
2017-04-26,57.04231643676758
2017-04-27,57.02519607543945
2017-04-28,56.75995635986328
2017-05-01,56.58885192871094
2017-05-02,56.862640380859375
2017-05-03,56.90542221069336
2017-05-04,56.96530532836914
2017-05-05,57.256202697753906
2017-05-08,57.10219955444336
2017-05-09,57.179203033447266
2017-05-10,57.05943298339844
2017-05-11,57.04231643676758
2017-05-12,56.725738525390625
2017-05-15,56.990970611572266
2017-05-16,56.931087493896484
2017-05-17,55.793155670166016
2017-05-18,55.87015151977539
2017-05-19,56.605960845947266
2017-05-22,57.04231643676758
2017-05-23,57.16207504272461
2017-05-24,57.23054885864258
2017-05-25,57.606998443603516
2017-05-26,57.67544937133789
2017-05-30,57.6583366394043
2017-05-31,57.769561767578125
2017-06-01,58.128910064697266
2017-06-02,58.35992431640625
2017-06-05,58.15458297729492
2017-06-06,57.76100540161133
2017-06-07,57.69255447387695
2017-06-08,57.88079071044922
2017-06-09,58.10325622558594
2017-06-12,58.31714630126953
2017-06-13,58.55671691894531
2017-06-14,58.49681091308594
2017-06-15,58.84760284423828
2017-06-16,59.040164947509766
2017-06-19,59.40122985839844
2017-06-20,58.765079498291016
2017-06-21,58.36964797973633
2017-06-22,58.249305725097656
2017-06-23,58.46421813964844
2017-06-26,58.481407165527344
2017-06-27,58.0429801940918
2017-06-28,58.567359924316406
2017-06-29,58.06878662109375
2017-06-30,58.550174713134766
2017-07-03,58.911216735839844
2017-07-05,59.08314514160156
2017-07-06,58.567359924316406
2017-07-07,59.022979736328125
2017-07-10,59.19490432739258
2017-07-11,59.143333435058594
2017-07-12,59.4699821472168
2017-07-13,59.4270133972168
2017-07-14,59.68489074707031
2017-07-17,59.65049743652344
2017-07-18,59.51295852661133
2017-07-19,59.573158264160156
2017-07-20,59.23788833618164
2017-07-21,59.12612533569336
2017-07-24,58.997188568115234
2017-07-25,58.91981506347656
2017-07-26,58.997188568115234
2017-07-27,58.66192626953125
2017-07-28,58.799476623535156
2017-07-31,58.72209167480469
2017-08-01,58.550174713134766
2017-08-02,58.80806350708008
2017-08-03,59.10033416748047
2017-08-04,59.21210479736328
2017-08-07,59.21210479736328
2017-08-08,59.03156661987305
2017-08-09,59.04874038696289
2017-08-10,58.30086898803711
2017-08-11,58.335243225097656
2017-08-14,58.945621490478516
2017-08-15,58.8166618347168
2017-08-16,58.97998809814453
2017-08-17,57.9570198059082
2017-08-18,57.724910736083984
2017-08-21,57.819480895996094
2017-08-22,58.481407165527344
2017-08-23,57.931236267089844
2017-08-24,57.750701904296875
2017-08-25,58.025787353515625
2017-08-28,57.99140548706055
2017-08-29,58.41262435913086
2017-08-30,58.65333557128906
2017-08-31,58.85105895996094
2017-09-01,58.902626037597656
2017-09-05,58.30947494506836
2017-09-06,58.36964797973633
2017-09-07,58.48999786376953
2017-09-08,58.68769454956055
2017-09-11,59.19490432739258
2017-09-12,59.47857666015625
2017-09-13,59.39262771606445
2017-09-14,59.676292419433594
2017-09-15,59.92326736450195
2017-09-18,60.260066986083984
2017-09-19,60.32052993774414
2017-09-20,60.760948181152344
2017-09-21,60.94231414794922
2017-09-22,61.097747802734375
2017-09-25,61.097747802734375
2017-09-26,61.097747802734375
2017-09-27,61.16682434082031
2017-09-28,61.132286071777344
2017-09-29,61.313655853271484
2017-10-02,61.73677444458008
2017-10-03,62.004493713378906
2017-10-04,61.987213134765625
2017-10-05,62.1340446472168
2017-10-06,62.125396728515625
2017-10-09,61.95267105102539
2017-10-10,62.04767990112305
2017-10-11,62.01312255859375
2017-10-12,62.3412971496582
2017-10-13,62.229007720947266
2017-10-16,62.29811096191406
2017-10-17,62.1340446472168
2017-10-18,62.15994644165039
2017-10-19,62.33263397216797
2017-10-20,63.006221771240234
2017-10-23,62.60899353027344
2017-10-24,62.96305465698242
2017-10-25,62.3412971496582
2017-10-26,62.42765426635742
2017-10-27,62.45355224609375
2017-10-30,62.02177429199219
2017-10-31,61.77132797241211
2017-11-01,61.73677444458008
2017-11-02,62.09086227416992
2017-11-03,62.030418395996094
2017-11-06,62.0649528503418
2017-11-07,62.15994644165039
2017-11-08,62.05630111694336
2017-11-09,61.27908706665039
2017-11-10,61.365440368652344
2017-11-13,61.1581916809082
2017-11-14,60.99412536621094
2017-11-15,60.64868927001953
2017-11-16,61.2186393737793
2017-11-17,60.881839752197266
2017-11-20,61.1581916809082
2017-11-21,61.59860610961914
2017-11-22,61.66770553588867
2017-11-24,61.66770553588867
2017-11-27,61.77132797241211
2017-11-28,62.7126350402832
2017-11-29,63.26529312133789
2017-11-30,64.34474182128906
2017-12-01,63.55026626586914
2017-12-04,64.0857162475586
2017-12-05,63.5416374206543
2017-12-06,63.63664627075195
2017-12-07,64.223876953125
2017-12-08,64.50022888183594
2017-12-11,64.37068176269531
2017-12-12,64.43976593017578
2017-12-13,64.69021606445312
2017-12-14,64.24978637695312
2017-12-15,64.7029800415039
2017-12-18,65.1631851196289
2017-12-19,65.18057250976562
2017-12-20,65.39761352539062
2017-12-21,65.44971466064453
2017-12-22,65.46711730957031
2017-12-26,65.53656768798828
2017-12-27,65.69282531738281
2017-12-28,65.82307434082031
2017-12-29,65.70152282714844
2018-01-02,66.09222412109375
2018-01-03,66.44822692871094
2018-01-04,66.93443298339844
2018-01-05,67.39461517333984
2018-01-08,67.67247772216797
2018-01-09,68.10662078857422
2018-01-10,68.0979232788086
2018-01-11,68.96617889404297
2018-01-12,69.60871124267578
2018-01-16,68.9835433959961
2018-01-17,69.36558532714844
2018-01-18,68.99224853515625
2018-01-19,69.1919174194336
2018-01-22,69.1919174194336
2018-01-23,69.22665405273438
2018-01-24,69.16588592529297
2018-01-25,69.2353515625
2018-01-26,70.03416442871094
2018-01-29,69.56531524658203
2018-01-30,69.01829528808594
2018-01-31,69.22665405273438
2018-02-01,69.10511779785156
2018-02-02,67.71590423583984
2018-02-05,64.6422348022461
2018-02-06,65.82307434082031
2018-02-07,65.94462585449219
2018-02-08,63.400611877441406
2018-02-09,64.0865478515625
2018-02-12,65.11978149414062
2018-02-13,65.26738739013672
2018-02-14,66.09222412109375
2018-02-15,67.09074401855469
2018-02-16,67.10810089111328
2018-02-20,66.43085479736328
2018-02-21,66.44822692871094
2018-02-22,66.89104461669922
2018-02-23,67.44673919677734
2018-02-26,68.37574768066406
2018-02-27,67.51619720458984
2018-02-28,66.55239868164062
2018-03-01,65.25001525878906
2018-03-02,65.2326431274414
2018-03-05,66.01409149169922
2018-03-06,66.3093032836914
2018-03-07,66.30062866210938
2018-03-08,66.64793395996094
2018-03-09,68.11529541015625
2018-03-12,67.27307891845703
2018-03-13,66.94313049316406
2018-03-14,66.21379089355469
2018-03-15,66.40482330322266
2018-03-16,66.75961303710938
2018-03-19,66.24527740478516
2018-03-20,66.47193145751953
2018-03-21,66.5503921508789
2018-03-22,64.35356140136719
2018-03-23,63.412044525146484
2018-03-26,64.94635772705078
2018-03-27,64.04840087890625
2018-03-28,63.83051681518555
2018-03-29,64.7632827758789
2018-04-02,63.42948532104492
2018-04-03,64.30995178222656
2018-04-04,64.58893585205078
2018-04-05,65.24276733398438
2018-04-06,63.438194274902344
2018-04-09,63.24642562866211
2018-04-10,64.2140884399414
2018-04-11,63.743316650390625
2018-04-12,64.6586685180664
2018-04-13,64.50176239013672
2018-04-16,65.14685821533203
2018-04-17,65.69606018066406
2018-04-18,66.37602996826172
2018-04-19,66.1929702758789
2018-04-20,65.90531158447266
2018-04-23,65.82684326171875
2018-04-24,63.98741912841797
2018-04-25,64.17049407958984
2018-04-26,63.935096740722656
2018-04-27,63.80433654785156
2018-04-30,62.95874786376953
2018-05-01,62.67107009887695
2018-05-02,62.12184143066406
2018-05-03,62.27006149291992
2018-05-04,62.99359893798828
2018-05-07,63.412044525146484
2018-05-08,63.86536407470703
2018-05-09,64.55406188964844
2018-05-10,64.98995971679688
2018-05-11,65.12942504882812
2018-05-14,65.01609802246094
2018-05-15,64.79814910888672
2018-05-16,65.03352355957031
2018-05-17,65.28633880615234
2018-05-18,65.66991424560547
2018-05-21,66.6637191772461
2018-05-22,65.84427642822266
2018-05-23,65.78324127197266
2018-05-24,66.10578918457031
2018-05-25,65.98374938964844
2018-05-29,64.9289321899414
2018-05-30,65.84427642822266
2018-05-31,64.89405822753906
2018-06-01,65.60890197753906
2018-06-04,65.51300048828125
2018-06-05,65.59146118164062
2018-06-06,66.14067840576172
2018-06-07,66.41962432861328
2018-06-08,66.63758087158203
2018-06-11,66.768310546875
2018-06-12,66.69860076904297
2018-06-13,66.1668472290039
2018-06-14,65.91402435302734
2018-06-15,65.74947357177734
2018-06-18,65.47814178466797
2018-06-19,64.09522247314453
2018-06-20,64.13897705078125
2018-06-21,63.33373260498047
2018-06-22,63.55256271362305
2018-06-25,62.7473258972168
2018-06-26,62.983646392822266
2018-06-27,62.475982666015625
2018-06-28,62.56352233886719
2018-06-29,62.6948127746582
2018-07-02,62.83484649658203
2018-07-03,62.633544921875
2018-07-05,62.939903259277344
2018-07-06,63.1587028503418
2018-07-09,64.33155059814453
2018-07-10,64.53284454345703
2018-07-11,63.473785400390625
2018-07-12,64.21775817871094
2018-07-13,64.55034637451172
2018-07-16,64.28777313232422
2018-07-17,64.54159545898438
2018-07-18,65.2505874633789
2018-07-19,65.2242660522461
2018-07-20,65.15428924560547
2018-07-23,64.75167846679688
2018-07-24,65.02297973632812
2018-07-25,66.01203155517578
2018-07-26,66.51966857910156
2018-07-27,66.52842712402344
2018-07-30,65.87200164794922
2018-07-31,67.32494354248047
2018-08-01,66.41466522216797
2018-08-02,66.32714080810547
2018-08-03,66.38838958740234
2018-08-06,66.48466491699219
2018-08-07,66.9572982788086
2018-08-08,66.65974426269531
2018-08-09,66.29210662841797
2018-08-10,65.7056884765625
2018-08-13,65.3906021118164
2018-08-14,65.84574127197266
2018-08-15,65.53064727783203
2018-08-16,66.36213684082031
2018-08-17,66.76476287841797
2018-08-20,67.21112823486328
2018-08-21,67.7100601196289
2018-08-22,67.05360412597656
2018-08-23,66.86104583740234
2018-08-24,67.14990997314453
2018-08-27,67.9988784790039
2018-08-28,67.85882568359375
2018-08-29,67.91136169433594
2018-08-30,67.4386978149414
2018-08-31,67.48246002197266
2018-09-04,67.4299545288086
2018-09-05,67.91136169433594
2018-09-06,68.12140655517578
2018-09-07,67.91136169433594
2018-09-10,68.26146697998047
2018-09-11,68.24394989013672
2018-09-12,68.45401000976562
2018-09-13,68.86536407470703
2018-09-14,69.20673370361328
2018-09-17,69.23297882080078
2018-09-18,69.86316680908203
2018-09-19,69.80192565917969
2018-09-20,69.90692901611328
2018-09-21,70.3589859008789
2018-09-24,69.15409088134766
2018-09-25,68.94300079345703
2018-09-26,68.8990478515625
2018-09-27,68.99579620361328
2018-09-28,68.95181274414062
2018-10-01,69.55866241455078
2018-10-02,69.71697235107422
2018-10-03,70.0072021484375
2018-10-04,69.77854919433594
2018-10-05,69.41796112060547
2018-10-08,69.59382629394531
2018-10-09,68.52088165283203
2018-10-10,66.31336975097656
2018-10-11,64.56317138671875
2018-10-12,64.994140625
2018-10-15,65.11725616455078
2018-10-16,66.21662139892578
2018-10-17,65.7328872680664
2018-10-18,64.59835815429688
2018-10-19,64.36090087890625
2018-10-22,64.1410140991211
2018-10-23,63.08564758300781
2018-10-24,60.948486328125
2018-10-25,61.37940979003906
2018-10-26,60.77257537841797
2018-10-29,59.761173248291016
2018-10-30,60.99245834350586
2018-10-31,61.45857620239258
2018-11-01,62.54033660888672
2018-11-02,62.43483352661133
2018-11-05,62.76021194458008
2018-11-06,63.419837951660156
2018-11-07,64.4488525390625
2018-11-08,64.34329986572266
2018-11-09,63.692481994628906
2018-11-12,62.43483352661133
2018-11-13,62.71624755859375
2018-11-14,62.50517654418945
2018-11-15,63.331886291503906
2018-11-16,63.31431579589844
2018-11-19,62.31167221069336
2018-11-20,61.018863677978516
2018-11-21,61.44977951049805
2018-11-23,61.326656341552734
2018-11-26,61.77519607543945
2018-11-27,61.669681549072266
2018-11-28,63.147212982177734
2018-11-29,63.18238830566406
2018-11-30,63.79801559448242
2018-12-03,64.53677368164062
2018-12-04,61.79280090332031
2018-12-06,61.44977951049805
2018-12-07,59.8315315246582
2018-12-10,59.98104476928711
2018-12-11,59.6292610168457
2018-12-12,59.96345520019531
2018-12-13,59.796348571777344
2018-12-14,58.96963882446289
2018-12-17,58.002193450927734
2018-12-18,58.29241943359375
2018-12-19,57.19306182861328
2018-12-20,56.146480560302734
2018-12-21,55.08633804321289
2018-12-24,53.39615249633789
2018-12-26,55.882781982421875
2018-12-27,56.581851959228516
2018-12-28,56.431419372558594
2018-12-31,56.997772216796875
2019-01-02,57.28978729248047
2019-01-03,55.546504974365234
2019-01-04,57.652618408203125
2019-01-07,58.12162399291992
2019-01-08,58.918052673339844
2019-01-09,59.31626892089844
2019-01-10,60.121524810791016
2019-01-11,60.05961227416992
2019-01-14,60.050758361816406
2019-01-15,59.86492919921875
2019-01-16,59.9268684387207
2019-01-17,60.95335006713867
2019-01-18,62.11262893676758
2019-01-22,60.829490661621094
2019-01-23,60.91796875
2019-01-24,61.22771072387695
2019-01-25,62.00642013549805
2019-01-28,61.41353988647461
2019-01-29,62.2630615234375
2019-01-30,63.23646545410156
2019-01-31,63.51079177856445
2019-02-01,63.608116149902344
2019-02-04,64.43109893798828
2019-02-05,64.98861694335938
2019-02-06,65.00630950927734
2019-02-07,64.5638656616211
2019-02-08,64.66117858886719
2019-02-11,65.00630950927734
2019-02-12,66.01513671875
2019-02-13,66.40449523925781
2019-02-14,66.09477996826172
2019-02-15,66.97966766357422
2019-02-19,66.9531478881836
2019-02-20,67.27169036865234
2019-02-21,66.99739074707031
2019-02-22,67.43985748291016
2019-02-25,67.70531463623047
2019-02-26,67.51948547363281
2019-02-27,67.78498077392578
2019-02-28,67.55485534667969
2019-03-01,67.61683654785156
2019-03-04,67.31597137451172
2019-03-05,66.88233184814453
2019-03-06,66.25403594970703
2019-03-07,65.85581970214844
2019-03-08,65.72307586669922
2019-03-11,66.28058624267578
2019-03-12,65.73193359375
2019-03-13,66.3071517944336
2019-03-14,66.08592224121094
2019-03-15,65.85272979736328
2019-03-18,66.49354553222656
2019-03-19,66.25323486328125
2019-03-20,65.79933166503906
2019-03-21,66.43123626708984
2019-03-22,64.92711639404297
2019-03-25,65.07843780517578
2019-03-26,65.51451110839844
2019-03-27,65.58573913574219
2019-03-28,66.06633758544922
2019-03-29,66.77835845947266
2019-04-01,68.15789031982422
2019-04-02,68.13119506835938
2019-04-03,67.92648315429688
2019-04-04,68.34480285644531
2019-04-05,68.54058837890625
2019-04-08,68.24688720703125
2019-04-09,67.3212661743164
2019-04-10,67.30345916748047
2019-04-11,67.88196563720703
2019-04-12,68.78089141845703
2019-04-15,68.398193359375
2019-04-16,68.8165054321289
2019-04-17,68.905517578125
2019-04-18,69.69762420654297
2019-04-22,69.4840316772461
2019-04-23,70.08922576904297
2019-04-24,69.884521484375
2019-04-25,68.4782943725586
2019-04-26,68.99451446533203
2019-04-29,69.15470886230469
2019-04-30,69.43058776855469
2019-05-01,68.9767074584961
2019-05-02,68.94110107421875
2019-05-03,69.77770233154297
2019-05-06,69.11021423339844
2019-05-07,67.71287536621094
2019-05-08,67.71287536621094
2019-05-09,67.61497497558594
2019-05-10,67.88196563720703
2019-05-13,65.95062255859375
2019-05-14,66.63592529296875
2019-05-15,66.7249526977539
2019-05-16,67.33905792236328
2019-05-17,66.59144592285156
2019-05-20,66.42232513427734
2019-05-21,67.20555877685547
2019-05-22,66.65373229980469
2019-05-23,65.63912200927734
2019-05-24,65.66582489013672
2019-05-28,65.06061553955078
2019-05-29,64.76689910888672
2019-05-30,65.01611328125
2019-05-31,64.12609100341797
2019-06-03,64.56221008300781
2019-06-04,66.10191345214844
2019-06-05,66.74273681640625
2019-06-06,66.85845184326172
2019-06-07,67.39247131347656
2019-06-10,67.48147583007812
2019-06-11,66.9029541015625
2019-06-12,67.04534912109375
2019-06-13,67.3835678100586
2019-06-14,67.1165542602539
2019-06-17,66.88513946533203
2019-06-18,68.18460083007812
2019-06-19,68.13119506835938
2019-06-20,69.27042388916016
2019-06-21,68.90123748779297
2019-06-24,68.76715087890625
2019-06-25,68.24871063232422
2019-06-26,68.41851806640625
2019-06-27,68.4811019897461
2019-06-28,69.2051773071289
2019-07-01,69.2677230834961
2019-07-02,69.17835235595703
2019-07-03,69.5627212524414
2019-07-05,69.28561401367188
2019-07-08,68.71351623535156
2019-07-09,68.5615463256836
2019-07-10,68.4006576538086
2019-07-11,68.86548614501953
2019-07-12,70.07222747802734
2019-07-15,69.78618621826172
2019-07-16,70.2331314086914
2019-07-17,68.73141479492188
2019-07-18,68.85655975341797
2019-07-19,69.23199462890625
2019-07-22,69.28561401367188
2019-07-23,70.16161346435547
2019-07-24,70.46552276611328
2019-07-25,70.32251739501953
2019-07-26,70.17054748535156
2019-07-29,70.04541015625
2019-07-30,70.34933471679688
2019-07-31,69.5627212524414
2019-08-01,68.21295928955078
2019-08-02,67.7749252319336
2019-08-05,65.89776611328125
2019-08-06,66.88997650146484
2019-08-07,66.8542251586914
2019-08-08,67.98944854736328
2019-08-09,67.41737365722656
2019-08-12,66.48772430419922
2019-08-13,67.2833023071289
2019-08-14,65.22735595703125
2019-08-15,65.15582275390625
2019-08-16,66.4162368774414
2019-08-19,67.04194641113281
2019-08-20,66.64861297607422
2019-08-21,67.05982971191406
2019-08-22,67.15815734863281
2019-08-23,65.3614273071289
2019-08-26,65.8441390991211
2019-08-27,65.50445556640625
2019-08-28,66.30894470214844
2019-08-29,67.44420623779297
2019-08-30,67.72129821777344
2019-09-03,66.80061340332031
2019-09-04,67.6497802734375
2019-09-05,68.86548614501953
2019-09-06,69.00848388671875
2019-09-09,69.21409606933594
2019-09-10,69.8487548828125
2019-09-11,70.50128173828125
2019-09-12,70.54598236083984
2019-09-13,70.93035125732422
2019-09-16,70.86780548095703
2019-09-17,70.83203125
2019-09-18,70.72479248046875
2019-09-19,70.36721801757812
2019-09-20,69.92239379882812
2019-09-23,69.78761291503906
2019-09-24,69.39220428466797
2019-09-25,69.84152221679688
2019-09-26,69.94037628173828
2019-09-27,69.66180419921875
2019-09-30,69.76065826416016
2019-10-01,68.08918762207031
2019-10-02,66.80414581298828
2019-10-03,67.24446868896484
2019-10-04,67.94540405273438
2019-10-07,67.60394287109375
2019-10-08,66.56151580810547
2019-10-09,67.1276626586914
2019-10-10,67.73871612548828
2019-10-11,69.0147933959961
2019-10-14,68.87998962402344
2019-10-15,69.43714141845703
2019-10-16,69.40116882324219
2019-10-17,69.74266052246094
2019-10-18,69.14058685302734
2019-10-21,69.55396270751953
2019-10-22,70.10213470458984
2019-10-23,70.09315490722656
2019-10-24,70.19200134277344
2019-10-25,70.6323013305664
2019-10-28,70.83000946044922
2019-10-29,71.06365966796875
2019-10-30,71.31526947021484
2019-10-31,70.55143737792969
2019-11-01,72.08809661865234
2019-11-04,72.92382049560547
2019-11-05,73.07657623291016
2019-11-06,73.12153625488281
2019-11-07,73.37315368652344
2019-11-08,73.47199249267578
2019-11-11,73.50792694091797
2019-11-12,73.49894714355469
2019-11-13,73.19341278076172
2019-11-14,73.42703247070312
2019-11-15,73.96623992919922
2019-11-18,73.68765258789062
2019-11-19,73.62476348876953
2019-11-20,73.04063415527344
2019-11-21,73.01368713378906
2019-11-22,73.39111328125
2019-11-25,73.92131042480469
2019-11-26,74.13697052001953
2019-11-27,74.06507873535156
2019-11-29,73.7236099243164
2019-12-02,72.51043701171875
2019-12-03,71.71966552734375
2019-12-04,71.99821472167969
2019-12-05,72.01622009277344
2019-12-06,72.88788604736328
2019-12-09,72.60929107666016
2019-12-10,72.51945495605469
2019-12-11,72.9777603149414
2019-12-12,73.62476348876953
2019-12-13,73.42703247070312
2019-12-16,73.39111328125
2019-12-17,73.31922912597656
2019-12-18,73.01368713378906
2019-12-19,73.21138763427734
2019-12-20,73.54825592041016
2019-12-23,74.15332794189453
2019-12-24,73.85530853271484
2019-12-26,74.02688598632812
2019-12-27,73.96366119384766
2019-12-30,73.62049102783203
2019-12-31,73.5753402709961
2020-01-02,74.96611022949219
2020-01-03,74.82157135009766
2020-01-06,74.84867858886719
2020-01-07,74.69518280029297
2020-01-08,74.94803619384766
2020-01-09,75.26411437988281
2020-01-10,74.7313003540039
2020-01-13,75.34540557861328
2020-01-14,75.35443878173828
2020-01-15,75.47184753417969
2020-01-16,76.22140502929688
2020-01-17,76.23043823242188
2020-01-21,75.39057922363281
2020-01-22,74.99320220947266
2020-01-23,75.80599212646484
2020-01-24,75.45376586914062
2020-01-27,74.02688598632812
2020-01-28,74.50552368164062
2020-01-29,74.90288543701172
2020-01-30,74.98414611816406
2020-01-31,73.25022888183594
2020-02-03,73.2231216430664
2020-02-04,74.60486602783203
2020-02-05,75.85112762451172
2020-02-06,76.0949935913086
2020-02-07,75.54407501220703
2020-02-10,75.96854400634766
2020-02-11,76.25753021240234
2020-02-12,76.97096252441406
2020-02-13,76.53748321533203
2020-02-14,76.43815612792969
2020-02-18,76.00469207763672
2020-02-19,75.97756958007812
2020-02-20,75.86922454833984
2020-02-21,75.48991394042969
2020-02-24,73.34052276611328
2020-02-25,70.35126495361328
2020-02-26,69.8184585571289
2020-02-27,67.22655487060547
2020-02-28,65.99835968017578
2020-03-02,68.31930541992188
2020-03-03,66.6485595703125
2020-03-04,69.40301513671875
2020-03-05,66.00736236572266
2020-03-06,65.42938995361328
2020-03-09,59.396705627441406
2020-03-10,62.47626495361328
2020-03-11,58.8096923828125
2020-03-12,52.722816467285156
2020-03-13,56.840938568115234
2020-03-16,50.392826080322266
2020-03-17,52.713783264160156
2020-03-18,48.83047103881836
2020-03-19,48.86659622192383
2020-03-20,46.41919708251953
2020-03-23,44.386016845703125
2020-03-24,50.00136947631836
2020-03-25,52.6316032409668
2020-03-26,55.953495025634766
2020-03-27,53.5963134765625
2020-03-30,54.37901306152344
2020-03-31,53.705528259277344
2020-04-01,51.28464126586914
2020-04-02,51.96722412109375
2020-04-03,51.275535583496094
2020-04-06,54.8249626159668
2020-04-07,54.697540283203125
2020-04-08,56.68157958984375
2020-04-09,57.53709411621094
2020-04-13,55.853389739990234
2020-04-14,56.918212890625
2020-04-15,55.34373092651367
2020-04-16,54.852264404296875
2020-04-17,57.42787551879883
2020-04-20,55.89888381958008
2020-04-21,54.57923126220703
2020-04-22,55.15260314941406
2020-04-23,55.58945083618164
2020-04-24,56.0354118347168
2020-04-27,57.42787551879883
2020-04-28,58.501800537109375
2020-04-29,59.62125015258789
2020-04-30,58.43809509277344
2020-05-01,56.67247772216797
2020-05-04,55.953495025634766
2020-05-05,56.17192840576172
2020-05-06,55.39833450317383
2020-05-07,56.04450607299805
2020-05-08,57.436988830566406
2020-05-11,56.717987060546875
2020-05-12,55.12530517578125
2020-05-13,53.74193572998047
2020-05-14,54.30619812011719
2020-05-15,54.11507797241211
2020-05-18,57.682716369628906
2020-05-19,56.945526123046875
2020-05-20,58.010337829589844
2020-05-21,58.1468620300293
2020-05-22,58.101356506347656
2020-05-26,60.54045867919922
2020-05-27,62.56089782714844
2020-05-28,61.96931076049805
2020-05-29,61.58707809448242
2020-06-01,61.72359848022461
2020-06-02,62.524478912353516
2020-06-03,64.96357727050781
2020-06-04,65.65525817871094
2020-06-05,68.06706237792969
2020-06-08,69.4322280883789
2020-06-09,67.70301055908203
2020-06-10,66.08302307128906
2020-06-11,61.441463470458984
2020-06-12,62.63370895385742
2020-06-15,63.252586364746094
2020-06-16,64.49031066894531
2020-06-17,64.02616882324219
2020-06-18,63.789527893066406
2020-06-19,63.006839752197266
2020-06-22,63.11289596557617
2020-06-23,63.122032165527344
2020-06-24,60.928062438964844
2020-06-25,61.604522705078125
2020-06-26,60.46184539794922
2020-06-29,62.4455451965332
2020-06-30,62.80207061767578
2020-07-01,62.518672943115234
2020-07-02,63.05803298950195
2020-07-06,63.96305465698242
2020-07-07,62.73807144165039
2020-07-08,62.73807144165039
2020-07-09,61.37599563598633
2020-07-10,62.17131423950195
2020-07-13,62.427268981933594
2020-07-14,63.780208587646484
2020-07-15,65.40739440917969
2020-07-16,65.42569732666016
2020-07-17,65.8187484741211
2020-07-20,65.01432800292969
2020-07-21,65.87360382080078
2020-07-22,66.40382385253906
2020-07-23,66.20271301269531
2020-07-24,65.67250061035156
2020-07-27,65.94676208496094
2020-07-28,65.48966979980469
2020-07-29,66.48609924316406
2020-07-30,65.8187484741211
2020-07-31,65.57194519042969
2020-08-03,65.84617614746094
2020-08-04,66.0107421875
2020-08-05,67.27226257324219
2020-08-06,67.5282211303711
2020-08-07,68.68006134033203
2020-08-10,70.37122344970703
2020-08-11,70.74602508544922
2020-08-12,70.97457122802734
2020-08-13,70.59977722167969
2020-08-14,70.87401580810547
2020-08-17,70.54492950439453
2020-08-18,70.16095733642578
2020-08-19,69.9781723022461
2020-08-20,69.60334014892578
2020-08-21,69.8867416381836
2020-08-24,71.14825439453125
2020-08-25,71.05683898925781
2020-08-26,71.09339904785156
2020-08-27,71.34939575195312
2020-08-28,72.0258560180664
2020-08-31,71.12996673583984
2020-09-01,71.85214233398438
2020-09-02,73.04054260253906
2020-09-03,70.99285888671875
2020-09-04,71.15740203857422
2020-09-08,69.82272338867188
2020-09-09,70.90142822265625
2020-09-10,69.99642944335938
2020-09-11,70.94715118408203
2020-09-14,71.90701293945312
2020-09-15,71.95271301269531
2020-09-16,72.68402862548828
2020-09-17,72.83027648925781
2020-09-18,72.01669311523438
2020-09-21,69.6260986328125
2020-09-22,70.31436157226562
2020-09-23,69.05711364746094
2020-09-24,69.1580581665039
2020-09-25,70.19506072998047
2020-09-28,71.46150970458984
2020-09-29,70.82829284667969
2020-09-30,70.64472961425781
2020-10-01,70.43364715576172
2020-10-02,71.22289276123047
2020-10-05,72.3700180053711
2020-10-06,71.489013671875
2020-10-07,73.06747436523438
2020-10-08,73.79244995117188
2020-10-09,74.06777954101562
2020-10-12,74.48991394042969
2020-10-13,73.66397857666016
2020-10-14,74.07693481445312
2020-10-15,74.34307861328125
2020-10-16,74.88452911376953
2020-10-19,73.95763397216797
2020-10-20,74.34307861328125
2020-10-21,73.5905532836914
2020-10-22,74.19624328613281
2020-10-23,74.48991394042969
2020-10-26,72.62696075439453
2020-10-27,71.03934478759766
2020-10-28,68.7083969116211
2020-10-29,69.70869445800781
2020-10-30,69.6260986328125
2020-11-02,71.50736999511719
2020-11-03,73.61807250976562
2020-11-04,72.85640716552734
2020-11-05,74.57249450683594
2020-11-06,74.64590454101562
2020-11-09,77.18795776367188
2020-11-10,78.54615020751953
2020-11-11,77.88541412353516
2020-11-12,76.99523162841797
2020-11-13,78.70216369628906
2020-11-16,80.62016296386719
2020-11-17,80.40908813476562
2020-11-18,80.05118560791016
2020-11-19,80.25308227539062
2020-11-20,79.52808380126953
2020-11-23,80.85877990722656
2020-11-24,82.27204132080078
2020-11-25,81.64798736572266
2020-11-27,81.51033782958984
2020-11-30,80.78535461425781
2020-12-01,80.58344268798828
2020-12-02,80.69357299804688
2020-12-03,80.90465545654297
2020-12-04,81.86823272705078
2020-12-07,81.4736328125
2020-12-08,81.86823272705078
2020-12-09,82.05179595947266
2020-12-10,81.27171325683594
2020-12-11,81.46443939208984
2020-12-14,80.40908813476562
2020-12-15,81.52867889404297
2020-12-16,81.02395629882812
2020-12-17,81.51951599121094
2020-12-18,81.52867889404297
2020-12-21,81.03662109375
2020-12-22,80.65878295898438
2020-12-23,81.08267974853516
2020-12-24,81.09190368652344
2020-12-28,81.19329071044922
2020-12-29,80.70487213134766
2020-12-30,81.22090148925781
2020-12-31,81.59871673583984
2021-01-04,79.626708984375
2021-01-05,80.40998077392578
2021-01-06,82.32670593261719
2021-01-07,82.77824401855469
2021-01-08,82.57547760009766
2021-01-11,82.54788208007812
2021-01-12,83.36800384521484
2021-01-13,82.64923858642578
2021-01-14,82.93490600585938
2021-01-15,81.85672760009766
2021-01-19,82.12397003173828
2021-01-20,82.63079833984375
2021-01-21,81.98576354980469
2021-01-22,81.56185913085938
2021-01-25,81.00897979736328
2021-01-26,80.2625503540039
2021-01-27,78.66835021972656
2021-01-28,79.83866882324219
2021-01-29,78.11544036865234
2021-02-01,78.92638397216797
2021-02-02,80.6034927368164
2021-02-03,80.65878295898438
2021-02-04,81.5250244140625
2021-02-05,82.00418853759766
2021-02-08,82.70452117919922
2021-02-09,82.91645050048828
2021-02-10,82.7874526977539
2021-02-11,82.61237335205078
2021-02-12,83.21133422851562
2021-02-16,83.12840270996094
2021-02-17,82.89801788330078
2021-02-18,82.4833755493164
2021-02-19,83.83796691894531
2021-02-22,84.1052017211914
2021-02-23,84.36321258544922
2021-02-24,85.95740509033203
2021-02-25,84.37242889404297
2021-02-26,83.49700927734375
2021-03-01,85.6348876953125
2021-03-02,85.38607788085938
2021-03-03,85.47821807861328
2021-03-04,84.11441802978516
2021-03-05,86.1048583984375
2021-03-08,87.0079116821289
2021-03-09,86.64854431152344
2021-03-10,87.92940521240234
2021-03-11,87.9939193725586
2021-03-12,89.1734390258789
2021-03-15,89.91985321044922
2021-03-16,88.63896179199219
2021-03-17,89.66184997558594
2021-03-18,89.57890319824219
2021-03-19,88.89698791503906
2021-03-22,88.8470687866211
2021-03-23,87.29418182373047
2021-03-24,87.9319839477539
2021-03-25,89.33698272705078
2021-03-26,90.88060760498047
2021-03-29,90.89910125732422
2021-03-30,91.29656219482422
2021-03-31,91.00078582763672
2021-04-01,91.30581665039062
2021-04-05,92.43350219726562
2021-04-06,92.21165466308594
2021-04-07,91.78646087646484
2021-04-08,92.00830841064453
2021-04-09,92.9049072265625
2021-04-12,93.24691009521484
2021-04-13,92.79399871826172
2021-04-14,92.91415405273438
2021-04-15,93.28388214111328
2021-04-16,93.48725891113281
2021-04-19,93.09900665283203
2021-04-20,92.0730209350586
2021-04-21,93.3301010131836
2021-04-22,92.85868835449219
2021-04-23,93.87545776367188
2021-04-26,93.59815979003906
2021-04-27,94.37459564208984
2021-04-28,94.18048858642578
2021-04-29,94.84601593017578
2021-04-30,94.21747589111328
2021-05-03,95.18801879882812
2021-05-04,95.60396575927734
2021-05-05,95.6963882446289
2021-05-06,96.3619384765625
2021-05-07,97.37870025634766
2021-05-10,97.47111511230469
2021-05-11,96.02915954589844
2021-05-12,93.72757720947266
2021-05-13,95.48380279541016
2021-05-14,96.80558776855469
2021-05-17,96.50981903076172
2021-05-18,95.10481262207031
2021-05-19,94.56871795654297
2021-05-20,94.78130340576172
2021-05-21,95.24349975585938
2021-05-24,95.8350601196289
2021-05-25,95.54852294921875
2021-05-26,95.8535385131836
2021-05-27,97.16608428955078
2021-05-28,97.16608428955078
2021-06-01,97.5450668334961
2021-06-02,97.26776885986328
2021-06-03,97.05519104003906
2021-06-04,97.36943817138672
2021-06-07,96.69470977783203
2021-06-08,96.9442367553711
2021-06-09,95.95521545410156
2021-06-10,95.48380279541016
2021-06-11,95.67790222167969
2021-06-14,95.24349975585938
2021-06-15,95.65018463134766
2021-06-16,94.74433898925781
2021-06-17,93.28388214111328
2021-06-18,92.0730209350586
2021-06-21,94.09813690185547
2021-06-22,94.20012664794922
2021-06-23,93.98686981201172
2021-06-24,94.71942138671875
2021-06-25,94.90486145019531
2021-06-28,94.40413665771484
2021-06-29,94.21867370605469
2021-06-30,94.95121765136719
2021-07-01,95.62812805175781
2021-07-02,95.77647399902344
2021-07-06,94.85848236083984
2021-07-07,95.80428314208984
2021-07-08,94.46903228759766
2021-07-09,95.96192932128906
2021-07-12,96.09174346923828
2021-07-13,95.16447448730469
2021-07-14,95.15520477294922
2021-07-15,95.3406753540039
2021-07-16,94.49686431884766
2021-07-19,92.52178192138672
2021-07-20,95.10884094238281
2021-07-21,96.01756286621094
2021-07-22,95.66520690917969
2021-07-23,96.07320404052734
2021-07-26,96.02685546875
2021-07-27,95.49830627441406
2021-07-28,95.27577209472656
2021-07-29,96.02685546875
2021-07-30,95.84136962890625
2021-08-02,95.18303680419922
2021-08-03,96.4255599975586
2021-08-04,95.11811828613281
2021-08-05,95.5632095336914
2021-08-06,96.00829315185547
2021-08-09,95.62812805175781
2021-08-10,96.60174560546875
2021-08-11,97.85353088378906
2021-08-12,97.6680908203125
2021-08-13,97.36210632324219
2021-08-16,97.69589233398438
2021-08-17,96.63880920410156
2021-08-18,95.58174133300781
2021-08-19,94.91413116455078
2021-08-20,95.16447448730469
2021-08-23,95.94338989257812
2021-08-24,96.4255599975586
2021-08-25,97.04682159423828
2021-08-26,96.62028503417969
2021-08-27,97.28789520263672
2021-08-30,97.17665100097656
2021-08-31,96.90773010253906
2021-09-01,96.5368423461914
2021-09-02,97.57535552978516
2021-09-03,96.98191833496094
2021-09-07,95.3035659790039
2021-09-08,95.43338775634766
2021-09-09,94.96976470947266
2021-09-10,94.54322052001953
2021-09-13,94.7935791015625
2021-09-14,93.65306091308594
2021-09-15,94.68231964111328
2021-09-16,94.0332260131836
2021-09-17,93.03179931640625
2021-09-20,91.96479034423828
2021-09-21,91.48104095458984
2021-09-22,92.20667266845703
2021-09-23,93.62064361572266
2021-09-24,93.81600189208984
2021-09-27,93.90902709960938
2021-09-28,92.82061004638672
2021-09-29,92.92293548583984
2021-09-30,91.01595306396484
2021-10-01,92.262451171875
2021-10-04,91.7601318359375
2021-10-05,92.78339385986328
2021-10-06,93.19273376464844
2021-10-07,93.91832733154297
2021-10-08,93.90902709960938
2021-10-11,93.155517578125
2021-10-12,92.8485336303711
2021-10-13,93.04389190673828
2021-10-14,94.80206298828125
2021-10-15,95.71371459960938
2021-10-18,95.77881622314453
2021-10-19,96.34628295898438
2021-10-20,96.95094299316406
2021-10-21,97.14630889892578
2021-10-22,97.49051666259766
2021-10-25,97.7137451171875
2021-10-26,97.10908508300781
2021-10-27,95.97418212890625
2021-10-28,97.17422485351562
2021-10-29,97.2021255493164
2021-11-01,97.47189331054688
2021-11-02,97.79749298095703
2021-11-03,97.58351135253906
2021-11-04,97.97425079345703
2021-11-05,98.96958923339844
2021-11-08,99.3789291381836
2021-11-09,99.63008117675781
2021-11-10,99.0718994140625
2021-11-11,98.6626205444336
2021-11-12,99.44403076171875
2021-11-15,99.63008117675781
2021-11-16,99.64867401123047
2021-11-17,99.05330657958984
2021-11-18,98.84867095947266
2021-11-19,98.35563659667969
2021-11-22,98.62539672851562
2021-11-23,98.7928466796875
2021-11-24,98.68123626708984
2021-11-26,96.01140594482422
2021-11-29,96.17884063720703
2021-11-30,93.74156188964844
2021-12-01,92.43921661376953
2021-12-02,95.18346405029297
2021-12-03,95.07182312011719
2021-12-06,96.6811752319336
2021-12-07,97.66724395751953
2021-12-08,97.90910339355469
2021-12-09,97.60211944580078
2021-12-10,98.00213623046875
2021-12-13,96.98817443847656
2021-12-14,96.06719970703125
2021-12-15,96.90442657470703
2021-12-16,96.95094299316406
2021-12-17,95.29510498046875
2021-12-20,93.76840209960938
2021-12-21,95.63591766357422
2021-12-22,95.9067153930664
2021-12-23,97.03656768798828
2021-12-27,98.0636978149414
2021-12-28,98.5586166381836
2021-12-29,98.73601531982422
2021-12-30,98.38118743896484
2021-12-31,98.8013687133789
2022-01-03,97.98900604248047
2022-01-04,99.95923614501953
2022-01-05,99.0068130493164
2022-01-06,99.46434783935547
2022-01-07,99.43632507324219
2022-01-10,98.3158187866211
2022-01-11,98.90409851074219
2022-01-12,99.2215805053711
2022-01-13,99.43632507324219
2022-01-14,98.83871459960938
2022-01-18,97.69954681396484
2022-01-19,96.60704803466797
2022-01-20,95.37446594238281
2022-01-21,94.49671936035156
2022-01-24,95.03831481933594
2022-01-25,94.10456085205078
2022-01-26,93.28284454345703
2022-01-27,92.4517822265625
2022-01-28,93.09609985351562
2022-01-31,94.06720733642578
2022-02-01,95.3651351928711
2022-02-02,96.0280990600586
2022-02-03,94.49671936035156
2022-02-04,93.47893524169922
2022-02-07,93.55361938476562
2022-02-08,94.48738861083984
2022-02-09,95.78533935546875
2022-02-10,94.21659088134766
2022-02-11,92.77861785888672
2022-02-14,92.43311309814453
2022-02-15,93.82442474365234
2022-02-16,94.31932067871094
2022-02-17,92.59187316894531
2022-02-18,91.8261489868164
2022-02-22,90.9391098022461
2022-02-23,89.26766967773438
2022-02-24,90.4068603515625
2022-02-25,92.56385803222656
2022-02-28,93.27350616455078
2022-03-01,91.8822250366211
2022-03-02,93.84310150146484
2022-03-03,93.94580078125
2022-03-04,93.7403793334961
2022-03-07,91.22855377197266
2022-03-08,90.66831970214844
2022-03-09,92.31172180175781
2022-03-10,92.19033813476562
2022-03-11,91.45268249511719
2022-03-14,91.76081085205078
2022-03-15,93.21746826171875
2022-03-16,94.45003509521484
2022-03-17,95.66393280029297
2022-03-18,96.0280990600586
2022-03-21,96.2445297241211
2022-03-22,96.7691650390625
2022-03-23,95.84164428710938
2022-03-24,96.57242584228516
2022-03-25,97.17202758789062
2022-03-28,97.20013427734375
2022-03-29,98.09951782226562
2022-03-30,97.98709106445312
2022-03-31,96.47872924804688
2022-04-01,95.72925567626953
2022-04-04,95.6074447631836
2022-04-05,94.24899291992188
2022-04-06,93.51824951171875
2022-04-07,93.83678436279297
2022-04-08,93.31211853027344
2022-04-11,93.01233673095703
2022-04-12,92.86241149902344
2022-04-13,93.73372650146484
2022-04-14,93.63066101074219
2022-04-18,93.30274200439453
2022-04-19,94.99848175048828
2022-04-20,95.51376342773438
2022-04-21,94.53943634033203
2022-04-22,92.21598815917969
2022-04-25,92.21598815917969
2022-04-26,90.20170593261719
2022-04-27,90.53900146484375
2022-04-28,91.56019592285156
2022-04-29,89.13368225097656
2022-05-02,89.32105255126953
2022-05-03,89.91129302978516
2022-05-04,92.51579284667969
2022-05-05,90.0986557006836
2022-05-06,89.48969268798828
2022-05-09,87.32551574707031
2022-05-10,86.75403594970703
2022-05-11,85.9670639038086
2022-05-12,86.12633514404297
2022-05-13,87.22247314453125
2022-05-16,87.1006851196289
2022-05-17,89.07746887207031
2022-05-18,85.7609634399414
2022-05-19,84.99272918701172
2022-05-20,84.07459259033203
2022-05-23,85.45179748535156
2022-05-24,85.40494537353516
2022-05-25,85.9014892578125
2022-05-26,87.64407348632812
2022-05-27,89.4428482055664
2022-05-31,88.72147369384766
2022-06-01,88.17808532714844
2022-06-02,89.86444091796875
2022-06-03,89.51780700683594
2022-06-06,89.89254760742188
2022-06-07,91.10110473632812
2022-06-08,89.45221710205078
2022-06-09,87.69091796875
2022-06-10,85.10514068603516
2022-06-13,82.54750061035156
2022-06-14,82.34138488769531
2022-06-15,83.13773345947266
2022-06-16,80.36459350585938
2022-06-17,80.15850067138672
2022-06-21,81.62077331542969
2022-06-22,81.16909790039062
2022-06-23,80.75505828857422
2022-06-24,83.57801055908203
2022-06-27,83.38041687011719
2022-06-28,82.41119384765625
2022-06-29,81.93128967285156
2022-06-30,82.18534851074219
2022-07-01,82.9004898071289
2022-07-05,81.65841674804688
2022-07-06,82.12889099121094
2022-07-07,83.09809875488281
2022-07-08,82.72171783447266
2022-07-11,82.16654205322266
2022-07-12,81.91249084472656
2022-07-13,80.9150390625
2022-07-14,80.45394897460938
2022-07-15,81.7148666381836
2022-07-18,81.2255630493164
2022-07-19,84.12376403808594
2022-07-20,84.7730484008789
2022-07-21,85.38471221923828
2022-07-22,85.11180877685547
2022-07-25,85.51644134521484
2022-07-26,85.05535888671875
2022-07-27,86.37273406982422
2022-07-28,88.17941284179688
2022-07-29,89.99549865722656
2022-08-01,90.08960723876953
2022-08-02,89.13921356201172
2022-08-03,89.97667694091797
2022-08-04,90.30604553222656
2022-08-05,90.44718170166016
2022-08-08,90.41895294189453
2022-08-09,90.08960723876953
2022-08-10,92.065673828125
2022-08-11,92.55496978759766
2022-08-12,93.94763946533203
2022-08-15,94.17346954345703
2022-08-16,94.596923828125
2022-08-17,93.84412384033203
2022-08-18,94.22051239013672
2022-08-19,93.00664520263672
2022-08-22,91.23760223388672
2022-08-23,91.406982421875
2022-08-24,91.70807647705078
2022-08-25,93.11016082763672
2022-08-26,89.8825912475586
2022-08-29,89.47796630859375
2022-08-30,88.18882751464844
2022-08-31,87.44544219970703
2022-09-01,87.56778717041016
2022-09-02,86.72090911865234
2022-09-06,86.8620376586914
2022-09-07,88.25469970703125
2022-09-08,88.5181655883789
2022-09-09,89.6661605834961
2022-09-12,90.20252990722656
2022-09-13,86.80557250976562
2022-09-14,86.63621520996094
2022-09-15,85.73287963867188
2022-09-16,83.94499206542969
2022-09-19,85.08430480957031
2022-09-20,84.02537536621094
2022-09-21,82.9096908569336
2022-09-22,81.6616439819336
2022-09-23,80.12995910644531
2022-09-26,79.28849029541016
2022-09-27,79.02371978759766
2022-09-28,80.76343536376953
2022-09-29,79.36412048339844
2022-09-30,78.3240737915039
2022-10-03,80.68778991699219
2022-10-04,83.49588012695312
2022-10-05,83.04205322265625
2022-10-06,82.08712005615234
2022-10-07,80.51760864257812
2022-10-10,80.80123901367188
2022-10-11,80.7823486328125
2022-10-12,80.14885711669922
2022-10-13,81.91692352294922
2022-10-14,80.12049865722656
2022-10-17,81.8696517944336
2022-10-18,83.84571075439453
2022-10-19,83.25005340576172
2022-10-20,81.61437225341797
2022-10-21,83.85517883300781
2022-10-24,84.97085571289062
2022-10-25,86.11487579345703
2022-10-26,86.41744232177734
2022-10-27,87.4291000366211
2022-10-28,89.46189880371094
2022-10-31,89.20661926269531
2022-11-01,89.12152862548828
2022-11-02,87.5520248413086
2022-11-03,88.4691390991211
2022-11-04,89.88736724853516
2022-11-07,90.85177612304688
2022-11-08,91.6459732055664
2022-11-09,90.36956787109375
2022-11-10,94.16096496582031
2022-11-11,94.10424041748047
2022-11-14,93.52748107910156
2022-11-15,94.17042541503906
2022-11-16,93.48966979980469
2022-11-17,93.32893371582031
2022-11-18,94.0191421508789
2022-11-21,94.32170104980469
2022-11-22,95.04975128173828
2022-11-23,95.40902709960938
2022-11-25,95.77774810791016
2022-11-28,94.03805541992188
2022-11-29,94.61480712890625
2022-11-30,96.17485809326172
2022-12-01,96.2032241821289
2022-12-02,96.75161743164062
2022-12-05,95.13481903076172
2022-12-06,94.00969696044922
2022-12-07,93.88677215576172
2022-12-08,94.44463348388672
2022-12-09,93.6693115234375
2022-12-12,95.2766342163086
2022-12-13,95.63592529296875
2022-12-14,95.45628356933594
2022-12-15,93.14930725097656
2022-12-16,92.752197265625
2022-12-19,92.26392364501953
2022-12-20,92.37789916992188
2022-12-21,94.11639404296875
2022-12-22,92.91938781738281
2022-12-23,93.47039794921875
2022-12-27,93.7553939819336
2022-12-28,92.52989959716797
2022-12-29,93.6698989868164
2022-12-30,93.29937744140625
2023-01-03,93.4989013671875
2023-01-04,94.32539367675781
2023-01-05,93.30889892578125
2023-01-06,95.8644027709961
2023-01-09,95.43689727783203
2023-01-10,95.95938873291016
2023-01-11,96.88089752197266
2023-01-12,97.4509048461914
2023-01-13,97.33688354492188
2023-01-17,96.51039123535156
2023-01-18,94.69590759277344
2023-01-19,92.7483901977539
2023-01-20,94.04039764404297
2023-01-23,95.06640625
2023-01-24,95.69340515136719
2023-01-25,95.16139221191406
2023-01-26,95.68389129638672
2023-01-27,96.0828857421875
2023-01-30,95.14238739013672
2023-01-31,96.75738525390625
2023-02-01,97.46040344238281
2023-02-02,98.22038269042969
2023-02-03,97.70738220214844
2023-02-06,97.46990203857422
2023-02-07,97.7739028930664
2023-02-08,97.22286987304688
2023-02-09,96.34889221191406
2023-02-10,97.03289794921875
2023-02-13,97.91638946533203
2023-02-14,97.650390625
2023-02-15,98.25840759277344
2023-02-16,97.24189758300781
2023-02-17,97.87838745117188
2023-02-21,95.63639831542969
2023-02-22,95.39888763427734
2023-02-23,95.84539794921875
2023-02-24,95.29438781738281
2023-02-27,96.13987731933594
2023-02-28,95.92139434814453
2023-03-01,96.30139923095703
2023-03-02,97.43189239501953
2023-03-03,98.48638916015625
2023-03-06,98.30589294433594
2023-03-07,97.04238891601562
2023-03-08,97.2703857421875
2023-03-09,95.83588409423828
2023-03-10,94.0499038696289
2023-03-13,93.51791381835938
2023-03-14,94.50588989257812
2023-03-15,92.17839050292969
2023-03-16,93.36589050292969
2023-03-17,91.8364028930664
2023-03-20,93.0526351928711
2023-03-21,94.1305160522461
2023-03-22,92.32764434814453
2023-03-23,92.06055450439453
2023-03-24,92.44213104248047
2023-03-27,93.21478271484375
2023-03-28,93.69173431396484
2023-03-29,95.05580139160156
2023-03-30,95.25611114501953
2023-03-31,96.51525115966797
2023-04-03,96.68695068359375
2023-04-04,94.52162170410156
2023-04-05,93.29109191894531
2023-04-06,93.26245880126953
2023-04-10,94.1114501953125
2023-04-11,94.67424774169922
2023-04-12,94.98902130126953
2023-04-13,95.34196472167969
2023-04-14,95.22749328613281
2023-04-17,95.9810791015625
2023-04-18,96.43894958496094
2023-04-19,96.36263275146484
2023-04-20,96.19092559814453
2023-04-21,95.97154235839844
2023-04-24,96.20046997070312
2023-04-25,94.42623138427734
2023-04-26,92.64246368408203
2023-04-27,94.47391510009766
2023-04-28,95.38966369628906
2023-05-01,95.90477752685547
2023-05-02,94.90318298339844
2023-05-03,94.54071044921875
2023-05-04,93.510498046875
2023-05-05,94.92224884033203
2023-05-08,94.578857421875
2023-05-09,94.78871154785156
2023-05-10,94.44530487060547
2023-05-11,93.87296295166016
2023-05-12,93.93974304199219
2023-05-15,94.39761352539062
2023-05-16,93.11940002441406
2023-05-17,94.72193908691406
2023-05-18,95.40874481201172
2023-05-19,95.17979431152344
2023-05-22,95.16072082519531
2023-05-23,94.01605987548828
2023-05-24,92.80460357666016
2023-05-25,93.10985565185547
2023-05-26,93.80618286132812
2023-05-30,93.6631088256836
2023-05-31,92.38488006591797
2023-06-01,93.56771850585938
2023-06-02,96.28633117675781
2023-06-05,95.61859893798828
2023-06-06,96.21955871582031
2023-06-07,97.7648696899414
2023-06-08,97.93657684326172
2023-06-09,97.67903137207031
2023-06-12,98.37535858154297
2023-06-13,99.52002716064453
2023-06-14,99.25294494628906
2023-06-15,100.75056457519531
2023-06-16,100.5884017944336
2023-06-20,99.84139251708984
2023-06-21,100.39685821533203
2023-06-22,99.66899108886719
2023-06-23,98.91240692138672
2023-06-26,99.73603820800781
2023-06-27,100.93317413330078
2023-06-28,100.93317413330078
2023-06-29,101.9100341796875
2023-06-30,102.78154754638672
2023-07-03,102.80070495605469
2023-07-05,102.2452392578125
2023-07-06,101.47906494140625
2023-07-07,101.70892333984375
2023-07-10,103.15506744384766
2023-07-11,104.3713607788086
2023-07-12,104.18938446044922
2023-07-13,104.32347106933594
2023-07-14,104.01700592041016
2023-07-17,104.40966033935547
2023-07-18,104.9938735961914
2023-07-19,104.94598388671875
2023-07-20,105.4152603149414
2023-07-21,104.91724395751953
2023-07-24,105.15669250488281
2023-07-25,105.02259063720703
2023-07-26,105.76004028320312
2023-07-27,104.85022735595703
2023-07-28,105.50147247314453
2023-07-31,105.7504653930664
2023-08-01,106.06649017333984
2023-08-02,104.95555877685547
2023-08-03,104.29473876953125
2023-08-04,103.66264343261719
2023-08-07,104.93641662597656
2023-08-08,104.45757293701172
2023-08-09,104.40007781982422
2023-08-10,104.1127700805664
2023-08-11,104.28515625
2023-08-14,104.32347106933594
2023-08-15,102.99225616455078
2023-08-16,102.4176254272461
2023-08-17,101.55567169189453
2023-08-18,101.7472152709961
2023-08-21,101.62271881103516
2023-08-22,101.38330841064453
2023-08-23,102.42720031738281
2023-08-24,101.18218994140625
2023-08-25,102.03456115722656
2023-08-28,102.86774444580078
2023-08-29,103.653076171875
2023-08-30,104.12236022949219
2023-08-31,103.653076171875
2023-09-01,104.198974609375
2023-09-05,102.44635009765625
2023-09-06,102.00582122802734
2023-09-07,101.67061614990234
2023-09-08,101.16301727294922
2023-09-11,101.1917724609375
2023-09-12,100.82781982421875
2023-09-13,100.15743255615234
2023-09-14,101.14385986328125
2023-09-15,100.5596694946289
2023-09-18,100.67121124267578
2023-09-19,100.24810791015625
2023-09-20,99.85384368896484
2023-09-21,98.21910858154297
2023-09-22,97.8825454711914
2023-09-25,98.37296295166016
2023-09-26,96.87284851074219
2023-09-27,97.59404754638672
2023-09-28,98.00755310058594
2023-09-29,97.48826599121094
2023-10-02,96.53628540039062
2023-10-03,95.8631591796875
2023-10-04,96.17086791992188
2023-10-05,95.60350036621094
2023-10-06,96.91130828857422
2023-10-09,98.4306640625
2023-10-10,99.02687072753906
2023-10-11,99.62305450439453
2023-10-12,98.71914672851562
2023-10-13,97.84407806396484
2023-10-16,98.88262176513672
2023-10-17,99.1903305053711
2023-10-18,96.79592895507812
2023-10-19,95.9016342163086
2023-10-20,94.91114807128906
2023-10-23,94.46882629394531
2023-10-24,95.18041229248047
2023-10-25,93.95917510986328
2023-10-26,93.5649185180664
2023-10-27,92.73792266845703
2023-10-30,93.891845703125
2023-10-31,94.58421325683594
2023-11-01,94.89192199707031
2023-11-02,96.84400177001953
2023-11-03,97.69983673095703
2023-11-06,97.44019317626953
2023-11-07,97.19979095458984
2023-11-08,97.42095184326172
2023-11-09,97.20939636230469
2023-11-10,98.61337280273438
2023-11-13,98.69991302490234
2023-11-14,100.68082427978516
2023-11-15,100.89237976074219
2023-11-16,100.91162109375
2023-11-17,101.5558853149414
2023-11-20,101.86360931396484
2023-11-21,101.78668975830078
2023-11-22,102.00785827636719
2023-11-24,102.25787353515625
2023-11-27,101.680908203125
2023-11-28,101.44050598144531
2023-11-29,101.82515716552734
2023-11-30,102.94062042236328
2023-12-01,104.56574249267578
2023-12-04,104.73883819580078
2023-12-05,103.89262390136719
2023-12-06,104.35419464111328
2023-12-07,104.45036315917969
2023-12-08,104.77730560302734
2023-12-11,105.77737426757812
2023-12-12,106.25818634033203
2023-12-13,107.44097137451172
2023-12-14,108.82569885253906
2023-12-15,108.68145751953125
2023-12-18,108.67662048339844
2023-12-19,109.51778411865234
2023-12-20,107.74840545654297
2023-12-21,108.86032104492188
2023-12-22,109.38243865966797
2023-12-26,110.15592193603516
2023-12-27,110.32029724121094
2023-12-28,110.34929656982422
2023-12-29,110.21392059326172
2024-01-02,109.10203552246094
2024-01-03,107.47769165039062
2024-01-04,107.61305236816406
2024-01-05,107.7387466430664
2024-01-08,108.44456481933594
2024-01-09,108.10615539550781
2024-01-10,108.65727233886719
2024-01-11,108.40589141845703
2024-01-12,108.39620971679688
2024-01-16,107.30365753173828
2024-01-17,106.5784912109375
2024-01-18,108.01914978027344
2024-01-19,108.72496032714844
2024-01-22,109.5661392211914
2024-01-23,109.47911834716797
2024-01-24,108.80229949951172
2024-01-25,109.84652709960938
2024-01-26,109.67249298095703
2024-01-29,110.38797760009766
2024-01-30,110.4266586303711
2024-01-31,109.15037536621094
2024-02-01,111.00677490234375
2024-02-02,111.75127410888672
2024-02-05,111.14213562011719
2024-02-06,112.13802337646484
2024-02-07,112.88251495361328
2024-02-08,112.90185546875
2024-02-09,113.07588958740234
2024-02-12,113.2402572631836
2024-02-13,112.08000946044922
2024-02-14,113.95574188232422
2024-02-15,114.80658721923828
2024-02-16,114.1201171875
2024-02-20,113.76236724853516
2024-02-21,114.21678924560547
2024-02-22,115.62842559814453
2024-02-23,116.23756408691406
2024-02-26,116.06353759765625
2024-02-27,116.23756408691406
2024-02-28,116.63398742675781
2024-02-29,116.99172973632812
2024-03-01,117.49449920654297
2024-03-04,117.91992950439453
2024-03-05,116.95305633544922
2024-03-06,117.56217956542969
2024-03-07,118.50971221923828
2024-03-08,118.24866485595703
2024-03-11,117.6395263671875
2024-03-12,118.16165161132812
2024-03-13,118.48070526123047
2024-03-14,117.97794342041016
2024-03-15,117.99728393554688
2024-03-18,118.2067642211914
2024-03-19,119.22511291503906
2024-03-20,120.6605224609375
2024-03-21,121.85343933105469
2024-03-22,121.4364013671875
2024-03-25,120.65081024169922
2024-03-26,120.21438598632812
2024-03-27,122.14440155029297
2024-03-28,122.16380310058594
2024-04-01,121.22303009033203
2024-04-02,120.6605224609375
2024-04-03,121.2812271118164
2024-04-04,120.21438598632812
2024-04-05,121.88253784179688
2024-04-08,121.6691665649414
2024-04-09,121.38792419433594
2024-04-10,120.35015869140625
2024-04-11,120.4859390258789
2024-04-12,119.19603729248047
2024-04-15,118.34254455566406
2024-04-16,118.07099151611328
2024-04-17,117.4599838256836
2024-04-18,117.05261993408203
2024-04-19,116.83927917480469
2024-04-22,117.72183227539062
2024-04-23,119.36090087890625
2024-04-24,118.41043090820312
2024-04-25,118.769287109375
2024-04-26,118.96326446533203
2024-04-29,119.75855255126953
2024-04-30,117.85762023925781
2024-05-01,117.566650390625
2024-05-02,118.24555206298828
2024-05-03,119.0699462890625
2024-05-06,120.27256774902344
2024-05-07,120.60231018066406
2024-05-08,120.60231018066406
2024-05-09,121.8049545288086
2024-05-10,121.89224243164062
2024-05-13,121.37821960449219
2024-05-14,121.34912109375
2024-05-15,122.14440155029297
2024-05-16,121.41700744628906
2024-05-17,121.55278778076172
2024-05-20,121.78556060791016
2024-05-21,121.38792419433594
2024-05-22,121.53338623046875
2024-05-23,120.09800720214844
2024-05-24,120.70901489257812
2024-05-28,119.23483276367188
2024-05-29,117.54725646972656
2024-05-30,118.35224914550781
2024-05-31,119.78764343261719
2024-06-03,118.32315826416016
2024-06-04,118.03218841552734
2024-06-05,119.22511291503906
2024-06-06,118.5171127319336
2024-06-07,118.64319610595703
2024-06-10,119.01175689697266
2024-06-11,118.3328628540039
2024-06-12,119.45789337158203
2024-06-13,118.69168853759766
2024-06-14,117.49877166748047
2024-06-17,118.79838562011719
2024-06-18,119.43848419189453
2024-06-20,119.51608276367188
2024-06-21,119.26392364501953
2024-06-24,119.77094268798828
2024-06-25,118.74908447265625
2024-06-26,118.42794799804688
2024-06-27,118.55445098876953
2024-06-28,118.60311126708984
2024-07-01,117.32823181152344
2024-07-02,117.97053527832031
2024-07-03,118.39875030517578
2024-07-05,117.97053527832031
2024-07-08,118.11652374267578
2024-07-09,117.60071563720703
2024-07-10,118.65176391601562
2024-07-11,120.16023254394531
2024-07-12,120.85118865966797
2024-07-15,121.71733093261719
2024-07-16,124.75369262695312
2024-07-17,123.15766906738281
2024-07-18,122.1941909790039
2024-07-19,121.522705078125
2024-07-22,122.75865936279297
2024-07-23,122.52510070800781
2024-07-24,119.88773345947266
2024-07-25,120.85118865966797
2024-07-26,122.91436767578125
2024-07-29,122.70027160644531
2024-07-30,123.06033325195312
2024-07-31,124.43254089355469
2024-08-01,122.12606811523438
2024-08-02,119.4400634765625
2024-08-05,117.36714935302734
2024-08-06,118.77828216552734
2024-08-07,118.20410919189453
2024-08-08,120.92904663085938
2024-08-09,120.9485092163086
2024-08-12,120.33540344238281
2024-08-13,121.60055541992188
2024-08-14,122.09687805175781
2024-08-15,123.74158477783203
2024-08-16,123.56639862060547
2024-08-19,124.31575775146484
2024-08-20,123.97513580322266
2024-08-21,124.7245101928711
2024-08-22,124.56878662109375
2024-08-23,125.81448364257812
2024-08-26,125.67821502685547
2024-08-27,125.75608825683594
2024-08-28,125.69769287109375
2024-08-29,126.58330535888672
2024-08-30,127.9360580444336
2024-09-03,125.10404968261719
2024-09-04,125.23056030273438
2024-09-05,123.77075958251953
2024-09-06,122.51535034179688
2024-09-09,124.39361572265625
2024-09-10,124.60771179199219
2024-09-11,124.83155822753906
2024-09-12,125.79500579833984
2024-09-13,127.06990051269531
2024-09-16,127.7219467163086
2024-09-17,128.42263793945312
2024-09-18,128.3155975341797
2024-09-19,130.5247344970703
2024-09-20,129.6099395751953
2024-09-23,130.47984313964844
2024-09-24,131.41717529296875
2024-09-25,130.80206298828125
2024-09-26,131.45623779296875
2024-09-27,131.6417236328125
2024-09-30,132.23728942871094
2024-10-01,132.30563354492188
2024-10-02,132.06153869628906
2024-10-03,131.3878631591797
2024-10-04,132.30563354492188
2024-10-07,131.98345947265625
2024-10-08,132.27635192871094
2024-10-09,133.45774841308594
2024-10-10,132.77430725097656
2024-10-11,135.1468505859375
2024-10-14,135.95718383789062
2024-10-15,134.91249084472656
2024-10-16,135.95718383789062
2024-10-17,135.56668090820312
2024-10-18,135.9767303466797
2024-10-21,135.49832153320312
2024-10-22,133.8580780029297
2024-10-23,133.46749877929688
2024-10-24,132.5497283935547
2024-10-25,132.19822692871094
2024-10-28,132.58877563476562
2024-10-29,132.41302490234375
2024-10-30,132.18849182128906
2024-10-31,130.6654052734375
2024-11-01,130.8411102294922
2024-11-04,130.69467163085938
2024-11-05,132.88169860839844
2024-11-06,138.0856475830078
2024-11-07,137.25576782226562
2024-11-08,138.7300567626953
2024-11-11,139.8040313720703
2024-11-12,138.60313415527344
2024-11-13,138.89602661132812
2024-11-14,136.55279541015625
2024-11-15,135.82052612304688
2024-11-18,135.63499450683594
2024-11-19,135.51785278320312
2024-11-20,135.664306640625
2024-11-21,137.3631591796875
2024-11-22,139.27682495117188
2024-11-25,140.14576721191406
2024-11-26,140.31175231933594
2024-11-27,139.79428100585938
2024-11-29,140.58514404296875
2024-12-02,139.5501708984375
2024-12-03,138.6714630126953
2024-12-04,139.27682495117188
2024-12-05,137.5877227783203
2024-12-06,137.23623657226562
2024-12-09,136.0450897216797
2024-12-10,135.71311950683594
2024-12-11,135.4006805419922
2024-12-12,134.53172302246094
2024-12-13,134.1802520751953
2024-12-16,134.29742431640625
2024-12-17,133.06719970703125
2024-12-18,129.3082275390625
2024-12-19,129.14227294921875
2024-12-20,130.6556396484375
2024-12-23,130.62615966796875
2024-12-24,131.6466827392578
2024-12-26,131.7447967529297
2024-12-27,130.7635498046875
2024-12-30,129.4486541748047
2024-12-31,129.29165649414062
2025-01-02,128.84027099609375
2025-01-03,130.23367309570312
2025-01-06,129.94908142089844
2025-01-07,129.82154846191406
2025-01-08,130.33180236816406
2025-01-10,128.86972045898438
2025-01-13,130.380859375
2025-01-14,131.92144775390625
2025-01-15,132.75552368164062
2025-01-16,134.36477661132812
2025-01-17,135.16943359375
2025-01-21,137.9464111328125
2025-01-22,137.6226043701172
2025-01-23,139.01600646972656
2025-01-24,138.42724609375
2025-01-27,136.57264709472656
2025-01-28,135.6698760986328
2025-01-29,135.20867919921875
2025-01-30,136.7198486328125
2025-01-31,135.7582244873047
2025-02-03,134.41384887695312
2025-02-04,134.45309448242188
2025-02-05,134.5512237548828
2025-02-06,135.1596221923828
2025-02-07,134.75730895996094
2025-02-10,135.96424865722656
2025-02-11,136.01332092285156
2025-02-12,135.16943359375
2025-02-13,135.3068084716797
2025-02-14,134.9731903076172
2025-02-18,136.032958984375
2025-02-19,136.1703338623047
2025-02-20,135.27737426757812
2025-02-21,132.31394958496094
2025-02-24,131.7153778076172
2025-02-25,132.3924560546875
2025-02-26,132.470947265625
2025-02-27,132.00975036621094
2025-02-28,133.77603149414062
2025-03-03,131.87237548828125
2025-03-04,129.3014678955078
2025-03-05,131.34251403808594
2025-03-06,130.2140350341797
2025-03-07,131.73500061035156
2025-03-10,129.67434692382812
2025-03-11,127.68235778808594
2025-03-12,127.67256927490234
2025-03-13,126.36748504638672
2025-03-14,128.67347717285156
2025-03-17,130.44956970214844
2025-03-18,129.409423828125
2025-03-19,131.12660217285156
2025-03-20,130.4691925048828
2025-03-21,129.77249145507812
2025-03-24,132.17901611328125
2025-03-25,132.3759002685547
2025-03-26,131.49989318847656
2025-03-27,130.80105590820312
2025-03-28,128.10411071777344
2025-03-31,129.00967407226562
2025-04-01,129.73800659179688
2025-04-02,130.9585418701172
2025-04-03,123.8717041015625
2025-04-04,116.08604431152344
2025-04-07,115.54469299316406
2025-04-08,114.58993530273438
2025-04-09,124.76740264892578
2025-04-10,121.5488052368164
2025-04-11,123.69454193115234
2025-04-14,124.98395538330078
2025-04-15,124.36384582519531
2025-04-16,122.66104888916016
2025-04-17,123.33035278320312
2025-04-21,120.56452178955078
2025-04-22,122.6708755493164
2025-04-23,124.20636749267578
2025-04-24,126.99187469482422
2025-04-25,126.9820327758789
2025-04-28,127.40528106689453
2025-04-29,128.23207092285156
2025-04-30,129.1573028564453
2025-05-01,130.13172912597656
2025-05-02,132.4644775390625
2025-05-05,132.53338623046875
2025-05-06,131.37191772460938
2025-05-07,132.04122924804688
2025-05-08,133.86215209960938
2025-05-09,133.97042846679688
2025-05-12,138.09457397460938
2025-05-13,139.0591583251953
2025-05-14,138.3898468017578
2025-05-15,139.9253387451172
2025-05-16,141.5198516845703
2025-05-19,142.00216674804688
2025-05-20,141.49032592773438
2025-05-21,139.09852600097656
2025-05-22,139.06900024414062
2025-05-23,138.61624145507812
2025-05-27,141.0572509765625
2025-05-28,140.35841369628906
2025-05-29,140.48635864257812
2025-05-30,140.574951171875
2025-06-02,140.3977813720703
2025-06-03,141.48048400878906
2025-06-04,141.55923461914062
2025-06-05,141.46080017089844
2025-06-06,142.65176391601562
2025-06-09,142.52383422851562
2025-06-10,141.90371704101562
2025-06-11,141.97262573242188
2025-06-12,141.59860229492188
2025-06-13,140.40762329101562
2025-06-16,141.37220764160156
2025-06-17,140.3092041015625
2025-06-18,139.97454833984375
2025-06-20,140.1320037841797
2025-06-23,142.02957153320312
2025-06-24,143.21429443359375
2025-06-25,141.95059204101562
2025-06-26,143.49073791503906
2025-06-27,144.9222869873047
2025-06-30,145.64300537109375
2025-07-01,146.1267547607422
2025-07-02,146.27484130859375
2025-07-03,147.5188446044922
2025-07-07,147.00543212890625
2025-07-08,146.96595764160156
2025-07-09,147.99270629882812
2025-07-10,148.82203674316406
2025-07-11,148.2888946533203
2025-07-14,149.0885772705078
2025-07-15,147.97299194335938
2025-07-16,148.49623107910156
2025-07-17,149.8685302734375
2025-07-18,149.5328826904297
2025-07-21,148.7430419921875
2025-07-22,149.0984649658203
2025-07-23,151.77398681640625
2025-07-24,151.51730346679688
2025-07-25,153.0179443359375
2025-07-28,152.54405212402344
2025-07-29,150.80645751953125
2025-07-30,150.0659942626953
2025-07-31,150.07586669921875
2025-08-01,147.83474731445312
2025-08-04,149.19717407226562
2025-08-05,148.89114379882812
2025-08-06,149.00961303710938
2025-08-07,148.79241943359375
2025-08-08,148.910888671875
2025-08-11,148.4271240234375
2025-08-12,149.96725463867188
2025-08-13,150.53988647460938
2025-08-14,149.20709228515625
2025-08-15,148.52584838867188
2025-08-18,149.1083526611328
2025-08-19,149.4341583251953
2025-08-20,149.29591369628906
2025-08-21,148.76278686523438
2025-08-22,151.19149780273438
2025-08-25,149.6809539794922
2025-08-26,151.2211151123047
2025-08-27,151.20135498046875
2025-08-28,151.46792602539062
2025-08-29,150.07586669921875
2025-09-02,148.64431762695312
2025-09-03,147.89398193359375
2025-09-04,149.5625
2025-09-05,149.00961303710938
2025-09-08,149.3452911376953
2025-09-09,148.33827209472656
2025-09-10,149.4341583251953
2025-09-11,150.85581970214844
2025-09-12,149.65133666992188
2025-09-15,150.34243774414062
2025-09-16,149.89817810058594
2025-09-17,149.21694946289062
2025-09-18,150.80645751953125
2025-09-19,151.1717529296875
2025-09-22,151.67733764648438
2025-09-23,151.71697998046875
2025-09-24,150.933837890625
2025-09-25,149.9127197265625
2025-09-26,151.26097106933594
2025-09-29,151.72691345214844
2025-09-30,152.89671325683594
2025-10-01,152.47042846679688
2025-10-02,152.86695861816406
2025-10-03,153.07516479492188
2025-10-06,153.78892517089844
2025-10-07,152.91653442382812
2025-10-08,154.2449493408203
2025-10-09,151.96482849121094
2025-10-10,148.60414123535156
2025-10-13,150.15066528320312
2025-10-14,151.91526794433594
2025-10-15,151.28079223632812
2025-10-16,150.28945922851562
2025-10-17,150.41831970214844
2025-10-20,152.19285583496094
2025-10-21,153.54110717773438
2025-10-22,151.5484619140625
2025-10-23,153.44195556640625
2025-10-24,153.57083129882812
2025-10-27,154.44320678710938
2025-10-28,153.34280395507812
2025-10-29,153.73934936523438
2025-10-30,153.3527374267578
2025-10-31,153.71954345703125
2025-11-03,153.06524658203125
2025-11-04,151.2907257080078
2025-11-05,151.8756103515625
2025-11-06,151.27088928222656
2025-11-07,152.00450134277344
2025-11-10,152.86695861816406
2025-11-11,152.9066162109375
2025-11-12,153.05532836914062
2025-11-13,150.6859893798828
2025-11-14,150.69589233398438
2025-11-17,149.21878051757812
2025-11-18,148.55458068847656
2025-11-19,149.05026245117188
2025-11-20,146.55203247070312
2025-11-21,148.3364715576172
2025-11-24,148.70327758789062
2025-11-25,150.606689453125
2025-11-26,151.4790802001953
2025-11-28,152.36138916015625
2025-12-01,150.13082885742188
2025-12-02,151.43942260742188
2025-12-03,152.8768768310547
2025-12-04,153.6699676513672
2025-12-05,153.2436981201172
2025-12-08,153.05532836914062
2025-12-09,151.93508911132812
2025-12-10,154.7108917236328
2025-12-11,156.366455078125
2025-12-12,155.385009765625
2025-12-15,155.63284301757812
2025-12-16,154.7108917236328
2025-12-17,152.2027587890625
2025-12-18,153.19412231445312
2025-12-19,154.5126190185547
2025-12-22,156.22557067871094
2025-12-23,156.1658935546875
2025-12-24,156.6732177734375
2025-12-26,156.38475036621094
2025-12-29,156.0465087890625
2025-12-30,155.59889221191406
2025-12-31,154.3057098388672
2026-01-02,157.15069580078125
2026-01-05,159.01087951660156
2026-01-06,161.16949462890625
2026-01-07,158.13551330566406
2026-01-08,159.32920837402344
2026-01-09,161.0799560546875
2026-01-12,162.31344604492188
2026-01-13,163.14903259277344
2026-01-14,163.40768432617188
2026-01-15,164.9097442626953
2026-01-16,166.02386474609375
2026-01-20,162.6715545654297
2026-01-21,165.48670959472656
2026-01-22,164.63121032714844
2026-01-23,163.35794067382812
2026-01-26,163.51712036132812
2026-01-27,164.1935272216797
2026-01-28,163.27835083007812
2026-01-29,164.98931884765625
2026-01-30,164.571533203125
2026-02-02,166.6505584716797
2026-02-03,168.05316162109375
2026-02-04,168.5008087158203
2026-02-05,167.4861602783203
2026-02-06,172.27090454101562
2026-02-09,172.7881622314453
2026-02-10,172.99708557128906
2026-02-11,173.92218017578125
2026-02-12,171.84315490722656
2026-02-13,173.25570678710938
2026-02-17,174.16091918945312
2026-02-18,174.1211395263672
2026-02-19,175.41432189941406
2026-02-20,176.29965209960938
2026-02-23,173.91224670410156
2026-02-24,176.0509490966797
2026-02-25,174.67820739746094
2026-02-26,175.77243041992188
2026-02-27,176.21011352539062
2026-03-02,177.96087646484375
2026-03-03,174.51905822753906
2026-03-04,175.04624938964844
2026-03-05,171.1567840576172
2026-03-06,169.04791259765625
2026-03-09,170.04266357421875
2026-03-10,169.1274871826172
2026-03-11,168.60028076171875
2026-03-12,164.37258911132812
2026-03-13,163.78567504882812
2026-03-16,165.1882781982422
2026-03-17,165.6259765625
2026-03-18,164.31289672851562
2026-03-19,163.1987762451172
2026-03-20,160.82131958007812
2026-03-23,162.6498260498047
2026-03-24,163.59750366210938
2026-03-25,164.69480895996094
2026-03-26,160.87420654296875
2026-03-27,158.8092803955078
2026-03-30,156.2256317138672
2026-03-31,161.33306884765625
2026-04-01,164.02642822265625
2026-04-02,163.36807250976562
2026-04-06,164.2060089111328
2026-04-07,163.87681579589844
2026-04-08,170.02169799804688
2026-04-09,171.76739501953125
2026-04-10,171.0990447998047
2026-04-13,172.30606079101562
2026-04-14,172.924560546875
2026-04-15,170.75987243652344
2026-04-16,169.91195678710938
2026-04-17,173.0841522216797
2026-04-20,173.4731903076172
2026-04-21,171.0192413330078
2026-04-22,170.62020874023438
2026-04-23,173.64279174804688
2026-04-24,172.0467071533203
2026-04-27,172.08660888671875
2026-04-28,170.56036376953125
2026-04-29,169.512939453125
2026-04-30,174.1515350341797
2026-05-01,172.53550720214844
2026-05-04,170.56036376953125
2026-05-05,171.9868621826172
2026-05-06,176.4359130859375
2026-05-07,173.5729522705078
2026-05-08,172.77491760253906
2026-05-11,174.6103973388672
2026-05-12,173.92210388183594
2026-05-13,173.19387817382812
2026-05-14,174.08169555664062
2026-05-15,170.9793243408203
2026-05-18,170.3309326171875
2026-05-19,168.32586669921875
2026-05-20,170.31097412109375
2026-05-21,170.11146545410156
2026-05-22,171.3484344482422
2026-05-26,173.87222290039062
2026-05-27,173.87222290039062
2026-05-28,173.37344360351562
2026-05-29,172.70509338378906
2026-06-01,171.9768829345703
2026-06-02,173.7624969482422
2026-06-03,173.62283325195312
2026-06-04,175.7276611328125
2026-06-05,173.75250244140625
2026-06-08,173.20387268066406
2026-06-09,175.16903686523438
2026-06-10,169.2436065673828
2026-06-11,174.72012329101562
2026-06-12,175.7476043701172
2026-06-15,178.241455078125
2026-06-16,179.40859985351562
2026-06-17,179.15921020507812
2026-06-18,180.46600341796875
2026-06-22,181.8000030517578
2026-06-23,178.14999389648438
2026-06-24,180.2100067138672
2026-06-25,184.1199951171875
2026-06-26,181.1999969482422
2026-06-29,182.75999450683594
2026-06-30,185.22999572753906
2026-07-01,183.36000061035156
2026-07-02,183.91000366210938
