Price,AdjClose
Ticker,HE=F
Date,
2000-12-15,49.79999923706055
2000-12-18,49.79999923706055
2000-12-19,49.0
2000-12-20,48.79999923706055
2000-12-21,48.619998931884766
2000-12-22,48.70000076293945
2000-12-26,48.66999816894531
2000-12-27,48.29999923706055
2000-12-28,48.20000076293945
2000-12-29,48.599998474121094
2001-01-02,48.70000076293945
2001-01-03,48.70000076293945
2001-01-04,49.0
2001-01-05,49.20000076293945
2001-01-08,49.099998474121094
2001-01-09,49.70000076293945
2001-01-10,49.31999969482422
2001-01-11,49.29999923706055
2001-01-12,48.79999923706055
2001-01-16,48.79999923706055
2001-01-17,48.900001525878906
2001-01-18,49.0
2001-01-19,49.79999923706055
2001-01-22,49.849998474121094
2001-01-23,49.75
2001-01-24,49.849998474121094
2001-01-25,49.900001525878906
2001-01-26,50.369998931884766
2001-01-29,50.79999923706055
2001-01-30,50.900001525878906
2001-01-31,51.0
2001-02-01,51.04999923706055
2001-02-02,50.900001525878906
2001-02-05,50.900001525878906
2001-02-06,50.79999923706055
2001-02-07,50.79999923706055
2001-02-08,50.849998474121094
2001-02-09,51.0
2001-02-12,50.75
2001-02-13,50.79999923706055
2001-02-14,51.06999969482422
2001-02-15,51.349998474121094
2001-02-16,51.27000045776367
2001-02-20,50.75
2001-02-21,50.75
2001-02-22,50.79999923706055
2001-02-23,50.77000045776367
2001-02-26,50.77000045776367
2001-02-27,50.79999923706055
2001-02-28,50.56999969482422
2001-03-01,50.70000076293945
2001-03-02,51.04999923706055
2001-03-05,51.20000076293945
2001-03-06,50.95000076293945
2001-03-07,50.79999923706055
2001-03-08,50.45000076293945
2001-03-09,50.470001220703125
2001-03-12,50.869998931884766
2001-03-13,51.099998474121094
2001-03-14,52.119998931884766
2001-03-15,52.25
2001-03-16,51.79999923706055
2001-03-19,51.79999923706055
2001-03-20,51.70000076293945
2001-03-21,51.900001525878906
2001-03-22,52.099998474121094
2001-03-23,52.70000076293945
2001-03-26,52.400001525878906
2001-03-27,52.599998474121094
2001-03-28,52.150001525878906
2001-03-29,52.599998474121094
2001-03-30,52.900001525878906
2001-04-02,54.45000076293945
2001-04-03,54.20000076293945
2001-04-04,54.0
2001-04-05,54.0
2001-04-06,54.0
2001-04-09,54.0
2001-04-10,54.0
2001-04-11,54.0
2001-04-12,54.0
2001-04-16,53.900001525878906
2001-04-17,54.29999923706055
2001-04-18,53.75
2001-04-19,53.900001525878906
2001-04-20,53.970001220703125
2001-04-23,53.900001525878906
2001-04-24,53.5
2001-04-25,52.970001220703125
2001-04-26,52.81999969482422
2001-04-27,52.349998474121094
2001-04-30,51.54999923706055
2001-05-01,52.599998474121094
2001-05-02,52.29999923706055
2001-05-03,52.70000076293945
2001-05-04,52.900001525878906
2001-05-07,52.869998931884766
2001-05-08,52.849998474121094
2001-05-09,52.400001525878906
2001-05-10,52.29999923706055
2001-05-11,51.16999816894531
2001-05-14,51.150001525878906
2001-05-15,51.79999923706055
2001-05-16,52.29999923706055
2001-05-17,52.849998474121094
2001-05-18,52.52000045776367
2001-05-21,52.220001220703125
2001-05-22,51.599998474121094
2001-05-23,51.400001525878906
2001-05-24,51.400001525878906
2001-05-25,50.54999923706055
2001-05-29,51.75
2001-05-30,52.099998474121094
2001-05-31,52.099998474121094
2001-06-01,52.54999923706055
2001-06-04,52.599998474121094
2001-06-05,52.54999923706055
2001-06-06,52.5
2001-06-07,52.400001525878906
2001-06-08,52.79999923706055
2001-06-11,53.25
2001-06-12,53.400001525878906
2001-06-13,53.45000076293945
2001-06-14,53.0
2001-06-15,53.220001220703125
2001-06-18,52.400001525878906
2001-06-19,52.79999923706055
2001-06-20,52.75
2001-06-21,53.0
2001-06-22,53.150001525878906
2001-06-25,53.52000045776367
2001-06-26,53.41999816894531
2001-06-27,54.04999923706055
2001-06-28,54.41999816894531
2001-06-29,54.95000076293945
2001-07-02,56.95000076293945
2001-07-03,56.400001525878906
2001-07-05,56.66999816894531
2001-07-06,56.849998474121094
2001-07-09,56.650001525878906
2001-07-10,55.720001220703125
2001-07-11,55.81999969482422
2001-07-12,55.849998474121094
2001-07-13,56.220001220703125
2001-07-16,56.41999816894531
2001-07-17,56.599998474121094
2001-07-18,56.650001525878906
2001-07-19,57.619998931884766
2001-07-20,57.66999816894531
2001-07-23,57.06999969482422
2001-07-24,57.02000045776367
2001-07-25,56.79999923706055
2001-07-26,57.0
2001-07-27,56.95000076293945
2001-07-30,56.91999816894531
2001-07-31,57.220001220703125
2001-08-01,57.470001220703125
2001-08-02,56.599998474121094
2001-08-03,56.720001220703125
2001-08-06,56.29999923706055
2001-08-07,56.06999969482422
2001-08-08,56.150001525878906
2001-08-09,55.849998474121094
2001-08-10,56.900001525878906
2001-08-13,56.95000076293945
2001-08-14,56.70000076293945
2001-08-15,57.04999923706055
2001-08-16,56.970001220703125
2001-08-17,57.06999969482422
2001-08-20,57.02000045776367
2001-08-21,56.27000045776367
2001-08-22,57.27000045776367
2001-08-23,57.70000076293945
2001-08-24,57.79999923706055
2001-08-27,56.95000076293945
2001-08-28,56.95000076293945
2001-08-29,57.369998931884766
2001-08-30,56.81999969482422
2001-08-31,57.5
2001-09-04,58.5
2001-09-05,57.849998474121094
2001-09-06,57.81999969482422
2001-09-07,57.720001220703125
2001-09-10,58.099998474121094
2001-09-11,58.099998474121094
2001-09-12,58.099998474121094
2001-09-13,57.970001220703125
2001-09-14,57.900001525878906
2001-09-17,57.75
2001-09-18,57.70000076293945
2001-09-19,56.16999816894531
2001-09-20,56.16999816894531
2001-09-21,56.45000076293945
2001-09-24,56.150001525878906
2001-09-25,55.45000076293945
2001-09-26,55.45000076293945
2001-09-27,55.25
2001-09-28,55.119998931884766
2001-10-01,56.099998474121094
2001-10-02,56.27000045776367
2001-10-03,55.95000076293945
2001-10-04,56.25
2001-10-05,56.400001525878906
2001-10-08,55.95000076293945
2001-10-09,55.220001220703125
2001-10-10,53.79999923706055
2001-10-11,54.27000045776367
2001-10-12,53.70000076293945
2001-10-15,49.25
2001-10-16,50.220001220703125
2001-10-17,50.369998931884766
2001-10-18,50.470001220703125
2001-10-19,50.04999923706055
2001-10-22,49.619998931884766
2001-10-23,49.31999969482422
2001-10-24,47.70000076293945
2001-10-25,47.56999969482422
2001-10-26,47.849998474121094
2001-10-29,49.650001525878906
2001-10-30,49.650001525878906
2001-10-31,51.650001525878906
2001-11-01,52.099998474121094
2001-11-02,52.869998931884766
2001-11-05,52.81999969482422
2001-11-06,51.02000045776367
2001-11-07,50.79999923706055
2001-11-08,51.31999969482422
2001-11-09,49.31999969482422
2001-11-12,47.869998931884766
2001-11-13,48.400001525878906
2001-11-14,48.66999816894531
2001-11-15,49.470001220703125
2001-11-16,48.04999923706055
2001-11-19,49.20000076293945
2001-11-20,49.150001525878906
2001-11-21,49.56999969482422
2001-11-23,50.619998931884766
2001-11-26,50.45000076293945
2001-11-27,50.099998474121094
2001-11-28,50.369998931884766
2001-11-29,49.52000045776367
2001-11-30,50.31999969482422
2001-12-03,49.119998931884766
2001-12-04,48.29999923706055
2001-12-05,47.02000045776367
2001-12-06,47.77000045776367
2001-12-07,48.02000045776367
2001-12-10,46.119998931884766
2001-12-11,45.150001525878906
2001-12-12,45.119998931884766
2001-12-13,45.70000076293945
2001-12-14,45.66999816894531
2001-12-17,53.52000045776367
2001-12-18,53.31999969482422
2001-12-19,52.650001525878906
2001-12-20,53.04999923706055
2001-12-21,54.650001525878906
2001-12-24,55.77000045776367
2001-12-26,55.470001220703125
2001-12-27,56.119998931884766
2001-12-28,56.29999923706055
2001-12-31,57.04999923706055
2002-01-02,56.56999969482422
2002-01-03,55.599998474121094
2002-01-04,55.29999923706055
2002-01-07,55.29999923706055
2002-01-08,54.66999816894531
2002-01-09,54.470001220703125
2002-01-10,55.900001525878906
2002-01-11,55.900001525878906
2002-01-14,55.25
2002-01-15,56.220001220703125
2002-01-16,56.220001220703125
2002-01-17,56.31999969482422
2002-01-18,56.29999923706055
2002-01-22,55.0
2002-01-23,55.27000045776367
2002-01-24,56.41999816894531
2002-01-25,56.900001525878906
2002-01-28,56.349998474121094
2002-01-29,56.04999923706055
2002-01-30,56.220001220703125
2002-01-31,56.25
2002-02-01,56.720001220703125
2002-02-04,56.220001220703125
2002-02-05,57.0
2002-02-06,55.650001525878906
2002-02-07,55.20000076293945
2002-02-08,55.599998474121094
2002-02-11,54.220001220703125
2002-02-12,53.599998474121094
2002-02-13,54.119998931884766
2002-02-14,54.06999969482422
2002-02-15,59.119998931884766
2002-02-19,59.66999816894531
2002-02-20,60.06999969482422
2002-02-21,59.20000076293945
2002-02-22,59.400001525878906
2002-02-25,58.77000045776367
2002-02-26,58.650001525878906
2002-02-27,59.720001220703125
2002-02-28,60.349998474121094
2002-03-01,59.869998931884766
2002-03-04,59.650001525878906
2002-03-05,58.79999923706055
2002-03-06,57.70000076293945
2002-03-07,58.400001525878906
2002-03-08,58.04999923706055
2002-03-11,57.57500076293945
2002-03-12,57.275001525878906
2002-03-13,56.70000076293945
2002-03-14,56.724998474121094
2002-03-15,55.07500076293945
2002-03-18,55.07500076293945
2002-03-19,52.54999923706055
2002-03-20,52.79999923706055
2002-03-21,53.474998474121094
2002-03-22,52.95000076293945
2002-03-25,53.275001525878906
2002-03-26,52.900001525878906
2002-03-27,52.54999923706055
2002-03-28,51.875
2002-04-01,51.04999923706055
2002-04-02,49.57500076293945
2002-04-03,47.70000076293945
2002-04-04,46.95000076293945
2002-04-05,45.974998474121094
2002-04-08,43.974998474121094
2002-04-09,42.525001525878906
2002-04-10,41.45000076293945
2002-04-11,41.775001525878906
2002-04-12,41.95000076293945
2002-04-15,48.224998474121094
2002-04-16,48.349998474121094
2002-04-17,50.349998474121094
2002-04-18,51.95000076293945
2002-04-19,53.75
2002-04-22,53.20000076293945
2002-04-23,51.20000076293945
2002-04-24,50.525001525878906
2002-04-25,49.724998474121094
2002-04-26,47.724998474121094
2002-04-29,45.724998474121094
2002-04-30,45.599998474121094
2002-05-01,44.79999923706055
2002-05-02,46.04999923706055
2002-05-03,46.974998474121094
2002-05-06,46.82500076293945
2002-05-07,46.75
2002-05-08,45.400001525878906
2002-05-09,45.79999923706055
2002-05-10,45.95000076293945
2002-05-13,46.29999923706055
2002-05-14,46.400001525878906
2002-05-15,53.775001525878906
2002-05-16,52.82500076293945
2002-05-17,53.17499923706055
2002-05-20,51.17499923706055
2002-05-21,49.17499923706055
2002-05-22,47.875
2002-05-23,48.525001525878906
2002-05-24,48.375
2002-05-28,46.375
2002-05-29,46.42499923706055
2002-05-30,46.150001525878906
2002-05-31,46.75
2002-06-03,47.474998474121094
2002-06-04,46.474998474121094
2002-06-05,46.95000076293945
2002-06-06,48.79999923706055
2002-06-07,49.875
2002-06-10,48.849998474121094
2002-06-11,48.724998474121094
2002-06-12,48.25
2002-06-13,48.375
2002-06-14,48.599998474121094
2002-06-17,49.849998474121094
2002-06-18,50.70000076293945
2002-06-19,50.349998474121094
2002-06-20,51.57500076293945
2002-06-21,51.474998474121094
2002-06-24,51.724998474121094
2002-06-25,50.875
2002-06-26,50.775001525878906
2002-06-27,50.625
2002-06-28,50.525001525878906
2002-07-01,51.95000076293945
2002-07-02,52.29999923706055
2002-07-03,52.974998474121094
2002-07-05,54.974998474121094
2002-07-08,54.900001525878906
2002-07-09,53.92499923706055
2002-07-10,53.875
2002-07-11,53.95000076293945
2002-07-12,54.025001525878906
2002-07-15,54.29999923706055
2002-07-16,50.849998474121094
2002-07-17,49.79999923706055
2002-07-18,51.29999923706055
2002-07-19,50.67499923706055
2002-07-22,49.82500076293945
2002-07-23,50.275001525878906
2002-07-24,49.849998474121094
2002-07-25,50.70000076293945
2002-07-26,50.79999923706055
2002-07-29,50.849998474121094
2002-07-30,51.54999923706055
2002-07-31,51.775001525878906
2002-08-01,50.150001525878906
2002-08-02,49.775001525878906
2002-08-05,48.5
2002-08-06,48.650001525878906
2002-08-07,47.849998474121094
2002-08-08,48.625
2002-08-09,48.875
2002-08-12,48.275001525878906
2002-08-13,48.32500076293945
2002-08-14,48.25
2002-08-15,36.775001525878906
2002-08-16,36.57500076293945
2002-08-19,36.599998474121094
2002-08-20,34.599998474121094
2002-08-21,34.875
2002-08-22,35.0
2002-08-23,34.54999923706055
2002-08-26,32.625
2002-08-27,32.224998474121094
2002-08-28,30.225000381469727
2002-08-29,30.649999618530273
2002-08-30,30.875
2002-09-03,30.049999237060547
2002-09-04,31.825000762939453
2002-09-05,32.70000076293945
2002-09-06,33.70000076293945
2002-09-09,32.54999923706055
2002-09-10,34.54999923706055
2002-09-11,35.07500076293945
2002-09-12,35.25
2002-09-13,35.525001525878906
2002-09-16,35.724998474121094
2002-09-17,36.04999923706055
2002-09-18,36.5
2002-09-19,37.25
2002-09-20,37.025001525878906
2002-09-23,35.70000076293945
2002-09-24,37.20000076293945
2002-09-25,38.224998474121094
2002-09-26,39.224998474121094
2002-09-27,39.07500076293945
2002-09-30,40.20000076293945
2002-10-01,40.375
2002-10-02,42.29999923706055
2002-10-03,42.724998474121094
2002-10-04,42.70000076293945
2002-10-07,41.45000076293945
2002-10-08,43.0
2002-10-09,44.275001525878906
2002-10-10,45.0
2002-10-11,44.900001525878906
2002-10-14,45.025001525878906
2002-10-15,42.650001525878906
2002-10-16,42.17499923706055
2002-10-17,41.650001525878906
2002-10-18,41.125
2002-10-21,40.150001525878906
2002-10-22,40.25
2002-10-23,41.95000076293945
2002-10-24,40.275001525878906
2002-10-25,40.599998474121094
2002-10-28,41.25
2002-10-29,40.099998474121094
2002-10-30,42.099998474121094
2002-10-31,43.125
2002-11-01,43.17499923706055
2002-11-04,43.04999923706055
2002-11-05,44.82500076293945
2002-11-06,45.0
2002-11-07,45.92499923706055
2002-11-08,45.900001525878906
2002-11-11,46.82500076293945
2002-11-12,45.099998474121094
2002-11-13,45.150001525878906
2002-11-14,44.599998474121094
2002-11-15,45.75
2002-11-18,44.275001525878906
2002-11-19,45.625
2002-11-20,46.025001525878906
2002-11-21,44.900001525878906
2002-11-22,45.150001525878906
2002-11-25,45.20000076293945
2002-11-26,45.79999923706055
2002-11-27,46.75
2002-11-29,54.20000076293945
2002-12-02,54.32500076293945
2002-12-03,54.70000076293945
2002-12-04,54.525001525878906
2002-12-05,54.79999923706055
2002-12-06,53.32500076293945
2002-12-09,51.32500076293945
2002-12-10,50.45000076293945
2002-12-11,52.45000076293945
2002-12-12,51.974998474121094
2002-12-13,52.25
2002-12-16,51.82500076293945
2002-12-17,52.32500076293945
2002-12-18,51.224998474121094
2002-12-19,51.900001525878906
2002-12-20,51.79999923706055
2002-12-23,53.150001525878906
2002-12-24,53.150001525878906
2002-12-26,53.974998474121094
2002-12-27,53.5
2002-12-30,53.54999923706055
2002-12-31,51.599998474121094
2003-01-02,51.82500076293945
2003-01-03,53.07500076293945
2003-01-06,51.775001525878906
2003-01-07,51.75
2003-01-08,52.125
2003-01-09,53.224998474121094
2003-01-10,52.75
2003-01-13,52.474998474121094
2003-01-14,52.82500076293945
2003-01-15,51.125
2003-01-16,51.82500076293945
2003-01-17,50.625
2003-01-21,49.650001525878906
2003-01-22,50.474998474121094
2003-01-23,50.224998474121094
2003-01-24,50.875
2003-01-27,49.775001525878906
2003-01-28,49.150001525878906
2003-01-29,50.599998474121094
2003-01-30,50.25
2003-01-31,50.92499923706055
2003-02-03,49.79999923706055
2003-02-04,49.125
2003-02-05,48.67499923706055
2003-02-06,48.29999923706055
2003-02-07,48.45000076293945
2003-02-10,49.349998474121094
2003-02-11,49.025001525878906
2003-02-12,48.775001525878906
2003-02-13,52.95000076293945
2003-02-14,52.45000076293945
2003-02-18,52.849998474121094
2003-02-19,53.150001525878906
2003-02-20,52.95000076293945
2003-02-21,53.92499923706055
2003-02-24,54.224998474121094
2003-02-25,53.29999923706055
2003-02-26,53.95000076293945
2003-02-27,53.275001525878906
2003-02-28,54.54999923706055
2003-03-03,54.375
2003-03-04,53.150001525878906
2003-03-05,52.625
2003-03-06,51.875
2003-03-07,51.92499923706055
2003-03-10,51.625
2003-03-11,52.32500076293945
2003-03-12,52.650001525878906
2003-03-13,52.650001525878906
2003-03-14,52.92499923706055
2003-03-17,51.20000076293945
2003-03-18,51.54999923706055
2003-03-19,53.099998474121094
2003-03-20,52.875
2003-03-21,52.54999923706055
2003-03-24,51.625
2003-03-25,51.42499923706055
2003-03-26,49.525001525878906
2003-03-27,49.974998474121094
2003-03-28,49.70000076293945
2003-03-31,50.32500076293945
2003-04-01,48.54999923706055
2003-04-02,49.625
2003-04-03,49.849998474121094
2003-04-04,50.525001525878906
2003-04-07,50.724998474121094
2003-04-08,50.224998474121094
2003-04-09,49.900001525878906
2003-04-10,49.349998474121094
2003-04-11,49.92499923706055
2003-04-14,49.900001525878906
2003-04-16,49.91999816894531
2003-04-17,56.07500076293945
2003-04-21,56.45000076293945
2003-04-22,55.79999923706055
2003-04-23,56.474998474121094
2003-04-24,56.67499923706055
2003-04-25,57.775001525878906
2003-04-28,58.45000076293945
2003-04-29,58.224998474121094
2003-04-30,57.95000076293945
2003-05-01,57.875
2003-05-02,58.45000076293945
2003-05-05,58.70000076293945
2003-05-06,58.900001525878906
2003-05-07,58.07500076293945
2003-05-08,58.70000076293945
2003-05-09,59.70000076293945
2003-05-12,59.70000076293945
2003-05-13,59.95000076293945
2003-05-14,60.375
2003-05-15,65.0250015258789
2003-05-16,66.875
2003-05-19,67.05000305175781
2003-05-20,66.19999694824219
2003-05-21,65.125
2003-05-22,64.4000015258789
2003-05-23,63.42499923706055
2003-05-27,63.07500076293945
2003-05-28,64.07499694824219
2003-05-29,64.2249984741211
2003-05-30,64.8499984741211
2003-06-02,65.375
2003-06-03,65.19999694824219
2003-06-04,65.92500305175781
2003-06-05,65.42500305175781
2003-06-06,66.17500305175781
2003-06-09,67.2249984741211
2003-06-10,67.4749984741211
2003-06-11,66.07499694824219
2003-06-12,66.32499694824219
2003-06-13,66.9749984741211
2003-06-16,66.7249984741211
2003-06-17,66.32499694824219
2003-06-18,67.375
2003-06-19,66.5250015258789
2003-06-20,66.30000305175781
2003-06-23,64.82499694824219
2003-06-24,65.07499694824219
2003-06-25,64.7249984741211
2003-06-26,64.375
2003-06-27,64.67500305175781
2003-06-30,64.05000305175781
2003-07-01,64.07499694824219
2003-07-02,64.1500015258789
2003-07-03,65.3499984741211
2003-07-07,65.8499984741211
2003-07-08,64.94999694824219
2003-07-09,63.79999923706055
2003-07-10,62.82500076293945
2003-07-11,62.82500076293945
2003-07-14,62.375
2003-07-15,62.20000076293945
2003-07-17,62.25
2003-07-18,61.875
2003-07-21,61.17499923706055
2003-07-22,60.0
2003-07-23,58.0
2003-07-24,58.25
2003-07-25,59.54999923706055
2003-07-28,58.400001525878906
2003-07-29,58.04999923706055
2003-07-30,58.70000076293945
2003-07-31,57.29999923706055
2003-08-01,56.17499923706055
2003-08-04,57.849998474121094
2003-08-05,57.67499923706055
2003-08-06,59.67499923706055
2003-08-07,60.125
2003-08-08,60.92499923706055
2003-08-11,60.125
2003-08-12,59.474998474121094
2003-08-13,59.79999923706055
2003-08-14,60.125
2003-08-15,51.650001525878906
2003-08-18,52.57500076293945
2003-08-19,53.42499923706055
2003-08-20,53.75
2003-08-21,52.92499923706055
2003-08-22,53.349998474121094
2003-08-25,53.849998474121094
2003-08-26,53.75
2003-08-27,54.349998474121094
2003-08-28,54.20000076293945
2003-08-29,54.775001525878906
2003-09-02,55.17499923706055
2003-09-03,55.775001525878906
2003-09-04,56.07500076293945
2003-09-05,57.79999923706055
2003-09-08,58.82500076293945
2003-09-09,58.54999923706055
2003-09-10,59.224998474121094
2003-09-11,60.375
2003-09-12,58.400001525878906
2003-09-15,58.70000076293945
2003-09-16,58.150001525878906
2003-09-17,59.150001525878906
2003-09-18,60.29999923706055
2003-09-19,60.57500076293945
2003-09-22,60.349998474121094
2003-09-23,59.29999923706055
2003-09-24,57.650001525878906
2003-09-25,57.92499923706055
2003-09-26,56.42499923706055
2003-09-29,55.474998474121094
2003-09-30,55.525001525878906
2003-10-01,55.775001525878906
2003-10-02,55.07500076293945
2003-10-03,54.650001525878906
2003-10-06,54.849998474121094
2003-10-07,54.775001525878906
2003-10-08,55.25
2003-10-09,55.025001525878906
2003-10-10,54.75
2003-10-13,54.150001525878906
2003-10-14,53.95000076293945
2003-10-16,54.150001525878906
2003-10-20,57.67499923706055
2003-10-21,55.67499923706055
2003-10-22,53.67499923706055
2003-10-23,52.75
2003-10-24,52.45000076293945
2003-10-27,52.57500076293945
2003-10-28,51.474998474121094
2003-10-29,52.650001525878906
2003-10-30,52.54999923706055
2003-10-31,53.32500076293945
2003-11-03,52.650001525878906
2003-11-04,53.224998474121094
2003-11-05,52.92499923706055
2003-11-06,53.17499923706055
2003-11-07,53.375
2003-11-10,52.67499923706055
2003-11-11,50.75
2003-11-12,50.07500076293945
2003-11-13,50.04999923706055
2003-11-14,50.349998474121094
2003-11-17,50.275001525878906
2003-11-18,50.70000076293945
2003-11-19,48.70000076293945
2003-11-20,49.275001525878906
2003-11-21,49.849998474121094
2003-11-24,49.625
2003-11-25,49.17499923706055
2003-11-26,48.45000076293945
2003-11-28,49.95000076293945
2003-12-01,51.025001525878906
2003-12-02,50.099998474121094
2003-12-03,49.474998474121094
2003-12-04,49.125
2003-12-05,49.04999923706055
2003-12-08,49.67499923706055
2003-12-09,49.20000076293945
2003-12-10,49.724998474121094
2003-12-11,49.95000076293945
2003-12-12,49.849998474121094
2003-12-15,52.79999923706055
2003-12-16,51.75
2003-12-17,52.32500076293945
2003-12-18,51.45000076293945
2003-12-19,53.29999923706055
2003-12-22,53.75
2003-12-23,53.07500076293945
2003-12-24,51.20000076293945
2003-12-26,53.20000076293945
2003-12-29,53.92499923706055
2003-12-30,53.79999923706055
2003-12-31,53.42499923706055
2004-01-02,55.42499923706055
2004-01-05,55.95000076293945
2004-01-06,54.650001525878906
2004-01-07,54.92499923706055
2004-01-08,53.974998474121094
2004-01-09,53.75
2004-01-12,51.775001525878906
2004-01-13,52.42499923706055
2004-01-14,53.20000076293945
2004-01-15,53.79999923706055
2004-01-16,54.75
2004-01-20,55.275001525878906
2004-01-21,55.775001525878906
2004-01-22,54.974998474121094
2004-01-23,54.849998474121094
2004-01-26,55.82500076293945
2004-01-27,55.92499923706055
2004-01-28,56.224998474121094
2004-01-29,56.07500076293945
2004-01-30,57.349998474121094
2004-02-02,59.025001525878906
2004-02-03,58.92499923706055
2004-02-04,59.42499923706055
2004-02-05,61.32500076293945
2004-02-06,62.025001525878906
2004-02-09,62.42499923706055
2004-02-10,61.875
2004-02-11,63.375
2004-02-12,63.75
2004-02-13,64.17500305175781
2004-02-17,58.599998474121094
2004-02-18,58.525001525878906
2004-02-19,59.70000076293945
2004-02-20,60.099998474121094
2004-02-23,61.025001525878906
2004-02-24,60.974998474121094
2004-02-25,60.125
2004-02-26,61.650001525878906
2004-02-27,62.025001525878906
2004-03-01,62.29999923706055
2004-03-02,62.82500076293945
2004-03-03,60.900001525878906
2004-03-04,60.474998474121094
2004-03-05,61.92499923706055
2004-03-08,61.20000076293945
2004-03-09,62.29999923706055
2004-03-10,62.650001525878906
2004-03-11,63.724998474121094
2004-03-12,64.32499694824219
2004-03-15,64.125
2004-03-16,65.30000305175781
2004-03-17,64.07499694824219
2004-03-18,65.75
2004-03-19,66.32499694824219
2004-03-22,66.17500305175781
2004-03-23,66.1500015258789
2004-03-24,65.82499694824219
2004-03-25,66.67500305175781
2004-03-26,66.4000015258789
2004-03-29,68.125
2004-03-30,67.80000305175781
2004-03-31,66.6500015258789
2004-04-01,65.30000305175781
2004-04-02,64.17500305175781
2004-04-05,63.400001525878906
2004-04-06,63.5
2004-04-07,62.32500076293945
2004-04-08,63.07500076293945
2004-04-12,64.32499694824219
2004-04-13,64.32499694824219
2004-04-14,64.57499694824219
2004-04-15,64.2750015258789
2004-04-16,68.42500305175781
2004-04-19,68.9000015258789
2004-04-20,68.6500015258789
2004-04-21,69.42500305175781
2004-04-22,70.7249984741211
2004-04-23,71.30000305175781
2004-04-26,72.07499694824219
2004-04-27,71.4000015258789
2004-04-28,73.07499694824219
2004-04-29,73.42500305175781
2004-04-30,74.4000015258789
2004-05-03,75.2249984741211
2004-05-04,74.57499694824219
2004-05-05,75.44999694824219
2004-05-06,76.3499984741211
2004-05-07,78.07499694824219
2004-05-10,79.375
2004-05-11,81.375
2004-05-12,82.25
2004-05-13,82.25
2004-05-14,82.19999694824219
2004-05-17,74.5
2004-05-18,75.32499694824219
2004-05-19,75.05000305175781
2004-05-20,74.1500015258789
2004-05-24,75.75
2004-05-25,74.92500305175781
2004-05-26,74.2750015258789
2004-05-27,74.4749984741211
2004-05-28,75.82499694824219
2004-06-01,76.55000305175781
2004-06-02,76.375
2004-06-03,78.375
2004-06-04,79.0
2004-06-07,79.30000305175781
2004-06-08,78.69999694824219
2004-06-09,78.1500015258789
2004-06-10,78.4000015258789
2004-06-11,78.4000015258789
2004-06-14,79.17500305175781
2004-06-16,79.19999694824219
2004-06-17,77.0999984741211
2004-06-18,77.8499984741211
2004-06-21,77.9000015258789
2004-06-22,77.0250015258789
2004-06-23,78.125
2004-06-24,76.5999984741211
2004-06-25,76.94999694824219
2004-06-28,77.05000305175781
2004-06-29,77.5
2004-06-30,78.94999694824219
2004-07-01,78.75
2004-07-02,79.125
2004-07-06,79.375
2004-07-07,78.32499694824219
2004-07-08,78.69999694824219
2004-07-09,79.57499694824219
2004-07-12,79.44999694824219
2004-07-13,78.94999694824219
2004-07-14,79.42500305175781
2004-07-15,79.55000305175781
2004-07-16,73.1500015258789
2004-07-19,74.2249984741211
2004-07-20,74.42500305175781
2004-07-21,74.0
2004-07-22,74.125
2004-07-23,75.57499694824219
2004-07-26,76.5250015258789
2004-07-27,76.80000305175781
2004-07-28,76.92500305175781
2004-07-29,78.17500305175781
2004-07-30,77.75
2004-08-02,78.5
2004-08-03,77.375
2004-08-04,78.55000305175781
2004-08-05,78.625
2004-08-06,79.25
2004-08-09,79.19999694824219
2004-08-10,78.8499984741211
2004-08-11,77.7750015258789
2004-08-12,78.05000305175781
2004-08-13,78.19999694824219
2004-08-16,66.32499694824219
2004-08-17,65.19999694824219
2004-08-18,64.80000305175781
2004-08-19,65.32499694824219
2004-08-20,65.7750015258789
2004-08-23,64.69999694824219
2004-08-24,63.275001525878906
2004-08-25,63.32500076293945
2004-08-26,62.974998474121094
2004-08-27,63.724998474121094
2004-08-30,65.0250015258789
2004-08-31,65.9749984741211
2004-09-01,66.80000305175781
2004-09-02,65.32499694824219
2004-09-03,65.4000015258789
2004-09-07,65.125
2004-09-08,64.55000305175781
2004-09-09,65.5999984741211
2004-09-10,66.05000305175781
2004-09-13,67.07499694824219
2004-09-14,67.69999694824219
2004-09-15,68.6500015258789
2004-09-16,70.0
2004-09-17,72.0
2004-09-20,73.80000305175781
2004-09-21,74.44999694824219
2004-09-22,74.1500015258789
2004-09-23,76.1500015258789
2004-09-24,76.42500305175781
2004-09-27,75.55000305175781
2004-09-28,74.19999694824219
2004-09-29,74.5
2004-09-30,75.0
2004-10-01,74.75
2004-10-04,73.875
2004-10-05,72.625
2004-10-06,73.9000015258789
2004-10-07,73.125
2004-10-08,73.4000015258789
2004-10-11,72.0999984741211
2004-10-12,71.69999694824219
2004-10-13,71.94999694824219
2004-10-14,71.94999694824219
2004-10-15,66.8499984741211
2004-10-18,65.0999984741211
2004-10-19,66.5
2004-10-20,65.9000015258789
2004-10-21,67.1500015258789
2004-10-22,66.19999694824219
2004-10-25,65.5
2004-10-26,66.2249984741211
2004-10-27,65.8499984741211
2004-10-28,66.3499984741211
2004-10-29,67.44999694824219
2004-11-01,69.17500305175781
2004-11-02,69.8499984741211
2004-11-03,71.8499984741211
2004-11-04,73.8499984741211
2004-11-05,72.25
2004-11-08,72.0999984741211
2004-11-09,71.9000015258789
2004-11-10,73.9000015258789
2004-11-11,74.4749984741211
2004-11-12,75.4749984741211
2004-11-15,74.7750015258789
2004-11-16,74.375
2004-11-17,74.82499694824219
2004-11-18,74.4000015258789
2004-11-19,74.82499694824219
2004-11-22,74.80000305175781
2004-11-23,76.0999984741211
2004-11-24,76.55000305175781
2004-11-26,76.875
2004-11-29,77.3499984741211
2004-11-30,79.07499694824219
2004-12-01,78.94999694824219
2004-12-02,78.92500305175781
2004-12-03,78.5
2004-12-06,76.5
2004-12-07,75.94999694824219
2004-12-08,75.6500015258789
2004-12-09,74.125
2004-12-10,74.75
2004-12-13,74.4749984741211
2004-12-14,74.4000015258789
2004-12-15,72.44999694824219
2004-12-16,73.32499694824219
2004-12-17,73.8499984741211
2004-12-20,73.0999984741211
2004-12-21,73.0999984741211
2004-12-22,73.0999984741211
2004-12-23,73.80000305175781
2004-12-27,74.7750015258789
2004-12-28,73.75
2004-12-29,75.3499984741211
2004-12-30,76.4000015258789
2004-12-31,76.4000015258789
2005-01-03,76.69999694824219
2005-01-04,76.5
2005-01-05,75.75
2005-01-06,75.80000305175781
2005-01-07,74.94999694824219
2005-01-10,75.05000305175781
2005-01-11,77.05000305175781
2005-01-12,75.80000305175781
2005-01-13,76.19999694824219
2005-01-14,76.7750015258789
2005-01-18,75.57499694824219
2005-01-19,75.7750015258789
2005-01-20,74.3499984741211
2005-01-21,75.875
2005-01-24,75.42500305175781
2005-01-25,75.07499694824219
2005-01-26,74.57499694824219
2005-01-27,74.19999694824219
2005-01-28,74.125
2005-01-31,73.7750015258789
2005-02-01,73.625
2005-02-02,71.625
2005-02-03,71.75
2005-02-04,70.8499984741211
2005-02-07,70.7249984741211
2005-02-08,68.7750015258789
2005-02-09,68.32499694824219
2005-02-10,67.0250015258789
2005-02-11,67.69999694824219
2005-02-14,67.7750015258789
2005-02-16,67.86000061035156
2005-02-17,73.8499984741211
2005-02-18,72.875
2005-02-22,73.55000305175781
2005-02-23,75.42500305175781
2005-02-24,74.9000015258789
2005-02-25,74.1500015258789
2005-02-28,74.2249984741211
2005-03-01,75.25
2005-03-02,74.6500015258789
2005-03-03,76.0999984741211
2005-03-04,75.6500015258789
2005-03-07,75.5
2005-03-08,76.0999984741211
2005-03-09,74.57499694824219
2005-03-10,72.57499694824219
2005-03-11,72.375
2005-03-14,70.57499694824219
2005-03-15,70.57499694824219
2005-03-16,71.2750015258789
2005-03-17,70.57499694824219
2005-03-18,70.4000015258789
2005-03-21,71.05000305175781
2005-03-22,70.57499694824219
2005-03-23,70.1500015258789
2005-03-24,70.30000305175781
2005-03-28,69.6500015258789
2005-03-29,69.2750015258789
2005-03-30,68.69999694824219
2005-03-31,68.69999694824219
2005-04-01,70.1500015258789
2005-04-04,69.55000305175781
2005-04-05,68.67500305175781
2005-04-06,66.9000015258789
2005-04-07,66.5250015258789
2005-04-08,68.2249984741211
2005-04-11,68.9749984741211
2005-04-12,69.69999694824219
2005-04-13,69.82499694824219
2005-04-14,69.67500305175781
2005-04-15,75.8499984741211
2005-04-18,74.55000305175781
2005-04-19,75.1500015258789
2005-04-20,75.55000305175781
2005-04-21,75.2750015258789
2005-04-22,75.2249984741211
2005-04-25,75.25
2005-04-26,76.92500305175781
2005-04-27,77.07499694824219
2005-04-28,77.30000305175781
2005-04-29,78.1500015258789
2005-05-02,79.07499694824219
2005-05-03,78.625
2005-05-04,79.42500305175781
2005-05-05,79.7750015258789
2005-05-06,78.3499984741211
2005-05-09,77.57499694824219
2005-05-10,76.75
2005-05-11,76.80000305175781
2005-05-12,76.82499694824219
2005-05-13,76.5999984741211
2005-05-16,75.69999694824219
2005-05-17,75.9000015258789
2005-05-18,73.94999694824219
2005-05-19,73.4749984741211
2005-05-20,72.2750015258789
2005-05-23,71.5999984741211
2005-05-24,71.94999694824219
2005-05-25,71.6500015258789
2005-05-26,71.0999984741211
2005-05-27,72.25
2005-05-31,72.0
2005-06-01,71.44999694824219
2005-06-02,69.80000305175781
2005-06-03,68.19999694824219
2005-06-06,68.4000015258789
2005-06-07,66.82499694824219
2005-06-08,67.125
2005-06-09,67.17500305175781
2005-06-10,67.25
2005-06-13,67.7249984741211
2005-06-14,67.625
2005-06-16,67.54000091552734
2005-06-17,65.94999694824219
2005-06-20,66.25
2005-06-21,66.0999984741211
2005-06-22,66.125
2005-06-23,66.6500015258789
2005-06-24,65.6500015258789
2005-06-27,66.57499694824219
2005-06-28,65.0250015258789
2005-06-29,65.125
2005-06-30,65.5250015258789
2005-07-01,66.30000305175781
2005-07-05,68.0
2005-07-06,69.6500015258789
2005-07-07,68.3499984741211
2005-07-08,68.0999984741211
2005-07-11,67.6500015258789
2005-07-12,68.07499694824219
2005-07-13,68.42500305175781
2005-07-14,68.5250015258789
2005-07-15,68.67500305175781
2005-07-18,67.0
2005-07-19,67.55000305175781
2005-07-20,67.9749984741211
2005-07-21,68.2249984741211
2005-07-22,68.2249984741211
2005-07-25,68.07499694824219
2005-07-26,67.55000305175781
2005-07-27,67.5
2005-07-28,67.2750015258789
2005-07-29,67.875
2005-08-01,69.5999984741211
2005-08-02,69.9000015258789
2005-08-03,69.7249984741211
2005-08-04,69.4000015258789
2005-08-05,70.0999984741211
2005-08-08,69.57499694824219
2005-08-09,69.67500305175781
2005-08-10,69.32499694824219
2005-08-11,69.17500305175781
2005-08-12,69.4000015258789
2005-08-15,60.20000076293945
2005-08-16,60.75
2005-08-17,61.025001525878906
2005-08-18,61.32500076293945
2005-08-19,62.150001525878906
2005-08-22,62.42499923706055
2005-08-23,61.67499923706055
2005-08-24,61.79999923706055
2005-08-25,63.32500076293945
2005-08-26,64.2249984741211
2005-08-29,63.900001525878906
2005-08-30,63.82500076293945
2005-08-31,63.70000076293945
2005-09-01,62.04999923706055
2005-09-02,61.650001525878906
2005-09-06,62.525001525878906
2005-09-07,61.875
2005-09-08,62.75
2005-09-09,64.75
2005-09-12,65.05000305175781
2005-09-13,65.07499694824219
2005-09-14,63.82500076293945
2005-09-15,64.42500305175781
2005-09-16,64.5
2005-09-19,64.9749984741211
2005-09-20,65.7750015258789
2005-09-21,64.875
2005-09-22,65.6500015258789
2005-09-23,66.3499984741211
2005-09-26,66.1500015258789
2005-09-27,65.32499694824219
2005-09-28,65.94999694824219
2005-09-29,66.80000305175781
2005-09-30,67.19999694824219
2005-10-03,68.2249984741211
2005-10-04,68.0250015258789
2005-10-05,68.19999694824219
2005-10-06,67.67500305175781
2005-10-07,68.55000305175781
2005-10-10,68.32499694824219
2005-10-11,67.67500305175781
2005-10-12,67.2750015258789
2005-10-13,67.3499984741211
2005-10-14,67.375
2005-10-17,60.32500076293945
2005-10-18,60.349998474121094
2005-10-19,61.07500076293945
2005-10-20,60.224998474121094
2005-10-21,60.775001525878906
2005-10-24,60.95000076293945
2005-10-25,61.20000076293945
2005-10-26,60.07500076293945
2005-10-27,59.45000076293945
2005-10-28,60.95000076293945
2005-10-31,61.67499923706055
2005-11-01,60.849998474121094
2005-11-02,61.79999923706055
2005-11-03,61.875
2005-11-04,62.275001525878906
2005-11-07,63.75
2005-11-08,63.224998474121094
2005-11-09,64.17500305175781
2005-11-10,63.125
2005-11-11,63.42499923706055
2005-11-14,63.349998474121094
2005-11-15,63.849998474121094
2005-11-16,63.099998474121094
2005-11-17,62.099998474121094
2005-11-18,62.625
2005-11-21,60.650001525878906
2005-11-22,61.32500076293945
2005-11-23,61.849998474121094
2005-11-25,62.54999923706055
2005-11-28,63.0
2005-11-29,62.349998474121094
2005-11-30,62.5
2005-12-01,63.349998474121094
2005-12-02,62.79999923706055
2005-12-05,63.0
2005-12-06,62.650001525878906
2005-12-07,62.67499923706055
2005-12-08,62.875
2005-12-09,62.54999923706055
2005-12-12,62.125
2005-12-13,62.375
2005-12-14,62.625
2005-12-15,64.375
2005-12-16,64.32499694824219
2005-12-19,64.55000305175781
2005-12-20,65.1500015258789
2005-12-21,65.2750015258789
2005-12-22,65.2750015258789
2005-12-23,65.25
2005-12-27,64.92500305175781
2005-12-28,65.125
2005-12-29,65.0250015258789
2005-12-30,65.2750015258789
2006-01-03,64.6500015258789
2006-01-04,64.05000305175781
2006-01-05,64.625
2006-01-06,64.4749984741211
2006-01-09,64.67500305175781
2006-01-10,62.67499923706055
2006-01-11,60.67499923706055
2006-01-12,59.775001525878906
2006-01-13,59.0
2006-01-17,59.474998474121094
2006-01-18,58.150001525878906
2006-01-19,58.650001525878906
2006-01-20,59.25
2006-01-23,59.099998474121094
2006-01-24,57.775001525878906
2006-01-25,57.349998474121094
2006-01-26,57.17499923706055
2006-01-27,56.25
2006-01-30,56.07500076293945
2006-01-31,55.95000076293945
2006-02-01,56.224998474121094
2006-02-02,54.54999923706055
2006-02-03,55.025001525878906
2006-02-06,55.625
2006-02-07,56.625
2006-02-08,57.349998474121094
2006-02-09,57.625
2006-02-10,58.54999923706055
2006-02-13,58.875
2006-02-14,58.92499923706055
2006-02-15,61.474998474121094
2006-02-16,61.625
2006-02-17,63.17499923706055
2006-02-21,63.25
2006-02-22,62.025001525878906
2006-02-23,61.95000076293945
2006-02-24,61.42499923706055
2006-02-27,62.125
2006-02-28,61.474998474121094
2006-03-01,62.70000076293945
2006-03-02,62.0
2006-03-03,62.0
2006-03-06,60.775001525878906
2006-03-07,59.400001525878906
2006-03-08,59.150001525878906
2006-03-09,58.650001525878906
2006-03-10,58.57500076293945
2006-03-13,59.724998474121094
2006-03-14,57.724998474121094
2006-03-15,58.150001525878906
2006-03-16,58.42499923706055
2006-03-17,59.099998474121094
2006-03-20,59.0
2006-03-21,58.25
2006-03-22,57.20000076293945
2006-03-23,58.224998474121094
2006-03-24,58.724998474121094
2006-03-27,57.75
2006-03-28,57.45000076293945
2006-03-29,57.5
2006-03-30,58.125
2006-03-31,57.349998474121094
2006-04-03,58.150001525878906
2006-04-04,56.29999923706055
2006-04-05,55.650001525878906
2006-04-06,54.82500076293945
2006-04-07,54.375
2006-04-10,53.82500076293945
2006-04-11,54.04999923706055
2006-04-12,54.349998474121094
2006-04-13,54.224998474121094
2006-04-17,63.400001525878906
2006-04-18,63.650001525878906
2006-04-19,64.5
2006-04-20,65.05000305175781
2006-04-21,65.5250015258789
2006-04-24,65.5250015258789
2006-04-25,65.4000015258789
2006-04-26,66.5250015258789
2006-04-27,66.2249984741211
2006-04-28,67.9749984741211
2006-05-01,68.2249984741211
2006-05-02,67.2249984741211
2006-05-03,67.375
2006-05-04,66.3499984741211
2006-05-05,67.4000015258789
2006-05-08,66.875
2006-05-09,67.5
2006-05-10,67.55000305175781
2006-05-11,67.69999694824219
2006-05-12,67.30000305175781
2006-05-15,66.5999984741211
2006-05-16,67.375
2006-05-17,67.69999694824219
2006-05-18,67.92500305175781
2006-05-19,68.1500015258789
2006-05-22,67.5250015258789
2006-05-23,66.05000305175781
2006-05-24,66.44999694824219
2006-05-25,65.94999694824219
2006-05-26,66.7750015258789
2006-05-30,67.69999694824219
2006-05-31,68.07499694824219
2006-06-01,69.5999984741211
2006-06-02,69.4000015258789
2006-06-05,70.125
2006-06-06,70.30000305175781
2006-06-07,71.42500305175781
2006-06-08,72.30000305175781
2006-06-09,72.94999694824219
2006-06-12,73.5250015258789
2006-06-13,75.0999984741211
2006-06-14,74.69999694824219
2006-06-15,75.4000015258789
2006-06-16,75.4749984741211
2006-06-19,76.92500305175781
2006-06-20,75.625
2006-06-21,74.5250015258789
2006-06-22,74.875
2006-06-23,73.2249984741211
2006-06-26,74.0
2006-06-27,73.8499984741211
2006-06-28,72.0250015258789
2006-06-29,72.0999984741211
2006-06-30,72.55000305175781
2006-07-03,72.875
2006-07-05,73.1500015258789
2006-07-06,73.32499694824219
2006-07-07,71.25
2006-07-10,70.5999984741211
2006-07-11,70.82499694824219
2006-07-12,70.57499694824219
2006-07-13,70.82499694824219
2006-07-14,70.125
2006-07-17,70.2249984741211
2006-07-18,68.19999694824219
2006-07-19,67.80000305175781
2006-07-20,67.4000015258789
2006-07-21,67.375
2006-07-24,67.69999694824219
2006-07-25,66.92500305175781
2006-07-26,67.0999984741211
2006-07-27,67.7750015258789
2006-07-28,68.6500015258789
2006-07-31,68.55000305175781
2006-08-01,68.5999984741211
2006-08-02,69.375
2006-08-03,69.0
2006-08-04,69.9749984741211
2006-08-07,71.42500305175781
2006-08-08,71.42500305175781
2006-08-09,70.75
2006-08-10,71.5250015258789
2006-08-11,71.82499694824219
2006-08-14,71.75
2006-08-15,63.150001525878906
2006-08-16,64.7750015258789
2006-08-17,65.7249984741211
2006-08-18,66.32499694824219
2006-08-21,67.05000305175781
2006-08-22,67.0
2006-08-23,66.17500305175781
2006-08-24,66.42500305175781
2006-08-25,65.0250015258789
2006-08-28,65.4000015258789
2006-08-29,65.375
2006-08-30,66.5999984741211
2006-08-31,66.9000015258789
2006-09-01,66.55000305175781
2006-09-05,68.07499694824219
2006-09-06,67.82499694824219
2006-09-07,67.07499694824219
2006-09-08,66.55000305175781
2006-09-11,67.0
2006-09-12,67.5
2006-09-13,65.92500305175781
2006-09-14,64.75
2006-09-15,66.0
2006-09-18,64.69999694824219
2006-09-19,64.92500305175781
2006-09-20,64.17500305175781
2006-09-21,63.849998474121094
2006-09-22,62.650001525878906
2006-09-25,62.125
2006-09-26,62.150001525878906
2006-09-27,62.150001525878906
2006-09-28,62.54999923706055
2006-09-29,63.625
2006-10-02,64.25
2006-10-03,64.5
2006-10-04,64.5250015258789
2006-10-05,65.3499984741211
2006-10-06,64.57499694824219
2006-10-09,64.3499984741211
2006-10-10,64.80000305175781
2006-10-11,64.6500015258789
2006-10-12,65.0250015258789
2006-10-13,65.1500015258789
2006-10-16,60.79999923706055
2006-10-17,59.724998474121094
2006-10-18,59.25
2006-10-19,58.67499923706055
2006-10-20,59.349998474121094
2006-10-23,60.025001525878906
2006-10-24,59.849998474121094
2006-10-25,61.474998474121094
2006-10-26,64.4749984741211
2006-10-27,64.5999984741211
2006-10-30,65.25
2006-10-31,64.94999694824219
2006-11-01,64.4000015258789
2006-11-02,64.5999984741211
2006-11-03,64.17500305175781
2006-11-06,64.5250015258789
2006-11-07,64.625
2006-11-08,65.30000305175781
2006-11-09,64.69999694824219
2006-11-10,62.974998474121094
2006-11-13,61.224998474121094
2006-11-14,61.67499923706055
2006-11-15,60.95000076293945
2006-11-16,62.04999923706055
2006-11-17,61.25
2006-11-20,62.04999923706055
2006-11-21,62.349998474121094
2006-11-22,62.20000076293945
2006-11-23,62.20000076293945
2006-11-24,62.974998474121094
2006-11-27,62.45000076293945
2006-11-28,61.17499923706055
2006-11-29,61.25
2006-11-30,61.67499923706055
2006-12-01,61.125
2006-12-04,60.75
2006-12-05,61.849998474121094
2006-12-06,61.525001525878906
2006-12-07,62.42499923706055
2006-12-08,62.32500076293945
2006-12-11,61.775001525878906
2006-12-12,61.45000076293945
2006-12-13,61.32500076293945
2006-12-14,61.07500076293945
2006-12-15,62.25
2006-12-18,61.875
2006-12-19,62.724998474121094
2006-12-20,62.45000076293945
2006-12-21,62.70000076293945
2006-12-22,63.04999923706055
2006-12-26,62.349998474121094
2006-12-27,62.474998474121094
2006-12-28,62.04999923706055
2006-12-29,61.70000076293945
2007-01-03,59.5
2007-01-04,60.29999923706055
2007-01-05,60.400001525878906
2007-01-08,60.29999923706055
2007-01-09,59.75
2007-01-10,60.54999923706055
2007-01-11,60.5
2007-01-12,60.375
2007-01-16,60.625
2007-01-17,61.875
2007-01-18,61.79999923706055
2007-01-19,61.57500076293945
2007-01-22,60.95000076293945
2007-01-23,61.79999923706055
2007-01-24,62.82500076293945
2007-01-25,63.349998474121094
2007-01-26,63.875
2007-01-29,64.05000305175781
2007-01-30,63.57500076293945
2007-01-31,64.5250015258789
2007-02-01,64.7249984741211
2007-02-02,65.3499984741211
2007-02-05,64.67500305175781
2007-02-06,64.875
2007-02-07,65.07499694824219
2007-02-08,65.17500305175781
2007-02-09,66.2750015258789
2007-02-12,67.05000305175781
2007-02-13,67.17500305175781
2007-02-14,67.125
2007-02-15,68.69999694824219
2007-02-16,68.5
2007-02-20,66.8499984741211
2007-02-21,66.9749984741211
2007-02-22,67.0250015258789
2007-02-23,66.75
2007-02-26,66.875
2007-02-27,67.42500305175781
2007-02-28,67.75
2007-03-01,66.125
2007-03-02,66.3499984741211
2007-03-05,65.0
2007-03-06,65.0
2007-03-07,65.67500305175781
2007-03-08,67.75
2007-03-09,67.94999694824219
2007-03-12,67.94999694824219
2007-03-13,67.44999694824219
2007-03-14,66.2249984741211
2007-03-15,65.875
2007-03-16,64.4000015258789
2007-03-19,64.375
2007-03-20,64.07499694824219
2007-03-21,63.375
2007-03-22,63.79999923706055
2007-03-23,63.57500076293945
2007-03-26,63.79999923706055
2007-03-27,63.375
2007-03-28,63.400001525878906
2007-03-29,63.5
2007-03-30,63.849998474121094
2007-04-02,65.0250015258789
2007-04-03,65.375
2007-04-04,65.375
2007-04-05,65.17500305175781
2007-04-09,65.0250015258789
2007-04-10,64.7750015258789
2007-04-11,64.75
2007-04-12,65.1500015258789
2007-04-13,65.4749984741211
2007-04-16,65.55000305175781
2007-04-17,76.4000015258789
2007-04-18,75.80000305175781
2007-04-19,76.67500305175781
2007-04-20,76.57499694824219
2007-04-23,76.6500015258789
2007-04-24,75.8499984741211
2007-04-25,76.2249984741211
2007-04-26,75.07499694824219
2007-04-27,74.44999694824219
2007-04-30,75.5999984741211
2007-05-01,76.05000305175781
2007-05-02,75.57499694824219
2007-05-03,74.94999694824219
2007-05-04,75.25
2007-05-07,75.375
2007-05-08,74.5
2007-05-09,73.875
2007-05-10,73.44999694824219
2007-05-11,73.55000305175781
2007-05-14,73.4749984741211
2007-05-15,74.55000305175781
2007-05-16,75.5999984741211
2007-05-17,75.625
2007-05-18,75.4000015258789
2007-05-21,75.32499694824219
2007-05-22,74.6500015258789
2007-05-23,74.625
2007-05-24,74.94999694824219
2007-05-25,74.7249984741211
2007-05-29,74.92500305175781
2007-05-30,75.2750015258789
2007-05-31,75.07499694824219
2007-06-01,74.875
2007-06-04,74.55000305175781
2007-06-05,74.6500015258789
2007-06-06,73.3499984741211
2007-06-07,73.0999984741211
2007-06-08,72.875
2007-06-11,72.67500305175781
2007-06-12,73.0250015258789
2007-06-13,72.7750015258789
2007-06-14,72.69999694824219
2007-06-15,76.44999694824219
2007-06-18,75.69999694824219
2007-06-19,75.17500305175781
2007-06-20,74.7249984741211
2007-06-21,74.80000305175781
2007-06-22,74.0250015258789
2007-06-25,74.0999984741211
2007-06-26,72.67500305175781
2007-06-27,72.32499694824219
2007-06-28,71.9000015258789
2007-06-29,71.2249984741211
2007-07-02,70.4749984741211
2007-07-03,71.07499694824219
2007-07-05,72.125
2007-07-06,71.32499694824219
2007-07-09,70.55000305175781
2007-07-10,70.32499694824219
2007-07-11,69.82499694824219
2007-07-12,69.6500015258789
2007-07-13,69.0250015258789
2007-07-16,69.19999694824219
2007-07-17,74.0250015258789
2007-07-18,73.8499984741211
2007-07-19,73.5999984741211
2007-07-20,73.875
2007-07-23,74.55000305175781
2007-07-24,74.1500015258789
2007-07-25,74.0999984741211
2007-07-26,73.1500015258789
2007-07-27,72.7750015258789
2007-07-30,73.2249984741211
2007-07-31,73.32499694824219
2007-08-01,72.32499694824219
2007-08-02,73.125
2007-08-03,74.375
2007-08-06,74.57499694824219
2007-08-07,75.07499694824219
2007-08-08,74.82499694824219
2007-08-09,73.92500305175781
2007-08-10,73.42500305175781
2007-08-13,73.94999694824219
2007-08-14,74.0
2007-08-15,68.57499694824219
2007-08-16,66.9749984741211
2007-08-17,67.2750015258789
2007-08-20,67.0999984741211
2007-08-21,68.19999694824219
2007-08-22,67.80000305175781
2007-08-23,68.4749984741211
2007-08-24,70.6500015258789
2007-08-27,67.69999694824219
2007-08-28,67.9000015258789
2007-08-29,67.75
2007-08-30,67.8499984741211
2007-08-31,66.82499694824219
2007-09-04,67.07499694824219
2007-09-05,65.9000015258789
2007-09-06,66.0
2007-09-07,66.30000305175781
2007-09-10,66.44999694824219
2007-09-11,65.8499984741211
2007-09-12,65.19999694824219
2007-09-13,65.4000015258789
2007-09-14,65.55000305175781
2007-09-17,65.0250015258789
2007-09-18,63.875
2007-09-19,63.20000076293945
2007-09-20,62.375
2007-09-21,61.349998474121094
2007-09-24,61.525001525878906
2007-09-25,61.0
2007-09-26,60.29999923706055
2007-09-27,58.900001525878906
2007-09-28,58.900001525878906
2007-10-01,58.150001525878906
2007-10-02,58.20000076293945
2007-10-03,58.67499923706055
2007-10-04,58.650001525878906
2007-10-05,58.224998474121094
2007-10-08,57.67499923706055
2007-10-09,57.474998474121094
2007-10-10,57.375
2007-10-11,57.54999923706055
2007-10-12,57.625
2007-10-15,58.32500076293945
2007-10-16,57.724998474121094
2007-10-17,57.0
2007-10-18,57.375
2007-10-19,56.92499923706055
2007-10-22,56.900001525878906
2007-10-23,56.275001525878906
2007-10-24,55.349998474121094
2007-10-25,54.599998474121094
2007-10-26,54.525001525878906
2007-10-29,54.474998474121094
2007-10-30,53.900001525878906
2007-10-31,53.875
2007-11-01,52.25
2007-11-02,52.42499923706055
2007-11-05,52.025001525878906
2007-11-06,51.125
2007-11-07,51.474998474121094
2007-11-08,51.474998474121094
2007-11-09,53.900001525878906
2007-11-12,52.54999923706055
2007-11-13,54.04999923706055
2007-11-14,52.95000076293945
2007-11-15,52.79999923706055
2007-11-16,52.525001525878906
2007-11-19,52.0
2007-11-20,54.82500076293945
2007-11-21,55.75
2007-11-23,55.599998474121094
2007-11-26,55.599998474121094
2007-11-27,54.54999923706055
2007-11-28,54.875
2007-11-29,54.775001525878906
2007-11-30,54.900001525878906
2007-12-03,54.70000076293945
2007-12-04,54.29999923706055
2007-12-05,55.375
2007-12-06,55.150001525878906
2007-12-07,55.474998474121094
2007-12-10,55.82500076293945
2007-12-11,55.20000076293945
2007-12-12,55.17499923706055
2007-12-13,55.17499923706055
2007-12-14,55.099998474121094
2007-12-17,59.25
2007-12-18,59.82500076293945
2007-12-19,60.099998474121094
2007-12-20,59.900001525878906
2007-12-21,59.724998474121094
2007-12-24,59.79999923706055
2007-12-26,59.974998474121094
2007-12-27,59.275001525878906
2007-12-28,57.29999923706055
2007-12-31,57.875
2008-01-02,57.17499923706055
2008-01-03,56.474998474121094
2008-01-04,56.400001525878906
2008-01-07,55.70000076293945
2008-01-08,55.875
2008-01-09,56.525001525878906
2008-01-10,55.525001525878906
2008-01-11,54.0
2008-01-14,54.099998474121094
2008-01-15,54.650001525878906
2008-01-16,54.45000076293945
2008-01-17,55.20000076293945
2008-01-18,54.974998474121094
2008-01-22,55.275001525878906
2008-01-23,55.25
2008-01-24,56.0
2008-01-25,56.20000076293945
2008-01-28,57.25
2008-01-29,58.0
2008-01-30,58.45000076293945
2008-01-31,58.474998474121094
2008-02-01,59.875
2008-02-04,59.775001525878906
2008-02-05,59.20000076293945
2008-02-06,58.95000076293945
2008-02-07,58.54999923706055
2008-02-08,58.07500076293945
2008-02-11,57.849998474121094
2008-02-12,58.57500076293945
2008-02-13,58.125
2008-02-14,58.375
2008-02-15,64.19999694824219
2008-02-19,64.5250015258789
2008-02-20,65.07499694824219
2008-02-21,64.0
2008-02-22,63.5
2008-02-25,60.5
2008-02-26,60.75
2008-02-27,60.974998474121094
2008-02-28,61.25
2008-02-29,59.95000076293945
2008-03-03,58.79999923706055
2008-03-04,56.849998474121094
2008-03-05,56.775001525878906
2008-03-06,57.400001525878906
2008-03-07,57.849998474121094
2008-03-10,57.724998474121094
2008-03-11,58.29999923706055
2008-03-12,57.75
2008-03-13,57.20000076293945
2008-03-14,55.025001525878906
2008-03-17,55.92499923706055
2008-03-18,55.57500076293945
2008-03-19,54.95000076293945
2008-03-20,56.32500076293945
2008-03-24,56.29999923706055
2008-03-25,57.900001525878906
2008-03-26,57.42499923706055
2008-03-27,57.974998474121094
2008-03-28,58.099998474121094
2008-03-31,57.07500076293945
2008-04-01,56.0
2008-04-02,55.599998474121094
2008-04-03,57.625
2008-04-04,58.525001525878906
2008-04-07,58.900001525878906
2008-04-08,59.150001525878906
2008-04-09,59.42499923706055
2008-04-10,59.17499923706055
2008-04-11,58.95000076293945
2008-04-14,58.775001525878906
2008-04-15,71.6500015258789
2008-04-16,71.7249984741211
2008-04-17,71.5
2008-04-18,72.7249984741211
2008-04-21,72.67500305175781
2008-04-22,72.9749984741211
2008-04-23,74.25
2008-04-24,74.6500015258789
2008-04-25,76.07499694824219
2008-04-28,75.75
2008-04-29,73.75
2008-04-30,73.75
2008-05-01,72.55000305175781
2008-05-02,73.4000015258789
2008-05-05,74.9749984741211
2008-05-06,76.82499694824219
2008-05-07,77.875
2008-05-08,79.375
2008-05-09,80.2249984741211
2008-05-12,80.4749984741211
2008-05-13,82.25
2008-05-14,82.30000305175781
2008-05-15,77.07499694824219
2008-05-16,76.3499984741211
2008-05-19,76.125
2008-05-20,76.55000305175781
2008-05-21,76.5
2008-05-22,76.94999694824219
2008-05-23,77.8499984741211
2008-05-27,76.94999694824219
2008-05-28,76.75
2008-05-29,76.17500305175781
2008-05-30,77.75
2008-06-02,76.32499694824219
2008-06-03,76.0250015258789
2008-06-04,75.375
2008-06-05,75.32499694824219
2008-06-06,75.125
2008-06-09,73.9749984741211
2008-06-10,73.7249984741211
2008-06-11,73.9749984741211
2008-06-12,73.4749984741211
2008-06-13,73.4000015258789
2008-06-16,72.875
2008-06-17,74.625
2008-06-18,74.8499984741211
2008-06-19,74.2750015258789
2008-06-20,77.1500015258789
2008-06-23,76.25
2008-06-24,74.9000015258789
2008-06-25,73.9000015258789
2008-06-26,73.25
2008-06-27,73.19999694824219
2008-06-30,73.19999694824219
2008-07-01,70.9000015258789
2008-07-02,71.82499694824219
2008-07-03,72.2750015258789
2008-07-07,72.4000015258789
2008-07-08,71.80000305175781
2008-07-09,72.67500305175781
2008-07-10,73.94999694824219
2008-07-11,74.9749984741211
2008-07-14,74.80000305175781
2008-07-15,74.625
2008-07-16,76.57499694824219
2008-07-17,76.69999694824219
2008-07-18,76.9000015258789
2008-07-21,77.57499694824219
2008-07-22,78.75
2008-07-23,78.4000015258789
2008-07-24,79.7249984741211
2008-07-25,78.5999984741211
2008-07-28,78.55000305175781
2008-07-29,78.0250015258789
2008-07-30,78.875
2008-07-31,79.625
2008-08-01,81.57499694824219
2008-08-04,82.25
2008-08-05,82.7750015258789
2008-08-06,84.4000015258789
2008-08-07,85.9749984741211
2008-08-08,88.9749984741211
2008-08-11,89.9749984741211
2008-08-12,88.5
2008-08-13,88.2249984741211
2008-08-14,88.57499694824219
2008-08-15,75.55000305175781
2008-08-18,75.80000305175781
2008-08-19,75.25
2008-08-20,75.0999984741211
2008-08-21,74.7750015258789
2008-08-22,73.75
2008-08-25,74.0
2008-08-26,73.5
2008-08-27,70.5
2008-08-28,68.5250015258789
2008-08-29,68.42500305175781
2008-09-02,69.55000305175781
2008-09-03,68.6500015258789
2008-09-04,69.0250015258789
2008-09-05,69.42500305175781
2008-09-08,68.8499984741211
2008-09-09,66.9000015258789
2008-09-10,67.5
2008-09-11,68.625
2008-09-12,66.0999984741211
2008-09-15,67.3499984741211
2008-09-16,67.4749984741211
2008-09-17,68.2750015258789
2008-09-18,67.82499694824219
2008-09-19,68.19999694824219
2008-09-22,68.6500015258789
2008-09-23,68.44999694824219
2008-09-24,68.94999694824219
2008-09-25,69.2750015258789
2008-09-26,69.625
2008-09-29,68.55000305175781
2008-09-30,68.57499694824219
2008-10-01,67.7249984741211
2008-10-02,65.94999694824219
2008-10-03,66.42500305175781
2008-10-06,66.4749984741211
2008-10-07,66.9000015258789
2008-10-08,67.875
2008-10-09,66.9749984741211
2008-10-10,66.0
2008-10-13,65.9749984741211
2008-10-14,65.625
2008-10-15,58.07500076293945
2008-10-16,55.974998474121094
2008-10-17,56.29999923706055
2008-10-20,56.25
2008-10-21,57.775001525878906
2008-10-22,57.650001525878906
2008-10-23,57.92499923706055
2008-10-24,58.5
2008-10-27,58.54999923706055
2008-10-28,58.04999923706055
2008-10-29,57.57500076293945
2008-10-30,56.0
2008-10-31,54.79999923706055
2008-11-03,54.400001525878906
2008-11-04,54.42499923706055
2008-11-05,54.474998474121094
2008-11-06,54.82500076293945
2008-11-07,55.400001525878906
2008-11-10,55.0
2008-11-11,54.974998474121094
2008-11-12,55.45000076293945
2008-11-13,56.20000076293945
2008-11-14,55.57500076293945
2008-11-17,55.29999923706055
2008-11-18,55.45000076293945
2008-11-19,55.92499923706055
2008-11-20,56.79999923706055
2008-11-21,56.875
2008-11-24,57.375
2008-11-25,57.724998474121094
2008-11-26,58.67499923706055
2008-11-28,59.5
2008-12-01,58.724998474121094
2008-12-02,58.375
2008-12-03,57.57500076293945
2008-12-04,57.099998474121094
2008-12-05,57.45000076293945
2008-12-08,56.974998474121094
2008-12-09,57.275001525878906
2008-12-10,56.875
2008-12-11,56.150001525878906
2008-12-12,56.025001525878906
2008-12-15,62.57500076293945
2008-12-16,62.45000076293945
2008-12-17,62.625
2008-12-18,62.474998474121094
2008-12-19,61.70000076293945
2008-12-22,60.900001525878906
2008-12-23,61.20000076293945
2008-12-24,60.849998474121094
2008-12-26,58.95000076293945
2008-12-29,59.150001525878906
2008-12-30,59.724998474121094
2008-12-31,60.875
2009-01-02,63.849998474121094
2009-01-05,62.67499923706055
2009-01-06,63.95000076293945
2009-01-07,63.54999923706055
2009-01-08,62.42499923706055
2009-01-09,62.45000076293945
2009-01-12,61.474998474121094
2009-01-13,61.45000076293945
2009-01-14,59.92499923706055
2009-01-15,59.82500076293945
2009-01-16,59.95000076293945
2009-01-20,59.724998474121094
2009-01-21,59.32500076293945
2009-01-22,59.650001525878906
2009-01-23,58.92499923706055
2009-01-26,58.0
2009-01-27,55.75
2009-01-28,56.724998474121094
2009-01-29,57.0
2009-01-30,58.54999923706055
2009-02-02,57.95000076293945
2009-02-03,57.599998474121094
2009-02-04,57.224998474121094
2009-02-05,56.5
2009-02-06,56.349998474121094
2009-02-09,56.04999923706055
2009-02-10,56.75
2009-02-11,57.599998474121094
2009-02-12,58.82500076293945
2009-02-13,58.82500076293945
2009-02-17,61.04999923706055
2009-02-18,60.79999923706055
2009-02-19,60.57500076293945
2009-02-20,57.95000076293945
2009-02-23,58.224998474121094
2009-02-24,57.70000076293945
2009-02-25,59.099998474121094
2009-02-26,58.974998474121094
2009-02-27,60.900001525878906
2009-03-02,60.275001525878906
2009-03-03,60.849998474121094
2009-03-04,62.32500076293945
2009-03-05,62.42499923706055
2009-03-06,62.5
2009-03-09,62.42499923706055
2009-03-10,60.525001525878906
2009-03-11,60.32500076293945
2009-03-12,62.224998474121094
2009-03-13,63.20000076293945
2009-03-16,62.75
2009-03-17,62.150001525878906
2009-03-18,62.25
2009-03-19,62.04999923706055
2009-03-20,61.75
2009-03-23,60.650001525878906
2009-03-24,61.349998474121094
2009-03-25,61.25
2009-03-26,60.525001525878906
2009-03-27,60.474998474121094
2009-03-30,60.54999923706055
2009-03-31,60.349998474121094
2009-04-01,60.150001525878906
2009-04-02,59.67499923706055
2009-04-03,60.275001525878906
2009-04-06,59.724998474121094
2009-04-07,59.17499923706055
2009-04-08,58.375
2009-04-09,58.0
2009-04-13,58.17499923706055
2009-04-14,57.32500076293945
2009-04-15,57.349998474121094
2009-04-16,71.875
2009-04-17,72.25
2009-04-20,70.92500305175781
2009-04-21,71.07499694824219
2009-04-22,70.6500015258789
2009-04-23,69.55000305175781
2009-04-24,69.0
2009-04-27,66.0
2009-04-28,63.29999923706055
2009-04-29,60.45000076293945
2009-04-30,58.099998474121094
2009-05-01,58.474998474121094
2009-05-04,55.974998474121094
2009-05-05,55.79999923706055
2009-05-06,58.70000076293945
2009-05-07,59.20000076293945
2009-05-08,61.125
2009-05-11,61.099998474121094
2009-05-12,61.75
2009-05-13,61.57500076293945
2009-05-14,62.125
2009-05-15,66.5250015258789
2009-05-18,66.7750015258789
2009-05-19,66.25
2009-05-20,66.4749984741211
2009-05-21,65.2249984741211
2009-05-22,65.9749984741211
2009-05-26,65.55000305175781
2009-05-27,65.2750015258789
2009-05-28,65.4000015258789
2009-05-29,63.92499923706055
2009-06-01,62.75
2009-06-02,59.75
2009-06-03,57.29999923706055
2009-06-04,57.275001525878906
2009-06-05,57.17499923706055
2009-06-08,57.57500076293945
2009-06-09,57.349998474121094
2009-06-10,57.07500076293945
2009-06-11,57.0
2009-06-12,57.025001525878906
2009-06-15,58.400001525878906
2009-06-16,58.275001525878906
2009-06-17,59.95000076293945
2009-06-18,59.92499923706055
2009-06-19,61.42499923706055
2009-06-22,60.45000076293945
2009-06-23,60.125
2009-06-24,57.29999923706055
2009-06-25,57.07500076293945
2009-06-26,56.70000076293945
2009-06-29,58.025001525878906
2009-06-30,58.67499923706055
2009-07-01,59.25
2009-07-02,59.974998474121094
2009-07-06,60.650001525878906
2009-07-07,60.70000076293945
2009-07-08,58.92499923706055
2009-07-09,59.70000076293945
2009-07-10,60.150001525878906
2009-07-13,59.5
2009-07-14,58.70000076293945
2009-07-15,58.45000076293945
2009-07-16,65.2249984741211
2009-07-17,64.67500305175781
2009-07-20,64.6500015258789
2009-07-21,62.5
2009-07-22,62.099998474121094
2009-07-23,60.95000076293945
2009-07-24,59.04999923706055
2009-07-27,59.17499923706055
2009-07-28,56.849998474121094
2009-07-29,56.75
2009-07-30,54.625
2009-07-31,56.025001525878906
2009-08-03,54.95000076293945
2009-08-04,53.974998474121094
2009-08-05,53.349998474121094
2009-08-06,51.07500076293945
2009-08-07,48.79999923706055
2009-08-10,48.29999923706055
2009-08-11,48.17499923706055
2009-08-12,47.75
2009-08-13,48.79999923706055
2009-08-14,49.125
2009-08-17,44.70000076293945
2009-08-18,44.525001525878906
2009-08-19,45.75
2009-08-20,46.92499923706055
2009-08-21,47.849998474121094
2009-08-24,46.82500076293945
2009-08-25,48.29999923706055
2009-08-26,47.04999923706055
2009-08-27,47.900001525878906
2009-08-28,48.07500076293945
2009-08-31,48.150001525878906
2009-09-01,49.5
2009-09-02,48.82500076293945
2009-09-03,49.775001525878906
2009-09-04,50.5
2009-09-08,50.974998474121094
2009-09-09,51.45000076293945
2009-09-10,52.42499923706055
2009-09-11,52.474998474121094
2009-09-14,50.95000076293945
2009-09-15,53.42499923706055
2009-09-16,52.45000076293945
2009-09-17,52.17499923706055
2009-09-18,50.79999923706055
2009-09-21,50.150001525878906
2009-09-22,49.875
2009-09-23,50.92499923706055
2009-09-24,50.224998474121094
2009-09-25,49.95000076293945
2009-09-28,49.875
2009-09-29,50.275001525878906
2009-09-30,50.07500076293945
2009-10-01,49.42499923706055
2009-10-02,49.25
2009-10-05,49.04999923706055
2009-10-06,50.099998474121094
2009-10-07,50.900001525878906
2009-10-08,51.025001525878906
2009-10-09,50.849998474121094
2009-10-12,50.125
2009-10-13,50.45000076293945
2009-10-14,51.099998474121094
2009-10-15,54.474998474121094
2009-10-16,54.099998474121094
2009-10-19,54.04999923706055
2009-10-20,52.875
2009-10-21,53.67499923706055
2009-10-22,53.724998474121094
2009-10-23,53.025001525878906
2009-10-26,53.45000076293945
2009-10-27,55.42499923706055
2009-10-28,55.95000076293945
2009-10-29,57.20000076293945
2009-10-30,56.70000076293945
2009-11-02,57.724998474121094
2009-11-03,57.54999923706055
2009-11-04,57.79999923706055
2009-11-05,56.599998474121094
2009-11-06,55.70000076293945
2009-11-09,55.79999923706055
2009-11-10,55.625
2009-11-11,55.599998474121094
2009-11-12,54.45000076293945
2009-11-13,55.0
2009-11-16,54.95000076293945
2009-11-17,56.400001525878906
2009-11-18,56.45000076293945
2009-11-19,55.974998474121094
2009-11-20,57.599998474121094
2009-11-23,58.29999923706055
2009-11-24,58.625
2009-11-25,59.42499923706055
2009-11-27,59.025001525878906
2009-11-30,58.599998474121094
2009-12-01,59.224998474121094
2009-12-02,59.67499923706055
2009-12-03,59.25
2009-12-04,61.150001525878906
2009-12-07,62.20000076293945
2009-12-08,62.67499923706055
2009-12-09,63.400001525878906
2009-12-10,63.625
2009-12-11,64.0
2009-12-14,64.57499694824219
2009-12-15,67.42500305175781
2009-12-16,66.82499694824219
2009-12-17,65.55000305175781
2009-12-18,65.125
2009-12-21,64.2249984741211
2009-12-22,64.75
2009-12-23,65.67500305175781
2009-12-24,63.79999923706055
2009-12-28,64.69999694824219
2009-12-29,65.42500305175781
2009-12-30,65.625
2009-12-31,65.5999984741211
2010-01-04,65.8499984741211
2010-01-05,67.5999984741211
2010-01-06,66.57499694824219
2010-01-07,67.0999984741211
2010-01-08,67.25
2010-01-11,66.67500305175781
2010-01-12,66.4000015258789
2010-01-13,68.9749984741211
2010-01-14,69.05000305175781
2010-01-15,69.9749984741211
2010-01-19,70.75
2010-01-20,70.44999694824219
2010-01-21,70.80000305175781
2010-01-22,69.8499984741211
2010-01-25,68.375
2010-01-26,66.4749984741211
2010-01-27,66.57499694824219
2010-01-28,66.7750015258789
2010-01-29,66.5
2010-02-01,64.375
2010-02-02,65.4000015258789
2010-02-03,66.125
2010-02-04,66.1500015258789
2010-02-05,66.69999694824219
2010-02-08,67.57499694824219
2010-02-09,67.5250015258789
2010-02-10,67.9000015258789
2010-02-11,67.625
2010-02-12,67.44999694824219
2010-02-16,68.2750015258789
2010-02-17,69.19999694824219
2010-02-18,70.2750015258789
2010-02-19,69.6500015258789
2010-02-22,70.30000305175781
2010-02-23,69.44999694824219
2010-02-24,70.3499984741211
2010-02-25,72.125
2010-02-26,72.80000305175781
2010-03-01,72.94999694824219
2010-03-02,72.44999694824219
2010-03-03,73.4000015258789
2010-03-04,73.57499694824219
2010-03-05,73.0999984741211
2010-03-08,72.80000305175781
2010-03-09,72.4000015258789
2010-03-10,72.55000305175781
2010-03-11,71.875
2010-03-12,72.6500015258789
2010-03-15,71.80000305175781
2010-03-16,71.75
2010-03-17,71.5999984741211
2010-03-18,72.875
2010-03-19,73.3499984741211
2010-03-22,73.0999984741211
2010-03-23,71.92500305175781
2010-03-24,71.125
2010-03-25,70.125
2010-03-26,69.67500305175781
2010-03-29,71.875
2010-03-30,73.05000305175781
2010-03-31,73.32499694824219
2010-04-01,74.125
2010-04-05,76.2249984741211
2010-04-06,76.625
2010-04-07,77.17500305175781
2010-04-08,76.67500305175781
2010-04-09,76.2249984741211
2010-04-12,76.375
2010-04-13,76.75
2010-04-14,77.42500305175781
2010-04-16,86.42500305175781
2010-04-19,86.5250015258789
2010-04-20,86.19999694824219
2010-04-21,87.82499694824219
2010-04-22,88.375
2010-04-23,87.4000015258789
2010-04-26,86.82499694824219
2010-04-27,88.125
2010-04-28,88.19999694824219
2010-04-29,87.5999984741211
2010-04-30,89.5250015258789
2010-05-03,89.82499694824219
2010-05-04,90.0250015258789
2010-05-05,89.3499984741211
2010-05-06,89.0250015258789
2010-05-07,88.5
2010-05-10,88.5999984741211
2010-05-11,87.92500305175781
2010-05-12,88.44999694824219
2010-05-13,88.42500305175781
2010-05-14,88.19999694824219
2010-05-17,81.5
2010-05-18,81.30000305175781
2010-05-19,82.0250015258789
2010-05-20,80.25
2010-05-21,81.44999694824219
2010-05-24,81.875
2010-05-25,81.1500015258789
2010-05-26,81.6500015258789
2010-05-27,81.17500305175781
2010-05-28,81.8499984741211
2010-06-01,81.4000015258789
2010-06-02,81.32499694824219
2010-06-03,80.44999694824219
2010-06-04,79.05000305175781
2010-06-07,77.7750015258789
2010-06-08,77.625
2010-06-09,77.44999694824219
2010-06-10,77.2750015258789
2010-06-11,77.7750015258789
2010-06-14,77.92500305175781
2010-06-15,80.125
2010-06-16,80.9000015258789
2010-06-17,80.3499984741211
2010-06-18,80.875
2010-06-21,82.0
2010-06-22,81.94999694824219
2010-06-23,81.44999694824219
2010-06-24,80.07499694824219
2010-06-25,80.7249984741211
2010-06-28,79.5250015258789
2010-06-29,78.75
2010-06-30,79.2249984741211
2010-07-01,79.30000305175781
2010-07-02,78.19999694824219
2010-07-06,78.7750015258789
2010-07-07,78.875
2010-07-08,78.875
2010-07-09,78.625
2010-07-12,78.125
2010-07-13,78.0250015258789
2010-07-14,77.82499694824219
2010-07-15,77.8499984741211
2010-07-16,81.69999694824219
2010-07-19,81.625
2010-07-20,80.0250015258789
2010-07-21,81.5
2010-07-22,82.625
2010-07-23,83.2249984741211
2010-07-26,82.0
2010-07-27,82.2249984741211
2010-07-28,83.375
2010-07-29,84.8499984741211
2010-07-30,85.82499694824219
2010-08-02,86.9000015258789
2010-08-03,87.0
2010-08-04,86.80000305175781
2010-08-05,83.80000305175781
2010-08-06,82.0250015258789
2010-08-09,81.19999694824219
2010-08-10,81.69999694824219
2010-08-11,81.44999694824219
2010-08-12,82.19999694824219
2010-08-13,82.875
2010-08-16,74.8499984741211
2010-08-17,75.5250015258789
2010-08-18,78.07499694824219
2010-08-19,77.8499984741211
2010-08-20,77.19999694824219
2010-08-23,78.2249984741211
2010-08-24,77.2750015258789
2010-08-25,77.0999984741211
2010-08-26,75.80000305175781
2010-08-27,74.82499694824219
2010-08-30,74.875
2010-08-31,75.1500015258789
2010-09-01,74.94999694824219
2010-09-02,76.42500305175781
2010-09-03,77.19999694824219
2010-09-07,75.5999984741211
2010-09-08,76.30000305175781
2010-09-09,77.375
2010-09-10,77.25
2010-09-13,76.30000305175781
2010-09-14,78.69999694824219
2010-09-15,79.25
2010-09-16,78.19999694824219
2010-09-17,77.69999694824219
2010-09-20,78.5250015258789
2010-09-21,79.30000305175781
2010-09-22,78.69999694824219
2010-09-23,78.42500305175781
2010-09-24,79.0250015258789
2010-09-27,79.1500015258789
2010-09-28,78.57499694824219
2010-09-29,77.17500305175781
2010-09-30,77.7750015258789
2010-10-01,76.375
2010-10-04,75.67500305175781
2010-10-05,75.3499984741211
2010-10-06,75.2750015258789
2010-10-07,74.5250015258789
2010-10-08,74.5250015258789
2010-10-11,73.69999694824219
2010-10-12,73.5999984741211
2010-10-13,73.4000015258789
2010-10-14,73.0
2010-10-15,68.9000015258789
2010-10-18,68.0250015258789
2010-10-19,68.19999694824219
2010-10-20,68.7249984741211
2010-10-21,69.32499694824219
2010-10-22,70.6500015258789
2010-10-25,68.44999694824219
2010-10-26,68.67500305175781
2010-10-27,67.8499984741211
2010-10-28,67.05000305175781
2010-10-29,66.19999694824219
2010-11-01,65.19999694824219
2010-11-02,66.19999694824219
2010-11-03,66.7750015258789
2010-11-04,67.625
2010-11-05,66.94999694824219
2010-11-08,67.1500015258789
2010-11-09,66.55000305175781
2010-11-10,68.25
2010-11-11,69.125
2010-11-12,68.9749984741211
2010-11-15,69.625
2010-11-16,68.32499694824219
2010-11-17,68.625
2010-11-18,68.6500015258789
2010-11-19,69.125
2010-11-22,69.4000015258789
2010-11-23,69.82499694824219
2010-11-24,70.375
2010-11-26,70.3499984741211
2010-11-29,70.0250015258789
2010-11-30,69.0250015258789
2010-12-01,68.5250015258789
2010-12-02,68.92500305175781
2010-12-03,69.2750015258789
2010-12-06,68.3499984741211
2010-12-07,68.05000305175781
2010-12-08,68.80000305175781
2010-12-09,69.42500305175781
2010-12-10,69.44999694824219
2010-12-13,69.5250015258789
2010-12-14,68.92500305175781
2010-12-15,75.19999694824219
2010-12-16,74.57499694824219
2010-12-17,75.94999694824219
2010-12-20,76.07499694824219
2010-12-21,75.9749984741211
2010-12-22,78.875
2010-12-23,78.7249984741211
2010-12-27,78.8499984741211
2010-12-28,78.625
2010-12-29,79.5999984741211
2010-12-30,78.8499984741211
2010-12-31,79.75
2011-01-03,77.9749984741211
2011-01-04,77.30000305175781
2011-01-05,78.0250015258789
2011-01-06,79.7750015258789
2011-01-07,79.42500305175781
2011-01-10,79.69999694824219
2011-01-11,79.9749984741211
2011-01-12,81.125
2011-01-13,80.30000305175781
2011-01-14,79.5250015258789
2011-01-18,80.4749984741211
2011-01-19,80.0
2011-01-20,80.2750015258789
2011-01-21,80.32499694824219
2011-01-24,80.6500015258789
2011-01-25,81.82499694824219
2011-01-26,83.0250015258789
2011-01-27,83.94999694824219
2011-01-28,85.75
2011-01-31,87.25
2011-02-01,85.07499694824219
2011-02-02,84.0250015258789
2011-02-03,83.3499984741211
2011-02-04,84.5
2011-02-07,84.94999694824219
2011-02-08,84.82499694824219
2011-02-09,85.17500305175781
2011-02-10,86.7249984741211
2011-02-11,86.4000015258789
2011-02-14,85.67500305175781
2011-02-15,92.55000305175781
2011-02-16,91.9000015258789
2011-02-17,92.17500305175781
2011-02-18,92.2750015258789
2011-02-22,92.2750015258789
2011-02-23,90.9749984741211
2011-02-24,89.5
2011-02-25,90.19999694824219
2011-02-28,88.80000305175781
2011-03-01,88.0999984741211
2011-03-02,88.25
2011-03-03,88.80000305175781
2011-03-04,88.4749984741211
2011-03-07,86.4000015258789
2011-03-08,89.125
2011-03-09,89.75
2011-03-10,89.8499984741211
2011-03-11,88.1500015258789
2011-03-14,85.94999694824219
2011-03-15,84.875
2011-03-16,85.30000305175781
2011-03-17,88.1500015258789
2011-03-18,88.32499694824219
2011-03-21,88.4000015258789
2011-03-22,89.69999694824219
2011-03-23,90.07499694824219
2011-03-24,90.32499694824219
2011-03-25,92.4749984741211
2011-03-28,92.5999984741211
2011-03-29,93.5999984741211
2011-03-30,93.55000305175781
2011-03-31,93.7249984741211
2011-04-01,94.2249984741211
2011-04-04,94.19999694824219
2011-04-05,93.69999694824219
2011-04-06,93.9749984741211
2011-04-07,92.75
2011-04-08,93.1500015258789
2011-04-11,93.25
2011-04-12,93.44999694824219
2011-04-13,93.94999694824219
2011-04-14,93.92500305175781
2011-04-15,102.42500305175781
2011-04-18,102.5999984741211
2011-04-19,103.0250015258789
2011-04-20,102.9000015258789
2011-04-21,102.05000305175781
2011-04-25,100.6500015258789
2011-04-26,98.625
2011-04-27,97.75
2011-04-28,96.80000305175781
2011-04-29,95.2750015258789
2011-05-02,95.6500015258789
2011-05-03,92.6500015258789
2011-05-04,90.5999984741211
2011-05-05,91.57499694824219
2011-05-06,93.3499984741211
2011-05-09,92.7249984741211
2011-05-10,92.05000305175781
2011-05-11,92.0250015258789
2011-05-12,92.625
2011-05-13,92.8499984741211
2011-05-16,93.5999984741211
2011-05-17,93.875
2011-05-18,91.6500015258789
2011-05-19,91.32499694824219
2011-05-20,91.9749984741211
2011-05-23,89.25
2011-05-24,87.44999694824219
2011-05-25,88.30000305175781
2011-05-26,87.80000305175781
2011-05-27,88.92500305175781
2011-05-31,90.17500305175781
2011-06-01,89.7750015258789
2011-06-02,89.07499694824219
2011-06-03,89.2249984741211
2011-06-06,89.69999694824219
2011-06-07,89.625
2011-06-08,89.69999694824219
2011-06-09,90.44999694824219
2011-06-10,91.69999694824219
2011-06-13,92.4749984741211
2011-06-14,91.8499984741211
2011-06-15,95.25
2011-06-16,95.5
2011-06-17,95.6500015258789
2011-06-20,97.55000305175781
2011-06-21,99.0
2011-06-22,98.2750015258789
2011-06-23,97.0
2011-06-24,96.0
2011-06-27,94.1500015258789
2011-06-28,94.375
2011-06-29,95.2249984741211
2011-06-30,94.4000015258789
2011-07-01,95.5
2011-07-05,95.7750015258789
2011-07-06,96.0250015258789
2011-07-07,97.1500015258789
2011-07-08,95.875
2011-07-11,96.125
2011-07-12,95.1500015258789
2011-07-13,95.5999984741211
2011-07-14,95.0999984741211
2011-07-15,95.1500015258789
2011-07-18,98.44999694824219
2011-07-19,99.6500015258789
2011-07-20,97.8499984741211
2011-07-21,98.0999984741211
2011-07-22,100.82499694824219
2011-07-25,100.92500305175781
2011-07-26,100.4749984741211
2011-07-27,101.92500305175781
2011-07-28,102.4749984741211
2011-07-29,102.7750015258789
2011-08-01,103.0999984741211
2011-08-02,103.80000305175781
2011-08-03,104.6500015258789
2011-08-04,105.55000305175781
2011-08-05,104.92500305175781
2011-08-08,104.92500305175781
2011-08-09,105.4000015258789
2011-08-10,106.2750015258789
2011-08-11,107.19999694824219
2011-08-12,107.44999694824219
2011-08-15,89.9749984741211
2011-08-16,89.4000015258789
2011-08-17,87.4000015258789
2011-08-18,86.82499694824219
2011-08-19,88.375
2011-08-22,89.0
2011-08-23,88.2249984741211
2011-08-24,87.05000305175781
2011-08-25,87.2249984741211
2011-08-26,87.0999984741211
2011-08-29,86.4000015258789
2011-08-30,85.69999694824219
2011-08-31,85.5
2011-09-01,85.17500305175781
2011-09-02,85.80000305175781
2011-09-06,83.3499984741211
2011-09-07,84.8499984741211
2011-09-08,86.80000305175781
2011-09-09,87.25
2011-09-12,86.67500305175781
2011-09-13,87.1500015258789
2011-09-14,88.44999694824219
2011-09-15,89.0
2011-09-16,87.3499984741211
2011-09-19,87.6500015258789
2011-09-20,89.0250015258789
2011-09-21,89.2750015258789
2011-09-22,88.3499984741211
2011-09-23,88.80000305175781
2011-09-26,88.5
2011-09-27,88.625
2011-09-28,88.7750015258789
2011-09-29,90.375
2011-09-30,93.375
2011-10-03,93.125
2011-10-04,93.4000015258789
2011-10-05,93.67500305175781
2011-10-06,94.75
2011-10-07,94.67500305175781
2011-10-10,93.0250015258789
2011-10-11,92.125
2011-10-12,92.125
2011-10-13,93.0
2011-10-14,93.57499694824219
2011-10-17,90.69999694824219
2011-10-18,90.94999694824219
2011-10-19,90.07499694824219
2011-10-20,89.9749984741211
2011-10-21,89.6500015258789
2011-10-24,88.82499694824219
2011-10-25,87.8499984741211
2011-10-26,87.0250015258789
2011-10-27,86.6500015258789
2011-10-28,86.67500305175781
2011-10-31,87.4749984741211
2011-11-01,87.55000305175781
2011-11-02,86.875
2011-11-03,86.5999984741211
2011-11-04,86.8499984741211
2011-11-07,85.625
2011-11-08,85.2249984741211
2011-11-09,85.1500015258789
2011-11-10,85.75
2011-11-11,86.44999694824219
2011-11-14,86.57499694824219
2011-11-15,86.44999694824219
2011-11-16,85.55000305175781
2011-11-17,87.44999694824219
2011-11-18,87.4749984741211
2011-11-21,87.94999694824219
2011-11-22,87.82499694824219
2011-11-23,88.05000305175781
2011-11-25,88.30000305175781
2011-11-28,87.55000305175781
2011-11-29,88.0
2011-11-30,88.17500305175781
2011-12-01,87.57499694824219
2011-12-02,86.25
2011-12-05,85.30000305175781
2011-12-06,86.1500015258789
2011-12-07,86.0
2011-12-08,84.82499694824219
2011-12-09,85.4000015258789
2011-12-12,86.2249984741211
2011-12-13,85.80000305175781
2011-12-14,85.69999694824219
2011-12-15,85.42500305175781
2011-12-16,83.1500015258789
2011-12-19,84.3499984741211
2011-12-20,84.0999984741211
2011-12-21,83.2750015258789
2011-12-22,84.55000305175781
2011-12-23,85.8499984741211
2011-12-27,85.75
2011-12-28,85.55000305175781
2011-12-29,83.9749984741211
2011-12-30,84.30000305175781
2012-01-03,85.5250015258789
2012-01-04,85.17500305175781
2012-01-05,83.8499984741211
2012-01-06,83.9000015258789
2012-01-09,83.375
2012-01-10,84.30000305175781
2012-01-11,82.9000015258789
2012-01-12,83.94999694824219
2012-01-13,85.5999984741211
2012-01-17,85.7750015258789
2012-01-18,86.2750015258789
2012-01-19,85.4000015258789
2012-01-20,85.32499694824219
2012-01-23,86.4749984741211
2012-01-24,86.0250015258789
2012-01-25,86.625
2012-01-26,85.94999694824219
2012-01-27,86.67500305175781
2012-01-30,86.44999694824219
2012-01-31,87.5250015258789
2012-02-01,87.625
2012-02-02,87.57499694824219
2012-02-03,87.5250015258789
2012-02-06,87.125
2012-02-07,86.17500305175781
2012-02-08,86.2750015258789
2012-02-09,87.30000305175781
2012-02-10,86.8499984741211
2012-02-13,86.9749984741211
2012-02-14,87.0999984741211
2012-02-15,88.9000015258789
2012-02-16,90.2249984741211
2012-02-17,90.375
2012-02-21,89.82499694824219
2012-02-22,90.32499694824219
2012-02-23,89.5999984741211
2012-02-24,89.7249984741211
2012-02-27,88.6500015258789
2012-02-28,88.0250015258789
2012-02-29,89.42500305175781
2012-03-01,90.19999694824219
2012-03-02,90.42500305175781
2012-03-05,89.42500305175781
2012-03-06,86.7750015258789
2012-03-07,87.3499984741211
2012-03-08,87.75
2012-03-09,87.82499694824219
2012-03-12,87.30000305175781
2012-03-13,87.67500305175781
2012-03-14,87.4000015258789
2012-03-15,86.9000015258789
2012-03-16,85.875
2012-03-19,86.0250015258789
2012-03-20,84.94999694824219
2012-03-21,84.9749984741211
2012-03-22,85.4000015258789
2012-03-23,85.0250015258789
2012-03-26,84.875
2012-03-27,84.80000305175781
2012-03-28,83.7750015258789
2012-03-29,83.0250015258789
2012-03-30,83.42500305175781
2012-04-02,84.7249984741211
2012-04-03,84.0250015258789
2012-04-04,83.8499984741211
2012-04-05,84.5
2012-04-09,84.42500305175781
2012-04-10,83.80000305175781
2012-04-11,83.17500305175781
2012-04-12,83.5250015258789
2012-04-13,82.75
2012-04-16,82.30000305175781
2012-04-17,89.80000305175781
2012-04-18,87.25
2012-04-19,88.4749984741211
2012-04-20,87.5
2012-04-23,88.0250015258789
2012-04-24,86.5999984741211
2012-04-25,87.125
2012-04-26,86.80000305175781
2012-04-27,85.5
2012-04-30,83.67500305175781
2012-05-01,83.0
2012-05-02,81.2750015258789
2012-05-03,81.30000305175781
2012-05-04,79.80000305175781
2012-05-07,80.05000305175781
2012-05-08,80.25
2012-05-09,80.07499694824219
2012-05-10,79.80000305175781
2012-05-11,79.5250015258789
2012-05-14,79.3499984741211
2012-05-15,86.4000015258789
2012-05-16,86.5
2012-05-17,87.42500305175781
2012-05-18,87.42500305175781
2012-05-21,86.69999694824219
2012-05-22,85.82499694824219
2012-05-23,84.42500305175781
2012-05-24,84.19999694824219
2012-05-25,85.19999694824219
2012-05-29,86.3499984741211
2012-05-30,87.17500305175781
2012-05-31,89.80000305175781
2012-06-01,90.7249984741211
2012-06-04,91.19999694824219
2012-06-05,91.0999984741211
2012-06-06,91.94999694824219
2012-06-07,93.07499694824219
2012-06-08,93.0250015258789
2012-06-11,93.32499694824219
2012-06-12,93.5250015258789
2012-06-13,93.9749984741211
2012-06-14,94.75
2012-06-15,93.0250015258789
2012-06-18,95.44999694824219
2012-06-19,95.0999984741211
2012-06-20,94.75
2012-06-21,95.5999984741211
2012-06-22,94.92500305175781
2012-06-25,93.3499984741211
2012-06-26,93.6500015258789
2012-06-27,95.57499694824219
2012-06-28,96.7249984741211
2012-06-29,96.625
2012-07-02,96.9000015258789
2012-07-03,96.875
2012-07-05,95.82499694824219
2012-07-06,96.2249984741211
2012-07-09,96.80000305175781
2012-07-10,95.5250015258789
2012-07-11,95.94999694824219
2012-07-12,97.30000305175781
2012-07-13,97.2249984741211
2012-07-16,97.07499694824219
2012-07-17,89.94999694824219
2012-07-18,92.625
2012-07-19,93.05000305175781
2012-07-20,93.69999694824219
2012-07-23,93.32499694824219
2012-07-24,92.92500305175781
2012-07-25,94.55000305175781
2012-07-26,95.80000305175781
2012-07-27,95.19999694824219
2012-07-30,94.55000305175781
2012-07-31,92.94999694824219
2012-08-01,93.19999694824219
2012-08-02,91.5999984741211
2012-08-03,89.55000305175781
2012-08-06,88.7249984741211
2012-08-07,89.92500305175781
2012-08-08,91.57499694824219
2012-08-09,91.875
2012-08-10,91.875
2012-08-13,91.94999694824219
2012-08-14,91.80000305175781
2012-08-15,75.5999984741211
2012-08-16,75.625
2012-08-17,76.19999694824219
2012-08-20,75.9000015258789
2012-08-21,75.80000305175781
2012-08-22,73.17500305175781
2012-08-23,72.57499694824219
2012-08-24,72.375
2012-08-27,73.25
2012-08-28,73.25
2012-08-29,73.69999694824219
2012-08-30,74.1500015258789
2012-08-31,74.17500305175781
2012-09-04,74.19999694824219
2012-09-05,73.625
2012-09-06,71.75
2012-09-07,71.3499984741211
2012-09-10,72.57499694824219
2012-09-11,72.7249984741211
2012-09-12,73.42500305175781
2012-09-13,73.55000305175781
2012-09-14,74.0250015258789
2012-09-17,73.375
2012-09-18,74.0999984741211
2012-09-19,74.75
2012-09-20,74.8499984741211
2012-09-21,75.80000305175781
2012-09-24,76.5
2012-09-25,76.2750015258789
2012-09-26,76.875
2012-09-27,77.2249984741211
2012-09-28,77.17500305175781
2012-10-01,77.57499694824219
2012-10-02,79.1500015258789
2012-10-03,80.0250015258789
2012-10-04,81.80000305175781
2012-10-05,81.32499694824219
2012-10-08,81.4749984741211
2012-10-09,81.9000015258789
2012-10-10,82.57499694824219
2012-10-11,82.32499694824219
2012-10-12,82.75
2012-10-15,78.55000305175781
2012-10-16,78.5999984741211
2012-10-17,79.17500305175781
2012-10-18,78.8499984741211
2012-10-19,79.625
2012-10-22,78.67500305175781
2012-10-23,78.125
2012-10-24,78.25
2012-10-25,78.125
2012-10-26,78.9000015258789
2012-10-31,78.2750015258789
2012-11-01,77.875
2012-11-02,77.75
2012-11-05,76.92500305175781
2012-11-06,77.57499694824219
2012-11-07,80.0999984741211
2012-11-08,80.19999694824219
2012-11-09,80.75
2012-11-12,80.32499694824219
2012-11-13,80.5
2012-11-14,80.0999984741211
2012-11-15,80.07499694824219
2012-11-16,80.32499694824219
2012-11-19,81.44999694824219
2012-11-20,81.6500015258789
2012-11-21,81.75
2012-11-23,82.4749984741211
2012-11-26,82.4749984741211
2012-11-27,82.375
2012-11-28,83.82499694824219
2012-11-29,83.69999694824219
2012-11-30,84.07499694824219
2012-12-03,83.92500305175781
2012-12-04,84.44999694824219
2012-12-05,85.0
2012-12-06,83.44999694824219
2012-12-07,82.30000305175781
2012-12-10,82.1500015258789
2012-12-11,82.0999984741211
2012-12-12,82.07499694824219
2012-12-13,82.125
2012-12-14,82.0
2012-12-17,84.75
2012-12-18,85.2750015258789
2012-12-19,86.57499694824219
2012-12-20,86.44999694824219
2012-12-21,86.9000015258789
2012-12-24,87.55000305175781
2012-12-26,87.44999694824219
2012-12-27,87.0250015258789
2012-12-28,86.375
2012-12-31,85.7249984741211
2013-01-02,86.17500305175781
2013-01-03,86.4000015258789
2013-01-04,86.2249984741211
2013-01-07,86.30000305175781
2013-01-08,86.3499984741211
2013-01-09,84.19999694824219
2013-01-10,84.5999984741211
2013-01-11,84.19999694824219
2013-01-14,85.2249984741211
2013-01-15,85.25
2013-01-16,85.1500015258789
2013-01-17,85.94999694824219
2013-01-18,85.3499984741211
2013-01-22,85.69999694824219
2013-01-23,85.9749984741211
2013-01-24,87.05000305175781
2013-01-25,86.82499694824219
2013-01-28,87.17500305175781
2013-01-29,87.0999984741211
2013-01-30,87.0999984741211
2013-01-31,87.5999984741211
2013-02-01,87.6500015258789
2013-02-04,88.07499694824219
2013-02-05,88.32499694824219
2013-02-06,86.9000015258789
2013-02-07,86.9749984741211
2013-02-08,86.44999694824219
2013-02-11,86.9000015258789
2013-02-12,87.25
2013-02-13,87.4749984741211
2013-02-14,87.67500305175781
2013-02-15,84.25
2013-02-19,83.05000305175781
2013-02-20,82.94999694824219
2013-02-21,82.375
2013-02-22,81.6500015258789
2013-02-25,81.9000015258789
2013-02-26,81.57499694824219
2013-02-27,81.0
2013-02-28,81.0
2013-03-01,81.125
2013-03-04,80.30000305175781
2013-03-05,79.25
2013-03-06,79.25
2013-03-07,81.80000305175781
2013-03-08,82.0250015258789
2013-03-11,81.1500015258789
2013-03-12,81.44999694824219
2013-03-13,80.6500015258789
2013-03-14,80.875
2013-03-15,79.67500305175781
2013-03-18,79.4000015258789
2013-03-19,78.2249984741211
2013-03-20,77.875
2013-03-21,78.3499984741211
2013-03-22,78.05000305175781
2013-03-25,78.4749984741211
2013-03-26,79.5
2013-03-27,80.07499694824219
2013-03-28,80.5999984741211
2013-04-01,81.30000305175781
2013-04-02,80.94999694824219
2013-04-03,81.32499694824219
2013-04-04,81.42500305175781
2013-04-05,80.0250015258789
2013-04-08,80.5250015258789
2013-04-09,80.7249984741211
2013-04-10,81.2249984741211
2013-04-11,81.5999984741211
2013-04-12,82.2249984741211
2013-04-15,86.2750015258789
2013-04-16,86.80000305175781
2013-04-17,88.125
2013-04-18,87.94999694824219
2013-04-19,87.8499984741211
2013-04-22,87.57499694824219
2013-04-23,87.82499694824219
2013-04-24,88.5999984741211
2013-04-25,88.9749984741211
2013-04-26,89.3499984741211
2013-04-29,89.30000305175781
2013-04-30,90.0999984741211
2013-05-01,90.9000015258789
2013-05-02,91.30000305175781
2013-05-03,91.4000015258789
2013-05-06,91.05000305175781
2013-05-07,91.44999694824219
2013-05-08,91.9749984741211
2013-05-09,92.0
2013-05-10,92.0
2013-05-13,91.92500305175781
2013-05-14,92.0
2013-05-15,91.92500305175781
2013-05-16,92.875
2013-05-17,91.5250015258789
2013-05-20,92.07499694824219
2013-05-21,92.4000015258789
2013-05-22,94.55000305175781
2013-05-23,94.19999694824219
2013-05-24,94.875
2013-05-28,94.69999694824219
2013-05-29,94.7249984741211
2013-05-30,95.32499694824219
2013-05-31,95.625
2013-06-03,95.82499694824219
2013-06-04,96.5250015258789
2013-06-05,96.6500015258789
2013-06-06,97.30000305175781
2013-06-07,98.125
2013-06-10,99.19999694824219
2013-06-11,100.2750015258789
2013-06-12,100.94999694824219
2013-06-13,101.57499694824219
2013-06-14,102.30000305175781
2013-06-17,97.94999694824219
2013-06-18,98.69999694824219
2013-06-19,99.9749984741211
2013-06-20,100.25
2013-06-21,99.75
2013-06-24,100.94999694824219
2013-06-25,100.1500015258789
2013-06-26,99.94999694824219
2013-06-27,101.9749984741211
2013-06-28,101.2750015258789
2013-07-01,101.07499694824219
2013-07-02,101.0
2013-07-03,101.625
2013-07-05,102.3499984741211
2013-07-08,101.125
2013-07-09,100.8499984741211
2013-07-10,101.92500305175781
2013-07-11,102.17500305175781
2013-07-12,102.0999984741211
2013-07-15,102.30000305175781
2013-07-16,96.30000305175781
2013-07-17,95.80000305175781
2013-07-18,96.625
2013-07-19,96.4749984741211
2013-07-22,97.125
2013-07-23,99.17500305175781
2013-07-24,98.92500305175781
2013-07-25,98.57499694824219
2013-07-26,97.7750015258789
2013-07-29,97.9000015258789
2013-07-30,96.875
2013-07-31,97.57499694824219
2013-08-01,98.42500305175781
2013-08-02,99.25
2013-08-05,100.2249984741211
2013-08-06,100.55000305175781
2013-08-07,100.2249984741211
2013-08-08,100.625
2013-08-09,100.5250015258789
2013-08-12,101.4000015258789
2013-08-13,101.80000305175781
2013-08-14,102.42500305175781
2013-08-15,87.30000305175781
2013-08-16,86.7249984741211
2013-08-19,86.4749984741211
2013-08-20,86.94999694824219
2013-08-21,85.82499694824219
2013-08-22,84.4000015258789
2013-08-23,85.0999984741211
2013-08-26,86.0250015258789
2013-08-27,86.57499694824219
2013-08-28,86.05000305175781
2013-08-29,87.32499694824219
2013-08-30,87.625
2013-09-03,88.0
2013-09-04,89.125
2013-09-05,89.4000015258789
2013-09-06,90.9000015258789
2013-09-09,90.875
2013-09-10,90.8499984741211
2013-09-11,90.30000305175781
2013-09-12,90.19999694824219
2013-09-13,90.69999694824219
2013-09-16,92.125
2013-09-17,90.9749984741211
2013-09-18,91.7249984741211
2013-09-19,91.1500015258789
2013-09-20,90.05000305175781
2013-09-23,90.17500305175781
2013-09-24,92.5
2013-09-25,93.69999694824219
2013-09-26,92.80000305175781
2013-09-27,92.92500305175781
2013-09-30,91.9749984741211
2013-10-01,90.92500305175781
2013-10-02,90.94999694824219
2013-10-03,91.30000305175781
2013-10-04,91.8499984741211
2013-10-07,91.5999984741211
2013-10-08,91.2249984741211
2013-10-09,89.82499694824219
2013-10-10,90.25
2013-10-11,90.75
2013-10-14,90.75
2013-10-15,87.80000305175781
2013-10-16,88.80000305175781
2013-10-17,88.44999694824219
2013-10-18,87.94999694824219
2013-10-21,87.4749984741211
2013-10-22,88.57499694824219
2013-10-23,88.1500015258789
2013-10-24,89.5999984741211
2013-10-25,90.42500305175781
2013-10-28,91.94999694824219
2013-10-29,91.3499984741211
2013-10-30,90.4000015258789
2013-10-31,89.17500305175781
2013-11-01,88.3499984741211
2013-11-04,88.32499694824219
2013-11-05,88.25
2013-11-06,87.3499984741211
2013-11-07,87.55000305175781
2013-11-08,88.125
2013-11-11,88.05000305175781
2013-11-12,87.19999694824219
2013-11-13,86.375
2013-11-14,85.5999984741211
2013-11-15,85.9000015258789
2013-11-18,85.5999984741211
2013-11-19,85.42500305175781
2013-11-20,86.25
2013-11-21,86.25
2013-11-22,85.625
2013-11-25,85.5999984741211
2013-11-26,85.625
2013-11-27,85.80000305175781
2013-11-29,85.67500305175781
2013-12-02,86.0250015258789
2013-12-03,84.82499694824219
2013-12-04,83.67500305175781
2013-12-05,82.5250015258789
2013-12-06,81.67500305175781
2013-12-09,81.375
2013-12-10,80.82499694824219
2013-12-11,80.92500305175781
2013-12-12,81.32499694824219
2013-12-13,81.25
2013-12-16,86.625
2013-12-17,85.6500015258789
2013-12-18,86.3499984741211
2013-12-19,86.375
2013-12-20,86.25
2013-12-23,86.19999694824219
2013-12-24,85.875
2013-12-26,85.30000305175781
2013-12-27,85.6500015258789
2013-12-30,84.9749984741211
2013-12-31,85.42500305175781
2014-01-02,87.07499694824219
2014-01-03,86.67500305175781
2014-01-06,86.625
2014-01-07,85.5250015258789
2014-01-08,85.57499694824219
2014-01-09,85.25
2014-01-10,85.82499694824219
2014-01-13,85.375
2014-01-14,86.0
2014-01-15,86.5999984741211
2014-01-16,86.875
2014-01-17,86.17500305175781
2014-01-21,85.9749984741211
2014-01-22,85.55000305175781
2014-01-23,85.57499694824219
2014-01-24,86.375
2014-01-27,85.57499694824219
2014-01-28,85.2750015258789
2014-01-29,86.5250015258789
2014-01-30,86.375
2014-01-31,86.2249984741211
2014-02-03,84.875
2014-02-04,85.2249984741211
2014-02-05,86.44999694824219
2014-02-06,86.5
2014-02-07,86.57499694824219
2014-02-10,86.3499984741211
2014-02-11,86.07499694824219
2014-02-12,86.5
2014-02-13,86.3499984741211
2014-02-14,86.5250015258789
2014-02-18,97.375
2014-02-19,97.19999694824219
2014-02-20,97.82499694824219
2014-02-21,99.3499984741211
2014-02-24,99.25
2014-02-25,100.57499694824219
2014-02-26,101.0250015258789
2014-02-27,103.8499984741211
2014-02-28,106.8499984741211
2014-03-03,108.67500305175781
2014-03-04,111.67500305175781
2014-03-05,110.7249984741211
2014-03-06,112.4000015258789
2014-03-07,113.0
2014-03-10,116.0
2014-03-11,117.0999984741211
2014-03-12,115.92500305175781
2014-03-13,118.92500305175781
2014-03-14,119.30000305175781
2014-03-17,121.69999694824219
2014-03-18,123.2249984741211
2014-03-19,124.1500015258789
2014-03-20,124.80000305175781
2014-03-21,125.67500305175781
2014-03-24,124.6500015258789
2014-03-25,121.6500015258789
2014-03-26,122.4749984741211
2014-03-27,125.4749984741211
2014-03-28,125.57499694824219
2014-03-31,126.0
2014-04-01,127.80000305175781
2014-04-02,127.0
2014-04-03,125.75
2014-04-04,123.1500015258789
2014-04-07,125.0250015258789
2014-04-08,123.30000305175781
2014-04-09,125.0250015258789
2014-04-10,125.17500305175781
2014-04-11,124.92500305175781
2014-04-14,124.80000305175781
2014-04-15,121.5
2014-04-16,122.875
2014-04-17,123.5
2014-04-21,120.80000305175781
2014-04-22,121.0250015258789
2014-04-23,123.9749984741211
2014-04-24,122.9000015258789
2014-04-25,120.92500305175781
2014-04-28,120.9749984741211
2014-04-29,120.2750015258789
2014-04-30,117.67500305175781
2014-05-01,117.375
2014-05-02,117.2249984741211
2014-05-05,116.9000015258789
2014-05-06,116.05000305175781
2014-05-07,115.2249984741211
2014-05-08,114.9000015258789
2014-05-09,114.67500305175781
2014-05-12,113.42500305175781
2014-05-13,112.4000015258789
2014-05-14,112.4000015258789
2014-05-15,119.42500305175781
2014-05-16,118.92500305175781
2014-05-19,119.375
2014-05-20,118.5999984741211
2014-05-21,119.92500305175781
2014-05-22,117.5999984741211
2014-05-23,116.8499984741211
2014-05-27,116.5
2014-05-28,114.55000305175781
2014-05-29,114.30000305175781
2014-05-30,113.3499984741211
2014-06-02,113.125
2014-06-03,113.5999984741211
2014-06-04,112.55000305175781
2014-06-05,112.9749984741211
2014-06-06,114.57499694824219
2014-06-09,114.30000305175781
2014-06-10,115.30000305175781
2014-06-11,115.9749984741211
2014-06-12,115.9749984741211
2014-06-13,115.9000015258789
2014-06-16,124.25
2014-06-17,124.92500305175781
2014-06-18,125.42500305175781
2014-06-19,128.0500030517578
2014-06-20,127.82499694824219
2014-06-23,128.3000030517578
2014-06-24,130.4250030517578
2014-06-25,129.3000030517578
2014-06-26,129.85000610351562
2014-06-27,130.89999389648438
2014-06-30,132.64999389648438
2014-07-01,131.0500030517578
2014-07-02,130.8000030517578
2014-07-03,131.72500610351562
2014-07-07,131.8000030517578
2014-07-08,132.1999969482422
2014-07-09,133.3000030517578
2014-07-10,132.8000030517578
2014-07-11,132.8000030517578
2014-07-14,133.375
2014-07-15,130.72500610351562
2014-07-16,130.52499389648438
2014-07-17,128.85000610351562
2014-07-18,127.07499694824219
2014-07-21,125.0999984741211
2014-07-22,127.57499694824219
2014-07-23,124.57499694824219
2014-07-24,123.19999694824219
2014-07-25,123.625
2014-07-28,123.67500305175781
2014-07-29,121.44999694824219
2014-07-30,119.1500015258789
2014-07-31,118.0250015258789
2014-08-01,118.0250015258789
2014-08-04,117.07499694824219
2014-08-05,115.8499984741211
2014-08-06,116.4000015258789
2014-08-07,115.2249984741211
2014-08-08,114.2249984741211
2014-08-11,114.55000305175781
2014-08-12,114.07499694824219
2014-08-13,115.19999694824219
2014-08-14,114.82499694824219
2014-08-15,94.94999694824219
2014-08-18,95.0999984741211
2014-08-19,94.82499694824219
2014-08-20,92.5
2014-08-21,93.625
2014-08-22,92.875
2014-08-25,93.44999694824219
2014-08-26,95.0999984741211
2014-08-27,95.92500305175781
2014-08-28,95.4749984741211
2014-08-29,98.125
2014-09-02,99.875
2014-09-03,101.0999984741211
2014-09-04,102.6500015258789
2014-09-05,105.625
2014-09-08,103.07499694824219
2014-09-09,105.7750015258789
2014-09-10,107.0999984741211
2014-09-11,106.375
2014-09-12,105.69999694824219
2014-09-15,106.07499694824219
2014-09-16,106.875
2014-09-17,105.0999984741211
2014-09-18,102.9749984741211
2014-09-19,105.9749984741211
2014-09-22,107.30000305175781
2014-09-23,107.875
2014-09-24,107.44999694824219
2014-09-25,106.32499694824219
2014-09-26,106.5250015258789
2014-09-29,107.32499694824219
2014-09-30,107.9749984741211
2014-10-01,107.5999984741211
2014-10-02,106.7750015258789
2014-10-03,105.5999984741211
2014-10-06,107.17500305175781
2014-10-07,107.2249984741211
2014-10-08,108.125
2014-10-09,109.5
2014-10-10,109.44999694824219
2014-10-13,109.3499984741211
2014-10-14,109.5250015258789
2014-10-15,91.92500305175781
2014-10-16,90.32499694824219
2014-10-17,90.57499694824219
2014-10-20,89.1500015258789
2014-10-21,88.44999694824219
2014-10-22,89.75
2014-10-23,88.7249984741211
2014-10-24,90.25
2014-10-27,89.05000305175781
2014-10-28,90.19999694824219
2014-10-29,88.5999984741211
2014-10-30,87.19999694824219
2014-10-31,88.0250015258789
2014-11-03,88.8499984741211
2014-11-04,87.9749984741211
2014-11-05,87.125
2014-11-06,87.6500015258789
2014-11-07,88.7750015258789
2014-11-10,89.55000305175781
2014-11-11,89.9000015258789
2014-11-12,90.67500305175781
2014-11-13,91.2750015258789
2014-11-14,92.67500305175781
2014-11-17,93.0
2014-11-18,91.55000305175781
2014-11-19,91.7750015258789
2014-11-20,90.7750015258789
2014-11-21,90.6500015258789
2014-11-24,91.32499694824219
2014-11-25,90.94999694824219
2014-11-26,90.94999694824219
2014-11-28,90.32499694824219
2014-12-01,90.125
2014-12-02,89.5
2014-12-03,88.05000305175781
2014-12-04,87.625
2014-12-05,86.5999984741211
2014-12-08,86.57499694824219
2014-12-09,86.94999694824219
2014-12-10,87.2750015258789
2014-12-11,87.55000305175781
2014-12-12,87.5250015258789
2014-12-15,83.2750015258789
2014-12-16,81.67500305175781
2014-12-17,80.4749984741211
2014-12-18,81.875
2014-12-19,81.9000015258789
2014-12-22,80.25
2014-12-23,81.6500015258789
2014-12-24,81.30000305175781
2014-12-26,81.55000305175781
2014-12-29,81.80000305175781
2014-12-30,81.17500305175781
2014-12-31,81.19999694824219
2015-01-02,81.30000305175781
2015-01-05,79.92500305175781
2015-01-06,78.57499694824219
2015-01-07,79.32499694824219
2015-01-08,78.17500305175781
2015-01-09,79.0250015258789
2015-01-12,76.6500015258789
2015-01-13,75.17500305175781
2015-01-14,76.0250015258789
2015-01-15,75.625
2015-01-16,74.5
2015-01-20,71.7750015258789
2015-01-21,72.3499984741211
2015-01-22,71.5999984741211
2015-01-23,69.30000305175781
2015-01-26,70.82499694824219
2015-01-27,69.42500305175781
2015-01-28,71.5250015258789
2015-01-29,68.55000305175781
2015-01-30,67.4749984741211
2015-02-02,66.32499694824219
2015-02-03,67.19999694824219
2015-02-04,65.0999984741211
2015-02-05,63.275001525878906
2015-02-06,63.875
2015-02-09,61.275001525878906
2015-02-10,61.525001525878906
2015-02-11,61.224998474121094
2015-02-12,61.95000076293945
2015-02-13,62.07500076293945
2015-02-17,64.0
2015-02-18,64.2249984741211
2015-02-19,67.05000305175781
2015-02-20,67.4000015258789
2015-02-23,68.32499694824219
2015-02-24,68.57499694824219
2015-02-25,69.32499694824219
2015-02-26,67.1500015258789
2015-02-27,67.4749984741211
2015-03-02,67.67500305175781
2015-03-03,65.5999984741211
2015-03-04,68.0
2015-03-05,66.82499694824219
2015-03-06,66.125
2015-03-09,66.07499694824219
2015-03-10,65.9749984741211
2015-03-11,64.125
2015-03-12,62.29999923706055
2015-03-13,62.099998474121094
2015-03-16,62.20000076293945
2015-03-17,61.775001525878906
2015-03-18,60.70000076293945
2015-03-19,58.125
2015-03-20,58.45000076293945
2015-03-23,59.25
2015-03-24,58.599998474121094
2015-03-25,59.82500076293945
2015-03-26,60.974998474121094
2015-03-27,61.125
2015-03-30,61.29999923706055
2015-03-31,62.42499923706055
2015-04-01,62.900001525878906
2015-04-02,63.17499923706055
2015-04-06,63.25
2015-04-07,62.57500076293945
2015-04-08,62.29999923706055
2015-04-09,62.099998474121094
2015-04-10,62.54999923706055
2015-04-13,63.099998474121094
2015-04-14,63.17499923706055
2015-04-15,62.875
2015-04-16,71.0250015258789
2015-04-17,70.5250015258789
2015-04-20,70.2750015258789
2015-04-21,71.5999984741211
2015-04-22,70.69999694824219
2015-04-23,71.92500305175781
2015-04-24,71.94999694824219
2015-04-27,72.2750015258789
2015-04-28,73.75
2015-04-29,75.32499694824219
2015-04-30,76.94999694824219
2015-05-01,76.0
2015-05-04,76.92500305175781
2015-05-05,79.0
2015-05-06,80.3499984741211
2015-05-07,79.8499984741211
2015-05-08,80.8499984741211
2015-05-11,80.69999694824219
2015-05-12,81.30000305175781
2015-05-13,81.375
2015-05-14,81.69999694824219
2015-05-15,83.3499984741211
2015-05-18,82.4000015258789
2015-05-19,82.1500015258789
2015-05-20,82.55000305175781
2015-05-21,83.7750015258789
2015-05-22,83.7249984741211
2015-05-26,83.17500305175781
2015-05-27,83.7750015258789
2015-05-28,84.5999984741211
2015-05-29,83.82499694824219
2015-06-01,84.6500015258789
2015-06-02,84.4749984741211
2015-06-03,83.55000305175781
2015-06-04,82.19999694824219
2015-06-05,81.67500305175781
2015-06-08,81.55000305175781
2015-06-09,81.19999694824219
2015-06-10,81.30000305175781
2015-06-11,81.375
2015-06-12,81.44999694824219
2015-06-15,77.19999694824219
2015-06-16,77.1500015258789
2015-06-17,78.0
2015-06-18,78.0250015258789
2015-06-19,75.75
2015-06-22,74.2249984741211
2015-06-23,74.3499984741211
2015-06-24,74.7249984741211
2015-06-25,74.6500015258789
2015-06-26,75.44999694824219
2015-06-29,74.25
2015-06-30,76.19999694824219
2015-07-01,77.0999984741211
2015-07-02,78.7750015258789
2015-07-06,78.7249984741211
2015-07-07,79.25
2015-07-08,79.5
2015-07-09,78.7249984741211
2015-07-10,78.9749984741211
2015-07-13,79.07499694824219
2015-07-14,79.92500305175781
2015-07-15,80.4749984741211
2015-07-16,76.0
2015-07-17,75.67500305175781
2015-07-20,74.9000015258789
2015-07-21,75.875
2015-07-22,78.5250015258789
2015-07-23,78.2750015258789
2015-07-24,77.67500305175781
2015-07-27,77.5250015258789
2015-07-28,79.4749984741211
2015-07-29,79.8499984741211
2015-07-30,79.67500305175781
2015-07-31,78.5
2015-08-03,80.19999694824219
2015-08-04,81.4000015258789
2015-08-05,80.2249984741211
2015-08-06,78.07499694824219
2015-08-07,77.32499694824219
2015-08-10,76.6500015258789
2015-08-11,76.7249984741211
2015-08-12,77.8499984741211
2015-08-13,78.625
2015-08-14,78.82499694824219
2015-08-17,66.2750015258789
2015-08-18,66.125
2015-08-19,66.0
2015-08-20,64.75
2015-08-21,62.82500076293945
2015-08-24,65.82499694824219
2015-08-25,67.5
2015-08-26,67.0
2015-08-27,67.05000305175781
2015-08-28,66.42500305175781
2015-08-31,68.0250015258789
2015-09-01,67.9749984741211
2015-09-02,69.7750015258789
2015-09-03,69.44999694824219
2015-09-04,69.1500015258789
2015-09-08,68.7750015258789
2015-09-09,68.92500305175781
2015-09-10,68.55000305175781
2015-09-11,67.32499694824219
2015-09-14,66.82499694824219
2015-09-15,69.375
2015-09-16,68.25
2015-09-17,70.57499694824219
2015-09-18,71.05000305175781
2015-09-21,71.625
2015-09-22,71.0
2015-09-23,70.55000305175781
2015-09-24,71.6500015258789
2015-09-25,71.875
2015-09-28,71.42500305175781
2015-09-29,73.25
2015-09-30,73.5250015258789
2015-10-01,72.625
2015-10-02,73.3499984741211
2015-10-05,73.0
2015-10-06,73.5999984741211
2015-10-07,73.82499694824219
2015-10-08,74.0
2015-10-09,73.82499694824219
2015-10-12,74.30000305175781
2015-10-13,74.8499984741211
2015-10-14,75.0999984741211
2015-10-15,66.82499694824219
2015-10-16,65.57499694824219
2015-10-19,65.9749984741211
2015-10-20,67.8499984741211
2015-10-21,67.0250015258789
2015-10-22,66.44999694824219
2015-10-23,63.599998474121094
2015-10-26,62.849998474121094
2015-10-27,61.25
2015-10-28,61.400001525878906
2015-10-29,59.875
2015-10-30,59.20000076293945
2015-11-02,58.224998474121094
2015-11-03,58.224998474121094
2015-11-04,57.375
2015-11-05,55.400001525878906
2015-11-06,55.0
2015-11-09,53.724998474121094
2015-11-10,53.54999923706055
2015-11-11,56.17499923706055
2015-11-12,56.099998474121094
2015-11-13,54.79999923706055
2015-11-16,51.79999923706055
2015-11-17,54.17499923706055
2015-11-18,54.375
2015-11-19,55.400001525878906
2015-11-20,57.45000076293945
2015-11-23,57.45000076293945
2015-11-24,57.224998474121094
2015-11-25,58.79999923706055
2015-11-27,58.724998474121094
2015-11-30,58.42499923706055
2015-12-01,59.95000076293945
2015-12-02,59.349998474121094
2015-12-03,58.349998474121094
2015-12-04,57.04999923706055
2015-12-07,55.474998474121094
2015-12-08,55.32500076293945
2015-12-09,56.75
2015-12-10,56.224998474121094
2015-12-11,56.0
2015-12-14,55.54999923706055
2015-12-15,58.92499923706055
2015-12-16,57.900001525878906
2015-12-17,55.775001525878906
2015-12-18,56.625
2015-12-21,56.45000076293945
2015-12-22,56.849998474121094
2015-12-23,57.775001525878906
2015-12-24,58.29999923706055
2015-12-28,59.125
2015-12-29,59.150001525878906
2015-12-30,59.775001525878906
2015-12-31,59.79999923706055
2016-01-04,59.42499923706055
2016-01-05,61.099998474121094
2016-01-06,60.82500076293945
2016-01-07,59.54999923706055
2016-01-08,59.849998474121094
2016-01-11,59.70000076293945
2016-01-12,61.900001525878906
2016-01-13,61.625
2016-01-14,62.349998474121094
2016-01-15,62.025001525878906
2016-01-19,62.849998474121094
2016-01-20,62.724998474121094
2016-01-21,63.75
2016-01-22,63.0
2016-01-25,63.525001525878906
2016-01-26,64.32499694824219
2016-01-27,65.375
2016-01-28,65.30000305175781
2016-01-29,65.80000305175781
2016-02-01,65.3499984741211
2016-02-02,64.19999694824219
2016-02-03,64.55000305175781
2016-02-04,65.125
2016-02-05,64.80000305175781
2016-02-08,65.0250015258789
2016-02-09,64.8499984741211
2016-02-10,65.1500015258789
2016-02-11,65.5250015258789
2016-02-12,65.94999694824219
2016-02-16,70.1500015258789
2016-02-17,71.1500015258789
2016-02-18,70.7750015258789
2016-02-19,68.9000015258789
2016-02-22,69.25
2016-02-23,69.94999694824219
2016-02-24,71.4749984741211
2016-02-25,71.125
2016-02-26,70.8499984741211
2016-02-29,69.9749984741211
2016-03-01,70.4000015258789
2016-03-02,70.05000305175781
2016-03-03,70.3499984741211
2016-03-04,70.80000305175781
2016-03-07,70.05000305175781
2016-03-08,69.7750015258789
2016-03-09,72.0999984741211
2016-03-10,72.17500305175781
2016-03-11,71.82499694824219
2016-03-14,70.7750015258789
2016-03-15,70.7249984741211
2016-03-16,71.30000305175781
2016-03-17,71.30000305175781
2016-03-18,71.44999694824219
2016-03-21,69.3499984741211
2016-03-22,70.1500015258789
2016-03-23,69.67500305175781
2016-03-24,69.625
2016-03-28,69.92500305175781
2016-03-29,70.25
2016-03-30,68.92500305175781
2016-03-31,68.3499984741211
2016-04-01,67.80000305175781
2016-04-04,67.67500305175781
2016-04-05,67.375
2016-04-06,67.5
2016-04-07,67.125
2016-04-08,66.82499694824219
2016-04-11,66.3499984741211
2016-04-12,66.5999984741211
2016-04-13,66.5250015258789
2016-04-14,66.80000305175781
2016-04-15,74.4000015258789
2016-04-18,74.8499984741211
2016-04-19,76.19999694824219
2016-04-20,77.2249984741211
2016-04-21,77.0250015258789
2016-04-22,75.69999694824219
2016-04-25,74.92500305175781
2016-04-26,74.7750015258789
2016-04-27,76.55000305175781
2016-04-28,77.32499694824219
2016-04-29,77.9000015258789
2016-05-02,78.42500305175781
2016-05-03,78.4749984741211
2016-05-04,77.375
2016-05-05,77.57499694824219
2016-05-06,76.80000305175781
2016-05-09,76.0999984741211
2016-05-10,76.69999694824219
2016-05-11,76.875
2016-05-12,76.92500305175781
2016-05-13,76.8499984741211
2016-05-16,83.0250015258789
2016-05-17,82.75
2016-05-18,81.2249984741211
2016-05-19,80.42500305175781
2016-05-20,79.8499984741211
2016-05-23,79.07499694824219
2016-05-24,79.67500305175781
2016-05-25,80.17500305175781
2016-05-26,80.55000305175781
2016-05-27,80.5250015258789
2016-05-31,80.57499694824219
2016-06-01,81.1500015258789
2016-06-02,82.0250015258789
2016-06-03,82.30000305175781
2016-06-06,82.25
2016-06-07,81.8499984741211
2016-06-08,82.05000305175781
2016-06-09,82.67500305175781
2016-06-10,82.2750015258789
2016-06-13,81.82499694824219
2016-06-14,81.67500305175781
2016-06-15,86.82499694824219
2016-06-16,87.07499694824219
2016-06-17,86.17500305175781
2016-06-20,86.42500305175781
2016-06-21,86.19999694824219
2016-06-22,84.4749984741211
2016-06-23,84.2750015258789
2016-06-24,84.05000305175781
2016-06-27,83.1500015258789
2016-06-28,83.1500015258789
2016-06-29,83.0999984741211
2016-06-30,82.8499984741211
2016-07-01,82.67500305175781
2016-07-05,82.05000305175781
2016-07-06,81.57499694824219
2016-07-07,81.05000305175781
2016-07-08,80.05000305175781
2016-07-11,79.625
2016-07-12,79.94999694824219
2016-07-13,80.17500305175781
2016-07-14,80.30000305175781
2016-07-15,80.0
2016-07-18,77.82499694824219
2016-07-19,77.3499984741211
2016-07-20,76.19999694824219
2016-07-21,74.44999694824219
2016-07-22,75.2750015258789
2016-07-25,75.67500305175781
2016-07-26,74.5999984741211
2016-07-27,71.67500305175781
2016-07-28,68.8499984741211
2016-07-29,68.9749984741211
2016-08-01,68.6500015258789
2016-08-02,68.92500305175781
2016-08-03,68.3499984741211
2016-08-04,67.69999694824219
2016-08-05,67.44999694824219
2016-08-08,67.0999984741211
2016-08-09,66.92500305175781
2016-08-10,67.125
2016-08-11,67.19999694824219
2016-08-12,67.1500015258789
2016-08-15,62.5
2016-08-16,59.849998474121094
2016-08-17,61.0
2016-08-18,60.70000076293945
2016-08-19,61.92499923706055
2016-08-22,61.150001525878906
2016-08-23,60.525001525878906
2016-08-24,60.32500076293945
2016-08-25,58.70000076293945
2016-08-26,61.32500076293945
2016-08-29,61.375
2016-08-30,62.04999923706055
2016-08-31,62.849998474121094
2016-09-01,63.32500076293945
2016-09-02,60.75
2016-09-06,58.92499923706055
2016-09-07,60.875
2016-09-08,61.0
2016-09-09,59.224998474121094
2016-09-12,59.42499923706055
2016-09-13,56.75
2016-09-14,54.92499923706055
2016-09-15,55.150001525878906
2016-09-16,55.474998474121094
2016-09-19,54.92499923706055
2016-09-20,55.54999923706055
2016-09-21,54.42499923706055
2016-09-22,54.20000076293945
2016-09-23,54.0
2016-09-26,53.04999923706055
2016-09-27,51.70000076293945
2016-09-28,51.70000076293945
2016-09-29,52.025001525878906
2016-09-30,49.025001525878906
2016-10-03,48.92499923706055
2016-10-04,48.625
2016-10-05,48.224998474121094
2016-10-06,50.375
2016-10-07,50.67499923706055
2016-10-11,51.45000076293945
2016-10-12,52.375
2016-10-13,52.625
2016-10-14,52.599998474121094
2016-10-17,41.599998474121094
2016-10-18,41.125
2016-10-19,41.17499923706055
2016-10-20,41.099998474121094
2016-10-21,41.849998474121094
2016-10-24,43.20000076293945
2016-10-25,44.625
2016-10-26,44.20000076293945
2016-10-27,45.375
2016-10-28,46.79999923706055
2016-10-31,47.95000076293945
2016-11-01,46.45000076293945
2016-11-02,47.82500076293945
2016-11-03,47.0
2016-11-04,46.150001525878906
2016-11-07,47.099998474121094
2016-11-08,46.974998474121094
2016-11-09,46.54999923706055
2016-11-10,47.375
2016-11-14,46.900001525878906
2016-11-15,46.125
2016-11-16,48.025001525878906
2016-11-17,47.45000076293945
2016-11-18,47.79999923706055
2016-11-21,49.775001525878906
2016-11-22,49.29999923706055
2016-11-23,49.75
2016-11-25,51.04999923706055
2016-11-28,50.42499923706055
2016-11-29,50.349998474121094
2016-11-30,51.025001525878906
2016-12-01,50.224998474121094
2016-12-02,50.75
2016-12-05,51.5
2016-12-06,53.375
2016-12-07,54.70000076293945
2016-12-08,55.67499923706055
2016-12-09,56.724998474121094
2016-12-12,57.375
2016-12-13,57.17499923706055
2016-12-14,57.849998474121094
2016-12-15,62.400001525878906
2016-12-16,64.69999694824219
2016-12-19,66.0999984741211
2016-12-20,64.0
2016-12-21,64.9000015258789
2016-12-22,64.7249984741211
2016-12-23,63.20000076293945
2016-12-27,64.75
2016-12-28,65.0999984741211
2016-12-29,64.6500015258789
2016-12-30,66.1500015258789
2017-01-03,63.5
2017-01-04,64.5999984741211
2017-01-05,64.875
2017-01-06,63.974998474121094
2017-01-09,63.75
2017-01-10,65.05000305175781
2017-01-11,65.5999984741211
2017-01-12,65.94999694824219
2017-01-13,65.5999984741211
2017-01-17,65.80000305175781
2017-01-18,65.19999694824219
2017-01-19,65.42500305175781
2017-01-20,65.30000305175781
2017-01-23,65.0
2017-01-24,65.2249984741211
2017-01-25,67.5250015258789
2017-01-26,65.8499984741211
2017-01-27,66.9000015258789
2017-01-30,67.0999984741211
2017-01-31,69.07499694824219
2017-02-01,69.42500305175781
2017-02-02,70.3499984741211
2017-02-03,70.32499694824219
2017-02-06,71.3499984741211
2017-02-07,72.375
2017-02-08,73.3499984741211
2017-02-09,74.2249984741211
2017-02-10,74.55000305175781
2017-02-13,74.75
2017-02-14,75.17500305175781
2017-02-15,70.7750015258789
2017-02-16,69.82499694824219
2017-02-17,70.7750015258789
2017-02-21,70.3499984741211
2017-02-22,67.75
2017-02-23,66.57499694824219
2017-02-24,68.0250015258789
2017-02-27,68.125
2017-02-28,67.5999984741211
2017-03-01,68.42500305175781
2017-03-02,68.2750015258789
2017-03-03,66.75
2017-03-06,67.17500305175781
2017-03-07,68.05000305175781
2017-03-08,68.42500305175781
2017-03-09,68.07499694824219
2017-03-10,68.17500305175781
2017-03-13,70.2249984741211
2017-03-14,70.82499694824219
2017-03-15,70.07499694824219
2017-03-16,69.9000015258789
2017-03-17,69.05000305175781
2017-03-20,68.6500015258789
2017-03-21,68.0
2017-03-22,68.1500015258789
2017-03-23,69.3499984741211
2017-03-24,67.2750015258789
2017-03-27,65.6500015258789
2017-03-28,65.0999984741211
2017-03-29,65.30000305175781
2017-03-30,65.625
2017-03-31,65.67500305175781
2017-04-03,64.80000305175781
2017-04-04,63.67499923706055
2017-04-05,63.625
2017-04-06,63.92499923706055
2017-04-07,63.32500076293945
2017-04-10,63.32500076293945
2017-04-11,62.650001525878906
2017-04-12,62.224998474121094
2017-04-13,62.45000076293945
2017-04-17,61.974998474121094
2017-04-18,67.1500015258789
2017-04-19,65.875
2017-04-20,63.79999923706055
2017-04-21,63.025001525878906
2017-04-24,64.4000015258789
2017-04-25,65.2249984741211
2017-04-26,64.67500305175781
2017-04-27,66.9000015258789
2017-04-28,66.9749984741211
2017-05-01,66.125
2017-05-02,66.94999694824219
2017-05-03,67.94999694824219
2017-05-04,69.0
2017-05-05,69.4000015258789
2017-05-08,69.9000015258789
2017-05-09,70.30000305175781
2017-05-10,71.05000305175781
2017-05-11,71.5250015258789
2017-05-12,71.9000015258789
2017-05-15,77.25
2017-05-16,78.7249984741211
2017-05-17,78.9000015258789
2017-05-18,79.1500015258789
2017-05-19,79.5
2017-05-22,79.3499984741211
2017-05-23,80.1500015258789
2017-05-24,80.19999694824219
2017-05-25,80.94999694824219
2017-05-26,81.82499694824219
2017-05-30,80.5
2017-05-31,81.92500305175781
2017-06-01,80.92500305175781
2017-06-02,81.2249984741211
2017-06-05,80.7249984741211
2017-06-06,81.6500015258789
2017-06-07,81.625
2017-06-08,82.0250015258789
2017-06-09,82.4749984741211
2017-06-12,81.9749984741211
2017-06-13,82.7750015258789
2017-06-14,83.0
2017-06-15,82.05000305175781
2017-06-16,82.32499694824219
2017-06-19,83.9000015258789
2017-06-20,85.0
2017-06-21,86.07499694824219
2017-06-22,85.0250015258789
2017-06-23,85.30000305175781
2017-06-26,87.0250015258789
2017-06-27,86.4749984741211
2017-06-28,87.92500305175781
2017-06-29,89.4749984741211
2017-06-30,90.625
2017-07-03,90.69999694824219
2017-07-05,92.05000305175781
2017-07-06,91.4749984741211
2017-07-07,91.7249984741211
2017-07-10,91.4749984741211
2017-07-11,92.1500015258789
2017-07-12,92.57499694824219
2017-07-13,92.75
2017-07-14,92.5999984741211
2017-07-17,92.4000015258789
2017-07-18,80.5
2017-07-19,82.57499694824219
2017-07-20,81.0999984741211
2017-07-21,81.0999984741211
2017-07-24,80.375
2017-07-25,81.44999694824219
2017-07-26,82.0
2017-07-27,82.25
2017-07-28,81.4000015258789
2017-07-31,80.30000305175781
2017-08-01,79.80000305175781
2017-08-02,81.94999694824219
2017-08-03,81.9749984741211
2017-08-04,83.2249984741211
2017-08-07,83.4000015258789
2017-08-08,83.5250015258789
2017-08-09,84.125
2017-08-10,84.44999694824219
2017-08-11,84.6500015258789
2017-08-14,84.44999694824219
2017-08-15,70.5250015258789
2017-08-16,68.7750015258789
2017-08-17,66.92500305175781
2017-08-18,66.125
2017-08-21,64.67500305175781
2017-08-22,63.875
2017-08-23,63.54999923706055
2017-08-24,63.775001525878906
2017-08-25,63.07500076293945
2017-08-28,61.625
2017-08-29,60.224998474121094
2017-08-30,61.349998474121094
2017-08-31,61.400001525878906
2017-09-01,61.45000076293945
2017-09-05,63.75
2017-09-06,63.54999923706055
2017-09-07,61.45000076293945
2017-09-08,62.150001525878906
2017-09-11,61.57500076293945
2017-09-12,59.45000076293945
2017-09-13,59.57500076293945
2017-09-14,59.025001525878906
2017-09-15,60.974998474121094
2017-09-18,60.0
2017-09-19,60.125
2017-09-20,58.650001525878906
2017-09-21,57.32500076293945
2017-09-22,55.70000076293945
2017-09-25,56.32500076293945
2017-09-26,55.25
2017-09-27,55.400001525878906
2017-09-28,55.54999923706055
2017-09-29,55.400001525878906
2017-10-02,57.25
2017-10-03,59.875
2017-10-04,60.32500076293945
2017-10-05,60.92499923706055
2017-10-06,59.17499923706055
2017-10-09,59.025001525878906
2017-10-10,60.17499923706055
2017-10-11,61.25
2017-10-12,60.70000076293945
2017-10-13,60.400001525878906
2017-10-16,63.70000076293945
2017-10-17,62.17499923706055
2017-10-18,63.75
2017-10-19,64.25
2017-10-20,64.8499984741211
2017-10-23,63.525001525878906
2017-10-24,64.0250015258789
2017-10-25,64.4749984741211
2017-10-26,65.05000305175781
2017-10-27,64.44999694824219
2017-10-30,65.17500305175781
2017-10-31,68.0
2017-11-01,66.5999984741211
2017-11-02,65.80000305175781
2017-11-03,65.0999984741211
2017-11-06,64.625
2017-11-07,63.92499923706055
2017-11-08,63.54999923706055
2017-11-09,63.17499923706055
2017-11-10,62.474998474121094
2017-11-13,62.29999923706055
2017-11-14,59.974998474121094
2017-11-15,61.125
2017-11-16,60.099998474121094
2017-11-17,60.650001525878906
2017-11-20,62.025001525878906
2017-11-21,60.70000076293945
2017-11-22,62.82500076293945
2017-11-24,63.25
2017-11-27,64.5250015258789
2017-11-28,65.75
2017-11-29,65.07499694824219
2017-11-30,64.2750015258789
2017-12-01,65.2750015258789
2017-12-04,64.94999694824219
2017-12-05,64.2750015258789
2017-12-06,63.82500076293945
2017-12-07,63.57500076293945
2017-12-08,63.67499923706055
2017-12-11,63.599998474121094
2017-12-12,63.75
2017-12-13,63.95000076293945
2017-12-14,64.0250015258789
2017-12-15,68.5250015258789
2017-12-18,67.4000015258789
2017-12-19,66.9000015258789
2017-12-20,68.375
2017-12-21,68.57499694824219
2017-12-22,69.9749984741211
2017-12-26,71.5250015258789
2017-12-27,71.0250015258789
2017-12-28,71.55000305175781
2017-12-29,71.7750015258789
2018-01-02,70.7249984741211
2018-01-03,71.05000305175781
2018-01-04,71.375
2018-01-05,71.42500305175781
2018-01-08,72.9749984741211
2018-01-09,73.17500305175781
2018-01-10,72.5250015258789
2018-01-11,70.9749984741211
2018-01-12,71.57499694824219
2018-01-16,73.9000015258789
2018-01-17,72.7249984741211
2018-01-18,73.05000305175781
2018-01-19,72.07499694824219
2018-01-22,71.80000305175781
2018-01-23,72.25
2018-01-24,72.92500305175781
2018-01-25,72.4749984741211
2018-01-26,72.2750015258789
2018-01-29,72.4000015258789
2018-01-30,72.44999694824219
2018-01-31,73.2249984741211
2018-02-01,74.82499694824219
2018-02-02,75.19999694824219
2018-02-05,75.82499694824219
2018-02-06,74.75
2018-02-07,73.8499984741211
2018-02-08,73.4000015258789
2018-02-09,73.17500305175781
2018-02-12,73.07499694824219
2018-02-13,73.3499984741211
2018-02-14,73.5
2018-02-15,69.7249984741211
2018-02-16,68.1500015258789
2018-02-20,69.19999694824219
2018-02-21,69.9000015258789
2018-02-22,71.2750015258789
2018-02-23,71.375
2018-02-26,69.94999694824219
2018-02-27,69.94999694824219
2018-02-28,67.2249984741211
2018-03-01,66.9749984741211
2018-03-02,67.57499694824219
2018-03-05,68.80000305175781
2018-03-06,68.19999694824219
2018-03-07,67.80000305175781
2018-03-08,68.07499694824219
2018-03-09,67.8499984741211
2018-03-12,67.67500305175781
2018-03-13,67.7249984741211
2018-03-14,66.875
2018-03-15,65.7249984741211
2018-03-16,65.44999694824219
2018-03-19,63.150001525878906
2018-03-20,63.25
2018-03-21,62.57500076293945
2018-03-22,61.32500076293945
2018-03-23,58.42499923706055
2018-03-26,58.025001525878906
2018-03-27,57.75
2018-03-28,56.92499923706055
2018-03-29,57.25
2018-04-02,54.275001525878906
2018-04-03,51.67499923706055
2018-04-04,53.07500076293945
2018-04-05,52.45000076293945
2018-04-06,52.125
2018-04-09,52.900001525878906
2018-04-10,53.5
2018-04-11,53.29999923706055
2018-04-12,54.29999923706055
2018-04-13,53.82500076293945
2018-04-16,68.17500305175781
2018-04-17,67.9000015258789
2018-04-18,69.8499984741211
2018-04-19,70.1500015258789
2018-04-20,69.94999694824219
2018-04-23,68.0
2018-04-24,67.44999694824219
2018-04-25,68.55000305175781
2018-04-26,67.32499694824219
2018-04-27,66.0999984741211
2018-04-30,66.30000305175781
2018-05-01,67.44999694824219
2018-05-02,66.9000015258789
2018-05-03,67.07499694824219
2018-05-04,67.07499694824219
2018-05-07,66.07499694824219
2018-05-08,66.19999694824219
2018-05-09,65.92500305175781
2018-05-10,65.4749984741211
2018-05-11,65.30000305175781
2018-05-14,65.25
2018-05-15,74.7249984741211
2018-05-16,75.9000015258789
2018-05-17,76.4749984741211
2018-05-18,74.69999694824219
2018-05-21,74.0
2018-05-22,73.125
2018-05-23,74.5999984741211
2018-05-24,74.82499694824219
2018-05-25,74.19999694824219
2018-05-29,75.67500305175781
2018-05-30,77.32499694824219
2018-05-31,76.625
2018-06-01,77.5999984741211
2018-06-04,77.57499694824219
2018-06-05,76.5250015258789
2018-06-06,78.17500305175781
2018-06-07,78.4000015258789
2018-06-08,79.875
2018-06-11,80.1500015258789
2018-06-12,80.5250015258789
2018-06-13,81.0
2018-06-14,81.17500305175781
2018-06-15,81.7249984741211
2018-06-18,83.7249984741211
2018-06-19,81.875
2018-06-20,80.0250015258789
2018-06-21,80.4749984741211
2018-06-22,79.82499694824219
2018-06-25,78.07499694824219
2018-06-26,79.125
2018-06-27,80.2249984741211
2018-06-28,81.125
2018-06-29,82.875
2018-07-02,83.19999694824219
2018-07-03,83.7249984741211
2018-07-05,83.30000305175781
2018-07-06,81.375
2018-07-09,80.2249984741211
2018-07-10,79.5
2018-07-11,79.7750015258789
2018-07-12,79.94999694824219
2018-07-13,79.94999694824219
2018-07-16,79.75
2018-07-17,67.9000015258789
2018-07-18,67.19999694824219
2018-07-19,67.25
2018-07-20,66.44999694824219
2018-07-23,66.42500305175781
2018-07-24,65.55000305175781
2018-07-25,66.4000015258789
2018-07-26,64.9000015258789
2018-07-27,63.650001525878906
2018-07-30,63.29999923706055
2018-07-31,61.125
2018-08-01,60.25
2018-08-02,58.974998474121094
2018-08-03,58.5
2018-08-06,56.599998474121094
2018-08-07,55.79999923706055
2018-08-08,54.79999923706055
2018-08-09,54.974998474121094
2018-08-10,54.79999923706055
2018-08-13,55.525001525878906
2018-08-14,55.0
2018-08-15,52.474998474121094
2018-08-16,55.474998474121094
2018-08-17,58.599998474121094
2018-08-20,56.474998474121094
2018-08-21,56.224998474121094
2018-08-22,53.599998474121094
2018-08-23,51.17499923706055
2018-08-24,51.775001525878906
2018-08-27,54.775001525878906
2018-08-28,52.0
2018-08-29,51.54999923706055
2018-08-30,49.125
2018-08-31,50.42499923706055
2018-09-04,51.07500076293945
2018-09-05,51.974998474121094
2018-09-06,54.974998474121094
2018-09-07,55.650001525878906
2018-09-10,55.95000076293945
2018-09-11,54.474998474121094
2018-09-12,55.79999923706055
2018-09-13,55.67499923706055
2018-09-14,56.224998474121094
2018-09-17,56.45000076293945
2018-09-18,59.17499923706055
2018-09-19,60.0
2018-09-20,61.25
2018-09-21,60.29999923706055
2018-09-24,61.0
2018-09-25,62.42499923706055
2018-09-26,62.20000076293945
2018-09-27,61.29999923706055
2018-09-28,62.17499923706055
2018-10-01,64.75
2018-10-02,66.42500305175781
2018-10-03,67.4749984741211
2018-10-04,67.5
2018-10-05,68.19999694824219
2018-10-08,68.44999694824219
2018-10-09,68.75
2018-10-10,68.4749984741211
2018-10-11,68.67500305175781
2018-10-12,68.75
2018-10-15,56.75
2018-10-16,56.875
2018-10-17,54.70000076293945
2018-10-18,52.29999923706055
2018-10-19,51.599998474121094
2018-10-22,53.17499923706055
2018-10-23,54.525001525878906
2018-10-24,57.525001525878906
2018-10-25,56.775001525878906
2018-10-26,57.92499923706055
2018-10-29,58.849998474121094
2018-10-30,59.0
2018-10-31,58.45000076293945
2018-11-01,58.20000076293945
2018-11-02,58.125
2018-11-05,57.099998474121094
2018-11-06,54.099998474121094
2018-11-07,55.525001525878906
2018-11-08,55.625
2018-11-09,55.79999923706055
2018-11-12,56.54999923706055
2018-11-13,57.29999923706055
2018-11-14,57.0
2018-11-15,57.07500076293945
2018-11-16,60.07500076293945
2018-11-19,61.025001525878906
2018-11-20,58.974998474121094
2018-11-21,58.275001525878906
2018-11-23,59.07500076293945
2018-11-26,57.400001525878906
2018-11-27,57.875
2018-11-28,57.95000076293945
2018-11-29,58.724998474121094
2018-11-30,57.875
2018-12-03,58.025001525878906
2018-12-04,56.875
2018-12-06,54.525001525878906
2018-12-07,54.25
2018-12-10,54.724998474121094
2018-12-11,54.45000076293945
2018-12-12,54.724998474121094
2018-12-13,54.79999923706055
2018-12-14,54.95000076293945
2018-12-17,63.82500076293945
2018-12-18,62.650001525878906
2018-12-19,62.70000076293945
2018-12-20,62.375
2018-12-21,61.125
2018-12-24,60.29999923706055
2018-12-26,60.375
2018-12-27,60.57500076293945
2018-12-28,60.650001525878906
2018-12-31,60.974998474121094
2019-01-02,61.70000076293945
2019-01-03,62.150001525878906
2019-01-04,61.95000076293945
2019-01-07,61.900001525878906
2019-01-08,62.599998474121094
2019-01-09,63.775001525878906
2019-01-10,64.07499694824219
2019-01-11,62.650001525878906
2019-01-14,61.849998474121094
2019-01-15,62.150001525878906
2019-01-16,60.04999923706055
2019-01-17,60.849998474121094
2019-01-18,61.224998474121094
2019-01-22,61.474998474121094
2019-01-23,60.775001525878906
2019-01-24,59.82500076293945
2019-01-25,58.375
2019-01-28,57.974998474121094
2019-01-29,57.32500076293945
2019-01-30,57.45000076293945
2019-01-31,56.25
2019-02-01,56.349998474121094
2019-02-04,57.375
2019-02-05,56.42499923706055
2019-02-06,55.92499923706055
2019-02-07,55.275001525878906
2019-02-08,55.04999923706055
2019-02-11,55.17499923706055
2019-02-12,55.17499923706055
2019-02-13,55.150001525878906
2019-02-14,55.099998474121094
2019-02-15,59.525001525878906
2019-02-19,56.525001525878906
2019-02-20,52.974998474121094
2019-02-21,55.95000076293945
2019-02-22,55.45000076293945
2019-02-25,53.900001525878906
2019-02-26,55.724998474121094
2019-02-27,55.599998474121094
2019-02-28,55.875
2019-03-01,56.400001525878906
2019-03-04,57.32500076293945
2019-03-05,57.900001525878906
2019-03-06,57.07500076293945
2019-03-07,57.724998474121094
2019-03-08,60.54999923706055
2019-03-11,62.849998474121094
2019-03-12,63.650001525878906
2019-03-13,63.474998474121094
2019-03-14,65.80000305175781
2019-03-15,68.80000305175781
2019-03-18,71.0250015258789
2019-03-19,70.82499694824219
2019-03-20,73.82499694824219
2019-03-21,78.32499694824219
2019-03-22,78.32499694824219
2019-03-25,78.6500015258789
2019-03-26,79.7249984741211
2019-03-27,81.32499694824219
2019-03-28,78.875
2019-03-29,77.375
2019-04-01,77.4000015258789
2019-04-02,78.94999694824219
2019-04-03,79.07499694824219
2019-04-04,79.57499694824219
2019-04-05,79.0250015258789
2019-04-08,78.5999984741211
2019-04-09,78.5250015258789
2019-04-10,78.9000015258789
2019-04-11,79.2249984741211
2019-04-12,79.30000305175781
2019-04-15,90.07499694824219
2019-04-16,88.9749984741211
2019-04-17,88.92500305175781
2019-04-18,90.19999694824219
2019-04-22,89.0250015258789
2019-04-23,87.82499694824219
2019-04-24,89.17500305175781
2019-04-25,87.8499984741211
2019-04-26,87.0
2019-04-29,84.7750015258789
2019-04-30,84.30000305175781
2019-05-01,87.0999984741211
2019-05-02,86.0999984741211
2019-05-03,85.3499984741211
2019-05-06,82.375
2019-05-07,83.05000305175781
2019-05-08,83.57499694824219
2019-05-09,83.75
2019-05-10,83.75
2019-05-13,83.55000305175781
2019-05-14,83.55000305175781
2019-05-15,91.82499694824219
2019-05-16,92.2249984741211
2019-05-17,92.375
2019-05-20,91.75
2019-05-21,90.0999984741211
2019-05-22,89.6500015258789
2019-05-23,89.42500305175781
2019-05-24,86.42500305175781
2019-05-28,83.9749984741211
2019-05-29,85.19999694824219
2019-05-30,83.67500305175781
2019-05-31,81.7249984741211
2019-06-03,81.57499694824219
2019-06-04,81.125
2019-06-05,79.8499984741211
2019-06-06,79.375
2019-06-07,78.6500015258789
2019-06-10,79.2750015258789
2019-06-11,79.07499694824219
2019-06-12,79.0250015258789
2019-06-13,79.2249984741211
2019-06-14,79.375
2019-06-17,83.05000305175781
2019-06-18,81.4749984741211
2019-06-19,81.625
2019-06-20,79.25
2019-06-21,76.25
2019-06-24,72.8499984741211
2019-06-25,74.4000015258789
2019-06-26,73.55000305175781
2019-06-27,73.82499694824219
2019-06-28,72.0999984741211
2019-07-01,72.57499694824219
2019-07-02,73.7249984741211
2019-07-03,73.55000305175781
2019-07-05,72.125
2019-07-08,70.07499694824219
2019-07-09,71.375
2019-07-10,71.75
2019-07-11,71.5999984741211
2019-07-12,71.05000305175781
2019-07-15,70.7750015258789
2019-07-16,79.05000305175781
2019-07-17,82.0
2019-07-18,82.7750015258789
2019-07-19,83.875
2019-07-22,83.2249984741211
2019-07-23,86.17500305175781
2019-07-24,86.55000305175781
2019-07-25,85.94999694824219
2019-07-26,86.42500305175781
2019-07-29,84.42500305175781
2019-07-30,82.30000305175781
2019-07-31,79.32499694824219
2019-08-01,76.80000305175781
2019-08-02,76.2750015258789
2019-08-05,77.8499984741211
2019-08-06,77.125
2019-08-07,77.7249984741211
2019-08-08,77.3499984741211
2019-08-09,79.0250015258789
2019-08-12,79.17500305175781
2019-08-13,79.0
2019-08-14,79.4000015258789
2019-08-15,65.0
2019-08-16,62.0
2019-08-19,64.0250015258789
2019-08-20,64.9749984741211
2019-08-21,63.29999923706055
2019-08-22,62.29999923706055
2019-08-23,59.29999923706055
2019-08-26,63.79999923706055
2019-08-27,63.224998474121094
2019-08-28,63.5
2019-08-29,64.9000015258789
2019-08-30,63.525001525878906
2019-09-03,66.5250015258789
2019-09-04,67.125
2019-09-05,66.30000305175781
2019-09-06,63.5
2019-09-09,62.599998474121094
2019-09-10,62.724998474121094
2019-09-11,60.17499923706055
2019-09-12,63.17499923706055
2019-09-13,66.4749984741211
2019-09-16,63.625
2019-09-17,62.099998474121094
2019-09-18,62.92499923706055
2019-09-19,61.400001525878906
2019-09-20,60.349998474121094
2019-09-23,60.95000076293945
2019-09-24,62.0
2019-09-25,64.57499694824219
2019-09-26,64.2249984741211
2019-09-27,65.2750015258789
2019-09-30,65.44999694824219
2019-10-01,62.54999923706055
2019-10-02,62.20000076293945
2019-10-03,62.42499923706055
2019-10-04,62.400001525878906
2019-10-07,60.5
2019-10-08,61.70000076293945
2019-10-09,62.79999923706055
2019-10-10,62.400001525878906
2019-10-11,62.92499923706055
2019-10-14,63.07500076293945
2019-10-15,72.125
2019-10-16,70.625
2019-10-17,68.1500015258789
2019-10-18,67.94999694824219
2019-10-21,67.82499694824219
2019-10-22,65.5
2019-10-23,65.82499694824219
2019-10-24,64.55000305175781
2019-10-25,64.92500305175781
2019-10-28,65.6500015258789
2019-10-29,64.32499694824219
2019-10-30,65.7750015258789
2019-10-31,66.0
2019-11-01,64.44999694824219
2019-11-04,64.5250015258789
2019-11-05,67.2750015258789
2019-11-06,64.7750015258789
2019-11-07,64.30000305175781
2019-11-08,64.125
2019-11-11,63.29999923706055
2019-11-12,64.7249984741211
2019-11-13,63.125
2019-11-14,62.75
2019-11-15,63.20000076293945
2019-11-18,62.75
2019-11-19,62.150001525878906
2019-11-20,60.45000076293945
2019-11-21,60.650001525878906
2019-11-22,61.224998474121094
2019-11-25,61.025001525878906
2019-11-26,60.82500076293945
2019-11-27,60.67499923706055
2019-11-29,62.025001525878906
2019-12-02,60.349998474121094
2019-12-03,62.5
2019-12-04,61.875
2019-12-05,61.57500076293945
2019-12-06,61.125
2019-12-09,60.0
2019-12-10,60.474998474121094
2019-12-11,60.70000076293945
2019-12-12,61.0
2019-12-13,60.474998474121094
2019-12-16,70.5
2019-12-17,69.8499984741211
2019-12-18,69.9000015258789
2019-12-19,70.9749984741211
2019-12-20,70.67500305175781
2019-12-23,70.25
2019-12-24,70.69999694824219
2019-12-26,70.9000015258789
2019-12-27,70.57499694824219
2019-12-30,71.80000305175781
2019-12-31,71.42500305175781
2020-01-02,71.55000305175781
2020-01-03,68.55000305175781
2020-01-06,68.625
2020-01-07,69.2249984741211
2020-01-08,69.0250015258789
2020-01-09,67.0250015258789
2020-01-10,67.25
2020-01-13,65.9000015258789
2020-01-14,67.67500305175781
2020-01-15,67.875
2020-01-16,66.875
2020-01-17,67.67500305175781
2020-01-21,67.3499984741211
2020-01-22,67.55000305175781
2020-01-23,68.5
2020-01-24,67.2249984741211
2020-01-27,65.94999694824219
2020-01-28,66.2249984741211
2020-01-29,64.30000305175781
2020-01-30,61.29999923706055
2020-01-31,57.125
2020-02-03,56.29999923706055
2020-02-04,56.75
2020-02-05,57.099998474121094
2020-02-06,57.70000076293945
2020-02-07,57.099998474121094
2020-02-10,56.20000076293945
2020-02-11,56.125
2020-02-12,55.67499923706055
2020-02-13,56.0
2020-02-14,55.900001525878906
2020-02-18,65.5
2020-02-19,67.57499694824219
2020-02-20,66.875
2020-02-21,67.0250015258789
2020-02-24,64.625
2020-02-25,64.67500305175781
2020-02-26,65.1500015258789
2020-02-27,62.54999923706055
2020-02-28,62.275001525878906
2020-03-02,62.79999923706055
2020-03-03,63.54999923706055
2020-03-04,64.30000305175781
2020-03-05,65.375
2020-03-06,65.92500305175781
2020-03-09,63.0
2020-03-10,65.0
2020-03-11,63.875
2020-03-12,60.875
2020-03-13,56.375
2020-03-16,53.974998474121094
2020-03-17,58.474998474121094
2020-03-18,58.150001525878906
2020-03-19,61.150001525878906
2020-03-20,61.57500076293945
2020-03-23,64.57499694824219
2020-03-24,66.42500305175781
2020-03-25,65.8499984741211
2020-03-26,62.900001525878906
2020-03-27,58.45000076293945
2020-03-30,53.95000076293945
2020-03-31,52.20000076293945
2020-04-01,49.20000076293945
2020-04-02,44.70000076293945
2020-04-03,40.224998474121094
2020-04-06,41.125
2020-04-07,44.125
2020-04-08,43.125
2020-04-09,42.79999923706055
2020-04-13,44.900001525878906
2020-04-14,45.650001525878906
2020-04-15,45.599998474121094
2020-04-16,37.32500076293945
2020-04-17,37.92499923706055
2020-04-20,40.599998474121094
2020-04-21,44.275001525878906
2020-04-22,47.224998474121094
2020-04-23,50.974998474121094
2020-04-24,52.525001525878906
2020-04-27,56.275001525878906
2020-04-28,55.04999923706055
2020-04-29,56.275001525878906
2020-04-30,59.125
2020-05-01,62.875
2020-05-04,67.7249984741211
2020-05-05,66.1500015258789
2020-05-06,68.0999984741211
2020-05-07,68.80000305175781
2020-05-08,67.30000305175781
2020-05-11,66.32499694824219
2020-05-12,68.0250015258789
2020-05-13,68.0
2020-05-14,68.67500305175781
2020-05-15,57.875
2020-05-18,57.650001525878906
2020-05-19,56.650001525878906
2020-05-20,56.875
2020-05-21,59.349998474121094
2020-05-22,58.775001525878906
2020-05-26,60.5
2020-05-27,60.17499923706055
2020-05-28,56.92499923706055
2020-05-29,56.849998474121094
2020-06-01,54.599998474121094
2020-06-02,52.400001525878906
2020-06-03,48.650001525878906
2020-06-04,48.42499923706055
2020-06-05,47.45000076293945
2020-06-08,48.57500076293945
2020-06-09,48.07500076293945
2020-06-10,47.849998474121094
2020-06-11,47.974998474121094
2020-06-12,48.04999923706055
2020-06-15,52.275001525878906
2020-06-16,49.650001525878906
2020-06-17,49.650001525878906
2020-06-18,49.900001525878906
2020-06-19,48.45000076293945
2020-06-22,46.82500076293945
2020-06-23,46.900001525878906
2020-06-24,45.92499923706055
2020-06-25,46.92499923706055
2020-06-26,45.275001525878906
2020-06-29,45.375
2020-06-30,45.17499923706055
2020-07-01,44.79999923706055
2020-07-02,44.724998474121094
2020-07-06,44.95000076293945
2020-07-07,44.525001525878906
2020-07-08,44.04999923706055
2020-07-09,45.849998474121094
2020-07-10,45.974998474121094
2020-07-13,46.67499923706055
2020-07-14,46.79999923706055
2020-07-15,47.32500076293945
2020-07-16,53.650001525878906
2020-07-17,52.79999923706055
2020-07-20,50.400001525878906
2020-07-21,51.474998474121094
2020-07-22,52.650001525878906
2020-07-23,54.474998474121094
2020-07-24,54.0
2020-07-27,54.54999923706055
2020-07-28,54.20000076293945
2020-07-29,53.07500076293945
2020-07-30,51.42499923706055
2020-07-31,52.0
2020-08-03,49.875
2020-08-04,49.70000076293945
2020-08-05,49.45000076293945
2020-08-06,49.75
2020-08-07,51.0
2020-08-10,53.125
2020-08-11,53.07500076293945
2020-08-12,52.900001525878906
2020-08-13,53.70000076293945
2020-08-14,53.82500076293945
2020-08-17,53.525001525878906
2020-08-18,51.42499923706055
2020-08-19,52.54999923706055
2020-08-20,55.17499923706055
2020-08-21,54.25
2020-08-24,54.599998474121094
2020-08-25,55.95000076293945
2020-08-26,55.54999923706055
2020-08-27,55.724998474121094
2020-08-28,53.650001525878906
2020-08-31,53.599998474121094
2020-09-01,55.025001525878906
2020-09-02,56.400001525878906
2020-09-03,59.25
2020-09-04,59.82500076293945
2020-09-08,59.900001525878906
2020-09-09,61.375
2020-09-10,64.375
2020-09-11,66.57499694824219
2020-09-14,64.625
2020-09-15,65.69999694824219
2020-09-16,65.2249984741211
2020-09-17,66.5250015258789
2020-09-18,66.5
2020-09-21,65.5999984741211
2020-09-22,68.32499694824219
2020-09-23,69.5
2020-09-24,69.4749984741211
2020-09-25,71.75
2020-09-28,72.69999694824219
2020-09-29,72.375
2020-09-30,72.80000305175781
2020-10-01,74.1500015258789
2020-10-02,74.5
2020-10-05,74.75
2020-10-06,76.32499694824219
2020-10-07,76.875
2020-10-08,77.3499984741211
2020-10-09,78.125
2020-10-12,78.17500305175781
2020-10-13,77.80000305175781
2020-10-14,78.42500305175781
2020-10-15,69.875
2020-10-16,69.80000305175781
2020-10-19,71.42500305175781
2020-10-20,69.25
2020-10-21,69.19999694824219
2020-10-22,66.19999694824219
2020-10-23,67.0250015258789
2020-10-26,67.75
2020-10-27,67.6500015258789
2020-10-28,66.375
2020-10-29,65.625
2020-10-30,65.57499694824219
2020-11-02,65.94999694824219
2020-11-03,65.4000015258789
2020-11-04,66.3499984741211
2020-11-05,67.42500305175781
2020-11-06,64.9000015258789
2020-11-09,65.5999984741211
2020-11-10,65.125
2020-11-11,64.80000305175781
2020-11-12,65.80000305175781
2020-11-13,64.9000015258789
2020-11-16,65.1500015258789
2020-11-17,65.5250015258789
2020-11-18,65.80000305175781
2020-11-19,63.70000076293945
2020-11-20,64.125
2020-11-23,64.94999694824219
2020-11-24,65.30000305175781
2020-11-25,66.17500305175781
2020-11-27,65.875
2020-11-30,67.57499694824219
2020-12-01,66.9749984741211
2020-12-02,66.3499984741211
2020-12-03,66.0250015258789
2020-12-04,65.875
2020-12-07,64.5
2020-12-08,64.55000305175781
2020-12-09,65.125
2020-12-10,64.80000305175781
2020-12-11,64.67500305175781
2020-12-14,64.9000015258789
2020-12-15,66.44999694824219
2020-12-16,65.9749984741211
2020-12-17,65.5
2020-12-18,65.80000305175781
2020-12-21,65.92500305175781
2020-12-22,66.0250015258789
2020-12-23,67.8499984741211
2020-12-24,66.94999694824219
2020-12-28,66.5
2020-12-29,67.19999694824219
2020-12-30,67.5999984741211
2020-12-31,70.2750015258789
2021-01-04,71.2249984741211
2021-01-05,70.92500305175781
2021-01-06,69.7750015258789
2021-01-07,69.125
2021-01-08,68.69999694824219
2021-01-11,68.4749984741211
2021-01-12,68.5
2021-01-13,66.8499984741211
2021-01-14,66.30000305175781
2021-01-15,67.92500305175781
2021-01-19,66.4749984741211
2021-01-20,68.42500305175781
2021-01-21,68.0999984741211
2021-01-22,69.92500305175781
2021-01-25,70.625
2021-01-26,70.44999694824219
2021-01-27,70.57499694824219
2021-01-28,69.94999694824219
2021-01-29,69.80000305175781
2021-02-01,69.55000305175781
2021-02-02,71.55000305175781
2021-02-03,72.375
2021-02-04,71.0250015258789
2021-02-05,70.9749984741211
2021-02-08,72.17500305175781
2021-02-09,72.5999984741211
2021-02-10,73.55000305175781
2021-02-11,74.0250015258789
2021-02-12,74.0
2021-02-16,86.17500305175781
2021-02-17,84.9000015258789
2021-02-18,84.92500305175781
2021-02-19,84.5
2021-02-22,85.125
2021-02-23,86.42500305175781
2021-02-24,89.42500305175781
2021-02-25,89.75
2021-02-26,87.1500015258789
2021-03-01,87.7249984741211
2021-03-02,85.3499984741211
2021-03-03,87.92500305175781
2021-03-04,87.30000305175781
2021-03-05,87.17500305175781
2021-03-08,87.30000305175781
2021-03-09,88.3499984741211
2021-03-10,88.7750015258789
2021-03-11,91.5
2021-03-12,91.4000015258789
2021-03-15,90.55000305175781
2021-03-16,92.9000015258789
2021-03-17,93.67500305175781
2021-03-18,94.30000305175781
2021-03-19,94.25
2021-03-22,95.05000305175781
2021-03-23,96.4749984741211
2021-03-24,97.7750015258789
2021-03-25,99.67500305175781
2021-03-26,100.80000305175781
2021-03-29,100.375
2021-03-30,100.92500305175781
2021-03-31,101.05000305175781
2021-04-01,101.7750015258789
2021-04-05,102.4000015258789
2021-04-06,102.0999984741211
2021-04-07,102.875
2021-04-08,103.4749984741211
2021-04-09,103.4749984741211
2021-04-12,103.5250015258789
2021-04-13,103.4000015258789
2021-04-14,103.5999984741211
2021-04-15,103.4000015258789
2021-04-16,102.4749984741211
2021-04-19,105.6500015258789
2021-04-20,108.07499694824219
2021-04-21,107.5999984741211
2021-04-22,107.44999694824219
2021-04-23,109.3499984741211
2021-04-26,109.25
2021-04-27,109.80000305175781
2021-04-28,111.2750015258789
2021-04-29,108.7249984741211
2021-04-30,110.125
2021-05-03,110.69999694824219
2021-05-04,111.1500015258789
2021-05-05,111.375
2021-05-06,111.4000015258789
2021-05-07,111.9749984741211
2021-05-10,111.9000015258789
2021-05-11,111.4749984741211
2021-05-12,111.80000305175781
2021-05-13,111.4749984741211
2021-05-14,111.1500015258789
2021-05-17,108.6500015258789
2021-05-18,110.6500015258789
2021-05-19,110.94999694824219
2021-05-20,112.25
2021-05-21,114.2249984741211
2021-05-24,113.3499984741211
2021-05-25,115.25
2021-05-26,115.2750015258789
2021-05-27,115.7249984741211
2021-05-28,117.25
2021-06-01,118.625
2021-06-02,118.25
2021-06-03,119.375
2021-06-04,119.5
2021-06-07,119.9000015258789
2021-06-08,120.69999694824219
2021-06-09,121.94999694824219
2021-06-10,122.44999694824219
2021-06-11,122.67500305175781
2021-06-14,122.875
2021-06-15,118.5
2021-06-16,115.5
2021-06-17,111.0
2021-06-18,108.67500305175781
2021-06-21,107.05000305175781
2021-06-22,107.5250015258789
2021-06-23,104.5250015258789
2021-06-24,100.0250015258789
2021-06-25,101.94999694824219
2021-06-28,104.94999694824219
2021-06-29,106.9749984741211
2021-06-30,107.4749984741211
2021-07-01,107.30000305175781
2021-07-02,108.6500015258789
2021-07-06,109.92500305175781
2021-07-07,109.1500015258789
2021-07-08,110.0999984741211
2021-07-09,111.0
2021-07-12,112.4749984741211
2021-07-13,112.25
2021-07-14,112.375
2021-07-15,112.125
2021-07-16,105.6500015258789
2021-07-19,104.4749984741211
2021-07-20,105.0
2021-07-21,106.57499694824219
2021-07-22,106.6500015258789
2021-07-23,107.3499984741211
2021-07-26,107.4000015258789
2021-07-27,107.4749984741211
2021-07-28,105.69999694824219
2021-07-29,106.30000305175781
2021-07-30,106.19999694824219
2021-08-02,107.5
2021-08-03,109.07499694824219
2021-08-04,109.4749984741211
2021-08-05,109.4749984741211
2021-08-06,108.75
2021-08-09,108.9000015258789
2021-08-10,109.67500305175781
2021-08-11,109.625
2021-08-12,110.125
2021-08-13,109.80000305175781
2021-08-16,89.0
2021-08-17,87.9000015258789
2021-08-18,89.0999984741211
2021-08-19,86.92500305175781
2021-08-20,88.625
2021-08-23,87.4749984741211
2021-08-24,86.9749984741211
2021-08-25,88.75
2021-08-26,87.9000015258789
2021-08-27,90.7249984741211
2021-08-30,90.1500015258789
2021-08-31,88.80000305175781
2021-09-01,90.1500015258789
2021-09-02,89.8499984741211
2021-09-03,89.57499694824219
2021-09-07,88.0999984741211
2021-09-08,87.375
2021-09-09,85.4749984741211
2021-09-10,82.44999694824219
2021-09-13,80.7750015258789
2021-09-14,80.375
2021-09-15,82.2750015258789
2021-09-16,85.4749984741211
2021-09-17,85.7249984741211
2021-09-20,84.9749984741211
2021-09-21,84.375
2021-09-22,83.8499984741211
2021-09-23,84.75
2021-09-24,87.2750015258789
2021-09-27,90.25
2021-09-28,91.67500305175781
2021-09-29,90.80000305175781
2021-09-30,91.5999984741211
2021-10-01,92.30000305175781
2021-10-04,90.80000305175781
2021-10-05,90.9749984741211
2021-10-06,89.625
2021-10-07,89.8499984741211
2021-10-08,90.25
2021-10-11,89.94999694824219
2021-10-12,89.07499694824219
2021-10-13,88.6500015258789
2021-10-14,88.19999694824219
2021-10-15,78.2750015258789
2021-10-18,78.75
2021-10-19,77.4000015258789
2021-10-20,76.0250015258789
2021-10-21,73.19999694824219
2021-10-22,73.32499694824219
2021-10-25,74.19999694824219
2021-10-26,72.57499694824219
2021-10-27,71.9749984741211
2021-10-28,75.19999694824219
2021-10-29,76.07499694824219
2021-11-01,76.1500015258789
2021-11-02,74.25
2021-11-03,75.94999694824219
2021-11-04,77.875
2021-11-05,76.55000305175781
2021-11-08,76.375
2021-11-09,74.94999694824219
2021-11-10,75.69999694824219
2021-11-11,75.375
2021-11-12,75.875
2021-11-15,75.80000305175781
2021-11-16,77.7249984741211
2021-11-17,76.17500305175781
2021-11-18,75.0999984741211
2021-11-19,73.75
2021-11-22,74.6500015258789
2021-11-23,74.1500015258789
2021-11-24,75.42500305175781
2021-11-26,73.19999694824219
2021-11-29,72.4000015258789
2021-11-30,73.375
2021-12-01,73.625
2021-12-02,74.4000015258789
2021-12-03,74.0
2021-12-06,72.05000305175781
2021-12-07,72.07499694824219
2021-12-08,70.82499694824219
2021-12-09,72.42500305175781
2021-12-10,73.05000305175781
2021-12-13,72.2750015258789
2021-12-14,72.17500305175781
2021-12-15,79.32499694824219
2021-12-16,80.3499984741211
2021-12-17,80.80000305175781
2021-12-20,79.4749984741211
2021-12-21,82.42500305175781
2021-12-22,83.3499984741211
2021-12-23,83.2249984741211
2021-12-27,83.6500015258789
2021-12-28,82.625
2021-12-29,83.82499694824219
2021-12-30,82.69999694824219
2021-12-31,81.4749984741211
2022-01-03,81.125
2022-01-04,80.1500015258789
2022-01-05,82.2750015258789
2022-01-06,82.94999694824219
2022-01-07,79.6500015258789
2022-01-10,78.375
2022-01-11,77.8499984741211
2022-01-12,78.8499984741211
2022-01-13,77.8499984741211
2022-01-14,80.9000015258789
2022-01-18,81.5999984741211
2022-01-19,82.30000305175781
2022-01-20,84.92500305175781
2022-01-21,86.19999694824219
2022-01-24,86.32499694824219
2022-01-25,87.44999694824219
2022-01-26,88.0250015258789
2022-01-27,87.0250015258789
2022-01-28,87.92500305175781
2022-01-31,88.4749984741211
2022-02-01,88.1500015258789
2022-02-02,87.3499984741211
2022-02-03,86.44999694824219
2022-02-04,87.0250015258789
2022-02-07,87.69999694824219
2022-02-08,90.32499694824219
2022-02-09,90.2249984741211
2022-02-10,90.17500305175781
2022-02-11,90.5
2022-02-14,91.625
2022-02-15,104.1500015258789
2022-02-16,105.4000015258789
2022-02-17,107.57499694824219
2022-02-18,109.4000015258789
2022-02-22,112.07499694824219
2022-02-23,108.0250015258789
2022-02-24,105.5250015258789
2022-02-25,103.67500305175781
2022-02-28,103.5
2022-03-01,106.19999694824219
2022-03-02,106.30000305175781
2022-03-03,105.19999694824219
2022-03-04,100.44999694824219
2022-03-07,100.2750015258789
2022-03-08,102.92500305175781
2022-03-09,101.1500015258789
2022-03-10,100.0999984741211
2022-03-11,102.7249984741211
2022-03-14,102.19999694824219
2022-03-15,102.4000015258789
2022-03-16,102.375
2022-03-17,100.3499984741211
2022-03-18,99.4000015258789
2022-03-21,100.625
2022-03-22,100.25
2022-03-23,102.55000305175781
2022-03-24,102.7750015258789
2022-03-25,107.4749984741211
2022-03-28,107.57499694824219
2022-03-29,106.05000305175781
2022-03-30,104.5250015258789
2022-03-31,101.75
2022-04-01,101.30000305175781
2022-04-04,99.44999694824219
2022-04-05,97.67500305175781
2022-04-06,98.75
2022-04-07,99.05000305175781
2022-04-08,99.0250015258789
2022-04-11,98.42500305175781
2022-04-12,99.625
2022-04-13,99.9000015258789
2022-04-14,99.875
2022-04-18,116.5250015258789
2022-04-19,114.69999694824219
2022-04-20,112.4749984741211
2022-04-21,110.8499984741211
2022-04-22,111.8499984741211
2022-04-25,107.80000305175781
2022-04-26,105.19999694824219
2022-04-27,104.17500305175781
2022-04-28,103.9749984741211
2022-04-29,100.9000015258789
2022-05-02,99.875
2022-05-03,99.7750015258789
2022-05-04,102.5999984741211
2022-05-05,102.80000305175781
2022-05-06,102.19999694824219
2022-05-09,100.875
2022-05-10,101.07499694824219
2022-05-11,100.92500305175781
2022-05-12,100.0999984741211
2022-05-13,100.0
2022-05-16,103.82499694824219
2022-05-17,105.1500015258789
2022-05-18,106.0999984741211
2022-05-19,105.30000305175781
2022-05-20,108.875
2022-05-23,110.375
2022-05-24,109.0250015258789
2022-05-25,109.05000305175781
2022-05-26,111.0999984741211
2022-05-27,110.4000015258789
2022-05-31,107.9749984741211
2022-06-01,109.80000305175781
2022-06-02,110.05000305175781
2022-06-03,110.19999694824219
2022-06-06,109.2249984741211
2022-06-07,108.42500305175781
2022-06-08,107.8499984741211
2022-06-09,106.9749984741211
2022-06-10,107.80000305175781
2022-06-13,108.0
2022-06-14,108.44999694824219
2022-06-15,108.2750015258789
2022-06-16,109.57499694824219
2022-06-17,111.0
2022-06-21,112.7249984741211
2022-06-22,111.8499984741211
2022-06-23,108.55000305175781
2022-06-24,110.92500305175781
2022-06-27,110.17500305175781
2022-06-28,109.92500305175781
2022-06-29,109.4000015258789
2022-06-30,109.125
2022-07-01,109.5999984741211
2022-07-05,112.1500015258789
2022-07-06,113.1500015258789
2022-07-07,113.25
2022-07-08,112.8499984741211
2022-07-11,113.1500015258789
2022-07-12,113.5999984741211
2022-07-13,114.5
2022-07-14,114.92500305175781
2022-07-15,114.9000015258789
2022-07-18,112.125
2022-07-19,112.82499694824219
2022-07-20,114.875
2022-07-21,116.30000305175781
2022-07-22,118.69999694824219
2022-07-25,117.2249984741211
2022-07-26,116.9749984741211
2022-07-27,118.5999984741211
2022-07-28,119.125
2022-07-29,120.6500015258789
2022-08-01,120.44999694824219
2022-08-02,119.8499984741211
2022-08-03,121.0
2022-08-04,120.6500015258789
2022-08-05,120.82499694824219
2022-08-08,121.80000305175781
2022-08-09,122.19999694824219
2022-08-10,122.25
2022-08-11,122.4000015258789
2022-08-12,121.7249984741211
2022-08-15,100.57499694824219
2022-08-16,96.57499694824219
2022-08-17,98.05000305175781
2022-08-18,93.30000305175781
2022-08-19,93.125
2022-08-22,93.9749984741211
2022-08-23,92.9000015258789
2022-08-24,90.375
2022-08-25,91.0999984741211
2022-08-26,90.6500015258789
2022-08-29,92.25
2022-08-30,93.5999984741211
2022-08-31,91.5250015258789
2022-09-01,91.94999694824219
2022-09-02,90.0250015258789
2022-09-06,91.0999984741211
2022-09-07,91.07499694824219
2022-09-08,92.125
2022-09-09,93.17500305175781
2022-09-12,91.875
2022-09-13,95.75
2022-09-14,94.69999694824219
2022-09-15,96.05000305175781
2022-09-16,96.9000015258789
2022-09-19,96.4749984741211
2022-09-20,95.9749984741211
2022-09-21,94.42500305175781
2022-09-22,94.125
2022-09-23,92.625
2022-09-26,90.375
2022-09-27,88.69999694824219
2022-09-28,89.375
2022-09-29,89.44999694824219
2022-09-30,89.2249984741211
2022-10-03,88.7750015258789
2022-10-04,87.0
2022-10-05,90.80000305175781
2022-10-06,92.375
2022-10-07,92.94999694824219
2022-10-10,93.75
2022-10-11,93.0250015258789
2022-10-12,93.0999984741211
2022-10-13,93.42500305175781
2022-10-14,93.375
2022-10-17,84.94999694824219
2022-10-18,86.4749984741211
2022-10-19,87.375
2022-10-20,87.0250015258789
2022-10-21,89.125
2022-10-24,87.92500305175781
2022-10-25,88.44999694824219
2022-10-26,88.5
2022-10-27,85.125
2022-10-28,86.0999984741211
2022-10-31,84.92500305175781
2022-11-01,85.19999694824219
2022-11-02,83.30000305175781
2022-11-03,83.375
2022-11-04,82.9749984741211
2022-11-07,87.05000305175781
2022-11-08,85.57499694824219
2022-11-09,85.2750015258789
2022-11-10,84.875
2022-11-11,84.3499984741211
2022-11-14,84.875
2022-11-15,85.32499694824219
2022-11-16,85.57499694824219
2022-11-17,84.9749984741211
2022-11-18,84.2249984741211
2022-11-21,83.80000305175781
2022-11-22,84.25
2022-11-23,83.94999694824219
2022-11-25,83.7750015258789
2022-11-28,80.5999984741211
2022-11-29,81.07499694824219
2022-11-30,82.9000015258789
2022-12-01,83.125
2022-12-02,82.42500305175781
2022-12-05,82.07499694824219
2022-12-06,82.2750015258789
2022-12-07,82.375
2022-12-08,82.0
2022-12-09,81.57499694824219
2022-12-12,81.94999694824219
2022-12-13,82.4000015258789
2022-12-14,82.32499694824219
2022-12-15,81.6500015258789
2022-12-16,85.7750015258789
2022-12-19,85.69999694824219
2022-12-20,84.25
2022-12-21,88.4000015258789
2022-12-22,89.05000305175781
2022-12-23,87.82499694824219
2022-12-27,91.4749984741211
2022-12-28,90.80000305175781
2022-12-29,88.67500305175781
2022-12-30,87.69999694824219
2023-01-03,85.07499694824219
2023-01-04,84.07499694824219
2023-01-05,82.5250015258789
2023-01-06,80.2750015258789
2023-01-09,80.80000305175781
2023-01-10,79.80000305175781
2023-01-11,79.30000305175781
2023-01-12,78.75
2023-01-13,78.6500015258789
2023-01-17,78.44999694824219
2023-01-18,77.32499694824219
2023-01-19,76.6500015258789
2023-01-20,77.82499694824219
2023-01-23,77.57499694824219
2023-01-24,77.0999984741211
2023-01-25,76.80000305175781
2023-01-26,77.0250015258789
2023-01-27,75.875
2023-01-30,75.1500015258789
2023-01-31,74.875
2023-02-01,73.9749984741211
2023-02-02,75.3499984741211
2023-02-03,75.0250015258789
2023-02-06,75.05000305175781
2023-02-07,75.375
2023-02-08,75.92500305175781
2023-02-09,75.82499694824219
2023-02-10,75.875
2023-02-13,75.82499694824219
2023-02-14,75.67500305175781
2023-02-15,86.5
2023-02-16,85.7750015258789
2023-02-17,85.2750015258789
2023-02-21,89.0999984741211
2023-02-22,86.55000305175781
2023-02-23,86.19999694824219
2023-02-24,86.0250015258789
2023-02-27,84.7249984741211
2023-02-28,85.17500305175781
2023-03-01,84.94999694824219
2023-03-02,83.8499984741211
2023-03-03,84.55000305175781
2023-03-06,83.4749984741211
2023-03-07,84.80000305175781
2023-03-08,85.75
2023-03-09,85.07499694824219
2023-03-10,87.44999694824219
2023-03-13,86.2249984741211
2023-03-14,85.4000015258789
2023-03-15,83.75
2023-03-16,79.44999694824219
2023-03-17,79.875
2023-03-20,77.7750015258789
2023-03-21,77.05000305175781
2023-03-22,76.07499694824219
2023-03-23,75.75
2023-03-24,77.17500305175781
2023-03-27,78.625
2023-03-28,77.75
2023-03-29,76.7750015258789
2023-03-30,76.44999694824219
2023-03-31,75.25
2023-04-03,74.5250015258789
2023-04-04,72.2249984741211
2023-04-05,73.4000015258789
2023-04-06,74.1500015258789
2023-04-10,73.375
2023-04-11,73.05000305175781
2023-04-12,72.30000305175781
2023-04-13,71.5999984741211
2023-04-14,71.75
2023-04-17,71.875
2023-04-18,78.82499694824219
2023-04-19,78.7750015258789
2023-04-20,76.82499694824219
2023-04-21,77.0250015258789
2023-04-24,77.69999694824219
2023-04-25,76.875
2023-04-26,78.2750015258789
2023-04-27,78.125
2023-04-28,79.6500015258789
2023-05-01,79.30000305175781
2023-05-02,78.17500305175781
2023-05-03,78.1500015258789
2023-05-04,77.07499694824219
2023-05-05,75.5250015258789
2023-05-08,75.625
2023-05-09,76.2750015258789
2023-05-10,76.57499694824219
2023-05-11,76.5999984741211
2023-05-12,76.625
2023-05-15,86.1500015258789
2023-05-16,87.19999694824219
2023-05-17,84.875
2023-05-18,85.30000305175781
2023-05-19,83.0250015258789
2023-05-22,81.82499694824219
2023-05-23,80.67500305175781
2023-05-24,79.80000305175781
2023-05-25,77.6500015258789
2023-05-26,76.07499694824219
2023-05-30,80.82499694824219
2023-05-31,82.57499694824219
2023-06-01,83.55000305175781
2023-06-02,86.7249984741211
2023-06-05,85.32499694824219
2023-06-06,88.30000305175781
2023-06-07,87.69999694824219
2023-06-08,87.67500305175781
2023-06-09,87.875
2023-06-12,87.17500305175781
2023-06-13,87.125
2023-06-14,87.19999694824219
2023-06-15,91.92500305175781
2023-06-16,92.8499984741211
2023-06-20,95.8499984741211
2023-06-21,94.75
2023-06-22,91.8499984741211
2023-06-23,91.2750015258789
2023-06-26,93.4000015258789
2023-06-27,94.125
2023-06-28,94.2750015258789
2023-06-29,95.44999694824219
2023-06-30,95.6500015258789
2023-07-03,97.82499694824219
2023-07-05,101.2750015258789
2023-07-06,100.05000305175781
2023-07-07,99.0
2023-07-10,98.80000305175781
2023-07-11,101.2750015258789
2023-07-12,101.17500305175781
2023-07-13,102.3499984741211
2023-07-14,101.9749984741211
2023-07-17,102.3499984741211
2023-07-18,96.2750015258789
2023-07-19,97.92500305175781
2023-07-20,100.625
2023-07-21,100.67500305175781
2023-07-24,100.0999984741211
2023-07-25,101.6500015258789
2023-07-26,101.6500015258789
2023-07-27,102.0250015258789
2023-07-28,103.19999694824219
2023-07-31,104.125
2023-08-01,103.67500305175781
2023-08-02,102.67500305175781
2023-08-03,101.0
2023-08-04,101.0250015258789
2023-08-07,101.5250015258789
2023-08-08,102.0999984741211
2023-08-09,101.6500015258789
2023-08-10,101.7249984741211
2023-08-11,102.0999984741211
2023-08-14,102.25
2023-08-15,78.19999694824219
2023-08-16,78.17500305175781
2023-08-17,79.1500015258789
2023-08-18,82.125
2023-08-21,80.625
2023-08-22,79.57499694824219
2023-08-23,78.55000305175781
2023-08-24,80.4749984741211
2023-08-25,79.82499694824219
2023-08-28,81.8499984741211
2023-08-29,80.7249984741211
2023-08-30,83.5999984741211
2023-08-31,82.55000305175781
2023-09-01,83.05000305175781
2023-09-05,83.17500305175781
2023-09-06,81.875
2023-09-07,82.82499694824219
2023-09-08,81.5250015258789
2023-09-11,82.55000305175781
2023-09-12,85.2750015258789
2023-09-13,83.9749984741211
2023-09-14,83.3499984741211
2023-09-15,83.125
2023-09-18,83.25
2023-09-19,84.8499984741211
2023-09-20,85.7750015258789
2023-09-21,82.94999694824219
2023-09-22,81.5250015258789
2023-09-25,81.5250015258789
2023-09-26,81.625
2023-09-27,82.125
2023-09-28,83.94999694824219
2023-09-29,80.19999694824219
2023-10-02,79.8499984741211
2023-10-03,79.9749984741211
2023-10-04,79.92500305175781
2023-10-05,80.9000015258789
2023-10-06,82.32499694824219
2023-10-09,81.9749984741211
2023-10-10,81.94999694824219
2023-10-11,82.1500015258789
2023-10-12,82.0999984741211
2023-10-13,81.92500305175781
2023-10-16,68.30000305175781
2023-10-17,67.55000305175781
2023-10-18,68.0250015258789
2023-10-19,68.0
2023-10-20,66.0
2023-10-23,66.17500305175781
2023-10-24,66.375
2023-10-25,67.5
2023-10-26,68.625
2023-10-27,70.4749984741211
2023-10-30,71.17500305175781
2023-10-31,71.7249984741211
2023-11-01,70.1500015258789
2023-11-02,73.2750015258789
2023-11-03,71.75
2023-11-06,72.4000015258789
2023-11-07,72.9000015258789
2023-11-08,71.5
2023-11-09,71.44999694824219
2023-11-10,71.9000015258789
2023-11-13,73.3499984741211
2023-11-14,72.30000305175781
2023-11-15,71.05000305175781
2023-11-16,71.4749984741211
2023-11-17,70.9749984741211
2023-11-20,70.3499984741211
2023-11-21,68.17500305175781
2023-11-22,68.2750015258789
2023-11-24,67.57499694824219
2023-11-27,67.875
2023-11-28,68.92500305175781
2023-11-29,68.9749984741211
2023-11-30,68.7750015258789
2023-12-01,68.5999984741211
2023-12-04,68.05000305175781
2023-12-05,66.82499694824219
2023-12-06,67.55000305175781
2023-12-07,67.55000305175781
2023-12-08,68.42500305175781
2023-12-11,68.25
2023-12-12,67.82499694824219
2023-12-13,67.92500305175781
2023-12-14,67.17500305175781
2023-12-15,71.9000015258789
2023-12-18,71.57499694824219
2023-12-19,70.55000305175781
2023-12-20,70.2249984741211
2023-12-21,70.6500015258789
2023-12-22,71.3499984741211
2023-12-26,69.30000305175781
2023-12-27,69.875
2023-12-28,68.44999694824219
2023-12-29,67.9749984741211
2024-01-02,65.32499694824219
2024-01-03,65.30000305175781
2024-01-04,69.05000305175781
2024-01-05,70.0
2024-01-08,70.5999984741211
2024-01-09,71.875
2024-01-10,72.07499694824219
2024-01-11,72.5999984741211
2024-01-12,71.9000015258789
2024-01-16,70.7750015258789
2024-01-17,71.44999694824219
2024-01-18,71.0999984741211
2024-01-19,70.75
2024-01-22,70.92500305175781
2024-01-23,73.30000305175781
2024-01-24,73.9000015258789
2024-01-25,74.30000305175781
2024-01-26,74.92500305175781
2024-01-29,75.2750015258789
2024-01-30,75.8499984741211
2024-01-31,76.3499984741211
2024-02-01,75.80000305175781
2024-02-02,75.44999694824219
2024-02-05,74.4000015258789
2024-02-06,73.4749984741211
2024-02-07,73.375
2024-02-08,73.30000305175781
2024-02-09,73.67500305175781
2024-02-12,73.57499694824219
2024-02-13,74.2249984741211
2024-02-14,75.17500305175781
2024-02-15,85.0
2024-02-16,85.2249984741211
2024-02-20,85.67500305175781
2024-02-21,85.9749984741211
2024-02-22,87.19999694824219
2024-02-23,87.19999694824219
2024-02-26,86.2750015258789
2024-02-27,85.9000015258789
2024-02-28,86.0
2024-02-29,86.625
2024-03-01,88.07499694824219
2024-03-04,86.2750015258789
2024-03-05,85.17500305175781
2024-03-06,85.0
2024-03-07,84.5250015258789
2024-03-08,84.375
2024-03-11,83.2750015258789
2024-03-12,85.3499984741211
2024-03-13,84.875
2024-03-14,85.0250015258789
2024-03-15,86.92500305175781
2024-03-18,86.82499694824219
2024-03-19,85.82499694824219
2024-03-20,85.30000305175781
2024-03-21,84.9000015258789
2024-03-22,84.57499694824219
2024-03-25,85.1500015258789
2024-03-26,85.57499694824219
2024-03-27,86.0999984741211
2024-03-28,86.625
2024-04-01,86.94999694824219
2024-04-02,86.55000305175781
2024-04-03,87.9749984741211
2024-04-04,88.3499984741211
2024-04-05,89.32499694824219
2024-04-08,89.75
2024-04-09,90.5999984741211
2024-04-10,91.75
2024-04-11,91.44999694824219
2024-04-12,90.875
2024-04-15,94.32499694824219
2024-04-16,94.7249984741211
2024-04-17,94.92500305175781
2024-04-18,94.7249984741211
2024-04-19,96.2249984741211
2024-04-22,96.69999694824219
2024-04-23,98.57499694824219
2024-04-24,97.3499984741211
2024-04-25,95.2750015258789
2024-04-26,94.2750015258789
2024-04-29,94.0250015258789
2024-04-30,94.1500015258789
2024-05-01,93.0250015258789
2024-05-02,93.07499694824219
2024-05-03,92.42500305175781
2024-05-06,92.17500305175781
2024-05-07,92.5250015258789
2024-05-08,92.5250015258789
2024-05-09,91.9749984741211
2024-05-10,91.7249984741211
2024-05-13,91.44999694824219
2024-05-14,91.82499694824219
2024-05-15,97.5
2024-05-16,98.375
2024-05-17,96.5
2024-05-20,96.92500305175781
2024-05-21,96.4000015258789
2024-05-22,95.4000015258789
2024-05-23,94.5250015258789
2024-05-24,94.2750015258789
2024-05-28,93.80000305175781
2024-05-29,93.7750015258789
2024-05-30,93.9749984741211
2024-05-31,94.3499984741211
2024-06-03,93.6500015258789
2024-06-04,92.69999694824219
2024-06-05,92.0999984741211
2024-06-06,92.1500015258789
2024-06-07,92.5250015258789
2024-06-10,92.25
2024-06-11,91.94999694824219
2024-06-12,92.0250015258789
2024-06-13,91.75
2024-06-14,91.17500305175781
2024-06-17,95.375
2024-06-18,93.7750015258789
2024-06-20,91.1500015258789
2024-06-21,92.05000305175781
2024-06-24,89.94999694824219
2024-06-25,89.0
2024-06-26,89.9000015258789
2024-06-27,89.44999694824219
2024-06-28,89.57499694824219
2024-07-01,89.19999694824219
2024-07-02,89.2249984741211
2024-07-03,89.75
2024-07-05,89.875
2024-07-08,89.67500305175781
2024-07-09,89.32499694824219
2024-07-10,88.44999694824219
2024-07-11,88.55000305175781
2024-07-12,88.69999694824219
2024-07-15,88.6500015258789
2024-07-16,91.2750015258789
2024-07-17,91.6500015258789
2024-07-18,91.375
2024-07-19,91.57499694824219
2024-07-22,92.375
2024-07-23,93.6500015258789
2024-07-24,93.7750015258789
2024-07-25,93.7750015258789
2024-07-26,93.4749984741211
2024-07-29,91.44999694824219
2024-07-30,91.19999694824219
2024-07-31,92.2750015258789
2024-08-01,93.1500015258789
2024-08-02,92.19999694824219
2024-08-05,91.1500015258789
2024-08-06,91.2750015258789
2024-08-07,90.5999984741211
2024-08-08,90.0250015258789
2024-08-09,89.80000305175781
2024-08-12,90.0250015258789
2024-08-13,89.9000015258789
2024-08-14,90.0999984741211
2024-08-15,76.5
2024-08-16,75.07499694824219
2024-08-19,76.80000305175781
2024-08-20,76.4000015258789
2024-08-21,76.1500015258789
2024-08-22,79.625
2024-08-23,80.55000305175781
2024-08-26,80.4000015258789
2024-08-27,82.07499694824219
2024-08-28,81.67500305175781
2024-08-29,82.17500305175781
2024-08-30,82.2249984741211
2024-09-03,82.5250015258789
2024-09-04,81.57499694824219
2024-09-05,80.69999694824219
2024-09-06,79.5
2024-09-09,78.80000305175781
2024-09-10,78.55000305175781
2024-09-11,79.75
2024-09-12,78.9000015258789
2024-09-13,78.44999694824219
2024-09-16,79.92500305175781
2024-09-17,81.7750015258789
2024-09-18,82.05000305175781
2024-09-19,82.25
2024-09-20,82.2249984741211
2024-09-23,82.30000305175781
2024-09-24,82.125
2024-09-25,82.4749984741211
2024-09-26,82.0250015258789
2024-09-27,82.05000305175781
2024-09-30,82.25
2024-10-01,83.5
2024-10-02,84.67500305175781
2024-10-03,84.17500305175781
2024-10-04,84.0250015258789
2024-10-07,83.9749984741211
2024-10-08,84.125
2024-10-09,83.92500305175781
2024-10-10,84.0250015258789
2024-10-11,84.07499694824219
2024-10-14,84.0999984741211
2024-10-15,75.2249984741211
2024-10-16,77.69999694824219
2024-10-17,77.67500305175781
2024-10-18,77.82499694824219
2024-10-21,78.2750015258789
2024-10-22,79.125
2024-10-23,80.17500305175781
2024-10-24,78.6500015258789
2024-10-25,79.67500305175781
2024-10-28,80.625
2024-10-29,82.82499694824219
2024-10-30,84.375
2024-10-31,83.80000305175781
2024-11-01,84.07499694824219
2024-11-04,83.2249984741211
2024-11-05,81.125
2024-11-06,82.125
2024-11-07,81.19999694824219
2024-11-08,80.42500305175781
2024-11-11,81.7750015258789
2024-11-12,82.3499984741211
2024-11-13,81.875
2024-11-14,80.0999984741211
2024-11-15,79.5
2024-11-18,80.0250015258789
2024-11-19,79.55000305175781
2024-11-20,80.5250015258789
2024-11-21,80.80000305175781
2024-11-22,81.67500305175781
2024-11-25,81.9749984741211
2024-11-26,83.0999984741211
2024-11-27,82.4000015258789
2024-11-29,82.07499694824219
2024-12-02,83.2249984741211
2024-12-03,83.25
2024-12-04,82.5
2024-12-05,82.42500305175781
2024-12-06,83.30000305175781
2024-12-09,82.9000015258789
2024-12-10,82.92500305175781
2024-12-11,83.5
2024-12-12,83.55000305175781
2024-12-13,83.7249984741211
2024-12-16,83.55000305175781
2024-12-17,83.19999694824219
2024-12-18,83.69999694824219
2024-12-19,83.625
2024-12-20,85.92500305175781
2024-12-23,84.375
2024-12-24,84.375
2024-12-26,84.19999694824219
2024-12-27,84.1500015258789
2024-12-30,81.625
2024-12-31,81.30000305175781
2025-01-02,81.1500015258789
2025-01-03,80.7750015258789
2025-01-06,79.6500015258789
2025-01-07,79.17500305175781
2025-01-08,79.4749984741211
2025-01-09,81.7750015258789
2025-01-10,82.55000305175781
2025-01-13,83.17500305175781
2025-01-14,83.625
2025-01-15,83.125
2025-01-16,82.30000305175781
2025-01-17,81.125
2025-01-21,81.19999694824219
2025-01-22,81.4749984741211
2025-01-23,82.125
2025-01-24,82.30000305175781
2025-01-27,83.05000305175781
2025-01-28,83.9000015258789
2025-01-29,83.9000015258789
2025-01-30,84.375
2025-01-31,84.17500305175781
2025-02-03,84.32499694824219
2025-02-04,85.07499694824219
2025-02-05,86.6500015258789
2025-02-06,86.6500015258789
2025-02-07,87.25
2025-02-10,87.69999694824219
2025-02-11,88.7249984741211
2025-02-12,89.44999694824219
2025-02-13,89.375
2025-02-14,89.4749984741211
2025-02-18,93.19999694824219
2025-02-19,89.75
2025-02-20,88.5250015258789
2025-02-21,87.67500305175781
2025-02-24,87.4000015258789
2025-02-25,86.57499694824219
2025-02-26,88.30000305175781
2025-02-27,84.375
2025-02-28,83.67500305175781
2025-03-03,83.69999694824219
2025-03-04,82.3499984741211
2025-03-05,84.69999694824219
2025-03-06,86.6500015258789
2025-03-07,87.3499984741211
2025-03-10,88.30000305175781
2025-03-11,86.55000305175781
2025-03-12,86.5
2025-03-13,85.625
2025-03-14,86.625
2025-03-17,88.07499694824219
2025-03-18,87.5999984741211
2025-03-19,85.57499694824219
2025-03-20,85.55000305175781
2025-03-21,86.125
2025-03-24,85.69999694824219
2025-03-25,86.6500015258789
2025-03-26,87.55000305175781
2025-03-27,87.0250015258789
2025-03-28,86.69999694824219
2025-03-31,87.7249984741211
2025-04-01,87.375
2025-04-02,87.44999694824219
2025-04-03,87.375
2025-04-04,87.375
2025-04-07,87.80000305175781
2025-04-08,87.82499694824219
2025-04-09,86.9749984741211
2025-04-10,86.0
2025-04-11,85.42500305175781
2025-04-14,85.4749984741211
2025-04-15,88.19999694824219
2025-04-16,90.1500015258789
2025-04-17,90.4000015258789
2025-04-21,91.0250015258789
2025-04-22,92.2249984741211
2025-04-23,91.875
2025-04-24,91.94999694824219
2025-04-25,92.80000305175781
2025-04-28,92.94999694824219
2025-04-29,92.55000305175781
2025-04-30,91.92500305175781
2025-05-01,92.4000015258789
2025-05-02,92.94999694824219
2025-05-05,92.25
2025-05-06,91.55000305175781
2025-05-07,91.1500015258789
2025-05-08,90.6500015258789
2025-05-09,90.375
2025-05-12,90.7249984741211
2025-05-13,90.9749984741211
2025-05-14,91.0
2025-05-15,100.69999694824219
2025-05-16,100.32499694824219
2025-05-19,99.25
2025-05-20,100.0250015258789
2025-05-21,99.5250015258789
2025-05-22,98.69999694824219
2025-05-23,98.30000305175781
2025-05-27,99.0999984741211
2025-05-28,100.2750015258789
2025-05-29,100.0250015258789
2025-05-30,101.32499694824219
2025-06-02,100.8499984741211
2025-06-03,100.2249984741211
2025-06-04,99.9749984741211
2025-06-05,100.8499984741211
2025-06-06,102.625
2025-06-09,102.7750015258789
2025-06-10,103.1500015258789
2025-06-11,103.375
2025-06-12,103.6500015258789
2025-06-13,103.69999694824219
2025-06-16,111.80000305175781
2025-06-17,111.6500015258789
2025-06-18,112.17500305175781
2025-06-20,112.7750015258789
2025-06-23,113.44999694824219
2025-06-24,112.2249984741211
2025-06-25,112.82499694824219
2025-06-26,112.32499694824219
2025-06-27,113.25
2025-06-30,110.0999984741211
2025-07-01,109.0
2025-07-02,109.6500015258789
2025-07-03,107.9749984741211
2025-07-07,106.94999694824219
2025-07-08,106.9749984741211
2025-07-09,107.0999984741211
2025-07-10,107.25
2025-07-11,106.7249984741211
2025-07-14,106.69999694824219
2025-07-15,106.8499984741211
2025-07-16,104.42500305175781
2025-07-17,105.82499694824219
2025-07-18,106.4749984741211
2025-07-21,107.3499984741211
2025-07-22,107.75
2025-07-23,108.4749984741211
2025-07-24,108.19999694824219
2025-07-25,108.69999694824219
2025-07-28,108.5250015258789
2025-07-29,107.25
2025-07-30,107.0250015258789
2025-07-31,107.125
2025-08-01,107.3499984741211
2025-08-04,108.17500305175781
2025-08-05,108.7750015258789
2025-08-06,108.875
2025-08-07,108.7750015258789
2025-08-08,108.9000015258789
2025-08-11,109.67500305175781
2025-08-12,109.55000305175781
2025-08-13,109.625
2025-08-14,109.6500015258789
2025-08-15,90.0999984741211
2025-08-18,90.125
2025-08-19,90.1500015258789
2025-08-20,89.94999694824219
2025-08-21,89.92500305175781
2025-08-22,91.19999694824219
2025-08-25,91.4000015258789
2025-08-26,93.42500305175781
2025-08-27,93.9000015258789
2025-08-28,94.2750015258789
2025-08-29,95.0250015258789
2025-09-02,95.55000305175781
2025-09-03,93.82499694824219
2025-09-04,95.0250015258789
2025-09-05,96.0250015258789
2025-09-08,95.1500015258789
2025-09-09,96.125
2025-09-10,96.82499694824219
2025-09-11,98.17500305175781
2025-09-12,97.125
2025-09-15,97.5250015258789
2025-09-16,97.375
2025-09-17,97.32499694824219
2025-09-18,97.4749984741211
2025-09-19,97.9749984741211
2025-09-22,98.80000305175781
2025-09-23,100.5250015258789
2025-09-24,99.42500305175781
2025-09-25,100.0999984741211
2025-09-26,101.5
2025-09-29,101.1500015258789
2025-09-30,99.8499984741211
2025-10-01,98.42500305175781
2025-10-02,98.67500305175781
2025-10-03,98.9749984741211
2025-10-06,98.32499694824219
2025-10-07,97.8499984741211
2025-10-08,97.625
2025-10-09,97.0
2025-10-10,97.0
2025-10-13,97.42500305175781
2025-10-14,97.4749984741211
2025-10-15,83.5999984741211
2025-10-16,82.5999984741211
2025-10-17,82.375
2025-10-20,82.07499694824219
2025-10-21,83.2750015258789
2025-10-22,82.4000015258789
2025-10-23,81.7750015258789
2025-10-24,81.9000015258789
2025-10-27,81.5
2025-10-28,80.82499694824219
2025-10-29,80.7750015258789
2025-10-30,80.82499694824219
2025-10-31,81.2750015258789
2025-11-03,80.5999984741211
2025-11-04,79.92500305175781
2025-11-05,80.5999984741211
2025-11-06,78.9749984741211
2025-11-07,79.4000015258789
2025-11-10,82.7750015258789
2025-11-11,82.3499984741211
2025-11-12,80.625
2025-11-13,78.07499694824219
2025-11-14,78.5
2025-11-17,78.57499694824219
2025-11-18,77.9000015258789
2025-11-19,78.8499984741211
2025-11-20,79.4749984741211
2025-11-21,77.80000305175781
2025-11-24,78.19999694824219
2025-11-25,78.44999694824219
2025-11-26,80.42500305175781
2025-11-28,80.5999984741211
2025-12-01,80.2249984741211
2025-12-02,80.5
2025-12-03,80.55000305175781
2025-12-04,81.125
2025-12-05,81.6500015258789
2025-12-08,82.30000305175781
2025-12-09,82.5
2025-12-10,82.44999694824219
2025-12-11,83.4000015258789
2025-12-12,83.32499694824219
2025-12-15,83.8499984741211
2025-12-16,84.7750015258789
2025-12-17,83.0
2025-12-18,84.125
2025-12-19,84.5
2025-12-22,85.3499984741211
2025-12-23,85.9749984741211
2025-12-24,85.05000305175781
2025-12-26,84.5250015258789
2025-12-29,84.4749984741211
2025-12-30,85.44999694824219
2025-12-31,85.0999984741211
2026-01-02,84.0999984741211
2026-01-05,86.1500015258789
2026-01-06,85.67500305175781
2026-01-07,84.80000305175781
2026-01-08,85.875
2026-01-09,85.30000305175781
2026-01-12,84.42500305175781
2026-01-13,84.625
2026-01-14,85.69999694824219
2026-01-15,87.80000305175781
2026-01-16,88.2750015258789
2026-01-20,87.8499984741211
2026-01-21,87.8499984741211
2026-01-22,88.4749984741211
2026-01-23,88.3499984741211
2026-01-26,88.30000305175781
2026-01-27,89.05000305175781
2026-01-28,87.94999694824219
2026-01-29,87.69999694824219
2026-01-30,87.25
2026-02-02,87.75
2026-02-03,88.55000305175781
2026-02-04,88.0
2026-02-05,87.30000305175781
2026-02-06,87.375
2026-02-09,87.0999984741211
2026-02-10,86.8499984741211
2026-02-11,86.9000015258789
2026-02-12,86.75
2026-02-13,86.94999694824219
2026-02-17,92.30000305175781
2026-02-18,92.55000305175781
2026-02-19,93.44999694824219
2026-02-20,93.67500305175781
2026-02-23,93.69999694824219
2026-02-24,95.80000305175781
2026-02-25,96.19999694824219
2026-02-26,95.7249984741211
2026-02-27,95.7249984741211
2026-03-02,95.57499694824219
2026-03-03,95.75
2026-03-04,97.07499694824219
2026-03-05,95.67500305175781
2026-03-06,95.625
2026-03-09,94.82499694824219
2026-03-10,96.07499694824219
2026-03-11,95.19999694824219
2026-03-12,94.3499984741211
2026-03-13,93.44999694824219
2026-03-16,93.5
2026-03-17,93.7249984741211
2026-03-18,93.75
2026-03-19,92.05000305175781
2026-03-20,91.2750015258789
2026-03-23,90.80000305175781
2026-03-24,91.05000305175781
2026-03-25,90.9000015258789
2026-03-26,90.82499694824219
2026-03-27,90.7750015258789
2026-03-30,90.4749984741211
2026-03-31,90.42500305175781
2026-04-01,90.92500305175781
2026-04-02,90.3499984741211
2026-04-06,90.4749984741211
2026-04-07,90.7750015258789
2026-04-08,90.19999694824219
2026-04-09,90.67500305175781
2026-04-10,90.7249984741211
2026-04-13,90.5
2026-04-14,90.5
2026-04-15,90.69999694824219
2026-04-16,94.05000305175781
2026-04-17,93.4000015258789
2026-04-20,94.2249984741211
2026-04-21,95.4000015258789
2026-04-22,95.05000305175781
2026-04-23,95.6500015258789
2026-04-24,94.30000305175781
2026-04-27,94.375
2026-04-28,94.1500015258789
2026-04-29,95.0999984741211
2026-04-30,93.44999694824219
2026-05-01,92.82499694824219
2026-05-04,91.625
2026-05-05,92.80000305175781
2026-05-06,91.69999694824219
2026-05-07,91.5
2026-05-08,90.875
2026-05-11,90.875
2026-05-12,90.92500305175781
2026-05-13,90.9000015258789
2026-05-14,90.44999694824219
2026-05-15,98.75
2026-05-18,98.5250015258789
2026-05-19,97.92500305175781
2026-05-20,97.2750015258789
2026-05-21,95.125
2026-05-22,95.75
2026-05-26,96.125
2026-05-27,97.5999984741211
2026-05-28,96.9749984741211
2026-05-29,95.8499984741211
2026-06-01,95.0250015258789
2026-06-02,95.69999694824219
2026-06-03,96.05000305175781
2026-06-04,95.30000305175781
2026-06-05,94.30000305175781
2026-06-08,94.0250015258789
2026-06-09,93.57499694824219
2026-06-10,93.17500305175781
2026-06-11,92.7750015258789
2026-06-12,92.5250015258789
2026-06-15,96.57499694824219
2026-06-16,94.80000305175781
2026-06-17,94.6500015258789
2026-06-18,95.0250015258789
2026-06-22,94.6500015258789
2026-06-23,94.2249984741211
2026-06-24,93.8499984741211
2026-06-25,92.69999694824219
2026-06-26,92.92500305175781
2026-06-29,93.82499694824219
2026-06-30,94.32499694824219
2026-07-01,93.3499984741211
2026-07-02,93.8499984741211
2026-07-06,93.3499984741211
2026-07-07,93.44999694824219
2026-07-08,94.5
2026-07-09,94.32499694824219
2026-07-10,94.7750015258789
2026-07-13,94.7750015258789
2026-07-14,95.0999984741211
2026-07-15,95.17500305175781
2026-07-16,100.2750015258789
2026-07-17,101.6500015258789
2026-07-20,101.2750015258789
2026-07-21,101.5
2026-07-22,101.44999694824219
2026-07-23,102.1500015258789
2026-07-24,102.8499984741211
2026-07-27,102.9749984741211
2026-07-28,103.0999984741211
2026-07-29,100.67500305175781
2026-07-30,98.42500305175781
2026-07-31,98.8499984741211
2026-08-03,97.5250015258789
2026-08-04,97.8499984741211
2026-08-05,96.5999984741211
2026-08-06,95.5
2026-08-07,95.5
2026-08-10,95.69999694824219
2026-08-11,95.875
2026-08-12,95.67500305175781
2026-08-13,95.4749984741211
2026-08-14,95.4000015258789
2026-08-17,81.7249984741211
2026-08-18,80.7249984741211
2026-08-19,81.5
2026-08-20,80.2249984741211
2026-08-21,80.875
2026-08-24,81.125
2026-08-25,80.44999694824219
2026-08-26,80.9000015258789
2026-08-27,80.625
2026-08-28,81.9000015258789
2026-08-31,83.67500305175781
2026-09-01,83.6500015258789
2026-09-02,83.7750015258789
2026-09-03,83.44999694824219
2026-09-04,82.30000305175781
2026-09-08,84.25
2026-09-09,83.07499694824219
2026-09-10,83.1500015258789
2026-09-11,81.5250015258789
